research_question,experiment,condition,n,strategy,target_reach,wom,wom_receiver_scale,wom_label_delay,wom_label_coverage,wom_label_sensitivity,wom_label_specificity,contacts,user_activity,network_topology,memory_half_life,base,source_attribute_contrast,fake_repost_share_all_mean,fake_repost_share_all_sd,fake_repost_share_final100_mean,fake_repost_share_final100_sd,target_share_all_mean,target_share_all_sd,target_share_final100_mean,target_share_final100_sd,fake_repost_share_decisions_mean,fake_repost_share_decisions_sd,target_share_decisions_mean,target_share_decisions_sd,participation_rate_mean,participation_rate_sd,cumulative_fake_reposts_mean,cumulative_fake_reposts_sd,target_unique_reposters_p400_mean,target_unique_reposters_p400_sd
RQ3,E3b-recommendation-realism,discovery_control_r14_7,30,NONE,14.7,1.0,0.5,0.0,1.0,1.0,1.0,5.0,1.0,0.0,0.33,,1.0,0.15115299999999998,0.012027278592633812,0.14878000000000002,0.024273610475519316,0.0056584999999999995,0.001787161180813554,0.0027160000000000005,0.001298023962373789,0.15118001367432002,0.012029081114442371,0.005659516287191931,0.0017875015620889606,0.9998211666666665,2.46241867827569e-05,30230.6,2405.4557185267627,51.9,8.355671210579695
RQ3,E3b-recommendation-realism,discovery_credibility_r14_7,30,CREDIBILITY_CAMOUFLAGE,14.7,1.0,0.5,0.0,1.0,1.0,1.0,5.0,1.0,0.0,0.33,,1.0,0.1555975,0.01167046395304447,0.15253533333333333,0.023500270098716816,0.0142475,0.005157134621085627,0.009212,0.004527950286068018,0.15562530756439022,0.011672171013352085,0.014250059736811777,0.005158097984432035,0.9998211666666665,2.46241867827569e-05,31119.5,2334.092790608894,61.36666666666667,11.778072359505487
RQ3,E3b-recommendation-realism,discovery_informational_r14_7,30,INFORMATIONAL_CAMOUFLAGE,14.7,1.0,0.5,0.0,1.0,1.0,1.0,5.0,1.0,0.0,0.33,,1.0,0.15946483333333333,0.012094536418489173,0.15704666666666664,0.024329589382894028,0.021687666666666668,0.005917326215465046,0.01758266666666667,0.005419102186317133,0.15949334376893465,0.012096468683165357,0.021691572330909813,0.005918530104909742,0.9998211666666665,2.46241867827569e-05,31892.966666666667,2418.9072836978344,63.2,11.937769675596284
RQ3,E3b-recommendation-realism,discovery_combined_r14_7,30,"ENGAGEMENT,PROXIMITY,INFORMATIONAL_CAMOUFLAGE,CREDIBILITY_CAMOUFLAGE",14.7,1.0,0.5,0.0,1.0,1.0,1.0,5.0,1.0,0.0,0.33,,1.0,0.16909649999999996,0.012227748908203379,0.171084,0.023168764585402325,0.04183666666666667,0.010882803211816634,0.04718933333333333,0.012831892094022756,0.169126731228936,0.012229703455212007,0.041844178691793,0.010884879425282058,0.9998211666666665,2.46241867827569e-05,33819.3,2445.549781640676,75.06666666666666,13.756336053222725
RQ3,E3b-recommendation-realism,discovery_control_r5_0,30,NONE,5.0,1.0,0.5,0.0,1.0,1.0,1.0,5.0,1.0,0.0,0.33,,1.0,0.148928,0.010494700682429829,0.1462173333333333,0.025986723789914984,0.0022896666666666664,0.001019730300156601,0.0009819999999999998,0.0009627310291471645,0.14895750628695745,0.01049627927844064,0.002290128272903257,0.00101996886204509,0.9998016666666667,2.937079634877295e-05,29785.6,2098.940136485966,18.766666666666666,5.840898214660395
RQ3,E3b-recommendation-realism,discovery_credibility_r5_0,30,CREDIBILITY_CAMOUFLAGE,5.0,1.0,0.5,0.0,1.0,1.0,1.0,5.0,1.0,0.0,0.33,,1.0,0.15053316666666666,0.01030931462681747,0.14763466666666666,0.025586933051628243,0.005266666666666665,0.002502634933264419,0.003492666666666666,0.002386632215766253,0.1505630035311204,0.010311022137851601,0.005267735063165647,0.0025031903131536447,0.9998016666666667,2.937079634877295e-05,30106.633333333335,2061.862925363494,22.766666666666666,7.122975614811229
RQ3,E3b-recommendation-realism,discovery_informational_r5_0,30,INFORMATIONAL_CAMOUFLAGE,5.0,1.0,0.5,0.0,1.0,1.0,1.0,5.0,1.0,0.0,0.33,,1.0,0.1517011666666667,0.010226579018398093,0.14904933333333334,0.025152240310629948,0.0076391666666666665,0.003058997492793929,0.00603,0.0031963416588343617,0.15173123307745853,0.010228229697621017,0.007640704166885384,0.0030596852605643027,0.9998016666666667,2.937079634877295e-05,30340.233333333334,2045.3158036796196,23.233333333333334,6.4577317109473285
RQ3,E3b-recommendation-realism,discovery_combined_r5_0,30,"ENGAGEMENT,PROXIMITY,INFORMATIONAL_CAMOUFLAGE,CREDIBILITY_CAMOUFLAGE",5.0,1.0,0.5,0.0,1.0,1.0,1.0,5.0,1.0,0.0,0.33,,1.0,0.15511833333333333,0.010826001453503705,0.15422333333333332,0.02448830605275369,0.014715166666666668,0.005592085152300053,0.0165,0.00618302905345447,0.15514907685127455,0.010827769100167535,0.014718099843006626,0.005593250747025376,0.9998016666666667,2.937079634877295e-05,31023.666666666668,2165.2002907007413,27.733333333333334,9.123419403337513
RQ3,E3b-recommendation-realism,discovery_control_r1_0,30,NONE,1.0,1.0,0.5,0.0,1.0,1.0,1.0,5.0,1.0,0.0,0.33,,1.0,0.14712783333333332,0.008082233675053011,0.141412,0.022704898210708212,0.000438,0.0005099486113393157,0.00022066666666666667,0.000350427653346429,0.14715849301952003,0.008085310176600337,0.0004380947125481595,0.0005100661234025256,0.9997921666666667,2.9933355093045736e-05,29425.566666666666,1616.4467350106024,3.6,2.8235463150271594
RQ3,E3b-recommendation-realism,discovery_credibility_r1_0,30,CREDIBILITY_CAMOUFLAGE,1.0,1.0,0.5,0.0,1.0,1.0,1.0,5.0,1.0,0.0,0.33,,1.0,0.14748033333333332,0.008167718409873622,0.14174533333333333,0.022734474464904664,0.0011928333333333335,0.0013165384885957658,0.0010046666666666665,0.001231580798960351,0.14751107474369765,0.008170959995424162,0.0011930938454210722,0.0013168485648675098,0.9997921666666667,2.9933355093045736e-05,29496.066666666666,1633.5436819747244,5.1,4.146872523256283
RQ3,E3b-recommendation-realism,discovery_informational_r1_0,30,INFORMATIONAL_CAMOUFLAGE,1.0,1.0,0.5,0.0,1.0,1.0,1.0,5.0,1.0,0.0,0.33,,1.0,0.14769666666666664,0.008401424071952417,0.14195799999999997,0.02286749800104039,0.0015525000000000003,0.0018356825987758001,0.0013719999999999997,0.001808230989211508,0.14772745738941448,0.008404758936839956,0.001552847601132915,0.0018361240825486447,0.9997921666666667,2.9933355093045736e-05,29539.333333333332,1680.2848143904844,5.366666666666666,4.88123312100633
RQ3,E3b-recommendation-realism,discovery_combined_r1_0,30,"ENGAGEMENT,PROXIMITY,INFORMATIONAL_CAMOUFLAGE,CREDIBILITY_CAMOUFLAGE",1.0,1.0,0.5,0.0,1.0,1.0,1.0,5.0,1.0,0.0,0.33,,1.0,0.148534,0.008834717117809948,0.14323,0.023274180899694925,0.0031899999999999997,0.0030936099323917846,0.0039173333333333326,0.003786013218671327,0.14856497110411382,0.008838188795500608,0.0031907015133321027,0.003094334962740111,0.9997921666666667,2.9933355093045736e-05,29706.8,1766.94342356199,6.366666666666666,5.088752528749121
RQ3,E3b-recommendation-realism,flag_only_control_r14_7,30,NONE,14.7,1.0,0.5,0.0,1.0,1.0,1.0,5.0,1.0,0.0,0.33,,1.0,0.3039506666666666,0.0131813512946899,0.3274033333333333,0.020725045373825517,0.16403183333333338,0.005840067087966887,0.2021,0.005020196451713127,0.3040049734103568,0.013182404409096989,0.16406115694204595,0.005840652558471107,0.9998211666666665,2.46241867827569e-05,60790.13333333333,2636.270258937979,500.0,0.0
RQ3,E3b-recommendation-realism,flag_only_credibility_r14_7,30,CREDIBILITY_CAMOUFLAGE,14.7,1.0,0.5,0.0,1.0,1.0,1.0,5.0,1.0,0.0,0.33,,1.0,0.323193,0.011565599452240038,0.3401513333333333,0.01929598970901919,0.20927133333333334,0.004562725466008328,0.233594,0.006853197894363645,0.323250749772324,0.011566112815392845,0.20930876296931392,0.0045634052498579785,0.9998211666666665,2.46241867827569e-05,64638.6,2313.1198904480084,500.0,0.0
RQ3,E3b-recommendation-realism,flag_only_informational_r14_7,30,INFORMATIONAL_CAMOUFLAGE,14.7,1.0,0.5,0.0,1.0,1.0,1.0,5.0,1.0,0.0,0.33,,1.0,0.33061533333333337,0.010839952358125784,0.346076,0.017933315096345895,0.2270065,0.005648673501591878,0.24758066666666664,0.009410326658309582,0.33067442742337766,0.010840684593157724,0.22704714057110384,0.005651216957113761,0.9998211666666665,2.46241867827569e-05,66123.06666666667,2167.9904716251567,500.0,0.0
RQ3,E3b-recommendation-realism,flag_only_combined_r14_7,30,"ENGAGEMENT,PROXIMITY,INFORMATIONAL_CAMOUFLAGE,CREDIBILITY_CAMOUFLAGE",14.7,1.0,0.5,0.0,1.0,1.0,1.0,5.0,1.0,0.0,0.33,,1.0,0.36850716666666655,0.00892472878785577,0.37994999999999995,0.015994268585534217,0.3138606666666667,0.011320412196508159,0.32748600000000005,0.02089350214119542,0.3685730348435584,0.00892449471325373,0.31391686690151793,0.011324176097722344,0.9998211666666665,2.46241867827569e-05,73701.43333333333,1784.945757571155,500.0,0.0
RQ3,E3b-recommendation-realism,flag_only_control_r5_0,30,NONE,5.0,1.0,0.5,0.0,1.0,1.0,1.0,5.0,1.0,0.0,0.33,,1.0,0.2954546666666667,0.013826242847005397,0.32870199999999994,0.015886704352143458,0.14203683333333336,0.012933895023870644,0.20247533333333328,0.006394578918132917,0.2955132950200187,0.013829322827655489,0.1420650522040122,0.012936911174677225,0.9998016666666667,2.937079634877295e-05,59090.933333333334,2765.248569401079,500.0,0.0
RQ3,E3b-recommendation-realism,flag_only_credibility_r5_0,30,CREDIBILITY_CAMOUFLAGE,5.0,1.0,0.5,0.0,1.0,1.0,1.0,5.0,1.0,0.0,0.33,,1.0,0.3172828333333334,0.011069188494952179,0.3418533333333333,0.014200366516234792,0.1939945,0.009281241960405204,0.23353266666666664,0.006392628261674069,0.31734574394139625,0.01107052946931345,0.1940329584154482,0.009282584939168555,0.9998016666666667,2.937079634877295e-05,63456.566666666666,2213.8376989904355,500.0,0.0
RQ3,E3b-recommendation-realism,flag_only_informational_r5_0,30,INFORMATIONAL_CAMOUFLAGE,5.0,1.0,0.5,0.0,1.0,1.0,1.0,5.0,1.0,0.0,0.33,,1.0,0.32353666666666664,0.010796134871375011,0.3472906666666667,0.01384134310139644,0.20970149999999999,0.009340078744222439,0.2458126666666667,0.00838069124518535,0.32360083295248343,0.010797832470479985,0.20974309128686308,0.009341673806958065,0.9998016666666667,2.937079634877295e-05,64707.333333333336,2159.2269742750022,500.0,0.0
RQ3,E3b-recommendation-realism,flag_only_combined_r5_0,30,"ENGAGEMENT,PROXIMITY,INFORMATIONAL_CAMOUFLAGE,CREDIBILITY_CAMOUFLAGE",5.0,1.0,0.5,0.0,1.0,1.0,1.0,5.0,1.0,0.0,0.33,,1.0,0.36391016666666676,0.007285701097938736,0.38081533333333334,0.012047881122431027,0.3038366666666667,0.009082241988640792,0.32383999999999996,0.01908811076072729,0.3639823444748375,0.007286582112201785,0.3038969499421664,0.009084395292972157,0.9998016666666667,2.937079634877295e-05,72782.03333333334,1457.1402195877479,500.0,0.0
RQ3,E3b-recommendation-realism,flag_only_control_r1_0,30,NONE,1.0,1.0,0.5,0.0,1.0,1.0,1.0,5.0,1.0,0.0,0.33,,1.0,0.27070483333333334,0.020431630206674614,0.31594999999999995,0.030255978149666612,0.09035983333333333,0.031033317565307052,0.18585533333333334,0.037112377964244214,0.2707613151231377,0.020438648323975444,0.09037889702534055,0.03104038456838907,0.9997921666666667,2.9933355093045736e-05,54140.96666666667,4086.3260413349244,485.43333333333334,60.842183264309455
RQ3,E3b-recommendation-realism,flag_only_credibility_r1_0,30,CREDIBILITY_CAMOUFLAGE,1.0,1.0,0.5,0.0,1.0,1.0,1.0,5.0,1.0,0.0,0.33,,1.0,0.30217783333333337,0.01407272010587012,0.33624533333333334,0.022193249009759605,0.16215633333333335,0.02090323415553008,0.23339800000000002,0.006806828923955707,0.30224081368302474,0.014079310977445178,0.16219019935914247,0.02090866383040601,0.9997921666666667,2.9933355093045736e-05,60435.566666666666,2814.5440211740224,500.0,0.0
RQ3,E3b-recommendation-realism,flag_only_informational_r1_0,30,INFORMATIONAL_CAMOUFLAGE,1.0,1.0,0.5,0.0,1.0,1.0,1.0,5.0,1.0,0.0,0.33,,1.0,0.30987116666666664,0.013927528042874572,0.34170666666666666,0.021158910951267748,0.1813856666666667,0.01882908620914102,0.246768,0.008491320680350715,0.3099357466670199,0.013934167053530226,0.18142351103190432,0.018834244117218558,0.9997921666666667,2.9933355093045736e-05,61974.23333333333,2785.5056085749134,500.0,0.0
RQ3,E3b-recommendation-realism,flag_only_combined_r1_0,30,"ENGAGEMENT,PROXIMITY,INFORMATIONAL_CAMOUFLAGE,CREDIBILITY_CAMOUFLAGE",1.0,1.0,0.5,0.0,1.0,1.0,1.0,5.0,1.0,0.0,0.33,,1.0,0.3540921666666667,0.009271010312400888,0.37714400000000003,0.018252239087962276,0.28462199999999993,0.01578111008507454,0.329402,0.018755472102645224,0.35416591793994384,0.009278618941475471,0.2846812153288221,0.015785391283406856,0.9997921666666667,2.9933355093045736e-05,70818.43333333333,1854.2020624801783,500.0,0.0
RQ3,E3b-recommendation-realism,imperfect_fast_control_r14_7,30,NONE,14.7,1.0,0.5,5.0,0.8,0.9,0.95,5.0,1.0,0.0,0.33,,1.0,0.285698,0.014838571917530482,0.3189286666666667,0.02603033651051355,0.13668016666666669,0.01044021043546449,0.18937066666666666,0.006292578515029912,0.2857491129299676,0.014841384735359738,0.13670467277577256,0.010442830204164763,0.9998211666666665,2.46241867827569e-05,57139.6,2967.714383506096,500.0,0.0
RQ3,E3b-recommendation-realism,imperfect_fast_credibility_r14_7,30,CREDIBILITY_CAMOUFLAGE,14.7,1.0,0.5,5.0,0.8,0.9,0.95,5.0,1.0,0.0,0.33,,1.0,0.30770149999999996,0.012132767909886521,0.3339893333333333,0.025070336769719034,0.18647666666666665,0.006384376314060774,0.22539533333333328,0.008901941955254072,0.30775652005576715,0.012134412128187447,0.1865100388424353,0.006385986227156693,0.9998211666666665,2.46241867827569e-05,61540.3,2426.5535819773067,500.0,0.0
RQ3,E3b-recommendation-realism,imperfect_fast_informational_r14_7,30,INFORMATIONAL_CAMOUFLAGE,14.7,1.0,0.5,5.0,0.8,0.9,0.95,5.0,1.0,0.0,0.33,,1.0,0.31811766666666663,0.012206364417747431,0.34270333333333336,0.023475864103421163,0.20916016666666667,0.0070709669244825675,0.24589666666666662,0.011380073429656239,0.3181745686053164,0.012208531016659346,0.20919762419162197,0.007073638209284575,0.9998211666666665,2.46241867827569e-05,63623.53333333333,2441.272883549486,500.0,0.0
RQ3,E3b-recommendation-realism,imperfect_fast_combined_r14_7,30,"ENGAGEMENT,PROXIMITY,INFORMATIONAL_CAMOUFLAGE,CREDIBILITY_CAMOUFLAGE",14.7,1.0,0.5,5.0,0.8,0.9,0.95,5.0,1.0,0.0,0.33,,1.0,0.37665366666666666,0.00880689834764471,0.3980913333333333,0.021587545376959807,0.3399223333333334,0.009667512226197496,0.374892,0.019960156588425926,0.37672101224981436,0.008807306550175255,0.3399831468585878,0.009669739360566951,0.9998211666666665,2.46241867827569e-05,75330.73333333334,1761.379669528942,500.0,0.0
RQ3,E3b-recommendation-realism,imperfect_fast_control_r5_0,30,NONE,5.0,1.0,0.5,5.0,0.8,0.9,0.95,5.0,1.0,0.0,0.33,,1.0,0.26759866666666665,0.01583183931487286,0.31180266666666673,0.02476898602094456,0.1042648333333333,0.01217095287710792,0.1866553333333333,0.007309501956397217,0.26765170797927856,0.015834088331347806,0.10428554089709594,0.01217367334123377,0.9998016666666667,2.937079634877295e-05,53519.73333333333,3166.3678629745723,499.7,0.5959634332684376
RQ3,E3b-recommendation-realism,imperfect_fast_credibility_r5_0,30,CREDIBILITY_CAMOUFLAGE,5.0,1.0,0.5,5.0,0.8,0.9,0.95,5.0,1.0,0.0,0.33,,1.0,0.29564683333333336,0.013043012958677526,0.33048133333333335,0.021773377564693833,0.16473350000000003,0.008818109124664016,0.226598,0.009763939778593474,0.2957054552730714,0.013044830611477794,0.16476621311691855,0.00882063567932704,0.9998016666666667,2.937079634877295e-05,59129.36666666667,2608.6025917355055,500.0,0.0
RQ3,E3b-recommendation-realism,imperfect_fast_informational_r5_0,30,INFORMATIONAL_CAMOUFLAGE,5.0,1.0,0.5,5.0,0.8,0.9,0.95,5.0,1.0,0.0,0.33,,1.0,0.3068254999999999,0.01153269791909523,0.3382466666666667,0.01969536569564164,0.19007533333333332,0.010907619681967136,0.24631866666666666,0.010709150368222285,0.30688634091600486,0.01153415745952552,0.19011305541865792,0.010910218629254238,0.9998016666666667,2.937079634877295e-05,61365.1,2306.539583819046,500.0,0.0
RQ3,E3b-recommendation-realism,imperfect_fast_combined_r5_0,30,"ENGAGEMENT,PROXIMITY,INFORMATIONAL_CAMOUFLAGE,CREDIBILITY_CAMOUFLAGE",5.0,1.0,0.5,5.0,0.8,0.9,0.95,5.0,1.0,0.0,0.33,,1.0,0.3681586666666666,0.008697497949106556,0.39297800000000005,0.01793991684907497,0.3266198333333333,0.012147244577818189,0.3750933333333332,0.02090784068953202,0.3682316979943791,0.008699125465821328,0.32668467421012143,0.012151011637837683,0.9998016666666667,2.937079634877295e-05,73631.73333333334,1739.4995898213099,500.0,0.0
RQ3,E3b-recommendation-realism,imperfect_fast_control_r1_0,30,NONE,1.0,1.0,0.5,5.0,0.8,0.9,0.95,5.0,1.0,0.0,0.33,,1.0,0.24873,0.011955711014492986,0.28882133333333326,0.02981800748834021,0.055823833333333336,0.026705732068529633,0.13593999999999998,0.05050996869857508,0.2487817264962204,0.011958572725410434,0.055835561240347074,0.026711268242654223,0.9997921666666667,2.9933355093045736e-05,49746.0,2391.1422028985976,431.9,117.47761342133406
RQ3,E3b-recommendation-realism,imperfect_fast_credibility_r1_0,30,CREDIBILITY_CAMOUFLAGE,1.0,1.0,0.5,5.0,0.8,0.9,0.95,5.0,1.0,0.0,0.33,,1.0,0.281314,0.013091109934239526,0.32842466666666675,0.020222440033772878,0.12827366666666667,0.02564552726793845,0.22345399999999996,0.009922017522869928,0.2813724553491102,0.013093270827048555,0.12830044203632351,0.0256513978431377,0.9997921666666667,2.9933355093045736e-05,56262.8,2618.2219868479056,499.96666666666664,0.18257418583505533
RQ3,E3b-recommendation-realism,imperfect_fast_informational_r1_0,30,INFORMATIONAL_CAMOUFLAGE,1.0,1.0,0.5,5.0,0.8,0.9,0.95,5.0,1.0,0.0,0.33,,1.0,0.29398416666666666,0.013518505839909902,0.3371646666666666,0.017912734582689636,0.156645,0.02758017578899243,0.24304266666666666,0.011503178251468483,0.2940453230763808,0.013522123639421704,0.1566778338235402,0.02758702464909227,0.9997921666666667,2.9933355093045736e-05,58796.833333333336,2703.7011679819807,499.96666666666664,0.18257418583505533
RQ3,E3b-recommendation-realism,imperfect_fast_combined_r1_0,30,"ENGAGEMENT,PROXIMITY,INFORMATIONAL_CAMOUFLAGE,CREDIBILITY_CAMOUFLAGE",1.0,1.0,0.5,5.0,0.8,0.9,0.95,5.0,1.0,0.0,0.33,,1.0,0.35502316666666667,0.010372617423420364,0.39096666666666663,0.015234604288136002,0.29588666666666674,0.017423247368116394,0.370374,0.016857384056886738,0.35509690254644194,0.010372422319123055,0.29594831217953477,0.017429228249210817,0.9997921666666667,2.9933355093045736e-05,71004.63333333333,2074.5234846840726,500.0,0.0
RQ3,E3b-recommendation-realism,imperfect_delayed_control_r14_7,30,NONE,14.7,1.0,0.5,25.0,0.5,0.75,0.9,5.0,1.0,0.0,0.33,,1.0,0.22821600000000003,0.013002383362424302,0.26994399999999996,0.018232494220957296,0.06985783333333334,0.010056156090479697,0.11972933333333334,0.011640276964750106,0.22825685884658112,0.01300545786806704,0.06987034993156935,0.010058170103714164,0.9998211666666665,2.46241867827569e-05,45643.2,2600.47667248486,467.46666666666664,22.671162502073027
RQ3,E3b-recommendation-realism,imperfect_delayed_credibility_r14_7,30,CREDIBILITY_CAMOUFLAGE,14.7,1.0,0.5,25.0,0.5,0.75,0.9,5.0,1.0,0.0,0.33,,1.0,0.251817,0.01253001799817075,0.29682133333333327,0.016292151639899232,0.11813883333333333,0.008843634636955216,0.174336,0.0069899324647716725,0.25186206873774175,0.01253284549951131,0.11815996523423063,0.008845274844681207,0.9998211666666665,2.46241867827569e-05,50363.4,2506.003599634149,499.8,0.48423419811150237
RQ3,E3b-recommendation-realism,imperfect_delayed_informational_r14_7,30,INFORMATIONAL_CAMOUFLAGE,14.7,1.0,0.5,25.0,0.5,0.75,0.9,5.0,1.0,0.0,0.33,,1.0,0.26419183333333335,0.01214619775068933,0.3126746666666666,0.01623573660135277,0.1432121666666667,0.009820519218956042,0.20750866666666667,0.012475834498612972,0.26423909281061736,0.01214848570049498,0.14323777100019489,0.00982209656102377,0.9998211666666665,2.46241867827569e-05,52838.36666666667,2429.2395501378664,500.0,0.0
RQ3,E3b-recommendation-realism,imperfect_delayed_combined_r14_7,30,"ENGAGEMENT,PROXIMITY,INFORMATIONAL_CAMOUFLAGE,CREDIBILITY_CAMOUFLAGE",14.7,1.0,0.5,25.0,0.5,0.75,0.9,5.0,1.0,0.0,0.33,,1.0,0.3794996666666666,0.013969564881860342,0.4686053333333334,0.02082772418466894,0.3820786666666667,0.014557305070635159,0.5492786666666666,0.016654336441265096,0.37956754115513236,0.013971843223007553,0.38214702333572365,0.014560303604234699,0.9998211666666665,2.46241867827569e-05,75899.93333333333,2793.9129763720684,500.0,0.0
RQ3,E3b-recommendation-realism,imperfect_delayed_control_r5_0,30,NONE,5.0,1.0,0.5,25.0,0.5,0.75,0.9,5.0,1.0,0.0,0.33,,1.0,0.21578966666666666,0.014946807116856286,0.257626,0.021939926853679972,0.039992,0.012648231483301228,0.08656666666666668,0.024209997554919236,0.2158324428995168,0.014949258448078226,0.03999994195503405,0.012650774438971245,0.9998016666666667,2.937079634877295e-05,43157.933333333334,2989.3614233712574,366.3333333333333,76.88474730280441
RQ3,E3b-recommendation-realism,imperfect_delayed_credibility_r5_0,30,CREDIBILITY_CAMOUFLAGE,5.0,1.0,0.5,25.0,0.5,0.75,0.9,5.0,1.0,0.0,0.33,,1.0,0.2395715,0.015241053461078352,0.29529599999999995,0.019440357879492814,0.08987250000000002,0.012182654554027159,0.168136,0.01108635246753786,0.23961902326799328,0.01524397498765073,0.08989037994592737,0.01218542612854273,0.9998016666666667,2.937079634877295e-05,47914.3,3048.210692215669,498.76666666666665,1.5241353305225644
RQ3,E3b-recommendation-realism,imperfect_delayed_informational_r5_0,30,INFORMATIONAL_CAMOUFLAGE,5.0,1.0,0.5,25.0,0.5,0.75,0.9,5.0,1.0,0.0,0.33,,1.0,0.25068833333333335,0.015589642247412187,0.3110813333333333,0.018395380929467867,0.11239516666666666,0.012329476348987001,0.19776399999999997,0.009370532535560612,0.2507380822420355,0.01559306167890205,0.1124175601061229,0.012332922071976624,0.9998016666666667,2.937079634877295e-05,50137.666666666664,3117.9284494824374,499.9,0.30512857662936466
RQ3,E3b-recommendation-realism,imperfect_delayed_combined_r5_0,30,"ENGAGEMENT,PROXIMITY,INFORMATIONAL_CAMOUFLAGE,CREDIBILITY_CAMOUFLAGE",5.0,1.0,0.5,25.0,0.5,0.75,0.9,5.0,1.0,0.0,0.33,,1.0,0.3562921666666667,0.01804067486137985,0.46546,0.02594396348631623,0.3299366666666666,0.017555985094653004,0.5368866666666666,0.018337821728523992,0.3563629329166724,0.018046121104816338,0.33000227237845287,0.017562540362794588,0.9998016666666667,2.937079634877295e-05,71258.43333333333,3608.1349722759705,500.0,0.0
RQ3,E3b-recommendation-realism,imperfect_delayed_control_r1_0,30,NONE,1.0,1.0,0.5,25.0,0.5,0.75,0.9,5.0,1.0,0.0,0.33,,1.0,0.20401816666666667,0.0156096188008931,0.23138799999999995,0.023698949547504684,0.013853166666666665,0.011147076505812491,0.033612666666666666,0.026216218977405274,0.20406059058178141,0.01561303910332599,0.013856112009303938,0.01114957886846433,0.9997921666666667,2.9933355093045736e-05,40803.63333333333,3121.923760178621,160.73333333333332,111.16993308889101
RQ3,E3b-recommendation-realism,imperfect_delayed_credibility_r1_0,30,CREDIBILITY_CAMOUFLAGE,1.0,1.0,0.5,25.0,0.5,0.75,0.9,5.0,1.0,0.0,0.33,,1.0,0.21784050000000002,0.016783982889586463,0.26704399999999995,0.025975982753305014,0.04334116666666665,0.020458690324623677,0.10973799999999997,0.03916192322071055,0.21788592252487943,0.016789389067424866,0.0433505297418427,0.02046392797602681,0.9997921666666667,2.9933355093045736e-05,43568.1,3356.796577917292,420.03333333333336,88.92712372124342
RQ3,E3b-recommendation-realism,imperfect_delayed_informational_r1_0,30,INFORMATIONAL_CAMOUFLAGE,1.0,1.0,0.5,25.0,0.5,0.75,0.9,5.0,1.0,0.0,0.33,,1.0,0.22878183333333332,0.017539462819760102,0.2898833333333333,0.023156539604111435,0.06698183333333334,0.02331124345724587,0.15870266666666666,0.0344382997430971,0.22882949155745455,0.017544341795906283,0.0669960170236865,0.023316760733082954,0.9997921666666667,2.9933355093045736e-05,45756.36666666667,3507.892563952021,482.23333333333335,35.58446322467863
RQ3,E3b-recommendation-realism,imperfect_delayed_combined_r1_0,30,"ENGAGEMENT,PROXIMITY,INFORMATIONAL_CAMOUFLAGE,CREDIBILITY_CAMOUFLAGE",1.0,1.0,0.5,25.0,0.5,0.75,0.9,5.0,1.0,0.0,0.33,,1.0,0.31717316666666673,0.023705855361482744,0.4490206666666667,0.030112759345538205,0.2538323333333333,0.044459558390731346,0.5031899999999999,0.03850457160497645,0.3172393121212604,0.023713540197275326,0.25388560497888324,0.044471742365478996,0.9997921666666667,2.9933355093045736e-05,63434.63333333333,4741.171072296549,500.0,0.0
RQ3,E3b-recommendation-realism,scale0_25_control_r14_7,30,NONE,14.7,1.0,0.25,5.0,0.8,0.9,0.95,5.0,1.0,0.0,0.33,,1.0,0.2816605,0.01401443672825793,0.316386,0.02564850692703587,0.1289625,0.009283188619664902,0.18282733333333334,0.006263621258055745,0.281710867120426,0.014016617328297756,0.12898558555328396,0.009285096748002248,0.9998211666666665,2.46241867827569e-05,56332.1,2802.8873456515857,500.0,0.0
RQ3,E3b-recommendation-realism,scale0_25_credibility_r14_7,30,CREDIBILITY_CAMOUFLAGE,14.7,1.0,0.25,5.0,0.8,0.9,0.95,5.0,1.0,0.0,0.33,,1.0,0.305663,0.012537774619676059,0.3343066666666667,0.024396332869332318,0.1828018333333333,0.00631145803736912,0.224748,0.009317934653500023,0.30571764630789156,0.012539284197943997,0.18283453725780496,0.00631274921210002,0.9998211666666665,2.46241867827569e-05,61132.6,2507.5549239352113,500.0,0.0
RQ3,E3b-recommendation-realism,scale0_25_informational_r14_7,30,INFORMATIONAL_CAMOUFLAGE,14.7,1.0,0.25,5.0,0.8,0.9,0.95,5.0,1.0,0.0,0.33,,1.0,0.31750966666666663,0.011889088081190203,0.3442866666666667,0.02315719078509895,0.20840883333333338,0.008057509528312742,0.24824266666666664,0.01241336624808901,0.3175664537769763,0.011891021122729589,0.2084461504418441,0.008060007750443701,0.9998211666666665,2.46241867827569e-05,63501.933333333334,2377.81761623804,500.0,0.0
RQ3,E3b-recommendation-realism,scale0_25_combined_r14_7,30,"ENGAGEMENT,PROXIMITY,INFORMATIONAL_CAMOUFLAGE,CREDIBILITY_CAMOUFLAGE",14.7,1.0,0.25,5.0,0.8,0.9,0.95,5.0,1.0,0.0,0.33,,1.0,0.3931610000000001,0.009335980860128717,0.4185799999999999,0.022522733955441247,0.3786045,0.01286228383418102,0.42180400000000007,0.026822651981307608,0.39323128671232954,0.009336048837483972,0.3786722258318354,0.012864803575172648,0.9998211666666665,2.46241867827569e-05,78632.2,1867.1961720257425,500.0,0.0
RQ3,E3b-recommendation-realism,scale1_0_control_r14_7,30,NONE,14.7,1.0,1.0,5.0,0.8,0.9,0.95,5.0,1.0,0.0,0.33,,1.0,0.2969163333333333,0.013160833935775407,0.32378,0.024582139296932492,0.15792883333333335,0.007363274979215446,0.202664,0.005064939390997959,0.29696944214872634,0.01316315486091208,0.1579571165324601,0.00736534378756919,0.9998211666666665,2.46241867827569e-05,59383.26666666667,2632.1667871550803,500.0,0.0
RQ3,E3b-recommendation-realism,scale1_0_credibility_r14_7,30,CREDIBILITY_CAMOUFLAGE,14.7,1.0,1.0,5.0,0.8,0.9,0.95,5.0,1.0,0.0,0.33,,1.0,0.3142250000000001,0.011278886745015945,0.33585533333333334,0.024083688389380506,0.1971613333333333,0.005097797687665508,0.23080000000000006,0.006290459113774526,0.31428118915040265,0.011280433728650988,0.19719660910227169,0.005099092584515905,0.9998211666666665,2.46241867827569e-05,62845.0,2255.7773490031905,500.0,0.0
RQ3,E3b-recommendation-realism,scale1_0_informational_r14_7,30,INFORMATIONAL_CAMOUFLAGE,14.7,1.0,1.0,5.0,0.8,0.9,0.95,5.0,1.0,0.0,0.33,,1.0,0.32134900000000005,0.010840557022207126,0.3413926666666666,0.022936070362600505,0.21350666666666665,0.004877093243495258,0.2433886666666667,0.007977967390141479,0.32140647114399024,0.010842244772250294,0.21354488229116037,0.004879180076968144,0.9998211666666665,2.46241867827569e-05,64269.8,2168.1114044414244,500.0,0.0
RQ3,E3b-recommendation-realism,scale1_0_combined_r14_7,30,"ENGAGEMENT,PROXIMITY,INFORMATIONAL_CAMOUFLAGE,CREDIBILITY_CAMOUFLAGE",14.7,1.0,1.0,5.0,0.8,0.9,0.95,5.0,1.0,0.0,0.33,,1.0,0.34905466666666657,0.009540016349777553,0.36466266666666675,0.021383850647293326,0.2758768333333333,0.004695346097069339,0.29749466666666663,0.010544783882395926,0.3491170668471714,0.00954039764181209,0.27592615736934983,0.004694909218862281,0.9998211666666665,2.46241867827569e-05,69810.93333333333,1908.0032699555102,500.0,0.0
RQ3,E3c-combined-legacy-policies,disabled_combined_r14_7,30,"ENGAGEMENT,PROXIMITY,INFORMATIONAL_CAMOUFLAGE,CREDIBILITY_CAMOUFLAGE",14.7,0.0,0.5,0.0,1.0,1.0,1.0,5.0,1.0,0.0,0.33,,1.0,0.15582833333333335,0.014510343417436889,0.15547066666666665,0.027601530558927383,0.03794616666666668,0.007255228160500504,0.03941133333333334,0.00765978244641692,0.16756843214980646,0.015881798897384513,0.040786988471623827,0.007740179417325966,0.9301333333333335,0.012483736546439892,31165.666666666668,2902.0686834873777,40.46666666666667,4.775897340008352
RQ3,E3c-combined-legacy-policies,disabled_combined_r5_0,30,"ENGAGEMENT,PROXIMITY,INFORMATIONAL_CAMOUFLAGE,CREDIBILITY_CAMOUFLAGE",5.0,0.0,0.5,0.0,1.0,1.0,1.0,5.0,1.0,0.0,0.33,,1.0,0.14035649999999997,0.010177752711606855,0.14104466666666668,0.021243492591173994,0.014194833333333332,0.0050016360225728996,0.014791333333333333,0.005273307365848557,0.15229851778469067,0.01083543213384456,0.015425453521171048,0.005486620106534659,0.9216000000000002,0.013281046905140854,28071.3,2035.550542321371,14.266666666666667,3.6287485572789446
RQ3,E3c-combined-legacy-policies,disabled_combined_r1_0,30,"ENGAGEMENT,PROXIMITY,INFORMATIONAL_CAMOUFLAGE,CREDIBILITY_CAMOUFLAGE",1.0,0.0,0.5,0.0,1.0,1.0,1.0,5.0,1.0,0.0,0.33,,1.0,0.13635766666666668,0.01196648046472494,0.13316333333333333,0.023253545867292988,0.002513833333333333,0.001931335380138497,0.0026226666666666672,0.002006436080996959,0.14851392855884413,0.013039862582070254,0.0027289405100630756,0.0020860265203140197,0.9182666666666667,0.014041645775761261,27271.533333333333,2393.2960929449887,2.8,1.7300587990805003
RQ3,E3c-combined-legacy-policies,oracle_combined_r14_7,30,"ENGAGEMENT,PROXIMITY,INFORMATIONAL_CAMOUFLAGE,CREDIBILITY_CAMOUFLAGE",14.7,1.0,0.5,0.0,1.0,1.0,1.0,5.0,1.0,0.0,0.33,,1.0,0.09968600000000001,0.015258333754559088,0.09887066666666668,0.03669433169919538,0.004745166666666667,0.0022490793071577213,0.0049906666666666676,0.004739572898940138,0.09970354448574266,0.015261930073458269,0.004746006944446432,0.002249501953746005,0.9998253333333335,3.120934136610262e-05,19937.2,3051.666750911818,167.83333333333334,59.48171746548412
RQ3,E3c-combined-legacy-policies,oracle_combined_r5_0,30,"ENGAGEMENT,PROXIMITY,INFORMATIONAL_CAMOUFLAGE,CREDIBILITY_CAMOUFLAGE",5.0,1.0,0.5,0.0,1.0,1.0,1.0,5.0,1.0,0.0,0.33,,1.0,0.09838716666666666,0.017614856713587815,0.0926693333333333,0.03891310451491253,0.0022295,0.0018094056701885139,0.0030113333333333333,0.004591003746709302,0.098406413660687,0.017618331855952206,0.002229941813947087,0.0018097896341261594,0.9998039999999998,3.320261726284853e-05,19677.433333333334,3522.971342717564,84.9,62.70585409617697
RQ3,E3c-combined-legacy-policies,oracle_combined_r1_0,30,"ENGAGEMENT,PROXIMITY,INFORMATIONAL_CAMOUFLAGE,CREDIBILITY_CAMOUFLAGE",1.0,1.0,0.5,0.0,1.0,1.0,1.0,5.0,1.0,0.0,0.33,,1.0,0.09379083333333334,0.010374444487274497,0.100098,0.03109446268477994,0.0006235000000000001,0.0013060549639909943,0.0011693333333333334,0.0034577917343531425,0.09380991816753308,0.01037572427106144,0.0006236248962736488,0.001306331087964216,0.9997956666666666,3.510411443939407e-05,18758.166666666668,2074.8888974549,24.4,49.61757197078332
RQ4,E4c-structural-sensitivity,top0_a0_25_control,10,NONE,,1.0,0.5,0.0,1.0,1.0,1.0,5.0,0.25,0.0,0.33,,1.0,0.076479,0.0024461248264687316,0.07733799999999999,0.004582958287685659,0.047429,0.0005958271561451355,0.04838,0.0017381471616510365,0.30648679954201546,0.009424600628818763,0.19007857937938583,0.002538971417083303,0.24952649999999998,0.0007345030443927546,15295.8,489.2249652937457,500.0,0.0
RQ4,E4c-structural-sensitivity,top0_a0_25_credibility,10,CREDIBILITY_CAMOUFLAGE,,1.0,0.5,0.0,1.0,1.0,1.0,5.0,0.25,0.0,0.33,,1.0,0.0766295,0.0024069072479013373,0.07749400000000001,0.004416726288905745,0.047906,0.000662687290088203,0.048806,0.0016771947478519656,0.3070904280449908,0.009277484524433277,0.19198957109772846,0.0027462725524590717,0.24952649999999998,0.0007345030443927546,15325.9,481.3814495802679,500.0,0.0
RQ4,E4c-structural-sensitivity,top0_a0_25_combined,10,"ENGAGEMENT,PROXIMITY,INFORMATIONAL_CAMOUFLAGE,CREDIBILITY_CAMOUFLAGE",,1.0,0.5,0.0,1.0,1.0,1.0,5.0,0.25,0.0,0.33,,1.0,0.0773185,0.0025111164515675757,0.078176,0.004522082116311761,0.0497485,0.0008809403120151404,0.050366,0.0016749938640020284,0.30985239032822537,0.009733331733833265,0.19937572063789835,0.0037261721281074407,0.24952649999999998,0.0007345030443927546,15463.7,502.2232903135152,500.0,0.0
RQ4,E4c-structural-sensitivity,top0_a0_5_control,10,NONE,,1.0,0.5,0.0,1.0,1.0,1.0,5.0,0.5,0.0,0.33,,1.0,0.12094900000000001,0.010193856210700857,0.110146,0.024923846769264523,0.0649175,0.005446992161836761,0.060372,0.012867226930807156,0.24185352414654457,0.020602577225552587,0.12981102196077723,0.01100877835451268,0.50013,0.001329626096147165,24189.8,2038.7712421401716,500.0,0.0
RQ4,E4c-structural-sensitivity,top0_a0_5_credibility,10,CREDIBILITY_CAMOUFLAGE,,1.0,0.5,0.0,1.0,1.0,1.0,5.0,0.5,0.0,0.33,,1.0,0.1225685,0.011047502495536666,0.11283999999999998,0.02574843943491203,0.06739550000000001,0.006317080659256738,0.063556,0.013875083343093033,0.2450978048065579,0.02236475202302199,0.1347689574018331,0.012773951756957742,0.50013,0.001329626096147165,24513.7,2209.5004991073333,500.0,0.0
RQ4,E4c-structural-sensitivity,top0_a0_5_combined,10,"ENGAGEMENT,PROXIMITY,INFORMATIONAL_CAMOUFLAGE,CREDIBILITY_CAMOUFLAGE",,1.0,0.5,0.0,1.0,1.0,1.0,5.0,0.5,0.0,0.33,,1.0,0.12869150000000001,0.0099128127104941,0.11833200000000002,0.02424048441026797,0.0771245,0.005386064039104376,0.07261399999999998,0.013960353545348022,0.25734030511602163,0.0201317057996424,0.15422051086725425,0.01093730665895811,0.50013,0.001329626096147165,25738.3,1982.5625420988194,500.0,0.0
RQ4,E4c-structural-sensitivity,top0_a1_0_control,10,NONE,,1.0,0.5,0.0,1.0,1.0,1.0,5.0,1.0,0.0,0.33,,1.0,0.10287549999999998,0.016414663744144544,0.086946,0.025541184258630868,0.0118285,0.0030156978646925336,0.007313999999999999,0.004644203555688174,0.10287549999999998,0.016414663744144544,0.0118285,0.0030156978646925336,1.0,0.0,20575.1,3282.9327488289086,453.8,25.46369965264278
RQ4,E4c-structural-sensitivity,top0_a1_0_credibility,10,CREDIBILITY_CAMOUFLAGE,,1.0,0.5,0.0,1.0,1.0,1.0,5.0,1.0,0.0,0.33,,1.0,0.103047,0.016583509747805363,0.087176,0.025902349614572717,0.012532499999999999,0.0036071412580540225,0.007862000000000001,0.005380412623581949,0.103047,0.016583509747805363,0.012532500000000002,0.0036071412580540225,1.0,0.0,20609.4,3316.701949561073,459.8,25.572554732672987
RQ4,E4c-structural-sensitivity,top0_a1_0_combined,10,"ENGAGEMENT,PROXIMITY,INFORMATIONAL_CAMOUFLAGE,CREDIBILITY_CAMOUFLAGE",,1.0,0.5,0.0,1.0,1.0,1.0,5.0,1.0,0.0,0.33,,1.0,0.10993599999999999,0.01750741474664695,0.08846799999999999,0.02666034791804322,0.018366,0.007096813760805306,0.01004,0.007139038217201717,0.109936,0.01750741474664695,0.018366,0.007096813760805306,1.0,0.0,21987.2,3501.48294932939,474.9,25.817522043070756
RQ4,E4c-structural-sensitivity,top1_a0_25_control,10,NONE,,1.0,0.5,0.0,1.0,1.0,1.0,5.0,0.25,1.0,0.33,,1.0,0.0764425,0.0022803328826194545,0.07504999999999999,0.0065515545229103194,0.047174499999999994,0.0006936195322765616,0.047704,0.002371662333095127,0.30626468965429654,0.009073026230539962,0.1890091107849136,0.003121321331037477,0.249596,0.0007884717989743015,15288.5,456.0665765238911,500.0,0.0
RQ4,E4c-structural-sensitivity,top1_a0_25_credibility,10,CREDIBILITY_CAMOUFLAGE,,1.0,0.5,0.0,1.0,1.0,1.0,5.0,0.25,1.0,0.33,,1.0,0.07659849999999999,0.002165831954597485,0.07535800000000001,0.0064614442829929435,0.0475755,0.0006526461096524227,0.048234,0.0024283153739898685,0.30688969223131674,0.008611339537984656,0.19061499666704346,0.002930268913613569,0.249596,0.0007884717989743015,15319.7,433.16639091949673,500.0,0.0
RQ4,E4c-structural-sensitivity,top1_a0_25_combined,10,"ENGAGEMENT,PROXIMITY,INFORMATIONAL_CAMOUFLAGE,CREDIBILITY_CAMOUFLAGE",,1.0,0.5,0.0,1.0,1.0,1.0,5.0,0.25,1.0,0.33,,1.0,0.07728650000000001,0.002317746810542038,0.076,0.0061445115527779945,0.049318,0.0007259445953759538,0.050078,0.0025312526543195967,0.30964570212543163,0.009203265083655304,0.19759634262465567,0.003204825110954189,0.249596,0.0007884717989743015,15457.3,463.5493621084071,500.0,0.0
RQ4,E4c-structural-sensitivity,top1_a0_5_control,10,NONE,,1.0,0.5,0.0,1.0,1.0,1.0,5.0,0.5,1.0,0.33,,1.0,0.1319315,0.010436049712947476,0.14057199999999997,0.01070590781868694,0.070676,0.004056428916615641,0.075926,0.0029727062118921578,0.2637962655958725,0.02093950561268356,0.1413169404120867,0.008185191604826511,0.500139,0.0012669556687850937,26386.3,2087.2099425894953,500.0,0.0
RQ4,E4c-structural-sensitivity,top1_a0_5_credibility,10,CREDIBILITY_CAMOUFLAGE,,1.0,0.5,0.0,1.0,1.0,1.0,5.0,0.5,1.0,0.33,,1.0,0.1329135,0.010700878481591024,0.14168000000000003,0.011301067796156842,0.07275250000000001,0.0037802970562289596,0.07776,0.003434789335283577,0.2657606063477641,0.02147160846328156,0.14547054254096503,0.007672006838872834,0.500139,0.0012669556687850937,26582.7,2140.1756963182047,500.0,0.0
RQ4,E4c-structural-sensitivity,top1_a0_5_combined,10,"ENGAGEMENT,PROXIMITY,INFORMATIONAL_CAMOUFLAGE,CREDIBILITY_CAMOUFLAGE",,1.0,0.5,0.0,1.0,1.0,1.0,5.0,0.5,1.0,0.33,,1.0,0.13776149999999998,0.010560892757401404,0.146066,0.011978770294891613,0.081622,0.0037751719607632887,0.087026,0.00356697257255131,0.27544982878197777,0.021145075663200834,0.1632001762979124,0.007576307489428514,0.500139,0.0012669556687850937,27552.3,2112.17855148028,500.0,0.0
RQ4,E4c-structural-sensitivity,top1_a1_0_control,10,NONE,,1.0,0.5,0.0,1.0,1.0,1.0,5.0,1.0,1.0,0.33,,1.0,0.10543399999999999,0.01764768395254428,0.095552,0.03879199940422996,0.012035500000000001,0.0027590703446390536,0.007626000000000001,0.0039038106739156526,0.10543399999999999,0.017647683952544277,0.012035500000000001,0.002759070344639054,1.0,0.0,21086.8,3529.5367905088556,452.0,26.153393661244042
RQ4,E4c-structural-sensitivity,top1_a1_0_credibility,10,CREDIBILITY_CAMOUFLAGE,,1.0,0.5,0.0,1.0,1.0,1.0,5.0,1.0,1.0,0.33,,1.0,0.10534650000000001,0.01757128308253745,0.09549,0.03864583145552557,0.0125475,0.0028586800081311812,0.00799,0.00402664735094705,0.10534650000000001,0.017571283082537442,0.0125475,0.002858680008131181,1.0,0.0,21069.3,3514.2566165074895,455.8,23.083423585864477
RQ4,E4c-structural-sensitivity,top1_a1_0_combined,10,"ENGAGEMENT,PROXIMITY,INFORMATIONAL_CAMOUFLAGE,CREDIBILITY_CAMOUFLAGE",,1.0,0.5,0.0,1.0,1.0,1.0,5.0,1.0,1.0,0.33,,1.0,0.108984,0.01846010981669514,0.09807600000000001,0.04030277277475253,0.017809,0.004678208821523232,0.011304,0.006205515825994376,0.108984,0.01846010981669514,0.017809,0.004678208821523231,1.0,0.0,21796.8,3692.021963339029,473.6,23.070905198250603
RQ4,E4b-global-sensitivity,m01_control,10,NONE,11.275,1.0,0.625,0.0,1.0,1.0,1.0,8.0,1.0,0.0,0.6510704071726416,1.25,0.75,0.1315125,0.0135686759875662,0.121556,0.02984236183682518,0.0006455,0.0002171590558911959,9.400000000000001e-05,7.18331399842719e-05,0.13153567581391512,0.013571274682799268,0.000645613808134987,0.0002172025914445535,0.9998239999999999,3.33999334663529e-05,26302.5,2713.7351975132397,33.4,5.910442735813734
RQ4,E4b-global-sensitivity,m01_credibility,10,CREDIBILITY_CAMOUFLAGE,11.275,1.0,0.625,0.0,1.0,1.0,1.0,8.0,1.0,0.0,0.6510704071726416,1.25,0.75,0.131577,0.013602098735121726,0.121552,0.02985224681661331,0.0008155,0.0003038864005585713,0.000126,8.846845012017939e-05,0.13160018730101064,0.013604707974545018,0.0008156424655711943,0.00030394525909062094,0.9998239999999999,3.33999334663529e-05,26315.4,2720.4197470243444,37.2,7.004760286167305
RQ4,E4b-global-sensitivity,m01_combined,10,"ENGAGEMENT,PROXIMITY,INFORMATIONAL_CAMOUFLAGE,CREDIBILITY_CAMOUFLAGE",11.275,1.0,0.625,0.0,1.0,1.0,1.0,8.0,1.0,0.0,0.6510704071726416,1.25,0.75,0.132274,0.013859361417067128,0.12183600000000001,0.029851378229861045,0.0021255,0.0007440372227845116,0.000582,0.0006364799027987188,0.13229731104867662,0.013862028413604198,0.002125875163120953,0.0007441898124717592,0.9998239999999999,3.33999334663529e-05,26454.8,2771.8722834134255,70.4,17.263963752407626
RQ4,E4b-global-sensitivity,m02_control,10,NONE,11.275,1.0,0.625,0.0,1.0,1.0,1.0,8.0,1.0,0.0,0.6510704071726416,1.25,0.75,0.1321785,0.013622743452281068,0.12161200000000001,0.029872697605375757,0.000716,0.0002645310315760075,9.400000000000001e-05,7.18331399842719e-05,0.13220178730055582,0.013625291619447843,0.0007161258902459135,0.0002645802539266212,0.9998239999999999,3.33999334663529e-05,26435.7,2724.548690456213,34.7,6.700746227100382
RQ4,E4b-global-sensitivity,m02_credibility,10,CREDIBILITY_CAMOUFLAGE,11.275,1.0,0.625,0.0,1.0,1.0,1.0,8.0,1.0,0.0,0.6510704071726416,1.25,0.75,0.13224550000000002,0.013648607875693563,0.12160200000000002,0.029875209269373978,0.0008905,0.0003286288855904856,0.000126,8.846845012017939e-05,0.13226879968039323,0.013651170241948084,0.0008906553628393278,0.00032868974005379576,0.9998239999999999,3.33999334663529e-05,26449.1,2729.7215751387134,38.6,7.574812062208394
RQ4,E4b-global-sensitivity,m02_combined,10,"ENGAGEMENT,PROXIMITY,INFORMATIONAL_CAMOUFLAGE,CREDIBILITY_CAMOUFLAGE",11.275,1.0,0.625,0.0,1.0,1.0,1.0,8.0,1.0,0.0,0.6510704071726416,1.25,0.75,0.133001,0.013955390197180286,0.12189199999999997,0.0298777571670521,0.002313,0.0008448379200243743,0.0005780000000000002,0.0006274781979390909,0.13302443501038214,0.013958037145802031,0.002313409126915182,0.0008450155331317288,0.9998239999999999,3.33999334663529e-05,26600.2,2791.0780394360568,75.5,20.72706228849402
RQ4,E4b-global-sensitivity,m03_control,10,NONE,11.275,1.0,0.8125,0.0,1.0,1.0,1.0,8.0,1.0,0.0,0.6510704071726416,1.25,0.75,0.1317865,0.013615761097998808,0.121798,0.03006522309912235,0.0006584999999999999,0.0002155748130000348,0.0001,8.589399151150086e-05,0.13180972117664325,0.013618342224813633,0.0006586160210308751,0.00021561560721904566,0.9998239999999999,3.33999334663529e-05,26357.3,2723.152219599762,34.8,4.589843860815601
RQ4,E4b-global-sensitivity,m03_credibility,10,CREDIBILITY_CAMOUFLAGE,11.275,1.0,0.8125,0.0,1.0,1.0,1.0,8.0,1.0,0.0,0.6510704071726416,1.25,0.75,0.1318575,0.013603048524748659,0.12180200000000001,0.030079156976957393,0.0008240000000000001,0.00028681972658022595,0.00013,0.00011440668201153677,0.13188073255345661,0.01360561685696569,0.0008241425152904115,0.00028686644266180536,0.9998239999999999,3.33999334663529e-05,26371.5,2720.6097049497316,38.9,7.385421074281713
RQ4,E4b-global-sensitivity,m03_combined,10,"ENGAGEMENT,PROXIMITY,INFORMATIONAL_CAMOUFLAGE,CREDIBILITY_CAMOUFLAGE",11.275,1.0,0.8125,0.0,1.0,1.0,1.0,8.0,1.0,0.0,0.6510704071726416,1.25,0.75,0.1323875,0.01390208762300748,0.121882,0.03014331906815248,0.0018695,0.0009494894827104604,0.000376,0.0004262289421321728,0.13241083010190727,0.013904761407830831,0.0018698321455801175,0.0009496922697155194,0.9998239999999999,3.33999334663529e-05,26477.5,2780.417524601496,64.7,25.29404848751755
RQ4,E4b-global-sensitivity,m04_control,10,NONE,11.275,1.0,0.8125,0.0,1.0,1.0,1.0,8.0,1.0,0.0,0.6510704071726416,1.25,0.75,0.1568905,0.013167803843297314,0.146208,0.03376905907944596,0.0007595,0.0002047688398604089,0.000198,0.00021998989875800104,0.15691814011417904,0.013170339714974746,0.0007596332490351612,0.00020480616396222574,0.9998239999999999,3.33999334663529e-05,31378.1,2633.560768659463,37.3,5.143496432929215
RQ4,E4b-global-sensitivity,m04_credibility,10,CREDIBILITY_CAMOUFLAGE,11.275,1.0,0.8125,0.0,1.0,1.0,1.0,8.0,1.0,0.0,0.6510704071726416,1.25,0.75,0.156968,0.01315988500456342,0.146208,0.03376116796294557,0.0009635000000000002,0.0003243716147329239,0.00022799999999999999,0.00023948092014002098,0.1569956528312692,0.013162408723825552,0.0009636658968012295,0.00032442097745096296,0.9998239999999999,3.33999334663529e-05,31393.6,2631.9770009126855,41.9,8.198238293140248
RQ4,E4b-global-sensitivity,m04_combined,10,"ENGAGEMENT,PROXIMITY,INFORMATIONAL_CAMOUFLAGE,CREDIBILITY_CAMOUFLAGE",11.275,1.0,0.8125,0.0,1.0,1.0,1.0,8.0,1.0,0.0,0.6510704071726416,1.25,0.75,0.1576565,0.013377705967184518,0.14642000000000002,0.033857118076476095,0.002337,0.0009318357032104842,0.000682,0.00039479389841057857,0.15768427565629542,0.013380291279736221,0.0023374082506800063,0.0009320127021542994,0.9998239999999999,3.33999334663529e-05,31531.3,2675.541193436905,78.2,25.027984337537053
RQ4,E4b-global-sensitivity,m05_control,10,NONE,11.275,1.0,0.8125,0.0,1.0,1.0,1.0,8.0,1.0,0.0,0.6510704071726416,1.325,0.75,0.156487,0.01312704062443456,0.145362,0.03347554258128031,0.0006219999999999999,0.00018094197965093674,8.4e-05,0.00015514867421641447,0.156514559395276,0.013129443652054994,0.0006221077091622825,0.00018096920622286808,0.9998239999999999,3.33999334663529e-05,31297.4,2625.408124886914,32.8,5.633234713140696
RQ4,E4b-global-sensitivity,m05_credibility,10,CREDIBILITY_CAMOUFLAGE,11.275,1.0,0.8125,0.0,1.0,1.0,1.0,8.0,1.0,0.0,0.6510704071726416,1.325,0.75,0.1566075,0.013184284679117027,0.145368,0.03348057506475458,0.0008269999999999999,0.00023589310196687728,0.00010999999999999999,0.00014794894014114767,0.15663508071663274,0.01318670016227839,0.0008271423751560937,0.00023592845267982605,0.9998239999999999,3.33999334663529e-05,31321.5,2636.856935823406,35.9,5.971227307309239
RQ4,E4b-global-sensitivity,m05_combined,10,"ENGAGEMENT,PROXIMITY,INFORMATIONAL_CAMOUFLAGE,CREDIBILITY_CAMOUFLAGE",11.275,1.0,0.8125,0.0,1.0,1.0,1.0,8.0,1.0,0.0,0.6510704071726416,1.325,0.75,0.15746749999999998,0.01364953341693408,0.14555600000000002,0.03366629676364446,0.002299,0.0012471830481350986,0.00047400000000000003,0.0007078637659261217,0.1574952321813883,0.01365203589389281,0.002299397217736362,0.0012474008298555418,0.9998239999999999,3.33999334663529e-05,31493.5,2729.906683386815,73.2,30.95803611342296
RQ4,E4b-global-sensitivity,m06_control,10,NONE,11.275,1.0,0.8125,0.0,1.0,1.0,1.0,8.0,1.0,0.0,1.2845232578665131,1.325,0.75,0.15795299999999995,0.0130708805280202,0.14501199999999997,0.03340792613870081,0.0008315,0.00022655695874449663,2.0000000000000003e-06,6.324555320336758e-06,0.1579808208985178,0.013073318644912938,0.0008316432803743013,0.00022658802113938528,0.9998239999999999,3.33999334663529e-05,31590.6,2614.1761056040414,34.0,4.2946995755750415
RQ4,E4b-global-sensitivity,m06_credibility,10,CREDIBILITY_CAMOUFLAGE,11.275,1.0,0.8125,0.0,1.0,1.0,1.0,8.0,1.0,0.0,1.2845232578665131,1.325,0.75,0.1580515,0.013111864019107104,0.14501199999999997,0.03340792613870081,0.0010955,0.00033104590148329716,2.0000000000000003e-06,6.324555320336758e-06,0.1580793391245048,0.01311431977256098,0.0010956890460380388,0.00033109634658382735,0.9998239999999999,3.33999334663529e-05,31610.3,2622.3728038214213,34.8,3.7653389990514508
RQ4,E4b-global-sensitivity,m06_combined,10,"ENGAGEMENT,PROXIMITY,INFORMATIONAL_CAMOUFLAGE,CREDIBILITY_CAMOUFLAGE",11.275,1.0,0.8125,0.0,1.0,1.0,1.0,8.0,1.0,0.0,1.2845232578665131,1.325,0.75,0.15961699999999998,0.01324639577813947,0.14527400000000001,0.03343578528729029,0.004385,0.0023189006015782564,0.00051,0.0009280924283472825,0.15964512797675467,0.013249051195474657,0.004385793617664085,0.0023194133352499756,0.9998239999999999,3.33999334663529e-05,31923.4,2649.2791556278935,77.3,29.94457843713579
RQ4,E4b-global-sensitivity,m07_control,10,NONE,14.7,1.0,0.8125,0.0,1.0,1.0,1.0,8.0,1.0,0.0,1.2845232578665131,1.325,0.75,0.15173599999999998,0.01252057014143791,0.142002,0.029364983606707872,0.000992,0.0003737363895700938,0.0,0.0,0.15176200638625004,0.012523274550199281,0.0009921664488524288,0.0003737936218222747,0.9998290000000001,3.5885620766246484e-05,30347.2,2504.114028287583,43.0,9.649409884086753
RQ4,E4b-global-sensitivity,m07_credibility,10,CREDIBILITY_CAMOUFLAGE,14.7,1.0,0.8125,0.0,1.0,1.0,1.0,8.0,1.0,0.0,1.2845232578665131,1.325,0.75,0.151831,0.012535178011411633,0.142002,0.029364983606707872,0.0013375,0.0005950595208324402,0.0,0.0,0.1518570238120949,0.01253790176244204,0.0013377243214284691,0.0005951504048999033,0.9998290000000001,3.5885620766246484e-05,30366.2,2507.035602282327,45.6,12.447221912271562
RQ4,E4b-global-sensitivity,m07_combined,10,"ENGAGEMENT,PROXIMITY,INFORMATIONAL_CAMOUFLAGE,CREDIBILITY_CAMOUFLAGE",14.7,1.0,0.8125,0.0,1.0,1.0,1.0,8.0,1.0,0.0,1.2845232578665131,1.325,0.75,0.15422299999999997,0.013496711163176831,0.14278000000000005,0.029359947017814747,0.0056605,0.004036370378611622,0.00108,0.001864117306752269,0.15424941746681303,0.013499367654205615,0.005661445936386694,0.004037052233160311,0.9998290000000001,3.5885620766246484e-05,30844.6,2699.342232635367,103.7,55.89086588065074
RQ4,E4b-global-sensitivity,m08_control,10,NONE,14.7,1.0,0.8125,0.0,1.0,1.0,1.0,8.0,1.0,0.0,1.2845232578665131,1.325,0.75,0.15179250000000002,0.01254620798178566,0.142002,0.029364983606707872,0.000992,0.0003737363895700938,0.0,0.0,0.15181851617049397,0.012548917112879816,0.0009921664488524288,0.0003737936218222747,0.9998290000000001,3.5885620766246484e-05,30358.5,2509.241596357132,43.0,9.649409884086753
RQ4,E4b-global-sensitivity,m08_credibility,10,CREDIBILITY_CAMOUFLAGE,14.7,1.0,0.8125,0.0,1.0,1.0,1.0,8.0,1.0,0.0,1.2845232578665131,1.325,0.75,0.15190099999999998,0.012560536480049988,0.142002,0.029364983606707872,0.0013375,0.0005950595208324402,0.0,0.0,0.15192703605680463,0.012563267295491691,0.0013377243214284691,0.0005951504048999033,0.9998290000000001,3.5885620766246484e-05,30380.2,2512.1072960099987,45.6,12.447221912271562
RQ4,E4b-global-sensitivity,m08_combined,10,"ENGAGEMENT,PROXIMITY,INFORMATIONAL_CAMOUFLAGE,CREDIBILITY_CAMOUFLAGE",14.7,1.0,0.8125,0.0,1.0,1.0,1.0,8.0,1.0,0.0,1.2845232578665131,1.325,0.75,0.154518,0.01358555773197732,0.142856,0.029271036575806847,0.005530500000000001,0.003620664035167521,0.0009419999999999999,0.0018213413860241699,0.1545444625413401,0.01358815133717288,0.005531411648125872,0.0036212205914139327,0.9998290000000001,3.5885620766246484e-05,30903.6,2717.111546395465,104.0,51.927299606704416
RQ4,E4b-global-sensitivity,m09_control,10,NONE,14.7,1.0,0.8125,0.0,1.0,1.0,1.0,10.0,1.0,0.0,1.2845232578665131,1.325,0.75,0.15231899999999998,0.01667196945641262,0.15904999999999997,0.0276290656133476,0.001119,0.00039500210969900735,2.0000000000000003e-06,6.324555320336758e-06,0.15234726159016557,0.016675884543504386,0.0011192050956979475,0.00039506377226553854,0.9998149999999999,2.2730302828301285e-05,30463.8,3334.3938912825256,44.5,9.033886821911768
RQ4,E4b-global-sensitivity,m09_credibility,10,CREDIBILITY_CAMOUFLAGE,14.7,1.0,0.8125,0.0,1.0,1.0,1.0,10.0,1.0,0.0,1.2845232578665131,1.325,0.75,0.152451,0.016687305854051655,0.159042,0.027635118478727995,0.0015625,0.0005992785013849756,0.0,0.0,0.15247928709263867,0.016691234232876096,0.0015627859606801952,0.0005993710858183761,0.9998149999999999,2.2730302828301285e-05,30490.2,3337.4611708103316,46.7,10.52035064899349
RQ4,E4b-global-sensitivity,m09_combined,10,"ENGAGEMENT,PROXIMITY,INFORMATIONAL_CAMOUFLAGE,CREDIBILITY_CAMOUFLAGE",14.7,1.0,0.8125,0.0,1.0,1.0,1.0,10.0,1.0,0.0,1.2845232578665131,1.325,0.75,0.15480500000000003,0.01643466390826955,0.159168,0.02759021759005656,0.005848999999999999,0.0032202698299642184,0.00016400000000000003,0.00024672071479936805,0.15483371190563955,0.016438463213273403,0.005850063841826682,0.003220781859596574,0.9998149999999999,2.2730302828301285e-05,30961.0,3286.9327816539103,108.0,48.83077353927997
RQ4,E4b-global-sensitivity,m10_control,10,NONE,14.7,1.0,0.8125,0.0,1.0,1.0,1.0,10.0,1.0,0.0,1.2845232578665131,1.325,0.75,0.153377,0.017087817980460034,0.159052,0.027626732947153437,0.00118,0.00042230189306808566,2.0000000000000003e-06,6.324555320336758e-06,0.15340546507227062,0.017091861971679653,0.001180216610392658,0.00042237170323523605,0.9998149999999999,2.2730302828301285e-05,30675.4,3417.5635960920076,45.7,8.743886753358346
RQ4,E4b-global-sensitivity,m10_credibility,10,CREDIBILITY_CAMOUFLAGE,14.7,1.0,0.8125,0.0,1.0,1.0,1.0,10.0,1.0,0.0,1.2845232578665131,1.325,0.75,0.15351949999999998,0.017080524557713875,0.15904400000000002,0.027632786966854346,0.0016130000000000003,0.0005983087274420567,0.0,0.0,0.15354799326040808,0.017084584532002893,0.0016132949622903099,0.0005984012296686984,0.9998149999999999,2.2730302828301285e-05,30703.9,3416.1049115427745,48.0,10.687479694587598
RQ4,E4b-global-sensitivity,m10_combined,10,"ENGAGEMENT,PROXIMITY,INFORMATIONAL_CAMOUFLAGE,CREDIBILITY_CAMOUFLAGE",14.7,1.0,0.8125,0.0,1.0,1.0,1.0,10.0,1.0,0.0,1.2845232578665131,1.325,0.75,0.1560925,0.01721323541961566,0.15951600000000002,0.027900030744706275,0.0062245,0.003477004977147877,0.000796,0.001955705044791321,0.15612145771056174,0.01721721769937764,0.006225633047068387,0.0034775742477687627,0.9998149999999999,2.2730302828301285e-05,31218.5,3442.647083923132,112.9,51.24548760622734
RQ4,E4b-global-sensitivity,m11_control,10,NONE,14.7,1.0,0.8125,0.0,1.0,1.0,1.0,10.0,1.0,0.0,1.2845232578665131,1.325,0.875,0.153351,0.017276104048977912,0.159122,0.02759194640953528,0.0011129999999999998,0.0003500333317461829,2.0000000000000003e-06,6.324555320336758e-06,0.153379463182405,0.0172801996350305,0.0011132048182825487,0.0003500928573677495,0.9998149999999999,2.2730302828301285e-05,30670.2,3455.220809795583,44.2,7.495183638696105
RQ4,E4b-global-sensitivity,m11_credibility,10,CREDIBILITY_CAMOUFLAGE,14.7,1.0,0.8125,0.0,1.0,1.0,1.0,10.0,1.0,0.0,1.2845232578665131,1.325,0.875,0.153545,0.017254557368996747,0.159122,0.02759194640953528,0.0016150000000000001,0.0006140801612529462,2.0000000000000003e-06,6.324555320336758e-06,0.153573497883703,0.017258638491031583,0.0016152941994242338,0.0006141715531731015,0.9998149999999999,2.2730302828301285e-05,30709.0,3450.9114737993496,45.4,8.342661445845685
RQ4,E4b-global-sensitivity,m11_combined,10,"ENGAGEMENT,PROXIMITY,INFORMATIONAL_CAMOUFLAGE,CREDIBILITY_CAMOUFLAGE",14.7,1.0,0.8125,0.0,1.0,1.0,1.0,10.0,1.0,0.0,1.2845232578665131,1.325,0.875,0.15634350000000002,0.017510629795450913,0.15956,0.02750676522845486,0.006708,0.004242496120603216,0.0007080000000000001,0.0013073195647753631,0.1563724948253906,0.017514574471547743,0.006709203208529221,0.004243185451585988,0.9998149999999999,2.2730302828301285e-05,31268.7,3502.125959090183,112.7,51.76238445477995
RQ4,E4b-global-sensitivity,m12_control,10,NONE,7.85,1.0,0.8125,0.0,1.0,1.0,1.0,7.0,1.0,0.0,0.33,1.325,0.75,0.09168,0.015667638090450433,0.093844,0.02539918073919358,0.0020695,0.0009428987514869003,0.0019140000000000001,0.0010203724810087737,0.09169886916866857,0.015671670901225895,0.0020699240057259673,0.0009431023657941136,0.9997959999999999,2.8067379246700386e-05,18336.0,3133.527618090087,62.8,17.485231863871103
RQ4,E4b-global-sensitivity,m12_credibility,10,CREDIBILITY_CAMOUFLAGE,7.85,1.0,0.8125,0.0,1.0,1.0,1.0,7.0,1.0,0.0,0.33,1.325,0.75,0.09129699999999999,0.015071750469743793,0.094052,0.025203058368204266,0.0024485,0.001209141224175241,0.002486,0.001301931897860509,0.09131578656583425,0.01507564719959526,0.00244900371265202,0.0012094014633165912,0.9997959999999999,2.8067379246700386e-05,18259.4,3014.3500939487585,75.8,25.253382611708343
RQ4,E4b-global-sensitivity,m12_combined,10,"ENGAGEMENT,PROXIMITY,INFORMATIONAL_CAMOUFLAGE,CREDIBILITY_CAMOUFLAGE",7.85,1.0,0.8125,0.0,1.0,1.0,1.0,7.0,1.0,0.0,0.33,1.325,0.75,0.0938665,0.017250266350600695,0.09653199999999998,0.027020191955893526,0.0060615,0.004622322077580584,0.006793999999999999,0.004310019850431215,0.0938858318225805,0.017254654945791002,0.006062765479981105,0.004623336474231333,0.9997959999999999,2.8067379246700386e-05,18773.3,3450.053270120139,178.3,95.2797635037647
RQ4,E4b-global-sensitivity,m13_control,10,NONE,7.85,1.0,0.8125,0.0,1.0,1.0,1.0,8.0,1.0,0.0,0.33,1.325,0.75,0.08830049999999999,0.008172912390601313,0.08596999999999999,0.020819894865782156,0.001893,0.0004418785655207397,0.0015660000000000001,0.0007843496952536187,0.08831662823743844,0.008174084902126838,0.0018933445921953018,0.0004419472451198575,0.9998170000000002,3.465704994818208e-05,17660.1,1634.5824781202623,56.4,11.768130220595323
RQ4,E4b-global-sensitivity,m13_credibility,10,CREDIBILITY_CAMOUFLAGE,7.85,1.0,0.8125,0.0,1.0,1.0,1.0,8.0,1.0,0.0,0.33,1.325,0.75,0.0885415,0.008065409010087461,0.08626400000000001,0.020627599203225006,0.002325,0.0005612189115369034,0.002246,0.001182466349063121,0.08855767401887019,0.008066569527182526,0.002325426823334292,0.0005613215426665364,0.9998170000000002,3.465704994818208e-05,17708.3,1613.0818020174922,73.6,22.97438186812046
RQ4,E4b-global-sensitivity,m13_combined,10,"ENGAGEMENT,PROXIMITY,INFORMATIONAL_CAMOUFLAGE,CREDIBILITY_CAMOUFLAGE",7.85,1.0,0.8125,0.0,1.0,1.0,1.0,8.0,1.0,0.0,0.33,1.325,0.75,0.09011149999999998,0.008361780130118495,0.08803,0.02065920779378209,0.0047374999999999995,0.0025214394588100753,0.005141999999999999,0.00313617530689143,0.09012794643716544,0.008362804065841264,0.004738342316368843,0.0025218227607450984,0.9998170000000002,3.465704994818208e-05,18022.3,1672.3560260236986,147.1,73.4354591915014
RQ4,E4b-global-sensitivity,m14_control,10,NONE,7.85,1.0,0.8125,0.0,1.0,1.0,1.0,8.0,1.0,0.0,0.33,1.325,0.75,0.1225595,0.01736714321962916,0.119196,0.026908400670918122,0.0034695000000000004,0.0010312194776627868,0.0037360000000000006,0.0019173314789049912,0.12258189498573055,0.017369976196411594,0.0034701340294802435,0.0010314032401009766,0.9998170000000002,3.465704994818208e-05,24511.9,3473.428643925832,86.4,20.150544519800068
RQ4,E4b-global-sensitivity,m14_credibility,10,CREDIBILITY_CAMOUFLAGE,7.85,1.0,0.8125,0.0,1.0,1.0,1.0,8.0,1.0,0.0,0.33,1.325,0.75,0.1230125,0.017333810450164217,0.11996199999999999,0.027346553632140846,0.0045655,0.0010673941529621464,0.005494000000000001,0.002739295124256928,0.12303498439381444,0.01733669591891645,0.004566344246152254,0.0010676336092838585,0.9998170000000002,3.465704994818208e-05,24602.5,3466.7620900328434,120.4,25.578636919637972
RQ4,E4b-global-sensitivity,m14_combined,10,"ENGAGEMENT,PROXIMITY,INFORMATIONAL_CAMOUFLAGE,CREDIBILITY_CAMOUFLAGE",7.85,1.0,0.8125,0.0,1.0,1.0,1.0,8.0,1.0,0.0,0.33,1.325,0.75,0.1272265,0.019351077640104002,0.12675200000000003,0.03089491320949489,0.0121155,0.005629197421578951,0.018237999999999997,0.011038777911425603,0.1272497183717362,0.019354094279050816,0.012117678944777919,0.005630184328919412,0.9998170000000002,3.465704994818208e-05,25445.3,3870.2155280208017,304.9,88.06872316549162
RQ4,E4b-global-sensitivity,m15_control,10,NONE,7.85,1.0,0.8125,0.0,1.0,1.0,1.0,8.0,1.0,0.0,0.33,1.4,0.75,0.11813150000000001,0.017319287426001233,0.11274999999999999,0.02471857286423398,0.002379,0.0012599312150536894,0.002248,0.002012498723257014,0.11815306634575182,0.017321947900067757,0.002379433934028407,0.0012601759297368358,0.9998170000000002,3.465704994818208e-05,23626.3,3463.8574852002466,70.2,31.828708215487897
RQ4,E4b-global-sensitivity,m15_credibility,10,CREDIBILITY_CAMOUFLAGE,7.85,1.0,0.8125,0.0,1.0,1.0,1.0,8.0,1.0,0.0,0.33,1.4,0.75,0.11849349999999999,0.017937208077376792,0.11310800000000001,0.024906231616471673,0.0036475,0.002789258413987489,0.003718,0.003911981026993299,0.11851513456382183,0.017940002506975732,0.003648162733543904,0.002789769395484709,0.9998170000000002,3.465704994818208e-05,23698.7,3587.4416154753576,109.3,72.92774201602265
RQ4,E4b-global-sensitivity,m15_combined,10,"ENGAGEMENT,PROXIMITY,INFORMATIONAL_CAMOUFLAGE,CREDIBILITY_CAMOUFLAGE",7.85,1.0,0.8125,0.0,1.0,1.0,1.0,8.0,1.0,0.0,0.33,1.4,0.75,0.12241500000000001,0.020967880463010822,0.11846000000000001,0.029075648459378056,0.009596499999999999,0.007865482979448878,0.011884,0.010724007542788181,0.12243735004311836,0.020971236894312732,0.009598257681246752,0.007866880297384339,0.9998170000000002,3.465704994818208e-05,24483.0,4193.576092602165,246.7,141.33337264150396
RQ4,E4b-global-sensitivity,m16_control,10,NONE,7.85,1.0,1.0,0.0,1.0,1.0,1.0,8.0,1.0,0.0,0.33,1.4,0.75,0.1339245,0.02056164477451484,0.13047000000000003,0.03602711478872545,0.005985,0.002796044825582499,0.007639999999999999,0.004762184372743248,0.13394883603107016,0.02056407217694067,0.005986067371158765,0.002796445489400023,0.9998170000000002,3.465704994818208e-05,26784.9,4112.328954902968,123.1,42.23334648776433
RQ4,E4b-global-sensitivity,m16_credibility,10,CREDIBILITY_CAMOUFLAGE,7.85,1.0,1.0,0.0,1.0,1.0,1.0,8.0,1.0,0.0,0.33,1.4,0.75,0.1338505,0.01898438429195017,0.133242,0.03654357088919107,0.008442,0.0040011013761491,0.011882,0.005549546127587572,0.133874867667632,0.01898681795409884,0.00844353189353101,0.004001784171472443,0.9998170000000002,3.465704994818208e-05,26770.1,3796.8768583900346,191.4,74.14730084245969
RQ4,E4b-global-sensitivity,m16_combined,10,"ENGAGEMENT,PROXIMITY,INFORMATIONAL_CAMOUFLAGE,CREDIBILITY_CAMOUFLAGE",7.85,1.0,1.0,0.0,1.0,1.0,1.0,8.0,1.0,0.0,0.33,1.4,0.75,0.140526,0.02182560585897013,0.144674,0.03975060815747212,0.022032999999999997,0.009623331659161613,0.035674000000000004,0.01964746644679099,0.14055160611083392,0.0218287227233868,0.02203701251477767,0.009624903946979103,0.9998170000000002,3.465704994818208e-05,28105.2,4365.121171794025,404.8,91.16992681556542
RQ4,E4b-global-sensitivity,m17_control,10,NONE,7.85,1.0,1.0,0.0,1.0,1.0,1.0,8.0,1.0,0.0,0.33,1.4,0.75,0.13437800000000003,0.02067761661528932,0.131098,0.0361291552935053,0.005817,0.0025571459785384866,0.007374,0.004106580626804306,0.13440241635571432,0.020680049891604633,0.0058180413021150625,0.0025575165835913147,0.9998170000000002,3.465704994818208e-05,26875.6,4135.523323057864,120.4,38.63274374010845
RQ4,E4b-global-sensitivity,m17_credibility,10,CREDIBILITY_CAMOUFLAGE,7.85,1.0,1.0,0.0,1.0,1.0,1.0,8.0,1.0,0.0,0.33,1.4,0.75,0.136322,0.02083081760810704,0.13493,0.03696427855225757,0.009232500000000001,0.005194317541527686,0.013046000000000002,0.008214745820102341,0.13634676560002928,0.020833211239935142,0.009234154887682046,0.0051951332884616185,0.9998170000000002,3.465704994818208e-05,27264.4,4166.163521621408,201.4,87.48358576200326
RQ4,E4b-global-sensitivity,m17_combined,10,"ENGAGEMENT,PROXIMITY,INFORMATIONAL_CAMOUFLAGE,CREDIBILITY_CAMOUFLAGE",7.85,1.0,1.0,0.0,1.0,1.0,1.0,8.0,1.0,0.0,0.33,1.4,0.75,0.14219949999999998,0.022976447173621566,0.14591200000000001,0.041144289410696,0.022018500000000003,0.010319446865559757,0.034208,0.01943964151475593,0.1422254130962603,0.022979811682022344,0.022022514943491767,0.010321142916684964,0.9998170000000002,3.465704994818208e-05,28439.9,4595.289434724312,397.2,99.92308152885509
RQ4,E4b-global-sensitivity,m18_control,10,NONE,7.85,1.0,1.0,0.0,1.0,1.0,1.0,8.0,1.0,0.0,0.33,1.4,0.75,0.134301,0.017367394546486625,0.13314399999999998,0.034997371075871156,0.005771,0.001980471043856879,0.007318,0.003245296767802771,0.1343254712192002,0.01736965194116459,0.005772037134681204,0.0019807489417995295,0.9998170000000002,3.465704994818208e-05,26860.2,3473.4789092973247,122.0,33.169597860423664
RQ4,E4b-global-sensitivity,m18_credibility,10,CREDIBILITY_CAMOUFLAGE,7.85,1.0,1.0,0.0,1.0,1.0,1.0,8.0,1.0,0.0,0.33,1.4,0.75,0.13411299999999998,0.016564771890303163,0.13701000000000002,0.03505598474820907,0.0080705,0.003573011062892971,0.011692,0.0051753277942346585,0.13413749083252574,0.01656735024931433,0.008071980369393694,0.0035736765240794673,0.9998170000000002,3.465704994818208e-05,26822.6,3312.9543780606323,187.4,86.6156259959291
RQ4,E4b-global-sensitivity,m18_combined,10,"ENGAGEMENT,PROXIMITY,INFORMATIONAL_CAMOUFLAGE,CREDIBILITY_CAMOUFLAGE",7.85,1.0,1.0,0.0,1.0,1.0,1.0,8.0,1.0,0.0,0.33,1.4,0.75,0.1424725,0.01928303806313841,0.14781799999999998,0.03977643015097704,0.021623,0.008235179685012613,0.033589999999999995,0.01803446884903092,0.14249852493446116,0.019286199273672106,0.02162695505003468,0.008236627085003027,0.9998170000000002,3.465704994818208e-05,28494.5,3856.6076126276807,401.2,92.27109815947546
RQ4,E4b-global-sensitivity,m19_control,10,NONE,7.85,1.0,1.0,0.0,1.0,1.0,1.0,8.0,1.0,0.0,0.33,1.4,0.75,0.135628,0.016667239356827446,0.135818,0.0362971433831614,0.0060244999999999995,0.002264018612506924,0.007942000000000001,0.004696347990134936,0.1356527634565556,0.016669790544742238,0.006025591616240837,0.002264417634461485,0.9998170000000002,3.465704994818208e-05,27125.6,3333.447871365489,131.3,43.92430357381257
RQ4,E4b-global-sensitivity,m19_credibility,10,CREDIBILITY_CAMOUFLAGE,7.85,1.0,1.0,0.0,1.0,1.0,1.0,8.0,1.0,0.0,0.33,1.4,0.75,0.1372525,0.017895077263811343,0.14008199999999998,0.037989826064940654,0.00947,0.005298767152209402,0.01401,0.010932586356596706,0.137277586818942,0.017898166303444825,0.009471750619666926,0.005299848594072743,0.9998170000000002,3.465704994818208e-05,27450.5,3579.0154527622694,209.5,101.66857921698326
RQ4,E4b-global-sensitivity,m19_combined,10,"ENGAGEMENT,PROXIMITY,INFORMATIONAL_CAMOUFLAGE,CREDIBILITY_CAMOUFLAGE",7.85,1.0,1.0,0.0,1.0,1.0,1.0,8.0,1.0,0.0,0.33,1.4,0.75,0.145928,0.018428646812322747,0.15013,0.04075554031866915,0.0227065,0.00860220031606901,0.033861999999999996,0.018040843660982155,0.14595464772223848,0.01843158982331714,0.022710666571969667,0.008603808414300149,0.9998170000000002,3.465704994818208e-05,29185.6,3685.7293624645495,407.8,81.52136734214739
RQ4,E4b-global-sensitivity,m20_control,10,NONE,7.85,1.0,1.0,0.0,1.0,1.0,1.0,8.0,1.0,0.0,0.33,1.4,0.875,0.12562900000000002,0.01466211118647122,0.122166,0.026298591512770326,0.0035255,0.0013193126366912937,0.003778,0.0024251176374674188,0.12565200296140835,0.0146649164941565,0.003526148851036022,0.0013195543540151498,0.9998170000000002,3.465704994818208e-05,25125.8,2932.4222372942436,87.6,28.23000767504914
RQ4,E4b-global-sensitivity,m20_credibility,10,CREDIBILITY_CAMOUFLAGE,7.85,1.0,1.0,0.0,1.0,1.0,1.0,8.0,1.0,0.0,0.33,1.4,0.875,0.126905,0.014618702442799466,0.12377,0.025793879118891756,0.005667,0.0017873835626412142,0.006646000000000001,0.0029190416996755023,0.12692823137854076,0.014621415137004958,0.005668046987653634,0.0017877454116259795,0.9998170000000002,3.465704994818208e-05,25381.0,2923.7404885598935,155.4,48.68994876882817
RQ4,E4b-global-sensitivity,m20_combined,10,"ENGAGEMENT,PROXIMITY,INFORMATIONAL_CAMOUFLAGE,CREDIBILITY_CAMOUFLAGE",7.85,1.0,1.0,0.0,1.0,1.0,1.0,8.0,1.0,0.0,0.33,1.4,0.875,0.1336005,0.016532232229798858,0.134708,0.03331346501208049,0.015264499999999997,0.00521114161623386,0.022356,0.011656467160622325,0.13362494867662086,0.01653532554825529,0.015267313340454808,0.005212229077799516,0.9998170000000002,3.465704994818208e-05,26720.1,3306.446445959771,365.1,71.89877143132095
RQ4,E4b-global-sensitivity,m21_control,10,NONE,11.275,1.0,1.0,0.0,1.0,1.0,1.0,8.0,1.0,0.0,0.33,1.4,0.875,0.12621200000000002,0.016959691460767923,0.121296,0.03307618384544653,0.004654,0.0020697863550510603,0.005352,0.003225470852793778,0.12623429013395862,0.016963208414236392,0.004654809152897852,0.0020700897578842734,0.9998239999999999,3.33999334663529e-05,25242.4,3391.938292153585,117.8,40.36445080623405
RQ4,E4b-global-sensitivity,m21_credibility,10,CREDIBILITY_CAMOUFLAGE,11.275,1.0,1.0,0.0,1.0,1.0,1.0,8.0,1.0,0.0,0.33,1.4,0.875,0.12774649999999999,0.017435949461130903,0.12332200000000001,0.03241550033891537,0.0070950000000000015,0.0035423242526780507,0.008948000000000001,0.004219565011809735,0.12776904398454983,0.017439360914599245,0.007096213269010297,0.0035428081372277176,0.9998239999999999,3.33999334663529e-05,25549.3,3487.189892226181,190.7,79.61302238536943
RQ4,E4b-global-sensitivity,m21_combined,10,"ENGAGEMENT,PROXIMITY,INFORMATIONAL_CAMOUFLAGE,CREDIBILITY_CAMOUFLAGE",11.275,1.0,1.0,0.0,1.0,1.0,1.0,8.0,1.0,0.0,0.33,1.4,0.875,0.13447299999999998,0.02102429536406763,0.13238599999999998,0.03620837969310419,0.016738999999999997,0.008449524246962074,0.022177999999999996,0.013331781409682485,0.13449674808442413,0.021028457284324502,0.016741938167728947,0.008450919362733494,0.9998239999999999,3.33999334663529e-05,26894.6,4204.859072813526,361.2,128.872719292245
RQ4,E4b-global-sensitivity,m22_control,10,NONE,11.275,1.0,1.0,0.0,1.0,1.0,1.0,8.0,1.0,0.0,0.6510704071726416,1.4,0.875,0.105775,0.013283456921215117,0.099012,0.02768442032784665,0.00047400000000000003,8.546604263942755e-05,0.0,0.0,0.10579359401463644,0.013285610270793504,0.00047408416792723456,8.548675358488373e-05,0.9998239999999999,3.33999334663529e-05,21155.0,2656.691384243023,29.3,4.164666186436129
RQ4,E4b-global-sensitivity,m22_credibility,10,CREDIBILITY_CAMOUFLAGE,11.275,1.0,1.0,0.0,1.0,1.0,1.0,8.0,1.0,0.0,0.6510704071726416,1.4,0.875,0.10587250000000001,0.013250619534782349,0.099012,0.02768442032784665,0.000628,0.00010392839415246976,0.0,0.0,0.10589111153287527,0.013252767187452353,0.0006281116979831885,0.00010395367380849485,0.9998239999999999,3.33999334663529e-05,21174.5,2650.1239069564695,31.3,5.229191567005787
RQ4,E4b-global-sensitivity,m22_combined,10,"ENGAGEMENT,PROXIMITY,INFORMATIONAL_CAMOUFLAGE,CREDIBILITY_CAMOUFLAGE",11.275,1.0,1.0,0.0,1.0,1.0,1.0,8.0,1.0,0.0,0.6510704071726416,1.4,0.875,0.106385,0.0132529267207914,0.099012,0.02768442032784665,0.0013115,0.00022911726740300963,0.0,0.0,0.10640370138919548,0.01325506462891217,0.0013117326401478992,0.0002291680874865189,0.9998239999999999,3.33999334663529e-05,21277.0,2650.58534415828,50.1,9.146341102077681
RQ4,E4b-global-sensitivity,m23_control,10,NONE,4.425,1.0,0.8125,0.0,1.0,1.0,1.0,5.0,1.0,0.0,0.6510704071726416,1.325,0.75,0.074993,0.010317796976314488,0.06805,0.03226285962389433,0.00017900000000000001,4.993328882953068e-05,1.6e-05,3.864367132317184e-05,0.07500772287053992,0.010319531426943857,0.0001790344668656811,4.994001426554902e-05,0.9998034999999998,3.712217067405793e-05,14998.6,2063.559395262898,11.5,3.3747427885527643
RQ4,E4b-global-sensitivity,m23_credibility,10,CREDIBILITY_CAMOUFLAGE,4.425,1.0,0.8125,0.0,1.0,1.0,1.0,5.0,1.0,0.0,0.6510704071726416,1.325,0.75,0.0750195,0.010309925759512853,0.068052,0.03226369435345763,0.00023,7.724420150837645e-05,2e-05,5.0771820705759394e-05,0.07503422793403694,0.010311657878099999,0.00023004494657639582,7.725788026223526e-05,0.9998034999999998,3.712217067405793e-05,15003.9,2061.9851519025706,11.8,3.2930904093942583
RQ4,E4b-global-sensitivity,m23_combined,10,"ENGAGEMENT,PROXIMITY,INFORMATIONAL_CAMOUFLAGE,CREDIBILITY_CAMOUFLAGE",4.425,1.0,0.8125,0.0,1.0,1.0,1.0,5.0,1.0,0.0,0.6510704071726416,1.325,0.75,0.075076,0.010297819024757945,0.068054,0.03226453030117679,0.000379,0.00019867337796270317,3.0000000000000004e-05,8.178562764256866e-05,0.07509073972906036,0.010299555814103656,0.00037907183923525055,0.0001987008533848191,0.9998034999999998,3.712217067405793e-05,15015.2,2059.5638049515887,14.5,6.50213640104372
RQ4,E4b-global-sensitivity,m24_control,10,NONE,4.425,1.0,0.8125,0.0,1.0,1.0,1.0,5.0,1.0,0.0,1.2845232578665131,1.325,0.75,0.07663,0.010007277629583164,0.068,0.0322490309931942,0.0002945,0.00010136430447757347,0.0,0.0,0.0766450448208588,0.010008955963543535,0.0002945577466460048,0.00010138410525181875,0.9998034999999998,3.712217067405793e-05,15326.0,2001.455525916632,13.0,4.618802153517006
RQ4,E4b-global-sensitivity,m24_credibility,10,CREDIBILITY_CAMOUFLAGE,4.425,1.0,0.8125,0.0,1.0,1.0,1.0,5.0,1.0,0.0,1.2845232578665131,1.325,0.75,0.0766725,0.010012429844392863,0.068,0.0322490309931942,0.00038200000000000007,0.0001775794032100695,0.0,0.0,0.07668755219969045,0.010014099716396694,0.0003820736371322229,0.00017761158304356267,0.9998034999999998,3.712217067405793e-05,15334.5,2002.4859688785725,14.0,5.185449728701348
RQ4,E4b-global-sensitivity,m24_combined,10,"ENGAGEMENT,PROXIMITY,INFORMATIONAL_CAMOUFLAGE,CREDIBILITY_CAMOUFLAGE",4.425,1.0,0.8125,0.0,1.0,1.0,1.0,5.0,1.0,0.0,1.2845232578665131,1.325,0.75,0.0771185,0.009850699086866883,0.068,0.0322490309931942,0.0011884999999999999,0.0008938028927627786,0.0,0.0,0.0771336353680941,0.009852306885134018,0.0011887234231772934,0.0008939545340988495,0.9998034999999998,3.712217067405793e-05,15423.7,1970.1398173733762,26.0,14.727148022916348
RQ4,E4b-global-sensitivity,m25_control,10,NONE,7.85,1.0,0.8125,0.0,1.0,1.0,1.0,5.0,1.0,0.0,1.2845232578665131,1.325,0.75,0.07661799999999999,0.00890118693708254,0.081,0.030713731999438512,0.000454,0.00014889966793485844,0.0,0.0,0.07663251893334412,0.008902825133614772,0.0004540865119257361,0.00014892786237851482,0.9998104999999999,3.609016486523383e-05,15323.6,1780.2373874165085,22.4,3.4058772731852804
RQ4,E4b-global-sensitivity,m25_credibility,10,CREDIBILITY_CAMOUFLAGE,7.85,1.0,0.8125,0.0,1.0,1.0,1.0,5.0,1.0,0.0,1.2845232578665131,1.325,0.75,0.0766625,0.008943898680727053,0.081,0.030713731999438512,0.0005905,0.000257158079355438,0.0,0.0,0.0766770262470743,0.008945534110318825,0.0005906119243013333,0.00025720645550896594,0.9998104999999999,3.609016486523383e-05,15332.5,1788.7797361454104,24.1,3.6651512019742563
RQ4,E4b-global-sensitivity,m25_combined,10,"ENGAGEMENT,PROXIMITY,INFORMATIONAL_CAMOUFLAGE,CREDIBILITY_CAMOUFLAGE",7.85,1.0,0.8125,0.0,1.0,1.0,1.0,5.0,1.0,0.0,1.2845232578665131,1.325,0.75,0.0772365,0.008832920131845164,0.081,0.030713731999438512,0.001694,0.0008435138146797334,0.0,0.0,0.07725112769070959,0.008834470973318785,0.0016943081630545653,0.0008436428670708739,0.9998104999999999,3.609016486523383e-05,15447.3,1766.5840263690322,41.3,13.0728726758888
RQ4,E4b-global-sensitivity,m26_control,10,NONE,7.85,1.0,0.8125,0.0,1.0,1.0,1.0,7.0,1.0,0.0,1.2845232578665131,1.325,0.75,0.0816175,0.010976556900453297,0.08300199999999999,0.02311776700096943,0.0004540000000000001,9.78036581910695e-05,0.0,0.0,0.0816342967518249,0.010979746091447407,0.0004540920639822519,9.781956310903684e-05,0.9997959999999999,2.8067379246700386e-05,16323.5,2195.3113800906594,20.5,3.5978388574871505
RQ4,E4b-global-sensitivity,m26_credibility,10,CREDIBILITY_CAMOUFLAGE,7.85,1.0,0.8125,0.0,1.0,1.0,1.0,7.0,1.0,0.0,1.2845232578665131,1.325,0.75,0.081687,0.010961650372498152,0.083006,0.023113347851163597,0.0006205,0.0001455535411226169,0.0,0.0,0.08170381169008703,0.010964844997330877,0.0006206263186344039,0.00014557885985032532,0.9997959999999999,2.8067379246700386e-05,16337.4,2192.3300744996304,21.5,4.1163630117428225
RQ4,E4b-global-sensitivity,m26_combined,10,"ENGAGEMENT,PROXIMITY,INFORMATIONAL_CAMOUFLAGE,CREDIBILITY_CAMOUFLAGE",7.85,1.0,0.8125,0.0,1.0,1.0,1.0,7.0,1.0,0.0,1.2845232578665131,1.325,0.75,0.082297,0.010757977195241367,0.08300199999999999,0.02311776700096943,0.0016829999999999998,0.0006377442887065141,0.0,0.0,0.08231393306720088,0.010761144256876055,0.0016833405901061672,0.0006378658135972942,0.9997959999999999,2.8067379246700386e-05,16459.4,2151.595439048274,37.2,14.289078968841126
RQ4,E4b-global-sensitivity,m27_control,10,NONE,7.85,1.0,0.8125,0.0,1.0,1.0,1.0,7.0,1.0,0.0,1.2845232578665131,1.325,0.875,0.08147099999999999,0.010920844696674743,0.08301,0.023107011441936356,0.00038599999999999995,0.00015997916531015324,0.0,0.0,0.08148776792359991,0.010924035245115716,0.0003860776884212089,0.00016000561960168578,0.9997959999999999,2.8067379246700386e-05,16294.2,2184.168939334949,19.6,3.9496835316263
RQ4,E4b-global-sensitivity,m27_credibility,10,CREDIBILITY_CAMOUFLAGE,7.85,1.0,0.8125,0.0,1.0,1.0,1.0,7.0,1.0,0.0,1.2845232578665131,1.325,0.875,0.0815665,0.010917256485338553,0.08301,0.023107011441936356,0.00057,0.00019091883092036785,0.0,0.0,0.08158328704499664,0.010920444796128645,0.0005701151886814009,0.00019095047733583439,0.9997959999999999,2.8067379246700386e-05,16313.3,2183.4512970677106,20.5,4.453463071962462
RQ4,E4b-global-sensitivity,m27_combined,10,"ENGAGEMENT,PROXIMITY,INFORMATIONAL_CAMOUFLAGE,CREDIBILITY_CAMOUFLAGE",7.85,1.0,0.8125,0.0,1.0,1.0,1.0,7.0,1.0,0.0,1.2845232578665131,1.325,0.875,0.0821975,0.010915635129381056,0.083032,0.023127903685567545,0.001787,0.0009716543738501989,4.6e-05,8.591985930052623e-05,0.0822144119476355,0.010918800023416622,0.0017873528858268004,0.0009718207014697985,0.9997959999999999,2.8067379246700386e-05,16439.5,2183.127025876211,36.3,13.872835166452298
RQ4,E4b-global-sensitivity,m28_control,10,NONE,7.85,1.0,0.8125,0.0,1.0,1.0,1.0,7.0,1.0,0.0,1.2845232578665131,1.325,0.875,0.08177999999999999,0.010989925184256512,0.08301,0.023107011441936356,0.00038599999999999995,0.00015997916531015324,0.0,0.0,0.08179682953854481,0.01099311374642144,0.0003860776884212089,0.00016000561960168578,0.9997959999999999,2.8067379246700386e-05,16356.0,2197.9850368513025,19.6,3.9496835316263
RQ4,E4b-global-sensitivity,m28_credibility,10,CREDIBILITY_CAMOUFLAGE,7.85,1.0,0.8125,0.0,1.0,1.0,1.0,7.0,1.0,0.0,1.2845232578665131,1.325,0.875,0.08187649999999999,0.010987766695031542,0.08301,0.023107011441936356,0.00057,0.00019091883092036785,0.0,0.0,0.08189334887248693,0.01099095320637524,0.0005701151886814009,0.00019095047733583439,0.9997959999999999,2.8067379246700386e-05,16375.3,2197.553339006309,20.5,4.453463071962462
RQ4,E4b-global-sensitivity,m28_combined,10,"ENGAGEMENT,PROXIMITY,INFORMATIONAL_CAMOUFLAGE,CREDIBILITY_CAMOUFLAGE",7.85,1.0,0.8125,0.0,1.0,1.0,1.0,7.0,1.0,0.0,1.2845232578665131,1.325,0.875,0.08251299999999999,0.010988634077486103,0.083032,0.023127903685567545,0.001787,0.0009658565570978377,4.6e-05,8.591985930052623e-05,0.08252997468027091,0.010991795381981497,0.001787352870821474,0.000966021739349722,0.9997959999999999,2.8067379246700386e-05,16502.6,2197.7268154972207,36.3,13.784451788559133
RQ4,E4b-global-sensitivity,m29_control,10,NONE,7.85,1.0,0.8125,0.0,1.0,1.0,1.0,7.0,1.0,0.0,1.2845232578665131,1.325,0.875,0.08229650000000001,0.011063290411185188,0.08301399999999999,0.02310259639088213,0.000391,0.000160481913138037,0.0,0.0,0.08231343775148618,0.011066521686997682,0.0003910787686566356,0.00016050843885930872,0.9997959999999999,2.8067379246700386e-05,16459.3,2212.658082237039,19.6,4.005551702879947
RQ4,E4b-global-sensitivity,m29_credibility,10,CREDIBILITY_CAMOUFLAGE,7.85,1.0,0.8125,0.0,1.0,1.0,1.0,7.0,1.0,0.0,1.2845232578665131,1.325,0.875,0.08238100000000001,0.01105171902164244,0.08301399999999999,0.02310259639088213,0.000568,0.0001903388790785763,0.0,0.0,0.08239795465243067,0.011054947513430302,0.0005681146835601726,0.00019036964987264164,0.9997959999999999,2.8067379246700386e-05,16476.2,2210.343804328488,20.5,4.403281604540969
RQ4,E4b-global-sensitivity,m29_combined,10,"ENGAGEMENT,PROXIMITY,INFORMATIONAL_CAMOUFLAGE,CREDIBILITY_CAMOUFLAGE",7.85,1.0,0.8125,0.0,1.0,1.0,1.0,7.0,1.0,0.0,1.2845232578665131,1.325,0.875,0.0830245,0.01104801476636313,0.083038,0.02312609387202642,0.0017770000000000002,0.0009596185584792416,4.6e-05,8.591985930052623e-05,0.08304158142032278,0.0110512140531094,0.0017773501051129251,0.0009597792620788888,0.9997959999999999,2.8067379246700386e-05,16604.9,2209.602953272626,36.4,14.182931839205727
RQ4,E4b-global-sensitivity,m30_control,10,NONE,7.85,1.0,0.8125,0.0,1.0,1.0,1.0,7.0,1.0,0.0,1.2845232578665131,1.4,0.875,0.08278300000000001,0.011051739732327717,0.083084,0.02304602698948346,0.00043100000000000007,0.00013641847382227966,2.0000000000000003e-06,6.324555320336758e-06,0.08280003732969797,0.011054981163543058,0.00043108622256016497,0.00013643840870449766,0.9997959999999999,2.8067379246700386e-05,16556.6,2210.3479464655434,20.1,4.383048152953731
RQ4,E4b-global-sensitivity,m30_credibility,10,CREDIBILITY_CAMOUFLAGE,7.85,1.0,0.8125,0.0,1.0,1.0,1.0,7.0,1.0,0.0,1.2845232578665131,1.4,0.875,0.0828015,0.011011565397344741,0.083076,0.02305586413715849,0.0006105,0.00023656629326916187,6.000000000000001e-06,1.3498971154211059e-05,0.08281854106548797,0.011014803713362272,0.0006106215046322364,0.00023660396842221395,0.9997959999999999,2.8067379246700386e-05,16560.3,2202.3130794689478,20.5,4.352521619066865
RQ4,E4b-global-sensitivity,m30_combined,10,"ENGAGEMENT,PROXIMITY,INFORMATIONAL_CAMOUFLAGE,CREDIBILITY_CAMOUFLAGE",7.85,1.0,0.8125,0.0,1.0,1.0,1.0,7.0,1.0,0.0,1.2845232578665131,1.4,0.875,0.083714,0.010895646378255857,0.083158,0.023108438958768095,0.0021795,0.0008641227086216143,0.00017,0.00046840153714521477,0.08373122427795254,0.010898863328627342,0.002179936804100792,0.000864280377559777,0.9997959999999999,2.8067379246700386e-05,16742.8,2179.1292756511716,39.3,11.624208455728166
RQ4,E4b-global-sensitivity,m31_control,10,NONE,7.85,1.0,0.8125,0.0,1.0,1.0,1.0,7.0,1.0,0.0,1.2845232578665131,1.4,0.875,0.11237899999999998,0.014551961456182535,0.10507200000000001,0.025442432098978104,0.00046549999999999993,0.00019485678501573065,2.0000000000000003e-06,6.324555320336758e-06,0.11240212150159175,0.01455620861239334,0.0004655924511879323,0.00019488690168344237,0.9997959999999999,2.8067379246700386e-05,22475.8,2910.392291236508,20.7,4.922736366426028
RQ4,E4b-global-sensitivity,m31_credibility,10,CREDIBILITY_CAMOUFLAGE,7.85,1.0,0.8125,0.0,1.0,1.0,1.0,7.0,1.0,0.0,1.2845232578665131,1.4,0.875,0.11245100000000001,0.014537429621497745,0.10508200000000001,0.025440254104251575,0.0006720000000000001,0.00031818233766191354,2.0000000000000003e-06,6.324555320336758e-06,0.11247413480657553,0.014541665212231743,0.0006721326316517036,0.0003182334581209298,0.9997959999999999,2.8067379246700386e-05,22490.2,2907.4859242995485,21.2,5.116422361159972
RQ4,E4b-global-sensitivity,m31_combined,10,"ENGAGEMENT,PROXIMITY,INFORMATIONAL_CAMOUFLAGE,CREDIBILITY_CAMOUFLAGE",7.85,1.0,0.8125,0.0,1.0,1.0,1.0,7.0,1.0,0.0,1.2845232578665131,1.4,0.875,0.11365099999999999,0.014656562390653242,0.10513400000000002,0.025399177676977393,0.003032,0.002027820669257187,7.000000000000001e-05,0.00012229290885229426,0.1136743724369331,0.014660752906528704,0.003032600488356984,0.002028178029571711,0.9997959999999999,2.8067379246700386e-05,22730.2,2931.3124781306487,52.7,27.48353042177159
RQ4,E4b-global-sensitivity,m32_control,10,NONE,7.85,1.0,0.8125,0.0,1.0,1.0,1.0,7.0,1.0,0.0,1.2845232578665131,1.4,0.875,0.11241149999999997,0.014564443775853577,0.10507200000000001,0.025442432098978104,0.00046549999999999993,0.00019485678501573065,2.0000000000000003e-06,6.324555320336758e-06,0.11243462761775383,0.014568687386317978,0.0004655924511879323,0.00019488690168344237,0.9997959999999999,2.8067379246700386e-05,22482.3,2912.8887551707153,20.7,4.922736366426028
RQ4,E4b-global-sensitivity,m32_credibility,10,CREDIBILITY_CAMOUFLAGE,7.85,1.0,0.8125,0.0,1.0,1.0,1.0,7.0,1.0,0.0,1.2845232578665131,1.4,0.875,0.1125005,0.014547933119710015,0.10508200000000001,0.025440254104251575,0.0006720000000000001,0.00031818233766191354,2.0000000000000003e-06,6.324555320336758e-06,0.11252364411334348,0.014552162770234507,0.0006721326316517036,0.0003182334581209298,0.9997959999999999,2.8067379246700386e-05,22500.1,2909.586623942003,21.2,5.116422361159972
RQ4,E4b-global-sensitivity,m32_combined,10,"ENGAGEMENT,PROXIMITY,INFORMATIONAL_CAMOUFLAGE,CREDIBILITY_CAMOUFLAGE",7.85,1.0,0.8125,0.0,1.0,1.0,1.0,7.0,1.0,0.0,1.2845232578665131,1.4,0.875,0.1139645,0.014846968723540096,0.10516600000000001,0.0254622475223396,0.0030960000000000007,0.0021500953467230243,9.2e-05,0.00012795832654944085,0.11398793066784792,0.01485112452278614,0.0030966120704594676,0.0021504733694775913,0.9997959999999999,2.8067379246700386e-05,22792.9,2969.3937447080193,55.6,33.76454419127326
RQ4,E4b-global-sensitivity,m33_control,10,NONE,7.85,1.0,1.0,0.0,1.0,1.0,1.0,7.0,1.0,0.0,1.2845232578665131,1.4,0.875,0.111361,0.014504448321501622,0.10507,0.02541993487184593,0.00041300000000000006,0.00014128772849126783,0.0,0.0,0.11138390825869723,0.01450862145641508,0.00041308272686329725,0.00014130931331811616,0.9997959999999999,2.8067379246700386e-05,22272.2,2900.889664300324,20.0,3.9440531887330774
RQ4,E4b-global-sensitivity,m33_credibility,10,CREDIBILITY_CAMOUFLAGE,7.85,1.0,1.0,0.0,1.0,1.0,1.0,7.0,1.0,0.0,1.2845232578665131,1.4,0.875,0.111398,0.014491818036395574,0.10506599999999999,0.025426013013797065,0.0005805000000000001,0.00023884502181214587,0.0,0.0,0.11142091569523113,0.0144959904220455,0.0005806156859715351,0.00023888358409980537,0.9997959999999999,2.8067379246700386e-05,22279.6,2898.363607279114,20.3,4.2176876234364356
RQ4,E4b-global-sensitivity,m33_combined,10,"ENGAGEMENT,PROXIMITY,INFORMATIONAL_CAMOUFLAGE,CREDIBILITY_CAMOUFLAGE",7.85,1.0,1.0,0.0,1.0,1.0,1.0,7.0,1.0,0.0,1.2845232578665131,1.4,0.875,0.11229700000000001,0.014654438311386154,0.105214,0.025273323749228818,0.0021039999999999995,0.001694839880998268,0.000136,0.00040241493234940696,0.11232008828384643,0.014658533292465779,0.002104410563859596,0.0016951326062787792,0.9997959999999999,2.8067379246700386e-05,22459.4,2930.8876622772304,43.1,26.876052950949145
RQ4,E4b-global-sensitivity,m34_control,10,NONE,11.275,1.0,0.625,0.0,1.0,1.0,1.0,7.0,1.0,0.0,2.534288122793572,1.1,0.75,0.1277215,0.023987625750929723,0.13401200000000002,0.0371768341249703,0.000707,0.00023764118610487817,0.0,0.0,0.12774650328296114,0.02399143245516848,0.0007071385252417611,0.00023768931566466186,0.9998035,2.828918128503598e-05,25544.3,4797.525150185944,31.7,6.147266781984404
RQ4,E4b-global-sensitivity,m34_credibility,10,CREDIBILITY_CAMOUFLAGE,11.275,1.0,0.625,0.0,1.0,1.0,1.0,7.0,1.0,0.0,2.534288122793572,1.1,0.75,0.127792,0.023976515964121602,0.134016,0.037185933780276535,0.0008985,0.0003049594690738062,1.6000000000000003e-05,5.059644256269407e-05,0.12781701815364077,0.023980324646589418,0.0008986760252246937,0.00030501837584656524,0.9998035,2.828918128503598e-05,25558.4,4795.303192824319,32.8,5.573747990954262
RQ4,E4b-global-sensitivity,m34_combined,10,"ENGAGEMENT,PROXIMITY,INFORMATIONAL_CAMOUFLAGE,CREDIBILITY_CAMOUFLAGE",11.275,1.0,0.625,0.0,1.0,1.0,1.0,7.0,1.0,0.0,2.534288122793572,1.1,0.75,0.12887600000000002,0.024077567798910075,0.134,0.03717824931626316,0.0026595,0.0009223835367616276,0.0,0.0,0.12890123332470144,0.024081404841458896,0.0026600244630464375,0.0009225536617835385,0.9998035,2.828918128503598e-05,25775.2,4815.513559782014,49.8,11.183320914051723
RQ4,E4b-global-sensitivity,m35_control,10,NONE,11.275,1.0,0.625,0.0,1.0,1.0,1.0,7.0,1.0,0.0,2.534288122793572,1.1,0.875,0.12763249999999998,0.024008984689764236,0.134,0.03717824931626316,0.000629,0.00021540401316802083,0.0,0.0,0.12765748599456306,0.024012800130561483,0.00062912366235534,0.0002154507780419903,0.9998035,2.828918128503598e-05,25526.5,4801.796937952847,29.7,6.3604681868204915
RQ4,E4b-global-sensitivity,m35_credibility,10,CREDIBILITY_CAMOUFLAGE,11.275,1.0,0.625,0.0,1.0,1.0,1.0,7.0,1.0,0.0,2.534288122793572,1.1,0.875,0.127711,0.02400094417124275,0.134,0.03717824931626316,0.0008139999999999999,0.00026000854686806824,0.0,0.0,0.12773600066733307,0.024004753011432955,0.0008141593143195689,0.00026006183000708505,0.9998035,2.828918128503598e-05,25542.2,4800.188834248549,30.8,5.672545969648706
RQ4,E4b-global-sensitivity,m35_combined,10,"ENGAGEMENT,PROXIMITY,INFORMATIONAL_CAMOUFLAGE,CREDIBILITY_CAMOUFLAGE",11.275,1.0,0.625,0.0,1.0,1.0,1.0,7.0,1.0,0.0,2.534288122793572,1.1,0.875,0.12879449999999998,0.0242664414424072,0.13402600000000003,0.037183002150026685,0.0024814999999999998,0.0010989567022104798,4.6e-05,0.00014546477236774543,0.12881971866721026,0.024270344381703845,0.0024819925599672927,0.0010992051899214115,0.9998035,2.828918128503598e-05,25758.9,4853.288288481441,45.4,12.677188612271694
RQ4,E4b-global-sensitivity,m36_control,10,NONE,11.275,1.0,0.625,0.0,1.0,1.0,1.0,7.0,1.0,0.0,2.534288122793572,1.175,0.875,0.128658,0.023830732981686576,0.134008,0.03719403440816223,0.000678,0.0002239072228501002,0.0,0.0,0.12868318548655355,0.023834505454664576,0.0006781328540913699,0.00022395459279980016,0.9998035,2.828918128503598e-05,25731.6,4766.146596337315,30.8,6.7461923416925424
RQ4,E4b-global-sensitivity,m36_credibility,10,CREDIBILITY_CAMOUFLAGE,11.275,1.0,0.625,0.0,1.0,1.0,1.0,7.0,1.0,0.0,2.534288122793572,1.175,0.875,0.1288475,0.02384893256987034,0.134008,0.03719403440816223,0.0010345000000000003,0.0003211822777731604,0.0,0.0,0.12887272323167992,0.023852712480454483,0.0010347030356544235,0.00032125009659555304,0.9998035,2.828918128503598e-05,25769.5,4769.786513974068,31.6,6.535373831014651
RQ4,E4b-global-sensitivity,m36_combined,10,"ENGAGEMENT,PROXIMITY,INFORMATIONAL_CAMOUFLAGE,CREDIBILITY_CAMOUFLAGE",11.275,1.0,0.625,0.0,1.0,1.0,1.0,7.0,1.0,0.0,2.534288122793572,1.175,0.875,0.130829,0.024420628893530888,0.134104,0.03726560499382179,0.0040905,0.0018078477842758533,0.00016400000000000003,0.00035084659515710473,0.13085461470577522,0.02442454341078557,0.0040913032236929705,0.0018082165494534741,0.9998035,2.828918128503598e-05,26165.8,4884.125778706178,57.9,19.87432738204966
RQ4,E4b-global-sensitivity,m37_control,10,NONE,11.275,1.0,0.8125,0.0,1.0,1.0,1.0,7.0,1.0,0.0,2.534288122793572,1.175,0.875,0.1281175,0.0238911532034117,0.134002,0.037182194603809435,0.0006515,0.0002289474709282556,0.0,0.0,0.12814258274667106,0.023894959428164147,0.0006516274604878556,0.0002289956329335969,0.9998035,2.828918128503598e-05,25623.5,4778.230640682339,30.8,6.811754546370561
RQ4,E4b-global-sensitivity,m37_credibility,10,CREDIBILITY_CAMOUFLAGE,11.275,1.0,0.8125,0.0,1.0,1.0,1.0,7.0,1.0,0.0,2.534288122793572,1.175,0.875,0.1283055,0.02391794450128746,0.134002,0.037182194603809435,0.000988,0.00031172637574214553,0.0,0.0,0.12833062008919843,0.023921758822416473,0.0009881940013779082,0.00031179386693154797,0.9998035,2.828918128503598e-05,25661.1,4783.58890025749,31.5,6.637435917246626
RQ4,E4b-global-sensitivity,m37_combined,10,"ENGAGEMENT,PROXIMITY,INFORMATIONAL_CAMOUFLAGE,CREDIBILITY_CAMOUFLAGE",11.275,1.0,0.8125,0.0,1.0,1.0,1.0,7.0,1.0,0.0,2.534288122793572,1.175,0.875,0.12977650000000002,0.024089468889722104,0.13401000000000002,0.03719439294660778,0.0032685000000000006,0.0012727464834408739,0.0,0.0,0.12980191495955154,0.02409336127759684,0.003269150046994259,0.001273055808017975,0.9998035,2.828918128503598e-05,25955.3,4817.8937779444195,48.8,12.934020600296293
RQ4,E4b-global-sensitivity,m38_control,10,NONE,11.275,1.0,0.8125,0.0,1.0,1.0,1.0,7.0,1.0,0.0,2.534288122793572,1.175,0.875,0.128846,0.02392779413615518,0.134004,0.037178967530939674,0.0006580000000000001,0.0002348072495568322,0.0,0.0,0.12887123301555206,0.02393165041532817,0.0006581288958068021,0.00023485752528176746,0.9998035,2.828918128503598e-05,25769.2,4785.558827231036,30.9,6.887186169498639
RQ4,E4b-global-sensitivity,m38_credibility,10,CREDIBILITY_CAMOUFLAGE,11.275,1.0,0.8125,0.0,1.0,1.0,1.0,7.0,1.0,0.0,2.534288122793572,1.175,0.875,0.12903350000000002,0.02395851739639441,0.134004,0.037178967530939674,0.0010015000000000002,0.0003122592405891831,0.0,0.0,0.12905877011550304,0.023962381270109124,0.0010016968945019812,0.0003123282331612919,0.9998035,2.828918128503598e-05,25806.7,4791.703479278881,31.6,6.719788356455548
RQ4,E4b-global-sensitivity,m38_combined,10,"ENGAGEMENT,PROXIMITY,INFORMATIONAL_CAMOUFLAGE,CREDIBILITY_CAMOUFLAGE",11.275,1.0,0.8125,0.0,1.0,1.0,1.0,7.0,1.0,0.0,2.534288122793572,1.175,0.875,0.1305295,0.024125747823757825,0.134016,0.03719188657041569,0.003318,0.0013484810384692518,0.0,0.0,0.1305550705671075,0.024129694653656063,0.0033186611094889263,0.0013488118682608904,0.9998035,2.828918128503598e-05,26105.9,4825.149564751565,48.8,12.934020600296293
RQ4,E4b-global-sensitivity,m39_control,10,NONE,11.275,1.0,0.8125,0.0,1.0,1.0,1.0,7.0,1.0,0.0,2.534288122793572,1.175,0.875,0.1288965,0.02393693044579164,0.134004,0.037178967530939674,0.0006580000000000001,0.0002348072495568322,0.0,0.0,0.12892174233229964,0.023940784532659076,0.0006581288958068021,0.00023485752528176746,0.9998035,2.828918128503598e-05,25779.3,4787.386089158327,30.9,6.887186169498639
RQ4,E4b-global-sensitivity,m39_credibility,10,CREDIBILITY_CAMOUFLAGE,11.275,1.0,0.8125,0.0,1.0,1.0,1.0,7.0,1.0,0.0,2.534288122793572,1.175,0.875,0.129106,0.023976728624972084,0.134004,0.037178967530939674,0.0010015000000000002,0.0003122592405891831,0.0,0.0,0.1291312836905921,0.0239805920808736,0.0010016968945019812,0.0003123282331612919,0.9998035,2.828918128503598e-05,25821.2,4795.345724994417,31.6,6.719788356455548
RQ4,E4b-global-sensitivity,m39_combined,10,"ENGAGEMENT,PROXIMITY,INFORMATIONAL_CAMOUFLAGE,CREDIBILITY_CAMOUFLAGE",11.275,1.0,0.8125,0.0,1.0,1.0,1.0,7.0,1.0,0.0,2.534288122793572,1.175,0.875,0.1307795,0.024151981912004194,0.134016,0.03719188657041569,0.0033864999999999998,0.0013596896091878227,0.0,0.0,0.13080511852149754,0.02415592889220489,0.003387173011585626,0.0013600159747721825,0.9998035,2.828918128503598e-05,26155.9,4830.396382400839,50.7,14.259889355967823
RQ4,E4b-global-sensitivity,m40_control,10,NONE,11.275,1.0,0.8125,0.0,1.0,1.0,1.0,7.0,1.0,0.0,2.534288122793572,1.175,0.875,0.12961850000000003,0.023766246495818398,0.134022,0.03714994894568049,0.000711,0.00022344275926211322,2.0000000000000003e-06,6.324555320336758e-06,0.1296438886423581,0.023770072877056243,0.0007111401081819309,0.00022349261452740574,0.9998035,2.828918128503598e-05,25923.7,4753.249299163678,32.0,7.102425250887506
RQ4,E4b-global-sensitivity,m40_credibility,10,CREDIBILITY_CAMOUFLAGE,11.275,1.0,0.8125,0.0,1.0,1.0,1.0,7.0,1.0,0.0,2.534288122793572,1.175,0.875,0.12980750000000002,0.023821463273695005,0.134016,0.03715961463739903,0.0010395,0.00025581514593332603,0.0,0.0,0.12983292599236326,0.02382530262757432,0.0010397048911866863,0.00025587418469855713,0.9998035,2.828918128503598e-05,25961.5,4764.292654739002,32.7,6.8158312446506155
RQ4,E4b-global-sensitivity,m40_combined,10,"ENGAGEMENT,PROXIMITY,INFORMATIONAL_CAMOUFLAGE,CREDIBILITY_CAMOUFLAGE",11.275,1.0,0.8125,0.0,1.0,1.0,1.0,7.0,1.0,0.0,2.534288122793572,1.175,0.875,0.1314835,0.02398319840707935,0.134028,0.03717253609857686,0.0034394999999999994,0.0013113170859864521,0.0,0.0,0.13150926189110074,0.02398712174284157,0.0034401849242333845,0.0013116354407734468,0.9998035,2.828918128503598e-05,26296.7,4796.63968141587,52.0,13.960261060914616
RQ4,E4b-global-sensitivity,m41_control,10,NONE,14.7,1.0,0.8125,0.0,1.0,1.0,1.0,7.0,1.0,0.0,2.534288122793572,1.175,0.875,0.1409485,0.01651219264160073,0.142046,0.031156628044624973,0.0009479999999999998,0.0002008896878056877,0.0,0.0,0.14097488227318672,0.016516566189113693,0.000948174465295031,0.00020091910605931997,0.9998140000000001,2.9230881691187355e-05,28189.7,3302.4385283201464,44.9,8.46496045800307
RQ4,E4b-global-sensitivity,m41_credibility,10,CREDIBILITY_CAMOUFLAGE,14.7,1.0,0.8125,0.0,1.0,1.0,1.0,7.0,1.0,0.0,2.534288122793572,1.175,0.875,0.1411895,0.016497921493664316,0.142046,0.031156628044624973,0.0013475,0.0003083130623967212,0.0,0.0,0.14121592770692132,0.01650230263460715,0.0013477484842964083,0.0003083563130082999,0.9998140000000001,2.9230881691187355e-05,28237.9,3299.5842987328638,46.1,8.543353491977777
RQ4,E4b-global-sensitivity,m41_combined,10,"ENGAGEMENT,PROXIMITY,INFORMATIONAL_CAMOUFLAGE,CREDIBILITY_CAMOUFLAGE",14.7,1.0,0.8125,0.0,1.0,1.0,1.0,7.0,1.0,0.0,2.534288122793572,1.175,0.875,0.14381,0.01635225961280105,0.14212999999999998,0.031127528723694797,0.005008,0.00171940428960472,0.00010600000000000002,0.00021787866144051628,0.14383691564479406,0.016356633228231613,0.0050089288711257195,0.0017197114820382505,0.9998140000000001,2.9230881691187355e-05,28762.0,3270.4519225602107,74.1,16.223782268975107
RQ4,E4b-global-sensitivity,m42_control,10,NONE,14.7,1.0,0.8125,0.0,1.0,1.0,1.0,7.0,1.0,0.0,5.000000000000001,1.175,0.875,0.1444595,0.016876498196868005,0.142488,0.031142217433359924,0.001288,0.0002706802131257063,0.00012000000000000002,0.0001002219758558194,0.14448653781830056,0.016880951190204576,0.0012882389152897415,0.0002707241822707262,0.9998140000000001,2.9230881691187355e-05,28891.9,3375.2996393736003,48.9,7.1250730990402245
RQ4,E4b-global-sensitivity,m42_credibility,10,CREDIBILITY_CAMOUFLAGE,14.7,1.0,0.8125,0.0,1.0,1.0,1.0,7.0,1.0,0.0,5.000000000000001,1.175,0.875,0.144786,0.01687456300668751,0.14247800000000002,0.03117343234942929,0.0018319999999999999,0.00040020272640528364,0.00013,0.00011518101695447329,0.1448130965565738,0.016879002246110695,0.0018323385964439931,0.00040025962278164275,0.9998140000000001,2.9230881691187355e-05,28957.2,3374.9126013375026,49.9,6.822348894951389
RQ4,E4b-global-sensitivity,m42_combined,10,"ENGAGEMENT,PROXIMITY,INFORMATIONAL_CAMOUFLAGE,CREDIBILITY_CAMOUFLAGE",14.7,1.0,0.8125,0.0,1.0,1.0,1.0,7.0,1.0,0.0,5.000000000000001,1.175,0.875,0.1484965,0.017014168776836164,0.143036,0.031507117784892846,0.007399,0.002098238414586018,0.0009680000000000001,0.0010380837046104604,0.1485242942405072,0.017018733650048225,0.0074003836367134215,0.0020986233125213465,0.9998140000000001,2.9230881691187355e-05,29699.3,3402.833755367233,62.7,11.096045341572024
RQ4,E4b-global-sensitivity,m43_control,10,NONE,14.7,1.0,0.8125,0.0,1.0,1.0,1.0,8.0,1.0,0.0,5.000000000000001,1.175,0.875,0.13145149999999997,0.01622971281494394,0.117472,0.032216886117548846,0.0010695,0.00034936012937941273,5.8e-05,7.743097284391793e-05,0.13147409723071138,0.016233541759073353,0.001069681206895791,0.0003494125701419653,0.9998290000000001,3.5885620766246484e-05,26290.3,3245.9425629887883,43.8,6.713171133426189
RQ4,E4b-global-sensitivity,m43_credibility,10,CREDIBILITY_CAMOUFLAGE,14.7,1.0,0.8125,0.0,1.0,1.0,1.0,8.0,1.0,0.0,5.000000000000001,1.175,0.875,0.1317585,0.016242373945605636,0.117448,0.0322262173461988,0.0016210000000000003,0.0005415399851862792,5.8e-05,6.892830413633511e-05,0.13178114805192107,0.016246190149551774,0.0016212730502063008,0.0005416126570416183,0.9998290000000001,3.5885620766246484e-05,26351.7,3248.4747891211277,43.9,6.806043066438988
RQ4,E4b-global-sensitivity,m43_combined,10,"ENGAGEMENT,PROXIMITY,INFORMATIONAL_CAMOUFLAGE,CREDIBILITY_CAMOUFLAGE",14.7,1.0,0.8125,0.0,1.0,1.0,1.0,8.0,1.0,0.0,5.000000000000001,1.175,0.875,0.134782,0.016565631456589746,0.11784399999999999,0.0321550159211419,0.0059889999999999995,0.0024844044669810822,0.000492,0.0008987991989315523,0.1348051484778137,0.016569355462454513,0.005989997447296802,0.002484724230418786,0.9998290000000001,3.5885620766246484e-05,26956.4,3313.1262913179485,54.6,10.986860839708088
RQ4,E4b-global-sensitivity,m44_control,10,NONE,14.7,1.0,0.8125,0.0,1.0,1.0,1.0,8.0,1.0,0.0,5.000000000000001,1.175,0.875,0.15661650000000002,0.012236210617580014,0.142492,0.029277510823155713,0.0010919999999999999,0.00035462969732133573,5.4e-05,7.121173436387511e-05,0.1566433526090238,0.01223906033882644,0.0010921850550799056,0.00035468263205047635,0.9998290000000001,3.5885620766246484e-05,31323.3,2447.242123516002,43.8,6.696599468718765
RQ4,E4b-global-sensitivity,m44_credibility,10,CREDIBILITY_CAMOUFLAGE,14.7,1.0,0.8125,0.0,1.0,1.0,1.0,8.0,1.0,0.0,5.000000000000001,1.175,0.875,0.15694650000000002,0.012270671685409528,0.1425,0.029272915050530167,0.0016504999999999998,0.0005649899212473716,5.2000000000000004e-05,6.545566777937909e-05,0.15697340675821456,0.012273492792848825,0.001650777876030424,0.0005650652918984632,0.9998290000000001,3.5885620766246484e-05,31389.3,2454.1343370819054,43.9,6.773313648265359
RQ4,E4b-global-sensitivity,m44_combined,10,"ENGAGEMENT,PROXIMITY,INFORMATIONAL_CAMOUFLAGE,CREDIBILITY_CAMOUFLAGE",14.7,1.0,0.8125,0.0,1.0,1.0,1.0,8.0,1.0,0.0,5.000000000000001,1.175,0.875,0.16007549999999998,0.012742555222996332,0.14286800000000002,0.029257885091031447,0.0063435,0.0027096269218391594,0.000512,0.0008990464083930508,0.16010292736559073,0.01274523356585357,0.006344556880137067,0.002709981054770708,0.9998290000000001,3.5885620766246484e-05,32015.1,2548.5110445992664,55.6,12.038826077875422
RQ4,E4b-global-sensitivity,m45_control,10,NONE,1.0,1.0,0.625,0.0,1.0,1.0,1.0,7.0,1.0,0.0,2.534288122793572,1.175,1.125,0.1103335,0.015606198029771517,0.08702800000000001,0.03464569647798186,6.1000000000000005e-05,6.358721045409473e-05,0.0,0.0,0.1103570875654742,0.01560948839196969,6.101302032763741e-05,6.360100857528175e-05,0.999786,2.826462256757883e-05,22066.7,3121.239605954304,2.7,2.0027758514399734
RQ4,E4b-global-sensitivity,m45_credibility,10,CREDIBILITY_CAMOUFLAGE,1.0,1.0,0.625,0.0,1.0,1.0,1.0,7.0,1.0,0.0,2.534288122793572,1.175,1.125,0.11034600000000001,0.015603459516686964,0.08702800000000001,0.03464569647798186,7.950000000000001e-05,0.00010006803241350911,0.0,0.0,0.11036959024355597,0.015606749097858053,7.951705121438425e-05,0.00010009003304647856,0.999786,2.826462256757883e-05,22069.2,3120.691903337392,2.7,2.0027758514399734
RQ4,E4b-global-sensitivity,m45_combined,10,"ENGAGEMENT,PROXIMITY,INFORMATIONAL_CAMOUFLAGE,CREDIBILITY_CAMOUFLAGE",1.0,1.0,0.625,0.0,1.0,1.0,1.0,7.0,1.0,0.0,2.534288122793572,1.175,1.125,0.1105325,0.015557953708991141,0.08702800000000001,0.03464569647798186,0.00047599999999999997,0.0006008873068683973,2.0000000000000003e-06,6.324555320336758e-06,0.11055612895423454,0.015561222498091073,0.0004760993711330029,0.0006010169986877611,0.999786,2.826462256757883e-05,22106.5,3111.5907417982276,5.5,5.275730597114805
RQ4,E4b-global-sensitivity,m46_control,10,NONE,1.0,1.0,0.8125,0.0,1.0,1.0,1.0,7.0,1.0,0.0,2.534288122793572,1.175,1.125,0.10996249999999999,0.015565910982728325,0.08702800000000001,0.03464569647798186,5.6500000000000005e-05,6.34231818817063e-05,0.0,0.0,0.10998600811070303,0.015569196691686991,5.65120401109137e-05,6.343682419920199e-05,0.999786,2.826462256757883e-05,21992.5,3113.1821965456643,2.6,2.0110804171997807
RQ4,E4b-global-sensitivity,m46_credibility,10,CREDIBILITY_CAMOUFLAGE,1.0,1.0,0.8125,0.0,1.0,1.0,1.0,7.0,1.0,0.0,2.534288122793572,1.175,1.125,0.10997399999999999,0.015563740767137789,0.08702800000000001,0.03464569647798186,7.65e-05,9.986240533854569e-05,0.0,0.0,0.10999751054122323,0.015567025620079705,7.651642108145608e-05,9.98843242580463e-05,0.999786,2.826462256757883e-05,21994.8,3112.7481534275576,2.6,2.0110804171997807
RQ4,E4b-global-sensitivity,m46_combined,10,"ENGAGEMENT,PROXIMITY,INFORMATIONAL_CAMOUFLAGE,CREDIBILITY_CAMOUFLAGE",1.0,1.0,0.8125,0.0,1.0,1.0,1.0,7.0,1.0,0.0,2.534288122793572,1.175,1.125,0.11010800000000001,0.015534818276661269,0.08702800000000001,0.03464569647798186,0.000349,0.0005222270685354323,2.0000000000000003e-06,6.324555320336758e-06,0.11013153891982949,0.015538092179877026,0.00034907415852641,0.0005223378847006907,0.999786,2.826462256757883e-05,22021.6,3106.963655332253,4.6,4.477102237434884
RQ4,E4b-global-sensitivity,m47_control,10,NONE,1.0,1.0,0.8125,0.0,1.0,1.0,1.0,7.0,1.0,0.0,2.534288122793572,1.175,1.125,0.131604,0.01904147765041125,0.103024,0.030215129102267074,5.6999999999999996e-05,6.421318660005384e-05,0.0,0.0,0.13163210628601427,0.019045284306826192,5.701213262802937e-05,6.422693791792957e-05,0.999786,2.826462256757883e-05,26320.8,3808.29553008225,2.6,2.0110804171997807
RQ4,E4b-global-sensitivity,m47_credibility,10,CREDIBILITY_CAMOUFLAGE,1.0,1.0,0.8125,0.0,1.0,1.0,1.0,7.0,1.0,0.0,2.534288122793572,1.175,1.125,0.13161399999999998,0.019041139496714304,0.103024,0.030215129102267074,7.65e-05,0.000100472494854175,0.0,0.0,0.13164210839396442,0.019044945516287087,7.651644359079648e-05,0.00010049463981339137,0.999786,2.826462256757883e-05,26322.8,3808.2278993428604,2.6,2.0110804171997807
RQ4,E4b-global-sensitivity,m47_combined,10,"ENGAGEMENT,PROXIMITY,INFORMATIONAL_CAMOUFLAGE,CREDIBILITY_CAMOUFLAGE",1.0,1.0,0.8125,0.0,1.0,1.0,1.0,7.0,1.0,0.0,2.534288122793572,1.175,1.125,0.131778,0.019060811484415994,0.103024,0.030215129102267074,0.00042449999999999986,0.0006850930593722286,2.0000000000000003e-06,6.324555320336758e-06,0.13180614213351916,0.019064605616815323,0.0004245883537042798,0.0006852303584403471,0.999786,2.826462256757883e-05,26355.6,3812.1622968831975,5.1,5.6460408940936455
RQ4,E4b-global-sensitivity,m48_control,10,NONE,4.425,1.0,0.8125,0.0,1.0,1.0,1.0,7.0,1.0,0.0,2.534288122793572,1.175,1.125,0.12313700000000002,0.021420016884524936,0.10003200000000001,0.02750600774780343,0.00017800000000000002,6.746192341692543e-05,0.0,0.0,0.12316306797184544,0.021426187104858403,0.00017803783569314305,6.74795700991071e-05,0.9997905000000001,2.9102309950322227e-05,24627.4,4284.003376904987,10.1,3.212821536005731
RQ4,E4b-global-sensitivity,m48_credibility,10,CREDIBILITY_CAMOUFLAGE,4.425,1.0,0.8125,0.0,1.0,1.0,1.0,7.0,1.0,0.0,2.534288122793572,1.175,1.125,0.123167,0.02140239293474758,0.10003200000000001,0.02750600774780343,0.0002405,0.00010927666214196372,0.0,0.0,0.12319307373548087,0.02140855807521539,0.00024055045080878724,0.00010930092640324039,0.9997905000000001,2.9102309950322227e-05,24633.4,4280.478586949516,10.1,3.212821536005731
RQ4,E4b-global-sensitivity,m48_combined,10,"ENGAGEMENT,PROXIMITY,INFORMATIONAL_CAMOUFLAGE,CREDIBILITY_CAMOUFLAGE",4.425,1.0,0.8125,0.0,1.0,1.0,1.0,7.0,1.0,0.0,2.534288122793572,1.175,1.125,0.12370300000000001,0.021371647001472663,0.100042,0.027531056322310305,0.0013155,0.000884836613919956,2.8000000000000003e-05,6.876691711054735e-05,0.12372919224715224,0.0213778520966599,0.001315788721994004,0.0008850736858828429,0.9997905000000001,2.9102309950322227e-05,24740.6,4274.329400294532,16.2,8.651268372004445
RQ4,E4b-global-sensitivity,m49_control,10,NONE,4.425,1.0,0.8125,0.0,1.0,1.0,1.0,7.0,1.0,0.0,5.000000000000001,1.175,1.125,0.125917,0.02083986300338848,0.100306,0.02750894973559615,0.00023549999999999995,9.325740959540129e-05,0.0,0.0,0.12594364211991854,0.02084593701644062,0.00023555041097072447,9.328143895449411e-05,0.9997905000000001,2.9102309950322227e-05,25183.4,4167.972600677696,11.5,3.3082388735465345
RQ4,E4b-global-sensitivity,m49_credibility,10,CREDIBILITY_CAMOUFLAGE,4.425,1.0,0.8125,0.0,1.0,1.0,1.0,7.0,1.0,0.0,5.000000000000001,1.175,1.125,0.12594049999999998,0.020815070054863823,0.100306,0.02750894973559615,0.000377,0.00016983979379272559,4.000000000000001e-06,8.43274042711568e-06,0.12596714743864226,0.02082114457860996,0.0003770805700178834,0.00016988170452213877,0.9997905000000001,2.9102309950322227e-05,25188.1,4163.014010972766,11.5,3.3082388735465345
RQ4,E4b-global-sensitivity,m49_combined,10,"ENGAGEMENT,PROXIMITY,INFORMATIONAL_CAMOUFLAGE,CREDIBILITY_CAMOUFLAGE",4.425,1.0,0.8125,0.0,1.0,1.0,1.0,7.0,1.0,0.0,5.000000000000001,1.175,1.125,0.12671249999999998,0.020667479184296605,0.10051200000000002,0.027346481715610552,0.001892,0.0006538569330433752,0.00034,0.0004959390643572612,0.12673930670716513,0.020673526509892376,0.0018923934559002223,0.000653989714133189,0.9997905000000001,2.9102309950322227e-05,25342.5,4133.495836859321,13.7,4.24394994210713
RQ4,E4b-global-sensitivity,m50_control,10,NONE,4.425,1.0,0.8125,0.0,1.0,1.0,1.0,7.0,1.0,0.0,5.000000000000001,1.25,1.125,0.12653799999999998,0.020882058779940472,0.100518,0.02751272263275059,0.0002855,9.998472105499143e-05,0.0,0.0,0.12656477408350966,0.020888158652352128,0.0002855603704973339,0.00010000926309541694,0.9997905000000001,2.9102309950322227e-05,25307.6,4176.411755988094,12.0,3.9440531887330774
RQ4,E4b-global-sensitivity,m50_credibility,10,CREDIBILITY_CAMOUFLAGE,4.425,1.0,0.8125,0.0,1.0,1.0,1.0,7.0,1.0,0.0,5.000000000000001,1.25,1.125,0.1265715,0.020859177310132718,0.10051600000000001,0.02751109158139677,0.000447,0.0002053344155815635,0.0,0.0,0.12659828127008949,0.02086527619033566,0.0004470952656584786,0.00020538486845125874,0.9997905000000001,2.9102309950322227e-05,25314.3,4171.835462026544,12.0,3.9440531887330774
RQ4,E4b-global-sensitivity,m50_combined,10,"ENGAGEMENT,PROXIMITY,INFORMATIONAL_CAMOUFLAGE,CREDIBILITY_CAMOUFLAGE",4.425,1.0,0.8125,0.0,1.0,1.0,1.0,7.0,1.0,0.0,5.000000000000001,1.25,1.125,0.12761950000000002,0.020738014805076106,0.10085599999999999,0.02740536979012203,0.0024904999999999997,0.0009783899756459304,0.0006000000000000001,0.0005250185181919247,0.1276464952921961,0.020744069478867345,0.002491013670532128,0.0009785793487201507,0.9997905000000001,2.9102309950322227e-05,25523.9,4147.60296101522,15.6,6.4670103001481465
RQ4,E4b-global-sensitivity,m51_control,10,NONE,4.425,1.0,0.8125,0.0,1.0,1.0,1.0,8.0,1.0,0.0,5.000000000000001,1.25,1.125,0.1390155,0.011786857193501579,0.13258199999999998,0.025662823002242843,0.00031150000000000004,0.00012069359736309315,4.2000000000000004e-05,5.613475849338903e-05,0.13904124780469126,0.011785829457633826,0.0003115571757694341,0.00012071406072681025,0.999813,3.4334951418159324e-05,27803.1,2357.3714387003165,12.8,3.614784456460256
RQ4,E4b-global-sensitivity,m51_credibility,10,CREDIBILITY_CAMOUFLAGE,4.425,1.0,0.8125,0.0,1.0,1.0,1.0,8.0,1.0,0.0,5.000000000000001,1.25,1.125,0.13910400000000003,0.011807480867841558,0.132594,0.02565493246921535,0.00047350000000000007,0.00018401464313713974,3.2000000000000005e-05,5.349974039397034e-05,0.13912976326245702,0.011806447670386784,0.0004735860635570175,0.0001840430132193193,0.999813,3.4334951418159324e-05,27820.8,2361.496173568312,12.8,3.614784456460256
RQ4,E4b-global-sensitivity,m51_combined,10,"ENGAGEMENT,PROXIMITY,INFORMATIONAL_CAMOUFLAGE,CREDIBILITY_CAMOUFLAGE",4.425,1.0,0.8125,0.0,1.0,1.0,1.0,8.0,1.0,0.0,5.000000000000001,1.25,1.125,0.140177,0.011832960839207663,0.132918,0.02582149397519654,0.0027955000000000002,0.0012870497055065297,0.000728,0.0007331636167247314,0.14020296091982798,0.011831893180240676,0.0027960109158490657,0.001287276455774161,0.999813,3.4334951418159324e-05,28035.4,2366.5921678415334,15.4,5.399588461684424
RQ4,E4b-global-sensitivity,m52_control,10,NONE,4.425,1.0,0.8125,0.0,1.0,1.0,1.0,8.0,1.0,0.0,5.000000000000001,1.25,1.25,0.13965849999999996,0.011740522194046093,0.13280399999999998,0.025609343433815542,0.00031800000000000003,0.00012197905102471034,2.8000000000000003e-05,4.131182235954578e-05,0.13968436943834464,0.011739481751071689,0.00031805860607825016,0.00012200139759765306,0.999813,3.4334951418159324e-05,27931.7,2348.1044388092187,12.1,3.142893217686178
RQ4,E4b-global-sensitivity,m52_credibility,10,CREDIBILITY_CAMOUFLAGE,4.425,1.0,0.8125,0.0,1.0,1.0,1.0,8.0,1.0,0.0,5.000000000000001,1.25,1.25,0.13975599999999996,0.011758026998135739,0.13280200000000003,0.025609354974739644,0.000481,0.0002004134615128324,2.2e-05,3.9384147967311805e-05,0.13978188671397287,0.011756981900657163,0.00048108768888492973,0.0002004467867556419,0.999813,3.4334951418159324e-05,27951.2,2351.6053996271476,12.1,3.142893217686178
RQ4,E4b-global-sensitivity,m52_combined,10,"ENGAGEMENT,PROXIMITY,INFORMATIONAL_CAMOUFLAGE,CREDIBILITY_CAMOUFLAGE",4.425,1.0,0.8125,0.0,1.0,1.0,1.0,8.0,1.0,0.0,5.000000000000001,1.25,1.25,0.14087149999999998,0.011720999210818159,0.133188,0.025748329309340096,0.0028675,0.0013521674986644381,0.000792,0.0007669970302709421,0.1408975950464032,0.011719922580879864,0.002868028579996069,0.0013524120762855153,0.999813,3.4334951418159324e-05,28174.3,2344.1998421636326,14.8,5.6134758493389025
RQ4,E4b-global-sensitivity,m53_control,10,NONE,4.425,1.0,0.8125,0.0,1.0,1.0,1.0,8.0,1.0,0.0,5.000000000000001,1.25,1.25,0.13967650000000004,0.0117409468788131,0.13281,0.025610650996107934,0.00031800000000000003,0.00012197905102471034,2.8000000000000003e-05,4.131182235954578e-05,0.1397023727689744,0.011739906397908931,0.00031805860607825016,0.00012200139759765306,0.999813,3.4334951418159324e-05,27935.3,2348.1893757626203,12.1,3.142893217686178
RQ4,E4b-global-sensitivity,m53_credibility,10,CREDIBILITY_CAMOUFLAGE,4.425,1.0,0.8125,0.0,1.0,1.0,1.0,8.0,1.0,0.0,5.000000000000001,1.25,1.25,0.139783,0.011757154606640353,0.13280599999999998,0.025608214046798864,0.000481,0.0002004134615128324,2.2e-05,3.9384147967311805e-05,0.13980889163239,0.011756107692115459,0.00048108768888492973,0.0002004467867556419,0.999813,3.4334951418159324e-05,27956.6,2351.4309213280703,12.1,3.142893217686178
RQ4,E4b-global-sensitivity,m53_combined,10,"ENGAGEMENT,PROXIMITY,INFORMATIONAL_CAMOUFLAGE,CREDIBILITY_CAMOUFLAGE",4.425,1.0,0.8125,0.0,1.0,1.0,1.0,8.0,1.0,0.0,5.000000000000001,1.25,1.25,0.141051,0.011730234391898946,0.13327,0.025796141399657257,0.0028834999999999998,0.0013524135831911774,0.0008539999999999999,0.0007327300548860634,0.14107712749240214,0.011729146796530036,0.002884031300458548,0.0013526576607453592,0.999813,3.4334951418159324e-05,28210.2,2346.0468783797896,15.1,5.839520528262573
RQ4,E4b-global-sensitivity,m54_control,10,NONE,4.425,1.0,0.8125,0.0,1.0,1.0,1.0,8.0,1.0,0.0,5.000000000000001,1.25,1.25,0.141882,0.01243061636980779,0.13315000000000002,0.025720969827922293,0.00031800000000000003,0.00012197905102471034,2.8000000000000003e-05,4.131182235954578e-05,0.1419082657707335,0.012429599753346073,0.00031805860607825016,0.00012200139759765306,0.999813,3.4334951418159324e-05,28376.4,2486.1232739615575,12.1,3.142893217686178
RQ4,E4b-global-sensitivity,m54_credibility,10,CREDIBILITY_CAMOUFLAGE,4.425,1.0,0.8125,0.0,1.0,1.0,1.0,8.0,1.0,0.0,5.000000000000001,1.25,1.25,0.141986,0.01245180281458606,0.13314399999999998,0.025715988627916117,0.0004855,0.00019482827196163182,2.2e-05,3.9384147967311805e-05,0.14201228416906278,0.01245078204626671,0.0004855884315074625,0.00019486046942295414,0.999813,3.4334951418159324e-05,28397.2,2490.360562917212,12.1,3.142893217686178
RQ4,E4b-global-sensitivity,m54_combined,10,"ENGAGEMENT,PROXIMITY,INFORMATIONAL_CAMOUFLAGE,CREDIBILITY_CAMOUFLAGE",4.425,1.0,0.8125,0.0,1.0,1.0,1.0,8.0,1.0,0.0,5.000000000000001,1.25,1.25,0.143256,0.012446739153511473,0.133618,0.0259135081891022,0.0028845,0.0013528395034970784,0.0008539999999999999,0.0007327300548860634,0.14328252038913986,0.0124456873292287,0.002885031465485802,0.0013530836146300389,0.999813,3.4334951418159324e-05,28651.2,2489.347830702295,15.1,5.839520528262573
RQ4,E4b-global-sensitivity,m55_control,10,NONE,4.425,1.0,0.8125,0.0,1.0,1.0,1.0,8.0,1.0,0.0,5.000000000000001,1.25,1.25,0.142843,0.012499716041219145,0.13325599999999999,0.025721530626651626,0.00034849999999999996,0.0001386852952230737,3.6e-05,4.299870799092561e-05,0.14286944142124128,0.012498661019048403,0.00034856379195984994,0.0001387091801894538,0.999813,3.4334951418159324e-05,28568.6,2499.9432082438284,12.6,3.5023801430836525
RQ4,E4b-global-sensitivity,m55_credibility,10,CREDIBILITY_CAMOUFLAGE,4.425,1.0,0.8125,0.0,1.0,1.0,1.0,8.0,1.0,0.0,5.000000000000001,1.25,1.25,0.14295349999999998,0.012524782333437975,0.13325,0.025716552818931402,0.0005304999999999999,0.0002337906233268468,3.2e-05,4.5411696975803734e-05,0.14297996092475837,0.012523723583128896,0.0005305960828081836,0.00023382834226098545,0.999813,3.4334951418159324e-05,28590.7,2504.956466687595,12.6,3.5023801430836525
RQ4,E4b-global-sensitivity,m55_combined,10,"ENGAGEMENT,PROXIMITY,INFORMATIONAL_CAMOUFLAGE,CREDIBILITY_CAMOUFLAGE",4.425,1.0,0.8125,0.0,1.0,1.0,1.0,8.0,1.0,0.0,5.000000000000001,1.25,1.25,0.144255,0.012547254458424147,0.13372,0.02591379726880815,0.003016,0.0016441154325519713,0.0008640000000000002,0.0007431345025558218,0.14428170247573718,0.012546169145936962,0.003016553824286798,0.0016444029277975615,0.999813,3.4334951418159324e-05,28851.0,2509.450891684828,15.3,6.165315167216605
RQ4,E4b-global-sensitivity,m56_control,10,NONE,11.275,1.0,0.625,0.0,1.0,1.0,1.0,8.0,1.0,0.0,0.33,1.175,0.875,0.16399550000000002,0.021176536078352803,0.157264,0.04378766218925144,0.012358499999999998,0.007069727344263158,0.017074,0.01323735136313572,0.16402449734539298,0.021181266155385837,0.012360686341604754,0.007071071441289187,0.9998239999999999,3.33999334663529e-05,32799.1,4235.30721567056,196.8,91.66339388096962
RQ4,E4b-global-sensitivity,m56_credibility,10,CREDIBILITY_CAMOUFLAGE,11.275,1.0,0.625,0.0,1.0,1.0,1.0,8.0,1.0,0.0,0.33,1.175,0.875,0.1648715,0.02219080077795001,0.15977800000000003,0.04444266963678538,0.016957999999999997,0.010371897447751143,0.024943999999999997,0.018222222818428176,0.16490058784602593,0.0221951416499795,0.01696095515181037,0.010373756140132927,0.9998239999999999,3.33999334663529e-05,32974.3,4438.1601555900015,286.1,113.52381052253116
RQ4,E4b-global-sensitivity,m56_combined,10,"ENGAGEMENT,PROXIMITY,INFORMATIONAL_CAMOUFLAGE,CREDIBILITY_CAMOUFLAGE",11.275,1.0,0.625,0.0,1.0,1.0,1.0,8.0,1.0,0.0,0.33,1.175,0.875,0.172186,0.025599698544232035,0.172106,0.04801533278258334,0.034334500000000004,0.016739955105807315,0.049193999999999995,0.026005372180036613,0.17221635104562147,0.025604374690919748,0.03434050983419614,0.01674268289496543,0.9998239999999999,3.33999334663529e-05,34437.2,5119.939708846407,441.9,94.44981030508568
RQ4,E4b-global-sensitivity,m57_control,10,NONE,11.275,1.0,0.625,0.0,1.0,1.0,1.0,8.0,1.0,0.0,0.33,1.25,0.875,0.151541,0.017000854194226044,0.141906,0.03950871751904887,0.005863999999999999,0.0021349353359970623,0.007018000000000001,0.004455961799158018,0.1515678083205167,0.01700503338938173,0.005865021451004124,0.0021352821715191483,0.9998239999999999,3.33999334663529e-05,30308.2,3400.1708388452093,136.4,31.09912467507013
RQ4,E4b-global-sensitivity,m57_credibility,10,CREDIBILITY_CAMOUFLAGE,11.275,1.0,0.625,0.0,1.0,1.0,1.0,8.0,1.0,0.0,0.33,1.25,0.875,0.1520725,0.0172809884699921,0.143172,0.040382765520839595,0.007672,0.002911786584059881,0.010236,0.007516942640905722,0.15209939607552242,0.017285138029465626,0.007673352438507436,0.0029123199581512645,0.9998239999999999,3.33999334663529e-05,30414.5,3456.1976939984206,185.9,51.431615871087615
RQ4,E4b-global-sensitivity,m57_combined,10,"ENGAGEMENT,PROXIMITY,INFORMATIONAL_CAMOUFLAGE,CREDIBILITY_CAMOUFLAGE",11.275,1.0,0.625,0.0,1.0,1.0,1.0,8.0,1.0,0.0,0.33,1.25,0.875,0.158807,0.020342880026627937,0.15441199999999997,0.04554675858694862,0.022743,0.00989334462038889,0.03249,0.020228427192114238,0.15883514640969318,0.02034801026970545,0.022747045545616667,0.009895127385836706,0.9998239999999999,3.33999334663529e-05,31761.4,4068.5760053255867,414.8,121.41828527861857
RQ4,E4b-global-sensitivity,m58_control,10,NONE,14.7,1.0,0.625,0.0,1.0,1.0,1.0,8.0,1.0,0.0,0.33,1.25,0.875,0.140735,0.02219282241326385,0.136986,0.04321378077522133,0.00625,0.003001514432563816,0.007749999999999998,0.007121218684716511,0.14075926651398335,0.022198124671524124,0.006251080616826524,0.0030021073820673495,0.9998290000000001,3.5885620766246484e-05,28147.0,4438.564482652771,148.6,54.77874689248661
RQ4,E4b-global-sensitivity,m58_credibility,10,CREDIBILITY_CAMOUFLAGE,14.7,1.0,0.625,0.0,1.0,1.0,1.0,8.0,1.0,0.0,0.33,1.25,0.875,0.14081100000000002,0.022362755967108443,0.137402,0.043338906769783664,0.0073945,0.0038555417907215066,0.010170000000000002,0.009669242185634015,0.14083528956012223,0.0223681643596838,0.007395798457339957,0.0038563677535158984,0.9998290000000001,3.5885620766246484e-05,28162.2,4472.551193421689,190.7,73.92345891378311
RQ4,E4b-global-sensitivity,m58_combined,10,"ENGAGEMENT,PROXIMITY,INFORMATIONAL_CAMOUFLAGE,CREDIBILITY_CAMOUFLAGE",14.7,1.0,0.625,0.0,1.0,1.0,1.0,8.0,1.0,0.0,0.33,1.25,0.875,0.146392,0.024593544342638645,0.14561200000000002,0.0481092369971136,0.018174000000000003,0.008584154912136405,0.025722000000000002,0.019532376427073304,0.14641724627589797,0.024599293044333295,0.018177149110694645,0.008585836798646987,0.9998290000000001,3.5885620766246484e-05,29278.4,4918.708868527729,386.5,92.64058385922326
RQ4,E4b-global-sensitivity,m59_control,10,NONE,14.7,1.0,0.625,0.0,1.0,1.0,1.0,8.0,1.0,0.0,0.6510704071726416,1.25,0.875,0.1240165,0.01722697094835757,0.11712,0.032373647719505856,0.000766,0.0003657777102740589,1.9999999999999998e-05,3.265986323710904e-05,0.12403780932085215,0.01723076449949887,0.0007661275394027273,0.0003658326658761791,0.9998290000000001,3.5885620766246484e-05,24803.3,3445.3941896715132,41.9,14.003570973148241
RQ4,E4b-global-sensitivity,m59_credibility,10,CREDIBILITY_CAMOUFLAGE,14.7,1.0,0.625,0.0,1.0,1.0,1.0,8.0,1.0,0.0,0.6510704071726416,1.25,0.875,0.1241745,0.017269355397157512,0.117112,0.03237283250573611,0.0009465000000000001,0.0004693674821856893,1.6e-05,2.633122354417533e-05,0.1241958359830512,0.01727315457060192,0.0009466581747878599,0.0004694372919405161,0.9998290000000001,3.5885620766246484e-05,24834.9,3453.8710794315025,45.4,16.860209567697154
RQ4,E4b-global-sensitivity,m59_combined,10,"ENGAGEMENT,PROXIMITY,INFORMATIONAL_CAMOUFLAGE,CREDIBILITY_CAMOUFLAGE",14.7,1.0,0.625,0.0,1.0,1.0,1.0,8.0,1.0,0.0,0.6510704071726416,1.25,0.875,0.12519249999999998,0.017655765229333258,0.11721200000000001,0.03237120970519603,0.0026485000000000002,0.0016488818601976582,0.00017999999999999998,0.00030316845335738856,0.12521400634484964,0.017659581556092614,0.0026489417282488537,0.001649130374384743,0.9998290000000001,3.5885620766246484e-05,25038.5,3531.153045866652,91.9,48.50532616802681
RQ4,E4b-global-sensitivity,m60_control,10,NONE,14.7,1.0,0.625,0.0,1.0,1.0,1.0,8.0,1.0,0.0,0.6510704071726416,1.25,0.875,0.12431299999999998,0.01725202954244321,0.11713799999999999,0.032375503016255296,0.0007725,0.0003710289746098005,1.9999999999999998e-05,3.265986323710904e-05,0.1243343587642424,0.017255813512206647,0.0007726285570634154,0.000371084724713848,0.9998290000000001,3.5885620766246484e-05,24862.6,3450.4059084886426,42.1,14.051097228805064
RQ4,E4b-global-sensitivity,m60_credibility,10,CREDIBILITY_CAMOUFLAGE,14.7,1.0,0.625,0.0,1.0,1.0,1.0,8.0,1.0,0.0,0.6510704071726416,1.25,0.875,0.124501,0.017304182025035322,0.11713,0.03237467631755824,0.0009815000000000002,0.0005179288346653214,1.6e-05,2.633122354417533e-05,0.12452239071739128,0.01730797438985422,0.0009816642108311155,0.0005180086886092003,0.9998290000000001,3.5885620766246484e-05,24900.2,3460.8364050070645,46.8,18.42582728430697
RQ4,E4b-global-sensitivity,m60_combined,10,"ENGAGEMENT,PROXIMITY,INFORMATIONAL_CAMOUFLAGE,CREDIBILITY_CAMOUFLAGE",14.7,1.0,0.625,0.0,1.0,1.0,1.0,8.0,1.0,0.0,0.6510704071726416,1.25,0.875,0.12548900000000002,0.017675069982574017,0.11723000000000001,0.03237330347335251,0.0026635,0.001649483168214281,0.000182,0.0003071662597211991,0.1255105555706761,0.017678874779567803,0.002663944038607485,0.0016497316851440524,0.9998290000000001,3.5885620766246484e-05,25097.8,3535.0139965148023,92.1,48.468661123566335
RQ4,E4b-global-sensitivity,m61_control,10,NONE,14.7,1.0,0.8125,0.0,1.0,1.0,1.0,8.0,1.0,0.0,0.6510704071726416,1.25,0.875,0.123959,0.017406807863591767,0.11715199999999999,0.032388047452382454,0.000747,0.00036958084365940833,2.6e-05,3.1340424729448424e-05,0.12398029883116815,0.017410609788855985,0.000747123666105473,0.0003696347332187907,0.9998290000000001,3.5885620766246484e-05,24791.8,3481.3615727183524,40.9,13.169408997116511
RQ4,E4b-global-sensitivity,m61_credibility,10,CREDIBILITY_CAMOUFLAGE,14.7,1.0,0.8125,0.0,1.0,1.0,1.0,8.0,1.0,0.0,0.6510704071726416,1.25,0.875,0.12412350000000001,0.017436340889392797,0.11714799999999999,0.03238968861981987,0.0009025,0.0004291156927656897,4e-05,6.110100926607786e-05,0.12414482521302964,0.017440134022206802,0.0009026501332498776,0.00042917793372279455,0.9998290000000001,3.5885620766246484e-05,24824.7,3487.268177878559,45.1,15.898637258163564
RQ4,E4b-global-sensitivity,m61_combined,10,"ENGAGEMENT,PROXIMITY,INFORMATIONAL_CAMOUFLAGE,CREDIBILITY_CAMOUFLAGE",14.7,1.0,0.8125,0.0,1.0,1.0,1.0,8.0,1.0,0.0,0.6510704071726416,1.25,0.875,0.124939,0.01780118391818053,0.117236,0.032428497481210704,0.0022849999999999997,0.0014057599763512656,0.000176,0.00025919533603485656,0.12496046285441456,0.01780502112261675,0.002285379609823083,0.0014059818328761987,0.9998290000000001,3.5885620766246484e-05,24987.8,3560.236783636105,83.9,45.53008773205789
RQ4,E4b-global-sensitivity,m62_control,10,NONE,14.7,1.0,0.8125,0.0,1.0,1.0,1.0,8.0,1.0,0.0,0.6510704071726416,1.25,0.875,0.12402200000000001,0.017395729712266234,0.11715199999999999,0.032388047452382454,0.000747,0.00036958084365940833,2.6e-05,3.1340424729448424e-05,0.12404330880778416,0.01739952456959041,0.000747123666105473,0.0003696347332187907,0.9998290000000001,3.5885620766246484e-05,24804.4,3479.1459424532463,40.9,13.169408997116511
RQ4,E4b-global-sensitivity,m62_credibility,10,CREDIBILITY_CAMOUFLAGE,14.7,1.0,0.8125,0.0,1.0,1.0,1.0,8.0,1.0,0.0,0.6510704071726416,1.25,0.875,0.12419799999999999,0.017423878921373013,0.11714999999999998,0.03238922488867075,0.0009025,0.0004291156927656897,4e-05,6.110100926607786e-05,0.12421933696492478,0.01742766299041766,0.0009026501332498776,0.00042917793372279455,0.9998290000000001,3.5885620766246484e-05,24839.6,3484.7757842746023,45.1,15.898637258163564
RQ4,E4b-global-sensitivity,m62_combined,10,"ENGAGEMENT,PROXIMITY,INFORMATIONAL_CAMOUFLAGE,CREDIBILITY_CAMOUFLAGE",14.7,1.0,0.8125,0.0,1.0,1.0,1.0,8.0,1.0,0.0,0.6510704071726416,1.25,0.875,0.125135,0.017807575479116874,0.117258,0.03243229042516458,0.002335,0.0014712995011968916,0.000198,0.00030132300867267926,0.1251564939269294,0.017811394666749712,0.0023353872985088036,0.0014715305291828676,0.9998290000000001,3.5885620766246484e-05,25027.0,3561.515095823374,86.3,47.43662438805414
RQ4,E4b-global-sensitivity,m63_control,10,NONE,14.7,1.0,0.8125,0.0,1.0,1.0,1.0,8.0,1.0,0.0,0.6510704071726416,1.25,1.0,0.12374,0.01731305576725264,0.117008,0.03234068809822492,0.0006275,0.00033207470712342895,2.0000000000000003e-06,6.324555320336758e-06,0.1237612595163922,0.017316831084035908,0.0006276032575116454,0.00033212027848240075,0.9998290000000001,3.5885620766246484e-05,24748.0,3462.6111534505285,38.5,12.756262078768303
RQ4,E4b-global-sensitivity,m63_credibility,10,CREDIBILITY_CAMOUFLAGE,14.7,1.0,0.8125,0.0,1.0,1.0,1.0,8.0,1.0,0.0,0.6510704071726416,1.25,1.0,0.12378399999999998,0.017348843349213675,0.117008,0.03234068809822492,0.0007395,0.00036623042230571486,2.0000000000000003e-06,6.324555320336758e-06,0.1238052674303937,0.017352625792697432,0.0007396221308150482,0.000366280102942178,0.9998290000000001,3.5885620766246484e-05,24756.8,3469.768669842735,39.4,13.898041428760944
RQ4,E4b-global-sensitivity,m63_combined,10,"ENGAGEMENT,PROXIMITY,INFORMATIONAL_CAMOUFLAGE,CREDIBILITY_CAMOUFLAGE",14.7,1.0,0.8125,0.0,1.0,1.0,1.0,8.0,1.0,0.0,0.6510704071726416,1.25,1.0,0.124779,0.01773636374482912,0.11701600000000001,0.03233809009683645,0.002188,0.001548485281385221,2.0000000000000003e-06,6.324555320336758e-06,0.12480043452932979,0.01774018249858562,0.002188361769139491,0.0015487105699825792,0.9998290000000001,3.5885620766246484e-05,24955.8,3547.272748965824,76.1,42.782265276890406
RQ4,E4b-global-sensitivity,m64_control,10,NONE,14.7,1.0,0.8125,0.0,1.0,1.0,1.0,8.0,1.0,0.0,0.6510704071726416,1.25,1.0,0.1495105,0.012973956273584738,0.14200600000000002,0.029367708721579823,0.0006554999999999999,0.000368830358475727,2.0000000000000003e-06,6.324555320336758e-06,0.14953611780803047,0.012976604617329433,0.0006556078832690174,0.00036888352898006773,0.9998290000000001,3.5885620766246484e-05,29902.1,2594.7912547169485,39.3,13.896842167277507
RQ4,E4b-global-sensitivity,m64_credibility,10,CREDIBILITY_CAMOUFLAGE,14.7,1.0,0.8125,0.0,1.0,1.0,1.0,8.0,1.0,0.0,0.6510704071726416,1.25,1.0,0.149544,0.013014666470307005,0.14200600000000002,0.029367708721579823,0.0007670000000000001,0.00040955395791573594,2.0000000000000003e-06,6.324555320336758e-06,0.14956962395170853,0.01301732479189116,0.0007671266615412095,0.00040961320189869185,0.9998290000000001,3.5885620766246484e-05,29908.8,2602.9332940614004,40.3,15.085312945599327
RQ4,E4b-global-sensitivity,m64_combined,10,"ENGAGEMENT,PROXIMITY,INFORMATIONAL_CAMOUFLAGE,CREDIBILITY_CAMOUFLAGE",14.7,1.0,0.8125,0.0,1.0,1.0,1.0,8.0,1.0,0.0,0.6510704071726416,1.25,1.0,0.15050599999999997,0.0133718416416322,0.142012,0.02937029065796478,0.002215,0.0016728800846975787,2.0000000000000003e-06,6.324555320336758e-06,0.15053178389157523,0.013374495098818594,0.002215363341265022,0.0016731253618536112,0.9998290000000001,3.5885620766246484e-05,30101.2,2674.36832832644,77.5,46.15011737074277
RQ4,E4b-global-sensitivity,m65_control,10,NONE,14.7,1.0,0.8125,0.0,1.0,1.0,1.0,8.0,1.0,0.0,0.6510704071726416,1.25,1.0,0.14991949999999998,0.013078683770420728,0.142008,0.02937058573925053,0.00069,0.0003481698180805197,2.0000000000000003e-06,6.324555320336758e-06,0.14994519885232474,0.013081494563697196,0.0006901159251486579,0.0003482208563118036,0.9998290000000001,3.5885620766246484e-05,29983.9,2615.7367540841465,40.8,13.323329580518195
RQ4,E4b-global-sensitivity,m65_credibility,10,CREDIBILITY_CAMOUFLAGE,14.7,1.0,0.8125,0.0,1.0,1.0,1.0,8.0,1.0,0.0,0.6510704071726416,1.25,1.0,0.1499685,0.013123848108183315,0.142008,0.02937058573925053,0.0008065000000000001,0.00039371485733826313,2.0000000000000003e-06,6.324555320336758e-06,0.1499942079340943,0.013126672966058295,0.0008066355285576227,0.0003937733370368535,0.9998290000000001,3.5885620766246484e-05,29993.7,2624.769621636662,41.8,14.443760667576234
RQ4,E4b-global-sensitivity,m65_combined,10,"ENGAGEMENT,PROXIMITY,INFORMATIONAL_CAMOUFLAGE,CREDIBILITY_CAMOUFLAGE",14.7,1.0,0.8125,0.0,1.0,1.0,1.0,8.0,1.0,0.0,0.6510704071726416,1.25,1.0,0.15097549999999998,0.01350052312772443,0.142012,0.02937029065796478,0.00228,0.0016619148928603748,2.0000000000000003e-06,6.324555320336758e-06,0.15100137648317918,0.013503353681897595,0.0022803774043752218,0.0016621584327842403,0.9998290000000001,3.5885620766246484e-05,30195.1,2700.104625544886,80.8,45.99710135794791
RQ4,E4b-global-sensitivity,m66_control,10,NONE,14.7,1.0,0.8125,0.0,1.0,1.0,1.0,10.0,1.0,0.0,0.6510704071726416,1.25,1.0,0.150477,0.016712853037906688,0.15903,0.02768520383004451,0.0007809999999999999,0.00031839702678678806,0.0,0.0,0.1505049157316241,0.01671671710515729,0.0007811421912935678,0.00031844374101969885,0.9998149999999999,2.2730302828301285e-05,30095.4,3342.570607581337,42.6,11.117553687749837
RQ4,E4b-global-sensitivity,m66_credibility,10,CREDIBILITY_CAMOUFLAGE,14.7,1.0,0.8125,0.0,1.0,1.0,1.0,10.0,1.0,0.0,0.6510704071726416,1.25,1.0,0.1505645,0.016718914845500924,0.15903,0.02768520383004451,0.0009435000000000001,0.00040754038654674054,0.0,0.0,0.15059243151201324,0.016722776161429222,0.0009436720768964898,0.0004076029014530478,0.9998149999999999,2.2730302828301285e-05,30112.9,3343.7829691001843,45.5,14.009917122445007
RQ4,E4b-global-sensitivity,m66_combined,10,"ENGAGEMENT,PROXIMITY,INFORMATIONAL_CAMOUFLAGE,CREDIBILITY_CAMOUFLAGE",14.7,1.0,0.8125,0.0,1.0,1.0,1.0,10.0,1.0,0.0,0.6510704071726416,1.25,1.0,0.152134,0.017379691820563956,0.15905,0.02770226344542987,0.003045,0.002471037793676531,2.2e-05,6.957010852370435e-05,0.15216221188265444,0.017383572489254377,0.003045546071680747,0.0024714520324468137,0.9998149999999999,2.2730302828301285e-05,30426.8,3475.9383641127915,100.6,68.79631773091735
RQ4,E4b-global-sensitivity,m67_control,10,NONE,1.0,1.0,0.625,0.0,1.0,1.0,1.0,7.0,1.0,0.0,2.534288122793572,1.175,0.75,0.1106695,0.015084537788005892,0.087012,0.03465051829017537,6.350000000000001e-05,5.797748605181919e-05,0.0,0.0,0.11069316155736413,0.015087711536599586,6.35135529464026e-05,5.798971665754103e-05,0.999786,2.826462256757883e-05,22133.9,3016.9075576011787,3.1,2.378141197564929
RQ4,E4b-global-sensitivity,m67_credibility,10,CREDIBILITY_CAMOUFLAGE,1.0,1.0,0.625,0.0,1.0,1.0,1.0,7.0,1.0,0.0,2.534288122793572,1.175,0.75,0.11068549999999999,0.015085184131384594,0.087012,0.03465051829017537,9.95e-05,0.00010874153862357395,0.0,0.0,0.11070916476050899,0.01508835631323646,9.952118459061268e-05,0.00010876397415423065,0.999786,2.826462256757883e-05,22137.1,3017.03682627692,3.2,2.5298221281347035
RQ4,E4b-global-sensitivity,m67_combined,10,"ENGAGEMENT,PROXIMITY,INFORMATIONAL_CAMOUFLAGE,CREDIBILITY_CAMOUFLAGE",1.0,1.0,0.625,0.0,1.0,1.0,1.0,7.0,1.0,0.0,2.534288122793572,1.175,0.75,0.11081099999999999,0.015038340777271047,0.087024,0.034640166537962515,0.0003225,0.00039123202834123895,0.0,0.0,0.11083469298697043,0.015041507055750468,0.00032257173626773413,0.00039132274504925454,0.999786,2.826462256757883e-05,22162.2,3007.6681554542106,5.0,4.346134936801766
RQ4,E4b-global-sensitivity,m68_control,10,NONE,1.0,1.0,0.8125,0.0,1.0,1.0,1.0,7.0,1.0,0.0,2.534288122793572,1.175,0.75,0.1102395,0.015138650947161703,0.087006,0.03465570858859732,5.75e-05,6.503204338375557e-05,0.0,0.0,0.11026306799661408,0.015141833557212618,5.7512060074096875e-05,6.504512606711509e-05,0.999786,2.826462256757883e-05,22047.9,3027.7301894323414,3.1,2.685351208149711
RQ4,E4b-global-sensitivity,m68_credibility,10,CREDIBILITY_CAMOUFLAGE,1.0,1.0,0.8125,0.0,1.0,1.0,1.0,7.0,1.0,0.0,2.534288122793572,1.175,0.75,0.11025700000000001,0.015136025311230893,0.087006,0.03465570858859732,9.6e-05,0.00012366621742955242,0.0,0.0,0.1102805716874066,0.015139206597393987,9.602038941229807e-05,0.00012369123565986312,0.999786,2.826462256757883e-05,22051.4,3027.2050622461784,3.3,3.0568684048294332
RQ4,E4b-global-sensitivity,m68_combined,10,"ENGAGEMENT,PROXIMITY,INFORMATIONAL_CAMOUFLAGE,CREDIBILITY_CAMOUFLAGE",1.0,1.0,0.8125,0.0,1.0,1.0,1.0,7.0,1.0,0.0,2.534288122793572,1.175,0.75,0.11033600000000002,0.015092579817763279,0.087006,0.03465570858859732,0.0002595,0.000354850907659353,0.0,0.0,0.11035959018680477,0.015095759199976211,0.00025955907869325246,0.00035493653145472726,0.999786,2.826462256757883e-05,22067.2,3018.5159635526566,4.9,4.094712037087183
RQ4,E4b-global-sensitivity,m69_control,10,NONE,4.425,1.0,0.8125,0.0,1.0,1.0,1.0,7.0,1.0,0.0,2.534288122793572,1.175,0.75,0.1032025,0.018176671136682622,0.08299999999999999,0.024059188127061423,0.00020949999999999997,0.00010166530053726952,0.0,0.0,0.10322438521591717,0.018182072370485212,0.00020954437209292715,0.00010169001863038079,0.9997905000000001,2.9102309950322227e-05,20640.5,3635.3342273365242,11.4,3.470510689285432
RQ4,E4b-global-sensitivity,m69_credibility,10,CREDIBILITY_CAMOUFLAGE,4.425,1.0,0.8125,0.0,1.0,1.0,1.0,7.0,1.0,0.0,2.534288122793572,1.175,0.75,0.10321450000000001,0.01817433239641984,0.08299999999999999,0.024059188127061423,0.00031200000000000005,0.00015585249436566616,0.0,0.0,0.10323638742631702,0.01817973192229363,0.0003120663168869194,0.0001558903864668154,0.9997905000000001,2.9102309950322227e-05,20642.9,3634.866479283967,11.8,3.7653389990514503
RQ4,E4b-global-sensitivity,m69_combined,10,"ENGAGEMENT,PROXIMITY,INFORMATIONAL_CAMOUFLAGE,CREDIBILITY_CAMOUFLAGE",4.425,1.0,0.8125,0.0,1.0,1.0,1.0,7.0,1.0,0.0,2.534288122793572,1.175,0.75,0.1036115,0.018239663442618667,0.083016,0.024064427966052578,0.0010475,0.0008010730650543404,0.0,0.0,0.1036334759764714,0.018245111928353795,0.0010477286158916631,0.0008012788995737739,0.9997905000000001,2.9102309950322227e-05,20722.3,3647.932688523734,18.5,9.513148795220223
RQ4,E4b-global-sensitivity,m70_control,10,NONE,4.425,1.0,0.8125,0.0,1.0,1.0,1.0,7.0,1.0,0.0,5.000000000000001,1.175,0.75,0.10616699999999998,0.018207333717793803,0.08318,0.02399003496824833,0.0003325,0.000138969421096873,1.8e-05,5.0288059108389634e-05,0.10618950829151888,0.018212792004338584,0.00033257022511053446,0.0001390006830258182,0.9997905000000001,2.9102309950322227e-05,21233.4,3641.4667435587608,13.6,4.060651288757616
RQ4,E4b-global-sensitivity,m70_credibility,10,CREDIBILITY_CAMOUFLAGE,4.425,1.0,0.8125,0.0,1.0,1.0,1.0,7.0,1.0,0.0,5.000000000000001,1.175,0.75,0.1062225,0.018209944055378097,0.083196,0.023977739305910854,0.0005005,0.000193813340900752,4.6e-05,9.383200117467625e-05,0.10624502045670318,0.018215406082283402,0.0005006056927117127,0.000193856899673993,0.9997905000000001,2.9102309950322227e-05,21244.5,3641.9888110756187,13.8,4.263540521418529
RQ4,E4b-global-sensitivity,m70_combined,10,"ENGAGEMENT,PROXIMITY,INFORMATIONAL_CAMOUFLAGE,CREDIBILITY_CAMOUFLAGE",4.425,1.0,0.8125,0.0,1.0,1.0,1.0,7.0,1.0,0.0,5.000000000000001,1.175,0.75,0.106769,0.01822392517787781,0.083264,0.023921961643830317,0.0016235000000000004,0.0008150359569436868,0.0002,0.00040562708653803345,0.10679163885032353,0.01822942089441258,0.0016238476082814219,0.0008152399641998325,0.9997905000000001,2.9102309950322227e-05,21353.8,3644.7850355755627,18.7,8.59004591890456
RQ4,E4b-global-sensitivity,m71_control,10,NONE,4.425,1.0,0.8125,0.0,1.0,1.0,1.0,7.0,1.0,0.0,5.000000000000001,1.25,0.75,0.10724149999999999,0.018099283603072377,0.08348599999999998,0.02394689504345442,0.000342,0.00017547079529084034,6.000000000000001e-06,1.3498971154211059e-05,0.10726423313435637,0.018104745776469575,0.00034207214299992653,0.00017550845110531445,0.9997905000000001,2.9102309950322227e-05,21448.3,3619.8567206144744,13.5,4.478342947514801
RQ4,E4b-global-sensitivity,m71_credibility,10,CREDIBILITY_CAMOUFLAGE,4.425,1.0,0.8125,0.0,1.0,1.0,1.0,7.0,1.0,0.0,5.000000000000001,1.25,0.75,0.10731249999999999,0.018093444830471987,0.08348799999999999,0.023944809133598127,0.0005350000000000001,0.00027670682439482166,1e-05,2.5385910352879697e-05,0.10733524918054224,0.018098915787236085,0.0005351141623263842,0.00027677440716208354,0.9997905000000001,2.9102309950322227e-05,21462.5,3618.6889660943966,13.6,4.575295983139597
RQ4,E4b-global-sensitivity,m71_combined,10,"ENGAGEMENT,PROXIMITY,INFORMATIONAL_CAMOUFLAGE,CREDIBILITY_CAMOUFLAGE",4.425,1.0,0.8125,0.0,1.0,1.0,1.0,7.0,1.0,0.0,5.000000000000001,1.25,0.75,0.10802599999999998,0.0181397290804221,0.08359000000000001,0.024032121559834592,0.0018735000000000002,0.0011263018393545014,0.000196,0.0003640268610357697,0.10804890168881709,0.01814523145343089,0.0018739005348675382,0.001126580166507294,0.9997905000000001,2.9102309950322227e-05,21605.2,3627.9458160844197,18.5,8.61845564923193
RQ4,E4b-global-sensitivity,m72_control,10,NONE,4.425,1.0,0.8125,0.0,1.0,1.0,1.0,7.0,1.0,0.0,5.000000000000001,1.25,0.75,0.10822400000000001,0.018172142569206188,0.08357,0.02393029553608656,0.00035,0.00017639916855435192,6.000000000000001e-06,1.3498971154211059e-05,0.10824694299221141,0.018177648357766456,0.0003500739133940647,0.00017643735427560881,0.9997905000000001,2.9102309950322227e-05,21644.8,3634.428513841237,13.6,4.3256341860022225
RQ4,E4b-global-sensitivity,m72_credibility,10,CREDIBILITY_CAMOUFLAGE,4.425,1.0,0.8125,0.0,1.0,1.0,1.0,7.0,1.0,0.0,5.000000000000001,1.25,0.75,0.10828900000000001,0.018162862568071883,0.08357200000000001,0.023928207807708643,0.0005470000000000001,0.0002724497915009092,1e-05,2.5385910352879697e-05,0.10831195796320578,0.018168378356234232,0.0005471169004510892,0.00027251686064388086,0.9997905000000001,2.9102309950322227e-05,21657.8,3632.572513614376,13.6,4.3256341860022225
RQ4,E4b-global-sensitivity,m72_combined,10,"ENGAGEMENT,PROXIMITY,INFORMATIONAL_CAMOUFLAGE,CREDIBILITY_CAMOUFLAGE",4.425,1.0,0.8125,0.0,1.0,1.0,1.0,7.0,1.0,0.0,5.000000000000001,1.25,0.75,0.109006,0.0182072260990581,0.083674,0.024015280413381256,0.0018870000000000002,0.0011233981188044303,0.000196,0.0003640268610357697,0.10902911128417052,0.018212773691143404,0.0018874036530875423,0.0011236762360339672,0.9997905000000001,2.9102309950322227e-05,21801.2,3641.4452198116187,18.6,8.461678320522472
RQ4,E4b-global-sensitivity,m73_control,10,NONE,4.425,1.0,0.8125,0.0,1.0,1.0,1.0,7.0,1.0,0.0,5.000000000000001,1.25,0.875,0.10825099999999999,0.0180895826068179,0.08343799999999998,0.023839135797162524,0.00032,0.0001466287829861518,4.000000000000001e-06,1.2649110640673517e-05,0.10827394566724291,0.018095057664348557,0.00032006750950822364,0.00014666112629801168,0.9997905000000001,2.9102309950322227e-05,21650.2,3617.9165213635806,12.8,3.5213633723318014
RQ4,E4b-global-sensitivity,m73_credibility,10,CREDIBILITY_CAMOUFLAGE,4.425,1.0,0.8125,0.0,1.0,1.0,1.0,7.0,1.0,0.0,5.000000000000001,1.25,0.875,0.108293,0.01806765437029512,0.083444,0.02385303297742705,0.00047749999999999995,0.0002526553427541603,1.2000000000000002e-05,2.6997942308422117e-05,0.10831595454416727,0.018073128309395847,0.00047760153700382994,0.00025271448275413367,0.9997905000000001,2.9102309950322227e-05,21658.6,3613.5308740590244,12.9,3.6953424138441564
RQ4,E4b-global-sensitivity,m73_combined,10,"ENGAGEMENT,PROXIMITY,INFORMATIONAL_CAMOUFLAGE,CREDIBILITY_CAMOUFLAGE",4.425,1.0,0.8125,0.0,1.0,1.0,1.0,7.0,1.0,0.0,5.000000000000001,1.25,0.875,0.109186,0.01802302644458533,0.083616,0.023731111881054184,0.0022335000000000002,0.0011313979798854552,0.000288,0.0005576299051441835,0.10920914284467953,0.018028509324747657,0.002233970528569538,0.001131657435286405,0.9997905000000001,2.9102309950322227e-05,21837.2,3604.6052889170664,17.6,8.248905651323964
RQ4,E4b-global-sensitivity,m74_control,10,NONE,4.425,1.0,0.8125,0.0,1.0,1.0,1.0,7.0,1.0,0.0,5.000000000000001,1.25,0.875,0.11020249999999998,0.018243326824105052,0.08352200000000001,0.023751731539218588,0.0003225,0.00014568325611102707,4.000000000000001e-06,1.2649110640673517e-05,0.1102258551246924,0.018248865690222386,0.00032256800710920707,0.0001457154689845508,0.9997905000000001,2.9102309950322227e-05,22040.5,3648.6653648210113,12.9,3.573047252229764
RQ4,E4b-global-sensitivity,m74_credibility,10,CREDIBILITY_CAMOUFLAGE,4.425,1.0,0.8125,0.0,1.0,1.0,1.0,7.0,1.0,0.0,5.000000000000001,1.25,0.875,0.11025449999999999,0.01823616788600792,0.083528,0.023760054620214067,0.00048000000000000007,0.00025211329023102117,1.2000000000000002e-05,2.6997942308422117e-05,0.11027786716503278,0.018241714485206163,0.0004801020346048134,0.0002521724049948572,0.9997905000000001,2.9102309950322227e-05,22050.9,3647.2335772015845,13.0,3.7416573867739413
RQ4,E4b-global-sensitivity,m74_combined,10,"ENGAGEMENT,PROXIMITY,INFORMATIONAL_CAMOUFLAGE,CREDIBILITY_CAMOUFLAGE",4.425,1.0,0.8125,0.0,1.0,1.0,1.0,7.0,1.0,0.0,5.000000000000001,1.25,0.875,0.11114349999999999,0.018187919380426364,0.0837,0.023637800236062576,0.0022425,0.0011408336376917052,0.000288,0.0005576299051441835,0.11116705432273219,0.018193472684374053,0.002242972228893026,0.0011410941373428483,0.9997905000000001,2.9102309950322227e-05,22228.7,3637.5838760852725,17.8,8.430104783848577
RQ4,E4b-global-sensitivity,m75_control,10,NONE,4.425,1.0,0.8125,0.0,1.0,1.0,1.0,7.0,1.0,0.0,5.000000000000001,1.25,0.875,0.1102155,0.01824082592093291,0.08352200000000001,0.023751731539218588,0.0003225,0.00014568325611102707,4.000000000000001e-06,1.2649110640673517e-05,0.11023885786527918,0.018246364637531567,0.00032256800710920707,0.0001457154689845508,0.9997905000000001,2.9102309950322227e-05,22043.1,3648.165184186581,12.9,3.573047252229764
RQ4,E4b-global-sensitivity,m75_credibility,10,CREDIBILITY_CAMOUFLAGE,4.425,1.0,0.8125,0.0,1.0,1.0,1.0,7.0,1.0,0.0,5.000000000000001,1.25,0.875,0.11027799999999999,0.018230199182187296,0.08353000000000001,0.023757970826183326,0.00048000000000000007,0.00025211329023102117,1.2000000000000002e-05,2.6997942308422117e-05,0.11030137226115758,0.018235746456298593,0.0004801020346048134,0.0002521724049948572,0.9997905000000001,2.9102309950322227e-05,22055.6,3646.0398364374587,13.0,3.7416573867739413
RQ4,E4b-global-sensitivity,m75_combined,10,"ENGAGEMENT,PROXIMITY,INFORMATIONAL_CAMOUFLAGE,CREDIBILITY_CAMOUFLAGE",4.425,1.0,0.8125,0.0,1.0,1.0,1.0,7.0,1.0,0.0,5.000000000000001,1.25,0.875,0.111291,0.018154188650434246,0.083714,0.02362539321248314,0.0022595000000000002,0.0011464472900612958,0.000288,0.0005576299051441835,0.11131458514429164,0.018159739181186452,0.0022599752394256694,0.0011467071570286547,0.9997905000000001,2.9102309950322227e-05,22258.2,3630.837730086849,17.9,8.332666639997866
RQ4,E4b-global-sensitivity,m76_control,10,NONE,4.425,1.0,0.8125,0.0,1.0,1.0,1.0,7.0,1.0,0.0,5.000000000000001,1.25,0.875,0.1301405,0.020651356755267518,0.10056399999999999,0.027235553234696737,0.00033400000000000004,0.00015309401613968385,4.000000000000001e-06,1.2649110640673517e-05,0.13016803076240113,0.02065749849632466,0.000334070592690913,0.0001531283943338191,0.9997905000000001,2.9102309950322227e-05,26028.1,4130.271351053503,12.9,3.573047252229764
RQ4,E4b-global-sensitivity,m76_credibility,10,CREDIBILITY_CAMOUFLAGE,4.425,1.0,0.8125,0.0,1.0,1.0,1.0,7.0,1.0,0.0,5.000000000000001,1.25,0.875,0.13020299999999999,0.020643610822183647,0.10057,0.027242808225291314,0.0004930000000000001,0.00025504030182611445,1.2000000000000002e-05,2.6997942308422117e-05,0.13023054478310667,0.020649758183249017,0.0004931049777723276,0.00025510053474832664,0.9997905000000001,2.9102309950322227e-05,26040.6,4128.722164436729,13.0,3.7416573867739413
RQ4,E4b-global-sensitivity,m76_combined,10,"ENGAGEMENT,PROXIMITY,INFORMATIONAL_CAMOUFLAGE,CREDIBILITY_CAMOUFLAGE",4.425,1.0,0.8125,0.0,1.0,1.0,1.0,7.0,1.0,0.0,5.000000000000001,1.25,0.875,0.131188,0.020516793013420874,0.10078799999999999,0.02715319371434765,0.002273,0.0011138003012708838,0.000308,0.00046410726729448603,0.13121575168996774,0.020522938536951932,0.0022734776673513524,0.0011140530378750651,0.9997905000000001,2.9102309950322227e-05,26237.6,4103.358602684175,18.3,8.380532998165053
RQ4,E4b-global-sensitivity,m77_control,10,NONE,4.425,1.0,0.8125,0.0,1.0,1.0,1.0,8.0,1.0,0.0,5.000000000000001,1.25,0.875,0.14240049999999999,0.012240815252896992,0.132842,0.025636048317424696,0.0003755,0.00011910429603223108,2.4000000000000004e-05,5.146735750831677e-05,0.14242686871209748,0.012239750372793274,0.0003755695832543493,0.00011912476154626479,0.999813,3.4334951418159324e-05,28480.1,2448.1630505793973,13.6,3.1692971530679235
RQ4,E4b-global-sensitivity,m77_credibility,10,CREDIBILITY_CAMOUFLAGE,4.425,1.0,0.8125,0.0,1.0,1.0,1.0,8.0,1.0,0.0,5.000000000000001,1.25,0.875,0.1424845,0.012260682972185704,0.132842,0.02564782416589065,0.000564,0.00015577405289571032,3.0000000000000004e-05,5.597618541248889e-05,0.14251088403995868,0.01225962156867016,0.0005641041647658092,0.00015579690586063917,0.999813,3.4334951418159324e-05,28496.9,2452.136594437141,13.8,3.5213633723318014
RQ4,E4b-global-sensitivity,m77_combined,10,"ENGAGEMENT,PROXIMITY,INFORMATIONAL_CAMOUFLAGE,CREDIBILITY_CAMOUFLAGE",4.425,1.0,0.8125,0.0,1.0,1.0,1.0,8.0,1.0,0.0,5.000000000000001,1.25,0.875,0.1434315,0.012460368964128722,0.133004,0.025776383333931424,0.0023569999999999997,0.0013771451952822146,0.000334,0.0005805016987246655,0.14345805288077979,0.012459284546695164,0.0023574238206737997,0.0013773580441940423,0.999813,3.4334951418159324e-05,28686.3,2492.073792825744,17.5,7.3673453684334484
RQ4,E4b-global-sensitivity,m78_control,10,NONE,11.275,1.0,0.8125,0.0,1.0,1.0,1.0,5.0,1.0,0.0,1.2845232578665131,1.175,0.75,0.0790205,0.010972945378419498,0.07800800000000001,0.02742327511034701,0.0005195000000000001,0.00014484570334593214,2.2000000000000003e-05,4.848825745591515e-05,0.07903483247437779,0.010974452936631084,0.0005195929697025337,0.00014486429234086771,0.9998180000000001,3.4091380468136505e-05,15804.1,2194.589075683899,28.8,4.491968140779471
RQ4,E4b-global-sensitivity,m78_credibility,10,CREDIBILITY_CAMOUFLAGE,11.275,1.0,0.8125,0.0,1.0,1.0,1.0,5.0,1.0,0.0,1.2845232578665131,1.175,0.75,0.079071,0.010953137500785387,0.07800800000000001,0.02742327511034701,0.000633,0.0002078086726882313,2.4000000000000004e-05,5.146735750831676e-05,0.07908534185113524,0.010954642122211993,0.0006331134435165133,0.00020783934260739357,0.9998180000000001,3.4091380468136505e-05,15814.2,2190.627500157077,29.9,4.998888765404657
RQ4,E4b-global-sensitivity,m78_combined,10,"ENGAGEMENT,PROXIMITY,INFORMATIONAL_CAMOUFLAGE,CREDIBILITY_CAMOUFLAGE",11.275,1.0,0.8125,0.0,1.0,1.0,1.0,5.0,1.0,0.0,1.2845232578665131,1.175,0.75,0.079436,0.011045168325260297,0.07800800000000001,0.02742327511034701,0.0013615,0.0005627020624727717,2.4000000000000004e-05,5.146735750831676e-05,0.07945040815613327,0.011046690539285562,0.001361745990949343,0.0005628042716933658,0.9998180000000001,3.4091380468136505e-05,15887.2,2209.0336650520594,44.5,14.057421922639696
RQ4,E4b-global-sensitivity,m79_control,10,NONE,11.275,1.0,0.8125,0.0,1.0,1.0,1.0,5.0,1.0,0.0,1.2845232578665131,1.175,0.75,0.0792945,0.011039093272446692,0.07801000000000001,0.027425869782621907,0.0005125,0.00013982628110941408,2.2000000000000003e-05,4.848825745591515e-05,0.07930888261386082,0.011040613965368217,0.000512592177114887,0.00013984611974614716,0.9998180000000001,3.4091380468136505e-05,15858.9,2207.8186544893383,28.6,4.376706016578627
RQ4,E4b-global-sensitivity,m79_credibility,10,CREDIBILITY_CAMOUFLAGE,11.275,1.0,0.8125,0.0,1.0,1.0,1.0,5.0,1.0,0.0,1.2845232578665131,1.175,0.75,0.07935299999999999,0.011026564187351281,0.07801000000000001,0.027425869782621907,0.0006414999999999999,0.0002134251104668281,2.4000000000000004e-05,5.146735750831676e-05,0.07936739299824853,0.011028078556406962,0.000641614481149319,0.0002134544992736581,0.9998180000000001,3.4091380468136505e-05,15870.6,2205.3128374702555,30.1,5.152130088074683
RQ4,E4b-global-sensitivity,m79_combined,10,"ENGAGEMENT,PROXIMITY,INFORMATIONAL_CAMOUFLAGE,CREDIBILITY_CAMOUFLAGE",11.275,1.0,0.8125,0.0,1.0,1.0,1.0,5.0,1.0,0.0,1.2845232578665131,1.175,0.75,0.07971349999999999,0.011092736124249157,0.07801000000000001,0.027425869782621907,0.0013725,0.0005828486081307906,2.4000000000000004e-05,5.146735750831676e-05,0.0797279597985058,0.011094276121839917,0.0013727495068051074,0.0005829589391530355,0.9998180000000001,3.4091380468136505e-05,15942.7,2218.5472248498313,44.5,13.906433363335434
RQ4,E4b-global-sensitivity,m80_control,10,NONE,11.275,1.0,0.8125,0.0,1.0,1.0,1.0,7.0,1.0,0.0,1.2845232578665131,1.175,0.75,0.07342,0.016676585381905973,0.07101600000000001,0.02471547027897934,0.0005055,0.0001343182373651802,0.0,0.0,0.07343432263987214,0.01667910249491901,0.0005055989597618218,0.0001343434023745282,0.9998035,2.828918128503598e-05,14684.0,3335.3170763811945,29.0,6.253887679764573
RQ4,E4b-global-sensitivity,m80_credibility,10,CREDIBILITY_CAMOUFLAGE,11.275,1.0,0.8125,0.0,1.0,1.0,1.0,7.0,1.0,0.0,1.2845232578665131,1.175,0.75,0.0734715,0.016672018482408714,0.07101600000000001,0.02471547027897934,0.00062,0.00013725483193275525,0.0,0.0,0.07348583269687017,0.016674533982368355,0.0006201221220367362,0.0001372838657186708,0.9998035,2.828918128503598e-05,14694.3,3334.403696481743,30.1,5.801340841181076
RQ4,E4b-global-sensitivity,m80_combined,10,"ENGAGEMENT,PROXIMITY,INFORMATIONAL_CAMOUFLAGE,CREDIBILITY_CAMOUFLAGE",11.275,1.0,0.8125,0.0,1.0,1.0,1.0,7.0,1.0,0.0,1.2845232578665131,1.175,0.75,0.07388549999999999,0.016666674741664715,0.07101600000000001,0.02471547027897934,0.001428,0.0005969422082580525,0.0,0.0,0.07389991236508006,0.016669179466399668,0.00142827449395569,0.0005970320558152018,0.9998035,2.828918128503598e-05,14777.1,3333.334948332942,42.1,12.404748194855781
RQ4,E4b-global-sensitivity,m81_control,10,NONE,11.275,1.0,0.8125,0.0,1.0,1.0,1.0,7.0,1.0,0.0,1.2845232578665131,1.175,0.75,0.10095749999999999,0.019853306784457285,0.10303600000000002,0.030257964681496118,0.000543,0.00014979986648859203,2.0000000000000003e-06,6.324555320336758e-06,0.1009772598451043,0.01985645976134239,0.0005431066138572485,0.00014982999718016568,0.9998035,2.828918128503598e-05,20191.5,3970.6613568914577,30.2,6.0332412515993425
RQ4,E4b-global-sensitivity,m81_credibility,10,CREDIBILITY_CAMOUFLAGE,11.275,1.0,0.8125,0.0,1.0,1.0,1.0,7.0,1.0,0.0,1.2845232578665131,1.175,0.75,0.10098200000000002,0.01980447258687907,0.10303600000000002,0.030257964681496118,0.0006485,0.00013393717432687112,2.0000000000000003e-06,6.324555320336758e-06,0.10100176477359982,0.019807616562794558,0.0006486278932230832,0.0001339667481699182,0.9998035,2.828918128503598e-05,20196.4,3960.8945173758134,31.7,5.538752366533259
RQ4,E4b-global-sensitivity,m81_combined,10,"ENGAGEMENT,PROXIMITY,INFORMATIONAL_CAMOUFLAGE,CREDIBILITY_CAMOUFLAGE",11.275,1.0,0.8125,0.0,1.0,1.0,1.0,7.0,1.0,0.0,1.2845232578665131,1.175,0.75,0.101491,0.019875445739236473,0.10303600000000002,0.030257964681496118,0.0017239999999999998,0.0006745031092919028,2.0000000000000003e-06,6.324555320336758e-06,0.10151086435104384,0.019878602011505115,0.0017243369998616667,0.0006746252303860535,0.9998035,2.828918128503598e-05,20298.2,3975.0891478472945,47.8,12.734903917100347
RQ4,E4b-global-sensitivity,m82_control,10,NONE,11.275,1.0,0.8125,0.0,1.0,1.0,1.0,7.0,1.0,0.0,1.2845232578665131,1.175,0.75,0.10099200000000001,0.019857766630604647,0.10303600000000002,0.030257964681496118,0.000543,0.00014979986648859203,2.0000000000000003e-06,6.324555320336758e-06,0.10101176690907261,0.019860922053246393,0.0005431066138572485,0.00014982999718016568,0.9998035,2.828918128503598e-05,20198.4,3971.5533261209303,30.2,6.0332412515993425
RQ4,E4b-global-sensitivity,m82_credibility,10,CREDIBILITY_CAMOUFLAGE,11.275,1.0,0.8125,0.0,1.0,1.0,1.0,7.0,1.0,0.0,1.2845232578665131,1.175,0.75,0.10102799999999998,0.019806450015644458,0.10303600000000002,0.030257964681496118,0.0006490000000000001,0.0001336413109783049,2.0000000000000003e-06,6.324555320336758e-06,0.10104777422557025,0.019809596616775425,0.0006491280007462007,0.00013367087097736967,0.9998035,2.828918128503598e-05,20205.6,3961.290003128891,31.8,5.493430419854044
RQ4,E4b-global-sensitivity,m82_combined,10,"ENGAGEMENT,PROXIMITY,INFORMATIONAL_CAMOUFLAGE,CREDIBILITY_CAMOUFLAGE",11.275,1.0,0.8125,0.0,1.0,1.0,1.0,7.0,1.0,0.0,1.2845232578665131,1.175,0.75,0.101637,0.019880149116364522,0.10303600000000002,0.030257964681496118,0.001744,0.0006921857489945246,2.0000000000000003e-06,6.324555320336758e-06,0.10165689387463606,0.019883309960999133,0.001744341250793827,0.0006923141625711024,0.9998035,2.828918128503598e-05,20327.4,3976.0298232729033,48.3,13.41682194527121
RQ4,E4b-global-sensitivity,m83_control,10,NONE,11.275,1.0,0.8125,0.0,1.0,1.0,1.0,7.0,1.0,0.0,2.534288122793572,1.175,0.75,0.10288400000000002,0.01941371276529385,0.10301400000000001,0.03023239182657494,0.000692,0.00016430324268119467,4.000000000000001e-06,1.2649110640673517e-05,0.10290413201832076,0.01941673383316971,0.0006921355721128811,0.00016433745601998905,0.9998035,2.828918128503598e-05,20576.8,3882.7425530587698,31.0,6.4635731432217725
RQ4,E4b-global-sensitivity,m83_credibility,10,CREDIBILITY_CAMOUFLAGE,11.275,1.0,0.8125,0.0,1.0,1.0,1.0,7.0,1.0,0.0,2.534288122793572,1.175,0.75,0.10302850000000001,0.019384744151866782,0.10301400000000001,0.03023239182657494,0.0009695000000000001,0.00029171380571451266,6.000000000000001e-06,1.3498971154211059e-05,0.10304866307254627,0.01938777603687698,0.000969693284280203,0.0002917881030763814,0.9998035,2.828918128503598e-05,20605.7,3876.948830373356,32.2,6.321040701937898
RQ4,E4b-global-sensitivity,m83_combined,10,"ENGAGEMENT,PROXIMITY,INFORMATIONAL_CAMOUFLAGE,CREDIBILITY_CAMOUFLAGE",11.275,1.0,0.8125,0.0,1.0,1.0,1.0,7.0,1.0,0.0,2.534288122793572,1.175,0.75,0.10395649999999998,0.019504810240040787,0.10300000000000001,0.030203016773531457,0.0027645,0.0010824366802112105,0.0,0.0,0.10397685012856561,0.019507905324162855,0.0027650530303962215,0.001082691215269964,0.9998035,2.828918128503598e-05,20791.3,3900.9620480081576,45.2,12.53262409340784
RQ4,E4b-global-sensitivity,m84_control,10,NONE,11.275,1.0,0.8125,0.0,1.0,1.0,1.0,7.0,1.0,0.0,2.534288122793572,1.175,0.75,0.10351650000000001,0.019456294903935044,0.10301400000000001,0.03023239182657494,0.0006945,0.00016504965582784132,4.000000000000001e-06,1.2649110640673517e-05,0.10353676260060177,0.019459362153745805,0.000694636142243111,0.0001650844991392489,0.9998035,2.828918128503598e-05,20703.3,3891.2589807870095,31.0,6.4635731432217725
RQ4,E4b-global-sensitivity,m84_credibility,10,CREDIBILITY_CAMOUFLAGE,11.275,1.0,0.8125,0.0,1.0,1.0,1.0,7.0,1.0,0.0,2.534288122793572,1.175,0.75,0.10365600000000001,0.0194256237995077,0.10301800000000001,0.030233421462569087,0.0009695000000000001,0.00029171380571451266,6.000000000000001e-06,1.3498971154211059e-05,0.10367629263461602,0.019428701282740945,0.000969693284280203,0.0002917881030763814,0.9998035,2.828918128503598e-05,20731.2,3885.12475990154,32.2,6.321040701937898
RQ4,E4b-global-sensitivity,m84_combined,10,"ENGAGEMENT,PROXIMITY,INFORMATIONAL_CAMOUFLAGE,CREDIBILITY_CAMOUFLAGE",11.275,1.0,0.8125,0.0,1.0,1.0,1.0,7.0,1.0,0.0,2.534288122793572,1.175,0.75,0.104594,0.01955828068449099,0.10300200000000001,0.030200589324639933,0.0027895000000000003,0.001131460339561224,0.0,0.0,0.10461448210622197,0.019561427460442007,0.0027900590118273643,0.0011317294854179313,0.9998035,2.828918128503598e-05,20918.8,3911.656136898198,45.2,12.53262409340784
RQ4,E4b-global-sensitivity,m85_control,10,NONE,11.275,1.0,1.0,0.0,1.0,1.0,1.0,7.0,1.0,0.0,2.534288122793572,1.175,0.75,0.102958,0.01949183378865222,0.103002,0.03020206093041408,0.0006640000000000001,0.0001573884084394753,0.0,0.0,0.10297815650753797,0.01949492826382734,0.0006641303561329456,0.00015742300389985544,0.9998035,2.828918128503598e-05,20591.6,3898.366757730444,31.0,6.236095644623235
RQ4,E4b-global-sensitivity,m85_credibility,10,CREDIBILITY_CAMOUFLAGE,11.275,1.0,1.0,0.0,1.0,1.0,1.0,7.0,1.0,0.0,2.534288122793572,1.175,0.75,0.1030925,0.019458610811726056,0.103002,0.03020206093041408,0.0009085000000000001,0.00024265945502104612,0.0,0.0,0.10311268469100361,0.019461710348012518,0.0009086809742386298,0.00024272296903867966,0.9998035,2.828918128503598e-05,20618.5,3891.7221623452115,32.0,6.128258770283412
RQ4,E4b-global-sensitivity,m85_combined,10,"ENGAGEMENT,PROXIMITY,INFORMATIONAL_CAMOUFLAGE,CREDIBILITY_CAMOUFLAGE",11.275,1.0,1.0,0.0,1.0,1.0,1.0,7.0,1.0,0.0,2.534288122793572,1.175,0.75,0.10381149999999999,0.019586325594091857,0.10300000000000001,0.03020448973248845,0.0022774999999999996,0.0008393656665734085,8.000000000000001e-06,2.5298221281347037e-05,0.10383182946335072,0.019589478938108935,0.0022779533496899633,0.0008395676137111298,0.9998035,2.828918128503598e-05,20762.3,3917.265118818371,41.9,9.791719858011552
RQ4,E4b-global-sensitivity,m86_control,10,NONE,11.275,1.0,1.0,0.0,1.0,1.0,1.0,7.0,1.0,0.0,2.534288122793572,1.25,0.75,0.10329200000000001,0.01936479741409367,0.10306200000000001,0.03023313333267181,0.0007045,0.00016815089123231616,5.999999999999999e-06,1.8973665961010275e-05,0.10331221962716423,0.019367853528026564,0.0007046387003463583,0.00016818733935465078,0.9998035,2.828918128503598e-05,20658.4,3872.959482818734,30.8,6.596295256514153
RQ4,E4b-global-sensitivity,m86_credibility,10,CREDIBILITY_CAMOUFLAGE,11.275,1.0,1.0,0.0,1.0,1.0,1.0,7.0,1.0,0.0,2.534288122793572,1.25,0.75,0.10343899999999999,0.01935809546417209,0.10305400000000002,0.030242837976765486,0.0009885000000000002,0.00025799493965752296,0.0,0.0,0.10345924914320781,0.01936115394653289,0.0009886944940349092,0.0002580481826310373,0.9998035,2.828918128503598e-05,20687.8,3871.6190928344176,32.2,5.902918298980976
RQ4,E4b-global-sensitivity,m86_combined,10,"ENGAGEMENT,PROXIMITY,INFORMATIONAL_CAMOUFLAGE,CREDIBILITY_CAMOUFLAGE",11.275,1.0,1.0,0.0,1.0,1.0,1.0,7.0,1.0,0.0,2.534288122793572,1.25,0.75,0.1043935,0.01957484710455401,0.103052,0.030242320898590656,0.0027635,0.0011197247925767793,1e-05,2.5385910352879697e-05,0.10441393888683703,0.019577972469604302,0.00276404771343607,0.0011199718479609432,0.9998035,2.828918128503598e-05,20878.7,3914.969420910803,42.7,8.857514073122072
RQ4,E4b-global-sensitivity,m87_control,10,NONE,14.7,1.0,1.0,0.0,1.0,1.0,1.0,7.0,1.0,0.0,2.534288122793572,1.25,0.75,0.11224450000000001,0.017653805452209004,0.11004,0.03624980122550865,0.000932,0.0001748840885971175,1.1999999999999999e-05,3.794733192202055e-05,0.11226549339119143,0.01765769508773569,0.0009321712271436626,0.00017490314082195012,0.9998140000000001,2.9230881691187355e-05,22448.9,3530.761090441801,44.9,6.640783086353596
RQ4,E4b-global-sensitivity,m87_credibility,10,CREDIBILITY_CAMOUFLAGE,14.7,1.0,1.0,0.0,1.0,1.0,1.0,7.0,1.0,0.0,2.534288122793572,1.25,0.75,0.112374,0.017592003675912904,0.11002,0.03620068262094269,0.0012575,0.00022477457843606585,0.0,0.0,0.1123950173357114,0.017595885083609618,0.0012577314235206346,0.00022479861153329596,0.9998140000000001,2.9230881691187355e-05,22474.8,3518.400735182582,46.2,6.2325311426774626
RQ4,E4b-global-sensitivity,m87_combined,10,"ENGAGEMENT,PROXIMITY,INFORMATIONAL_CAMOUFLAGE,CREDIBILITY_CAMOUFLAGE",14.7,1.0,1.0,0.0,1.0,1.0,1.0,7.0,1.0,0.0,2.534288122793572,1.25,0.75,0.11378199999999998,0.017704698403405675,0.110074,0.0361676590340044,0.0039585,0.0008069112921091966,8.400000000000001e-05,0.00012429355932182847,0.11380328253661964,0.01770862555858668,0.00395924037630247,0.0008070762495118095,0.9998140000000001,2.9230881691187355e-05,22756.4,3540.9396806811355,64.4,9.890511727015049
RQ4,E4b-global-sensitivity,m88_control,10,NONE,14.7,1.0,1.0,0.0,1.0,1.0,1.0,7.0,1.0,0.0,2.534288122793572,1.25,0.875,0.11228500000000001,0.017712439288690752,0.11004600000000002,0.03619766603894051,0.0008805,0.00014898639013159707,4.000000000000001e-06,1.2649110640673517e-05,0.11230600519429716,0.01771636855380426,0.0008806624156128672,0.000149005223774422,0.9998140000000001,2.9230881691187355e-05,22457.0,3542.487857738149,43.2,6.5625198412398476
RQ4,E4b-global-sensitivity,m88_credibility,10,CREDIBILITY_CAMOUFLAGE,14.7,1.0,1.0,0.0,1.0,1.0,1.0,7.0,1.0,0.0,2.534288122793572,1.25,0.875,0.11246199999999999,0.017632888967305763,0.110034,0.036168178831674676,0.0012929999999999999,0.00022482338747460313,0.0,0.0,0.11248303736776788,0.017636804172946354,0.0012932380147754534,0.0002248458274070076,0.9998140000000001,2.9230881691187355e-05,22492.4,3526.577793461153,43.9,6.4713041790490555
RQ4,E4b-global-sensitivity,m88_combined,10,"ENGAGEMENT,PROXIMITY,INFORMATIONAL_CAMOUFLAGE,CREDIBILITY_CAMOUFLAGE",14.7,1.0,1.0,0.0,1.0,1.0,1.0,7.0,1.0,0.0,2.534288122793572,1.25,0.875,0.113648,0.01755775979129709,0.110036,0.03616389212091715,0.0037090000000000005,0.0008277103626537757,6.000000000000001e-06,1.3498971154211059e-05,0.11366926112581513,0.01756169044406415,0.0037096938075939154,0.0008278810412057036,0.9998140000000001,2.9230881691187355e-05,22729.6,3511.5519582594184,59.1,11.415875885021798
