condition,point,strategy,memory_half_life,contacts,target_reach,wom_receiver_scale,base,traditional_fake_probability,unknown_fake_probability,target_fake_probability,mixed_fake_probability,source_attribute_contrast,metric,n_pairs,effect,se,ci95_low,ci95_high,cohens_dz,p_value,control_mean,treatment_mean,relative_effect_percent,p_holm
m01_credibility,1,credibility,0.6510704071726416,8.0,11.275,0.625,1.25,0.125,0.2624999999999999,0.55,0.425,0.75,fake_repost_share_all,10,6.450000000000067e-05,3.361919094802936e-05,-1.1551893610564518e-05,0.00014055189361056585,0.6066978512248178,0.08725933162688443,0.1315125,0.131577,0.04904476760764236,1.0
m01_credibility,1,credibility,0.6510704071726416,8.0,11.275,0.625,1.25,0.125,0.2624999999999999,0.55,0.425,0.75,fake_repost_share_final100,10,-4.000000000004e-06,1.1469767022722871e-05,-2.9946415626083186e-05,2.1946415626075185e-05,-0.11028219331418751,0.7353018404224996,0.121556,0.121552,-0.0032906643851426504,1.0
m01_credibility,1,credibility,0.6510704071726416,8.0,11.275,0.625,1.25,0.125,0.2624999999999999,0.55,0.425,0.75,target_share_all,10,0.00017,3.58856207662314e-05,8.882108594220964e-05,0.0002511789140577904,1.4980574133874187,0.0010629903487740233,0.0006455,0.0008155,26.336173508907823,0.05846446918257128
m01_credibility,1,credibility,0.6510704071726416,8.0,11.275,0.625,1.25,0.125,0.2624999999999999,0.55,0.425,0.75,target_share_final100,10,3.2e-05,1.9821424996424675e-05,-1.2839178532529462e-05,7.683917853252946e-05,0.5105227557738204,0.14089470798331993,9.400000000000001e-05,0.000126,34.042553191489354,1.0
m01_credibility,1,credibility,0.6510704071726416,8.0,11.275,0.625,1.25,0.125,0.2624999999999999,0.55,0.425,0.75,fake_repost_share_decisions,10,6.451148709549493e-05,3.3625961348662396e-05,-1.1555722225357299e-05,0.00014057869641634715,0.6066837237783219,0.08726557550641888,0.13153567581391512,0.13160018730101064,0.049044859272065464,1.0
m01_credibility,1,credibility,0.6510704071726416,8.0,11.275,0.625,1.25,0.125,0.2624999999999999,0.55,0.425,0.75,target_share_decisions,10,0.00017002865743620744,3.58922700761593e-05,8.883470159433601e-05,0.0002512226132780789,1.4980323725917863,0.0010631084496505925,0.000645613808134987,0.0008156424655711943,26.335969784688572,0.05847096473078259
m01_credibility,1,credibility,0.6510704071726416,8.0,11.275,0.625,1.25,0.125,0.2624999999999999,0.55,0.425,0.75,participation_rate,10,0.0,0.0,0.0,0.0,,,0.9998239999999999,0.9998239999999999,0.0,
m01_credibility,1,credibility,0.6510704071726416,8.0,11.275,0.625,1.25,0.125,0.2624999999999999,0.55,0.425,0.75,cumulative_fake_reposts,10,12.9,6.723838189605695,-2.310378722112638,28.11037872211264,0.6066978512248274,0.08725933162688007,26302.5,26315.4,0.049044767607641856,1.0
m01_credibility,1,credibility,0.6510704071726416,8.0,11.275,0.625,1.25,0.125,0.2624999999999999,0.55,0.425,0.75,target_unique_reposters_p400,10,3.8,0.9521904571390466,1.6459955370348083,5.954004462965191,1.2620012118946358,0.003153927969477252,33.4,37.2,11.377245508982035,0.2554681655276574
m01_combined,1,combined,0.6510704071726416,8.0,11.275,0.625,1.25,0.125,0.2624999999999999,0.55,0.425,0.75,fake_repost_share_all,10,0.0007614999999999997,0.00013204386897290398,0.0004627960159993573,0.001060203984000642,1.8236927295067125,0.00027044014259720655,0.1315125,0.132274,0.5790324113677404,0.015955968413235187
m01_combined,1,combined,0.6510704071726416,8.0,11.275,0.625,1.25,0.125,0.2624999999999999,0.55,0.425,0.75,fake_repost_share_final100,10,0.0002799999999999983,0.00014730165571974266,-5.32194955784527e-05,0.0006132194955784493,0.6011050863757987,0.08976439373156142,0.121556,0.12183600000000001,0.23034650695975376,1.0
m01_combined,1,combined,0.6510704071726416,8.0,11.275,0.625,1.25,0.125,0.2624999999999999,0.55,0.425,0.75,target_share_all,10,0.0014800000000000002,0.00017785918275109913,0.0010776545757701663,0.001882345424229834,2.6313912302176474,1.614017676970481e-05,0.0006455,0.0021255,229.27962819519757,0.0013396346718854992
m01_combined,1,combined,0.6510704071726416,8.0,11.275,0.625,1.25,0.125,0.2624999999999999,0.55,0.425,0.75,target_share_final100,10,0.000488,0.00019395761278061645,4.9237396969087853e-05,0.0009267626030309121,0.7956333737246281,0.032983687065327894,9.400000000000001e-05,0.000582,519.1489361702127,1.0
m01_combined,1,combined,0.6510704071726416,8.0,11.275,0.625,1.25,0.125,0.2624999999999999,0.55,0.425,0.75,fake_repost_share_decisions,10,0.0007616352347614555,0.000132069593953575,0.0004628730568115253,0.0010603974127113857,1.8236613106646518,0.0002704739303972225,0.13153567581391512,0.13229731104867662,0.5790332014859213,0.015957961893436127
m01_combined,1,combined,0.6510704071726416,8.0,11.275,0.625,1.25,0.125,0.2624999999999999,0.55,0.425,0.75,target_share_decisions,10,0.0014802613549859658,0.00017789481143277267,0.0010778353330786832,0.0018826873768932485,2.6313288040172362,1.614326223467788e-05,0.000645613808134987,0.002125875163120953,229.27969264815792,0.001339890765478264
m01_combined,1,combined,0.6510704071726416,8.0,11.275,0.625,1.25,0.125,0.2624999999999999,0.55,0.425,0.75,participation_rate,10,0.0,0.0,0.0,0.0,,,0.9998239999999999,0.9998239999999999,0.0,
m01_combined,1,combined,0.6510704071726416,8.0,11.275,0.625,1.25,0.125,0.2624999999999999,0.55,0.425,0.75,cumulative_fake_reposts,10,152.3,26.40877379458072,92.5592031998717,212.0407968001283,1.8236927295067187,0.00027044014259719994,26302.5,26454.8,0.5790324113677408,0.015955968413234795
m01_combined,1,combined,0.6510704071726416,8.0,11.275,0.625,1.25,0.125,0.2624999999999999,0.55,0.425,0.75,target_unique_reposters_p400,10,37.0,4.115013163202923,27.691193497851607,46.30880650214839,2.843351133661008,8.604566301868364e-06,33.4,70.4,110.77844311377245,0.0006969698704513375
m02_credibility,2,credibility,0.6510704071726416,8.0,11.275,0.625,1.25,0.125,0.2624999999999999,0.55,0.4875,0.75,fake_repost_share_all,10,6.700000000000317e-05,3.135991780034333e-05,-3.941062676806421e-06,0.00013794106267681278,0.6756159393663074,0.06137101742438386,0.1321785,0.13224550000000002,0.0506890303642447,1.0
m02_credibility,2,credibility,0.6510704071726416,8.0,11.275,0.625,1.25,0.125,0.2624999999999999,0.55,0.4875,0.75,fake_repost_share_final100,10,-9.999999999998898e-06,1.12546286774225e-05,-3.545973887726429e-05,1.5459738877266495e-05,-0.28097574347448356,0.39738453884496266,0.12161200000000001,0.12160200000000002,-0.008222872742820525,1.0
m02_credibility,2,credibility,0.6510704071726416,8.0,11.275,0.625,1.25,0.125,0.2624999999999999,0.55,0.4875,0.75,target_share_all,10,0.0001745,3.661701183269268e-05,9.166656440240764e-05,0.0002573334355975924,1.5069974967392188,0.0010217130001482445,0.000716,0.0008905,24.371508379888272,0.05721592800830169
m02_credibility,2,credibility,0.6510704071726416,8.0,11.275,0.625,1.25,0.125,0.2624999999999999,0.55,0.4875,0.75,target_share_final100,10,3.2e-05,1.9821424996424675e-05,-1.2839178532529462e-05,7.683917853252946e-05,0.5105227557738204,0.14089470798331993,9.400000000000001e-05,0.000126,34.042553191489354,1.0
m02_credibility,2,credibility,0.6510704071726416,8.0,11.275,0.625,1.25,0.125,0.2624999999999999,0.55,0.4875,0.75,fake_repost_share_decisions,10,6.701237983741392e-05,3.136640308646615e-05,-3.9433535758512e-06,0.00013796811325067905,0.6756010599315634,0.061375712967961536,0.13220178730055582,0.13226879968039323,0.05068946585802488,1.0
m02_credibility,2,credibility,0.6510704071726416,8.0,11.275,0.625,1.25,0.125,0.2624999999999999,0.55,0.4875,0.75,target_share_decisions,10,0.00017452947259341423,3.662349451440199e-05,9.168137215095901e-05,0.00025737757303586945,1.506985227764345,0.001021768453101583,0.0007161258902459135,0.0008906553628393278,24.371339588557788,0.05721903337368865
m02_credibility,2,credibility,0.6510704071726416,8.0,11.275,0.625,1.25,0.125,0.2624999999999999,0.55,0.4875,0.75,participation_rate,10,0.0,0.0,0.0,0.0,,,0.9998239999999999,0.9998239999999999,0.0,
m02_credibility,2,credibility,0.6510704071726416,8.0,11.275,0.625,1.25,0.125,0.2624999999999999,0.55,0.4875,0.75,cumulative_fake_reposts,10,13.4,6.271983560069156,-0.7882125353630265,27.588212535363027,0.6756159393662227,0.06137101742441065,26435.7,26449.1,0.05068903036424229,1.0
m02_credibility,2,credibility,0.6510704071726416,8.0,11.275,0.625,1.25,0.125,0.2624999999999999,0.55,0.4875,0.75,target_unique_reposters_p400,10,3.9,0.9,1.8640585534816156,5.935941446518385,1.3703203194062976,0.001895841983984997,34.7,38.6,11.239193083573486,0.15735488467075476
m02_combined,2,combined,0.6510704071726416,8.0,11.275,0.625,1.25,0.125,0.2624999999999999,0.55,0.4875,0.75,fake_repost_share_all,10,0.0008225000000000052,0.0001548318980916609,0.00047224591270231275,0.0011727540872976975,1.679869204954605,0.00048595288821849815,0.1321785,0.133001,0.6222645891729783,0.022839785746269412
m02_combined,2,combined,0.6510704071726416,8.0,11.275,0.625,1.25,0.125,0.2624999999999999,0.55,0.4875,0.75,fake_repost_share_final100,10,0.00027999999999999277,0.00015155490387608363,-6.284101136048325e-05,0.0006228410113604688,0.5842356282783742,0.09773657824378039,0.12161200000000001,0.12189199999999997,0.2302404367989941,1.0
m02_combined,2,combined,0.6510704071726416,8.0,11.275,0.625,1.25,0.125,0.2624999999999999,0.55,0.4875,0.75,target_share_all,10,0.0015970000000000001,0.00020584001338688038,0.0011313575393263903,0.00206264246067361,2.453438153347294,2.8254356853037975e-05,0.000716,0.002313,223.04469273743018,0.002288602905096076
m02_combined,2,combined,0.6510704071726416,8.0,11.275,0.625,1.25,0.125,0.2624999999999999,0.55,0.4875,0.75,target_share_final100,10,0.00048399999999999995,0.0001910625261240123,5.1786537986246326e-05,0.0009162134620137536,0.8010688535166082,0.0320664516675368,9.400000000000001e-05,0.0005780000000000002,514.8936170212764,1.0
m02_combined,2,combined,0.6510704071726416,8.0,11.275,0.625,1.25,0.125,0.2624999999999999,0.55,0.4875,0.75,fake_repost_share_decisions,10,0.0008226477098263199,0.00015486433254879278,0.00047232025068910514,0.0011729751689635347,1.6798189952181664,0.00048605476885912137,0.13220178730055582,0.13302443501038214,0.6222667080559668,0.022844574136378703
m02_combined,2,combined,0.6510704071726416,8.0,11.275,0.625,1.25,0.125,0.2624999999999999,0.55,0.4875,0.75,target_share_decisions,10,0.001597283236669269,0.0002058831846121492,0.0011315431158991905,0.0020630233574393474,2.4533587363125564,2.8261613882888407e-05,0.0007161258902459135,0.002313409126915182,223.04503417978242,0.002289190724513961
m02_combined,2,combined,0.6510704071726416,8.0,11.275,0.625,1.25,0.125,0.2624999999999999,0.55,0.4875,0.75,participation_rate,10,0.0,0.0,0.0,0.0,,,0.9998239999999999,0.9998239999999999,0.0,
m02_combined,2,combined,0.6510704071726416,8.0,11.275,0.625,1.25,0.125,0.2624999999999999,0.55,0.4875,0.75,cumulative_fake_reposts,10,164.5,30.966379618332308,94.44918254046122,234.5508174595388,1.6798692049545876,0.0004859528882185335,26435.7,26600.2,0.6222645891729744,0.022839785746271074
m02_combined,2,combined,0.6510704071726416,8.0,11.275,0.625,1.25,0.125,0.2624999999999999,0.55,0.4875,0.75,target_unique_reposters_p400,10,40.8,5.129002502111562,29.197390251838414,52.40260974816158,2.5155169739486998,2.3160035599060658e-05,34.7,75.5,117.57925072046108,0.0018064827767267314
m03_credibility,3,credibility,0.6510704071726416,8.0,11.275,0.8125,1.25,0.125,0.2624999999999999,0.55,0.4875,0.75,fake_repost_share_all,10,7.100000000000856e-05,3.353108010985235e-05,-4.852573046854354e-06,0.00014685257304687145,0.6695928468048704,0.06330043862345217,0.1317865,0.1318575,0.05387501754732735,1.0
m03_credibility,3,credibility,0.6510704071726416,8.0,11.275,0.8125,1.25,0.125,0.2624999999999999,0.55,0.4875,0.75,fake_repost_share_final100,10,4.000000000001225e-06,1.995550606279304e-05,-4.1142490977209064e-05,4.914249097721151e-05,0.06338656910466231,0.8455881711415513,0.121798,0.12180200000000001,0.003284126176128692,1.0
m03_credibility,3,credibility,0.6510704071726416,8.0,11.275,0.8125,1.25,0.125,0.2624999999999999,0.55,0.4875,0.75,target_share_all,10,0.00016550000000000007,4.42433296918555e-05,6.541463483152666e-05,0.00026558536516847346,1.1829058897757616,0.004620663000985614,0.0006584999999999999,0.0008240000000000001,25.132877752467742,0.12153914022058826
m03_credibility,3,credibility,0.6510704071726416,8.0,11.275,0.8125,1.25,0.125,0.2624999999999999,0.55,0.4875,0.75,target_share_final100,10,3.0000000000000004e-05,2.909753712372693e-05,-3.582320202422555e-05,9.582320202422556e-05,0.32603560020099825,0.32944329313107734,0.0001,0.00013,30.000000000000004,1.0
m03_credibility,3,credibility,0.6510704071726416,8.0,11.275,0.8125,1.25,0.125,0.2624999999999999,0.55,0.4875,0.75,fake_repost_share_decisions,10,7.101137681336106e-05,3.353658588008303e-05,-4.8536511510659036e-06,0.00014687640477778802,0.6695901941767203,0.06330130114906661,0.13180972117664325,0.13188073255345661,0.05387415751998746,1.0
m03_credibility,3,credibility,0.6510704071726416,8.0,11.275,0.8125,1.25,0.125,0.2624999999999999,0.55,0.4875,0.75,target_share_decisions,10,0.0001655264942595364,4.425062953422532e-05,6.54246157003588e-05,0.000265628372818714,1.1829000863322634,0.004620793876732522,0.0006586160210308751,0.0008241425152904115,25.132473091142238,0.1215432301139074
m03_credibility,3,credibility,0.6510704071726416,8.0,11.275,0.8125,1.25,0.125,0.2624999999999999,0.55,0.4875,0.75,participation_rate,10,0.0,0.0,0.0,0.0,,,0.9998239999999999,0.9998239999999999,0.0,
m03_credibility,3,credibility,0.6510704071726416,8.0,11.275,0.8125,1.25,0.125,0.2624999999999999,0.55,0.4875,0.75,cumulative_fake_reposts,10,14.2,6.706216021970461,-0.9705146093725645,29.370514609372563,0.6695928468047904,0.06330043862347816,26357.3,26371.5,0.05387501754732085,1.0
m03_credibility,3,credibility,0.6510704071726416,8.0,11.275,0.8125,1.25,0.125,0.2624999999999999,0.55,0.4875,0.75,target_unique_reposters_p400,10,4.1,1.369914839202301,1.0010373340749634,7.198962665925036,0.946433897616588,0.015129901873370983,34.8,38.9,11.781609195402298,0.9834436217691138
m03_combined,3,combined,0.6510704071726416,8.0,11.275,0.8125,1.25,0.125,0.2624999999999999,0.55,0.4875,0.75,fake_repost_share_all,10,0.0006010000000000057,0.00014403857508011876,0.00027516210566326803,0.0009268378943367434,1.319458258111815,0.0024027070899240712,0.1317865,0.1323875,0.45604064149211465,0.06827934193815573
m03_combined,3,combined,0.6510704071726416,8.0,11.275,0.8125,1.25,0.125,0.2624999999999999,0.55,0.4875,0.75,fake_repost_share_final100,10,8.399999999999658e-05,3.827386691841846e-05,-2.581502197488992e-06,0.00017058150219748217,0.6940279225517811,0.05582008341604317,0.121798,0.121882,0.06896664969867862,1.0
m03_combined,3,combined,0.6510704071726416,8.0,11.275,0.8125,1.25,0.125,0.2624999999999999,0.55,0.4875,0.75,target_share_all,10,0.001211,0.0002460033875105517,0.000654501674870383,0.001767498325129617,1.556693298095194,0.0008215525501726514,0.0006584999999999999,0.0018695,183.9028094153379,0.026720406881317674
m03_combined,3,combined,0.6510704071726416,8.0,11.275,0.8125,1.25,0.125,0.2624999999999999,0.55,0.4875,0.75,target_share_final100,10,0.000276,0.00012847135435142297,-1.4622394460457838e-05,0.0005666223944604578,0.6793643910836575,0.06019913242123983,0.0001,0.000376,276.0,1.0
m03_combined,3,combined,0.6510704071726416,8.0,11.275,0.8125,1.25,0.125,0.2624999999999999,0.55,0.4875,0.75,fake_repost_share_decisions,10,0.0006011089252640142,0.00014406946323164467,0.0002752011570740566,0.0009270166934539719,1.319414456784546,0.002403201207969414,0.13180972117664325,0.13241083010190727,0.45604293818241615,0.06829893578056673
m03_combined,3,combined,0.6510704071726416,8.0,11.275,0.8125,1.25,0.125,0.2624999999999999,0.55,0.4875,0.75,target_share_decisions,10,0.0012112161245492422,0.00024605604037032495,0.0006545986903757474,0.001767833558722737,1.5566379457838835,0.0008217504573620891,0.0006586160210308751,0.0018698321455801175,183.9032282654512,0.026727175508458552
m03_combined,3,combined,0.6510704071726416,8.0,11.275,0.8125,1.25,0.125,0.2624999999999999,0.55,0.4875,0.75,participation_rate,10,0.0,0.0,0.0,0.0,,,0.9998239999999999,0.9998239999999999,0.0,
m03_combined,3,combined,0.6510704071726416,8.0,11.275,0.8125,1.25,0.125,0.2624999999999999,0.55,0.4875,0.75,cumulative_fake_reposts,10,120.2,28.80771501602382,55.03242113265232,185.36757886734767,1.3194582581117995,0.0024027070899242512,26357.3,26477.5,0.4560406414921104,0.06827934193815045
m03_combined,3,combined,0.6510704071726416,8.0,11.275,0.8125,1.25,0.125,0.2624999999999999,0.55,0.4875,0.75,target_unique_reposters_p400,10,29.9,7.251743085477985,13.495417436413621,46.30458256358638,1.3038534449514672,0.0025857764178062897,34.8,64.7,85.91954022988506,0.10356377754275704
m04_credibility,4,credibility,0.6510704071726416,8.0,11.275,0.8125,1.25,0.15,0.2624999999999999,0.55,0.4875,0.75,fake_repost_share_all,10,7.750000000000534e-05,3.710533055445972e-05,-6.438089291760802e-06,0.00016143808929177148,0.6604887087675071,0.0663285428590114,0.1568905,0.156968,0.04939750972812589,1.0
m04_credibility,4,credibility,0.6510704071726416,8.0,11.275,0.8125,1.25,0.15,0.2624999999999999,0.55,0.4875,0.75,fake_repost_share_final100,10,-2.7755575615628915e-18,1.333333333333649e-05,-3.016209550398598e-05,3.016209550398043e-05,-6.582812753579756e-14,0.9999999999998385,0.146208,0.146208,-1.8983623068251338e-15,1.0
m04_credibility,4,credibility,0.6510704071726416,8.0,11.275,0.8125,1.25,0.15,0.2624999999999999,0.55,0.4875,0.75,target_share_all,10,0.00020400000000000003,5.465447018415885e-05,8.036299879396415e-05,0.0003276370012060359,1.1803328080954076,0.004679074542713921,0.0007595,0.0009635000000000002,26.859776168531933,0.12153914022058826
m04_credibility,4,credibility,0.6510704071726416,8.0,11.275,0.8125,1.25,0.15,0.2624999999999999,0.55,0.4875,0.75,target_share_final100,10,2.999999999999999e-05,1.6397831834998458e-05,-7.0944727399022e-06,6.709447273990217e-05,0.5785419118799023,0.1005738053785815,0.000198,0.00022799999999999999,15.151515151515147,1.0
m04_credibility,4,credibility,0.6510704071726416,8.0,11.275,0.8125,1.25,0.15,0.2624999999999999,0.55,0.4875,0.75,fake_repost_share_decisions,10,7.751271709019736e-05,3.711137243365946e-05,-6.43903988187723e-06,0.00016146447406227197,0.6604895415049798,0.06632825959621004,0.15691814011417904,0.1569956528312692,0.04939691295971036,1.0
m04_credibility,4,credibility,0.6510704071726416,8.0,11.275,0.8125,1.25,0.15,0.2624999999999999,0.55,0.4875,0.75,target_share_decisions,10,0.0002040326477660682,5.466306635313946e-05,8.037620067480021e-05,0.0003276890948573362,1.1803360605631028,0.004679000219115825,0.0007596332490351612,0.0009636658968012295,26.85936246540258,0.1215432301139074
m04_credibility,4,credibility,0.6510704071726416,8.0,11.275,0.8125,1.25,0.15,0.2624999999999999,0.55,0.4875,0.75,participation_rate,10,0.0,0.0,0.0,0.0,,,0.9998239999999999,0.9998239999999999,0.0,
m04_credibility,4,credibility,0.6510704071726416,8.0,11.275,0.8125,1.25,0.15,0.2624999999999999,0.55,0.4875,0.75,cumulative_fake_reposts,10,15.5,7.421066110891494,-1.2876178583522098,32.287617858352206,0.6604887087675015,0.06632854285901332,31378.1,31393.6,0.049397509728122485,1.0
m04_credibility,4,credibility,0.6510704071726416,8.0,11.275,0.8125,1.25,0.15,0.2624999999999999,0.55,0.4875,0.75,target_unique_reposters_p400,10,4.6,1.5999999999999999,0.9805485395228719,8.219451460477128,0.909154827298409,0.01832673574097552,37.3,41.9,12.332439678284182,1.0
m04_combined,4,combined,0.6510704071726416,8.0,11.275,0.8125,1.25,0.15,0.2624999999999999,0.55,0.4875,0.75,fake_repost_share_all,10,0.0007659999999999973,0.00014786780883237823,0.00043149977710255717,0.0011005002228974374,1.6381555301430586,0.0005791150855359265,0.1568905,0.1576565,0.48823861228053794,0.025747365290548517
m04_combined,4,combined,0.6510704071726416,8.0,11.275,0.8125,1.25,0.15,0.2624999999999999,0.55,0.4875,0.75,fake_repost_share_final100,10,0.0002119999999999983,5.301572093885651e-05,9.207010713725327e-05,0.00033192989286274333,1.2645359755248304,0.0031159996454436564,0.146208,0.14642000000000002,0.1449989056686353,0.2430479723446052
m04_combined,4,combined,0.6510704071726416,8.0,11.275,0.8125,1.25,0.15,0.2624999999999999,0.55,0.4875,0.75,target_share_all,10,0.0015775000000000001,0.0002504532003300328,0.0010109354989276827,0.0021440645010723175,1.9917864903870541,0.00014122173037961537,0.0007595,0.002337,207.70243581303492,0.00783566627529122
m04_combined,4,combined,0.6510704071726416,8.0,11.275,0.8125,1.25,0.15,0.2624999999999999,0.55,0.4875,0.75,target_share_final100,10,0.00048400000000000006,9.98576764978815e-05,0.00025810624184993144,0.0007098937581500686,1.5327238137310017,0.0009122501864180172,0.000198,0.000682,244.4444444444445,0.07298001491344137
m04_combined,4,combined,0.6510704071726416,8.0,11.275,0.8125,1.25,0.15,0.2624999999999999,0.55,0.4875,0.75,fake_repost_share_decisions,10,0.0007661355421164056,0.00014789618582719706,0.00043157112599687743,0.0011006999582359339,1.6381310281567627,0.0005791751710066432,0.15691814011417904,0.15768427565629542,0.48823898980636593,0.025743421243566916
m04_combined,4,combined,0.6510704071726416,8.0,11.275,0.8125,1.25,0.15,0.2624999999999999,0.55,0.4875,0.75,target_share_decisions,10,0.0015777750016448453,0.00025050060878889925,0.001011103255187726,0.0021444467481019644,1.9917566925668575,0.00014123754003359323,0.0007596332490351612,0.0023374082506800063,207.70220414243803,0.007835343958099638
m04_combined,4,combined,0.6510704071726416,8.0,11.275,0.8125,1.25,0.15,0.2624999999999999,0.55,0.4875,0.75,participation_rate,10,0.0,0.0,0.0,0.0,,,0.9998239999999999,0.9998239999999999,0.0,
m04_combined,4,combined,0.6510704071726416,8.0,11.275,0.8125,1.25,0.15,0.2624999999999999,0.55,0.4875,0.75,cumulative_fake_reposts,10,153.2,29.573561766475738,86.29995542051176,220.1000445794882,1.638155530143059,0.0005791150855359236,31378.1,31531.3,0.4882386122805396,0.025747365290549627
m04_combined,4,combined,0.6510704071726416,8.0,11.275,0.8125,1.25,0.15,0.2624999999999999,0.55,0.4875,0.75,target_unique_reposters_p400,10,40.9,6.935336249158283,25.21117942755255,56.588820572447446,1.864901017835781,0.00022982953504700973,37.3,78.2,109.65147453083111,0.01608806745329068
m05_credibility,5,credibility,0.6510704071726416,8.0,11.275,0.8125,1.325,0.15,0.2624999999999999,0.55,0.4875,0.75,fake_repost_share_all,10,0.00012050000000000393,3.133554956701521e-05,4.961406209676228e-05,0.0001913859379032456,1.2160452371686248,0.00393345493657419,0.156487,0.1566075,0.07700320154390074,0.2596080258138965
m05_credibility,5,credibility,0.6510704071726416,8.0,11.275,0.8125,1.325,0.15,0.2624999999999999,0.55,0.4875,0.75,fake_repost_share_final100,10,5.999999999997674e-06,4.2687494916202445e-06,-3.656582238662257e-06,1.5656582238657604e-05,0.44447831849231534,0.1934220596033322,0.145362,0.145368,0.004127626202169532,1.0
m05_credibility,5,credibility,0.6510704071726416,8.0,11.275,0.8125,1.325,0.15,0.2624999999999999,0.55,0.4875,0.75,target_share_all,10,0.00020499999999999997,2.721315041584777e-05,0.00014343957686448498,0.00026656042313551496,2.382182549349357,3.566818668688847e-05,0.0006219999999999999,0.0008269999999999999,32.958199356913184,0.0030674640550724082
m05_credibility,5,credibility,0.6510704071726416,8.0,11.275,0.8125,1.325,0.15,0.2624999999999999,0.55,0.4875,0.75,target_share_final100,10,2.6e-05,1.5790292376436012e-05,-9.720123002032616e-06,6.172012300203262e-05,0.5206947230886889,0.13405041838332857,8.4e-05,0.00010999999999999999,30.952380952380953,1.0
m05_credibility,5,credibility,0.6510704071726416,8.0,11.275,0.8125,1.325,0.15,0.2624999999999999,0.55,0.4875,0.75,fake_repost_share_decisions,10,0.00012052132135675076,3.1341565579866846e-05,4.96217742869453e-05,0.00019142086842655623,1.21602694392922,0.00393380300580733,0.156514559395276,0.15663508071663274,0.0770032652696388,0.2596309983832838
m05_credibility,5,credibility,0.6510704071726416,8.0,11.275,0.8125,1.325,0.15,0.2624999999999999,0.55,0.4875,0.75,target_share_decisions,10,0.00020503466599381114,2.7217670387640166e-05,0.00014346401797173033,0.00026660531401589196,2.382189712043647,3.566734184883031e-05,0.0006221077091622825,0.0008271423751560937,32.95806545620639,0.003067391398999407
m05_credibility,5,credibility,0.6510704071726416,8.0,11.275,0.8125,1.325,0.15,0.2624999999999999,0.55,0.4875,0.75,participation_rate,10,0.0,0.0,0.0,0.0,,,0.9998239999999999,0.9998239999999999,0.0,
m05_credibility,5,credibility,0.6510704071726416,8.0,11.275,0.8125,1.325,0.15,0.2624999999999999,0.55,0.4875,0.75,cumulative_fake_reposts,10,24.1,6.267109913402401,9.922812419353122,38.27718758064688,1.2160452371687096,0.003933454936572582,31297.4,31321.5,0.07700320154389821,0.2596080258137904
m05_credibility,5,credibility,0.6510704071726416,8.0,11.275,0.8125,1.325,0.15,0.2624999999999999,0.55,0.4875,0.75,target_unique_reposters_p400,10,3.1,0.9243616415908033,1.0089486914594574,5.191051308540542,1.0605222356102049,0.008474022906336752,32.8,35.9,9.451219512195124,0.6186036721625828
m05_combined,5,combined,0.6510704071726416,8.0,11.275,0.8125,1.325,0.15,0.2624999999999999,0.55,0.4875,0.75,fake_repost_share_all,10,0.0009804999999999924,0.00024264566072087143,0.00043159738057837007,0.0015294026194216147,1.2778358519099489,0.0029247645314317765,0.156487,0.15746749999999998,0.6265696192015903,0.07896864234865797
m05_combined,5,combined,0.6510704071726416,8.0,11.275,0.8125,1.325,0.15,0.2624999999999999,0.55,0.4875,0.75,fake_repost_share_final100,10,0.00019399999999999417,9.656546426590183e-05,-2.4446256668049732e-05,0.0004124462566680381,0.6353015239313392,0.07544969708238308,0.145362,0.14555600000000002,0.1334599138701959,1.0
m05_combined,5,combined,0.6510704071726416,8.0,11.275,0.8125,1.325,0.15,0.2624999999999999,0.55,0.4875,0.75,target_share_all,10,0.001677,0.0003474064222524135,0.0008911120734996052,0.002462887926500395,1.5264944158831049,0.0009375460398320577,0.0006219999999999999,0.002299,269.61414790996787,0.028126381194961733
m05_combined,5,combined,0.6510704071726416,8.0,11.275,0.8125,1.325,0.15,0.2624999999999999,0.55,0.4875,0.75,target_share_final100,10,0.00039000000000000005,0.0002138171596897166,-9.368801932125995e-05,0.00087368801932126,0.5767957488797295,0.10145922482143212,8.4e-05,0.00047400000000000003,464.28571428571433,1.0
m05_combined,5,combined,0.6510704071726416,8.0,11.275,0.8125,1.325,0.15,0.2624999999999999,0.55,0.4875,0.75,fake_repost_share_decisions,10,0.0009806727861122993,0.00024269036280553076,0.00043166904354967285,0.0015296765286749257,1.2778256242267787,0.0029249067125929175,0.156514559395276,0.1574952321813883,0.6265696877666311,0.07897248124000877
m05_combined,5,combined,0.6510704071726416,8.0,11.275,0.8125,1.325,0.15,0.2624999999999999,0.55,0.4875,0.75,target_share_decisions,10,0.0016772895085740793,0.00034746813521369053,0.0008912619776562941,0.0024633170394918647,1.5264867782297944,0.0009375775132568458,0.0006221077091622825,0.002299397217736362,269.6140047569388,0.028127325397705374
m05_combined,5,combined,0.6510704071726416,8.0,11.275,0.8125,1.325,0.15,0.2624999999999999,0.55,0.4875,0.75,participation_rate,10,0.0,0.0,0.0,0.0,,,0.9998239999999999,0.9998239999999999,0.0,
m05_combined,5,combined,0.6510704071726416,8.0,11.275,0.8125,1.325,0.15,0.2624999999999999,0.55,0.4875,0.75,cumulative_fake_reposts,10,196.1,48.52913214417363,86.319476115677,305.880523884323,1.277835851909976,0.0029247645314314026,31297.4,31493.5,0.6265696192015949,0.07896864234864787
m05_combined,5,combined,0.6510704071726416,8.0,11.275,0.8125,1.325,0.15,0.2624999999999999,0.55,0.4875,0.75,target_unique_reposters_p400,10,40.4,8.72696969170857,20.658223002378616,60.14177699762138,1.4639218650224322,0.0012378543761664854,32.8,73.2,123.17073170731707,0.06684413631299022
m06_credibility,6,credibility,1.2845232578665131,8.0,11.275,0.8125,1.325,0.15,0.2624999999999999,0.55,0.4875,0.75,fake_repost_share_all,10,9.850000000000136e-05,2.491151005726737e-05,4.2146249087834464e-05,0.00015485375091216826,1.250363180756765,0.0033344613632907867,0.15795299999999995,0.1580515,0.062360322374378066,0.22674337270377348
m06_credibility,6,credibility,1.2845232578665131,8.0,11.275,0.8125,1.325,0.15,0.2624999999999999,0.55,0.4875,0.75,fake_repost_share_final100,10,0.0,0.0,0.0,0.0,,,0.14501199999999997,0.14501199999999997,0.0,
m06_credibility,6,credibility,1.2845232578665131,8.0,11.275,0.8125,1.325,0.15,0.2624999999999999,0.55,0.4875,0.75,target_share_all,10,0.000264,4.4464717598463514e-05,0.0001634138205928364,0.0003645861794071637,1.8775364994408517,0.00021874346506812228,0.0008315,0.0010955,31.7498496692724,0.015749529484904806
m06_credibility,6,credibility,1.2845232578665131,8.0,11.275,0.8125,1.325,0.15,0.2624999999999999,0.55,0.4875,0.75,target_share_final100,10,0.0,0.0,0.0,0.0,,,2.0000000000000003e-06,2.0000000000000003e-06,0.0,
m06_credibility,6,credibility,1.2845232578665131,8.0,11.275,0.8125,1.325,0.15,0.2624999999999999,0.55,0.4875,0.75,fake_repost_share_decisions,10,9.851822598697934e-05,2.491626349683444e-05,4.215372204744787e-05,0.00015488272992651082,1.2503559580577779,0.003334576745541382,0.1579808208985178,0.1580793391245048,0.06236087736894628,0.22675121869681397
m06_credibility,6,credibility,1.2845232578665131,8.0,11.275,0.8125,1.325,0.15,0.2624999999999999,0.55,0.4875,0.75,target_share_decisions,10,0.00026404576566373724,4.447267242160578e-05,0.00016344159119642353,0.00036464994013105095,1.8775260863676746,0.00021875235841345184,0.0008316432803743013,0.0010956890460380388,31.74988265941342,0.015750169805768533
m06_credibility,6,credibility,1.2845232578665131,8.0,11.275,0.8125,1.325,0.15,0.2624999999999999,0.55,0.4875,0.75,participation_rate,10,0.0,0.0,0.0,0.0,,,0.9998239999999999,0.9998239999999999,0.0,
m06_credibility,6,credibility,1.2845232578665131,8.0,11.275,0.8125,1.325,0.15,0.2624999999999999,0.55,0.4875,0.75,cumulative_fake_reposts,10,19.7,4.982302011453474,8.429249817566618,30.97075018243338,1.2503631807567475,0.003334461363291062,31590.6,31610.3,0.06236032237437719,0.22674337270379222
m06_credibility,6,credibility,1.2845232578665131,8.0,11.275,0.8125,1.325,0.15,0.2624999999999999,0.55,0.4875,0.75,target_unique_reposters_p400,10,0.8,0.41633319989322654,-0.14181113024915915,1.7418111302491592,0.6076436202502,0.08684229054535092,34.0,34.8,2.3529411764705883,1.0
m06_combined,6,combined,1.2845232578665131,8.0,11.275,0.8125,1.325,0.15,0.2624999999999999,0.55,0.4875,0.75,fake_repost_share_all,10,0.0016640000000000045,0.00035328521684956646,0.0008648133161930406,0.0024631866838069685,1.4894566133971123,0.0011043954769245602,0.15795299999999995,0.15961699999999998,1.0534779333092787,0.03644505073851049
m06_combined,6,combined,1.2845232578665131,8.0,11.275,0.8125,1.325,0.15,0.2624999999999999,0.55,0.4875,0.75,fake_repost_share_final100,10,0.0002620000000000053,0.00017089177862027316,-0.00012458406106917078,0.0006485840610691814,0.48481954699829183,0.15960879375273412,0.14501199999999997,0.14527400000000001,0.18067470278322162,1.0
m06_combined,6,combined,1.2845232578665131,8.0,11.275,0.8125,1.325,0.15,0.2624999999999999,0.55,0.4875,0.75,target_share_all,10,0.0035535000000000002,0.0007203155365686777,0.0019240330494763335,0.005182966950523667,1.5600321102246475,0.0008097092994338689,0.0008315,0.004385,427.36019242333134,0.026720406881317674
m06_combined,6,combined,1.2845232578665131,8.0,11.275,0.8125,1.325,0.15,0.2624999999999999,0.55,0.4875,0.75,target_share_final100,10,0.000508,0.00029385105826667434,-0.00015673727625379003,0.00117273727625379,0.546684112979328,0.1179130083200619,2.0000000000000003e-06,0.00051,25399.999999999993,1.0
m06_combined,6,combined,1.2845232578665131,8.0,11.275,0.8125,1.325,0.15,0.2624999999999999,0.55,0.4875,0.75,fake_repost_share_decisions,10,0.0016643070782368762,0.00035336292057863163,0.0008649446163826315,0.002463669540091121,1.489403892335511,0.0011046545585745005,0.1579808208985178,0.15964512797675467,1.0534867895806022,0.03645360043295852
m06_combined,6,combined,1.2845232578665131,8.0,11.275,0.8125,1.325,0.15,0.2624999999999999,0.55,0.4875,0.75,target_share_decisions,10,0.003554150337289783,0.000720474274914013,0.0019243242956812057,0.0051839763788983605,1.5599738399865513,0.0008099144093472289,0.0008316432803743013,0.004385793617664085,427.36476337428604,0.026727175508458552
m06_combined,6,combined,1.2845232578665131,8.0,11.275,0.8125,1.325,0.15,0.2624999999999999,0.55,0.4875,0.75,participation_rate,10,0.0,0.0,0.0,0.0,,,0.9998239999999999,0.9998239999999999,0.0,
m06_combined,6,combined,1.2845232578665131,8.0,11.275,0.8125,1.325,0.15,0.2624999999999999,0.55,0.4875,0.75,cumulative_fake_reposts,10,332.8,70.65704336991308,172.96266323860772,492.6373367613923,1.489456613397113,0.0011043954769245573,31590.6,31923.4,1.0534779333092756,0.03644505073851039
m06_combined,6,combined,1.2845232578665131,8.0,11.275,0.8125,1.325,0.15,0.2624999999999999,0.55,0.4875,0.75,target_unique_reposters_p400,10,43.3,9.438749917229504,21.948064266878312,64.65193573312169,1.4506859900519748,0.0013137515191583827,34.0,77.3,127.35294117647058,0.06962883051539429
m07_credibility,7,credibility,1.2845232578665131,8.0,14.7,0.8125,1.325,0.15,0.2624999999999999,0.55,0.4875,0.75,fake_repost_share_all,10,9.500000000000202e-05,4.387482193696145e-05,-4.2517427111911295e-06,0.00019425174271119517,0.6847124716486263,0.05856465435169228,0.15173599999999998,0.151831,0.06260874149839328,1.0
m07_credibility,7,credibility,1.2845232578665131,8.0,14.7,0.8125,1.325,0.15,0.2624999999999999,0.55,0.4875,0.75,fake_repost_share_final100,10,0.0,0.0,0.0,0.0,,,0.142002,0.142002,0.0,
m07_credibility,7,credibility,1.2845232578665131,8.0,14.7,0.8125,1.325,0.15,0.2624999999999999,0.55,0.4875,0.75,target_share_all,10,0.00034549999999999994,8.239285972299621e-05,0.00015911440221419635,0.0005318855977858036,1.3260456491756343,0.0023296123499818846,0.000992,0.0013375,34.82862903225806,0.10017333104922103
m07_credibility,7,credibility,1.2845232578665131,8.0,14.7,0.8125,1.325,0.15,0.2624999999999999,0.55,0.4875,0.75,target_share_final100,10,0.0,0.0,0.0,0.0,,,0.0,0.0,,
m07_credibility,7,credibility,1.2845232578665131,8.0,14.7,0.8125,1.325,0.15,0.2624999999999999,0.55,0.4875,0.75,fake_repost_share_decisions,10,9.501742584482747e-05,4.388307549454932e-05,-4.252987710781639e-06,0.0001942878394004366,0.684709263627443,0.05856562174844261,0.15176200638625004,0.1518570238120949,0.06260949502934106,1.0
m07_credibility,7,credibility,1.2845232578665131,8.0,14.7,0.8125,1.325,0.15,0.2624999999999999,0.55,0.4875,0.75,target_share_decisions,10,0.0003455578725760403,8.240551152833803e-05,0.00015914365441816039,0.0005319720907339203,1.3260641436182858,0.00232941049693302,0.0009921664488524288,0.0013377243214284691,34.82861902614461,0.10016465136811986
m07_credibility,7,credibility,1.2845232578665131,8.0,14.7,0.8125,1.325,0.15,0.2624999999999999,0.55,0.4875,0.75,participation_rate,10,0.0,0.0,0.0,0.0,,,0.9998290000000001,0.9998290000000001,0.0,
m07_credibility,7,credibility,1.2845232578665131,8.0,14.7,0.8125,1.325,0.15,0.2624999999999999,0.55,0.4875,0.75,cumulative_fake_reposts,10,19.0,8.77496438739212,-0.8503485422382475,38.85034854223825,0.6847124716486248,0.05856465435169277,30347.2,30366.2,0.06260874149839193,1.0
m07_credibility,7,credibility,1.2845232578665131,8.0,14.7,0.8125,1.325,0.15,0.2624999999999999,0.55,0.4875,0.75,target_unique_reposters_p400,10,2.6,1.1944315244779278,-0.10199182856972344,5.301991828569724,0.6883543968777526,0.057476368786509066,43.0,45.6,6.046511627906977,1.0
m07_combined,7,combined,1.2845232578665131,8.0,14.7,0.8125,1.325,0.15,0.2624999999999999,0.55,0.4875,0.75,fake_repost_share_all,10,0.0024870000000000057,0.0006856101094807592,0.0009360421799512449,0.004037957820048767,1.1470928494323036,0.005507656790116425,0.15173599999999998,0.15422299999999997,1.6390309484894856,0.08225755336804912
m07_combined,7,combined,1.2845232578665131,8.0,14.7,0.8125,1.325,0.15,0.2624999999999999,0.55,0.4875,0.75,fake_repost_share_final100,10,0.0007780000000000009,0.00045324950205280105,-0.00024732160760346255,0.0018033216076034644,0.5428030275749528,0.12020420261946622,0.142002,0.14278000000000005,0.5478796073294749,1.0
m07_combined,7,combined,1.2845232578665131,8.0,14.7,0.8125,1.325,0.15,0.2624999999999999,0.55,0.4875,0.75,target_share_all,10,0.0046685,0.0011878173377156008,0.001981470501390759,0.00735552949860924,1.2428757173125897,0.003456374191683606,0.000992,0.0056605,470.6149193548387,0.06158022425950156
m07_combined,7,combined,1.2845232578665131,8.0,14.7,0.8125,1.325,0.15,0.2624999999999999,0.55,0.4875,0.75,target_share_final100,10,0.00108,0.0005894856515075946,-0.00025350918892467155,0.0024135091889246714,0.5793626807111266,0.10016011727155077,0.0,0.00108,,1.0
m07_combined,7,combined,1.2845232578665131,8.0,14.7,0.8125,1.325,0.15,0.2624999999999999,0.55,0.4875,0.75,fake_repost_share_decisions,10,0.0024874110805629623,0.0006857175224493506,0.0009362102754979251,0.004038611885627999,1.1471027404437582,0.005507388460523547,0.15176200638625004,0.15424941746681303,1.63902095115443,0.08225232044683324
m07_combined,7,combined,1.2845232578665131,8.0,14.7,0.8125,1.325,0.15,0.2624999999999999,0.55,0.4875,0.75,target_share_decisions,10,0.004669279487534266,0.001188019065560051,0.001981793648836766,0.007356765326231765,1.2428721592570864,0.0034564332344301984,0.0009921664488524288,0.005661445936386694,470.61453175874897,0.06156673860576814
m07_combined,7,combined,1.2845232578665131,8.0,14.7,0.8125,1.325,0.15,0.2624999999999999,0.55,0.4875,0.75,participation_rate,10,0.0,0.0,0.0,0.0,,,0.9998290000000001,0.9998290000000001,0.0,
m07_combined,7,combined,1.2845232578665131,8.0,14.7,0.8125,1.325,0.15,0.2624999999999999,0.55,0.4875,0.75,cumulative_fake_reposts,10,497.4,137.12202189615235,187.20843599024664,807.5915640097533,1.1470928494322967,0.005507656790116616,30347.2,30844.6,1.6390309484894818,0.08225755336804844
m07_combined,7,combined,1.2845232578665131,8.0,14.7,0.8125,1.325,0.15,0.2624999999999999,0.55,0.4875,0.75,target_unique_reposters_p400,10,60.7,15.290556272127938,26.110358605836772,95.28964139416323,1.255351672993827,0.0032557719774302645,43.0,103.7,141.16279069767444,0.10948776802968416
m08_credibility,8,credibility,1.2845232578665131,8.0,14.7,0.8125,1.325,0.15,0.2624999999999999,0.6125,0.4875,0.75,fake_repost_share_all,10,0.00010849999999999193,4.549755793202118e-05,5.577373434243927e-06,0.00021142262656573995,0.7541220709931001,0.0409083845649667,0.15179250000000002,0.15190099999999998,0.07147915740236963,1.0
m08_credibility,8,credibility,1.2845232578665131,8.0,14.7,0.8125,1.325,0.15,0.2624999999999999,0.6125,0.4875,0.75,fake_repost_share_final100,10,0.0,0.0,0.0,0.0,,,0.142002,0.142002,0.0,
m08_credibility,8,credibility,1.2845232578665131,8.0,14.7,0.8125,1.325,0.15,0.2624999999999999,0.6125,0.4875,0.75,target_share_all,10,0.00034549999999999994,8.239285972299621e-05,0.00015911440221419635,0.0005318855977858036,1.3260456491756343,0.0023296123499818846,0.000992,0.0013375,34.82862903225806,0.10017333104922103
m08_credibility,8,credibility,1.2845232578665131,8.0,14.7,0.8125,1.325,0.15,0.2624999999999999,0.6125,0.4875,0.75,target_share_final100,10,0.0,0.0,0.0,0.0,,,0.0,0.0,,
m08_credibility,8,credibility,1.2845232578665131,8.0,14.7,0.8125,1.325,0.15,0.2624999999999999,0.6125,0.4875,0.75,fake_repost_share_decisions,10,0.0001085198863106665,4.550623914305312e-05,5.5776214812008434e-06,0.00021146215114013214,0.7541163994797415,0.04090958725304071,0.15181851617049397,0.15192703605680463,0.07148000721387462,1.0
m08_credibility,8,credibility,1.2845232578665131,8.0,14.7,0.8125,1.325,0.15,0.2624999999999999,0.6125,0.4875,0.75,target_share_decisions,10,0.0003455578725760403,8.240551152833803e-05,0.00015914365441816039,0.0005319720907339203,1.3260641436182858,0.00232941049693302,0.0009921664488524288,0.0013377243214284691,34.82861902614461,0.10016465136811986
m08_credibility,8,credibility,1.2845232578665131,8.0,14.7,0.8125,1.325,0.15,0.2624999999999999,0.6125,0.4875,0.75,participation_rate,10,0.0,0.0,0.0,0.0,,,0.9998290000000001,0.9998290000000001,0.0,
m08_credibility,8,credibility,1.2845232578665131,8.0,14.7,0.8125,1.325,0.15,0.2624999999999999,0.6125,0.4875,0.75,cumulative_fake_reposts,10,21.7,9.099511586404576,1.1154746868496304,42.28452531315037,0.754122070993128,0.040908384564960786,30358.5,30380.2,0.07147915740237495,1.0
m08_credibility,8,credibility,1.2845232578665131,8.0,14.7,0.8125,1.325,0.15,0.2624999999999999,0.6125,0.4875,0.75,target_unique_reposters_p400,10,2.6,1.1944315244779278,-0.10199182856972344,5.301991828569724,0.6883543968777526,0.057476368786509066,43.0,45.6,6.046511627906977,1.0
m08_combined,8,combined,1.2845232578665131,8.0,14.7,0.8125,1.325,0.15,0.2624999999999999,0.6125,0.4875,0.75,fake_repost_share_all,10,0.0027254999999999944,0.0006910284002846743,0.0011622851545990333,0.004288714845400956,1.247240744264393,0.0033847386650155175,0.15179250000000002,0.154518,1.7955432580661062,0.08008679694538334
m08_combined,8,combined,1.2845232578665131,8.0,14.7,0.8125,1.325,0.15,0.2624999999999999,0.6125,0.4875,0.75,fake_repost_share_final100,10,0.0008539999999999992,0.0005271731741615438,-0.00033854857196460267,0.002046548571964601,0.5122766586291134,0.13969253166119014,0.142002,0.142856,0.6013999802819674,1.0
m08_combined,8,combined,1.2845232578665131,8.0,14.7,0.8125,1.325,0.15,0.2624999999999999,0.6125,0.4875,0.75,target_share_all,10,0.004538499999999999,0.0010517839475016825,0.002159199409442897,0.0069178005905571015,1.3645385247383448,0.0019472345014343298,0.000992,0.005530500000000001,457.5100806451612,0.04740573111082417
m08_combined,8,combined,1.2845232578665131,8.0,14.7,0.8125,1.325,0.15,0.2624999999999999,0.6125,0.4875,0.75,target_share_final100,10,0.0009419999999999999,0.0005759587176564344,-0.00036090913862257216,0.002244909138622572,0.5172012271989844,0.13636639494033934,0.0,0.0009419999999999999,,1.0
m08_combined,8,combined,1.2845232578665131,8.0,14.7,0.8125,1.325,0.15,0.2624999999999999,0.6125,0.4875,0.75,fake_repost_share_decisions,10,0.0027259463708461384,0.0006911312671575746,0.0011624988244118314,0.004289393917280445,1.247259344349479,0.00338443680106186,0.15181851617049397,0.1545444625413401,1.795529583351262,0.08008345385608433
m08_combined,8,combined,1.2845232578665131,8.0,14.7,0.8125,1.325,0.15,0.2624999999999999,0.6125,0.4875,0.75,target_share_decisions,10,0.004539245199273445,0.0010519459722836066,0.002159578083195362,0.006918912315351527,1.3645523692179713,0.0019471096814948573,0.0009921664488524288,0.005531411648125872,457.5084356585208,0.047419491888768955
m08_combined,8,combined,1.2845232578665131,8.0,14.7,0.8125,1.325,0.15,0.2624999999999999,0.6125,0.4875,0.75,participation_rate,10,0.0,0.0,0.0,0.0,,,0.9998290000000001,0.9998290000000001,0.0,
m08_combined,8,combined,1.2845232578665131,8.0,14.7,0.8125,1.325,0.15,0.2624999999999999,0.6125,0.4875,0.75,cumulative_fake_reposts,10,545.1,138.20568005693542,232.45703091980653,857.7429690801935,1.2472407442643902,0.0033847386650155574,30358.5,30903.6,1.79554325806611,0.08008679694538308
m08_combined,8,combined,1.2845232578665131,8.0,14.7,0.8125,1.325,0.15,0.2624999999999999,0.6125,0.4875,0.75,target_unique_reposters_p400,10,61.0,13.767110565886123,29.85663222234586,92.14336777765413,1.4011577545419036,0.0016451308988445028,43.0,104.0,141.86046511627907,0.07861411755213234
m09_credibility,9,credibility,1.2845232578665131,10.0,14.7,0.8125,1.325,0.15,0.2624999999999999,0.6125,0.4875,0.75,fake_repost_share_all,10,0.0001319999999999988,3.3650160970390376e-05,5.587804733151761e-05,0.00020812195266848,1.2404714839537354,0.003496514789211473,0.15231899999999998,0.152451,0.08666023280089734,0.2342664908771687
m09_credibility,9,credibility,1.2845232578665131,10.0,14.7,0.8125,1.325,0.15,0.2624999999999999,0.6125,0.4875,0.75,fake_repost_share_final100,10,-7.999999999996898e-06,6.110100926605418e-06,-2.1822008576537293e-05,5.822008576543497e-06,-0.41403933560541245,0.22286835013352033,0.15904999999999997,0.159042,-0.005029864822380949,1.0
m09_credibility,9,credibility,1.2845232578665131,10.0,14.7,0.8125,1.325,0.15,0.2624999999999999,0.6125,0.4875,0.75,target_share_all,10,0.00044350000000000005,6.945842081578174e-05,0.00028637413583492745,0.0006006258641650726,2.0191506311442358,0.00012748536599391258,0.001119,0.0015625,39.63360142984808,0.009688887815537357
m09_credibility,9,credibility,1.2845232578665131,10.0,14.7,0.8125,1.325,0.15,0.2624999999999999,0.6125,0.4875,0.75,target_share_final100,10,-2.0000000000000003e-06,2e-06,-6.52431432559641e-06,2.5243143255964093e-06,-0.316227766016838,0.3434363961379133,2.0000000000000003e-06,0.0,-100.0,1.0
m09_credibility,9,credibility,1.2845232578665131,10.0,14.7,0.8125,1.325,0.15,0.2624999999999999,0.6125,0.4875,0.75,fake_repost_share_decisions,10,0.00013202550247308763,3.365638671465967e-05,5.5889466192613925e-05,0.00020816153875356135,1.2404816375053702,0.0034963442334751196,0.15234726159016557,0.15247928709263867,0.08666089635943298,0.23425506364283302
m09_credibility,9,credibility,1.2845232578665131,10.0,14.7,0.8125,1.325,0.15,0.2624999999999999,0.6125,0.4875,0.75,target_share_decisions,10,0.0004435808649822477,6.946923537257155e-05,0.00028643053659007056,0.0006007311933744249,2.0192044036306815,0.0001274598506578769,0.0011192050956979475,0.0015627859606801952,39.63356373977428,0.009686948649998644
m09_credibility,9,credibility,1.2845232578665131,10.0,14.7,0.8125,1.325,0.15,0.2624999999999999,0.6125,0.4875,0.75,participation_rate,10,0.0,0.0,0.0,0.0,,,0.9998149999999999,0.9998149999999999,0.0,
m09_credibility,9,credibility,1.2845232578665131,10.0,14.7,0.8125,1.325,0.15,0.2624999999999999,0.6125,0.4875,0.75,cumulative_fake_reposts,10,26.4,6.73003219407852,11.175609466302756,41.62439053369724,1.2404714839536648,0.0034965147892126605,30463.8,30490.2,0.08666023280089812,0.23426649087724827
m09_credibility,9,credibility,1.2845232578665131,10.0,14.7,0.8125,1.325,0.15,0.2624999999999999,0.6125,0.4875,0.75,target_unique_reposters_p400,10,2.2,0.771722460186015,0.4542425089979538,3.9457574910020465,0.9014913017684526,0.01906535647390909,44.5,46.7,4.943820224719102,1.0
m09_combined,9,combined,1.2845232578665131,10.0,14.7,0.8125,1.325,0.15,0.2624999999999999,0.6125,0.4875,0.75,fake_repost_share_all,10,0.0024860000000000047,0.00047906030703636455,0.0014022902950253855,0.0035697097049746237,1.6410088975670154,0.0005721636731233004,0.15231899999999998,0.15480500000000003,1.6321010510835843,0.025747365290548517
m09_combined,9,combined,1.2845232578665131,10.0,14.7,0.8125,1.325,0.15,0.2624999999999999,0.6125,0.4875,0.75,fake_repost_share_final100,10,0.00011800000000000143,4.755815153869887e-05,1.0415986847291318e-05,0.00022558401315271153,0.7846157847330038,0.03492416432175576,0.15904999999999997,0.159168,0.07419050613014866,1.0
m09_combined,9,combined,1.2845232578665131,10.0,14.7,0.8125,1.325,0.15,0.2624999999999999,0.6125,0.4875,0.75,target_share_all,10,0.00473,0.0009164096609413643,0.0026569373214440184,0.006803062678555981,1.6321928903752008,0.0005939374768346192,0.001119,0.005848999999999999,422.6988382484361,0.02256225285526664
m09_combined,9,combined,1.2845232578665131,10.0,14.7,0.8125,1.325,0.15,0.2624999999999999,0.6125,0.4875,0.75,target_share_final100,10,0.000162,7.828438186793357e-05,-1.5091575177775832e-05,0.0003390915751777759,0.6543948725449649,0.06843291790036785,2.0000000000000003e-06,0.00016400000000000003,8099.999999999998,1.0
m09_combined,9,combined,1.2845232578665131,10.0,14.7,0.8125,1.325,0.15,0.2624999999999999,0.6125,0.4875,0.75,fake_repost_share_decisions,10,0.002486450315473979,0.0004791365104676253,0.0014025682263615032,0.0035703324045864545,1.6410451121890166,0.0005720760276348204,0.15234726159016557,0.15483371190563955,1.6320938686530915,0.025743421243566916
m09_combined,9,combined,1.2845232578665131,10.0,14.7,0.8125,1.325,0.15,0.2624999999999999,0.6125,0.4875,0.75,target_share_decisions,10,0.004730858746128734,0.0009165566408664463,0.0026574635758824412,0.006804253916375028,1.6322274324642623,0.0005938504393287317,0.0011192050956979475,0.005850063841826682,422.6981063893856,0.022558240456355454
m09_combined,9,combined,1.2845232578665131,10.0,14.7,0.8125,1.325,0.15,0.2624999999999999,0.6125,0.4875,0.75,participation_rate,10,0.0,0.0,0.0,0.0,,,0.9998149999999999,0.9998149999999999,0.0,
m09_combined,9,combined,1.2845232578665131,10.0,14.7,0.8125,1.325,0.15,0.2624999999999999,0.6125,0.4875,0.75,cumulative_fake_reposts,10,497.2,95.8120614072733,280.45805900507526,713.9419409949247,1.6410088975670056,0.0005721636731233251,30463.8,30961.0,1.6321010510835812,0.025747365290549627
m09_combined,9,combined,1.2845232578665131,10.0,14.7,0.8125,1.325,0.15,0.2624999999999999,0.6125,0.4875,0.75,target_unique_reposters_p400,10,63.5,13.182690671229956,33.67868187312408,93.32131812687592,1.5232446579280678,0.000951040868820467,44.5,108.0,142.69662921348313,0.05611141126040755
m10_credibility,10,credibility,1.2845232578665131,10.0,14.7,0.8125,1.325,0.15,0.3,0.6125,0.4875,0.75,fake_repost_share_all,10,0.00014250000000000373,3.892478502045536e-05,5.444601875560037e-05,0.0002305539812444071,1.1576802963386905,0.005228151699723809,0.153377,0.15351949999999998,0.09290832393383866,0.31368910198342853
m10_credibility,10,credibility,1.2845232578665131,10.0,14.7,0.8125,1.325,0.15,0.3,0.6125,0.4875,0.75,fake_repost_share_final100,10,-7.999999999996898e-06,6.110100926605418e-06,-2.1822008576537293e-05,5.822008576543497e-06,-0.41403933560541245,0.22286835013352033,0.159052,0.15904400000000002,-0.005029801574325942,1.0
m10_credibility,10,credibility,1.2845232578665131,10.0,14.7,0.8125,1.325,0.15,0.3,0.6125,0.4875,0.75,target_share_all,10,0.00043300000000000006,6.713253888970518e-05,0.0002811356462938244,0.0005848643537061757,2.0396461231751304,0.00011815165538414397,0.00118,0.0016130000000000003,36.694915254237294,0.009097677464579085
m10_credibility,10,credibility,1.2845232578665131,10.0,14.7,0.8125,1.325,0.15,0.3,0.6125,0.4875,0.75,target_share_final100,10,-2.0000000000000003e-06,2e-06,-6.52431432559641e-06,2.5243143255964093e-06,-0.316227766016838,0.3434363961379133,2.0000000000000003e-06,0.0,-100.0,1.0
m10_credibility,10,credibility,1.2845232578665131,10.0,14.7,0.8125,1.325,0.15,0.3,0.6125,0.4875,0.75,fake_repost_share_decisions,10,0.00014252818813745017,3.893264693364461e-05,5.445642200981245e-05,0.0002305999542650879,1.1576754749285723,0.005228275532588365,0.15340546507227062,0.15354799326040808,0.09290945930140358,0.3136965319553019
m10_credibility,10,credibility,1.2845232578665131,10.0,14.7,0.8125,1.325,0.15,0.3,0.6125,0.4875,0.75,target_share_decisions,10,0.0004330783518976516,6.714237268179405e-05,0.00028119175260826463,0.0005849649511870385,2.0397164154430207,0.00011812095528972521,0.001180216610392658,0.0016132949622903099,36.694819246237046,0.009095313557308842
m10_credibility,10,credibility,1.2845232578665131,10.0,14.7,0.8125,1.325,0.15,0.3,0.6125,0.4875,0.75,participation_rate,10,0.0,0.0,0.0,0.0,,,0.9998149999999999,0.9998149999999999,0.0,
m10_credibility,10,credibility,1.2845232578665131,10.0,14.7,0.8125,1.325,0.15,0.3,0.6125,0.4875,0.75,cumulative_fake_reposts,10,28.5,7.784957004091644,10.889203751118036,46.11079624888197,1.157680296338575,0.005228151699726777,30675.4,30703.9,0.09290832393383623,0.3136891019836066
m10_credibility,10,credibility,1.2845232578665131,10.0,14.7,0.8125,1.325,0.15,0.3,0.6125,0.4875,0.75,target_unique_reposters_p400,10,2.3,0.856997342145496,0.36133732396654206,4.238662676033457,0.8486885852152927,0.025050091860574154,45.7,48.0,5.032822757111597,1.0
m10_combined,10,combined,1.2845232578665131,10.0,14.7,0.8125,1.325,0.15,0.3,0.6125,0.4875,0.75,fake_repost_share_all,10,0.002715500000000004,0.0005392816466786582,0.0014955601602002666,0.003935439839799741,1.5923339945043749,0.0007041738154455722,0.153377,0.1560925,1.7704740606479485,0.029001741272754934
m10_combined,10,combined,1.2845232578665131,10.0,14.7,0.8125,1.325,0.15,0.3,0.6125,0.4875,0.75,fake_repost_share_final100,10,0.00046400000000000054,0.0003320749580708826,-0.0002872057449859601,0.0012152057449859612,0.4418571164902263,0.19581964841410793,0.159052,0.15951600000000002,0.29172849131101813,1.0
m10_combined,10,combined,1.2845232578665131,10.0,14.7,0.8125,1.325,0.15,0.3,0.6125,0.4875,0.75,target_share_all,10,0.0050444999999999995,0.0009944307277142143,0.0027949414063946584,0.007294058593605341,1.6041448853241593,0.0006693713749644497,0.00118,0.0062245,427.49999999999994,0.024097369498720187
m10_combined,10,combined,1.2845232578665131,10.0,14.7,0.8125,1.325,0.15,0.3,0.6125,0.4875,0.75,target_share_final100,10,0.0007939999999999999,0.0006187086911014297,-0.0006056162972606012,0.002193616297260601,0.405820784205223,0.2314382508781724,2.0000000000000003e-06,0.000796,39699.999999999985,1.0
m10_combined,10,combined,1.2845232578665131,10.0,14.7,0.8125,1.325,0.15,0.3,0.6125,0.4875,0.75,fake_repost_share_decisions,10,0.002715992638291151,0.0005393707489501306,0.0014958512351497806,0.0039361340414325215,1.5923597751579188,0.0007040957580352618,0.15340546507227062,0.15612145771056174,1.7704666760155017,0.02899952290250362
m10_combined,10,combined,1.2845232578665131,10.0,14.7,0.8125,1.325,0.15,0.3,0.6125,0.4875,0.75,target_share_decisions,10,0.005045416436675729,0.0009945943174473437,0.002795487777383829,0.00729534509596763,1.6041724152310677,0.0006692924542536601,0.001180216610392658,0.006225633047068387,427.4991888986479,0.024094528353131764
m10_combined,10,combined,1.2845232578665131,10.0,14.7,0.8125,1.325,0.15,0.3,0.6125,0.4875,0.75,participation_rate,10,0.0,0.0,0.0,0.0,,,0.9998149999999999,0.9998149999999999,0.0,
m10_combined,10,combined,1.2845232578665131,10.0,14.7,0.8125,1.325,0.15,0.3,0.6125,0.4875,0.75,cumulative_fake_reposts,10,543.1,107.85632933573152,299.1120320400528,787.0879679599473,1.5923339945043742,0.0007041738154455728,30675.4,31218.5,1.770474060647946,0.029001741272754997
m10_combined,10,combined,1.2845232578665131,10.0,14.7,0.8125,1.325,0.15,0.3,0.6125,0.4875,0.75,target_unique_reposters_p400,10,67.2,14.25700607498721,34.94841158741016,99.45158841258984,1.4905307442923688,0.0010991311652239052,45.7,112.9,147.04595185995623,0.0626504764177626
m11_credibility,11,credibility,1.2845232578665131,10.0,14.7,0.8125,1.325,0.15,0.3,0.6125,0.4875,0.875,fake_repost_share_all,10,0.00019399999999999973,5.214190040435373e-05,7.604682651838032e-05,0.00031195317348161917,1.176562153115233,0.004766081975586486,0.153351,0.153545,0.1265071633050973,0.29860970702147294
m11_credibility,11,credibility,1.2845232578665131,10.0,14.7,0.8125,1.325,0.15,0.3,0.6125,0.4875,0.875,fake_repost_share_final100,10,0.0,0.0,0.0,0.0,,,0.159122,0.159122,0.0,
m11_credibility,11,credibility,1.2845232578665131,10.0,14.7,0.8125,1.325,0.15,0.3,0.6125,0.4875,0.875,target_share_all,10,0.0005020000000000001,9.94769655079339e-05,0.0002769674699427974,0.0007270325300572027,1.595810022248735,0.0006937329420364974,0.0011129999999999998,0.0016150000000000001,45.10332434860737,0.04162397652218984
m11_credibility,11,credibility,1.2845232578665131,10.0,14.7,0.8125,1.325,0.15,0.3,0.6125,0.4875,0.875,target_share_final100,10,0.0,0.0,0.0,0.0,,,2.0000000000000003e-06,2.0000000000000003e-06,0.0,
m11_credibility,11,credibility,1.2845232578665131,10.0,14.7,0.8125,1.325,0.15,0.3,0.6125,0.4875,0.875,fake_repost_share_decisions,10,0.00019403470129799038,5.2150275816220266e-05,7.606258131842569e-05,0.00031200682127755506,1.1765836164978334,0.004765581914304988,0.153379463182405,0.153573497883703,0.12650631138748772,0.29857534429323
m11_credibility,11,credibility,1.2845232578665131,10.0,14.7,0.8125,1.325,0.15,0.3,0.6125,0.4875,0.875,target_share_decisions,10,0.0005020893811416851,9.949137099352769e-05,0.0002770242636120629,0.0007271544986713073,1.595863055797479,0.00069357494453226,0.0011132048182825487,0.0016152941994242338,45.103054972067774,0.0416144966719356
m11_credibility,11,credibility,1.2845232578665131,10.0,14.7,0.8125,1.325,0.15,0.3,0.6125,0.4875,0.875,participation_rate,10,0.0,0.0,0.0,0.0,,,0.9998149999999999,0.9998149999999999,0.0,
m11_credibility,11,credibility,1.2845232578665131,10.0,14.7,0.8125,1.325,0.15,0.3,0.6125,0.4875,0.875,cumulative_fake_reposts,10,38.8,10.428380080871195,15.2093653036751,62.390634696324895,1.1765621531151842,0.004766081975587622,30670.2,30709.0,0.12650716330509745,0.29860970702132
m11_credibility,11,credibility,1.2845232578665131,10.0,14.7,0.8125,1.325,0.15,0.3,0.6125,0.4875,0.875,target_unique_reposters_p400,10,1.2,0.6463573143221771,-0.2621618283209237,2.6621618283209236,0.587095265748098,0.09634000276409369,44.2,45.4,2.7149321266968323,1.0
m11_combined,11,combined,1.2845232578665131,10.0,14.7,0.8125,1.325,0.15,0.3,0.6125,0.4875,0.875,fake_repost_share_all,10,0.002992500000000001,0.0006582097985360654,0.001503525989617677,0.004481474010382324,1.4377051084777133,0.0013930493874083954,0.153351,0.15634350000000002,1.951405598920125,0.044577580397068654
m11_combined,11,combined,1.2845232578665131,10.0,14.7,0.8125,1.325,0.15,0.3,0.6125,0.4875,0.875,fake_repost_share_final100,10,0.0004379999999999967,0.00020529545105097205,-2.6410575084847947e-05,0.0009024105750848414,0.6746752585423064,0.061668556000180494,0.159122,0.15956,0.2752604919495712,1.0
m11_combined,11,combined,1.2845232578665131,10.0,14.7,0.8125,1.325,0.15,0.3,0.6125,0.4875,0.875,target_share_all,10,0.005595,0.0012642584563468202,0.002735048677346839,0.008454951322653162,1.3994720319899865,0.0016578776985478546,0.0011129999999999998,0.006708,502.69541778975747,0.04310482016224422
m11_combined,11,combined,1.2845232578665131,10.0,14.7,0.8125,1.325,0.15,0.3,0.6125,0.4875,0.875,target_share_final100,10,0.000706,0.00041323708556818676,-0.00022880723305192838,0.0016408072330519284,0.5402632304913224,0.12172559857644738,2.0000000000000003e-06,0.0007080000000000001,35299.99999999999,1.0
m11_combined,11,combined,1.2845232578665131,10.0,14.7,0.8125,1.325,0.15,0.3,0.6125,0.4875,0.875,fake_repost_share_decisions,10,0.0029930316429855664,0.000658316930721123,0.0015038152827634482,0.004482248003207684,1.4377265203285199,0.0013929144413415912,0.153379463182405,0.1563724948253906,1.9513900889235305,0.04457326212293092
m11_combined,11,combined,1.2845232578665131,10.0,14.7,0.8125,1.325,0.15,0.3,0.6125,0.4875,0.875,target_share_decisions,10,0.005595998390246673,0.0012644664926319401,0.0027355764568210063,0.00845642032367234,1.3994914692426124,0.0016577301211374799,0.0011132048182825487,0.006709203208529221,502.69261310602064,0.04310098314957447
m11_combined,11,combined,1.2845232578665131,10.0,14.7,0.8125,1.325,0.15,0.3,0.6125,0.4875,0.875,participation_rate,10,0.0,0.0,0.0,0.0,,,0.9998149999999999,0.9998149999999999,0.0,
m11_combined,11,combined,1.2845232578665131,10.0,14.7,0.8125,1.325,0.15,0.3,0.6125,0.4875,0.875,cumulative_fake_reposts,10,598.5,131.64195970721323,300.7051979235349,896.2948020764651,1.437705108477711,0.0013930493874084093,30670.2,31268.7,1.9514055989201244,0.0445775803970691
m11_combined,11,combined,1.2845232578665131,10.0,14.7,0.8125,1.325,0.15,0.3,0.6125,0.4875,0.875,target_unique_reposters_p400,10,68.5,15.449020105567286,33.55188850997749,103.44811149002251,1.4021343634828538,0.0016377941156694236,44.2,112.7,154.97737556561083,0.07861411755213234
m12_credibility,12,credibility,0.33,7.0,7.85,0.8125,1.325,0.075,0.1875,0.675,0.4875,0.75,fake_repost_share_all,10,-0.0003830000000000028,0.0004467600648620649,-0.0013936414807799134,0.0006276414807799079,-0.2710968233515759,0.41353319854828813,0.09168,0.09129699999999999,-0.4177574171029699,1.0
m12_credibility,12,credibility,0.33,7.0,7.85,0.8125,1.325,0.075,0.1875,0.675,0.4875,0.75,fake_repost_share_final100,10,0.00020799999999999985,0.00020208249140718076,-0.0002491423554128608,0.0006651423554128605,0.32548774945064335,0.3302133543665839,0.093844,0.094052,0.22164443118366634,1.0
m12_credibility,12,credibility,0.33,7.0,7.85,0.8125,1.325,0.075,0.1875,0.675,0.4875,0.75,target_share_all,10,0.000379,0.00012408733483585934,9.829494668852159e-05,0.0006597050533114784,0.9658546013492642,0.013697291202360407,0.0020695,0.0024485,18.31360231940082,0.2054593680354061
m12_credibility,12,credibility,0.33,7.0,7.85,0.8125,1.325,0.075,0.1875,0.675,0.4875,0.75,target_share_final100,10,0.0005719999999999999,0.00016517196426082053,0.00019835505795393564,0.0009456449420460642,1.0951149183889513,0.007126355599003707,0.0019140000000000001,0.002486,29.88505747126436,0.584361159118304
m12_credibility,12,credibility,0.33,7.0,7.85,0.8125,1.325,0.075,0.1875,0.675,0.4875,0.75,fake_repost_share_decisions,10,-0.00038308260283430247,0.00044685828975829067,-0.0013939462837667756,0.0006277810780981705,-0.27109568843342574,0.413535079654492,0.09169886916866857,0.09131578656583425,-0.41776153436491137,1.0
m12_credibility,12,credibility,0.33,7.0,7.85,0.8125,1.325,0.075,0.1875,0.675,0.4875,0.75,target_share_decisions,10,0.00037907970692605274,0.00012411152727423658,9.831992651681372e-05,0.0006598394873352918,0.96586941999889,0.01369625309888635,0.0020699240057259673,0.00244900371265202,18.313701656554354,0.20544379648329525
m12_credibility,12,credibility,0.33,7.0,7.85,0.8125,1.325,0.075,0.1875,0.675,0.4875,0.75,participation_rate,10,0.0,0.0,0.0,0.0,,,0.9997959999999999,0.9997959999999999,0.0,
m12_credibility,12,credibility,0.33,7.0,7.85,0.8125,1.325,0.075,0.1875,0.675,0.4875,0.75,cumulative_fake_reposts,10,-76.6,89.35201297241278,-278.7282961559817,125.5282961559817,-0.27109682335157453,0.41353319854829035,18336.0,18259.4,-0.41775741710296677,1.0
m12_credibility,12,credibility,0.33,7.0,7.85,0.8125,1.325,0.075,0.1875,0.675,0.4875,0.75,target_unique_reposters_p400,10,13.0,4.213734158149461,3.4678710920147324,22.532128907985268,0.975609946884807,0.013031133068858744,62.8,75.8,20.70063694267516,0.8965022676552589
m12_combined,12,combined,0.33,7.0,7.85,0.8125,1.325,0.075,0.1875,0.675,0.4875,0.75,fake_repost_share_all,10,0.0021865000000000022,0.0007386839084931152,0.000515480905358528,0.0038575190946414763,0.9360323169978207,0.015959670971996492,0.09168,0.0938665,2.384925828970334,0.11171769680397545
m12_combined,12,combined,0.33,7.0,7.85,0.8125,1.325,0.075,0.1875,0.675,0.4875,0.75,fake_repost_share_final100,10,0.0026880000000000016,0.000694788217132867,0.001116279857985092,0.004259720142014911,1.223423503871408,0.003795686927120807,0.093844,0.09653199999999998,2.8643280337581536,0.29226789338830217
m12_combined,12,combined,0.33,7.0,7.85,0.8125,1.325,0.075,0.1875,0.675,0.4875,0.75,target_share_all,10,0.003992,0.0011793157620699673,0.0013242024016326,0.006659797598367399,1.0704353172753758,0.008062600194902722,0.0020695,0.0060615,192.8968349842957,0.08062600194902722
m12_combined,12,combined,0.33,7.0,7.85,0.8125,1.325,0.075,0.1875,0.675,0.4875,0.75,target_share_final100,10,0.00488,0.0011075458355200372,0.0023745572550510252,0.007385442744948975,1.393343235711395,0.001705118391389237,0.0019140000000000001,0.006793999999999999,254.96342737722046,0.13129411613697126
m12_combined,12,combined,0.33,7.0,7.85,0.8125,1.325,0.075,0.1875,0.675,0.4875,0.75,fake_repost_share_decisions,10,0.0021869626539119274,0.0007388457555742264,0.0005155774357366396,0.003858347872087215,0.9360252924121266,0.015960246857237865,0.09169886916866857,0.0938858318225805,2.3849396112936616,0.11172172800066506
m12_combined,12,combined,0.33,7.0,7.85,0.8125,1.325,0.075,0.1875,0.675,0.4875,0.75,target_share_decisions,10,0.003992841474255137,0.0011795731162217984,0.0013244617003497967,0.006661221248160478,1.0704273623218628,0.008062921864810066,0.0020699240057259673,0.006062765479981105,192.89797418696833,0.08062921864810066
m12_combined,12,combined,0.33,7.0,7.85,0.8125,1.325,0.075,0.1875,0.675,0.4875,0.75,participation_rate,10,0.0,0.0,0.0,0.0,,,0.9997959999999999,0.9997959999999999,0.0,
m12_combined,12,combined,0.33,7.0,7.85,0.8125,1.325,0.075,0.1875,0.675,0.4875,0.75,cumulative_fake_reposts,10,437.3,147.73678169862325,103.09618107170468,771.5038189282953,0.9360323169978184,0.015959670971996687,18336.0,18773.3,2.3849258289703315,0.11171769680397681
m12_combined,12,combined,0.33,7.0,7.85,0.8125,1.325,0.075,0.1875,0.675,0.4875,0.75,target_unique_reposters_p400,10,115.5,25.69489789389671,57.37410268195305,173.62589731804695,1.4214614561134478,0.001499572052964713,62.8,178.3,183.9171974522293,0.07347903059527093
m13_credibility,13,credibility,0.33,8.0,7.85,0.8125,1.325,0.075,0.1875,0.675,0.4875,0.75,fake_repost_share_all,10,0.00024099999999999954,7.768454729795885e-05,6.526534489118601e-05,0.0004167346551088131,0.9810302596956785,0.012675531123543667,0.08830049999999999,0.0885415,0.2729316368536979,0.6971542117949017
m13_credibility,13,credibility,0.33,8.0,7.85,0.8125,1.325,0.075,0.1875,0.675,0.4875,0.75,fake_repost_share_final100,10,0.00029400000000000053,0.0001412027698815508,-2.5422857294496286e-05,0.0006134228572944973,0.658421667556097,0.06703526901872074,0.08596999999999999,0.08626400000000001,0.34197976038152905,1.0
m13_credibility,13,credibility,0.33,8.0,7.85,0.8125,1.325,0.075,0.1875,0.675,0.4875,0.75,target_share_all,10,0.0004320000000000001,0.0001155114231965345,0.00017069500663094488,0.0006933049933690553,1.1826570146819255,0.004626278992373525,0.001893,0.002325,22.820919175911257,0.12153914022058826
m13_credibility,13,credibility,0.33,8.0,7.85,0.8125,1.325,0.075,0.1875,0.675,0.4875,0.75,target_share_final100,10,0.0006799999999999999,0.0002023418449610021,0.00022227094608766519,0.0011377290539123348,1.0627306523418032,0.008380509521810969,0.0015660000000000001,0.002246,43.422733077905484,0.6788212712666885
m13_credibility,13,credibility,0.33,8.0,7.85,0.8125,1.325,0.075,0.1875,0.675,0.4875,0.75,fake_repost_share_decisions,10,0.00024104578143172573,7.770023042417691e-05,6.527564862660292e-05,0.0004168159142368485,0.9810185703930631,0.01267628713216394,0.08831662823743844,0.08855767401887019,0.2729336323661229,0.6971957922690166
m13_credibility,13,credibility,0.33,8.0,7.85,0.8125,1.325,0.075,0.1875,0.675,0.4875,0.75,target_share_decisions,10,0.0004320822311389902,0.00011553509205683004,0.00017072369508808216,0.0006934407671898982,1.1826398045491184,0.004626667613545874,0.0018933445921953018,0.002325426823334292,22.821108894815495,0.1215432301139074
m13_credibility,13,credibility,0.33,8.0,7.85,0.8125,1.325,0.075,0.1875,0.675,0.4875,0.75,participation_rate,10,0.0,0.0,0.0,0.0,,,0.9998170000000002,0.9998170000000002,0.0,
m13_credibility,13,credibility,0.33,8.0,7.85,0.8125,1.325,0.075,0.1875,0.675,0.4875,0.75,cumulative_fake_reposts,10,48.2,15.536909459591879,13.05306897823705,83.34693102176296,0.9810302596956736,0.012675531123543981,17660.1,17708.3,0.27293163685369853,0.697154211794919
m13_credibility,13,credibility,0.33,8.0,7.85,0.8125,1.325,0.075,0.1875,0.675,0.4875,0.75,target_unique_reposters_p400,10,17.2,5.334999739664681,5.131392125390983,29.268607874609017,1.0195159964209248,0.010422483234850595,56.4,73.6,30.49645390070922,0.7399963096743922
m13_combined,13,combined,0.33,8.0,7.85,0.8125,1.325,0.075,0.1875,0.675,0.4875,0.75,fake_repost_share_all,10,0.001810999999999996,0.0004996758949559209,0.0006806545951478561,0.002941345404852136,1.1461198949911564,0.005534118977388406,0.08830049999999999,0.09011149999999998,2.0509510138674143,0.08225755336804912
m13_combined,13,combined,0.33,8.0,7.85,0.8125,1.325,0.075,0.1875,0.675,0.4875,0.75,fake_repost_share_final100,10,0.00206,0.0006886702161896258,0.0005021197376408498,0.0036178802623591504,0.9459232919916413,0.015169581687759396,0.08596999999999999,0.08803,2.396184715598465,1.0
m13_combined,13,combined,0.33,8.0,7.85,0.8125,1.325,0.075,0.1875,0.675,0.4875,0.75,target_share_all,10,0.0028445000000000002,0.0007714907826913927,0.001099266599901873,0.004589733400098128,1.1659373003743485,0.005020540596336505,0.001893,0.0047374999999999995,150.26413100898046,0.07028756834871107
m13_combined,13,combined,0.33,8.0,7.85,0.8125,1.325,0.075,0.1875,0.675,0.4875,0.75,target_share_final100,10,0.003576,0.0009713303591809874,0.0013786980705353764,0.005773301929464624,1.1642079140095172,0.005063293917410959,0.0015660000000000001,0.005141999999999999,228.3524904214559,0.38481033772323286
m13_combined,13,combined,0.33,8.0,7.85,0.8125,1.325,0.075,0.1875,0.675,0.4875,0.75,fake_repost_share_decisions,10,0.0018113181997270133,0.0004997579871422313,0.0006807870894476014,0.002941849310006425,1.1461329735232386,0.0055337623859437425,0.08831662823743844,0.09012794643716544,2.050936766808286,0.08225232044683324
m13_combined,13,combined,0.33,8.0,7.85,0.8125,1.325,0.075,0.1875,0.675,0.4875,0.75,target_share_decisions,10,0.0028449977241735416,0.0007716131300924059,0.0010994875550258624,0.0045905078933212206,1.1659564094388153,0.005020070316537237,0.0018933445921953018,0.004738342316368843,150.2630707532649,0.07028098443152132
m13_combined,13,combined,0.33,8.0,7.85,0.8125,1.325,0.075,0.1875,0.675,0.4875,0.75,participation_rate,10,0.0,0.0,0.0,0.0,,,0.9998170000000002,0.9998170000000002,0.0,
m13_combined,13,combined,0.33,8.0,7.85,0.8125,1.325,0.075,0.1875,0.675,0.4875,0.75,cumulative_fake_reposts,10,362.2,99.93517899118406,136.13091902957228,588.2690809704277,1.1461198949911604,0.005534118977388302,17660.1,18022.3,2.0509510138674187,0.08225755336804844
m13_combined,13,combined,0.33,8.0,7.85,0.8125,1.325,0.075,0.1875,0.675,0.4875,0.75,target_unique_reposters_p400,10,90.7,22.805969004237078,39.10931386251125,142.29068613748876,1.2576469946266458,0.0032202284714612987,56.4,147.1,160.81560283687944,0.10948776802968416
m14_credibility,14,credibility,0.33,8.0,7.85,0.8125,1.325,0.1,0.1875,0.675,0.4875,0.75,fake_repost_share_all,10,0.0004530000000000006,0.0001551705155269177,0.00010197990684569368,0.0008040200931543075,0.9231855518375057,0.017049313708876707,0.1225595,0.1230125,0.3696163904062929,0.8865643128615888
m14_credibility,14,credibility,0.33,8.0,7.85,0.8125,1.325,0.1,0.1875,0.675,0.4875,0.75,fake_repost_share_final100,10,0.0007659999999999959,0.0003449708522308645,-1.4378284330655378e-05,0.001546378284330647,0.7021766250755264,0.05352232433195794,0.119196,0.11996199999999999,0.6426390147320344,1.0
m14_credibility,14,credibility,0.33,8.0,7.85,0.8125,1.325,0.1,0.1875,0.675,0.4875,0.75,target_share_all,10,0.0010960000000000002,0.0002283805304019295,0.0005793673473076222,0.0016126326526923781,1.5175795894006132,0.0009750672974077401,0.0034695000000000004,0.0045655,31.589566219916414,0.05655390324964892
m14_credibility,14,credibility,0.33,8.0,7.85,0.8125,1.325,0.1,0.1875,0.675,0.4875,0.75,target_share_final100,10,0.0017579999999999998,0.00045024882009839847,0.0007394664065729674,0.002776533593427032,1.2347137579085872,0.003594664301632434,0.0037360000000000006,0.005494000000000001,47.05567451820127,0.30195180133712446
m14_credibility,14,credibility,0.33,8.0,7.85,0.8125,1.325,0.1,0.1875,0.675,0.4875,0.75,fake_repost_share_decisions,10,0.0004530894080838774,0.00015520230192639186,0.00010199740909832042,0.0008041814070694343,0.923178648421139,0.017049919298243787,0.12258189498573055,0.12303498439381444,0.3696218011123261,0.886595803508677
m14_credibility,14,credibility,0.33,8.0,7.85,0.8125,1.325,0.1,0.1875,0.675,0.4875,0.75,target_share_decisions,10,0.0010962102166720109,0.00022843154438244705,0.0005794621623382022,0.0016129582710058196,1.5175316913440304,0.0009752732007553262,0.0034701340294802435,0.004566344246152254,31.58985236187552,0.05656584564380892
m14_credibility,14,credibility,0.33,8.0,7.85,0.8125,1.325,0.1,0.1875,0.675,0.4875,0.75,participation_rate,10,0.0,0.0,0.0,0.0,,,0.9998170000000002,0.9998170000000002,0.0,
m14_credibility,14,credibility,0.33,8.0,7.85,0.8125,1.325,0.1,0.1875,0.675,0.4875,0.75,cumulative_fake_reposts,10,90.6,31.034103105383203,20.395981369139363,160.80401863086064,0.9231855518375145,0.017049313708875954,24511.9,24602.5,0.3696163904062924,0.8865643128615497
m14_credibility,14,credibility,0.33,8.0,7.85,0.8125,1.325,0.1,0.1875,0.675,0.4875,0.75,target_unique_reposters_p400,10,34.0,8.971560003081342,13.704921277555659,54.295078722444345,1.198425250556172,0.004284279406068997,86.4,120.4,39.35185185185185,0.3341737936733818
m14_combined,14,combined,0.33,8.0,7.85,0.8125,1.325,0.1,0.1875,0.675,0.4875,0.75,fake_repost_share_all,10,0.0046669999999999975,0.0009241921998276227,0.002576331995357711,0.0067576680046422845,1.5968918416275855,0.0006905176493513079,0.1225595,0.1272265,3.807946344428623,0.029001741272754934
m14_combined,14,combined,0.33,8.0,7.85,0.8125,1.325,0.1,0.1875,0.675,0.4875,0.75,fake_repost_share_final100,10,0.007555999999999995,0.0018018010742340853,0.0034800427939838587,0.011631957206016131,1.3261269705030705,0.002328724927398627,0.119196,0.12675200000000003,6.339138897278428,0.18629799419189016
m14_combined,14,combined,0.33,8.0,7.85,0.8125,1.325,0.1,0.1875,0.675,0.4875,0.75,target_share_all,10,0.008646000000000001,0.001569770294590192,0.00509493288414495,0.012197067115855052,1.741723151727338,0.000376363776780919,0.0034695000000000004,0.0121155,249.2001729355815,0.015054551071236759
m14_combined,14,combined,0.33,8.0,7.85,0.8125,1.325,0.1,0.1875,0.675,0.4875,0.75,target_share_final100,10,0.014501999999999998,0.003105946196858177,0.007475861563511429,0.021528138436488566,1.4765017717998752,0.0011700631993552537,0.0037360000000000006,0.018237999999999997,388.1691648822268,0.09243499274906504
m14_combined,14,combined,0.33,8.0,7.85,0.8125,1.325,0.1,0.1875,0.675,0.4875,0.75,fake_repost_share_decisions,10,0.004667823386005646,0.0009243449395614108,0.0025768098600805265,0.006758836911930764,1.5969096582257536,0.000690464831011991,0.12258189498573055,0.1272497183717362,3.8079223579868913,0.02899952290250362
m14_combined,14,combined,0.33,8.0,7.85,0.8125,1.325,0.1,0.1875,0.675,0.4875,0.75,target_share_decisions,10,0.008647544915297673,0.0015700452073525164,0.005095855903568185,0.01219923392702716,1.7417293446639341,0.00037635424764988174,0.0034701340294802435,0.012117678944777919,249.19916181430324,0.01505416990599527
m14_combined,14,combined,0.33,8.0,7.85,0.8125,1.325,0.1,0.1875,0.675,0.4875,0.75,participation_rate,10,0.0,0.0,0.0,0.0,,,0.9998170000000002,0.9998170000000002,0.0,
m14_combined,14,combined,0.33,8.0,7.85,0.8125,1.325,0.1,0.1875,0.675,0.4875,0.75,cumulative_fake_reposts,10,933.4,184.83843996552469,515.2663990715423,1351.5336009284576,1.5968918416275848,0.0006905176493513095,24511.9,25445.3,3.807946344428624,0.029001741272754997
m14_combined,14,combined,0.33,8.0,7.85,0.8125,1.325,0.1,0.1875,0.675,0.4875,0.75,target_unique_reposters_p400,10,218.5,25.583089032492627,160.6270318986426,276.3729681013574,2.7008375254028856,1.3077164989336406e-05,86.4,304.9,252.8935185185185,0.0010461731991469126
m15_credibility,15,credibility,0.33,8.0,7.85,0.8125,1.4,0.1,0.1875,0.675,0.4875,0.75,fake_repost_share_all,10,0.0003619999999999998,0.00024139087711749982,-0.0001840641017054937,0.0009080641017054933,0.4742285734451078,0.16794161032471247,0.11813150000000001,0.11849349999999999,0.3064381642491628,1.0
m15_credibility,15,credibility,0.33,8.0,7.85,0.8125,1.4,0.1,0.1875,0.675,0.4875,0.75,fake_repost_share_final100,10,0.0003580000000000014,0.00028242521133921397,-0.00028089021478579825,0.000996890214785801,0.400847855250625,0.23675589782140485,0.11274999999999999,0.11310800000000001,0.31751662971175293,1.0
m15_credibility,15,credibility,0.33,8.0,7.85,0.8125,1.4,0.1,0.1875,0.675,0.4875,0.75,target_share_all,10,0.0012685,0.0005500944615851596,2.409987350950938e-05,0.002512900126490491,0.7292109795769315,0.04654265137896323,0.002379,0.0036475,53.320722992854144,0.2792559082737794
m15_credibility,15,credibility,0.33,8.0,7.85,0.8125,1.4,0.1,0.1875,0.675,0.4875,0.75,target_share_final100,10,0.00147,0.0006832943078287064,-7.571911275394976e-05,0.0030157191127539494,0.6803141936333607,0.05990565667919484,0.002248,0.003718,65.39145907473309,1.0
m15_credibility,15,credibility,0.33,8.0,7.85,0.8125,1.4,0.1,0.1875,0.675,0.4875,0.75,fake_repost_share_decisions,10,0.00036206821806999414,0.0002414319630158849,-0.00018408882639482118,0.0009082252625348095,0.4742372232563024,0.16793465117016795,0.11815306634575182,0.11851513456382183,0.3064399674659923,1.0
m15_credibility,15,credibility,0.33,8.0,7.85,0.8125,1.4,0.1,0.1875,0.675,0.4875,0.75,target_share_decisions,10,0.0012687287995154968,0.0005501904756524612,2.4111474114930313e-05,0.0025133461249160632,0.7292152294643515,0.04654162772740787,0.002379433934028407,0.003648162733543904,53.320614679455524,0.2792497663644472
m15_credibility,15,credibility,0.33,8.0,7.85,0.8125,1.4,0.1,0.1875,0.675,0.4875,0.75,participation_rate,10,0.0,0.0,0.0,0.0,,,0.9998170000000002,0.9998170000000002,0.0,
m15_credibility,15,credibility,0.33,8.0,7.85,0.8125,1.4,0.1,0.1875,0.675,0.4875,0.75,cumulative_fake_reposts,10,72.4,48.27817542349982,-36.81282034109836,181.61282034109837,0.47422857344510955,0.16794161032471128,23626.3,23698.7,0.30643816424916304,1.0
m15_credibility,15,credibility,0.33,8.0,7.85,0.8125,1.4,0.1,0.1875,0.675,0.4875,0.75,target_unique_reposters_p400,10,39.1,14.87088878760558,5.459712411942526,72.74028758805747,0.8314570721263003,0.027390154516489986,70.2,109.3,55.698005698005694,1.0
m15_combined,15,combined,0.33,8.0,7.85,0.8125,1.4,0.1,0.1875,0.675,0.4875,0.75,fake_repost_share_all,10,0.004283499999999996,0.0013451994998677492,0.0012404473159816037,0.007326552684018387,1.006959663504406,0.011108036006912085,0.11813150000000001,0.12241500000000001,3.6260438579041114,0.10845510857823361
m15_combined,15,combined,0.33,8.0,7.85,0.8125,1.4,0.1,0.1875,0.675,0.4875,0.75,fake_repost_share_final100,10,0.005710000000000005,0.0017665364731901546,0.001713816863828618,0.009706183136171392,1.0221473325684232,0.010284464426514784,0.11274999999999999,0.11846000000000001,5.064301552106435,0.7404814387090645
m15_combined,15,combined,0.33,8.0,7.85,0.8125,1.4,0.1,0.1875,0.675,0.4875,0.75,target_share_all,10,0.0072175,0.0021922663628208034,0.0022582489445833517,0.012176751055416648,1.0411024590505427,0.009344658041983258,0.002379,0.009596499999999999,303.3837746952501,0.08062600194902722
m15_combined,15,combined,0.33,8.0,7.85,0.8125,1.4,0.1,0.1875,0.675,0.4875,0.75,target_share_final100,10,0.009636,0.0028781426109365897,0.0031251890771150674,0.016146810922884933,1.0587282026121203,0.00855078992167523,0.002248,0.011884,428.64768683274025,0.6071060844389413
m15_combined,15,combined,0.33,8.0,7.85,0.8125,1.4,0.1,0.1875,0.675,0.4875,0.75,fake_repost_share_decisions,10,0.004284283697366528,0.0013454278185926784,0.0012407145205091366,0.00732785287422392,1.0069729820345996,0.011107284589368431,0.11815306634575182,0.12243735004311836,3.6260452901234155,0.10844813445433119
m15_combined,15,combined,0.33,8.0,7.85,0.8125,1.4,0.1,0.1875,0.675,0.4875,0.75,target_share_decisions,10,0.007218823747218345,0.0021926471626586984,0.0022587112627208096,0.01217893623171588,1.0411125628093083,0.009344181619646983,0.002379433934028407,0.009598257681246752,303.38407988478167,0.08062921864810066
m15_combined,15,combined,0.33,8.0,7.85,0.8125,1.4,0.1,0.1875,0.675,0.4875,0.75,participation_rate,10,0.0,0.0,0.0,0.0,,,0.9998170000000002,0.9998170000000002,0.0,
m15_combined,15,combined,0.33,8.0,7.85,0.8125,1.4,0.1,0.1875,0.675,0.4875,0.75,cumulative_fake_reposts,10,856.7,269.03989997354995,248.0894631963215,1465.3105368036786,1.0069596635044065,0.011108036006912032,23626.3,24483.0,3.6260438579041154,0.10845510857823618
m15_combined,15,combined,0.33,8.0,7.85,0.8125,1.4,0.1,0.1875,0.675,0.4875,0.75,target_unique_reposters_p400,10,176.5,38.85164089198807,88.61148226972556,264.38851773027443,1.4365982856976787,0.001400044132657829,70.2,246.7,251.42450142450144,0.07000220663289144
m16_credibility,16,credibility,0.33,8.0,7.85,1.0,1.4,0.1,0.1875,0.675,0.4875,0.75,fake_repost_share_all,10,-7.400000000000462e-05,0.0016273944410211884,-0.003755421991454067,0.0036074219914540577,-0.014379337974488504,0.9647244794525598,0.1339245,0.1338505,-0.055255013085734585,1.0
m16_credibility,16,credibility,0.33,8.0,7.85,1.0,1.4,0.1,0.1875,0.675,0.4875,0.75,fake_repost_share_final100,10,0.002771999999999998,0.0004770203815817962,0.0016929049270040049,0.003851095072995991,1.8376224606838178,0.00025590184726171565,0.13047000000000003,0.133242,2.124626350885259,0.022519362559030975
m16_credibility,16,credibility,0.33,8.0,7.85,1.0,1.4,0.1,0.1875,0.675,0.4875,0.75,target_share_all,10,0.002457,0.000686540926998853,0.0009039365244354251,0.004010063475564575,1.1317193055042278,0.0059417910793164675,0.005985,0.008442,41.05263157894737,0.1307194037449623
m16_credibility,16,credibility,0.33,8.0,7.85,1.0,1.4,0.1,0.1875,0.675,0.4875,0.75,target_share_final100,10,0.004242,0.0007566091020687851,0.0025304313003167798,0.0059535686996832204,1.7729606738480306,0.0003314639358561834,0.007639999999999999,0.011882,55.5235602094241,0.029168826355344138
m16_credibility,16,credibility,0.33,8.0,7.85,1.0,1.4,0.1,0.1875,0.675,0.4875,0.75,fake_repost_share_decisions,10,-7.396836343813996e-05,0.0016276534336211138,-0.003755976236857235,0.003608039509980955,-0.014370903438532288,0.96474515530694,0.13394883603107016,0.133874867667632,-0.055221355877241515,1.0
m16_credibility,16,credibility,0.33,8.0,7.85,1.0,1.4,0.1,0.1875,0.675,0.4875,0.75,target_share_decisions,10,0.0024574645223722448,0.000686679249178119,0.0009040881402990694,0.00401084090444542,1.1317052567199863,0.005942203841676828,0.005986067371158765,0.00844353189353101,41.05307157437716,0.13072848451689023
m16_credibility,16,credibility,0.33,8.0,7.85,1.0,1.4,0.1,0.1875,0.675,0.4875,0.75,participation_rate,10,0.0,0.0,0.0,0.0,,,0.9998170000000002,0.9998170000000002,0.0,
m16_credibility,16,credibility,0.33,8.0,7.85,1.0,1.4,0.1,0.1875,0.675,0.4875,0.75,cumulative_fake_reposts,10,-14.8,325.47888820423765,-751.0843982908123,721.4843982908124,-0.01437933797448761,0.964724479452562,26784.9,26770.1,-0.055255013085731136,1.0
m16_credibility,16,credibility,0.33,8.0,7.85,1.0,1.4,0.1,0.1875,0.675,0.4875,0.75,target_unique_reposters_p400,10,68.3,15.47833611499921,33.28557108925639,103.3144289107436,1.3953926480521535,0.0016891633972220086,123.1,191.4,55.48334687246141,0.14188972536664873
m16_combined,16,combined,0.33,8.0,7.85,1.0,1.4,0.1,0.1875,0.675,0.4875,0.75,fake_repost_share_all,10,0.006601499999999999,0.0017617317947595389,0.0026161858015553707,0.010586814198444627,1.1849576669785262,0.004574636573119002,0.1339245,0.140526,4.9292698498034335,0.08140874104682809
m16_combined,16,combined,0.33,8.0,7.85,1.0,1.4,0.1,0.1875,0.675,0.4875,0.75,fake_repost_share_final100,10,0.014204,0.002408813077937853,0.008754886241900895,0.019653113758099104,1.8646939563896916,0.00023001621465111328,0.13047000000000003,0.144674,10.886793898980605,0.020011410674646856
m16_combined,16,combined,0.33,8.0,7.85,1.0,1.4,0.1,0.1875,0.675,0.4875,0.75,target_share_all,10,0.016048,0.002258409740404862,0.010939122229209907,0.021156877770790092,2.247078153377278,5.630599334724666e-05,0.005985,0.022032999999999997,268.13700918964076,0.003997725527654513
m16_combined,16,combined,0.33,8.0,7.85,1.0,1.4,0.1,0.1875,0.675,0.4875,0.75,target_share_final100,10,0.028033999999999996,0.0049843640405661475,0.016758585183639485,0.03930941481636051,1.778587823916066,0.0003240109527606598,0.007639999999999999,0.035674000000000004,366.9371727748691,0.027540930984656084
m16_combined,16,combined,0.33,8.0,7.85,1.0,1.4,0.1,0.1875,0.675,0.4875,0.75,fake_repost_share_decisions,10,0.006602770079763764,0.0017620524686096733,0.0026167304666721326,0.010588809692855396,1.1849699535303901,0.004574362415849315,0.13394883603107016,0.14055160611083392,4.929322475211517,0.08140439507220122
m16_combined,16,combined,0.33,8.0,7.85,1.0,1.4,0.1,0.1875,0.675,0.4875,0.75,target_share_decisions,10,0.016050945143618905,0.002258803979770094,0.010941175541424895,0.021160714745812916,2.2470982744337302,5.630208137028166e-05,0.005986067371158765,0.02203701251477767,268.13839785621747,0.0039974477772899975
m16_combined,16,combined,0.33,8.0,7.85,1.0,1.4,0.1,0.1875,0.675,0.4875,0.75,participation_rate,10,0.0,0.0,0.0,0.0,,,0.9998170000000002,0.9998170000000002,0.0,
m16_combined,16,combined,0.33,8.0,7.85,1.0,1.4,0.1,0.1875,0.675,0.4875,0.75,cumulative_fake_reposts,10,1320.3,352.3463589519078,523.2371603110743,2117.3628396889258,1.1849576669785264,0.004574636573119002,26784.9,28105.2,4.9292698498034335,0.08140874104682097
m16_combined,16,combined,0.33,8.0,7.85,1.0,1.4,0.1,0.1875,0.675,0.4875,0.75,target_unique_reposters_p400,10,281.7,20.948110495539527,234.312081795427,329.087918204573,4.252477172387996,2.902491185687899e-07,123.1,404.8,228.83834281072296,2.554192243405351e-05
m17_credibility,17,credibility,0.33,8.0,7.85,1.0,1.4,0.1,0.1875,0.7375,0.4875,0.75,fake_repost_share_all,10,0.0019440000000000013,0.0003783809074347057,0.0010880429199804972,0.0027999570800195054,1.6246770517690972,0.0006132069969721376,0.13437800000000003,0.136322,1.4466653767729842,0.05028297375171528
m17_credibility,17,credibility,0.33,8.0,7.85,1.0,1.4,0.1,0.1875,0.7375,0.4875,0.75,fake_repost_share_final100,10,0.0038320000000000034,0.000788,0.002049420155715018,0.005614579844284989,1.537797968751934,0.000892187830358117,0.131098,0.13493,2.9230041648232645,0.07762034124115619
m17_credibility,17,credibility,0.33,8.0,7.85,1.0,1.4,0.1,0.1875,0.7375,0.4875,0.75,target_share_all,10,0.0034155000000000006,0.0010295021585428775,0.001086604317936017,0.0057443956820639845,1.0491244975719263,0.008974234792109495,0.005817,0.009232500000000001,58.71583290355854,0.1525619914658614
m17_credibility,17,credibility,0.33,8.0,7.85,1.0,1.4,0.1,0.1875,0.7375,0.4875,0.75,target_share_final100,10,0.005671999999999999,0.001415941618382151,0.002468917525872734,0.008875082474127265,1.2667498896578195,0.0030832679591889026,0.007374,0.013046000000000002,76.91890425820449,0.26516104449024563
m17_credibility,17,credibility,0.33,8.0,7.85,1.0,1.4,0.1,0.1875,0.7375,0.4875,0.75,fake_repost_share_decisions,10,0.001944349244314933,0.0003784464596836294,0.0010882438748059887,0.002800454613823877,1.6246874614714104,0.0006131798460015182,0.13440241635571432,0.13634676560002928,1.4466624165215511,0.0502807473721245
m17_credibility,17,credibility,0.33,8.0,7.85,1.0,1.4,0.1,0.1875,0.7375,0.4875,0.75,target_share_decisions,10,0.003416113585566983,0.0010296743242708035,0.0010868284375683832,0.005745398733565583,1.0491375206317246,0.00897364602613988,0.0058180413021150625,0.009234154887682046,58.71587031059931,0.15255198244437795
m17_credibility,17,credibility,0.33,8.0,7.85,1.0,1.4,0.1,0.1875,0.7375,0.4875,0.75,participation_rate,10,0.0,0.0,0.0,0.0,,,0.9998170000000002,0.9998170000000002,0.0,
m17_credibility,17,credibility,0.33,8.0,7.85,1.0,1.4,0.1,0.1875,0.7375,0.4875,0.75,cumulative_fake_reposts,10,388.8,75.67618148694108,217.60858399609936,559.9914160039007,1.6246770517690976,0.0006132069969721357,26875.6,27264.4,1.4466653767729838,0.05028297375171513
m17_credibility,17,credibility,0.33,8.0,7.85,1.0,1.4,0.1,0.1875,0.7375,0.4875,0.75,target_unique_reposters_p400,10,81.0,17.68175456351672,41.001092263300805,120.9989077366992,1.4486372919243495,0.001325938266059578,120.4,201.4,67.27574750830566,0.11270475261506413
m17_combined,17,combined,0.33,8.0,7.85,1.0,1.4,0.1,0.1875,0.7375,0.4875,0.75,fake_repost_share_all,10,0.007821499999999995,0.001964963817874404,0.003376443024756104,0.012266556975243887,1.258738430398309,0.0032034718778153337,0.13437800000000003,0.14219949999999998,5.8205212162705156,0.08008679694538334
m17_combined,17,combined,0.33,8.0,7.85,1.0,1.4,0.1,0.1875,0.7375,0.4875,0.75,fake_repost_share_final100,10,0.014814000000000011,0.003517024057668959,0.006857938836210569,0.022770061163789455,1.3319778451781008,0.0022658120107384933,0.131098,0.14591200000000001,11.29994355367741,0.18353077286981795
m17_combined,17,combined,0.33,8.0,7.85,1.0,1.4,0.1,0.1875,0.7375,0.4875,0.75,target_share_all,10,0.0162015,0.002565639735036858,0.010397619696226684,0.022005380303773317,1.9969148751308208,0.000138529295434089,0.005817,0.022018500000000003,278.5198555956679,0.00783566627529122
m17_combined,17,combined,0.33,8.0,7.85,1.0,1.4,0.1,0.1875,0.7375,0.4875,0.75,target_share_final100,10,0.026833999999999997,0.005129376007100886,0.015230545324851472,0.03843745467514852,1.6543251774774659,0.000540892656164326,0.007374,0.034208,363.90018985625164,0.04489409046163905
m17_combined,17,combined,0.33,8.0,7.85,1.0,1.4,0.1,0.1875,0.7375,0.4875,0.75,fake_repost_share_decisions,10,0.007822996740545948,0.0019653262005801886,0.003377119998668493,0.012268873482423403,1.258747164765594,0.003203338154243373,0.13440241635571432,0.1422254130962603,5.82057745140632,0.08008345385608433
m17_combined,17,combined,0.33,8.0,7.85,1.0,1.4,0.1,0.1875,0.7375,0.4875,0.75,target_share_decisions,10,0.016204473641376706,0.002566079818798478,0.010399597798969809,0.0220093494837836,1.9969388565203152,0.00013851683717197957,0.0058180413021150625,0.022022514943491767,278.52111733008513,0.007835343958099638
m17_combined,17,combined,0.33,8.0,7.85,1.0,1.4,0.1,0.1875,0.7375,0.4875,0.75,participation_rate,10,0.0,0.0,0.0,0.0,,,0.9998170000000002,0.9998170000000002,0.0,
m17_combined,17,combined,0.33,8.0,7.85,1.0,1.4,0.1,0.1875,0.7375,0.4875,0.75,cumulative_fake_reposts,10,1564.3,392.9927635748809,675.2886049512217,2453.311395048778,1.2587384303983096,0.0032034718778153233,26875.6,28439.9,5.820521216270521,0.08008679694538308
m17_combined,17,combined,0.33,8.0,7.85,1.0,1.4,0.1,0.1875,0.7375,0.4875,0.75,target_unique_reposters_p400,10,276.8,23.65859017120185,223.28055078250853,330.31944921749147,3.6997912808857003,9.551937685212573e-07,120.4,397.2,229.90033222591362,7.928108278726436e-05
m18_credibility,18,credibility,0.33,8.0,7.85,1.0,1.4,0.1,0.2249999999999999,0.7375,0.4875,0.75,fake_repost_share_all,10,-0.00018800000000000622,0.0020291114913785395,-0.004778169094338117,0.004402169094338105,-0.029298942056051214,0.9282101611445943,0.134301,0.13411299999999998,-0.13998406564359628,1.0
m18_credibility,18,credibility,0.33,8.0,7.85,1.0,1.4,0.1,0.2249999999999999,0.7375,0.4875,0.75,fake_repost_share_final100,10,0.0038659999999999988,0.0010646274257013833,0.001457645443238201,0.006274354556761797,1.1483233607434828,0.005474379943603848,0.13314399999999998,0.13701000000000002,2.903623144865709,0.47079667514993095
m18_credibility,18,credibility,0.33,8.0,7.85,1.0,1.4,0.1,0.2249999999999999,0.7375,0.4875,0.75,target_share_all,10,0.0022994999999999995,0.0008827074669573279,0.0003026769809670203,0.004296323019032979,0.8237901855098632,0.028501036052134388,0.005771,0.0080705,39.845780627274294,0.2363649343014716
m18_credibility,18,credibility,0.33,8.0,7.85,1.0,1.4,0.1,0.2249999999999999,0.7375,0.4875,0.75,target_share_final100,10,0.004374,0.0014114202461035874,0.001181145580558365,0.0075668544194416355,0.9799917865540767,0.01274287659989322,0.007318,0.011692,59.770429078983334,1.0
m18_credibility,18,credibility,0.33,8.0,7.85,1.0,1.4,0.1,0.2249999999999999,0.7375,0.4875,0.75,fake_repost_share_decisions,10,-0.00018798038667448974,0.0020294343129014904,-0.00477887975403305,0.00440291898068407,-0.029291225320846697,0.9282290091220585,0.1343254712192002,0.13413749083252574,-0.13994396220485414,1.0
m18_credibility,18,credibility,0.33,8.0,7.85,1.0,1.4,0.1,0.2249999999999999,0.7375,0.4875,0.75,target_share_decisions,10,0.002299943234712488,0.0008828741054741598,0.00030274325316505995,0.004297143216259916,0.8237934565858179,0.02850055255029271,0.005772037134681204,0.008071980369393694,39.84630003319472,0.2363721350613757
m18_credibility,18,credibility,0.33,8.0,7.85,1.0,1.4,0.1,0.2249999999999999,0.7375,0.4875,0.75,participation_rate,10,0.0,0.0,0.0,0.0,,,0.9998170000000002,0.9998170000000002,0.0,
m18_credibility,18,credibility,0.33,8.0,7.85,1.0,1.4,0.1,0.2249999999999999,0.7375,0.4875,0.75,cumulative_fake_reposts,10,-37.6,405.8222982757081,-955.6338188676226,880.4338188676226,-0.029298942056050235,0.9282101611445966,26860.2,26822.6,-0.13998406564359164,1.0
m18_credibility,18,credibility,0.33,8.0,7.85,1.0,1.4,0.1,0.2249999999999999,0.7375,0.4875,0.75,target_unique_reposters_p400,10,65.4,21.501524493755216,16.7601723553706,114.03982764462941,0.9618525376425175,0.013980639505135976,122.0,187.4,53.60655737704918,0.9227222073389744
m18_combined,18,combined,0.33,8.0,7.85,1.0,1.4,0.1,0.2249999999999999,0.7375,0.4875,0.75,fake_repost_share_all,10,0.008171499999999991,0.0016336668111949894,0.004475888921429543,0.01186711107857044,1.5817516597012897,0.0007370160894772999,0.134301,0.1424725,6.084466980886211,0.029001741272754934
m18_combined,18,combined,0.33,8.0,7.85,1.0,1.4,0.1,0.2249999999999999,0.7375,0.4875,0.75,fake_repost_share_final100,10,0.014673999999999998,0.003640725263521601,0.006438107267344227,0.02290989273265577,1.2745609466951604,0.002970668036683207,0.13314399999999998,0.14781799999999998,11.021150033046927,0.23468277489797335
m18_combined,18,combined,0.33,8.0,7.85,1.0,1.4,0.1,0.2249999999999999,0.7375,0.4875,0.75,target_share_all,10,0.015851999999999998,0.0021103747955701557,0.011078000540012173,0.020625999459987825,2.3753328353907888,3.6486235447203485e-05,0.005771,0.021623,274.68376364581525,0.0027729538939874647
m18_combined,18,combined,0.33,8.0,7.85,1.0,1.4,0.1,0.2249999999999999,0.7375,0.4875,0.75,target_share_final100,10,0.026272,0.00488655861635887,0.015217836424570497,0.037326163575429505,1.7001608946184854,0.00044660897323790165,0.007318,0.033589999999999995,359.00519267559446,0.03751515375198374
m18_combined,18,combined,0.33,8.0,7.85,1.0,1.4,0.1,0.2249999999999999,0.7375,0.4875,0.75,fake_repost_share_decisions,10,0.008173053715260958,0.0016339897844513062,0.004476712020425341,0.011869395410096574,1.581739703948321,0.0007370541145605191,0.1343254712192002,0.14249852493446116,6.084515201084751,0.02899952290250362
m18_combined,18,combined,0.33,8.0,7.85,1.0,1.4,0.1,0.2249999999999999,0.7375,0.4875,0.75,target_share_decisions,10,0.015854917915353484,0.0021107687251560423,0.011080027324731307,0.02062980850597566,2.375326682169749,3.6486979492896794e-05,0.005772037134681204,0.02162695505003468,274.6849603598257,0.0027730104414601564
m18_combined,18,combined,0.33,8.0,7.85,1.0,1.4,0.1,0.2249999999999999,0.7375,0.4875,0.75,participation_rate,10,0.0,0.0,0.0,0.0,,,0.9998170000000002,0.9998170000000002,0.0,
m18_combined,18,combined,0.33,8.0,7.85,1.0,1.4,0.1,0.2249999999999999,0.7375,0.4875,0.75,cumulative_fake_reposts,10,1634.3,326.73336223899753,895.1777842859111,2373.422215714089,1.5817516597012933,0.0007370160894772883,26860.2,28494.5,6.084466980886218,0.029001741272754997
m18_combined,18,combined,0.33,8.0,7.85,1.0,1.4,0.1,0.2249999999999999,0.7375,0.4875,0.75,target_unique_reposters_p400,10,279.2,22.61503924383064,228.04122698760602,330.35877301239395,3.9040742454597677,6.042812535039262e-07,122.0,401.2,228.85245901639342,5.1363906547833725e-05
m19_credibility,19,credibility,0.33,8.0,7.85,1.0,1.4,0.1,0.2249999999999999,0.7375,0.55,0.75,fake_repost_share_all,10,0.0016244999999999884,0.0011608340990665066,-0.0010014891720237108,0.0042504891720236875,0.4425369708793486,0.19519535082766667,0.135628,0.1372525,1.197761524169042,1.0
m19_credibility,19,credibility,0.33,8.0,7.85,1.0,1.4,0.1,0.2249999999999999,0.7375,0.55,0.75,fake_repost_share_final100,10,0.0042639999999999996,0.0014629492282524502,0.0009545789244986133,0.007573421075501386,0.9216965074765494,0.017180448681273018,0.135818,0.14008199999999998,3.1394955013326653,1.0
m19_credibility,19,credibility,0.33,8.0,7.85,1.0,1.4,0.1,0.2249999999999999,0.7375,0.55,0.75,target_share_all,10,0.0034454999999999998,0.0011377696139572566,0.0008716863181724432,0.006019313681827556,0.9576303976175157,0.014286118664977842,0.0060244999999999995,0.00947,57.1914681716325,0.2054593680354061
m19_credibility,19,credibility,0.33,8.0,7.85,1.0,1.4,0.1,0.2249999999999999,0.7375,0.55,0.75,target_share_final100,10,0.006068,0.0024037363508597285,0.0006303705964242458,0.011505629403575753,0.798286419183977,0.03253275179912526,0.007942000000000001,0.01401,76.4039284814908,1.0
m19_credibility,19,credibility,0.33,8.0,7.85,1.0,1.4,0.1,0.2249999999999999,0.7375,0.55,0.75,fake_repost_share_decisions,10,0.0016248233623863836,0.0011610399285432514,-0.0010016314282624487,0.004251278153035215,0.44254659071380287,0.19518652940159456,0.1356527634565556,0.137277586818942,1.1977812474913216,1.0
m19_credibility,19,credibility,0.33,8.0,7.85,1.0,1.4,0.1,0.2249999999999999,0.7375,0.55,0.75,target_share_decisions,10,0.0034461590034260887,0.0011380030384548093,0.0008718172786994207,0.006020500728152757,0.9576170943022662,0.014287091965403854,0.006025591616240837,0.009471750619666926,57.19204391710885,0.20544379648329525
m19_credibility,19,credibility,0.33,8.0,7.85,1.0,1.4,0.1,0.2249999999999999,0.7375,0.55,0.75,participation_rate,10,0.0,0.0,0.0,0.0,,,0.9998170000000002,0.9998170000000002,0.0,
m19_credibility,19,credibility,0.33,8.0,7.85,1.0,1.4,0.1,0.2249999999999999,0.7375,0.55,0.75,cumulative_fake_reposts,10,324.9,232.16681981330194,-200.29783440474125,850.0978344047412,0.44253697087935057,0.1951953508276648,27125.6,27450.5,1.1977615241690507,1.0
m19_credibility,19,credibility,0.33,8.0,7.85,1.0,1.4,0.1,0.2249999999999999,0.7375,0.55,0.75,target_unique_reposters_p400,10,78.2,22.416164802312736,27.491112229983244,128.90888777001675,1.1031776184999036,0.006845717000339965,131.3,209.5,59.55826351865956,0.5177107137555401
m19_combined,19,combined,0.33,8.0,7.85,1.0,1.4,0.1,0.2249999999999999,0.7375,0.55,0.75,fake_repost_share_all,10,0.010299999999999997,0.0012351623824870621,0.007505868569237992,0.013094131430762001,2.637018448873905,1.586468976966768e-05,0.135628,0.145928,7.594302061521217,0.001332633940652085
m19_combined,19,combined,0.33,8.0,7.85,1.0,1.4,0.1,0.2249999999999999,0.7375,0.55,0.75,fake_repost_share_final100,10,0.014312000000000002,0.0019876847503230164,0.009815544704672028,0.018808455295327976,2.276946475791744,5.081337463262665e-05,0.135818,0.15013,10.537631241808892,0.004471576967671145
m19_combined,19,combined,0.33,8.0,7.85,1.0,1.4,0.1,0.2249999999999999,0.7375,0.55,0.75,target_share_all,10,0.016682000000000002,0.002284587271259297,0.011513904540283178,0.021850095459716827,2.309087360792772,4.554981799492618e-05,0.0060244999999999995,0.0227065,276.90264752261606,0.0033251367136296114
m19_combined,19,combined,0.33,8.0,7.85,1.0,1.4,0.1,0.2249999999999999,0.7375,0.55,0.75,target_share_final100,10,0.02592,0.004407219329942886,0.015950177224746995,0.035889822775253,1.8598175133849444,0.00023446061859450182,0.007942000000000001,0.033861999999999996,326.3661546210022,0.020398073817721657
m19_combined,19,combined,0.33,8.0,7.85,1.0,1.4,0.1,0.2249999999999999,0.7375,0.55,0.75,fake_repost_share_decisions,10,0.010301884265682893,0.0012353895120854753,0.007507239032072956,0.01309652949929283,2.63701594940812,1.586481098145087e-05,0.1356527634565556,0.14595464772223848,7.5943047551568625,0.001332644122441873
m19_combined,19,combined,0.33,8.0,7.85,1.0,1.4,0.1,0.2249999999999999,0.7375,0.55,0.75,target_share_decisions,10,0.01668507495572883,0.002285013248611988,0.011516015868292427,0.021854134043165233,2.30908244504869,4.5550575890906546e-05,0.006025591616240837,0.022710666571969667,276.9035145156101,0.0033251920400361777
m19_combined,19,combined,0.33,8.0,7.85,1.0,1.4,0.1,0.2249999999999999,0.7375,0.55,0.75,participation_rate,10,0.0,0.0,0.0,0.0,,,0.9998170000000002,0.9998170000000002,0.0,
m19_combined,19,combined,0.33,8.0,7.85,1.0,1.4,0.1,0.2249999999999999,0.7375,0.55,0.75,cumulative_fake_reposts,10,2060.0,247.03247649741206,1501.1737138476,2618.8262861524,2.6370184488739095,1.586468976966745e-05,27125.6,29185.6,7.59430206152122,0.0013326339406520657
m19_combined,19,combined,0.33,8.0,7.85,1.0,1.4,0.1,0.2249999999999999,0.7375,0.55,0.75,target_unique_reposters_p400,10,276.5,20.80397932020592,229.43812916609045,323.56187083390955,4.202896761137053,3.21078376646562e-07,131.3,407.8,210.58644325971056,2.7933818768250893e-05
m20_credibility,20,credibility,0.33,8.0,7.85,1.0,1.4,0.1,0.2249999999999999,0.7375,0.55,0.875,fake_repost_share_all,10,0.0012759999999999994,0.0003064073178702573,0.0005828584911460104,0.0019691415088539882,1.316896189823843,0.0024317921343056056,0.12562900000000002,0.126905,1.015689052686879,0.172657241535698
m20_credibility,20,credibility,0.33,8.0,7.85,1.0,1.4,0.1,0.2249999999999999,0.7375,0.55,0.875,fake_repost_share_final100,10,0.0016039999999999984,0.0006648361535830547,0.00010003613308488379,0.003107963866915113,0.7629388593826553,0.03908046804840675,0.122166,0.12377,1.3129676014603069,1.0
m20_credibility,20,credibility,0.33,8.0,7.85,1.0,1.4,0.1,0.2249999999999999,0.7375,0.55,0.875,target_share_all,10,0.0021415,0.00045754237812226507,0.0011064672320469935,0.003176532767953007,1.4800853282798991,0.0011514890139706284,0.0035255,0.005667,60.74315699900724,0.05987742872647268
m20_credibility,20,credibility,0.33,8.0,7.85,1.0,1.4,0.1,0.2249999999999999,0.7375,0.55,0.875,target_share_final100,10,0.002868,0.0007264415553458745,0.0012246750322200612,0.004511324967779938,1.248471024629747,0.0033648335425942445,0.003778,0.006646000000000001,75.91318157755425,0.2860108511205108
m20_credibility,20,credibility,0.33,8.0,7.85,1.0,1.4,0.1,0.2249999999999999,0.7375,0.55,0.875,fake_repost_share_decisions,10,0.0012762284171323717,0.00030646513651528444,0.0005829561134163913,0.0019695007208483523,1.316883433678425,0.0024319378781039987,0.12565200296140835,0.12692823137854076,1.0156848972191406,0.1726675893453839
m20_credibility,20,credibility,0.33,8.0,7.85,1.0,1.4,0.1,0.2249999999999999,0.7375,0.55,0.875,target_share_decisions,10,0.0021418981366176115,0.0004576413156928042,0.00110664155633074,0.003177154716904483,1.4800404586566598,0.0011517196151272272,0.003526148851036022,0.005668046987653634,60.7432705510517,0.059889419986615816
m20_credibility,20,credibility,0.33,8.0,7.85,1.0,1.4,0.1,0.2249999999999999,0.7375,0.55,0.875,participation_rate,10,0.0,0.0,0.0,0.0,,,0.9998170000000002,0.9998170000000002,0.0,
m20_credibility,20,credibility,0.33,8.0,7.85,1.0,1.4,0.1,0.2249999999999999,0.7375,0.55,0.875,cumulative_fake_reposts,10,255.2,61.28146357405131,116.57169822920255,393.82830177079745,1.316896189823847,0.0024317921343055614,25125.8,25381.0,1.0156890526868796,0.17265724153569487
m20_credibility,20,credibility,0.33,8.0,7.85,1.0,1.4,0.1,0.2249999999999999,0.7375,0.55,0.875,target_unique_reposters_p400,10,67.8,16.45586690379925,30.574242813516605,105.02575718648339,1.3028935309990621,0.002597511778935807,87.6,155.4,77.3972602739726,0.2129959658727362
m20_combined,20,combined,0.33,8.0,7.85,1.0,1.4,0.1,0.2249999999999999,0.7375,0.55,0.875,fake_repost_share_all,10,0.0079715,0.0010254644069883664,0.005651738346536653,0.010291261653463345,2.458212707944159,2.7821795493418604e-05,0.12562900000000002,0.1336005,6.3452705983491065,0.0022813872304603255
m20_combined,20,combined,0.33,8.0,7.85,1.0,1.4,0.1,0.2249999999999999,0.7375,0.55,0.875,fake_repost_share_final100,10,0.012541999999999998,0.0026400697802225685,0.006569747236382432,0.018514252763617563,1.5022817469047425,0.0010432672187902583,0.122166,0.134708,10.266358888725176,0.08867771359717196
m20_combined,20,combined,0.33,8.0,7.85,1.0,1.4,0.1,0.2249999999999999,0.7375,0.55,0.875,target_share_all,10,0.011739,0.0014798177064910545,0.00839141977562565,0.01508658022437435,2.5085507012036152,2.3678065104742072e-05,0.0035255,0.015264499999999997,332.97404623457663,0.00194160133858885
m20_combined,20,combined,0.33,8.0,7.85,1.0,1.4,0.1,0.2249999999999999,0.7375,0.55,0.875,target_share_final100,10,0.018578000000000004,0.003245007721271416,0.01123728253999039,0.025918717460009618,1.8104361966692017,0.00028511148539709394,0.003778,0.022356,491.7416622551616,0.024519587744150077
m20_combined,20,combined,0.33,8.0,7.85,1.0,1.4,0.1,0.2249999999999999,0.7375,0.55,0.875,fake_repost_share_decisions,10,0.007972945715212513,0.0010256573581607503,0.005652747575872488,0.010293143854552537,2.4581959969715514,2.7823296738519066e-05,0.12565200296140835,0.13362494867662086,6.345259548040196,0.002281510332558563
m20_combined,20,combined,0.33,8.0,7.85,1.0,1.4,0.1,0.2249999999999999,0.7375,0.55,0.875,target_share_decisions,10,0.011741164489418785,0.0014801216064161034,0.008392896795652211,0.015089432183185359,2.5084980861236987,2.368202574559101e-05,0.003526148851036022,0.015267313340454808,332.9741592153462,0.0019419261111384629
m20_combined,20,combined,0.33,8.0,7.85,1.0,1.4,0.1,0.2249999999999999,0.7375,0.55,0.875,participation_rate,10,0.0,0.0,0.0,0.0,,,0.9998170000000002,0.9998170000000002,0.0,
m20_combined,20,combined,0.33,8.0,7.85,1.0,1.4,0.1,0.2249999999999999,0.7375,0.55,0.875,cumulative_fake_reposts,10,1594.3,205.09288139767307,1130.3476693073312,2058.2523306926687,2.4582127079441616,2.7821795493418404e-05,25125.8,26720.1,6.345270598349108,0.002281387230460309
m20_combined,20,combined,0.33,8.0,7.85,1.0,1.4,0.1,0.2249999999999999,0.7375,0.55,0.875,target_unique_reposters_p400,10,277.5,23.208355774974187,224.99905174687305,330.0009482531269,3.7811039231093537,7.939492179455686e-07,87.6,365.1,316.7808219178082,6.669173430742776e-05
m21_credibility,21,credibility,0.33,8.0,11.275,1.0,1.4,0.1,0.2249999999999999,0.7375,0.55,0.875,fake_repost_share_all,10,0.0015344999999999942,0.0004099081536691402,0.0006072233340879614,0.002461776665912027,1.183805451561009,0.004600423797553923,0.12621200000000002,0.12774649999999999,1.2158114917757377,0.2944271230434511
m21_credibility,21,credibility,0.33,8.0,11.275,1.0,1.4,0.1,0.2249999999999999,0.7375,0.55,0.875,fake_repost_share_final100,10,0.0020260000000000026,0.0007188759744675477,0.0003997895651947003,0.003652210434805305,0.891221123956253,0.020103102015082062,0.121296,0.12332200000000001,1.670294156443743,1.0
m21_credibility,21,credibility,0.33,8.0,11.275,1.0,1.4,0.1,0.2249999999999999,0.7375,0.55,0.875,target_share_all,10,0.002441,0.0005846469970085463,0.0011184366080086562,0.003763563391991344,1.3203043559562107,0.002393183537584387,0.004654,0.0070950000000000015,52.44950580146111,0.10017333104922103
m21_credibility,21,credibility,0.33,8.0,11.275,1.0,1.4,0.1,0.2249999999999999,0.7375,0.55,0.875,target_share_final100,10,0.0035960000000000007,0.0007547703109040672,0.001888590934920937,0.005303409065079064,1.5066239757555646,0.0010234026794287527,0.005352,0.008948000000000001,67.18983557548582,0.08903603311030149
m21_credibility,21,credibility,0.33,8.0,11.275,1.0,1.4,0.1,0.2249999999999999,0.7375,0.55,0.875,fake_repost_share_decisions,10,0.0015347538505912444,0.00040997242899516403,0.0006073317837900557,0.0024621759173924333,1.1838156598670542,0.0046001946583148845,0.12623429013395862,0.12776904398454983,1.215797901634,0.2944124581321526
m21_credibility,21,credibility,0.33,8.0,11.275,1.0,1.4,0.1,0.2249999999999999,0.7375,0.55,0.875,target_share_decisions,10,0.0024414041161124464,0.000584733896142114,0.0011186441446236616,0.0037641640876012314,1.3203266899289088,0.0023929326945662907,0.004654809152897852,0.007096213269010297,52.44907011048026,0.10016465136811986
m21_credibility,21,credibility,0.33,8.0,11.275,1.0,1.4,0.1,0.2249999999999999,0.7375,0.55,0.875,participation_rate,10,0.0,0.0,0.0,0.0,,,0.9998239999999999,0.9998239999999999,0.0,
m21_credibility,21,credibility,0.33,8.0,11.275,1.0,1.4,0.1,0.2249999999999999,0.7375,0.55,0.875,cumulative_fake_reposts,10,306.9,81.98163073382828,121.44466681759286,492.3553331824071,1.1838054515610097,0.004600423797553902,25242.4,25549.3,1.2158114917757423,0.2944271230434497
m21_credibility,21,credibility,0.33,8.0,11.275,1.0,1.4,0.1,0.2249999999999999,0.7375,0.55,0.875,target_unique_reposters_p400,10,72.9,15.66060166291335,37.47325777451109,108.32674222548891,1.4720382165916683,0.0011936493309273408,117.8,190.7,61.884550084889646,0.10265384245975132
m21_combined,21,combined,0.33,8.0,11.275,1.0,1.4,0.1,0.2249999999999999,0.7375,0.55,0.875,fake_repost_share_all,10,0.008261,0.0015169418797919268,0.004829439061080118,0.01169256093891988,1.722121071259121,0.00040787660992524003,0.12621200000000002,0.13447299999999998,6.545336418090196,0.020393830496262002
m21_combined,21,combined,0.33,8.0,11.275,1.0,1.4,0.1,0.2249999999999999,0.7375,0.55,0.875,fake_repost_share_final100,10,0.011090000000000008,0.0024905425557942623,0.00545600131815627,0.016723998681843745,1.4081132309776268,0.0015936337123464129,0.121296,0.13238599999999998,9.142923097216732,0.13227159812475228
m21_combined,21,combined,0.33,8.0,11.275,1.0,1.4,0.1,0.2249999999999999,0.7375,0.55,0.875,target_share_all,10,0.012085000000000002,0.0021092153622720568,0.0073136233603522584,0.016856376639647744,1.8118645543131393,0.0002834899306232841,0.004654,0.016738999999999997,259.6691018478728,0.012757046878047785
m21_combined,21,combined,0.33,8.0,11.275,1.0,1.4,0.1,0.2249999999999999,0.7375,0.55,0.875,target_share_final100,10,0.016825999999999997,0.0034026682993726484,0.009128629533947774,0.02452337046605222,1.5637282047093222,0.0007968127161969367,0.005352,0.022177999999999996,314.3871449925261,0.06454183001195186
m21_combined,21,combined,0.33,8.0,11.275,1.0,1.4,0.1,0.2249999999999999,0.7375,0.55,0.875,fake_repost_share_decisions,10,0.008262457950465544,0.0015172045198621564,0.0048303028784295555,0.011694613022501531,1.7221268360848043,0.0004078669326597827,0.12623429013395862,0.13449674808442413,6.545335614988211,0.020393346632989133
m21_combined,21,combined,0.33,8.0,11.275,1.0,1.4,0.1,0.2249999999999999,0.7375,0.55,0.875,target_share_decisions,10,0.012087129014831097,0.002109573797237385,0.007314941538959138,0.016859316490703054,1.8118758447430736,0.0002834771529992594,0.004654809152897852,0.016741938167728947,259.66970111559255,0.012756471884966673
m21_combined,21,combined,0.33,8.0,11.275,1.0,1.4,0.1,0.2249999999999999,0.7375,0.55,0.875,participation_rate,10,0.0,0.0,0.0,0.0,,,0.9998239999999999,0.9998239999999999,0.0,
m21_combined,21,combined,0.33,8.0,11.275,1.0,1.4,0.1,0.2249999999999999,0.7375,0.55,0.875,cumulative_fake_reposts,10,1652.2,303.3883759583855,965.8878122160236,2338.5121877839765,1.7221210712591206,0.00040787660992524095,25242.4,26894.6,6.545336418090198,0.020393830496262047
m21_combined,21,combined,0.33,8.0,11.275,1.0,1.4,0.1,0.2249999999999999,0.7375,0.55,0.875,target_unique_reposters_p400,10,243.4,32.462354265278485,169.96505277750742,316.8349472224926,2.3710491734367145,3.7008259587567345e-05,117.8,361.2,206.62139219015282,0.0028126277286551183
m22_credibility,22,credibility,0.6510704071726416,8.0,11.275,1.0,1.4,0.1,0.2249999999999999,0.7375,0.55,0.875,fake_repost_share_all,10,9.750000000000592e-05,2.927124110036151e-05,3.128385228082993e-05,0.00016371614771918191,1.0533276358501513,0.008786285146107813,0.105775,0.10587250000000001,0.09217679035689523,0.5008182533281453
m22_credibility,22,credibility,0.6510704071726416,8.0,11.275,1.0,1.4,0.1,0.2249999999999999,0.7375,0.55,0.875,fake_repost_share_final100,10,0.0,0.0,0.0,0.0,,,0.099012,0.099012,0.0,
m22_credibility,22,credibility,0.6510704071726416,8.0,11.275,1.0,1.4,0.1,0.2249999999999999,0.7375,0.55,0.875,target_share_all,10,0.000154,3.290390047800817e-05,7.956620584967454e-05,0.00022843379415032547,1.4800396080440923,0.00115172398721022,0.00047400000000000003,0.000628,32.48945147679325,0.05987742872647268
m22_credibility,22,credibility,0.6510704071726416,8.0,11.275,1.0,1.4,0.1,0.2249999999999999,0.7375,0.55,0.875,target_share_final100,10,0.0,0.0,0.0,0.0,,,0.0,0.0,,
m22_credibility,22,credibility,0.6510704071726416,8.0,11.275,1.0,1.4,0.1,0.2249999999999999,0.7375,0.55,0.875,fake_repost_share_decisions,10,9.751751823881827e-05,2.9276693992600077e-05,3.128903522040682e-05,0.0001637460012572297,1.0533206702902398,0.008786593208165515,0.10579359401463644,0.10589111153287527,0.09217714848152982,0.5008358128654343
m22_credibility,22,credibility,0.6510704071726416,8.0,11.275,1.0,1.4,0.1,0.2249999999999999,0.7375,0.55,0.875,target_share_decisions,10,0.0001540275300559538,3.291046134182594e-05,7.957889420054881e-05,0.0002284761659113588,1.480009083700776,0.0011518808917681113,0.00047408416792723456,0.0006281116979831885,32.48949036399691,0.059889419986615816
m22_credibility,22,credibility,0.6510704071726416,8.0,11.275,1.0,1.4,0.1,0.2249999999999999,0.7375,0.55,0.875,participation_rate,10,0.0,0.0,0.0,0.0,,,0.9998239999999999,0.9998239999999999,0.0,
m22_credibility,22,credibility,0.6510704071726416,8.0,11.275,1.0,1.4,0.1,0.2249999999999999,0.7375,0.55,0.875,cumulative_fake_reposts,10,19.5,5.854248220072516,6.2567704561643165,32.74322954383568,1.0533276358500487,0.008786285146112346,21155.0,21174.5,0.09217679035688962,0.5008182533284037
m22_credibility,22,credibility,0.6510704071726416,8.0,11.275,1.0,1.4,0.1,0.2249999999999999,0.7375,0.55,0.875,target_unique_reposters_p400,10,2.0,0.8563488385776752,0.06280434095758824,3.9371956590424118,0.7385489458759964,0.044346136440575466,29.3,31.3,6.825938566552901,1.0
m22_combined,22,combined,0.6510704071726416,8.0,11.275,1.0,1.4,0.1,0.2249999999999999,0.7375,0.55,0.875,fake_repost_share_all,10,0.0006100000000000036,6.456263109054185e-05,0.0004639491816294362,0.0007560508183705708,2.9877799899411337,5.727434989163558e-06,0.105775,0.106385,0.5766958165918257,0.000492559409068066
m22_combined,22,combined,0.6510704071726416,8.0,11.275,1.0,1.4,0.1,0.2249999999999999,0.7375,0.55,0.875,fake_repost_share_final100,10,0.0,0.0,0.0,0.0,,,0.099012,0.099012,0.0,
m22_combined,22,combined,0.6510704071726416,8.0,11.275,1.0,1.4,0.1,0.2249999999999999,0.7375,0.55,0.875,target_share_all,10,0.0008375,8.396510518595738e-05,0.0006475577358784818,0.0010274422641215182,3.154176409980782,3.655443279106246e-06,0.00047400000000000003,0.0013115,176.68776371308016,0.0003143681220031372
m22_combined,22,combined,0.6510704071726416,8.0,11.275,1.0,1.4,0.1,0.2249999999999999,0.7375,0.55,0.875,target_share_final100,10,0.0,0.0,0.0,0.0,,,0.0,0.0,,
m22_combined,22,combined,0.6510704071726416,8.0,11.275,1.0,1.4,0.1,0.2249999999999999,0.7375,0.55,0.875,fake_repost_share_decisions,10,0.0006101073745590435,6.457434548559137e-05,0.0004640300563858071,0.00075618469273228,2.9877638036649414,5.727690967917487e-06,0.10579359401463644,0.10640370138919548,0.5766959523793433,0.0004925814232409039
m22_combined,22,combined,0.6510704071726416,8.0,11.275,1.0,1.4,0.1,0.2249999999999999,0.7375,0.55,0.875,target_share_decisions,10,0.0008376484722206646,8.398107098420603e-05,0.0006476700909542784,0.0010276268534870508,3.154135830532268,3.655834597999287e-06,0.00047408416792723456,0.0013117326401478992,176.68771262347494,0.00031440177542793867
m22_combined,22,combined,0.6510704071726416,8.0,11.275,1.0,1.4,0.1,0.2249999999999999,0.7375,0.55,0.875,participation_rate,10,0.0,0.0,0.0,0.0,,,0.9998239999999999,0.9998239999999999,0.0,
m22_combined,22,combined,0.6510704071726416,8.0,11.275,1.0,1.4,0.1,0.2249999999999999,0.7375,0.55,0.875,cumulative_fake_reposts,10,122.0,12.912526218108265,92.78983632588677,151.21016367411323,2.987779989941141,5.727434989163442e-06,21155.0,21277.0,0.5766958165918222,0.000492559409068056
m22_combined,22,combined,0.6510704071726416,8.0,11.275,1.0,1.4,0.1,0.2249999999999999,0.7375,0.55,0.875,target_unique_reposters_p400,10,20.8,2.682453271830761,14.731869117256565,26.868130882743436,2.4520604337167415,2.838054143582994e-05,29.3,50.1,70.98976109215018,0.0021853016905589054
m23_credibility,23,credibility,0.6510704071726416,5.0,4.425,0.8125,1.325,0.075,0.2249999999999999,0.55,0.3,0.75,fake_repost_share_all,10,2.650000000000291e-05,8.914719413545015e-06,6.333503624315843e-06,4.666649637568998e-05,0.940022384407804,0.01563598098691259,0.074993,0.0750195,0.035336631418936316,0.8287069923063674
m23_credibility,23,credibility,0.6510704071726416,5.0,4.425,0.8125,1.325,0.075,0.2249999999999999,0.55,0.3,0.75,fake_repost_share_final100,10,2.0000000000006123e-06,2.0000000000006127e-06,-2.524314325597184e-06,6.524314325598409e-06,0.3162277660168379,0.34343639613791355,0.06805,0.068052,0.0029390154298319063,1.0
m23_credibility,23,credibility,0.6510704071726416,5.0,4.425,0.8125,1.325,0.075,0.2249999999999999,0.55,0.3,0.75,target_share_all,10,5.1000000000000006e-05,1.429452109492771e-05,1.8663546716339247e-05,8.333645328366076e-05,1.1282375925543586,0.0060450122013782455,0.00017900000000000001,0.00023,28.491620111731848,0.1307194037449623
m23_credibility,23,credibility,0.6510704071726416,5.0,4.425,0.8125,1.325,0.075,0.2249999999999999,0.55,0.3,0.75,target_share_final100,10,4.000000000000002e-06,4.0000000000000015e-06,-5.04862865119282e-06,1.3048628651192825e-05,0.31622776601683794,0.3434363961379136,1.6e-05,2e-05,25.000000000000018,1.0
m23_credibility,23,credibility,0.6510704071726416,5.0,4.425,0.8125,1.325,0.075,0.2249999999999999,0.55,0.3,0.75,fake_repost_share_decisions,10,2.6505063497012787e-05,8.91633946099115e-06,6.334902319391372e-06,4.66752246746342e-05,0.9400311702424885,0.015635275729335558,0.07500772287053992,0.07503422793403694,0.035336446012045164,0.8286696136547845
m23_credibility,23,credibility,0.6510704071726416,5.0,4.425,0.8125,1.325,0.075,0.2249999999999999,0.55,0.3,0.75,target_share_decisions,10,5.1010479710714756e-05,1.4297527847365434e-05,1.866722468049024e-05,8.335373474093927e-05,1.128232112192666,0.006045176150838102,0.0001790344668656811,0.00023004494657639582,28.49198850017236,0.13072848451689023
m23_credibility,23,credibility,0.6510704071726416,5.0,4.425,0.8125,1.325,0.075,0.2249999999999999,0.55,0.3,0.75,participation_rate,10,0.0,0.0,0.0,0.0,,,0.9998034999999998,0.9998034999999998,0.0,
m23_credibility,23,credibility,0.6510704071726416,5.0,4.425,0.8125,1.325,0.075,0.2249999999999999,0.55,0.3,0.75,cumulative_fake_reposts,10,5.3,1.782943882708844,1.2667007248629458,9.333299275137055,0.9400223844077846,0.01563598098691411,14998.6,15003.9,0.03533663141893243,0.8287069923064478
m23_credibility,23,credibility,0.6510704071726416,5.0,4.425,0.8125,1.325,0.075,0.2249999999999999,0.55,0.3,0.75,target_unique_reposters_p400,10,0.3,0.21343747458109494,-0.18282911193318369,0.7828291119331836,0.44447831849231534,0.1934220596033322,11.5,11.8,2.608695652173913,1.0
m23_combined,23,combined,0.6510704071726416,5.0,4.425,0.8125,1.325,0.075,0.2249999999999999,0.55,0.3,0.75,fake_repost_share_all,10,8.299999999999974e-05,2.0925794820958718e-05,3.56625633585224e-05,0.00013033743664147708,1.2542847143425715,0.003272435388426938,0.074993,0.075076,0.11067699651967482,0.08008679694538334
m23_combined,23,combined,0.6510704071726416,5.0,4.425,0.8125,1.325,0.075,0.2249999999999999,0.55,0.3,0.75,fake_repost_share_final100,10,4.000000000001225e-06,4.0000000000012255e-06,-5.048628651194368e-06,1.3048628651196818e-05,0.3162277660168379,0.34343639613791355,0.06805,0.068054,0.005878030859663813,1.0
m23_combined,23,combined,0.6510704071726416,5.0,4.425,0.8125,1.325,0.075,0.2249999999999999,0.55,0.3,0.75,target_share_all,10,0.0002,5.07991688470939e-05,8.508429632835111e-05,0.0003149157036716489,1.245011574770789,0.003421123569972309,0.00017900000000000001,0.000379,111.73184357541899,0.06158022425950156
m23_combined,23,combined,0.6510704071726416,5.0,4.425,0.8125,1.325,0.075,0.2249999999999999,0.55,0.3,0.75,target_share_final100,10,1.4000000000000005e-05,1.4000000000000001e-05,-1.7670200279174865e-05,4.567020027917488e-05,0.316227766016838,0.3434363961379133,1.6e-05,3.0000000000000004e-05,87.50000000000003,1.0
m23_combined,23,combined,0.6510704071726416,5.0,4.425,0.8125,1.325,0.075,0.2249999999999999,0.55,0.3,0.75,fake_repost_share_decisions,10,8.301685852042384e-05,2.093016444831629e-05,3.5669537095120806e-05,0.00013036417994572689,1.2542775655908125,0.003272547339632258,0.07500772287053992,0.07509073972906036,0.11067774802830281,0.08008345385608433
m23_combined,23,combined,0.6510704071726416,5.0,4.425,0.8125,1.325,0.075,0.2249999999999999,0.55,0.3,0.75,target_share_decisions,10,0.00020003737236956942,5.080679848711483e-05,8.510440925309761e-05,0.0003149703354860412,1.2450572220241363,0.003420374366987119,0.0001790344668656811,0.00037907183923525055,111.73120789062676,0.06156673860576814
m23_combined,23,combined,0.6510704071726416,5.0,4.425,0.8125,1.325,0.075,0.2249999999999999,0.55,0.3,0.75,participation_rate,10,0.0,0.0,0.0,0.0,,,0.9998034999999998,0.9998034999999998,0.0,
m23_combined,23,combined,0.6510704071726416,5.0,4.425,0.8125,1.325,0.075,0.2249999999999999,0.55,0.3,0.75,cumulative_fake_reposts,10,16.6,4.185158964191868,7.1325126717042515,26.06748732829575,1.254284714342538,0.003272435388427465,14998.6,15015.2,0.11067699651967518,0.08008679694538308
m23_combined,23,combined,0.6510704071726416,5.0,4.425,0.8125,1.325,0.075,0.2249999999999999,0.55,0.3,0.75,target_unique_reposters_p400,10,3.0,1.2995725793078619,0.060162581142582106,5.939837418857418,0.7299963950884314,0.04635384769328566,11.5,14.5,26.08695652173913,0.5318900647751725
m24_credibility,24,credibility,1.2845232578665131,5.0,4.425,0.8125,1.325,0.075,0.2249999999999999,0.55,0.3,0.75,fake_repost_share_all,10,4.249999999999948e-05,1.8093123310007307e-05,1.570511506875288e-06,8.342948849312368e-05,0.7428059724924309,0.043379015735365185,0.07663,0.0766725,0.05546130758188632,1.0
m24_credibility,24,credibility,1.2845232578665131,5.0,4.425,0.8125,1.325,0.075,0.2249999999999999,0.55,0.3,0.75,fake_repost_share_final100,10,0.0,0.0,0.0,0.0,,,0.068,0.068,0.0,
m24_credibility,24,credibility,1.2845232578665131,5.0,4.425,0.8125,1.325,0.075,0.2249999999999999,0.55,0.3,0.75,target_share_all,10,8.749999999999999e-05,3.094125257825078e-05,1.7506023854161557e-05,0.0001574939761458384,0.8942730891871861,0.01978884017653618,0.0002945,0.00038200000000000007,29.711375212224105,0.2054593680354061
m24_credibility,24,credibility,1.2845232578665131,5.0,4.425,0.8125,1.325,0.075,0.2249999999999999,0.55,0.3,0.75,target_share_final100,10,0.0,0.0,0.0,0.0,,,0.0,0.0,,
m24_credibility,24,credibility,1.2845232578665131,5.0,4.425,0.8125,1.325,0.075,0.2249999999999999,0.55,0.3,0.75,fake_repost_share_decisions,10,4.250737883166183e-05,1.809638649080847e-05,1.5705085107147783e-06,8.344424915260889e-05,0.7428009704586782,0.04338013979750151,0.0766450448208588,0.07668755219969045,0.0554600482405792,1.0
m24_credibility,24,credibility,1.2845232578665131,5.0,4.425,0.8125,1.325,0.075,0.2249999999999999,0.55,0.3,0.75,target_share_decisions,10,8.751589048621804e-05,3.094713714575752e-05,1.7508602523844276e-05,0.0001575231784485918,0.8942654181252715,0.019789623759710658,0.0002945577466460048,0.0003820736371322229,29.71094513137804,0.20544379648329525
m24_credibility,24,credibility,1.2845232578665131,5.0,4.425,0.8125,1.325,0.075,0.2249999999999999,0.55,0.3,0.75,participation_rate,10,0.0,0.0,0.0,0.0,,,0.9998034999999998,0.9998034999999998,0.0,
m24_credibility,24,credibility,1.2845232578665131,5.0,4.425,0.8125,1.325,0.075,0.2249999999999999,0.55,0.3,0.75,cumulative_fake_reposts,10,8.5,3.6186246620013582,0.3141023013753941,16.685897698624608,0.742805972492461,0.043379015735358406,15326.0,15334.5,0.055461307581886984,1.0
m24_credibility,24,credibility,1.2845232578665131,5.0,4.425,0.8125,1.325,0.075,0.2249999999999999,0.55,0.3,0.75,target_unique_reposters_p400,10,1.0,0.4944132324730442,-0.11844043522111103,2.1184404352211113,0.6396021490668312,0.07381151280528574,13.0,14.0,7.6923076923076925,1.0
m24_combined,24,combined,1.2845232578665131,5.0,4.425,0.8125,1.325,0.075,0.2249999999999999,0.55,0.3,0.75,fake_repost_share_all,10,0.0004885000000000028,0.00014744123123016409,0.00015496476268090075,0.000822035237319105,1.0477209286056388,0.0090379257148528,0.07663,0.0771185,0.6374787942059282,0.10845510857823361
m24_combined,24,combined,1.2845232578665131,5.0,4.425,0.8125,1.325,0.075,0.2249999999999999,0.55,0.3,0.75,fake_repost_share_final100,10,0.0,0.0,0.0,0.0,,,0.068,0.068,0.0,
m24_combined,24,combined,1.2845232578665131,5.0,4.425,0.8125,1.325,0.075,0.2249999999999999,0.55,0.3,0.75,target_share_all,10,0.000894,0.00027118853630310816,0.0002805289101331629,0.0015074710898668373,1.0424763032869135,0.009280108433752156,0.0002945,0.0011884999999999999,303.5653650254669,0.08062600194902722
m24_combined,24,combined,1.2845232578665131,5.0,4.425,0.8125,1.325,0.075,0.2249999999999999,0.55,0.3,0.75,target_share_final100,10,0.0,0.0,0.0,0.0,,,0.0,0.0,,
m24_combined,24,combined,1.2845232578665131,5.0,4.425,0.8125,1.325,0.075,0.2249999999999999,0.55,0.3,0.75,fake_repost_share_decisions,10,0.0004885905472352924,0.00014746676449822234,0.0001549975496509627,0.000822183544819622,1.04773368951906,0.009037344537860932,0.0766450448208588,0.0771336353680941,0.6374718005283538,0.10844813445433119
m24_combined,24,combined,1.2845232578665131,5.0,4.425,0.8125,1.325,0.075,0.2249999999999999,0.55,0.3,0.75,target_share_decisions,10,0.0008941656765312885,0.000271235483918442,0.00028058838378014765,0.0015077429692824293,1.0424890219136933,0.009279513024628695,0.0002945577466460048,0.0011887234231772934,303.562098336488,0.08062921864810066
m24_combined,24,combined,1.2845232578665131,5.0,4.425,0.8125,1.325,0.075,0.2249999999999999,0.55,0.3,0.75,participation_rate,10,0.0,0.0,0.0,0.0,,,0.9998034999999998,0.9998034999999998,0.0,
m24_combined,24,combined,1.2845232578665131,5.0,4.425,0.8125,1.325,0.075,0.2249999999999999,0.55,0.3,0.75,cumulative_fake_reposts,10,97.7,29.488246246032784,30.992952536179658,164.40704746382033,1.047720928605634,0.009037925714853014,15326.0,15423.7,0.6374787942059246,0.10845510857823618
m24_combined,24,combined,1.2845232578665131,5.0,4.425,0.8125,1.325,0.075,0.2249999999999999,0.55,0.3,0.75,target_unique_reposters_p400,10,13.0,4.181971890016585,3.5397223343782365,22.460277665621764,0.9830197491362357,0.012547536175556036,13.0,26.0,100.0,0.30114086821334485
m25_credibility,25,credibility,1.2845232578665131,5.0,7.85,0.8125,1.325,0.075,0.2249999999999999,0.55,0.3,0.75,fake_repost_share_all,10,4.450000000000495e-05,2.6744158240632227e-05,-1.599948912704988e-05,0.00010499948912705978,0.5261760516497075,0.13048840533828762,0.07661799999999999,0.0766625,0.058080346654839535,1.0
m25_credibility,25,credibility,1.2845232578665131,5.0,7.85,0.8125,1.325,0.075,0.2249999999999999,0.55,0.3,0.75,fake_repost_share_final100,10,0.0,0.0,0.0,0.0,,,0.081,0.081,0.0,
m25_credibility,25,credibility,1.2845232578665131,5.0,7.85,0.8125,1.325,0.075,0.2249999999999999,0.55,0.3,0.75,target_share_all,10,0.00013649999999999998,5.141362767896378e-05,2.0194293880592025e-05,0.00025280570611940794,0.8395651505244717,0.02626277047794129,0.000454,0.0005905,30.066079295154186,0.2363649343014716
m25_credibility,25,credibility,1.2845232578665131,5.0,7.85,0.8125,1.325,0.075,0.2249999999999999,0.55,0.3,0.75,target_share_final100,10,0.0,0.0,0.0,0.0,,,0.0,0.0,,
m25_credibility,25,credibility,1.2845232578665131,5.0,7.85,0.8125,1.325,0.075,0.2249999999999999,0.55,0.3,0.75,fake_repost_share_decisions,10,4.450731373017089e-05,2.674891416853613e-05,-1.6002934053257503e-05,0.00010501756151359929,0.5261689616118246,0.13049295671189717,0.07663251893334412,0.0766770262470743,0.058078886547999135,1.0
m25_credibility,25,credibility,1.2845232578665131,5.0,7.85,0.8125,1.325,0.075,0.2249999999999999,0.55,0.3,0.75,target_share_decisions,10,0.00013652541237559737,5.142355943473445e-05,2.0197239063733622e-05,0.00025285358568746114,0.8395592727270661,0.026263570562375077,0.0004540865119257361,0.0005906119243013333,30.065947521014568,0.2363721350613757
m25_credibility,25,credibility,1.2845232578665131,5.0,7.85,0.8125,1.325,0.075,0.2249999999999999,0.55,0.3,0.75,participation_rate,10,0.0,0.0,0.0,0.0,,,0.9998104999999999,0.9998104999999999,0.0,
m25_credibility,25,credibility,1.2845232578665131,5.0,7.85,0.8125,1.325,0.075,0.2249999999999999,0.55,0.3,0.75,cumulative_fake_reposts,10,8.9,5.3488316481265334,-3.199897825411165,20.999897825411168,0.5261760516496403,0.13048840533833075,15323.6,15332.5,0.05808034665483306,1.0
m25_credibility,25,credibility,1.2845232578665131,5.0,7.85,0.8125,1.325,0.075,0.2249999999999999,0.55,0.3,0.75,target_unique_reposters_p400,10,1.7,0.9195409482755814,-0.3801461426278603,3.78014614262786,0.5846256256850374,0.09754500360173202,22.4,24.1,7.589285714285715,1.0
m25_combined,25,combined,1.2845232578665131,5.0,7.85,0.8125,1.325,0.075,0.2249999999999999,0.55,0.3,0.75,fake_repost_share_all,10,0.0006185000000000024,0.00012390419686192938,0.00033820923356803,0.0008987907664319747,1.5785330782569378,0.0007473294541017337,0.07661799999999999,0.0772365,0.8072515596857168,0.029001741272754934
m25_combined,25,combined,1.2845232578665131,5.0,7.85,0.8125,1.325,0.075,0.2249999999999999,0.55,0.3,0.75,fake_repost_share_final100,10,0.0,0.0,0.0,0.0,,,0.081,0.081,0.0,
m25_combined,25,combined,1.2845232578665131,5.0,7.85,0.8125,1.325,0.075,0.2249999999999999,0.55,0.3,0.75,target_share_all,10,0.00124,0.00024023136995636338,0.0006965588857243871,0.001783441114275613,1.63226988187307,0.0005937434961912274,0.000454,0.001694,273.12775330396477,0.02256225285526664
m25_combined,25,combined,1.2845232578665131,5.0,7.85,0.8125,1.325,0.075,0.2249999999999999,0.55,0.3,0.75,target_share_final100,10,0.0,0.0,0.0,0.0,,,0.0,0.0,,
m25_combined,25,combined,1.2845232578665131,5.0,7.85,0.8125,1.325,0.075,0.2249999999999999,0.55,0.3,0.75,fake_repost_share_decisions,10,0.000618608757365461,0.00012392207265033656,0.00033827755309070263,0.0008989399616402194,1.5785829045331141,0.0007471686150250159,0.07663251893334412,0.07725112769070959,0.8072405370147551,0.02899952290250362
m25_combined,25,combined,1.2845232578665131,5.0,7.85,0.8125,1.325,0.075,0.2249999999999999,0.55,0.3,0.75,target_share_decisions,10,0.0012402216511288294,0.00024026814093304353,0.0006966973551249364,0.0017837459471327223,1.6323118020523482,0.0005936379067461962,0.0004540865119257361,0.0016943081630545653,273.12452992033866,0.022558240456355454
m25_combined,25,combined,1.2845232578665131,5.0,7.85,0.8125,1.325,0.075,0.2249999999999999,0.55,0.3,0.75,participation_rate,10,0.0,0.0,0.0,0.0,,,0.9998104999999999,0.9998104999999999,0.0,
m25_combined,25,combined,1.2845232578665131,5.0,7.85,0.8125,1.325,0.075,0.2249999999999999,0.55,0.3,0.75,cumulative_fake_reposts,10,123.7,24.780839372386076,67.64184671360508,179.75815328639493,1.5785330782569191,0.0007473294541017951,15323.6,15447.3,0.8072515596857135,0.029001741272754997
m25_combined,25,combined,1.2845232578665131,5.0,7.85,0.8125,1.325,0.075,0.2249999999999999,0.55,0.3,0.75,target_unique_reposters_p400,10,18.9,4.124318125460256,9.570144210831614,28.229855789168383,1.4491376746189437,0.0013229505842674977,22.4,41.3,84.375,0.06962883051539429
m26_credibility,26,credibility,1.2845232578665131,7.0,7.85,0.8125,1.325,0.075,0.2249999999999999,0.55,0.3,0.75,fake_repost_share_all,10,6.950000000000081e-05,2.608160271149069e-05,1.0499315608945061e-05,0.00012850068439105656,0.8426564111601849,0.025845379773225017,0.0816175,0.081687,0.08515330658253538,1.0
m26_credibility,26,credibility,1.2845232578665131,7.0,7.85,0.8125,1.325,0.075,0.2249999999999999,0.55,0.3,0.75,fake_repost_share_final100,10,3.999999999999837e-06,3.999999999999836e-06,-5.048628651192613e-06,1.3048628651192288e-05,0.31622776601683794,0.3434363961379136,0.08300199999999999,0.083006,0.0048191609840724774,1.0
m26_credibility,26,credibility,1.2845232578665131,7.0,7.85,0.8125,1.325,0.075,0.2249999999999999,0.55,0.3,0.75,target_share_all,10,0.0001665,2.609863768262415e-05,0.00010746077982697665,0.00022553922017302336,2.0174203604833334,0.0001283093676107449,0.0004540000000000001,0.0006205,36.67400881057269,0.009688887815537357
m26_credibility,26,credibility,1.2845232578665131,7.0,7.85,0.8125,1.325,0.075,0.2249999999999999,0.55,0.3,0.75,target_share_final100,10,0.0,0.0,0.0,0.0,,,0.0,0.0,,
m26_credibility,26,credibility,1.2845232578665131,7.0,7.85,0.8125,1.325,0.075,0.2249999999999999,0.55,0.3,0.75,fake_repost_share_decisions,10,6.951493826214822e-05,2.6087105095999407e-05,1.0501806612563607e-05,0.00012852806991173283,0.8426597566323555,0.025844931705767123,0.0816342967518249,0.08170381169008703,0.0851540847757646,1.0
m26_credibility,26,credibility,1.2845232578665131,7.0,7.85,0.8125,1.325,0.075,0.2249999999999999,0.55,0.3,0.75,target_share_decisions,10,0.00016653425465215204,2.6103980657080345e-05,0.00010748294783119195,0.00022558556147311213,2.017422400274618,0.00012830839279637213,0.0004540920639822519,0.0006206263186344039,36.674116960269316,0.009686948649998644
m26_credibility,26,credibility,1.2845232578665131,7.0,7.85,0.8125,1.325,0.075,0.2249999999999999,0.55,0.3,0.75,participation_rate,10,0.0,0.0,0.0,0.0,,,0.9997959999999999,0.9997959999999999,0.0,
m26_credibility,26,credibility,1.2845232578665131,7.0,7.85,0.8125,1.325,0.075,0.2249999999999999,0.55,0.3,0.75,cumulative_fake_reposts,10,13.9,5.216320542297991,2.099863121789184,25.700136878210817,0.8426564111601988,0.025845379773223147,16323.5,16337.4,0.0851533065825344,1.0
m26_credibility,26,credibility,1.2845232578665131,7.0,7.85,0.8125,1.325,0.075,0.2249999999999999,0.55,0.3,0.75,target_unique_reposters_p400,10,1.0,0.42163702135578385,0.046190792039113915,1.953809207960886,0.75,0.04179180077711303,20.5,21.5,4.878048780487805,1.0
m26_combined,26,combined,1.2845232578665131,7.0,7.85,0.8125,1.325,0.075,0.2249999999999999,0.55,0.3,0.75,fake_repost_share_all,10,0.0006795000000000002,0.00012000335643454125,0.00040803354768177664,0.0009509664523182238,1.790589641762655,0.0003087147865896496,0.0816175,0.082297,0.8325420406162897,0.01667059847584108
m26_combined,26,combined,1.2845232578665131,7.0,7.85,0.8125,1.325,0.075,0.2249999999999999,0.55,0.3,0.75,fake_repost_share_final100,10,0.0,0.0,0.0,0.0,,,0.08300199999999999,0.08300199999999999,0.0,
m26_combined,26,combined,1.2845232578665131,7.0,7.85,0.8125,1.325,0.075,0.2249999999999999,0.55,0.3,0.75,target_share_all,10,0.001229,0.00019309726967400536,0.0007921836282901722,0.001665816371709828,2.012684721492014,0.00013059443792152033,0.0004540000000000001,0.0016829999999999998,270.70484581497794,0.00783566627529122
m26_combined,26,combined,1.2845232578665131,7.0,7.85,0.8125,1.325,0.075,0.2249999999999999,0.55,0.3,0.75,target_share_final100,10,0.0,0.0,0.0,0.0,,,0.0,0.0,,
m26_combined,26,combined,1.2845232578665131,7.0,7.85,0.8125,1.325,0.075,0.2249999999999999,0.55,0.3,0.75,fake_repost_share_decisions,10,0.0006796363153759692,0.00012002530302161242,0.00040812021642860365,0.0009511524143233348,1.7906213798648623,0.0003086753900759402,0.0816342967518249,0.08231393306720088,0.8325377230137971,0.01666847106410077
m26_combined,26,combined,1.2845232578665131,7.0,7.85,0.8125,1.325,0.075,0.2249999999999999,0.55,0.3,0.75,target_share_decisions,10,0.0012292485261239153,0.00019313525932895494,0.0007923462158440311,0.0016661508364037994,2.012695748286801,0.00013058906596832728,0.0004540920639822519,0.0016833405901061672,270.7046926439922,0.007835343958099638
m26_combined,26,combined,1.2845232578665131,7.0,7.85,0.8125,1.325,0.075,0.2249999999999999,0.55,0.3,0.75,participation_rate,10,0.0,0.0,0.0,0.0,,,0.9997959999999999,0.9997959999999999,0.0,
m26_combined,26,combined,1.2845232578665131,7.0,7.85,0.8125,1.325,0.075,0.2249999999999999,0.55,0.3,0.75,cumulative_fake_reposts,10,135.9,24.000671286908247,81.60670953635531,190.1932904636447,1.7905896417626548,0.0003087147865896501,16323.5,16459.4,0.8325420406162896,0.016670598475841104
m26_combined,26,combined,1.2845232578665131,7.0,7.85,0.8125,1.325,0.075,0.2249999999999999,0.55,0.3,0.75,target_unique_reposters_p400,10,16.7,3.657716348883397,8.425670761889325,24.974329238110673,1.4437980392037075,0.0013552083536613607,20.5,37.2,81.46341463414633,0.06962883051539429
m27_credibility,27,credibility,1.2845232578665131,7.0,7.85,0.8125,1.325,0.075,0.2249999999999999,0.55,0.3,0.875,fake_repost_share_all,10,9.550000000000045e-05,2.18129676008452e-05,4.615563909986331e-05,0.00014484436090013759,1.3844861555397898,0.0017759473275826237,0.08147099999999999,0.0815665,0.11721962416074488,0.13142010224111417
m27_credibility,27,credibility,1.2845232578665131,7.0,7.85,0.8125,1.325,0.075,0.2249999999999999,0.55,0.3,0.875,fake_repost_share_final100,10,0.0,0.0,0.0,0.0,,,0.08301,0.08301,0.0,
m27_credibility,27,credibility,1.2845232578665131,7.0,7.85,0.8125,1.325,0.075,0.2249999999999999,0.55,0.3,0.875,target_share_all,10,0.000184,2.6233989826601327e-05,0.00012465459200497857,0.00024334540799502143,2.2179588134206534,6.229175335116589e-05,0.00038599999999999995,0.00057,47.668393782383426,0.005045632021444437
m27_credibility,27,credibility,1.2845232578665131,7.0,7.85,0.8125,1.325,0.075,0.2249999999999999,0.55,0.3,0.875,target_share_final100,10,0.0,0.0,0.0,0.0,,,0.0,0.0,,
m27_credibility,27,credibility,1.2845232578665131,7.0,7.85,0.8125,1.325,0.075,0.2249999999999999,0.55,0.3,0.875,fake_repost_share_decisions,10,9.551912139672062e-05,2.18169989270812e-05,4.616564100306313e-05,0.0001448726017903781,1.3845074875849208,0.0017757730098651426,0.08148776792359991,0.08158328704499664,0.11721896897001279,0.13140720273002054
m27_credibility,27,credibility,1.2845232578665131,7.0,7.85,0.8125,1.325,0.075,0.2249999999999999,0.55,0.3,0.875,target_share_decisions,10,0.00018403750026019187,2.623908049774511e-05,0.00012468057636697908,0.00024339442415340467,2.2179804500239633,6.228705532563674e-05,0.0003860776884212089,0.0005701151886814009,47.668514855851456,0.005045251481376576
m27_credibility,27,credibility,1.2845232578665131,7.0,7.85,0.8125,1.325,0.075,0.2249999999999999,0.55,0.3,0.875,participation_rate,10,0.0,0.0,0.0,0.0,,,0.9997959999999999,0.9997959999999999,0.0,
m27_credibility,27,credibility,1.2845232578665131,7.0,7.85,0.8125,1.325,0.075,0.2249999999999999,0.55,0.3,0.875,cumulative_fake_reposts,10,19.1,4.362593520169192,9.23112781997223,28.968872180027773,1.3844861555397354,0.0017759473275830722,16294.2,16313.3,0.11721962416074432,0.13142010224114734
m27_credibility,27,credibility,1.2845232578665131,7.0,7.85,0.8125,1.325,0.075,0.2249999999999999,0.55,0.3,0.875,target_unique_reposters_p400,10,0.9,0.458257569495584,-0.13665064324093146,1.9366506432409314,0.6210590034081188,0.08112618884584057,19.6,20.5,4.591836734693877,1.0
m27_combined,27,combined,1.2845232578665131,7.0,7.85,0.8125,1.325,0.075,0.2249999999999999,0.55,0.3,0.875,fake_repost_share_all,10,0.0007264999999999994,0.00013768331214945596,0.0004150387092233265,0.0010379612907766723,1.6686079701645262,0.0005093917757746475,0.08147099999999999,0.0821975,0.8917283450552951,0.023432021685633787
m27_combined,27,combined,1.2845232578665131,7.0,7.85,0.8125,1.325,0.075,0.2249999999999999,0.55,0.3,0.875,fake_repost_share_final100,10,2.2000000000001185e-05,1.4126413400278324e-05,-9.95616725808697e-06,5.395616725808934e-05,0.4924824621254351,0.15381019950922245,0.08301,0.083032,0.026502830984220196,1.0
m27_combined,27,combined,1.2845232578665131,7.0,7.85,0.8125,1.325,0.075,0.2249999999999999,0.55,0.3,0.875,target_share_all,10,0.0014010000000000001,0.00028499200768520585,0.0007563032884746706,0.0020456967115253296,1.5545527181202712,0.0008292435101726847,0.00038599999999999995,0.001787,362.95336787564776,0.026720406881317674
m27_combined,27,combined,1.2845232578665131,7.0,7.85,0.8125,1.325,0.075,0.2249999999999999,0.55,0.3,0.875,target_share_final100,10,4.6e-05,2.7170245163086442e-05,-1.5463364710659274e-05,0.00010746336471065927,0.5353826271887094,0.12469878135127314,0.0,4.6e-05,,1.0
m27_combined,27,combined,1.2845232578665131,7.0,7.85,0.8125,1.325,0.075,0.2249999999999999,0.55,0.3,0.875,fake_repost_share_decisions,10,0.000726644024035579,0.0001377085781237146,0.00041512557765426185,0.0010381624704168962,1.6686325539126723,0.0005093392962016029,0.08148776792359991,0.0822144119476355,0.8917215952176469,0.023429607625273734
m27_combined,27,combined,1.2845232578665131,7.0,7.85,0.8125,1.325,0.075,0.2249999999999999,0.55,0.3,0.875,target_share_decisions,10,0.0014012751974055912,0.00028504251992591666,0.0007564642192531288,0.0020460861755580537,1.5545825421608759,0.0008291358235826047,0.0003860776884212089,0.0017873528858268004,362.9516129605518,0.026727175508458552
m27_combined,27,combined,1.2845232578665131,7.0,7.85,0.8125,1.325,0.075,0.2249999999999999,0.55,0.3,0.875,participation_rate,10,0.0,0.0,0.0,0.0,,,0.9997959999999999,0.9997959999999999,0.0,
m27_combined,27,combined,1.2845232578665131,7.0,7.85,0.8125,1.325,0.075,0.2249999999999999,0.55,0.3,0.875,cumulative_fake_reposts,10,145.3,27.53666242989113,83.00774184466556,207.59225815533446,1.6686079701645313,0.0005093917757746363,16294.2,16439.5,0.8917283450552957,0.023432021685633266
m27_combined,27,combined,1.2845232578665131,7.0,7.85,0.8125,1.325,0.075,0.2249999999999999,0.55,0.3,0.875,target_unique_reposters_p400,10,16.7,4.011234224026315,7.625957768457573,25.774042231542424,1.3165533094151591,0.0024357129075640994,19.6,36.3,85.20408163265304,0.10264453423864597
m28_credibility,28,credibility,1.2845232578665131,7.0,7.85,0.8125,1.325,0.075,0.2249999999999999,0.55,0.3625,0.875,fake_repost_share_all,10,9.649999999999936e-05,2.1435303175420733e-05,4.800997538497025e-05,0.00014499002461502847,1.4236318082786197,0.001484848012378643,0.08177999999999999,0.08187649999999999,0.11799951088285567,0.1128355869878292
m28_credibility,28,credibility,1.2845232578665131,7.0,7.85,0.8125,1.325,0.075,0.2249999999999999,0.55,0.3625,0.875,fake_repost_share_final100,10,0.0,0.0,0.0,0.0,,,0.08301,0.08301,0.0,
m28_credibility,28,credibility,1.2845232578665131,7.0,7.85,0.8125,1.325,0.075,0.2249999999999999,0.55,0.3625,0.875,target_share_all,10,0.000184,2.6233989826601327e-05,0.00012465459200497857,0.00024334540799502143,2.2179588134206534,6.229175335116589e-05,0.00038599999999999995,0.00057,47.668393782383426,0.005045632021444437
m28_credibility,28,credibility,1.2845232578665131,7.0,7.85,0.8125,1.325,0.075,0.2249999999999999,0.55,0.3625,0.875,target_share_final100,10,0.0,0.0,0.0,0.0,,,0.0,0.0,,
m28_credibility,28,credibility,1.2845232578665131,7.0,7.85,0.8125,1.325,0.075,0.2249999999999999,0.55,0.3625,0.875,fake_repost_share_decisions,10,9.651933394214523e-05,2.143925265419804e-05,4.802037498541071e-05,0.00014501829289887975,1.423654725389002,0.0014846933667918359,0.08179682953854481,0.08189334887248693,0.11799886925527206,0.11282052228097644
m28_credibility,28,credibility,1.2845232578665131,7.0,7.85,0.8125,1.325,0.075,0.2249999999999999,0.55,0.3625,0.875,target_share_decisions,10,0.00018403750026019187,2.623908049774511e-05,0.00012468057636697908,0.00024339442415340467,2.2179804500239633,6.228705532563674e-05,0.0003860776884212089,0.0005701151886814009,47.668514855851456,0.005045251481376576
m28_credibility,28,credibility,1.2845232578665131,7.0,7.85,0.8125,1.325,0.075,0.2249999999999999,0.55,0.3625,0.875,participation_rate,10,0.0,0.0,0.0,0.0,,,0.9997959999999999,0.9997959999999999,0.0,
m28_credibility,28,credibility,1.2845232578665131,7.0,7.85,0.8125,1.325,0.075,0.2249999999999999,0.55,0.3625,0.875,cumulative_fake_reposts,10,19.3,4.28706063508424,9.601995076993967,28.998004923006036,1.4236318082785981,0.0014848480123787874,16356.0,16375.3,0.11799951088285646,0.1128355869878079
m28_credibility,28,credibility,1.2845232578665131,7.0,7.85,0.8125,1.325,0.075,0.2249999999999999,0.55,0.3625,0.875,target_unique_reposters_p400,10,0.9,0.458257569495584,-0.13665064324093146,1.9366506432409314,0.6210590034081188,0.08112618884584057,19.6,20.5,4.591836734693877,1.0
m28_combined,28,combined,1.2845232578665131,7.0,7.85,0.8125,1.325,0.075,0.2249999999999999,0.55,0.3625,0.875,fake_repost_share_all,10,0.0007329999999999982,0.00014205671793727769,0.00041164537799458125,0.001054354622005415,1.6317070804964398,0.0005951630570876074,0.08177999999999999,0.08251299999999999,0.8963071655661509,0.025747365290548517
m28_combined,28,combined,1.2845232578665131,7.0,7.85,0.8125,1.325,0.075,0.2249999999999999,0.55,0.3625,0.875,fake_repost_share_final100,10,2.2000000000001185e-05,1.4126413400278324e-05,-9.95616725808697e-06,5.395616725808934e-05,0.4924824621254351,0.15381019950922245,0.08301,0.083032,0.026502830984220196,1.0
m28_combined,28,combined,1.2845232578665131,7.0,7.85,0.8125,1.325,0.075,0.2249999999999999,0.55,0.3625,0.875,target_share_all,10,0.001401,0.00028272562278254467,0.0007614302073158831,0.0020405697926841166,1.5670143223288449,0.0007855322777251289,0.00038599999999999995,0.001787,362.95336787564764,0.026708097442654385
m28_combined,28,combined,1.2845232578665131,7.0,7.85,0.8125,1.325,0.075,0.2249999999999999,0.55,0.3625,0.875,target_share_final100,10,4.6e-05,2.7170245163086442e-05,-1.5463364710659274e-05,0.00010746336471065927,0.5353826271887094,0.12469878135127314,0.0,4.6e-05,,1.0
m28_combined,28,combined,1.2845232578665131,7.0,7.85,0.8125,1.325,0.075,0.2249999999999999,0.55,0.3625,0.875,fake_repost_share_decisions,10,0.0007331451417261221,0.00014208271078611914,0.0004117317198115169,0.0010545585636407273,1.6317316093662217,0.0005951011113220268,0.08179682953854481,0.08252997468027091,0.8963001938609917,0.025743421243566916
m28_combined,28,combined,1.2845232578665131,7.0,7.85,0.8125,1.325,0.075,0.2249999999999999,0.55,0.3625,0.875,target_share_decisions,10,0.001401275182400265,0.00028277571036828766,0.0007615920837252925,0.0020409582810752376,1.5670444958944663,0.0007854294994718945,0.0003860776884212089,0.001787352870821474,362.9516090739438,0.026704602982044415
m28_combined,28,combined,1.2845232578665131,7.0,7.85,0.8125,1.325,0.075,0.2249999999999999,0.55,0.3625,0.875,participation_rate,10,0.0,0.0,0.0,0.0,,,0.9997959999999999,0.9997959999999999,0.0,
m28_combined,28,combined,1.2845232578665131,7.0,7.85,0.8125,1.325,0.075,0.2249999999999999,0.55,0.3625,0.875,cumulative_fake_reposts,10,146.6,28.411343587455423,82.32907559891686,210.87092440108313,1.6317070804964504,0.0005951630570875798,16356.0,16502.6,0.896307165566153,0.025747365290549627
m28_combined,28,combined,1.2845232578665131,7.0,7.85,0.8125,1.325,0.075,0.2249999999999999,0.55,0.3625,0.875,target_unique_reposters_p400,10,16.7,3.9638645564930974,7.733115401167209,25.666884598832787,1.3322866150485708,0.002262542570832926,19.6,36.3,85.20408163265304,0.10132583734188128
m29_credibility,29,credibility,1.2845232578665131,7.0,7.85,0.8125,1.325,0.075,0.2624999999999999,0.55,0.3625,0.875,fake_repost_share_all,10,8.449999999999639e-05,1.7311685199437968e-05,4.533824732598012e-05,0.00012366175267401264,1.5435381316481644,0.000870062741491979,0.08229650000000001,0.08238100000000001,0.10267751362451183,0.06960501931935832
m29_credibility,29,credibility,1.2845232578665131,7.0,7.85,0.8125,1.325,0.075,0.2624999999999999,0.55,0.3625,0.875,fake_repost_share_final100,10,0.0,0.0,0.0,0.0,,,0.08301399999999999,0.08301399999999999,0.0,
m29_credibility,29,credibility,1.2845232578665131,7.0,7.85,0.8125,1.325,0.075,0.2624999999999999,0.55,0.3625,0.875,target_share_all,10,0.000177,2.2999999999999993e-05,0.0001249703852556413,0.0002290296147443587,2.433578894999145,3.013436031297888e-05,0.000391,0.000568,45.268542199488486,0.0026216893472291625
m29_credibility,29,credibility,1.2845232578665131,7.0,7.85,0.8125,1.325,0.075,0.2624999999999999,0.55,0.3625,0.875,target_share_final100,10,0.0,0.0,0.0,0.0,,,0.0,0.0,,
m29_credibility,29,credibility,1.2845232578665131,7.0,7.85,0.8125,1.325,0.075,0.2624999999999999,0.55,0.3625,0.875,fake_repost_share_decisions,10,8.451690094447503e-05,1.731486525050906e-05,4.534795449515023e-05,0.00012368584739379983,1.543563313353071,0.0008699669906738738,0.08231343775148618,0.08239795465243067,0.10267691795310671,0.0695973592539099
m29_credibility,29,credibility,1.2845232578665131,7.0,7.85,0.8125,1.325,0.075,0.2624999999999999,0.55,0.3625,0.875,target_share_decisions,10,0.00017703591490353705,2.300415965886366e-05,0.00012499689035708512,0.00022907493944998898,2.433632556237352,3.012909921468387e-05,0.0003910787686566356,0.0005681146835601726,45.268608038134985,0.0026212316316774967
m29_credibility,29,credibility,1.2845232578665131,7.0,7.85,0.8125,1.325,0.075,0.2624999999999999,0.55,0.3625,0.875,participation_rate,10,0.0,0.0,0.0,0.0,,,0.9997959999999999,0.9997959999999999,0.0,
m29_credibility,29,credibility,1.2845232578665131,7.0,7.85,0.8125,1.325,0.075,0.2624999999999999,0.55,0.3625,0.875,cumulative_fake_reposts,10,16.9,3.4623370398876214,9.06764946519668,24.732350534803317,1.543538131648218,0.0008700627414917738,16459.3,16476.2,0.10267751362451623,0.0696050193193419
m29_credibility,29,credibility,1.2845232578665131,7.0,7.85,0.8125,1.325,0.075,0.2624999999999999,0.55,0.3625,0.875,target_unique_reposters_p400,10,0.9,0.458257569495584,-0.13665064324093146,1.9366506432409314,0.6210590034081188,0.08112618884584057,19.6,20.5,4.591836734693877,1.0
m29_combined,29,combined,1.2845232578665131,7.0,7.85,0.8125,1.325,0.075,0.2624999999999999,0.55,0.3625,0.875,fake_repost_share_all,10,0.0007279999999999981,0.00014495439895973388,0.0004000903681141274,0.0010559096318858688,1.5881809404363594,0.0007168708429295447,0.08229650000000001,0.0830245,0.884606271226599,0.029001741272754934
m29_combined,29,combined,1.2845232578665131,7.0,7.85,0.8125,1.325,0.075,0.2624999999999999,0.55,0.3625,0.875,fake_repost_share_final100,10,2.400000000000041e-05,1.59999999999995e-05,-1.2194514604769742e-05,6.0194514604770566e-05,0.47434164902527975,0.16785065605705649,0.08301399999999999,0.083038,0.028910786132460082,1.0
m29_combined,29,combined,1.2845232578665131,7.0,7.85,0.8125,1.325,0.075,0.2624999999999999,0.55,0.3625,0.875,target_share_all,10,0.0013859999999999999,0.00027784668034327444,0.0007574671419017584,0.002014532858098241,1.5774587738742678,0.0007508063933982691,0.000391,0.0017770000000000002,354.47570332480814,0.026278223768939415
m29_combined,29,combined,1.2845232578665131,7.0,7.85,0.8125,1.325,0.075,0.2624999999999999,0.55,0.3625,0.875,target_share_final100,10,4.6e-05,2.7170245163086442e-05,-1.5463364710659274e-05,0.00010746336471065927,0.5353826271887094,0.12469878135127314,0.0,4.6e-05,,1.0
m29_combined,29,combined,1.2845232578665131,7.0,7.85,0.8125,1.325,0.075,0.2624999999999999,0.55,0.3625,0.875,fake_repost_share_decisions,10,0.0007281436688365867,0.0001449804471311927,0.00040017511189307267,0.0010561122257801007,1.5882089639793744,0.000716784344964067,0.08231343775148618,0.08304158142032278,0.8845987832933633,0.02899952290250362
m29_combined,29,combined,1.2845232578665131,7.0,7.85,0.8125,1.325,0.075,0.2624999999999999,0.55,0.3625,0.875,target_share_decisions,10,0.0013862713364562896,0.00027789473535177474,0.0007576297703763608,0.0020149129025362183,1.5774947562998123,0.0007506896561911301,0.0003910787686566356,0.0017773501051129251,354.47368856615844,0.026274137966689554
m29_combined,29,combined,1.2845232578665131,7.0,7.85,0.8125,1.325,0.075,0.2624999999999999,0.55,0.3625,0.875,participation_rate,10,0.0,0.0,0.0,0.0,,,0.9997959999999999,0.9997959999999999,0.0,
m29_combined,29,combined,1.2845232578665131,7.0,7.85,0.8125,1.325,0.075,0.2624999999999999,0.55,0.3625,0.875,cumulative_fake_reposts,10,145.6,28.990879791946828,80.01807362282575,211.18192637717425,1.5881809404363607,0.0007168708429295419,16459.3,16604.9,0.8846062712266014,0.029001741272754997
m29_combined,29,combined,1.2845232578665131,7.0,7.85,0.8125,1.325,0.075,0.2624999999999999,0.55,0.3625,0.875,target_unique_reposters_p400,10,16.8,4.10906856166266,7.504641120805896,26.095358879194105,1.292902853617322,0.0027230684788950815,19.6,36.4,85.71428571428571,0.10356377754275704
m30_credibility,30,credibility,1.2845232578665131,7.0,7.85,0.8125,1.4,0.075,0.2624999999999999,0.55,0.3625,0.875,fake_repost_share_all,10,1.8500000000002544e-05,2.8781263195195924e-05,-4.6607740691390264e-05,8.360774069139534e-05,0.20326465977660094,0.5363970826232596,0.08278300000000001,0.0828015,0.02234758344104773,1.0
m30_credibility,30,credibility,1.2845232578665131,7.0,7.85,0.8125,1.4,0.075,0.2624999999999999,0.55,0.3625,0.875,fake_repost_share_final100,10,-8.00000000000245e-06,1.5832456116049563e-05,-4.3815504007612216e-05,2.7815504007607314e-05,-0.15978709238745117,0.6254958393103369,0.083084,0.083076,-0.009628809397720919,1.0
m30_credibility,30,credibility,1.2845232578665131,7.0,7.85,0.8125,1.4,0.075,0.2624999999999999,0.55,0.3625,0.875,target_share_all,10,0.00017950000000000003,3.45160993032398e-05,0.00010141915872932199,0.00025758084127067805,1.644533569721607,0.000563700943628517,0.00043100000000000007,0.0006105,41.64733178654292,0.035177368774609676
m30_credibility,30,credibility,1.2845232578665131,7.0,7.85,0.8125,1.4,0.075,0.2624999999999999,0.55,0.3625,0.875,target_share_final100,10,4.000000000000001e-06,4e-06,-5.048628651192819e-06,1.304862865119282e-05,0.316227766016838,0.3434363961379133,2.0000000000000003e-06,6.000000000000001e-06,200.0,1.0
m30_credibility,30,credibility,1.2845232578665131,7.0,7.85,0.8125,1.4,0.075,0.2624999999999999,0.55,0.3625,0.875,fake_repost_share_decisions,10,1.8503735789998644e-05,2.8786540386070274e-05,-4.6615942736530035e-05,8.362341431652732e-05,0.20326843564253222,0.5363896789076479,0.08280003732969797,0.08281854106548797,0.022347496917567076,1.0
m30_credibility,30,credibility,1.2845232578665131,7.0,7.85,0.8125,1.4,0.075,0.2624999999999999,0.55,0.3625,0.875,target_share_decisions,10,0.00017953528207207136,3.452233602580339e-05,0.0001014403323547737,0.000257630231789369,1.6445596592426062,0.0005636388089471789,0.00043108622256016497,0.0006106215046322364,41.64718626492739,0.03517745079139336
m30_credibility,30,credibility,1.2845232578665131,7.0,7.85,0.8125,1.4,0.075,0.2624999999999999,0.55,0.3625,0.875,participation_rate,10,0.0,0.0,0.0,0.0,,,0.9997959999999999,0.9997959999999999,0.0,
m30_credibility,30,credibility,1.2845232578665131,7.0,7.85,0.8125,1.4,0.075,0.2624999999999999,0.55,0.3625,0.875,cumulative_fake_reposts,10,3.7,5.7562526390390865,-9.321548138278338,16.72154813827834,0.20326465977657646,0.5363970826233072,16556.6,16560.3,0.022347583441044663,1.0
m30_credibility,30,credibility,1.2845232578665131,7.0,7.85,0.8125,1.4,0.075,0.2624999999999999,0.55,0.3625,0.875,target_unique_reposters_p400,10,0.4,0.22110831935702666,-0.10018176838777082,0.9001817683877709,0.5720775535473553,0.10388813106210176,20.1,20.5,1.9900497512437811,1.0
m30_combined,30,combined,1.2845232578665131,7.0,7.85,0.8125,1.4,0.075,0.2624999999999999,0.55,0.3625,0.875,fake_repost_share_all,10,0.0009309999999999957,0.00015788321985287486,0.0005738433433241712,0.0012881566566758204,1.8647203321291648,0.0002299924260226874,0.08278300000000001,0.083714,1.124627036952026,0.014029537987383931
m30_combined,30,combined,1.2845232578665131,7.0,7.85,0.8125,1.4,0.075,0.2624999999999999,0.55,0.3625,0.875,fake_repost_share_final100,10,7.39999999999963e-05,7.595612768785156e-05,-9.782469830749217e-05,0.00024582469830748476,0.3080838294102185,0.3553903944708044,0.083084,0.083158,0.08906648692888677,1.0
m30_combined,30,combined,1.2845232578665131,7.0,7.85,0.8125,1.4,0.075,0.2624999999999999,0.55,0.3625,0.875,target_share_all,10,0.0017485,0.000255487605700681,0.0011705468827580409,0.0023264531172419592,2.1641920646758295,7.525694846555314e-05,0.00043100000000000007,0.0021795,405.6844547563805,0.0051174724956576136
m30_combined,30,combined,1.2845232578665131,7.0,7.85,0.8125,1.4,0.075,0.2624999999999999,0.55,0.3625,0.875,target_share_final100,10,0.00016800000000000002,0.0001483599227105038,-0.0001676134618317542,0.0005036134618317542,0.3580904042023167,0.2867405254573587,2.0000000000000003e-06,0.00017,8400.0,1.0
m30_combined,30,combined,1.2845232578665131,7.0,7.85,0.8125,1.4,0.075,0.2624999999999999,0.55,0.3625,0.875,fake_repost_share_decisions,10,0.0009311869482545698,0.00015791518719476336,0.0005739579764273165,0.001288415920081823,1.8647172170172643,0.0002299952354441267,0.08280003732969797,0.08373122427795254,1.124621411155548,0.014029709362091728
m30_combined,30,combined,1.2845232578665131,7.0,7.85,0.8125,1.4,0.075,0.2624999999999999,0.55,0.3625,0.875,target_share_decisions,10,0.0017488505815406268,0.0002555370683661013,0.001170785571975796,0.0023269155911054577,2.164207001488806,7.525296062563884e-05,0.00043108622256016497,0.002179936804100792,405.68463801845274,0.005117201322543441
m30_combined,30,combined,1.2845232578665131,7.0,7.85,0.8125,1.4,0.075,0.2624999999999999,0.55,0.3625,0.875,participation_rate,10,0.0,0.0,0.0,0.0,,,0.9997959999999999,0.9997959999999999,0.0,
m30_combined,30,combined,1.2845232578665131,7.0,7.85,0.8125,1.4,0.075,0.2624999999999999,0.55,0.3625,0.875,cumulative_fake_reposts,10,186.2,31.5766439705749,114.76866866483523,257.63133133516476,1.8647203321291774,0.0002299924260226757,16556.6,16742.8,1.1246270369520313,0.014029537987383219
m30_combined,30,combined,1.2845232578665131,7.0,7.85,0.8125,1.4,0.075,0.2624999999999999,0.55,0.3625,0.875,target_unique_reposters_p400,10,19.2,3.3359989341858136,11.653446115944384,26.746553884055615,1.8200165009960114,0.0002744248250857887,20.1,39.3,95.52238805970148,0.018112038455662054
m31_credibility,31,credibility,1.2845232578665131,7.0,7.85,0.8125,1.4,0.1,0.2624999999999999,0.55,0.3625,0.875,fake_repost_share_all,10,7.20000000000054e-05,2.839405258539507e-05,7.768190563085044e-06,0.00013623180943692575,0.801872120393456,0.03193308360065967,0.11237899999999998,0.11245100000000001,0.06406890967174064,1.0
m31_credibility,31,credibility,1.2845232578665131,7.0,7.85,0.8125,1.4,0.1,0.2624999999999999,0.55,0.3625,0.875,fake_repost_share_final100,10,1.0000000000000287e-05,1.0000000000000287e-05,-1.2621571627982413e-05,3.2621571627982983e-05,0.3162277660168379,0.3434363961379136,0.10507200000000001,0.10508200000000001,0.009517283386630392,1.0
m31_credibility,31,credibility,1.2845232578665131,7.0,7.85,0.8125,1.4,0.1,0.2624999999999999,0.55,0.3625,0.875,target_share_all,10,0.0002065,4.609199737722614e-05,0.00010223265798543181,0.0003107673420145682,1.416754261006315,0.0015320461337134498,0.00046549999999999993,0.0006720000000000001,44.360902255639104,0.0735382144182456
m31_credibility,31,credibility,1.2845232578665131,7.0,7.85,0.8125,1.4,0.1,0.2624999999999999,0.55,0.3625,0.875,target_share_final100,10,0.0,0.0,0.0,0.0,,,2.0000000000000003e-06,2.0000000000000003e-06,0.0,
m31_credibility,31,credibility,1.2845232578665131,7.0,7.85,0.8125,1.4,0.1,0.2624999999999999,0.55,0.3625,0.875,fake_repost_share_decisions,10,7.201330498378262e-05,2.8399610941810627e-05,7.768921671083432e-06,0.0001362576882964818,0.801863328521321,0.03193454032221574,0.11240212150159175,0.11247413480657553,0.06406756742822049,1.0
m31_credibility,31,credibility,1.2845232578665131,7.0,7.85,0.8125,1.4,0.1,0.2624999999999999,0.55,0.3625,0.875,target_share_decisions,10,0.00020654018046377122,4.6100142392960815e-05,0.00010225441314351773,0.0003108259477840247,1.4167795687925226,0.0015318695414522961,0.0004655924511879323,0.0006721326316517036,44.36072361929319,0.07352973798971021
m31_credibility,31,credibility,1.2845232578665131,7.0,7.85,0.8125,1.4,0.1,0.2624999999999999,0.55,0.3625,0.875,participation_rate,10,0.0,0.0,0.0,0.0,,,0.9997959999999999,0.9997959999999999,0.0,
m31_credibility,31,credibility,1.2845232578665131,7.0,7.85,0.8125,1.4,0.1,0.2624999999999999,0.55,0.3625,0.875,cumulative_fake_reposts,10,14.4,5.678810517079161,1.553638112615598,27.246361887384403,0.8018721203933751,0.03193308360067311,22475.8,22490.2,0.06406890967173583,1.0
m31_credibility,31,credibility,1.2845232578665131,7.0,7.85,0.8125,1.4,0.1,0.2624999999999999,0.55,0.3625,0.875,target_unique_reposters_p400,10,0.5,0.22360679774997896,-0.005833719180484476,1.0058337191804845,0.7071067811865475,0.05217724279881912,20.7,21.2,2.4154589371980677,1.0
m31_combined,31,combined,1.2845232578665131,7.0,7.85,0.8125,1.4,0.1,0.2624999999999999,0.55,0.3625,0.875,fake_repost_share_all,10,0.0012720000000000023,0.00026539195332354805,0.0006716416918401312,0.0018723583081598732,1.5156515234771737,0.0009833926692335568,0.11237899999999998,0.11365099999999999,1.131884070867335,0.03441874342317449
m31_combined,31,combined,1.2845232578665131,7.0,7.85,0.8125,1.4,0.1,0.2624999999999999,0.55,0.3625,0.875,fake_repost_share_final100,10,6.199999999999262e-05,3.285659074760382e-05,-1.232677210482859e-05,0.00013632677210481382,0.5967180722933483,0.09177666437434395,0.10507200000000001,0.10513400000000002,0.05900715699709971,1.0
m31_combined,31,combined,1.2845232578665131,7.0,7.85,0.8125,1.4,0.1,0.2624999999999999,0.55,0.3625,0.875,target_share_all,10,0.0025665,0.0005949724783550916,0.0012205787464212299,0.00391242125357877,1.3640942917662757,0.0019512441808869595,0.00046549999999999993,0.003032,551.342642320086,0.04740573111082417
m31_combined,31,combined,1.2845232578665131,7.0,7.85,0.8125,1.4,0.1,0.2624999999999999,0.55,0.3625,0.875,target_share_final100,10,6.8e-05,3.9009970235540786e-05,-2.024668358887337e-05,0.00015624668358887335,0.551230568988074,0.11528009048989082,2.0000000000000003e-06,7.000000000000001e-05,3399.999999999999,1.0
m31_combined,31,combined,1.2845232578665131,7.0,7.85,0.8125,1.4,0.1,0.2624999999999999,0.55,0.3625,0.875,fake_repost_share_decisions,10,0.0012722509353413473,0.0002654397065657549,0.000671784601842571,0.0018727172688401236,1.5156778023191622,0.0009832786852571034,0.11240212150159175,0.1136743724369331,1.1318744863043628,0.03441475398399862
m31_combined,31,combined,1.2845232578665131,7.0,7.85,0.8125,1.4,0.1,0.2624999999999999,0.55,0.3625,0.875,target_share_decisions,10,0.0025670080371690517,0.0005950791120806982,0.0012208455613441044,0.0039131705129939985,1.3641198295515962,0.0019510134364589414,0.0004655924511879323,0.003032600488356984,551.3422802752661,0.047419491888768955
m31_combined,31,combined,1.2845232578665131,7.0,7.85,0.8125,1.4,0.1,0.2624999999999999,0.55,0.3625,0.875,participation_rate,10,0.0,0.0,0.0,0.0,,,0.9997959999999999,0.9997959999999999,0.0,
m31_combined,31,combined,1.2845232578665131,7.0,7.85,0.8125,1.4,0.1,0.2624999999999999,0.55,0.3625,0.875,cumulative_fake_reposts,10,254.4,53.07839066470982,134.3283383680253,374.4716616319747,1.5156515234771648,0.0009833926692335967,22475.8,22730.2,1.1318840708673328,0.034418743423175885
m31_combined,31,combined,1.2845232578665131,7.0,7.85,0.8125,1.4,0.1,0.2624999999999999,0.55,0.3625,0.875,target_unique_reposters_p400,10,32.0,7.731609003162135,14.509885313541687,49.49011468645831,1.3088205195581084,0.0025259457937257816,20.7,52.7,154.58937198067633,0.10356377754275704
m32_credibility,32,credibility,1.2845232578665131,7.0,7.85,0.8125,1.4,0.1,0.2624999999999999,0.6125,0.3625,0.875,fake_repost_share_all,10,8.900000000000436e-05,3.2802438933712594e-05,1.47957278088557e-05,0.00016320427219115302,0.8579932495987296,0.023871591571421543,0.11241149999999997,0.1125005,0.07917339418120421,1.0
m32_credibility,32,credibility,1.2845232578665131,7.0,7.85,0.8125,1.4,0.1,0.2624999999999999,0.6125,0.3625,0.875,fake_repost_share_final100,10,1.0000000000000287e-05,1.0000000000000287e-05,-1.2621571627982413e-05,3.2621571627982983e-05,0.3162277660168379,0.3434363961379136,0.10507200000000001,0.10508200000000001,0.009517283386630392,1.0
m32_credibility,32,credibility,1.2845232578665131,7.0,7.85,0.8125,1.4,0.1,0.2624999999999999,0.6125,0.3625,0.875,target_share_all,10,0.0002065,4.609199737722614e-05,0.00010223265798543181,0.0003107673420145682,1.416754261006315,0.0015320461337134498,0.00046549999999999993,0.0006720000000000001,44.360902255639104,0.0735382144182456
m32_credibility,32,credibility,1.2845232578665131,7.0,7.85,0.8125,1.4,0.1,0.2624999999999999,0.6125,0.3625,0.875,target_share_final100,10,0.0,0.0,0.0,0.0,,,2.0000000000000003e-06,2.0000000000000003e-06,0.0,
m32_credibility,32,credibility,1.2845232578665131,7.0,7.85,0.8125,1.4,0.1,0.2624999999999999,0.6125,0.3625,0.875,fake_repost_share_decisions,10,8.901649558964581e-05,3.280885007625977e-05,1.479772038646233e-05,0.00016323527079282929,0.857984582621204,0.023872662775185485,0.11243462761775383,0.11252364411334348,0.07917177961604223,1.0
m32_credibility,32,credibility,1.2845232578665131,7.0,7.85,0.8125,1.4,0.1,0.2624999999999999,0.6125,0.3625,0.875,target_share_decisions,10,0.00020654018046377122,4.6100142392960815e-05,0.00010225441314351773,0.0003108259477840247,1.4167795687925226,0.0015318695414522961,0.0004655924511879323,0.0006721326316517036,44.36072361929319,0.07352973798971021
m32_credibility,32,credibility,1.2845232578665131,7.0,7.85,0.8125,1.4,0.1,0.2624999999999999,0.6125,0.3625,0.875,participation_rate,10,0.0,0.0,0.0,0.0,,,0.9997959999999999,0.9997959999999999,0.0,
m32_credibility,32,credibility,1.2845232578665131,7.0,7.85,0.8125,1.4,0.1,0.2624999999999999,0.6125,0.3625,0.875,cumulative_fake_reposts,10,17.8,6.56048778674269,2.9591455617698834,32.64085443823012,0.8579932495986652,0.023871591571429526,22482.3,22500.1,0.07917339418120033,1.0
m32_credibility,32,credibility,1.2845232578665131,7.0,7.85,0.8125,1.4,0.1,0.2624999999999999,0.6125,0.3625,0.875,target_unique_reposters_p400,10,0.5,0.22360679774997896,-0.005833719180484476,1.0058337191804845,0.7071067811865475,0.05217724279881912,20.7,21.2,2.4154589371980677,1.0
m32_combined,32,combined,1.2845232578665131,7.0,7.85,0.8125,1.4,0.1,0.2624999999999999,0.6125,0.3625,0.875,fake_repost_share_all,10,0.0015530000000000016,0.0004053860985392666,0.0006359529334905809,0.0024700470665094225,1.2114419374362948,0.0040220777571409495,0.11241149999999997,0.1139645,1.3815312490270142,0.08044155514281899
m32_combined,32,combined,1.2845232578665131,7.0,7.85,0.8125,1.4,0.1,0.2624999999999999,0.6125,0.3625,0.875,fake_repost_share_final100,10,9.399999999999409e-05,4.723934330148396e-05,-1.2862818815341254e-05,0.00020086281881532943,0.6292511268810782,0.07781329058084971,0.10507200000000001,0.10516600000000001,0.08946246383431748,1.0
m32_combined,32,combined,1.2845232578665131,7.0,7.85,0.8125,1.4,0.1,0.2624999999999999,0.6125,0.3625,0.875,target_share_all,10,0.0026305,0.0006326963682876996,0.0011992413786015693,0.0040617586213984305,1.3147493492945723,0.00245645193570495,0.00046549999999999993,0.0030960000000000007,565.091299677766,0.049129038714098995
m32_combined,32,combined,1.2845232578665131,7.0,7.85,0.8125,1.4,0.1,0.2624999999999999,0.6125,0.3625,0.875,target_share_final100,10,8.999999999999999e-05,4.0906397217713194e-05,-2.5366994703184757e-06,0.00018253669947031846,0.6957468972405987,0.05532750019265008,2.0000000000000003e-06,9.2e-05,4499.999999999998,1.0
m32_combined,32,combined,1.2845232578665131,7.0,7.85,0.8125,1.4,0.1,0.2624999999999999,0.6125,0.3625,0.875,fake_repost_share_decisions,10,0.0015533030500940875,0.0004054576707850708,0.0006360940759161631,0.0024705120242720117,1.2114644483783188,0.0040216392788705365,0.11243462761775383,0.11398793066784792,1.3815166048086909,0.08043278557741074
m32_combined,32,combined,1.2845232578665131,7.0,7.85,0.8125,1.4,0.1,0.2624999999999999,0.6125,0.3625,0.875,target_share_decisions,10,0.002631019619271535,0.0006328093182030839,0.0011995054874129804,0.00406253375113009,1.3147743445233206,0.0024561633006993148,0.0004655924511879323,0.0030966120704594676,565.0906952117974,0.0491232660139863
m32_combined,32,combined,1.2845232578665131,7.0,7.85,0.8125,1.4,0.1,0.2624999999999999,0.6125,0.3625,0.875,participation_rate,10,0.0,0.0,0.0,0.0,,,0.9997959999999999,0.9997959999999999,0.0,
m32_combined,32,combined,1.2845232578665131,7.0,7.85,0.8125,1.4,0.1,0.2624999999999999,0.6125,0.3625,0.875,cumulative_fake_reposts,10,310.6,81.07721970785354,127.19058669811534,494.0094133018847,1.2114419374362901,0.0040220777571410475,22482.3,22792.9,1.3815312490270124,0.08044155514282095
m32_combined,32,combined,1.2845232578665131,7.0,7.85,0.8125,1.4,0.1,0.2624999999999999,0.6125,0.3625,0.875,target_unique_reposters_p400,10,34.9,9.729051569626119,12.891356304537155,56.90864369546284,1.134370493876595,0.005864433593179227,20.7,55.6,168.5990338164251,0.1759330077953768
m33_credibility,33,credibility,1.2845232578665131,7.0,7.85,1.0,1.4,0.1,0.2624999999999999,0.6125,0.3625,0.875,fake_repost_share_all,10,3.699999999999953e-05,1.7938165396096785e-05,-3.578949338239712e-06,7.757894933823877e-05,0.6522644364271936,0.0691836611617005,0.111361,0.111398,0.0332252763534806,1.0
m33_credibility,33,credibility,1.2845232578665131,7.0,7.85,1.0,1.4,0.1,0.2624999999999999,0.6125,0.3625,0.875,fake_repost_share_final100,10,-3.999999999999837e-06,3.999999999999836e-06,-1.3048628651192288e-05,5.048628651192613e-06,-0.31622776601683794,0.3434363961379136,0.10507,0.10506599999999999,-0.0038069858189776692,1.0
m33_credibility,33,credibility,1.2845232578665131,7.0,7.85,1.0,1.4,0.1,0.2624999999999999,0.6125,0.3625,0.875,target_share_all,10,0.00016750000000000003,3.492253331780691e-05,8.849974111206417e-05,0.0002465002588879359,1.5167327732439169,0.0009787144754116058,0.00041300000000000006,0.0005805000000000001,40.55690072639225,0.05655390324964892
m33_credibility,33,credibility,1.2845232578665131,7.0,7.85,1.0,1.4,0.1,0.2624999999999999,0.6125,0.3625,0.875,target_share_final100,10,0.0,0.0,0.0,0.0,,,0.0,0.0,,
m33_credibility,33,credibility,1.2845232578665131,7.0,7.85,1.0,1.4,0.1,0.2624999999999999,0.6125,0.3625,0.875,fake_repost_share_decisions,10,3.7007436533874336e-05,1.7941405710098976e-05,-3.5788429038946775e-06,7.759371597164334e-05,0.6522777072328092,0.06917896025631369,0.11138390825869723,0.11142091569523113,0.03322511942023247,1.0
m33_credibility,33,credibility,1.2845232578665131,7.0,7.85,1.0,1.4,0.1,0.2624999999999999,0.6125,0.3625,0.875,target_share_decisions,10,0.00016753295910823784,3.492876259640413e-05,8.85186086131042e-05,0.0002465473096033715,1.5167606710019088,0.0009785940884381472,0.00041308272686329725,0.0005806156859715351,40.55675733051894,0.05656584564380892
m33_credibility,33,credibility,1.2845232578665131,7.0,7.85,1.0,1.4,0.1,0.2624999999999999,0.6125,0.3625,0.875,participation_rate,10,0.0,0.0,0.0,0.0,,,0.9997959999999999,0.9997959999999999,0.0,
m33_credibility,33,credibility,1.2845232578665131,7.0,7.85,1.0,1.4,0.1,0.2624999999999999,0.6125,0.3625,0.875,cumulative_fake_reposts,10,7.4,3.5876330792196556,-0.7157898676485228,15.515789867648524,0.6522644364271475,0.06918366116171666,22272.2,22279.6,0.03322527635348102,1.0
m33_credibility,33,credibility,1.2845232578665131,7.0,7.85,1.0,1.4,0.1,0.2624999999999999,0.6125,0.3625,0.875,target_unique_reposters_p400,10,0.3,0.21343747458109494,-0.18282911193318369,0.7828291119331836,0.44447831849231534,0.1934220596033322,20.0,20.3,1.5,1.0
m33_combined,33,combined,1.2845232578665131,7.0,7.85,1.0,1.4,0.1,0.2624999999999999,0.6125,0.3625,0.875,fake_repost_share_all,10,0.0009359999999999979,0.00028298586537139957,0.00029584149767943795,0.0015761585023205578,1.0459504350271844,0.00911893849448132,0.111361,0.11229700000000001,0.8405096936988694,0.10845510857823361
m33_combined,33,combined,1.2845232578665131,7.0,7.85,1.0,1.4,0.1,0.2624999999999999,0.6125,0.3625,0.875,fake_repost_share_final100,10,0.00014400000000000385,0.00012087826750725641,-0.00012944563866817372,0.0004174456386681814,0.37671617277019853,0.26401095883804393,0.10507,0.105214,0.13705148948320534,1.0
m33_combined,33,combined,1.2845232578665131,7.0,7.85,1.0,1.4,0.1,0.2624999999999999,0.6125,0.3625,0.875,target_share_all,10,0.0016910000000000002,0.0005054705178785845,0.0005475462473976422,0.0028344537526023583,1.0579076987095801,0.008586140606809359,0.00041300000000000006,0.0021039999999999995,409.44309927360774,0.08062600194902722
m33_combined,33,combined,1.2845232578665131,7.0,7.85,1.0,1.4,0.1,0.2624999999999999,0.6125,0.3625,0.875,target_share_final100,10,0.000136,0.00012725477506866993,-0.00015187030092186611,0.0004238703009218661,0.33795962591645223,0.3130200426303827,0.0,0.000136,,1.0
m33_combined,33,combined,1.2845232578665131,7.0,7.85,1.0,1.4,0.1,0.2624999999999999,0.6125,0.3625,0.875,fake_repost_share_decisions,10,0.0009361800251491747,0.0002830354612603318,0.00029590932913322134,0.0015764507211651281,1.0459682918325623,0.009118117656226396,0.11138390825869723,0.11232008828384643,0.840498452410943,0.10844813445433119
m33_combined,33,combined,1.2845232578665131,7.0,7.85,1.0,1.4,0.1,0.2624999999999999,0.6125,0.3625,0.875,target_share_decisions,10,0.0016913278369962987,0.0005055593280038538,0.0005476731819329336,0.0028349824920596636,1.0579269214697449,0.008585310671594409,0.00041308272686329725,0.002104410563859596,409.4404648287352,0.08062921864810066
m33_combined,33,combined,1.2845232578665131,7.0,7.85,1.0,1.4,0.1,0.2624999999999999,0.6125,0.3625,0.875,participation_rate,10,0.0,0.0,0.0,0.0,,,0.9997959999999999,0.9997959999999999,0.0,
m33_combined,33,combined,1.2845232578665131,7.0,7.85,1.0,1.4,0.1,0.2624999999999999,0.6125,0.3625,0.875,cumulative_fake_reposts,10,187.2,56.59717307427995,59.16829953588791,315.23170046411207,1.045950435027186,0.009118938494481244,22272.2,22459.4,0.8405096936988712,0.10845510857823618
m33_combined,33,combined,1.2845232578665131,7.0,7.85,1.0,1.4,0.1,0.2624999999999999,0.6125,0.3625,0.875,target_unique_reposters_p400,10,23.1,7.853449348322472,5.3342633040194265,40.86573669598057,0.9301468782693942,0.01644971862345543,20.0,43.1,115.5,0.30330613389581185
m34_credibility,34,credibility,2.534288122793572,7.0,11.275,0.625,1.1,0.125,0.2249999999999999,0.7375,0.4875,0.75,fake_repost_share_all,10,7.05000000000025e-05,5.088358172228779e-05,-4.4606658861898646e-05,0.00018560665886190365,0.43813852621193766,0.1992647778390365,0.1277215,0.127792,0.05519822426138317,1.0
m34_credibility,34,credibility,2.534288122793572,7.0,11.275,0.625,1.1,0.125,0.2249999999999999,0.7375,0.4875,0.75,fake_repost_share_final100,10,3.999999999998449e-06,2.1039645117412716e-05,-4.3594983905089004e-05,5.1594983905085905e-05,0.060120361204191716,0.8534362081257856,0.13401200000000002,0.134016,0.0029848073306856463,1.0
m34_credibility,34,credibility,2.534288122793572,7.0,11.275,0.625,1.1,0.125,0.2249999999999999,0.7375,0.4875,0.75,target_share_all,10,0.00019150000000000002,5.7965746590359534e-05,6.037237115367257e-05,0.00032262762884632747,1.0447138310868578,0.009175969908660027,0.000707,0.0008985,27.08628005657709,0.1525619914658614
m34_credibility,34,credibility,2.534288122793572,7.0,11.275,0.625,1.1,0.125,0.2249999999999999,0.7375,0.4875,0.75,target_share_final100,10,1.6000000000000003e-05,1.6e-05,-2.0194514604771275e-05,5.219451460477128e-05,0.316227766016838,0.3434363961379133,0.0,1.6000000000000003e-05,,1.0
m34_credibility,34,credibility,2.534288122793572,7.0,11.275,0.625,1.1,0.125,0.2249999999999999,0.7375,0.4875,0.75,fake_repost_share_decisions,10,7.051487067965128e-05,5.0892947579967576e-05,-4.461297522428594e-05,0.0001856427165835885,0.43815029559752916,0.19925379252305442,0.12774650328296114,0.12781701815364077,0.05519906131869567,1.0
m34_credibility,34,credibility,2.534288122793572,7.0,11.275,0.625,1.1,0.125,0.2249999999999999,0.7375,0.4875,0.75,target_share_decisions,10,0.00019153749998293253,5.7976422738894124e-05,6.0385720010726454e-05,0.00032268927995513863,1.0447259914747928,0.009175407275953243,0.0007071385252417611,0.0008986760252246937,27.08627703708385,0.15255198244437795
m34_credibility,34,credibility,2.534288122793572,7.0,11.275,0.625,1.1,0.125,0.2249999999999999,0.7375,0.4875,0.75,participation_rate,10,0.0,0.0,0.0,0.0,,,0.9998035,0.9998035,0.0,
m34_credibility,34,credibility,2.534288122793572,7.0,11.275,0.625,1.1,0.125,0.2249999999999999,0.7375,0.4875,0.75,cumulative_fake_reposts,10,14.1,10.176716344457851,-8.921331772380894,37.12133177238089,0.4381385262119096,0.1992647778390629,25544.3,25558.4,0.055198224261381205,1.0
m34_credibility,34,credibility,2.534288122793572,7.0,11.275,0.625,1.1,0.125,0.2249999999999999,0.7375,0.4875,0.75,target_unique_reposters_p400,10,1.1,0.5467073155618908,-0.13673786985250969,2.33673786985251,0.6362646570057517,0.07507983017249283,31.7,32.8,3.4700315457413256,1.0
m34_combined,34,combined,2.534288122793572,7.0,11.275,0.625,1.1,0.125,0.2249999999999999,0.7375,0.4875,0.75,fake_repost_share_all,10,0.0011545,0.00016395705738597157,0.000783603368243008,0.0015253966317569918,2.2267108332335597,6.0422639539732314e-05,0.1277215,0.12887600000000002,0.9039198568760938,0.004592120605019656
m34_combined,34,combined,2.534288122793572,7.0,11.275,0.625,1.1,0.125,0.2249999999999999,0.7375,0.4875,0.75,fake_repost_share_final100,10,-1.2000000000000898e-05,1.2000000000000896e-05,-3.9145885953581384e-05,1.5145885953579588e-05,-0.31622776601683794,0.3434363961379136,0.13401200000000002,0.134,-0.008954421992061081,1.0
m34_combined,34,combined,2.534288122793572,7.0,11.275,0.625,1.1,0.125,0.2249999999999999,0.7375,0.4875,0.75,target_share_all,10,0.0019524999999999998,0.00026089935266731157,0.001362304660594226,0.0025426953394057736,2.3665628405571555,3.75637683450694e-05,0.000707,0.0026595,276.1669024045262,0.002817282625880205
m34_combined,34,combined,2.534288122793572,7.0,11.275,0.625,1.1,0.125,0.2249999999999999,0.7375,0.4875,0.75,target_share_final100,10,0.0,0.0,0.0,0.0,,,0.0,0.0,,
m34_combined,34,combined,2.534288122793572,7.0,11.275,0.625,1.1,0.125,0.2249999999999999,0.7375,0.4875,0.75,fake_repost_share_decisions,10,0.0011547300417402955,0.000163988087574413,0.0007837632148202579,0.0015256968686603333,2.226733092953266,6.041796457391434e-05,0.12774650328296114,0.12890123332470144,0.9039230132057272,0.00459176530761749
m34_combined,34,combined,2.534288122793572,7.0,11.275,0.625,1.1,0.125,0.2249999999999999,0.7375,0.4875,0.75,target_share_decisions,10,0.0019528859378046763,0.00026094648636278063,0.001362583974572088,0.0025431879010372645,2.366603076383686,3.755874583669153e-05,0.0007071385252417611,0.0026600244630464375,276.1673799538798,0.0028169059377518646
m34_combined,34,combined,2.534288122793572,7.0,11.275,0.625,1.1,0.125,0.2249999999999999,0.7375,0.4875,0.75,participation_rate,10,0.0,0.0,0.0,0.0,,,0.9998035,0.9998035,0.0,
m34_combined,34,combined,2.534288122793572,7.0,11.275,0.625,1.1,0.125,0.2249999999999999,0.7375,0.4875,0.75,cumulative_fake_reposts,10,230.9,32.791411477194245,156.72067364860177,305.0793263513982,2.2267108332335646,6.0422639539731223e-05,25544.3,25775.2,0.9039198568760938,0.004592120605019573
m34_combined,34,combined,2.534288122793572,7.0,11.275,0.625,1.1,0.125,0.2249999999999999,0.7375,0.4875,0.75,target_unique_reposters_p400,10,18.1,2.672701504720146,12.053929147075783,24.14607085292422,2.1415494976885148,8.157612328962458e-05,31.7,49.8,57.09779179810725,0.005955057000142595
m35_credibility,35,credibility,2.534288122793572,7.0,11.275,0.625,1.1,0.125,0.2249999999999999,0.7375,0.4875,0.875,fake_repost_share_all,10,7.84999999999994e-05,4.0028115119251205e-05,-1.204988733032584e-05,0.00016904988733032464,0.6201610932307612,0.08149735287700169,0.12763249999999998,0.127711,0.06150471079074641,1.0
m35_credibility,35,credibility,2.534288122793572,7.0,11.275,0.625,1.1,0.125,0.2249999999999999,0.7375,0.4875,0.875,fake_repost_share_final100,10,0.0,0.0,0.0,0.0,,,0.134,0.134,0.0,
m35_credibility,35,credibility,2.534288122793572,7.0,11.275,0.625,1.1,0.125,0.2249999999999999,0.7375,0.4875,0.875,target_share_all,10,0.00018500000000000002,6.093712606722878e-05,4.7150643786681226e-05,0.0003228493562133188,0.9600409551407566,0.014110878534176568,0.000629,0.0008139999999999999,29.41176470588236,0.2054593680354061
m35_credibility,35,credibility,2.534288122793572,7.0,11.275,0.625,1.1,0.125,0.2249999999999999,0.7375,0.4875,0.875,target_share_final100,10,0.0,0.0,0.0,0.0,,,0.0,0.0,,
m35_credibility,35,credibility,2.534288122793572,7.0,11.275,0.625,1.1,0.125,0.2249999999999999,0.7375,0.4875,0.875,fake_repost_share_decisions,10,7.851467277002894e-05,4.0035840442825386e-05,-1.2052690456354565e-05,0.00016908203599641243,0.6201573214147099,0.08149891540777733,0.12765748599456306,0.12773600066733307,0.06150416652680508,1.0
m35_credibility,35,credibility,2.534288122793572,7.0,11.275,0.625,1.1,0.125,0.2249999999999999,0.7375,0.4875,0.875,target_share_decisions,10,0.00018503565196422868,6.094886973807046e-05,4.715972972179784e-05,0.0003229115742066595,0.9600409508097565,0.014110878847031267,0.00062912366235534,0.0008141593143195689,29.411650369576677,0.20544379648329525
m35_credibility,35,credibility,2.534288122793572,7.0,11.275,0.625,1.1,0.125,0.2249999999999999,0.7375,0.4875,0.875,participation_rate,10,0.0,0.0,0.0,0.0,,,0.9998035,0.9998035,0.0,
m35_credibility,35,credibility,2.534288122793572,7.0,11.275,0.625,1.1,0.125,0.2249999999999999,0.7375,0.4875,0.875,cumulative_fake_reposts,10,15.7,8.005623023850173,-2.4099774660648947,33.80997746606489,0.6201610932307712,0.0814973528769975,25526.5,25542.2,0.06150471079074686,1.0
m35_credibility,35,credibility,2.534288122793572,7.0,11.275,0.625,1.1,0.125,0.2249999999999999,0.7375,0.4875,0.875,target_unique_reposters_p400,10,1.1,0.7371114795831993,-0.5674620133199171,2.7674620133199173,0.4719103585460564,0.16981588527225294,29.7,30.8,3.703703703703704,1.0
m35_combined,35,combined,2.534288122793572,7.0,11.275,0.625,1.1,0.125,0.2249999999999999,0.7375,0.4875,0.875,fake_repost_share_all,10,0.0011619999999999977,0.00020754276667713187,0.0006925056437743672,0.0016314943562256282,1.770510579553015,0.00033476689935666554,0.12763249999999998,0.12879449999999998,0.9104264196031558,0.017742645665903275
m35_combined,35,combined,2.534288122793572,7.0,11.275,0.625,1.1,0.125,0.2249999999999999,0.7375,0.4875,0.875,fake_repost_share_final100,10,2.5999999999998247e-05,2.5999999999998243e-05,-3.281608623275111e-05,8.48160862327476e-05,0.31622776601683794,0.3434363961379136,0.134,0.13402600000000003,0.019402985074625557,1.0
m35_combined,35,combined,2.534288122793572,7.0,11.275,0.625,1.1,0.125,0.2249999999999999,0.7375,0.4875,0.875,target_share_all,10,0.0018525000000000004,0.00029218073744402334,0.0011915412519593414,0.0025134587480406595,2.004964261747144,0.00013441541654458458,0.000629,0.0024814999999999998,294.5151033386328,0.00783566627529122
m35_combined,35,combined,2.534288122793572,7.0,11.275,0.625,1.1,0.125,0.2249999999999999,0.7375,0.4875,0.875,target_share_final100,10,4.6e-05,4.599999999999999e-05,-5.8059229488717405e-05,0.0001500592294887174,0.316227766016838,0.3434363961379136,0.0,4.6e-05,,1.0
m35_combined,35,combined,2.534288122793572,7.0,11.275,0.625,1.1,0.125,0.2249999999999999,0.7375,0.4875,0.875,fake_repost_share_decisions,10,0.0011622326726472385,0.00020759097672930525,0.0006926292577067652,0.0016318360875877118,1.7704538388596132,0.0003348438126939877,0.12765748599456306,0.12881971866721026,0.9104304879517509,0.01774672207278135
m35_combined,35,combined,2.534288122793572,7.0,11.275,0.625,1.1,0.125,0.2249999999999999,0.7375,0.4875,0.875,target_share_decisions,10,0.001852868897611953,0.00029224651699035864,0.001191761345899386,0.00251397644932452,2.004912148305395,0.00013444161863361272,0.00062912366235534,0.0024819925599672927,294.515849344325,0.007835343958099638
m35_combined,35,combined,2.534288122793572,7.0,11.275,0.625,1.1,0.125,0.2249999999999999,0.7375,0.4875,0.875,participation_rate,10,0.0,0.0,0.0,0.0,,,0.9998035,0.9998035,0.0,
m35_combined,35,combined,2.534288122793572,7.0,11.275,0.625,1.1,0.125,0.2249999999999999,0.7375,0.4875,0.875,cumulative_fake_reposts,10,232.4,41.50855333542714,138.50112875487218,326.2988712451278,1.770510579552986,0.00033476689935670436,25526.5,25758.9,0.9104264196031575,0.017742645665905332
m35_combined,35,combined,2.534288122793572,7.0,11.275,0.625,1.1,0.125,0.2249999999999999,0.7375,0.4875,0.875,target_unique_reposters_p400,10,15.7,3.346806105992863,8.128998594831476,23.271001405168523,1.4834369752028123,0.001134402988722517,29.7,45.4,52.861952861952865,0.06352656736846095
m36_credibility,36,credibility,2.534288122793572,7.0,11.275,0.625,1.175,0.125,0.2249999999999999,0.7375,0.4875,0.875,fake_repost_share_all,10,0.00018950000000000217,5.560500576986567e-05,6.371273791026504e-05,0.00031528726208973927,1.0776936506077488,0.007774606968528393,0.128658,0.1288475,0.14728971381492187,0.45092720417464677
m36_credibility,36,credibility,2.534288122793572,7.0,11.275,0.625,1.175,0.125,0.2249999999999999,0.7375,0.4875,0.875,fake_repost_share_final100,10,0.0,0.0,0.0,0.0,,,0.134008,0.134008,0.0,
m36_credibility,36,credibility,2.534288122793572,7.0,11.275,0.625,1.175,0.125,0.2249999999999999,0.7375,0.4875,0.875,target_share_all,10,0.0003565,8.564477671042042e-05,0.00016275805490826954,0.0005502419450917305,1.316311430949019,0.0024384827883287036,0.000678,0.0010345000000000003,52.5811209439528,0.10017333104922103
m36_credibility,36,credibility,2.534288122793572,7.0,11.275,0.625,1.175,0.125,0.2249999999999999,0.7375,0.4875,0.875,target_share_final100,10,0.0,0.0,0.0,0.0,,,0.0,0.0,,
m36_credibility,36,credibility,2.534288122793572,7.0,11.275,0.625,1.175,0.125,0.2249999999999999,0.7375,0.4875,0.875,fake_repost_share_decisions,10,0.00018953774512634884,5.561636700433996e-05,6.372478213866747e-05,0.00031535070811403024,1.0776881149481947,0.007774822471257566,0.12868318548655355,0.12887272323167992,0.14729021853920002,0.4509397033329388
m36_credibility,36,credibility,2.534288122793572,7.0,11.275,0.625,1.175,0.125,0.2249999999999999,0.7375,0.4875,0.875,target_share_decisions,10,0.00035657018156305366,8.566215088363566e-05,0.0001627889333609367,0.0005503514297651706,1.3163035340669131,0.002438573276263409,0.0006781328540913699,0.0010347030356544235,52.58116892755801,0.10016465136811986
m36_credibility,36,credibility,2.534288122793572,7.0,11.275,0.625,1.175,0.125,0.2249999999999999,0.7375,0.4875,0.875,participation_rate,10,0.0,0.0,0.0,0.0,,,0.9998035,0.9998035,0.0,
m36_credibility,36,credibility,2.534288122793572,7.0,11.275,0.625,1.175,0.125,0.2249999999999999,0.7375,0.4875,0.875,cumulative_fake_reposts,10,37.9,11.121001153972903,12.742547582053092,63.057452417946905,1.0776936506077588,0.007774606968528003,25731.6,25769.5,0.14728971381492018,0.4509272041746242
m36_credibility,36,credibility,2.534288122793572,7.0,11.275,0.625,1.175,0.125,0.2249999999999999,0.7375,0.4875,0.875,target_unique_reposters_p400,10,0.8,0.5333333333333333,-0.4064838201590426,2.0064838201590427,0.47434164902525694,0.16785065605707505,30.8,31.6,2.5974025974025974,1.0
m36_combined,36,combined,2.534288122793572,7.0,11.275,0.625,1.175,0.125,0.2249999999999999,0.7375,0.4875,0.875,fake_repost_share_all,10,0.002171000000000005,0.00036293081679264743,0.0013499934531923147,0.0029920065468076952,1.8916290605732464,0.0002070601436256479,0.128658,0.130829,1.6874193598532583,0.013207724544422345
m36_combined,36,combined,2.534288122793572,7.0,11.275,0.625,1.175,0.125,0.2249999999999999,0.7375,0.4875,0.875,fake_repost_share_final100,10,9.599999999999609e-05,6.337191807101846e-05,-4.735723838461931e-05,0.00023935723838461147,0.4790428704334673,0.16410734624522968,0.134008,0.134104,0.07163751417825509,1.0
m36_combined,36,combined,2.534288122793572,7.0,11.275,0.625,1.175,0.125,0.2249999999999999,0.7375,0.4875,0.875,target_share_all,10,0.0034125,0.0005243351610478846,0.0022263714597285777,0.004598628540271423,2.0580867576681716,0.00011038811941404727,0.000678,0.0040905,503.31858407079653,0.006954451523084978
m36_combined,36,combined,2.534288122793572,7.0,11.275,0.625,1.175,0.125,0.2249999999999999,0.7375,0.4875,0.875,target_share_final100,10,0.00016400000000000003,0.00011094743500114518,-8.698053478192882e-05,0.0004149805347819289,0.46744076261182715,0.17348146222020158,0.0,0.00016400000000000003,,1.0
m36_combined,36,combined,2.534288122793572,7.0,11.275,0.625,1.175,0.125,0.2249999999999999,0.7375,0.4875,0.875,fake_repost_share_decisions,10,0.002171429219221678,0.0003630075035459541,0.0013502491949257032,0.002992609243517653,1.8916033535136854,0.00020708082800807118,0.12868318548655355,0.13085461470577522,1.6874226504507663,0.013204724438283678
m36_combined,36,combined,2.534288122793572,7.0,11.275,0.625,1.175,0.125,0.2249999999999999,0.7375,0.4875,0.875,target_share_decisions,10,0.0034131703696016003,0.0005244410854841807,0.0022268022116078952,0.004599538527595305,2.0580752936576254,0.0001103927694117468,0.0006781328540913699,0.0040913032236929705,503.3188333243206,0.006954744472940048
m36_combined,36,combined,2.534288122793572,7.0,11.275,0.625,1.175,0.125,0.2249999999999999,0.7375,0.4875,0.875,participation_rate,10,0.0,0.0,0.0,0.0,,,0.9998035,0.9998035,0.0,
m36_combined,36,combined,2.534288122793572,7.0,11.275,0.625,1.175,0.125,0.2249999999999999,0.7375,0.4875,0.875,cumulative_fake_reposts,10,434.2,72.58616335852936,269.9986906384622,598.4013093615378,1.891629060573245,0.00020706014362564907,25731.6,26165.8,1.6874193598532545,0.013207724544422003
m36_combined,36,combined,2.534288122793572,7.0,11.275,0.625,1.175,0.125,0.2249999999999999,0.7375,0.4875,0.875,target_unique_reposters_p400,10,27.1,5.384029882697325,14.920478236136669,39.279521763863336,1.5917022464152761,0.0007060895093708435,30.8,57.9,87.98701298701299,0.04236537056225061
m37_credibility,37,credibility,2.534288122793572,7.0,11.275,0.8125,1.175,0.125,0.2249999999999999,0.7375,0.4875,0.875,fake_repost_share_all,10,0.00018800000000000343,4.9783977788485624e-05,7.538081805319394e-05,0.00030061918194681294,1.1941757700389461,0.0043737377937123675,0.1281175,0.1283055,0.1467402969929974,0.2842929565913039
m37_credibility,37,credibility,2.534288122793572,7.0,11.275,0.8125,1.175,0.125,0.2249999999999999,0.7375,0.4875,0.875,fake_repost_share_final100,10,0.0,0.0,0.0,0.0,,,0.134002,0.134002,0.0,
m37_credibility,37,credibility,2.534288122793572,7.0,11.275,0.8125,1.175,0.125,0.2249999999999999,0.7375,0.4875,0.875,target_share_all,10,0.00033649999999999994,7.843627987098825e-05,0.00015906480766659923,0.0005139351923334006,1.3566508182143497,0.0020197562259881936,0.0006515,0.000988,51.65003837298541,0.08886927394348051
m37_credibility,37,credibility,2.534288122793572,7.0,11.275,0.8125,1.175,0.125,0.2249999999999999,0.7375,0.4875,0.875,target_share_final100,10,0.0,0.0,0.0,0.0,,,0.0,0.0,,
m37_credibility,37,credibility,2.534288122793572,7.0,11.275,0.8125,1.175,0.125,0.2249999999999999,0.7375,0.4875,0.875,fake_repost_share_decisions,10,0.00018803734252735848,4.979401808095305e-05,7.539544786102721e-05,0.00030067923719368975,1.1941721324536945,0.004373815209575528,0.12814258274667106,0.12833062008919843,0.14674071530077956,0.2842979886224093
m37_credibility,37,credibility,2.534288122793572,7.0,11.275,0.8125,1.175,0.125,0.2249999999999999,0.7375,0.4875,0.875,target_share_decisions,10,0.0003365665408900524,7.845244263815862e-05,0.0001590947858371266,0.0005140382959429782,1.3566395355280947,0.0020198620021503917,0.0006516274604878556,0.0009881940013779082,51.6501469471643,0.08887392809461724
m37_credibility,37,credibility,2.534288122793572,7.0,11.275,0.8125,1.175,0.125,0.2249999999999999,0.7375,0.4875,0.875,participation_rate,10,0.0,0.0,0.0,0.0,,,0.9998035,0.9998035,0.0,
m37_credibility,37,credibility,2.534288122793572,7.0,11.275,0.8125,1.175,0.125,0.2249999999999999,0.7375,0.4875,0.875,cumulative_fake_reposts,10,37.6,9.956795557697152,15.07616361063804,60.12383638936196,1.194175770038921,0.004373737793712909,25623.5,25661.1,0.1467402969929947,0.2842929565913391
m37_credibility,37,credibility,2.534288122793572,7.0,11.275,0.8125,1.175,0.125,0.2249999999999999,0.7375,0.4875,0.875,target_unique_reposters_p400,10,0.7,0.42295258468165065,-0.25678521896161033,1.6567852189616104,0.5233670255931882,0.13230296093397706,30.8,31.5,2.2727272727272725,1.0
m37_combined,37,combined,2.534288122793572,7.0,11.275,0.8125,1.175,0.125,0.2249999999999999,0.7375,0.4875,0.875,fake_repost_share_all,10,0.001659000000000002,0.00023202825498441207,0.0011341156210154459,0.0021838843789845582,2.261025769715759,5.366425916574637e-05,0.1281175,0.12977650000000002,1.2949050676137157,0.004132147955762471
m37_combined,37,combined,2.534288122793572,7.0,11.275,0.8125,1.175,0.125,0.2249999999999999,0.7375,0.4875,0.875,fake_repost_share_final100,10,7.999999999999674e-06,6.110100926608042e-06,-5.8220085765466565e-06,2.1822008576546004e-05,0.41403933560537837,0.22286835013355535,0.134002,0.13401000000000002,0.005970060148355751,1.0
m37_combined,37,combined,2.534288122793572,7.0,11.275,0.8125,1.175,0.125,0.2249999999999999,0.7375,0.4875,0.875,target_share_all,10,0.002617,0.0003443013860623341,0.0018381361533577408,0.003395863846642259,2.4036152544452367,3.32356346640522e-05,0.0006515,0.0032685000000000006,401.68841135840376,0.0026256151384601236
m37_combined,37,combined,2.534288122793572,7.0,11.275,0.8125,1.175,0.125,0.2249999999999999,0.7375,0.4875,0.875,target_share_final100,10,0.0,0.0,0.0,0.0,,,0.0,0.0,,
m37_combined,37,combined,2.534288122793572,7.0,11.275,0.8125,1.175,0.125,0.2249999999999999,0.7375,0.4875,0.875,fake_repost_share_decisions,10,0.0016593322128804627,0.000232085339445681,0.0011343186998729626,0.002184345725887963,2.2609222969974625,5.368335079753287e-05,0.12814258274667106,0.12980191495955154,1.2949108542324659,0.004133618011410031
m37_combined,37,combined,2.534288122793572,7.0,11.275,0.8125,1.175,0.125,0.2249999999999999,0.7375,0.4875,0.875,target_share_decisions,10,0.002617522586506403,0.0003443857751370614,0.0018384678385142876,0.0033965773344985187,2.4035061253621968,3.324755018815827e-05,0.0006516274604878556,0.003269150046994259,401.6900369034073,0.0026265564648645036
m37_combined,37,combined,2.534288122793572,7.0,11.275,0.8125,1.175,0.125,0.2249999999999999,0.7375,0.4875,0.875,participation_rate,10,0.0,0.0,0.0,0.0,,,0.9998035,0.9998035,0.0,
m37_combined,37,combined,2.534288122793572,7.0,11.275,0.8125,1.175,0.125,0.2249999999999999,0.7375,0.4875,0.875,cumulative_fake_reposts,10,331.8,46.40565099688231,226.82312420308904,436.776875796911,2.2610257697157614,5.3664259165746e-05,25623.5,25955.3,1.294905067613714,0.004132147955762442
m37_combined,37,combined,2.534288122793572,7.0,11.275,0.8125,1.175,0.125,0.2249999999999999,0.7375,0.4875,0.875,target_unique_reposters_p400,10,18.0,3.207629792991842,10.743837288178582,25.256162711821418,1.7745501057320923,0.00032934012868688435,30.8,48.8,58.44155844155844,0.0210777682359606
m38_credibility,38,credibility,2.534288122793572,7.0,11.275,0.8125,1.175,0.125,0.2624999999999999,0.7375,0.4875,0.875,fake_repost_share_all,10,0.0001874999999999974,5.035016274937875e-05,7.36000186884349e-05,0.0003013999813115599,1.177607040185543,0.004741801881406943,0.128846,0.12903350000000002,0.14552256181798226,0.29860970702147294
m38_credibility,38,credibility,2.534288122793572,7.0,11.275,0.8125,1.175,0.125,0.2624999999999999,0.7375,0.4875,0.875,fake_repost_share_final100,10,0.0,0.0,0.0,0.0,,,0.134004,0.134004,0.0,
m38_credibility,38,credibility,2.534288122793572,7.0,11.275,0.8125,1.175,0.125,0.2624999999999999,0.7375,0.4875,0.875,target_share_all,10,0.00034349999999999995,7.617614820634837e-05,0.00017117758070063136,0.0005158224192993685,1.425961277702556,0.0014692164922392428,0.0006580000000000001,0.0010015000000000002,52.203647416413354,0.07346082461196214
m38_credibility,38,credibility,2.534288122793572,7.0,11.275,0.8125,1.175,0.125,0.2624999999999999,0.7375,0.4875,0.875,target_share_final100,10,0.0,0.0,0.0,0.0,,,0.0,0.0,,
m38_credibility,38,credibility,2.534288122793572,7.0,11.275,0.8125,1.175,0.125,0.2624999999999999,0.7375,0.4875,0.875,fake_repost_share_decisions,10,0.000187537099950974,5.036023717684896e-05,7.361432870114867e-05,0.00030145987120079934,1.177604425382566,0.00474186247879096,0.12887123301555206,0.12905877011550304,0.14552285685692337,0.29857534429323
m38_credibility,38,credibility,2.534288122793572,7.0,11.275,0.8125,1.175,0.125,0.2624999999999999,0.7375,0.4875,0.875,target_share_decisions,10,0.0003435679986951791,7.619190438116948e-05,0.00017120993645208061,0.0005159260609382775,1.425948617306168,0.001469300970129774,0.0006581288958068021,0.0010016968945019812,52.203755356159846,0.0734650485064887
m38_credibility,38,credibility,2.534288122793572,7.0,11.275,0.8125,1.175,0.125,0.2624999999999999,0.7375,0.4875,0.875,participation_rate,10,0.0,0.0,0.0,0.0,,,0.9998035,0.9998035,0.0,
m38_credibility,38,credibility,2.534288122793572,7.0,11.275,0.8125,1.175,0.125,0.2624999999999999,0.7375,0.4875,0.875,cumulative_fake_reposts,10,37.5,10.070032549875673,14.720003737687673,60.27999626231232,1.1776070401855683,0.004741801881406353,25769.2,25806.7,0.14552256181798426,0.29860970702132
m38_credibility,38,credibility,2.534288122793572,7.0,11.275,0.8125,1.175,0.125,0.2624999999999999,0.7375,0.4875,0.875,target_unique_reposters_p400,10,0.7,0.42295258468165065,-0.25678521896161033,1.6567852189616104,0.5233670255931882,0.13230296093397706,30.9,31.6,2.2653721682847894,1.0
m38_combined,38,combined,2.534288122793572,7.0,11.275,0.8125,1.175,0.125,0.2624999999999999,0.7375,0.4875,0.875,fake_repost_share_all,10,0.0016834999999999962,0.00024184022503389088,0.00113641940268685,0.0022305805973131423,2.201327111793501,6.602032590760926e-05,0.128846,0.1305295,1.3065985750430718,0.004885504117163085
m38_combined,38,combined,2.534288122793572,7.0,11.275,0.8125,1.175,0.125,0.2624999999999999,0.7375,0.4875,0.875,fake_repost_share_final100,10,1.1999999999998123e-05,7.999999999998748e-06,-6.097257302384683e-06,3.009725730238093e-05,0.47434164902525694,0.16785065605707505,0.134004,0.134016,0.008954956568459242,1.0
m38_combined,38,combined,2.534288122793572,7.0,11.275,0.8125,1.175,0.125,0.2624999999999999,0.7375,0.4875,0.875,target_share_all,10,0.00266,0.0003655209372328151,0.0018331341936860743,0.003486865806313926,2.3012795490536186,4.6771190206448814e-05,0.0006580000000000001,0.003318,404.2553191489361,0.0033675256948643146
m38_combined,38,combined,2.534288122793572,7.0,11.275,0.8125,1.175,0.125,0.2624999999999999,0.7375,0.4875,0.875,target_share_final100,10,0.0,0.0,0.0,0.0,,,0.0,0.0,,
m38_combined,38,combined,2.534288122793572,7.0,11.275,0.8125,1.175,0.125,0.2624999999999999,0.7375,0.4875,0.875,fake_repost_share_decisions,10,0.0016838375515554047,0.00024189988681767516,0.0011366219899107259,0.0022310531132000836,2.2012254502002553,6.604385400403262e-05,0.12887123301555206,0.1305550705671075,1.3066046720855078,0.004887245196298413
m38_combined,38,combined,2.534288122793572,7.0,11.275,0.8125,1.175,0.125,0.2624999999999999,0.7375,0.4875,0.875,target_share_decisions,10,0.002660532213682124,0.00036561125696700535,0.0018334620899345575,0.0034876023374296903,2.301171373463637,4.678836186419941e-05,0.0006581288958068021,0.0033186611094889263,404.2570126662756,0.0033687620542223575
m38_combined,38,combined,2.534288122793572,7.0,11.275,0.8125,1.175,0.125,0.2624999999999999,0.7375,0.4875,0.875,participation_rate,10,0.0,0.0,0.0,0.0,,,0.9998035,0.9998035,0.0,
m38_combined,38,combined,2.534288122793572,7.0,11.275,0.8125,1.175,0.125,0.2624999999999999,0.7375,0.4875,0.875,cumulative_fake_reposts,10,336.7,48.36804500677878,227.28388053736944,446.11611946263054,2.2013271117934785,6.602032590761441e-05,25769.2,26105.9,1.3065985750430746,0.004885504117163466
m38_combined,38,combined,2.534288122793572,7.0,11.275,0.8125,1.175,0.125,0.2624999999999999,0.7375,0.4875,0.875,target_unique_reposters_p400,10,17.9,3.1356374506983773,10.806695280964362,24.993304719035635,1.8052077450601574,0.0002911335180025795,30.9,48.8,57.92880258899677,0.018923678670167667
m39_credibility,39,credibility,2.534288122793572,7.0,11.275,0.8125,1.175,0.125,0.2624999999999999,0.8,0.4875,0.875,fake_repost_share_all,10,0.00020950000000000553,5.2722807630516014e-05,9.023272307580187e-05,0.0003287672769242092,1.2565665592927164,0.0032369077147307206,0.1288965,0.129106,0.16253350556454638,0.22589922371434965
m39_credibility,39,credibility,2.534288122793572,7.0,11.275,0.8125,1.175,0.125,0.2624999999999999,0.8,0.4875,0.875,fake_repost_share_final100,10,0.0,0.0,0.0,0.0,,,0.134004,0.134004,0.0,
m39_credibility,39,credibility,2.534288122793572,7.0,11.275,0.8125,1.175,0.125,0.2624999999999999,0.8,0.4875,0.875,target_share_all,10,0.00034349999999999995,7.617614820634837e-05,0.00017117758070063136,0.0005158224192993685,1.425961277702556,0.0014692164922392428,0.0006580000000000001,0.0010015000000000002,52.203647416413354,0.07346082461196214
m39_credibility,39,credibility,2.534288122793572,7.0,11.275,0.8125,1.175,0.125,0.2624999999999999,0.8,0.4875,0.875,target_share_final100,10,0.0,0.0,0.0,0.0,,,0.0,0.0,,
m39_credibility,39,credibility,2.534288122793572,7.0,11.275,0.8125,1.175,0.125,0.2624999999999999,0.8,0.4875,0.875,fake_repost_share_decisions,10,0.00020954135829246573,5.273340708828726e-05,9.025010372894308e-05,0.0003288326128559884,1.2565620027172117,0.003236978250556307,0.12892174233229964,0.1291312836905921,0.16253376234426511,0.22590893866342215
m39_credibility,39,credibility,2.534288122793572,7.0,11.275,0.8125,1.175,0.125,0.2624999999999999,0.8,0.4875,0.875,target_share_decisions,10,0.0003435679986951791,7.619190438116948e-05,0.00017120993645208061,0.0005159260609382775,1.425948617306168,0.001469300970129774,0.0006581288958068021,0.0010016968945019812,52.203755356159846,0.0734650485064887
m39_credibility,39,credibility,2.534288122793572,7.0,11.275,0.8125,1.175,0.125,0.2624999999999999,0.8,0.4875,0.875,participation_rate,10,0.0,0.0,0.0,0.0,,,0.9998035,0.9998035,0.0,
m39_credibility,39,credibility,2.534288122793572,7.0,11.275,0.8125,1.175,0.125,0.2624999999999999,0.8,0.4875,0.875,cumulative_fake_reposts,10,41.9,10.544561526103289,18.046544615159075,65.75345538484092,1.2565665592926731,0.003236907714731389,25779.3,25821.2,0.1625335055645421,0.22589922371437945
m39_credibility,39,credibility,2.534288122793572,7.0,11.275,0.8125,1.175,0.125,0.2624999999999999,0.8,0.4875,0.875,target_unique_reposters_p400,10,0.7,0.42295258468165065,-0.25678521896161033,1.6567852189616104,0.5233670255931882,0.13230296093397706,30.9,31.6,2.2653721682847894,1.0
m39_combined,39,combined,2.534288122793572,7.0,11.275,0.8125,1.175,0.125,0.2624999999999999,0.8,0.4875,0.875,fake_repost_share_all,10,0.0018830000000000055,0.0002529242310785308,0.0013108456390204788,0.002455154360979532,2.354289586531641,3.913069994100487e-05,0.1288965,0.1307795,1.4608620094416882,0.0030913252953393847
m39_combined,39,combined,2.534288122793572,7.0,11.275,0.8125,1.175,0.125,0.2624999999999999,0.8,0.4875,0.875,fake_repost_share_final100,10,1.1999999999998123e-05,7.999999999998748e-06,-6.097257302384683e-06,3.009725730238093e-05,0.47434164902525694,0.16785065605707505,0.134004,0.134016,0.008954956568459242,1.0
m39_combined,39,combined,2.534288122793572,7.0,11.275,0.8125,1.175,0.125,0.2624999999999999,0.8,0.4875,0.875,target_share_all,10,0.0027285,0.0003677582614828509,0.0018965730146083537,0.003560426985391646,2.346181037777114,4.0205132720971256e-05,0.0006580000000000001,0.0033864999999999998,414.6656534954407,0.002975179821351873
m39_combined,39,combined,2.534288122793572,7.0,11.275,0.8125,1.175,0.125,0.2624999999999999,0.8,0.4875,0.875,target_share_final100,10,0.0,0.0,0.0,0.0,,,0.0,0.0,,
m39_combined,39,combined,2.534288122793572,7.0,11.275,0.8125,1.175,0.125,0.2624999999999999,0.8,0.4875,0.875,fake_repost_share_decisions,10,0.001883376189197933,0.0002529857025419397,0.001311082770107148,0.0024556696082887177,2.3541877619769194,3.914399572771237e-05,0.12892174233229964,0.13080511852149754,1.4608677753853765,0.003092375662489277
m39_combined,39,combined,2.534288122793572,7.0,11.275,0.8125,1.175,0.125,0.2624999999999999,0.8,0.4875,0.875,target_share_decisions,10,0.002729044115778824,0.00036784715000045144,0.0018969160505903971,0.0035611721809672508,2.346081855175649,4.021847344472674e-05,0.0006581288958068021,0.003387173011585626,414.66711660385016,0.002976167034909779
m39_combined,39,combined,2.534288122793572,7.0,11.275,0.8125,1.175,0.125,0.2624999999999999,0.8,0.4875,0.875,participation_rate,10,0.0,0.0,0.0,0.0,,,0.9998035,0.9998035,0.0,
m39_combined,39,combined,2.534288122793572,7.0,11.275,0.8125,1.175,0.125,0.2624999999999999,0.8,0.4875,0.875,cumulative_fake_reposts,10,376.6,50.5848462157064,262.1691278040941,491.03087219590594,2.354289586531623,3.9130699941007226e-05,25779.3,26155.9,1.460862009441684,0.0030913252953395707
m39_combined,39,combined,2.534288122793572,7.0,11.275,0.8125,1.175,0.125,0.2624999999999999,0.8,0.4875,0.875,target_unique_reposters_p400,10,19.8,3.3691410049315405,12.178473543216974,27.421526456783027,1.8584291242095456,0.00023574299832462413,30.9,50.7,64.07766990291263,0.01619853226096743
m40_credibility,40,credibility,2.534288122793572,7.0,11.275,0.8125,1.175,0.125,0.2624999999999999,0.8,0.55,0.875,fake_repost_share_all,10,0.00018900000000000305,6.094077270414095e-05,5.114239452087328e-05,0.0003268576054791328,0.9807399073743962,0.012694323522885456,0.12961850000000003,0.12980750000000002,0.14581251904628043,0.6971542117949017
m40_credibility,40,credibility,2.534288122793572,7.0,11.275,0.8125,1.175,0.125,0.2624999999999999,0.8,0.55,0.875,fake_repost_share_final100,10,-5.999999999999062e-06,5.999999999999061e-06,-1.957294297678617e-05,7.572942976788044e-06,-0.31622776601683794,0.3434363961379136,0.134022,0.134016,-0.004476876930652476,1.0
m40_credibility,40,credibility,2.534288122793572,7.0,11.275,0.8125,1.175,0.125,0.2624999999999999,0.8,0.55,0.875,target_share_all,10,0.0003285,8.041575992580336e-05,0.00014658691268198309,0.0005104130873180169,1.2917967974483886,0.0027373601656160923,0.000711,0.0010395,46.20253164556962,0.10017333104922103
m40_credibility,40,credibility,2.534288122793572,7.0,11.275,0.8125,1.175,0.125,0.2624999999999999,0.8,0.55,0.875,target_share_final100,10,-2.0000000000000003e-06,2e-06,-6.52431432559641e-06,2.5243143255964093e-06,-0.316227766016838,0.3434363961379133,2.0000000000000003e-06,0.0,-100.0,1.0
m40_credibility,40,credibility,2.534288122793572,7.0,11.275,0.8125,1.175,0.125,0.2624999999999999,0.8,0.55,0.875,fake_repost_share_decisions,10,0.0001890373500051723,6.095301691472028e-05,5.1152046197377684e-05,0.0003269226538129669,0.9807366708282163,0.012694533163059721,0.1296438886423581,0.12983292599236326,0.1458127737333303,0.6971957922690166
m40_credibility,40,credibility,2.534288122793572,7.0,11.275,0.8125,1.175,0.125,0.2624999999999999,0.8,0.55,0.875,target_share_decisions,10,0.0003285647830047555,8.043226079884682e-05,0.00014661436811859088,0.00051051519789092,1.2917864833023642,0.00273749381224581,0.0007111401081819309,0.0010397048911866863,46.20253860308197,0.10016465136811986
m40_credibility,40,credibility,2.534288122793572,7.0,11.275,0.8125,1.175,0.125,0.2624999999999999,0.8,0.55,0.875,participation_rate,10,0.0,0.0,0.0,0.0,,,0.9998035,0.9998035,0.0,
m40_credibility,40,credibility,2.534288122793572,7.0,11.275,0.8125,1.175,0.125,0.2624999999999999,0.8,0.55,0.875,cumulative_fake_reposts,10,37.8,12.1881545408282,10.228478904174018,65.37152109582598,0.9807399073743794,0.012694323522886535,25923.7,25961.5,0.1458125190462781,0.697154211794919
m40_credibility,40,credibility,2.534288122793572,7.0,11.275,0.8125,1.175,0.125,0.2624999999999999,0.8,0.55,0.875,target_unique_reposters_p400,10,0.7,0.42295258468165065,-0.25678521896161033,1.6567852189616104,0.5233670255931882,0.13230296093397706,32.0,32.7,2.1875,1.0
m40_combined,40,combined,2.534288122793572,7.0,11.275,0.8125,1.175,0.125,0.2624999999999999,0.8,0.55,0.875,fake_repost_share_all,10,0.0018650000000000014,0.0002506181247325175,0.001298062414009283,0.00243193758599072,2.353240749250893,3.9267889621065916e-05,0.12961850000000003,0.1314835,1.4388378202185652,0.0030913252953393847
m40_combined,40,combined,2.534288122793572,7.0,11.275,0.8125,1.175,0.125,0.2624999999999999,0.8,0.55,0.875,fake_repost_share_final100,10,5.999999999999062e-06,1.0770329614267325e-05,-1.8364178282613393e-05,3.0364178282611516e-05,0.17616606585441102,0.5910512317836047,0.134022,0.134028,0.004476876930652476,1.0
m40_combined,40,combined,2.534288122793572,7.0,11.275,0.8125,1.175,0.125,0.2624999999999999,0.8,0.55,0.875,target_share_all,10,0.0027285,0.0003622438175225814,0.0019090475535119265,0.0035479524464880736,2.3818969926882345,3.5701885893624676e-05,0.000711,0.0034394999999999994,383.75527426160335,0.0027490452138091
m40_combined,40,combined,2.534288122793572,7.0,11.275,0.8125,1.175,0.125,0.2624999999999999,0.8,0.55,0.875,target_share_final100,10,-2.0000000000000003e-06,2e-06,-6.52431432559641e-06,2.5243143255964093e-06,-0.316227766016838,0.3434363961379133,2.0000000000000003e-06,0.0,-100.0,1.0
m40_combined,40,combined,2.534288122793572,7.0,11.275,0.8125,1.175,0.125,0.2624999999999999,0.8,0.55,0.875,fake_repost_share_decisions,10,0.0018653732487426342,0.0002506794538511249,0.00129829692664697,0.0024324495708382982,2.35313587202794,3.928163668407017e-05,0.1296438886423581,0.13150926189110074,1.4388439503604702,0.003092375662489277
m40_combined,40,combined,2.534288122793572,7.0,11.275,0.8125,1.175,0.125,0.2624999999999999,0.8,0.55,0.875,target_share_decisions,10,0.002729044816051454,0.00036233149423548454,0.0019093940310592763,0.003548695601043632,2.3817961156280485,3.571379896757734e-05,0.0007111401081819309,0.0034401849242333845,383.75627877724526,0.0027499625205034553
m40_combined,40,combined,2.534288122793572,7.0,11.275,0.8125,1.175,0.125,0.2624999999999999,0.8,0.55,0.875,participation_rate,10,0.0,0.0,0.0,0.0,,,0.9998035,0.9998035,0.0,
m40_combined,40,combined,2.534288122793572,7.0,11.275,0.8125,1.175,0.125,0.2624999999999999,0.8,0.55,0.875,cumulative_fake_reposts,10,373.0,50.12362494650379,259.61248280185566,486.38751719814434,2.3532407492508773,3.9267889621068024e-05,25923.7,26296.7,1.4388378202185645,0.0030913252953395707
m40_combined,40,combined,2.534288122793572,7.0,11.275,0.8125,1.175,0.125,0.2624999999999999,0.8,0.55,0.875,target_unique_reposters_p400,10,20.0,3.460892627311309,12.170916953452224,27.829083046547776,1.8274347116195182,0.0002664485938425157,32.0,52.0,62.5,0.017852055787448553
m41_credibility,41,credibility,2.534288122793572,7.0,14.7,0.8125,1.175,0.125,0.2624999999999999,0.8,0.55,0.875,fake_repost_share_all,10,0.00024100000000001342,4.0884661617233104e-05,0.0001485124698740087,0.0003334875301260181,1.8640460406290578,0.00023060141860471224,0.1409485,0.1411895,0.17098443757827392,0.019831722000005252
m41_credibility,41,credibility,2.534288122793572,7.0,14.7,0.8125,1.175,0.125,0.2624999999999999,0.8,0.55,0.875,fake_repost_share_final100,10,0.0,0.0,0.0,0.0,,,0.142046,0.142046,0.0,
m41_credibility,41,credibility,2.534288122793572,7.0,14.7,0.8125,1.175,0.125,0.2624999999999999,0.8,0.55,0.875,target_share_all,10,0.00039949999999999995,6.398979953433552e-05,0.0002547450166373816,0.0005442549833626183,1.974267671458155,0.00015085793767022327,0.0009479999999999998,0.0013475,42.141350210970465,0.011163487387596522
m41_credibility,41,credibility,2.534288122793572,7.0,14.7,0.8125,1.175,0.125,0.2624999999999999,0.8,0.55,0.875,target_share_final100,10,0.0,0.0,0.0,0.0,,,0.0,0.0,,
m41_credibility,41,credibility,2.534288122793572,7.0,14.7,0.8125,1.175,0.125,0.2624999999999999,0.8,0.55,0.875,fake_repost_share_decisions,10,0.00024104543373460602,4.0892489755939485e-05,0.0001485401951285553,0.00033355067234065673,1.8640405481151403,0.00023060638640662044,0.14097488227318672,0.14121592770692132,0.17098466751509578,0.01983214923096936
m41_credibility,41,credibility,2.534288122793572,7.0,14.7,0.8125,1.175,0.125,0.2624999999999999,0.8,0.55,0.875,target_share_decisions,10,0.00039957401900137733,6.400076423654796e-05,0.00025479423175911117,0.0005443538062436435,1.9742951649789617,0.00015084226515033546,0.000948174465295031,0.0013477484842964083,42.14140262436272,0.011162327621124825
m41_credibility,41,credibility,2.534288122793572,7.0,14.7,0.8125,1.175,0.125,0.2624999999999999,0.8,0.55,0.875,participation_rate,10,0.0,0.0,0.0,0.0,,,0.9998140000000001,0.9998140000000001,0.0,
m41_credibility,41,credibility,2.534288122793572,7.0,14.7,0.8125,1.175,0.125,0.2624999999999999,0.8,0.55,0.875,cumulative_fake_reposts,10,48.2,8.17693232344638,29.70249397479961,66.6975060252004,1.8640460406290091,0.00023060141860475628,28189.7,28237.9,0.1709844375782644,0.01983172200000904
m41_credibility,41,credibility,2.534288122793572,7.0,14.7,0.8125,1.175,0.125,0.2624999999999999,0.8,0.55,0.875,target_unique_reposters_p400,10,1.2,0.44221663871405326,0.1996364632244585,2.2003635367755416,0.8581163303210331,0.023856384540122053,44.9,46.1,2.6726057906458798,1.0
m41_combined,41,combined,2.534288122793572,7.0,14.7,0.8125,1.175,0.125,0.2624999999999999,0.8,0.55,0.875,fake_repost_share_all,10,0.0028615000000000042,0.0003823487718475538,0.0019965669870779636,0.003726433012922045,2.366650082553344,3.755287913993953e-05,0.1409485,0.14381,2.030174141619105,0.0030042303311951625
m41_combined,41,combined,2.534288122793572,7.0,14.7,0.8125,1.175,0.125,0.2624999999999999,0.8,0.55,0.875,fake_repost_share_final100,10,8.399999999999796e-05,6.0133185513490354e-05,-5.20307163312175e-05,0.00022003071633121344,0.44173832000725344,0.19592891290542994,0.142046,0.14212999999999998,0.05913577291863056,1.0
m41_combined,41,combined,2.534288122793572,7.0,14.7,0.8125,1.175,0.125,0.2624999999999999,0.8,0.55,0.875,target_share_all,10,0.00406,0.0005235116469042923,0.0028757343781471707,0.005244265621852829,2.452447309664306,2.8345045399078388e-05,0.0009479999999999998,0.005008,428.2700421940929,0.002288602905096076
m41_combined,41,combined,2.534288122793572,7.0,14.7,0.8125,1.175,0.125,0.2624999999999999,0.8,0.55,0.875,target_share_final100,10,0.00010600000000000002,6.889928237007343e-05,-4.986100512511766e-05,0.0002618610051251177,0.4865093226623269,0.15831370350726376,0.0,0.00010600000000000002,,1.0
m41_combined,41,combined,2.534288122793572,7.0,14.7,0.8125,1.175,0.125,0.2624999999999999,0.8,0.55,0.875,fake_repost_share_decisions,10,0.0028620333716073364,0.00038242041434423775,0.0019969382920982616,0.0037271284511164113,2.3666477662312686,3.7553168209521444e-05,0.14097488227318672,0.14383691564479406,2.0301725565985396,0.0030042534567617154
m41_combined,41,combined,2.534288122793572,7.0,14.7,0.8125,1.175,0.125,0.2624999999999999,0.8,0.55,0.875,target_share_decisions,10,0.004060754405830689,0.0005236070443684239,0.0028762729799210614,0.005245235831740316,2.452456107896301,2.83442387237809e-05,0.000948174465295031,0.0050089288711257195,428.2708039988355,0.002289190724513961
m41_combined,41,combined,2.534288122793572,7.0,14.7,0.8125,1.175,0.125,0.2624999999999999,0.8,0.55,0.875,participation_rate,10,0.0,0.0,0.0,0.0,,,0.9998140000000001,0.9998140000000001,0.0,
m41_combined,41,combined,2.534288122793572,7.0,14.7,0.8125,1.175,0.125,0.2624999999999999,0.8,0.55,0.875,cumulative_fake_reposts,10,572.3,76.46975436951091,399.31339741559157,745.2866025844083,2.366650082553336,3.7552879139940577e-05,28189.7,28762.0,2.030174141619102,0.0030042303311952462
m41_combined,41,combined,2.534288122793572,7.0,14.7,0.8125,1.175,0.125,0.2624999999999999,0.8,0.55,0.875,target_unique_reposters_p400,10,29.2,4.122566622330749,19.874106386181694,38.525893613818305,2.2398305748837566,5.773461495405397e-05,44.9,74.1,65.03340757238307,0.004272361506599993
m42_credibility,42,credibility,5.000000000000001,7.0,14.7,0.8125,1.175,0.125,0.2624999999999999,0.8,0.55,0.875,fake_repost_share_all,10,0.0003265000000000046,4.391310864777183e-05,0.00022716164673171173,0.0004258383532682974,2.3511969155419354,3.953674250895534e-05,0.1444595,0.144786,0.22601490383118075,0.0034792333407880696
m42_credibility,42,credibility,5.000000000000001,7.0,14.7,0.8125,1.175,0.125,0.2624999999999999,0.8,0.55,0.875,fake_repost_share_final100,10,-1.000000000000445e-05,3.17280107581063e-05,-8.177374679779311e-05,6.177374679778422e-05,-0.09966832412781647,0.7598110243921118,0.142488,0.14247800000000002,-0.007018134860482602,1.0
m42_credibility,42,credibility,5.000000000000001,7.0,14.7,0.8125,1.175,0.125,0.2624999999999999,0.8,0.55,0.875,target_share_all,10,0.0005439999999999999,5.920679390445363e-05,0.000410064927082723,0.0006779350729172768,2.9055433231323744,7.206454300479894e-06,0.001288,0.0018319999999999999,42.23602484472049,0.0006341679784422307
m42_credibility,42,credibility,5.000000000000001,7.0,14.7,0.8125,1.175,0.125,0.2624999999999999,0.8,0.55,0.875,target_share_final100,10,9.999999999999999e-06,4.219004621945797e-05,-8.544051525413417e-05,0.00010544051525413417,0.07495316889958613,0.8179462450399672,0.00012000000000000002,0.00013,8.333333333333332,1.0
m42_credibility,42,credibility,5.000000000000001,7.0,14.7,0.8125,1.175,0.125,0.2624999999999999,0.8,0.55,0.875,fake_repost_share_decisions,10,0.00032655873827323325,4.392059466726433e-05,0.00022720345045232462,0.0004259140260941419,2.351219082067451,3.95338158565869e-05,0.14448653781830056,0.1448130965565738,0.22601326269157204,0.003478975795379647
m42_credibility,42,credibility,5.000000000000001,7.0,14.7,0.8125,1.175,0.125,0.2624999999999999,0.8,0.55,0.875,target_share_decisions,10,0.0005440996811542514,5.921576684005029e-05,0.00041014431004644325,0.0006780550522620596,2.9056353711780556,7.204580065106379e-06,0.0012882389152897415,0.0018323385964439931,42.23592958545864,0.0006340030457293613
m42_credibility,42,credibility,5.000000000000001,7.0,14.7,0.8125,1.175,0.125,0.2624999999999999,0.8,0.55,0.875,participation_rate,10,0.0,0.0,0.0,0.0,,,0.9998140000000001,0.9998140000000001,0.0,
m42_credibility,42,credibility,5.000000000000001,7.0,14.7,0.8125,1.175,0.125,0.2624999999999999,0.8,0.55,0.875,cumulative_fake_reposts,10,65.3,8.782621729554588,45.43232934634093,85.16767065365906,2.351196915541843,3.953674250896757e-05,28891.9,28957.2,0.22601490383117756,0.003479233340789146
m42_credibility,42,credibility,5.000000000000001,7.0,14.7,0.8125,1.175,0.125,0.2624999999999999,0.8,0.55,0.875,target_unique_reposters_p400,10,1.0,0.4714045207910317,-0.0663911132828876,2.0663911132828874,0.6708203932499369,0.06290250798993907,48.9,49.9,2.044989775051125,1.0
m42_combined,42,combined,5.000000000000001,7.0,14.7,0.8125,1.175,0.125,0.2624999999999999,0.8,0.55,0.875,fake_repost_share_all,10,0.00403700000000001,0.00036086716546551007,0.0032206617568235215,0.0048533382431764985,3.5376216336090858,1.3964475835874017e-06,0.1444595,0.1484965,2.794554875241857,0.00012149093977210394
m42_combined,42,combined,5.000000000000001,7.0,14.7,0.8125,1.175,0.125,0.2624999999999999,0.8,0.55,0.875,fake_repost_share_final100,10,0.0005480000000000027,0.00020546316241874368,8.321003544327073e-05,0.0010127899645567347,0.8434252336876285,0.02574261544262667,0.142488,0.143036,0.3845937903542773,1.0
m42_combined,42,combined,5.000000000000001,7.0,14.7,0.8125,1.175,0.125,0.2624999999999999,0.8,0.55,0.875,target_share_all,10,0.006111,0.0006511023985006763,0.004638104045516604,0.007583895954483396,2.9679937941848777,6.049958448613824e-06,0.001288,0.007399,474.4565217391304,0.0005142464681321751
m42_combined,42,combined,5.000000000000001,7.0,14.7,0.8125,1.175,0.125,0.2624999999999999,0.8,0.55,0.875,target_share_final100,10,0.000848,0.00033694312081813846,8.578170578566716e-05,0.0016102182942143329,0.7958647291303974,0.03294411620243917,0.00012000000000000002,0.0009680000000000001,706.6666666666665,1.0
m42_combined,42,combined,5.000000000000001,7.0,14.7,0.8125,1.175,0.125,0.2624999999999999,0.8,0.55,0.875,fake_repost_share_decisions,10,0.004037756422206636,0.0003609342051266107,0.003221266524780597,0.004854246319632675,3.537627287684311,1.3964287229639412e-06,0.14448653781830056,0.1485242942405072,2.7945554535221317,0.00012148929889786288
m42_combined,42,combined,5.000000000000001,7.0,14.7,0.8125,1.175,0.125,0.2624999999999999,0.8,0.55,0.875,target_share_decisions,10,0.00611214472142368,0.0006512223778168644,0.004638977354870782,0.007585312087976579,2.9680028461352497,6.049806400911384e-06,0.0012882389152897415,0.0074003836367134215,474.45738898898117,0.0005142335440774677
m42_combined,42,combined,5.000000000000001,7.0,14.7,0.8125,1.175,0.125,0.2624999999999999,0.8,0.55,0.875,participation_rate,10,0.0,0.0,0.0,0.0,,,0.9998140000000001,0.9998140000000001,0.0,
m42_combined,42,combined,5.000000000000001,7.0,14.7,0.8125,1.175,0.125,0.2624999999999999,0.8,0.55,0.875,cumulative_fake_reposts,10,807.4,72.1734330931018,644.1323513647027,970.6676486352973,3.5376216336090867,1.3964475835874017e-06,28891.9,29699.3,2.7945548752418494,0.00012149093977210394
m42_combined,42,combined,5.000000000000001,7.0,14.7,0.8125,1.175,0.125,0.2624999999999999,0.8,0.55,0.875,target_unique_reposters_p400,10,13.8,2.33238075793812,8.523788162057578,19.076211837942424,1.8710251986859094,0.00022438193685852604,48.9,62.7,28.220858895705526,0.015931117516955348
m43_credibility,43,credibility,5.000000000000001,8.0,14.7,0.8125,1.175,0.125,0.2624999999999999,0.8,0.55,0.875,fake_repost_share_all,10,0.0003070000000000059,5.616048432839737e-05,0.00017995615811030544,0.00043404384188970634,1.728651832834745,0.0003970712854783151,0.13145149999999997,0.1317585,0.23354621286178245,0.03335398798017847
m43_credibility,43,credibility,5.000000000000001,8.0,14.7,0.8125,1.175,0.125,0.2624999999999999,0.8,0.55,0.875,fake_repost_share_final100,10,-2.400000000000041e-05,1.4847371634212121e-05,-5.758708809106025e-05,9.587088091059429e-06,-0.5111656508224107,0.14045297087825842,0.117472,0.117448,-0.020430400435848893,1.0
m43_credibility,43,credibility,5.000000000000001,8.0,14.7,0.8125,1.175,0.125,0.2624999999999999,0.8,0.55,0.875,target_share_all,10,0.0005515,7.325393428948978e-05,0.00038578808784388166,0.0007172119121561184,2.3807542168190188,3.5837097103328e-05,0.0010695,0.0016210000000000003,51.56615240766714,0.0030674640550724082
m43_credibility,43,credibility,5.000000000000001,8.0,14.7,0.8125,1.175,0.125,0.2624999999999999,0.8,0.55,0.875,target_share_final100,10,3.3881317890172015e-22,5.96284793999944e-06,-1.3488899178146253e-05,1.3488899178146253e-05,1.796828222675829e-17,1.0,5.8e-05,5.8e-05,5.841606532788279e-16,1.0
m43_credibility,43,credibility,5.000000000000001,8.0,14.7,0.8125,1.175,0.125,0.2624999999999999,0.8,0.55,0.875,fake_repost_share_decisions,10,0.00030705082120968815,5.61678540123129e-05,0.00017999030793673063,0.0004341113344826457,1.7287111454087198,0.00039697458266229723,0.13147409723071138,0.13178114805192107,0.23354472681479904,0.033345864943632966
m43_credibility,43,credibility,5.000000000000001,8.0,14.7,0.8125,1.175,0.125,0.2624999999999999,0.8,0.55,0.875,target_share_decisions,10,0.0005515918433105099,7.32633418818511e-05,0.00038585864970194675,0.000717325036919073,2.380844933943724,3.582634313905618e-05,0.001069681206895791,0.0016212730502063008,51.56600300674875,0.003067391398999407
m43_credibility,43,credibility,5.000000000000001,8.0,14.7,0.8125,1.175,0.125,0.2624999999999999,0.8,0.55,0.875,participation_rate,10,0.0,0.0,0.0,0.0,,,0.9998290000000001,0.9998290000000001,0.0,
m43_credibility,43,credibility,5.000000000000001,8.0,14.7,0.8125,1.175,0.125,0.2624999999999999,0.8,0.55,0.875,cumulative_fake_reposts,10,61.4,11.232096865679177,35.99123162206058,86.80876837793942,1.728651832834758,0.00039707128547829485,26290.3,26351.7,0.2335462128617779,0.03335398798017677
m43_credibility,43,credibility,5.000000000000001,8.0,14.7,0.8125,1.175,0.125,0.2624999999999999,0.8,0.55,0.875,target_unique_reposters_p400,10,0.1,0.09999999999999999,-0.12621571627982048,0.3262157162798205,0.31622776601683794,0.3434363961379136,43.8,43.9,0.22831050228310507,1.0
m43_combined,43,combined,5.000000000000001,8.0,14.7,0.8125,1.175,0.125,0.2624999999999999,0.8,0.55,0.875,fake_repost_share_all,10,0.0033305000000000027,0.0005266637394433403,0.002139103849432163,0.004521896150567842,1.99975144640157,0.00013706413653885095,0.13145149999999997,0.134782,2.533634077967922,0.009594489557719566
m43_combined,43,combined,5.000000000000001,8.0,14.7,0.8125,1.175,0.125,0.2624999999999999,0.8,0.55,0.875,fake_repost_share_final100,10,0.0003720000000000022,0.0002289725844821728,-0.00014597197207076205,0.0008899719720707665,0.5137590127844467,0.13868370246231218,0.117472,0.11784399999999999,0.3166712067556543,1.0
m43_combined,43,combined,5.000000000000001,8.0,14.7,0.8125,1.175,0.125,0.2624999999999999,0.8,0.55,0.875,target_share_all,10,0.004919499999999999,0.0007017479960783642,0.003332035744192041,0.006506964255807958,2.2168677411457987,6.252916451193085e-05,0.0010695,0.0059889999999999995,459.9812996727443,0.004314512351323229
m43_combined,43,combined,5.000000000000001,8.0,14.7,0.8125,1.175,0.125,0.2624999999999999,0.8,0.55,0.875,target_share_final100,10,0.0004340000000000001,0.00027247099743724003,-0.00018237221850742378,0.001050372218507424,0.5036970970934979,0.1456623330172897,5.8e-05,0.000492,748.2758620689657,1.0
m43_combined,43,combined,5.000000000000001,8.0,14.7,0.8125,1.175,0.125,0.2624999999999999,0.8,0.55,0.875,fake_repost_share_decisions,10,0.003331051247102315,0.0005267323092758746,0.002139499980796656,0.004522602513407974,1.9998220648490104,0.00013702787642830852,0.13147409723071138,0.1348051484778137,2.533617889200616,0.009591951349981597
m43_combined,43,combined,5.000000000000001,8.0,14.7,0.8125,1.175,0.125,0.2624999999999999,0.8,0.55,0.875,target_share_decisions,10,0.004920316240401012,0.000701839193739989,0.0033326456811495785,0.006507986799652445,2.2169474527448654,6.251178626226802e-05,0.001069681206895791,0.005989997447296802,459.97968447812065,0.004313313252096493
m43_combined,43,combined,5.000000000000001,8.0,14.7,0.8125,1.175,0.125,0.2624999999999999,0.8,0.55,0.875,participation_rate,10,0.0,0.0,0.0,0.0,,,0.9998290000000001,0.9998290000000001,0.0,
m43_combined,43,combined,5.000000000000001,8.0,14.7,0.8125,1.175,0.125,0.2624999999999999,0.8,0.55,0.875,cumulative_fake_reposts,10,666.1,105.3327478886684,427.8207698864313,904.3792301135687,1.9997514464015624,0.00013706413653885477,26290.3,26956.4,2.53363407796792,0.009594489557719833
m43_combined,43,combined,5.000000000000001,8.0,14.7,0.8125,1.175,0.125,0.2624999999999999,0.8,0.55,0.875,target_unique_reposters_p400,10,10.8,1.8366636418607878,6.645178186913583,14.954821813086419,1.8594911965054914,0.00023476133711547,43.8,54.6,24.657534246575345,0.01619853226096743
m44_credibility,44,credibility,5.000000000000001,8.0,14.7,0.8125,1.175,0.15,0.2624999999999999,0.8,0.55,0.875,fake_repost_share_all,10,0.00033000000000000114,7.114929530376421e-05,0.00016904911200054626,0.0004909508879994561,1.4667069060912523,0.001222491169073846,0.15661650000000002,0.15694650000000002,0.2107057685492915,0.09413182001868615
m44_credibility,44,credibility,5.000000000000001,8.0,14.7,0.8125,1.175,0.15,0.2624999999999999,0.8,0.55,0.875,fake_repost_share_final100,10,7.999999999991348e-06,1.2364824660663028e-05,-1.9971176672871403e-05,3.59711766728541e-05,0.20459830184088618,0.5337858366858894,0.142492,0.1425,0.005614350279307854,1.0
m44_credibility,44,credibility,5.000000000000001,8.0,14.7,0.8125,1.175,0.15,0.2624999999999999,0.8,0.55,0.875,target_share_all,10,0.0005585000000000002,7.718322356574645e-05,0.00038389941796289166,0.0007331005820371087,2.288233105086118,4.889280718788659e-05,0.0010919999999999999,0.0016504999999999998,51.144688644688664,0.004058102996594587
m44_credibility,44,credibility,5.000000000000001,8.0,14.7,0.8125,1.175,0.15,0.2624999999999999,0.8,0.55,0.875,target_share_final100,10,-1.9999999999999986e-06,6.289320754704403e-06,-1.6227431994389976e-05,1.222743199438998e-05,-0.10056022847309855,0.7577400727729552,5.4e-05,5.2000000000000004e-05,-3.7037037037037015,1.0
m44_credibility,44,credibility,5.000000000000001,8.0,14.7,0.8125,1.175,0.15,0.2624999999999999,0.8,0.55,0.875,fake_repost_share_decisions,10,0.00033005414919080043,7.115878060796741e-05,0.00016908180394250094,0.0004910264944390999,1.4667520349766747,0.0012222439131413414,0.1566433526090238,0.15697340675821456,0.21070421674043444,0.09411278131188329
m44_credibility,44,credibility,5.000000000000001,8.0,14.7,0.8125,1.175,0.15,0.2624999999999999,0.8,0.55,0.875,target_share_decisions,10,0.0005585928209505183,7.719303288683695e-05,0.0003839700486874427,0.0007332155932135939,2.288322576224975,4.887790351533757e-05,0.0010921850550799056,0.001650777876030424,51.14452155817596,0.0040568659917730185
m44_credibility,44,credibility,5.000000000000001,8.0,14.7,0.8125,1.175,0.15,0.2624999999999999,0.8,0.55,0.875,participation_rate,10,0.0,0.0,0.0,0.0,,,0.9998290000000001,0.9998290000000001,0.0,
m44_credibility,44,credibility,5.000000000000001,8.0,14.7,0.8125,1.175,0.15,0.2624999999999999,0.8,0.55,0.875,cumulative_fake_reposts,10,66.0,14.22985906075281,33.80982240010909,98.19017759989092,1.4667069060912505,0.0012224911690738576,31323.3,31389.3,0.2107057685492908,0.09413182001868703
m44_credibility,44,credibility,5.000000000000001,8.0,14.7,0.8125,1.175,0.15,0.2624999999999999,0.8,0.55,0.875,target_unique_reposters_p400,10,0.1,0.09999999999999999,-0.12621571627982048,0.3262157162798205,0.31622776601683794,0.3434363961379136,43.8,43.9,0.22831050228310507,1.0
m44_combined,44,combined,5.000000000000001,8.0,14.7,0.8125,1.175,0.15,0.2624999999999999,0.8,0.55,0.875,fake_repost_share_all,10,0.003458999999999998,0.0005490435117345252,0.0022169772872418616,0.004701022712758135,1.9922498295201307,0.00014097614713999782,0.15661650000000002,0.16007549999999998,2.2085795557939285,0.009727354152659849
m44_combined,44,combined,5.000000000000001,8.0,14.7,0.8125,1.175,0.15,0.2624999999999999,0.8,0.55,0.875,fake_repost_share_final100,10,0.0003759999999999958,0.00021364144416911976,-0.00010729052319773124,0.0008592905231977229,0.5565476328095148,0.11226965205418658,0.142492,0.14286800000000002,0.2638744631277516,1.0
m44_combined,44,combined,5.000000000000001,8.0,14.7,0.8125,1.175,0.15,0.2624999999999999,0.8,0.55,0.875,target_share_all,10,0.005251499999999999,0.0007724891405205785,0.0035040081575875436,0.006998991842412455,2.149764994907634,7.92187070653773e-05,0.0010919999999999999,0.0063435,480.9065934065934,0.00530765337338028
m44_combined,44,combined,5.000000000000001,8.0,14.7,0.8125,1.175,0.15,0.2624999999999999,0.8,0.55,0.875,target_share_final100,10,0.00045799999999999997,0.00027175888005525944,-0.00015676129707102343,0.0010727612970710234,0.5329441923158558,0.12620896175288393,5.4e-05,0.000512,848.148148148148,1.0
m44_combined,44,combined,5.000000000000001,8.0,14.7,0.8125,1.175,0.15,0.2624999999999999,0.8,0.55,0.875,fake_repost_share_decisions,10,0.0034595747565669506,0.0005491167329464599,0.0022173864059197674,0.004701763107214134,1.9923151690663947,0.00014094155272054458,0.1566433526090238,0.16010292736559073,2.208567870225509,0.009724967137717576
m44_combined,44,combined,5.000000000000001,8.0,14.7,0.8125,1.175,0.15,0.2624999999999999,0.8,0.55,0.875,target_share_decisions,10,0.005252371825057162,0.0007725912795817641,0.003504648928035844,0.0070000947220784804,2.1498376339773695,7.919819823291792e-05,0.0010921850550799056,0.006344556880137067,480.90493461960915,0.005306279281605501
m44_combined,44,combined,5.000000000000001,8.0,14.7,0.8125,1.175,0.15,0.2624999999999999,0.8,0.55,0.875,participation_rate,10,0.0,0.0,0.0,0.0,,,0.9998290000000001,0.9998290000000001,0.0,
m44_combined,44,combined,5.000000000000001,8.0,14.7,0.8125,1.175,0.15,0.2624999999999999,0.8,0.55,0.875,cumulative_fake_reposts,10,691.8,109.80870234690468,443.39545744837346,940.2045425516264,1.9922498295201383,0.00014097614713999386,31323.3,32015.1,2.20857955579393,0.009727354152659577
m44_combined,44,combined,5.000000000000001,8.0,14.7,0.8125,1.175,0.15,0.2624999999999999,0.8,0.55,0.875,target_unique_reposters_p400,10,11.8,2.2050447211388304,6.811842289785425,16.788157710214577,1.6922503218308886,0.00046152130374277464,43.8,55.6,26.940639269406397,0.028152799528309253
m45_credibility,45,credibility,2.534288122793572,7.0,1.0,0.625,1.175,0.1,0.1875,0.6125,0.425,1.125,fake_repost_share_all,10,1.2499999999998623e-05,6.422616289331905e-06,-2.0289674428179728e-06,2.702896744281522e-05,0.615457454896659,0.08346815582438542,0.1103335,0.11034600000000001,0.011329288022222285,1.0
m45_credibility,45,credibility,2.534288122793572,7.0,1.0,0.625,1.175,0.1,0.1875,0.6125,0.425,1.125,fake_repost_share_final100,10,0.0,0.0,0.0,0.0,,,0.08702800000000001,0.08702800000000001,0.0,
m45_credibility,45,credibility,2.534288122793572,7.0,1.0,0.625,1.175,0.1,0.1875,0.6125,0.425,1.125,target_share_all,10,1.8500000000000002e-05,1.2517765153750264e-05,-9.81715210478193e-06,4.681715210478193e-05,0.4673528860348371,0.17355422086394268,6.1000000000000005e-05,7.950000000000001e-05,30.327868852459016,0.4260180794987072
m45_credibility,45,credibility,2.534288122793572,7.0,1.0,0.625,1.175,0.1,0.1875,0.6125,0.425,1.125,target_share_final100,10,0.0,0.0,0.0,0.0,,,0.0,0.0,,
m45_credibility,45,credibility,2.534288122793572,7.0,1.0,0.625,1.175,0.1,0.1875,0.6125,0.425,1.125,fake_repost_share_decisions,10,1.2502678081766084e-05,6.423979714118203e-06,-2.0293736421967745e-06,2.7034729805728944e-05,0.6154586619156662,0.08346764433852454,0.1103570875654742,0.11036959024355597,0.011329293258440079,1.0
m45_credibility,45,credibility,2.534288122793572,7.0,1.0,0.625,1.175,0.1,0.1875,0.6125,0.425,1.125,target_share_decisions,10,1.8504030886746825e-05,1.2520560211560977e-05,-9.819444078082045e-06,4.682750585157569e-05,0.46735036218423276,0.17355631091615908,6.101302032763741e-05,7.951705121438425e-05,30.32800341202737,0.4260227157074319
m45_credibility,45,credibility,2.534288122793572,7.0,1.0,0.625,1.175,0.1,0.1875,0.6125,0.425,1.125,participation_rate,10,0.0,0.0,0.0,0.0,,,0.999786,0.999786,0.0,
m45_credibility,45,credibility,2.534288122793572,7.0,1.0,0.625,1.175,0.1,0.1875,0.6125,0.425,1.125,cumulative_fake_reposts,10,2.5,1.284523257866513,-0.40579348856361763,5.405793488563617,0.6154574548966636,0.08346815582438351,22066.7,22069.2,0.01132928802222353,1.0
m45_credibility,45,credibility,2.534288122793572,7.0,1.0,0.625,1.175,0.1,0.1875,0.6125,0.425,1.125,target_unique_reposters_p400,10,0.0,0.0,0.0,0.0,,,2.7,2.7,0.0,
m45_combined,45,combined,2.534288122793572,7.0,1.0,0.625,1.175,0.1,0.1875,0.6125,0.425,1.125,fake_repost_share_all,10,0.00019900000000000055,8.464894827724905e-05,7.510775331286845e-06,0.00039048922466871424,0.7434153255069363,0.04324229631271921,0.1103335,0.1105325,0.18036226531379912,0.20181871009762656
m45_combined,45,combined,2.534288122793572,7.0,1.0,0.625,1.175,0.1,0.1875,0.6125,0.425,1.125,fake_repost_share_final100,10,0.0,0.0,0.0,0.0,,,0.08702800000000001,0.08702800000000001,0.0,
m45_combined,45,combined,2.534288122793572,7.0,1.0,0.625,1.175,0.1,0.1875,0.6125,0.425,1.125,target_share_all,10,0.0004150000000000001,0.00017176372660657362,2.6443455548027e-05,0.0008035565444519733,0.7640409619056626,0.038857751802444614,6.1000000000000005e-05,0.00047599999999999997,680.3278688524591,0.19428875901222306
m45_combined,45,combined,2.534288122793572,7.0,1.0,0.625,1.175,0.1,0.1875,0.6125,0.425,1.125,target_share_final100,10,2.0000000000000003e-06,2e-06,-2.5243143255964093e-06,6.52431432559641e-06,0.316227766016838,0.3434363961379133,0.0,2.0000000000000003e-06,,1.0
m45_combined,45,combined,2.534288122793572,7.0,1.0,0.625,1.175,0.1,0.1875,0.6125,0.425,1.125,fake_repost_share_decisions,10,0.0001990413887603362,8.46671188576144e-05,7.511059383096832e-06,0.0003905717181375756,0.7434103647535356,0.04324340762756338,0.1103570875654742,0.11055612895423454,0.18036121933921656,0.2018232585337842
m45_combined,45,combined,2.534288122793572,7.0,1.0,0.625,1.175,0.1,0.1875,0.6125,0.425,1.125,target_share_decisions,10,0.0004150863508053655,0.00017180069527234493,2.6446177421318696e-05,0.0008037265241894123,0.7640354959633954,0.03885885326125065,6.101302032763741e-05,0.0004760993711330029,680.3242137110552,0.19429426630625327
m45_combined,45,combined,2.534288122793572,7.0,1.0,0.625,1.175,0.1,0.1875,0.6125,0.425,1.125,participation_rate,10,0.0,0.0,0.0,0.0,,,0.999786,0.999786,0.0,
m45_combined,45,combined,2.534288122793572,7.0,1.0,0.625,1.175,0.1,0.1875,0.6125,0.425,1.125,cumulative_fake_reposts,10,39.8,16.929789655449877,1.502155066257103,78.09784493374289,0.7434153255069312,0.043242296312720405,22066.7,22106.5,0.1803622653137986,0.20181871009762672
m45_combined,45,combined,2.534288122793572,7.0,1.0,0.625,1.175,0.1,0.1875,0.6125,0.425,1.125,target_unique_reposters_p400,10,2.8,1.2631530214330944,-0.057450655145069085,5.657450655145069,0.7009742523851812,0.053855468548662584,2.7,5.5,103.7037037037037,0.5385546854866259
m46_credibility,46,credibility,2.534288122793572,7.0,1.0,0.8125,1.175,0.1,0.1875,0.6125,0.425,1.125,fake_repost_share_all,10,1.1500000000000398e-05,6.542595475463733e-06,-3.3003792181110134e-06,2.630037921811181e-05,0.5558374077737095,0.11266752940240132,0.10996249999999999,0.10997399999999999,0.01045811071956385,1.0
m46_credibility,46,credibility,2.534288122793572,7.0,1.0,0.8125,1.175,0.1,0.1875,0.6125,0.425,1.125,fake_repost_share_final100,10,0.0,0.0,0.0,0.0,,,0.08702800000000001,0.08702800000000001,0.0,
m46_credibility,46,credibility,2.534288122793572,7.0,1.0,0.8125,1.175,0.1,0.1875,0.6125,0.425,1.125,target_share_all,10,2e-05,1.2427567921538166e-05,-8.113111789868759e-06,4.811311178986876e-05,0.5089133578079825,0.14200602649956906,5.6500000000000005e-05,7.65e-05,35.39823008849557,0.4260180794987072
m46_credibility,46,credibility,2.534288122793572,7.0,1.0,0.8125,1.175,0.1,0.1875,0.6125,0.425,1.125,target_share_final100,10,0.0,0.0,0.0,0.0,,,0.0,0.0,,
m46_credibility,46,credibility,2.534288122793572,7.0,1.0,0.8125,1.175,0.1,0.1875,0.6125,0.425,1.125,fake_repost_share_decisions,10,1.1502430520188289e-05,6.5439841981747505e-06,-3.30109020695099e-06,2.6305951247327567e-05,0.5558369025673348,0.11266781288838174,0.10998600811070303,0.10999751054122323,0.010458085276275206,1.0
m46_credibility,46,credibility,2.534288122793572,7.0,1.0,0.8125,1.175,0.1,0.1875,0.6125,0.425,1.125,target_share_decisions,10,2.000438097054236e-05,1.2430344633479962e-05,-8.115012178134561e-06,4.812377411921929e-05,0.5089111276791176,0.1420075719024773,5.65120401109137e-05,7.651642108145608e-05,35.398440635448026,0.4260227157074319
m46_credibility,46,credibility,2.534288122793572,7.0,1.0,0.8125,1.175,0.1,0.1875,0.6125,0.425,1.125,participation_rate,10,0.0,0.0,0.0,0.0,,,0.999786,0.999786,0.0,
m46_credibility,46,credibility,2.534288122793572,7.0,1.0,0.8125,1.175,0.1,0.1875,0.6125,0.425,1.125,cumulative_fake_reposts,10,2.3,1.3085190950927013,-0.6600758436221796,5.260075843622179,0.5558374077737095,0.11266752940240132,21992.5,21994.8,0.010458110719563487,1.0
m46_credibility,46,credibility,2.534288122793572,7.0,1.0,0.8125,1.175,0.1,0.1875,0.6125,0.425,1.125,target_unique_reposters_p400,10,0.0,0.0,0.0,0.0,,,2.6,2.6,0.0,
m46_combined,46,combined,2.534288122793572,7.0,1.0,0.8125,1.175,0.1,0.1875,0.6125,0.425,1.125,fake_repost_share_all,10,0.00014549999999999841,7.385966422886123e-05,-2.1582168477190367e-05,0.0003125821684771872,0.6229535489476299,0.08034831436339042,0.10996249999999999,0.11010800000000001,0.1323178356257801,0.20181871009762656
m46_combined,46,combined,2.534288122793572,7.0,1.0,0.8125,1.175,0.1,0.1875,0.6125,0.425,1.125,fake_repost_share_final100,10,0.0,0.0,0.0,0.0,,,0.08702800000000001,0.08702800000000001,0.0,
m46_combined,46,combined,2.534288122793572,7.0,1.0,0.8125,1.175,0.1,0.1875,0.6125,0.425,1.125,target_share_all,10,0.0002925,0.00014574759384329854,-3.720396337322134e-05,0.0006222039633732214,0.6346356678750624,0.07570641920993712,5.6500000000000005e-05,0.000349,517.6991150442477,0.21224680209131633
m46_combined,46,combined,2.534288122793572,7.0,1.0,0.8125,1.175,0.1,0.1875,0.6125,0.425,1.125,target_share_final100,10,2.0000000000000003e-06,2e-06,-2.5243143255964093e-06,6.52431432559641e-06,0.316227766016838,0.3434363961379133,0.0,2.0000000000000003e-06,,1.0
m46_combined,46,combined,2.534288122793572,7.0,1.0,0.8125,1.175,0.1,0.1875,0.6125,0.425,1.125,fake_repost_share_decisions,10,0.00014553080912646093,7.387533561545442e-05,-2.1586810490160615e-05,0.0003126484287430825,0.6229532803239977,0.080348424152337,0.10998600811070303,0.11013153891982949,0.13231756623077126,0.2018232585337842
m46_combined,46,combined,2.534288122793572,7.0,1.0,0.8125,1.175,0.1,0.1875,0.6125,0.425,1.125,target_share_decisions,10,0.0002925621184154963,0.00014577844729720516,-3.721164031947701e-05,0.0006223358771504696,0.6346360991146301,0.07570625267500011,5.65120401109137e-05,0.00034907415852641,517.6987378995652,0.2122560499395063
m46_combined,46,combined,2.534288122793572,7.0,1.0,0.8125,1.175,0.1,0.1875,0.6125,0.425,1.125,participation_rate,10,0.0,0.0,0.0,0.0,,,0.999786,0.999786,0.0,
m46_combined,46,combined,2.534288122793572,7.0,1.0,0.8125,1.175,0.1,0.1875,0.6125,0.425,1.125,cumulative_fake_reposts,10,29.1,14.771932845772081,-4.316433695437382,62.516433695437385,0.6229535489476438,0.08034831436338474,21992.5,22021.6,0.13231783562578153,0.20181871009762672
m46_combined,46,combined,2.534288122793572,7.0,1.0,0.8125,1.175,0.1,0.1875,0.6125,0.425,1.125,target_unique_reposters_p400,10,2.0,0.9775252199076786,-0.21131567803004536,4.211315678030045,0.6469966392206306,0.07107410283854358,2.6,4.6,76.92307692307692,0.5747878369072914
m47_credibility,47,credibility,2.534288122793572,7.0,1.0,0.8125,1.175,0.125,0.1875,0.6125,0.425,1.125,fake_repost_share_all,10,9.99999999999751e-06,5.527707983925754e-06,-2.5045442096969583e-06,2.250454420969198e-05,0.5720775535472038,0.10388813106218056,0.131604,0.13161399999999998,0.007598553235462076,1.0
m47_credibility,47,credibility,2.534288122793572,7.0,1.0,0.8125,1.175,0.125,0.1875,0.6125,0.425,1.125,fake_repost_share_final100,10,0.0,0.0,0.0,0.0,,,0.103024,0.103024,0.0,
m47_credibility,47,credibility,2.534288122793572,7.0,1.0,0.8125,1.175,0.125,0.1875,0.6125,0.425,1.125,target_share_all,10,1.9500000000000003e-05,1.2615026313444173e-05,-9.037172133845563e-06,4.803717213384557e-05,0.48881716804320874,0.15655997560580648,5.6999999999999996e-05,7.65e-05,34.21052631578948,0.4260180794987072
m47_credibility,47,credibility,2.534288122793572,7.0,1.0,0.8125,1.175,0.125,0.1875,0.6125,0.425,1.125,target_share_final100,10,0.0,0.0,0.0,0.0,,,0.0,0.0,,
m47_credibility,47,credibility,2.534288122793572,7.0,1.0,0.8125,1.175,0.125,0.1875,0.6125,0.425,1.125,fake_repost_share_decisions,10,1.000210795016332e-05,5.528869302319999e-06,-2.5050633442549806e-06,2.2509279244581618e-05,0.5720779565565386,0.1038879213022059,0.13163210628601427,0.13164210839396442,0.007598532176056223,1.0
m47_credibility,47,credibility,2.534288122793572,7.0,1.0,0.8125,1.175,0.125,0.1875,0.6125,0.425,1.125,target_share_decisions,10,1.950431096276711e-05,1.2617878323248398e-05,-9.039312865485454e-06,4.804793479101968e-05,0.48881472189261843,0.15656182525914764,5.701213262802937e-05,7.651644359079648e-05,34.21080753112897,0.4260227157074319
m47_credibility,47,credibility,2.534288122793572,7.0,1.0,0.8125,1.175,0.125,0.1875,0.6125,0.425,1.125,participation_rate,10,0.0,0.0,0.0,0.0,,,0.999786,0.999786,0.0,
m47_credibility,47,credibility,2.534288122793572,7.0,1.0,0.8125,1.175,0.125,0.1875,0.6125,0.425,1.125,cumulative_fake_reposts,10,2.0,1.1055415967851332,-0.5009088419388541,4.500908841938854,0.5720775535473555,0.10388813106210176,26320.8,26322.8,0.007598553235463969,1.0
m47_credibility,47,credibility,2.534288122793572,7.0,1.0,0.8125,1.175,0.125,0.1875,0.6125,0.425,1.125,target_unique_reposters_p400,10,0.0,0.0,0.0,0.0,,,2.6,2.6,0.0,
m47_combined,47,combined,2.534288122793572,7.0,1.0,0.8125,1.175,0.125,0.1875,0.6125,0.425,1.125,fake_repost_share_all,10,0.0001739999999999936,9.651367203090441e-05,-4.4329094492673575e-05,0.0003923290944926608,0.5701122973469375,0.10491571377843086,0.131604,0.131778,0.13221482629706818,0.20181871009762656
m47_combined,47,combined,2.534288122793572,7.0,1.0,0.8125,1.175,0.125,0.1875,0.6125,0.425,1.125,fake_repost_share_final100,10,0.0,0.0,0.0,0.0,,,0.103024,0.103024,0.0,
m47_combined,47,combined,2.534288122793572,7.0,1.0,0.8125,1.175,0.125,0.1875,0.6125,0.425,1.125,target_share_all,10,0.00036749999999999993,0.00019804075057646315,-8.049930244247887e-05,0.0008154993024424787,0.5868171256315151,0.09647501459528603,5.6999999999999996e-05,0.00042449999999999986,644.7368421052631,0.21224680209131633
m47_combined,47,combined,2.534288122793572,7.0,1.0,0.8125,1.175,0.125,0.1875,0.6125,0.425,1.125,target_share_final100,10,2.0000000000000003e-06,2e-06,-2.5243143255964093e-06,6.52431432559641e-06,0.316227766016838,0.3434363961379133,0.0,2.0000000000000003e-06,,1.0
m47_combined,47,combined,2.534288122793572,7.0,1.0,0.8125,1.175,0.125,0.1875,0.6125,0.425,1.125,fake_repost_share_decisions,10,0.00017403584750490115,9.653266867033471e-05,-4.433622037172238e-05,0.0003924079153815247,0.5701175365955118,0.10491296178801295,0.13163210628601427,0.13180614213351916,0.13221382868914272,0.2018232585337842
m47_combined,47,combined,2.534288122793572,7.0,1.0,0.8125,1.175,0.125,0.1875,0.6125,0.425,1.125,target_share_decisions,10,0.00036757622107625045,0.00019808018704546766,-8.051229285706242e-05,0.0008156647350095633,0.5868219783393711,0.09647265752688548,5.701213262802937e-05,0.0004245883537042798,644.733329788712,0.2122560499395063
m47_combined,47,combined,2.534288122793572,7.0,1.0,0.8125,1.175,0.125,0.1875,0.6125,0.425,1.125,participation_rate,10,0.0,0.0,0.0,0.0,,,0.999786,0.999786,0.0,
m47_combined,47,combined,2.534288122793572,7.0,1.0,0.8125,1.175,0.125,0.1875,0.6125,0.425,1.125,cumulative_fake_reposts,10,34.8,19.302734406180786,-8.86581889853322,78.46581889853321,0.5701122973469612,0.10491571377841839,26320.8,26355.6,0.132214826297073,0.20181871009762672
m47_combined,47,combined,2.534288122793572,7.0,1.0,0.8125,1.175,0.125,0.1875,0.6125,0.425,1.125,target_unique_reposters_p400,10,2.5,1.3682917167849193,-0.595290907922458,5.5952909079224575,0.5777784118285091,0.10096005955912252,2.6,5.1,96.15384615384615,0.5747878369072914
m48_credibility,48,credibility,2.534288122793572,7.0,4.425,0.8125,1.175,0.125,0.1875,0.6125,0.425,1.125,fake_repost_share_all,10,2.9999999999992533e-05,1.1303883305210125e-05,4.428839413676401e-06,5.557116058630867e-05,0.8392543274159736,0.02630511341320099,0.12313700000000002,0.123167,0.024363107758019545,1.0
m48_credibility,48,credibility,2.534288122793572,7.0,4.425,0.8125,1.175,0.125,0.1875,0.6125,0.425,1.125,fake_repost_share_final100,10,0.0,0.0,0.0,0.0,,,0.10003200000000001,0.10003200000000001,0.0,
m48_credibility,48,credibility,2.534288122793572,7.0,4.425,0.8125,1.175,0.125,0.1875,0.6125,0.425,1.125,target_share_all,10,6.25e-05,2.0645822822062573e-05,1.5795904021208506e-05,0.00010920409597879149,0.9572994763343546,0.014310349884542913,0.00017800000000000002,0.0002405,35.11235955056179,0.2054593680354061
m48_credibility,48,credibility,2.534288122793572,7.0,4.425,0.8125,1.175,0.125,0.1875,0.6125,0.425,1.125,target_share_final100,10,0.0,0.0,0.0,0.0,,,0.0,0.0,,
m48_credibility,48,credibility,2.534288122793572,7.0,4.425,0.8125,1.175,0.125,0.1875,0.6125,0.425,1.125,fake_repost_share_decisions,10,3.0005763635441995e-05,1.1305798295282139e-05,4.430271040617769e-06,5.558125623026622e-05,0.8392733847042602,0.026302515287576,0.12316306797184544,0.12319307373548087,0.024362630884041624,1.0
m48_credibility,48,credibility,2.534288122793572,7.0,4.425,0.8125,1.175,0.125,0.1875,0.6125,0.425,1.125,target_share_decisions,10,6.251261511564418e-05,2.0649608452979242e-05,1.5799955444758835e-05,0.00010922527478652953,0.9573171651609934,0.014309053577104991,0.00017803783569314305,0.00024055045080878724,35.11198328842176,0.20544379648329525
m48_credibility,48,credibility,2.534288122793572,7.0,4.425,0.8125,1.175,0.125,0.1875,0.6125,0.425,1.125,participation_rate,10,0.0,0.0,0.0,0.0,,,0.9997905000000001,0.9997905000000001,0.0,
m48_credibility,48,credibility,2.534288122793572,7.0,4.425,0.8125,1.175,0.125,0.1875,0.6125,0.425,1.125,cumulative_fake_reposts,10,6.0,2.260776661041756,0.8857678827373823,11.114232117262617,0.8392543274162824,0.026305113413158856,24627.4,24633.4,0.024363107758025613,1.0
m48_credibility,48,credibility,2.534288122793572,7.0,4.425,0.8125,1.175,0.125,0.1875,0.6125,0.425,1.125,target_unique_reposters_p400,10,0.0,0.0,0.0,0.0,,,10.1,10.1,0.0,
m48_combined,48,combined,2.534288122793572,7.0,4.425,0.8125,1.175,0.125,0.1875,0.6125,0.425,1.125,fake_repost_share_all,10,0.0005659999999999942,0.00013520724832641215,0.0002601399547361654,0.0008718600452638231,1.3237819553388877,0.0023544600668329563,0.12313700000000002,0.12370300000000001,0.4596506330347452,0.06827934193815573
m48_combined,48,combined,2.534288122793572,7.0,4.425,0.8125,1.175,0.125,0.1875,0.6125,0.425,1.125,fake_repost_share_final100,10,1.0000000000001675e-05,1.2382783747338485e-05,-1.8011802949421275e-05,3.801180294942463e-05,0.25537695922765336,0.44015752965129584,0.10003200000000001,0.100042,0.009996801023674099,1.0
m48_combined,48,combined,2.534288122793572,7.0,4.425,0.8125,1.175,0.125,0.1875,0.6125,0.425,1.125,target_share_all,10,0.0011375,0.0002625084654719623,0.0005436645945374353,0.0017313354054625649,1.370276128800016,0.0018962292444329668,0.00017800000000000002,0.0013155,639.0449438202247,0.04740573111082417
m48_combined,48,combined,2.534288122793572,7.0,4.425,0.8125,1.175,0.125,0.1875,0.6125,0.425,1.125,target_share_final100,10,2.8000000000000003e-05,2.1746008573733454e-05,-2.1192889057342303e-05,7.71928890573423e-05,0.4071725355229777,0.23001010020452772,0.0,2.8000000000000003e-05,,1.0
m48_combined,48,combined,2.534288122793572,7.0,4.425,0.8125,1.175,0.125,0.1875,0.6125,0.425,1.125,fake_repost_share_decisions,10,0.0005661242753068161,0.0001352431876974521,0.00026018292953736274,0.0008720656210762694,1.3237207575191492,0.0023551357165712663,0.12316306797184544,0.12372919224715224,0.45965424914247,0.06829893578056673
m48_combined,48,combined,2.534288122793572,7.0,4.425,0.8125,1.175,0.125,0.1875,0.6125,0.425,1.125,target_share_decisions,10,0.0011377508863008611,0.0002625783969608857,0.0005437572848197232,0.0017317444877819992,1.3702133352280066,0.0018967796755507583,0.00017803783569314305,0.001315788721994004,639.0500546534561,0.047419491888768955
m48_combined,48,combined,2.534288122793572,7.0,4.425,0.8125,1.175,0.125,0.1875,0.6125,0.425,1.125,participation_rate,10,0.0,0.0,0.0,0.0,,,0.9997905000000001,0.9997905000000001,0.0,
m48_combined,48,combined,2.534288122793572,7.0,4.425,0.8125,1.175,0.125,0.1875,0.6125,0.425,1.125,cumulative_fake_reposts,10,113.2,27.04144966528237,52.027990947234365,174.37200905276563,1.3237819553389043,0.002354460066832774,24627.4,24740.6,0.45965063303474984,0.06827934193815045
m48_combined,48,combined,2.534288122793572,7.0,4.425,0.8125,1.175,0.125,0.1875,0.6125,0.425,1.125,target_unique_reposters_p400,10,6.1,2.183015244004392,1.1616764292777937,11.038323570722206,0.8836353195428398,0.020906419716212224,10.1,16.2,60.396039603960396,0.3345027154593956
m49_credibility,49,credibility,5.000000000000001,7.0,4.425,0.8125,1.175,0.125,0.1875,0.6125,0.425,1.125,fake_repost_share_all,10,2.349999999999297e-05,1.8212480458313343e-05,-1.769949312110289e-05,6.469949312108883e-05,0.4080362649339905,0.2291014071123471,0.125917,0.12594049999999998,0.018663087589438257,1.0
m49_credibility,49,credibility,5.000000000000001,7.0,4.425,0.8125,1.175,0.125,0.1875,0.6125,0.425,1.125,fake_repost_share_final100,10,0.0,0.0,0.0,0.0,,,0.100306,0.100306,0.0,
m49_credibility,49,credibility,5.000000000000001,7.0,4.425,0.8125,1.175,0.125,0.1875,0.6125,0.425,1.125,target_share_all,10,0.00014149999999999997,3.561405777373748e-05,6.0935404110830626e-05,0.00022206459588916931,1.2564204049890468,0.003239170996679739,0.00023549999999999995,0.000377,60.08492569002123,0.10017333104922103
m49_credibility,49,credibility,5.000000000000001,7.0,4.425,0.8125,1.175,0.125,0.1875,0.6125,0.425,1.125,target_share_final100,10,4.000000000000001e-06,2.6666666666666673e-06,-2.0324191007952136e-06,1.0032419100795214e-05,0.4743416490252569,0.16785065605707505,0.0,4.000000000000001e-06,,1.0
m49_credibility,49,credibility,5.000000000000001,7.0,4.425,0.8125,1.175,0.125,0.1875,0.6125,0.425,1.125,fake_repost_share_decisions,10,2.350531872372108e-05,1.8216302234075552e-05,-1.7702819854789873e-05,6.471345730223204e-05,0.40804298995499644,0.2290943437718245,0.12594364211991854,0.12596714743864226,0.01866336269784881,1.0
m49_credibility,49,credibility,5.000000000000001,7.0,4.425,0.8125,1.175,0.125,0.1875,0.6125,0.425,1.125,target_share_decisions,10,0.00014153015904715892,3.5621577649680676e-05,6.0948552016761335e-05,0.0002221117660775565,1.2564229035457117,0.003239132291029255,0.00023555041097072447,0.0003770805700178834,60.084870352762444,0.10016465136811986
m49_credibility,49,credibility,5.000000000000001,7.0,4.425,0.8125,1.175,0.125,0.1875,0.6125,0.425,1.125,participation_rate,10,0.0,0.0,0.0,0.0,,,0.9997905000000001,0.9997905000000001,0.0,
m49_credibility,49,credibility,5.000000000000001,7.0,4.425,0.8125,1.175,0.125,0.1875,0.6125,0.425,1.125,cumulative_fake_reposts,10,4.7,3.642496091662663,-3.53989862421916,12.939898624219161,0.40803626493411316,0.22910140711221813,25183.4,25188.1,0.01866308758944384,1.0
m49_credibility,49,credibility,5.000000000000001,7.0,4.425,0.8125,1.175,0.125,0.1875,0.6125,0.425,1.125,target_unique_reposters_p400,10,0.0,0.0,0.0,0.0,,,11.5,11.5,0.0,
m49_combined,49,combined,5.000000000000001,7.0,4.425,0.8125,1.175,0.125,0.1875,0.6125,0.425,1.125,fake_repost_share_all,10,0.000795499999999999,9.56540351707351e-05,0.0005791155391879692,0.001011884460812029,2.6298857901538644,1.6214765229447148e-05,0.125917,0.12671249999999998,0.6317653692511727,0.0013458255140441132
m49_combined,49,combined,5.000000000000001,7.0,4.425,0.8125,1.175,0.125,0.1875,0.6125,0.425,1.125,fake_repost_share_final100,10,0.0002060000000000027,0.00010185174410768725,-2.4404652476691876e-05,0.0004364046524766973,0.6395857073453179,0.07381771048370138,0.100306,0.10051200000000002,0.20537156301717016,1.0
m49_combined,49,combined,5.000000000000001,7.0,4.425,0.8125,1.175,0.125,0.1875,0.6125,0.425,1.125,target_share_all,10,0.0016565,0.00019477201772556774,0.001215895084989448,0.002097104915010552,2.6894586836645407,1.3531913398356817e-05,0.00023549999999999995,0.001892,703.3970276008495,0.0011366807254619728
m49_combined,49,combined,5.000000000000001,7.0,4.425,0.8125,1.175,0.125,0.1875,0.6125,0.425,1.125,target_share_final100,10,0.00034,0.0001568297024021775,-1.4773434628596665e-05,0.0006947734346285967,0.6855680958317757,0.05830718959551565,0.0,0.00034,,1.0
m49_combined,49,combined,5.000000000000001,7.0,4.425,0.8125,1.175,0.125,0.1875,0.6125,0.425,1.125,fake_repost_share_decisions,10,0.0007956645872465931,9.567280041503577e-05,0.0005792376765027568,0.0010120914979904294,2.6299139758864714,1.621336526766687e-05,0.12594364211991854,0.12673930670716513,0.6317624088471198,0.0013457093172163502
m49_combined,49,combined,5.000000000000001,7.0,4.425,0.8125,1.175,0.125,0.1875,0.6125,0.425,1.125,target_share_decisions,10,0.001656843044929498,0.0001948098300313028,0.0012161525925406854,0.00209753349731831,2.6894935160838744,1.3530495098985278e-05,0.00023555041097072447,0.0018923934559002223,703.3921265946846,0.0011365615883147634
m49_combined,49,combined,5.000000000000001,7.0,4.425,0.8125,1.175,0.125,0.1875,0.6125,0.425,1.125,participation_rate,10,0.0,0.0,0.0,0.0,,,0.9997905000000001,0.9997905000000001,0.0,
m49_combined,49,combined,5.000000000000001,7.0,4.425,0.8125,1.175,0.125,0.1875,0.6125,0.425,1.125,cumulative_fake_reposts,10,159.1,19.130807034147246,115.82310783759351,202.37689216240648,2.629885790153837,1.6214765229448568e-05,25183.4,25342.5,0.6317653692511733,0.0013458255140442312
m49_combined,49,combined,5.000000000000001,7.0,4.425,0.8125,1.175,0.125,0.1875,0.6125,0.425,1.125,target_unique_reposters_p400,10,2.2,0.69602043392737,0.6254923899372855,3.774507610062715,0.9995411791453815,0.011534870347430632,11.5,13.7,19.130434782608695,0.2883717586857658
m50_credibility,50,credibility,5.000000000000001,7.0,4.425,0.8125,1.25,0.125,0.1875,0.6125,0.425,1.125,fake_repost_share_all,10,3.349999999999742e-05,2.4301920363077705e-05,-2.1474763219090363e-05,8.84747632190852e-05,0.43591740913028115,0.20134722978403988,0.12653799999999998,0.1265715,0.026474260696389564,1.0
m50_credibility,50,credibility,5.000000000000001,7.0,4.425,0.8125,1.25,0.125,0.1875,0.6125,0.425,1.125,fake_repost_share_final100,10,-1.9999999999992245e-06,1.9999999999992245e-06,-6.52431432559388e-06,2.524314325595431e-06,-0.31622776601683794,0.3434363961379136,0.100518,0.10051600000000001,-0.0019896933882480993,1.0
m50_credibility,50,credibility,5.000000000000001,7.0,4.425,0.8125,1.25,0.125,0.1875,0.6125,0.425,1.125,target_share_all,10,0.00016150000000000002,3.9023141282520495e-05,7.322352143285996e-05,0.0002497764785671401,1.3087307308752025,0.002527014175053315,0.0002855,0.000447,56.56742556917689,0.10017333104922103
m50_credibility,50,credibility,5.000000000000001,7.0,4.425,0.8125,1.25,0.125,0.1875,0.6125,0.425,1.125,target_share_final100,10,0.0,0.0,0.0,0.0,,,0.0,0.0,,
m50_credibility,50,credibility,5.000000000000001,7.0,4.425,0.8125,1.25,0.125,0.1875,0.6125,0.425,1.125,fake_repost_share_decisions,10,3.350718657977869e-05,2.4307226916995644e-05,-2.1479580898264335e-05,8.849395405782171e-05,0.43591573789209653,0.20134880366856506,0.12656477408350966,0.12659828127008949,0.02647433839503404,1.0
m50_credibility,50,credibility,5.000000000000001,7.0,4.425,0.8125,1.25,0.125,0.1875,0.6125,0.425,1.125,target_share_decisions,10,0.00016153489516114466,3.903210853428673e-05,7.3238131261191e-05,0.00024983165906109834,1.3087127738872066,0.002527227900074789,0.0002855603704973339,0.0004470952656584786,56.5676865034929,0.10016465136811986
m50_credibility,50,credibility,5.000000000000001,7.0,4.425,0.8125,1.25,0.125,0.1875,0.6125,0.425,1.125,participation_rate,10,0.0,0.0,0.0,0.0,,,0.9997905000000001,0.9997905000000001,0.0,
m50_credibility,50,credibility,5.000000000000001,7.0,4.425,0.8125,1.25,0.125,0.1875,0.6125,0.425,1.125,cumulative_fake_reposts,10,6.7,4.8603840726153855,-4.294952643817205,17.694952643817206,0.43591740913032867,0.20134722978399547,25307.6,25314.3,0.026474260696391604,1.0
m50_credibility,50,credibility,5.000000000000001,7.0,4.425,0.8125,1.25,0.125,0.1875,0.6125,0.425,1.125,target_unique_reposters_p400,10,0.0,0.0,0.0,0.0,,,12.0,12.0,0.0,
m50_combined,50,combined,5.000000000000001,7.0,4.425,0.8125,1.25,0.125,0.1875,0.6125,0.425,1.125,fake_repost_share_all,10,0.0010814999999999991,0.00014326558476402402,0.0007574107312435888,0.0014055892687564095,2.3871771403476028,3.508436403577464e-05,0.12653799999999998,0.12761950000000002,0.854683968452164,0.002841833486897746
m50_combined,50,combined,5.000000000000001,7.0,4.425,0.8125,1.25,0.125,0.1875,0.6125,0.425,1.125,fake_repost_share_final100,10,0.00033799999999999943,0.00010041912168506509,0.0001108361645982249,0.0005651638354017739,1.0643887650093595,0.008311005667168426,0.100518,0.10085599999999999,0.33625818261405865,0.6067034137032951
m50_combined,50,combined,5.000000000000001,7.0,4.425,0.8125,1.25,0.125,0.1875,0.6125,0.425,1.125,target_share_all,10,0.002205,0.00029159999237921035,0.0015453549885674671,0.0028646450114325327,2.3912285400897715,3.4618480771570165e-05,0.0002855,0.0024904999999999997,772.3292469352014,0.0027002415001824726
m50_combined,50,combined,5.000000000000001,7.0,4.425,0.8125,1.25,0.125,0.1875,0.6125,0.425,1.125,target_share_final100,10,0.0006000000000000001,0.00016602543312530294,0.00022442437724892164,0.0009755756227510785,1.1428168325686852,0.00562495603061051,0.0,0.0006000000000000001,,0.4049968342039567
m50_combined,50,combined,5.000000000000001,7.0,4.425,0.8125,1.25,0.125,0.1875,0.6125,0.425,1.125,fake_repost_share_decisions,10,0.0010817212086864536,0.0001432919887172323,0.000757572210038167,0.0014058702073347403,2.3872254432240534,3.507876923612259e-05,0.12656477408350966,0.1276464952921961,0.8546779437797716,0.00284138030812593
m50_combined,50,combined,5.000000000000001,7.0,4.425,0.8125,1.25,0.125,0.1875,0.6125,0.425,1.125,target_share_decisions,10,0.0022054533000347943,0.0002916554783040256,0.0015456827707200065,0.002865223829349582,2.39126511245388,3.461430619510077e-05,0.0002855603704973339,0.002491013670532128,772.3247088500977,0.00269991588321786
m50_combined,50,combined,5.000000000000001,7.0,4.425,0.8125,1.25,0.125,0.1875,0.6125,0.425,1.125,participation_rate,10,0.0,0.0,0.0,0.0,,,0.9997905000000001,0.9997905000000001,0.0,
m50_combined,50,combined,5.000000000000001,7.0,4.425,0.8125,1.25,0.125,0.1875,0.6125,0.425,1.125,cumulative_fake_reposts,10,216.3,28.65311695280482,151.48214624871792,281.1178537512821,2.387177140347603,3.5084364035774546e-05,25307.6,25523.9,0.8546839684521647,0.002841833486897738
m50_combined,50,combined,5.000000000000001,7.0,4.425,0.8125,1.25,0.125,0.1875,0.6125,0.425,1.125,target_unique_reposters_p400,10,3.6,1.0974718422102885,1.1173462111746546,6.082653788825345,1.037311313033653,0.009525216973948416,12.0,15.6,30.0,0.24765564132265883
m51_credibility,51,credibility,5.000000000000001,8.0,4.425,0.8125,1.25,0.125,0.1875,0.6125,0.425,1.125,fake_repost_share_all,10,8.850000000000246e-05,1.76705970470717e-05,4.852633231904841e-05,0.00012847366768095652,1.5837697627273262,0.0007306277358681595,0.1390155,0.13910400000000003,0.06366196575202224,0.059180846605320914
m51_credibility,51,credibility,5.000000000000001,8.0,4.425,0.8125,1.25,0.125,0.1875,0.6125,0.425,1.125,fake_repost_share_final100,10,1.2000000000000898e-05,1.306394529484365e-05,-1.755269742313357e-05,4.155269742313537e-05,0.29047375096557726,0.3822841681565422,0.13258199999999998,0.132594,0.009051002398516314,1.0
m51_credibility,51,credibility,5.000000000000001,8.0,4.425,0.8125,1.25,0.125,0.1875,0.6125,0.425,1.125,target_share_all,10,0.000162,2.9769484749021474e-05,9.465674684218916e-05,0.00022934325315781087,1.7208526961962833,0.00041001185370362006,0.00031150000000000004,0.00047350000000000007,52.00642054574639,0.027880806051846164
m51_credibility,51,credibility,5.000000000000001,8.0,4.425,0.8125,1.25,0.125,0.1875,0.6125,0.425,1.125,target_share_final100,10,-1.0000000000000003e-05,1.770122406313567e-05,-5.00429508047183e-05,3.0042950804718295e-05,-0.17864740025262416,0.5859232529428574,4.2000000000000004e-05,3.2000000000000005e-05,-23.809523809523814,1.0
m51_credibility,51,credibility,5.000000000000001,8.0,4.425,0.8125,1.25,0.125,0.1875,0.6125,0.425,1.125,fake_repost_share_decisions,10,8.851545776573516e-05,1.767312235237422e-05,4.8536077447302766e-05,0.00012849483808416757,1.583820046572351,0.0007304693249817391,0.13904124780469126,0.13912976326245702,0.06366129415788273,0.05916801532352087
m51_credibility,51,credibility,5.000000000000001,8.0,4.425,0.8125,1.25,0.125,0.1875,0.6125,0.425,1.125,target_share_decisions,10,0.0001620288877875834,2.9773852925593557e-05,9.467575312785164e-05,0.00022938202244731515,1.7209070436166585,0.00040992011494989805,0.0003115571757694341,0.0004735860635570175,52.006148594533364,0.027874567816593067
m51_credibility,51,credibility,5.000000000000001,8.0,4.425,0.8125,1.25,0.125,0.1875,0.6125,0.425,1.125,participation_rate,10,0.0,0.0,0.0,0.0,,,0.999813,0.999813,0.0,
m51_credibility,51,credibility,5.000000000000001,8.0,4.425,0.8125,1.25,0.125,0.1875,0.6125,0.425,1.125,cumulative_fake_reposts,10,17.7,3.5341194094144583,9.705266463808922,25.694733536191077,1.583769762727229,0.0007306277358684664,27803.1,27820.8,0.06366196575202046,0.059180846605345776
m51_credibility,51,credibility,5.000000000000001,8.0,4.425,0.8125,1.25,0.125,0.1875,0.6125,0.425,1.125,target_unique_reposters_p400,10,0.0,0.0,0.0,0.0,,,12.8,12.8,0.0,
m51_combined,51,combined,5.000000000000001,8.0,4.425,0.8125,1.25,0.125,0.1875,0.6125,0.425,1.125,fake_repost_share_all,10,0.0011615000000000056,0.00018161627741538586,0.0007506554371640446,0.0015723445628359667,2.0223878358022263,0.00012595916781473217,0.1390155,0.140177,0.835518341479911,0.008943100914845984
m51_combined,51,combined,5.000000000000001,8.0,4.425,0.8125,1.25,0.125,0.1875,0.6125,0.425,1.125,fake_repost_share_final100,10,0.0003360000000000002,0.00011691592420766957,7.151780460844844e-05,0.000600482195391552,0.908794333207585,0.01836081673347191,0.13258199999999998,0.132918,0.253428067158438,1.0
m51_combined,51,combined,5.000000000000001,8.0,4.425,0.8125,1.25,0.125,0.1875,0.6125,0.425,1.125,target_share_all,10,0.0024839999999999997,0.00039368331886880287,0.0015934264603467674,0.003374573539653232,1.9952833486643125,0.00013937974200070854,0.00031150000000000004,0.0027955000000000002,797.4317817014445,0.00783566627529122
m51_combined,51,combined,5.000000000000001,8.0,4.425,0.8125,1.25,0.125,0.1875,0.6125,0.425,1.125,target_share_final100,10,0.0006860000000000001,0.00022209207299876528,0.00018359282626514138,0.0011884071737348588,0.976767178397929,0.012954357566108797,4.2000000000000004e-05,0.000728,1633.3333333333333,0.8938506720615069
m51_combined,51,combined,5.000000000000001,8.0,4.425,0.8125,1.25,0.125,0.1875,0.6125,0.425,1.125,fake_repost_share_decisions,10,0.0011617131151366686,0.00018164967281396986,0.0007507930066605964,0.0015726332236127409,2.0223870346761115,0.0001259595430376318,0.13904124780469126,0.14020296091982798,0.8355168940719706,0.008943127555671858
m51_combined,51,combined,5.000000000000001,8.0,4.425,0.8125,1.25,0.125,0.1875,0.6125,0.425,1.125,target_share_decisions,10,0.002484453740079632,0.0003937527608230859,0.00159372311181212,0.003375184368347144,1.9952958662569371,0.00013937319549178775,0.0003115571757694341,0.0027960109158490657,797.4310763165461,0.007835343958099638
m51_combined,51,combined,5.000000000000001,8.0,4.425,0.8125,1.25,0.125,0.1875,0.6125,0.425,1.125,participation_rate,10,0.0,0.0,0.0,0.0,,,0.999813,0.999813,0.0,
m51_combined,51,combined,5.000000000000001,8.0,4.425,0.8125,1.25,0.125,0.1875,0.6125,0.425,1.125,cumulative_fake_reposts,10,232.3,36.32325548307707,150.13108743280804,314.468912567192,2.0223878358022227,0.00012595916781473406,27803.1,28035.4,0.835518341479907,0.008943100914846118
m51_combined,51,combined,5.000000000000001,8.0,4.425,0.8125,1.25,0.125,0.1875,0.6125,0.425,1.125,target_unique_reposters_p400,10,2.6,1.2310790208412925,-0.18489422496673047,5.384894224966731,0.6678630516194731,0.06386531521192126,12.8,15.4,20.3125,0.5747878369072914
m52_credibility,52,credibility,5.000000000000001,8.0,4.425,0.8125,1.25,0.125,0.1875,0.6125,0.425,1.25,fake_repost_share_all,10,9.749999999999481e-05,2.1657049147512116e-05,4.8508351145877516e-05,0.0001464916488541121,1.4236568877243347,0.0014846787761556473,0.13965849999999996,0.13975599999999996,0.06981315136564895,0.1128355869878292
m52_credibility,52,credibility,5.000000000000001,8.0,4.425,0.8125,1.25,0.125,0.1875,0.6125,0.425,1.25,fake_repost_share_final100,10,-2.0000000000006123e-06,9.637888196533084e-06,-2.38024178180362e-05,1.980241781803498e-05,-0.0656217958889972,0.8402276669134664,0.13280399999999998,0.13280200000000003,-0.0015059787355807149,1.0
m52_credibility,52,credibility,5.000000000000001,8.0,4.425,0.8125,1.25,0.125,0.1875,0.6125,0.425,1.25,target_share_all,10,0.000163,3.0461268668407246e-05,9.409182289384202e-05,0.000231908177106158,1.6921529573127843,0.00046170816862687876,0.00031800000000000003,0.000481,51.257861635220124,0.030934447298000878
m52_credibility,52,credibility,5.000000000000001,8.0,4.425,0.8125,1.25,0.125,0.1875,0.6125,0.425,1.25,target_share_final100,10,-6.0000000000000035e-06,9.451631252505215e-06,-2.7381075337982046e-05,1.538107533798204e-05,-0.20074488153546186,0.541351297645685,2.8000000000000003e-05,2.2e-05,-21.428571428571438,1.0
m52_credibility,52,credibility,5.000000000000001,8.0,4.425,0.8125,1.25,0.125,0.1875,0.6125,0.425,1.25,fake_repost_share_decisions,10,9.751727562824359e-05,2.1660439488770384e-05,4.8517957289364576e-05,0.0001465165939671226,1.4236862661976528,0.0014844805563286375,0.13968436943834464,0.13978188671397287,0.06981258964073771,0.11282052228097644
m52_credibility,52,credibility,5.000000000000001,8.0,4.425,0.8125,1.25,0.125,0.1875,0.6125,0.425,1.25,target_share_decisions,10,0.0001630290828066797,3.0465955149925655e-05,9.411030414278652e-05,0.00023194786147057286,1.6921945298621701,0.0004616283713437306,0.00031805860607825016,0.00048108768888492973,51.25756061653951,0.030929100880029953
m52_credibility,52,credibility,5.000000000000001,8.0,4.425,0.8125,1.25,0.125,0.1875,0.6125,0.425,1.25,participation_rate,10,0.0,0.0,0.0,0.0,,,0.999813,0.999813,0.0,
m52_credibility,52,credibility,5.000000000000001,8.0,4.425,0.8125,1.25,0.125,0.1875,0.6125,0.425,1.25,cumulative_fake_reposts,10,19.5,4.331409829502527,9.701670229176306,29.298329770823692,1.4236568877243763,0.001484678776155367,27931.7,27951.2,0.06981315136565264,0.1128355869878079
m52_credibility,52,credibility,5.000000000000001,8.0,4.425,0.8125,1.25,0.125,0.1875,0.6125,0.425,1.25,target_unique_reposters_p400,10,0.0,0.0,0.0,0.0,,,12.1,12.1,0.0,
m52_combined,52,combined,5.000000000000001,8.0,4.425,0.8125,1.25,0.125,0.1875,0.6125,0.425,1.25,fake_repost_share_all,10,0.0012129999999999919,0.00020273984424489444,0.0007543706091568114,0.0016716293908431723,1.8920024408970195,0.00020675996788986674,0.13965849999999996,0.14087149999999998,0.8685472062208831,0.013207724544422345
m52_combined,52,combined,5.000000000000001,8.0,4.425,0.8125,1.25,0.125,0.1875,0.6125,0.425,1.25,fake_repost_share_final100,10,0.00038399999999999687,0.00012421486760180037,0.00010300644752855349,0.0006649935524714402,0.9775920104809156,0.012899919813960397,0.13280399999999998,0.133188,0.28914791723140637,0.9158943067911881
m52_combined,52,combined,5.000000000000001,8.0,4.425,0.8125,1.25,0.125,0.1875,0.6125,0.425,1.25,target_share_all,10,0.0025495,0.0004181383675823643,0.001603605296732806,0.0034953947032671942,1.9281241616774614,0.00017984065318511303,0.00031800000000000003,0.0028675,801.7295597484276,0.009171873312440765
m52_combined,52,combined,5.000000000000001,8.0,4.425,0.8125,1.25,0.125,0.1875,0.6125,0.425,1.25,target_share_final100,10,0.000764,0.00023613178994413738,0.00022983278001350855,0.0012981672199864915,1.023149035943106,0.010232422711213846,2.8000000000000003e-05,0.000792,2728.5714285714284,0.7162695897849692
m52_combined,52,combined,5.000000000000001,8.0,4.425,0.8125,1.25,0.125,0.1875,0.6125,0.425,1.25,fake_repost_share_decisions,10,0.0012132256080585892,0.00020277801358149024,0.0007545098721772294,0.0016719413439399491,1.8919981359646176,0.0002067634261045035,0.13968436943834464,0.1408975950464032,0.8685478646872481,0.013204724438283678
m52_combined,52,combined,5.000000000000001,8.0,4.425,0.8125,1.25,0.125,0.1875,0.6125,0.425,1.25,target_share_decisions,10,0.002549969973917819,0.0004182136577250337,0.001603904952515097,0.0034960349953205407,1.9281324111902098,0.00017983495911136406,0.00031805860607825016,0.002868028579996069,801.729594856636,0.009171582914679568
m52_combined,52,combined,5.000000000000001,8.0,4.425,0.8125,1.25,0.125,0.1875,0.6125,0.425,1.25,participation_rate,10,0.0,0.0,0.0,0.0,,,0.999813,0.999813,0.0,
m52_combined,52,combined,5.000000000000001,8.0,4.425,0.8125,1.25,0.125,0.1875,0.6125,0.425,1.25,cumulative_fake_reposts,10,242.6,40.54796884897907,150.8741218313635,334.32587816863645,1.8920024408970235,0.00020675996788986368,27931.7,28174.3,0.8685472062208887,0.013207724544422003
m52_combined,52,combined,5.000000000000001,8.0,4.425,0.8125,1.25,0.125,0.1875,0.6125,0.425,1.25,target_unique_reposters_p400,10,2.7,1.3666666666666667,-0.39161478915754655,5.791614789157547,0.6247426596918018,0.07962024447538617,12.1,14.8,22.314049586776864,0.5747878369072914
m53_credibility,53,credibility,5.000000000000001,8.0,4.425,0.8125,1.25,0.125,0.1875,0.675,0.425,1.25,fake_repost_share_all,10,0.00010650000000000381,2.2124019124522336e-05,5.645199166758113e-05,0.0001565480083324265,1.5222485973837074,0.0009552187718253034,0.13967650000000004,0.139783,0.07624761502472054,0.07546228297419896
m53_credibility,53,credibility,5.000000000000001,8.0,4.425,0.8125,1.25,0.125,0.1875,0.675,0.425,1.25,fake_repost_share_final100,10,-3.999999999998449e-06,8.844332774281125e-06,-2.4007270735509412e-05,1.6007270735512518e-05,-0.14301938838678244,0.6617803305192843,0.13281,0.13280599999999998,-0.0030118213989898716,1.0
m53_credibility,53,credibility,5.000000000000001,8.0,4.425,0.8125,1.25,0.125,0.1875,0.675,0.425,1.25,target_share_all,10,0.000163,3.0461268668407246e-05,9.409182289384202e-05,0.000231908177106158,1.6921529573127843,0.00046170816862687876,0.00031800000000000003,0.000481,51.257861635220124,0.030934447298000878
m53_credibility,53,credibility,5.000000000000001,8.0,4.425,0.8125,1.25,0.125,0.1875,0.675,0.425,1.25,target_share_final100,10,-6.0000000000000035e-06,9.451631252505215e-06,-2.7381075337982046e-05,1.538107533798204e-05,-0.20074488153546186,0.541351297645685,2.8000000000000003e-05,2.2e-05,-21.428571428571438,1.0
m53_credibility,53,credibility,5.000000000000001,8.0,4.425,0.8125,1.25,0.125,0.1875,0.675,0.425,1.25,fake_repost_share_decisions,10,0.00010651886341557642,2.2127435301268244e-05,5.646312715445861e-05,0.00015657459967669424,1.5222831637713472,0.0009550734556397405,0.1397023727689744,0.13980889163239,0.07624699660021272,0.0754508029955395
m53_credibility,53,credibility,5.000000000000001,8.0,4.425,0.8125,1.25,0.125,0.1875,0.675,0.425,1.25,target_share_decisions,10,0.0001630290828066797,3.0465955149925655e-05,9.411030414278652e-05,0.00023194786147057286,1.6921945298621701,0.0004616283713437306,0.00031805860607825016,0.00048108768888492973,51.25756061653951,0.030929100880029953
m53_credibility,53,credibility,5.000000000000001,8.0,4.425,0.8125,1.25,0.125,0.1875,0.675,0.425,1.25,participation_rate,10,0.0,0.0,0.0,0.0,,,0.999813,0.999813,0.0,
m53_credibility,53,credibility,5.000000000000001,8.0,4.425,0.8125,1.25,0.125,0.1875,0.675,0.425,1.25,cumulative_fake_reposts,10,21.3,4.424803824904432,11.290398333515547,31.309601666484454,1.5222485973836652,0.0009552187718254798,27935.3,27956.6,0.07624761502471783,0.07546228297421291
m53_credibility,53,credibility,5.000000000000001,8.0,4.425,0.8125,1.25,0.125,0.1875,0.675,0.425,1.25,target_unique_reposters_p400,10,0.0,0.0,0.0,0.0,,,12.1,12.1,0.0,
m53_combined,53,combined,5.000000000000001,8.0,4.425,0.8125,1.25,0.125,0.1875,0.675,0.425,1.25,fake_repost_share_all,10,0.0013744999999999994,0.00022553572025537372,0.0008643027549574536,0.0018846972450425451,1.9272116359128582,0.0001804717197065783,0.13967650000000004,0.141051,0.9840595948495265,0.012091605220340746
m53_combined,53,combined,5.000000000000001,8.0,4.425,0.8125,1.25,0.125,0.1875,0.675,0.425,1.25,fake_repost_share_final100,10,0.0004599999999999979,0.00013074147518417307,0.00016424223543731704,0.0007557577645626787,1.112613821764144,0.006531900259995718,0.13281,0.13327,0.34635946088396796,0.4833606192396831
m53_combined,53,combined,5.000000000000001,8.0,4.425,0.8125,1.25,0.125,0.1875,0.675,0.425,1.25,target_share_all,10,0.0025654999999999996,0.00041826058464391146,0.0016193288225316105,0.003511671177468389,1.939657628525737,0.00017206818076445705,0.00031800000000000003,0.0028834999999999998,806.7610062893079,0.009115651386232704
m53_combined,53,combined,5.000000000000001,8.0,4.425,0.8125,1.25,0.125,0.1875,0.675,0.425,1.25,target_share_final100,10,0.0008260000000000001,0.00022584261973526804,0.0003151085001007523,0.001336891499899248,1.1565759157243694,0.005256597303614457,2.8000000000000003e-05,0.0008539999999999999,2950.0,0.3942447977710843
m53_combined,53,combined,5.000000000000001,8.0,4.425,0.8125,1.25,0.125,0.1875,0.675,0.425,1.25,fake_repost_share_decisions,10,0.0013747547234277263,0.0002255772836841357,0.0008644634553770962,0.0018850459914783566,1.927213626791356,0.00018047034027473727,0.1397023727689744,0.14107712749240214,0.9840596807193505,0.012091512798407398
m53_combined,53,combined,5.000000000000001,8.0,4.425,0.8125,1.25,0.125,0.1875,0.675,0.425,1.25,target_share_decisions,10,0.0025659726943802973,0.000418335739265836,0.0016196315053456042,0.0035123138834149904,1.9396664846950948,0.00017206235486009905,0.00031805860607825016,0.002884031300458548,806.7609696274044,0.009115341310741255
m53_combined,53,combined,5.000000000000001,8.0,4.425,0.8125,1.25,0.125,0.1875,0.675,0.425,1.25,participation_rate,10,0.0,0.0,0.0,0.0,,,0.999813,0.999813,0.0,
m53_combined,53,combined,5.000000000000001,8.0,4.425,0.8125,1.25,0.125,0.1875,0.675,0.425,1.25,cumulative_fake_reposts,10,274.9,45.107144051075146,172.8605509914899,376.93944900851005,1.9272116359128415,0.00018047171970659003,27935.3,28210.2,0.9840595948495272,0.012091605220341532
m53_combined,53,combined,5.000000000000001,8.0,4.425,0.8125,1.25,0.125,0.1875,0.675,0.425,1.25,target_unique_reposters_p400,10,3.0,1.4605934866804429,-0.3040920178305684,6.304092017830568,0.649519052838329,0.07016278353027156,12.1,15.1,24.793388429752067,0.5747878369072914
m54_credibility,54,credibility,5.000000000000001,8.0,4.425,0.8125,1.25,0.125,0.2249999999999999,0.675,0.425,1.25,fake_repost_share_all,10,0.0001040000000000027,2.1753671465346703e-05,5.4789776277509735e-05,0.00015321022372249567,1.5118223936654382,0.0010001542064014158,0.141882,0.141986,0.07330034817665573,0.07801202809931043
m54_credibility,54,credibility,5.000000000000001,8.0,4.425,0.8125,1.25,0.125,0.2249999999999999,0.675,0.425,1.25,fake_repost_share_final100,10,-6.000000000000449e-06,8.459051693632432e-06,-2.5135704379231343e-05,1.3135704379230443e-05,-0.22430015382568425,0.4961015555244602,0.13315000000000002,0.13314399999999998,-0.004506196019527186,1.0
m54_credibility,54,credibility,5.000000000000001,8.0,4.425,0.8125,1.25,0.125,0.2249999999999999,0.675,0.425,1.25,target_share_all,10,0.00016749999999999998,2.8985149454313482e-05,0.00010193103654714825,0.0002330689634528517,1.8274237602710648,0.00026646018185524,0.00031800000000000003,0.0004855,52.67295597484275,0.01891867291172204
m54_credibility,54,credibility,5.000000000000001,8.0,4.425,0.8125,1.25,0.125,0.2249999999999999,0.675,0.425,1.25,target_share_final100,10,-6.0000000000000035e-06,9.451631252505215e-06,-2.7381075337982046e-05,1.538107533798204e-05,-0.20074488153546186,0.541351297645685,2.8000000000000003e-05,2.2e-05,-21.428571428571438,1.0
m54_credibility,54,credibility,5.000000000000001,8.0,4.425,0.8125,1.25,0.125,0.2249999999999999,0.675,0.425,1.25,fake_repost_share_decisions,10,0.00010401839832924336,2.1757001144555115e-05,5.4800642349079266e-05,0.00015323615430940746,1.5118584362688288,0.0009999950106767321,0.1419082657707335,0.14201228416906278,0.07329974597624575,0.0779996108327851
m54_credibility,54,credibility,5.000000000000001,8.0,4.425,0.8125,1.25,0.125,0.2249999999999999,0.675,0.425,1.25,target_share_decisions,10,0.00016752982542921242,2.8989537333323123e-05,0.00010195093590442954,0.0002331087149539953,1.827472505943501,0.00026640860652036,0.00031805860607825016,0.0004855884315074625,52.67262769427972,0.01891501106294556
m54_credibility,54,credibility,5.000000000000001,8.0,4.425,0.8125,1.25,0.125,0.2249999999999999,0.675,0.425,1.25,participation_rate,10,0.0,0.0,0.0,0.0,,,0.999813,0.999813,0.0,
m54_credibility,54,credibility,5.000000000000001,8.0,4.425,0.8125,1.25,0.125,0.2249999999999999,0.675,0.425,1.25,cumulative_fake_reposts,10,20.8,4.350734293069261,10.957955255501586,30.642044744498413,1.5118223936654267,0.0010001542064014676,28376.4,28397.2,0.07330034817665385,0.07801202809931447
m54_credibility,54,credibility,5.000000000000001,8.0,4.425,0.8125,1.25,0.125,0.2249999999999999,0.675,0.425,1.25,target_unique_reposters_p400,10,0.0,0.0,0.0,0.0,,,12.1,12.1,0.0,
m54_combined,54,combined,5.000000000000001,8.0,4.425,0.8125,1.25,0.125,0.2249999999999999,0.675,0.425,1.25,fake_repost_share_all,10,0.0013739999999999974,0.00022012597403406182,0.0008760404511209128,0.001871959548879082,1.9738558905361225,0.00015109288324996118,0.141882,0.143256,0.968410369180021,0.01027431606099736
m54_combined,54,combined,5.000000000000001,8.0,4.425,0.8125,1.25,0.125,0.2249999999999999,0.675,0.425,1.25,fake_repost_share_final100,10,0.0004679999999999976,0.0001259700140686063,0.00018303603037690924,0.000752963969623086,1.1748398663770727,0.0048063891578516245,0.13315000000000002,0.133618,0.3514832895230924,0.3604791868388718
m54_combined,54,combined,5.000000000000001,8.0,4.425,0.8125,1.25,0.125,0.2249999999999999,0.675,0.425,1.25,target_share_all,10,0.0025665,0.0004183990984162794,0.0016200154826093026,0.003512984517390698,1.9397712962438742,0.00017199342238174913,0.00031800000000000003,0.0028845,807.0754716981131,0.009115651386232704
m54_combined,54,combined,5.000000000000001,8.0,4.425,0.8125,1.25,0.125,0.2249999999999999,0.675,0.425,1.25,target_share_final100,10,0.0008260000000000001,0.00022584261973526804,0.0003151085001007523,0.001336891499899248,1.1565759157243694,0.005256597303614457,2.8000000000000003e-05,0.0008539999999999999,2950.0,0.3942447977710843
m54_combined,54,combined,5.000000000000001,8.0,4.425,0.8125,1.25,0.125,0.2249999999999999,0.675,0.425,1.25,fake_repost_share_decisions,10,0.0013742546184063481,0.00022016654675969768,0.0008762032876453522,0.001872305949167344,1.9738578558498452,0.0001510917609754004,0.1419082657707335,0.14328252038913986,0.9684105509587362,0.010274239746327227
m54_combined,54,combined,5.000000000000001,8.0,4.425,0.8125,1.25,0.125,0.2249999999999999,0.675,0.425,1.25,target_share_decisions,10,0.002566972859407552,0.00041847426593762685,0.0016203183012700284,0.0035136274175450754,1.9397801939804225,0.00017198757190077838,0.00031805860607825016,0.002885031465485802,807.0754289780211,0.009115341310741255
m54_combined,54,combined,5.000000000000001,8.0,4.425,0.8125,1.25,0.125,0.2249999999999999,0.675,0.425,1.25,participation_rate,10,0.0,0.0,0.0,0.0,,,0.999813,0.999813,0.0,
m54_combined,54,combined,5.000000000000001,8.0,4.425,0.8125,1.25,0.125,0.2249999999999999,0.675,0.425,1.25,cumulative_fake_reposts,10,274.8,44.02519480681235,175.20809022418314,374.3919097758169,1.9738558905361268,0.00015109288324995887,28376.4,28651.2,0.9684103691800228,0.010274316060997202
m54_combined,54,combined,5.000000000000001,8.0,4.425,0.8125,1.25,0.125,0.2249999999999999,0.675,0.425,1.25,target_unique_reposters_p400,10,3.0,1.4605934866804429,-0.3040920178305684,6.304092017830568,0.649519052838329,0.07016278353027156,12.1,15.1,24.793388429752067,0.5747878369072914
m55_credibility,55,credibility,5.000000000000001,8.0,4.425,0.8125,1.25,0.125,0.2249999999999999,0.675,0.4875,1.25,fake_repost_share_all,10,0.00011049999999999255,2.5434556545506404e-05,5.296303572797927e-05,0.00016803696427200582,1.3738461719330326,0.0018652139138533711,0.142843,0.14295349999999998,0.0773576584081772,0.1361606157112961
m55_credibility,55,credibility,5.000000000000001,8.0,4.425,0.8125,1.25,0.125,0.2249999999999999,0.675,0.4875,1.25,fake_repost_share_final100,10,-5.999999999999062e-06,8.459051693632906e-06,-2.5135704379231028e-05,1.3135704379232905e-05,-0.22430015382561982,0.49610155552458063,0.13325599999999999,0.13325,-0.00450261151467781,1.0
m55_credibility,55,credibility,5.000000000000001,8.0,4.425,0.8125,1.25,0.125,0.2249999999999999,0.675,0.4875,1.25,target_share_all,10,0.000182,3.422312408624061e-05,0.00010458191471497903,0.000259418085285021,1.6817124371823156,0.00048222871680054065,0.00034849999999999996,0.0005304999999999999,52.22381635581063,0.03134486659203514
m55_credibility,55,credibility,5.000000000000001,8.0,4.425,0.8125,1.25,0.125,0.2249999999999999,0.675,0.4875,1.25,target_share_final100,10,-4.000000000000004e-06,9.797958971132712e-06,-2.61645230673508e-05,1.816452306735079e-05,-0.1290994448735807,0.6926333242322501,3.6e-05,3.2e-05,-11.111111111111121,1.0
m55_credibility,55,credibility,5.000000000000001,8.0,4.425,0.8125,1.25,0.125,0.2249999999999999,0.675,0.4875,1.25,fake_repost_share_decisions,10,0.0001105195035171147,2.5438545182501977e-05,5.297351632135208e-05,0.0001680654907128773,1.3738732088557999,0.0018649811027647413,0.14286944142124128,0.14297996092475837,0.0773569928024392,0.13614362050182613
m55_credibility,55,credibility,5.000000000000001,8.0,4.425,0.8125,1.25,0.125,0.2249999999999999,0.675,0.4875,1.25,target_share_decisions,10,0.0001820322908483337,3.422842194227822e-05,0.00010460222098032978,0.0002594623607163376,1.6817504696818768,0.0004821521994094837,0.00034856379195984994,0.0005305960828081836,52.22352265128601,0.03133989296161644
m55_credibility,55,credibility,5.000000000000001,8.0,4.425,0.8125,1.25,0.125,0.2249999999999999,0.675,0.4875,1.25,participation_rate,10,0.0,0.0,0.0,0.0,,,0.999813,0.999813,0.0,
m55_credibility,55,credibility,5.000000000000001,8.0,4.425,0.8125,1.25,0.125,0.2249999999999999,0.675,0.4875,1.25,cumulative_fake_reposts,10,22.1,5.086911309101689,10.592607145596423,33.60739285440358,1.373846171933015,0.0018652139138535227,28568.6,28590.7,0.07735765840818243,0.13616061571130716
m55_credibility,55,credibility,5.000000000000001,8.0,4.425,0.8125,1.25,0.125,0.2249999999999999,0.675,0.4875,1.25,target_unique_reposters_p400,10,0.0,0.0,0.0,0.0,,,12.6,12.6,0.0,
m55_combined,55,combined,5.000000000000001,8.0,4.425,0.8125,1.25,0.125,0.2249999999999999,0.675,0.4875,1.25,fake_repost_share_all,10,0.0014120000000000022,0.00024676934799750097,0.0008537689518684125,0.001970231048131592,1.809437068417013,0.0002862517345932199,0.142843,0.144255,0.9884978612882691,0.016316348871813536
m55_combined,55,combined,5.000000000000001,8.0,4.425,0.8125,1.25,0.125,0.2249999999999999,0.675,0.4875,1.25,fake_repost_share_final100,10,0.0004640000000000019,0.00012421486760180224,0.0001830064475285543,0.0007449935524714494,1.1812570126644364,0.0046580051034104,0.13325599999999999,0.13372,0.34820195713513985,0.35400838785919037
m55_combined,55,combined,5.000000000000001,8.0,4.425,0.8125,1.25,0.125,0.2249999999999999,0.675,0.4875,1.25,target_share_all,10,0.0026674999999999997,0.0004905740684816786,0.0015577443571011134,0.0037772556428988862,1.7194907355389875,0.0004123181225831517,0.00034849999999999996,0.003016,765.4232424677188,0.016080406780742917
m55_combined,55,combined,5.000000000000001,8.0,4.425,0.8125,1.25,0.125,0.2249999999999999,0.675,0.4875,1.25,target_share_final100,10,0.0008280000000000001,0.00022651367385754977,0.0003155904702114074,0.0013404095297885926,1.1559416515693703,0.0052730076403668886,3.6e-05,0.0008640000000000002,2300.0,0.3942447977710843
m55_combined,55,combined,5.000000000000001,8.0,4.425,0.8125,1.25,0.125,0.2249999999999999,0.675,0.4875,1.25,fake_repost_share_decisions,10,0.001412261054495907,0.0002468137429781786,0.0008539295779407852,0.001970592531051029,1.8094460742216818,0.0002862414347018139,0.14286944142124128,0.14428170247573718,0.9884976384361628,0.016315761778003392
m55_combined,55,combined,5.000000000000001,8.0,4.425,0.8125,1.25,0.125,0.2249999999999999,0.675,0.4875,1.25,target_share_decisions,10,0.0026679900323269483,0.0004906600807816148,0.0015580398160876727,0.0037779402485662236,1.7195051334397358,0.0004122936686710655,0.00034856379195984994,0.003016553824286798,765.4237456293987,0.016079453078171553
m55_combined,55,combined,5.000000000000001,8.0,4.425,0.8125,1.25,0.125,0.2249999999999999,0.675,0.4875,1.25,participation_rate,10,0.0,0.0,0.0,0.0,,,0.999813,0.999813,0.0,
m55_combined,55,combined,5.000000000000001,8.0,4.425,0.8125,1.25,0.125,0.2249999999999999,0.675,0.4875,1.25,cumulative_fake_reposts,10,282.4,49.35386959949994,170.75379037368262,394.04620962631736,1.8094370684170193,0.0002862517345932131,28568.6,28851.0,0.9884978612882674,0.016316348871813147
m55_combined,55,combined,5.000000000000001,8.0,4.425,0.8125,1.25,0.125,0.2249999999999999,0.675,0.4875,1.25,target_unique_reposters_p400,10,2.7,1.2999999999999998,-0.2408043116376657,5.640804311637666,0.6567807448042019,0.0676014630570555,12.6,15.3,21.42857142857143,0.5747878369072914
m56_credibility,56,credibility,0.33,8.0,11.275,0.625,1.175,0.125,0.2249999999999999,0.6125,0.4875,0.875,fake_repost_share_all,10,0.0008759999999999948,0.0019625408417547783,-0.0035635758224595955,0.005315575822459585,0.14115146912461646,0.6658831978490266,0.16399550000000002,0.1648715,0.5341609983200726,1.0
m56_credibility,56,credibility,0.33,8.0,11.275,0.625,1.175,0.125,0.2249999999999999,0.6125,0.4875,0.875,fake_repost_share_final100,10,0.002514000000000001,0.0013538982400625413,-0.0005487306014573604,0.0055767306014573624,0.5871908096502194,0.09629366571049966,0.157264,0.15977800000000003,1.5985858174788898,1.0
m56_credibility,56,credibility,0.33,8.0,11.275,0.625,1.175,0.125,0.2249999999999999,0.6125,0.4875,0.875,target_share_all,10,0.004599500000000001,0.0015760702624636447,0.0010341813666946203,0.008164818633305381,0.9228583550081398,0.017078040673632743,0.012358499999999998,0.016957999999999997,37.21729983412228,0.2054593680354061
m56_credibility,56,credibility,0.33,8.0,11.275,0.625,1.175,0.125,0.2249999999999999,0.6125,0.4875,0.875,target_share_final100,10,0.007869999999999999,0.0021579233844910557,0.0029884381590038122,0.012751561840996184,1.1532904904960166,0.005342186738021131,0.017074,0.024943999999999997,46.093475459763376,0.44340149925575384
m56_credibility,56,credibility,0.33,8.0,11.275,0.625,1.175,0.125,0.2249999999999999,0.6125,0.4875,0.875,fake_repost_share_decisions,10,0.0008760905006329519,0.001962864816708808,-0.003564218204089464,0.005316399205355368,0.1411427519029351,0.6659023728418,0.16402449734539298,0.16490058784602593,0.5341217408446819,1.0
m56_credibility,56,credibility,0.33,8.0,11.275,0.625,1.175,0.125,0.2249999999999999,0.6125,0.4875,0.875,target_share_decisions,10,0.004600268810205615,0.0015763152734708562,0.0010343959234953063,0.008166141696915923,0.9228691451584506,0.017077092538856743,0.012360686341604754,0.01696095515181037,37.216936690008865,0.20544379648329525
m56_credibility,56,credibility,0.33,8.0,11.275,0.625,1.175,0.125,0.2249999999999999,0.6125,0.4875,0.875,participation_rate,10,0.0,0.0,0.0,0.0,,,0.9998239999999999,0.9998239999999999,0.0,
m56_credibility,56,credibility,0.33,8.0,11.275,0.625,1.175,0.125,0.2249999999999999,0.6125,0.4875,0.875,cumulative_fake_reposts,10,175.2,392.50816835095577,-712.7151644919184,1063.1151644919182,0.14115146912461723,0.6658831978490249,32799.1,32974.3,0.5341609983200758,1.0
m56_credibility,56,credibility,0.33,8.0,11.275,0.625,1.175,0.125,0.2249999999999999,0.6125,0.4875,0.875,target_unique_reposters_p400,10,89.3,17.095191006699967,50.627991214790214,127.97200878520978,1.651876220291198,0.00054650215682685,196.8,286.1,45.3760162601626,0.047545687643935956
m56_combined,56,combined,0.33,8.0,11.275,0.625,1.175,0.125,0.2249999999999999,0.6125,0.4875,0.875,fake_repost_share_all,10,0.008190499999999996,0.0032708750485662577,0.0007912665802679106,0.015589733419732082,0.7918564540385693,0.03363645168293776,0.16399550000000002,0.172186,4.994344357009793,0.20181871009762656
m56_combined,56,combined,0.33,8.0,11.275,0.625,1.175,0.125,0.2249999999999999,0.6125,0.4875,0.875,fake_repost_share_final100,10,0.014842,0.0027633175713261773,0.008590941362938347,0.02109305863706165,1.698484659137247,0.0004497247963754559,0.157264,0.172106,9.437633533421508,0.03867633248828921
m56_combined,56,combined,0.33,8.0,11.275,0.625,1.175,0.125,0.2249999999999999,0.6125,0.4875,0.875,target_share_all,10,0.021976000000000002,0.003759314491292853,0.013471839796310786,0.030480160203689217,1.8485873959419872,0.0002450546501351275,0.012358499999999998,0.034334500000000004,177.82093296111995,0.012007677856621247
m56_combined,56,combined,0.33,8.0,11.275,0.625,1.175,0.125,0.2249999999999999,0.6125,0.4875,0.875,target_share_final100,10,0.032119999999999996,0.004965796791832886,0.020886587218354888,0.043353412781645104,2.0454392860308275,0.00011565043627467838,0.017074,0.049193999999999995,188.1222912029987,0.010177238392171698
m56_combined,56,combined,0.33,8.0,11.275,0.625,1.175,0.125,0.2249999999999999,0.6125,0.4875,0.875,fake_repost_share_decisions,10,0.0081918537002285,0.003271433593074669,0.0007913567650359703,0.015592350635421031,0.791852110537675,0.0336372097556307,0.16402449734539298,0.17221635104562147,4.99428672717014,0.2018232585337842
m56_combined,56,combined,0.33,8.0,11.275,0.625,1.175,0.125,0.2249999999999999,0.6125,0.4875,0.875,target_share_decisions,10,0.021979823492591387,0.0037598849432534244,0.013474372836913532,0.030485274148269244,1.8486285047042457,0.0002450149345675653,0.012360686341604754,0.03434050983419614,177.82041292164854,0.0120057317938107
m56_combined,56,combined,0.33,8.0,11.275,0.625,1.175,0.125,0.2249999999999999,0.6125,0.4875,0.875,participation_rate,10,0.0,0.0,0.0,0.0,,,0.9998239999999999,0.9998239999999999,0.0,
m56_combined,56,combined,0.33,8.0,11.275,0.625,1.175,0.125,0.2249999999999999,0.6125,0.4875,0.875,cumulative_fake_reposts,10,1638.1,654.1750097132519,158.25331605358178,3117.946683946418,0.7918564540385691,0.03363645168293779,32799.1,34437.2,4.994344357009796,0.20181871009762672
m56_combined,56,combined,0.33,8.0,11.275,0.625,1.175,0.125,0.2249999999999999,0.6125,0.4875,0.875,target_unique_reposters_p400,10,245.1,22.185806273381186,194.9122194262174,295.2877805737826,3.49355910241231,1.5523444108321892e-06,196.8,441.9,124.54268292682926,0.0001272922416882395
m57_credibility,57,credibility,0.33,8.0,11.275,0.625,1.25,0.125,0.2249999999999999,0.6125,0.4875,0.875,fake_repost_share_all,10,0.0005314999999999903,0.00031569240479372443,-0.00018264583474512377,0.0012456458347451043,0.5324013346085018,0.12654742952037487,0.151541,0.1520725,0.3507301654337706,1.0
m57_credibility,57,credibility,0.33,8.0,11.275,0.625,1.25,0.125,0.2249999999999999,0.6125,0.4875,0.875,fake_repost_share_final100,10,0.0012660000000000074,0.0005290498821262315,6.920601967060677e-05,0.002462793980329408,0.7567232605143968,0.040360458509501894,0.141906,0.143172,0.8921398672360628,1.0
m57_credibility,57,credibility,0.33,8.0,11.275,0.625,1.25,0.125,0.2249999999999999,0.6125,0.4875,0.875,target_share_all,10,0.001808,0.00035673613030735564,0.0010010068075963015,0.0026149931924036984,1.6026966499464044,0.0006735372521648984,0.005863999999999999,0.007672,30.832196452933154,0.04108577238205881
m57_credibility,57,credibility,0.33,8.0,11.275,0.625,1.25,0.125,0.2249999999999999,0.6125,0.4875,0.875,target_share_final100,10,0.003218,0.0010417781806976848,0.0008613340264878497,0.005574665973512151,0.9768115419356141,0.012951423612103073,0.007018000000000001,0.010236,45.853519521231114,1.0
m57_credibility,57,credibility,0.33,8.0,11.275,0.625,1.25,0.125,0.2249999999999999,0.6125,0.4875,0.875,fake_repost_share_decisions,10,0.0005315877550057469,0.00031574460095735063,-0.00018267615566478477,0.0012458516656762785,0.5324012119215303,0.12654750610827636,0.1515678083205167,0.15209939607552242,0.3507260287630546,1.0
m57_credibility,57,credibility,0.33,8.0,11.275,0.625,1.25,0.125,0.2249999999999999,0.6125,0.4875,0.875,target_share_decisions,10,0.0018083309875033108,0.0003568070264253809,0.0010011774169384072,0.0026154845580682144,1.6026715452499207,0.0006736097123640311,0.005865021451004124,0.007673352438507436,30.83247013859966,0.04109019245420589
m57_credibility,57,credibility,0.33,8.0,11.275,0.625,1.25,0.125,0.2249999999999999,0.6125,0.4875,0.875,participation_rate,10,0.0,0.0,0.0,0.0,,,0.9998239999999999,0.9998239999999999,0.0,
m57_credibility,57,credibility,0.33,8.0,11.275,0.625,1.25,0.125,0.2249999999999999,0.6125,0.4875,0.875,cumulative_fake_reposts,10,106.3,63.138480958744786,-36.52916694902258,249.1291669490226,0.5324013346085124,0.1265474295203685,30308.2,30414.5,0.350730165433777,1.0
m57_credibility,57,credibility,0.33,8.0,11.275,0.625,1.25,0.125,0.2249999999999999,0.6125,0.4875,0.875,target_unique_reposters_p400,10,49.5,8.847158991575895,29.486335916792044,69.51366408320796,1.7692995494642112,0.00033641264423479975,136.4,185.9,36.29032258064516,0.02960431269266238
m57_combined,57,combined,0.33,8.0,11.275,0.625,1.25,0.125,0.2249999999999999,0.6125,0.4875,0.875,fake_repost_share_all,10,0.007265999999999993,0.0013426627358433046,0.0042286858748898275,0.01030331412511016,1.711309092402261,0.0004264713527166418,0.151541,0.158807,4.794742017011893,0.020613747320046477
m57_combined,57,combined,0.33,8.0,11.275,0.625,1.25,0.125,0.2249999999999999,0.6125,0.4875,0.875,fake_repost_share_final100,10,0.012506,0.0027142456287766836,0.0063659498092691075,0.018646050190730894,1.4570326281004222,0.0012767542257930275,0.141906,0.15441199999999997,8.812876129268671,0.1072473549666143
m57_combined,57,combined,0.33,8.0,11.275,0.625,1.25,0.125,0.2249999999999999,0.6125,0.4875,0.875,target_share_all,10,0.016879,0.0025446500305106355,0.011122601706665698,0.022635398293334306,2.0975805704516106,9.556779223579268e-05,0.005863999999999999,0.022743,287.8410641200546,0.006307474287562316
m57_combined,57,combined,0.33,8.0,11.275,0.625,1.25,0.125,0.2249999999999999,0.6125,0.4875,0.875,target_share_final100,10,0.025472,0.0051067765001243425,0.013919668961434173,0.03702433103856583,1.5773068697611439,0.000751299429076223,0.007018000000000001,0.03249,362.9524080934739,0.06160655318425028
m57_combined,57,combined,0.33,8.0,11.275,0.625,1.25,0.125,0.2249999999999999,0.6125,0.4875,0.875,fake_repost_share_decisions,10,0.007267338089176496,0.0013429321692314652,0.004229414463397406,0.010305261714955586,1.7112808386625644,0.000426521129719968,0.1515678083205167,0.15883514640969318,4.7947767865115765,0.020618421021449007
m57_combined,57,combined,0.33,8.0,11.275,0.625,1.25,0.125,0.2249999999999999,0.6125,0.4875,0.875,target_share_decisions,10,0.016882024094612542,0.00254511907669654,0.011124564745089112,0.022639483444135973,2.0975697420849135,9.557154516236417e-05,0.005865021451004124,0.022747045545616667,287.84249530276225,0.006307721980716035
m57_combined,57,combined,0.33,8.0,11.275,0.625,1.25,0.125,0.2249999999999999,0.6125,0.4875,0.875,participation_rate,10,0.0,0.0,0.0,0.0,,,0.9998239999999999,0.9998239999999999,0.0,
m57_combined,57,combined,0.33,8.0,11.275,0.625,1.25,0.125,0.2249999999999999,0.6125,0.4875,0.875,cumulative_fake_reposts,10,1453.2,268.53254716866047,845.7371749779679,2060.662825022032,1.7113090924022651,0.0004264713527166347,30308.2,31761.4,4.794742017011898,0.020613747320046043
m57_combined,57,combined,0.33,8.0,11.275,0.625,1.25,0.125,0.2249999999999999,0.6125,0.4875,0.875,target_unique_reposters_p400,10,278.4,34.35022238323615,200.69439839205108,356.10560160794887,2.5629473101185085,1.9946815766002304e-05,136.4,414.8,204.10557184750732,0.001575798445514182
m58_credibility,58,credibility,0.33,8.0,14.7,0.625,1.25,0.125,0.2249999999999999,0.6125,0.4875,0.875,fake_repost_share_all,10,7.600000000000106e-05,0.00018442975175750198,-0.00034120908397132683,0.000493209083971329,0.13031145999090368,0.6899219313099283,0.140735,0.14081100000000002,0.05400220272142755,1.0
m58_credibility,58,credibility,0.33,8.0,14.7,0.625,1.25,0.125,0.2249999999999999,0.6125,0.4875,0.875,fake_repost_share_final100,10,0.0004160000000000039,0.0004110452800145285,-0.0005138490244192557,0.0013458490244192634,0.3200395602605049,0.33794579917211903,0.136986,0.137402,0.3036806680974727,1.0
m58_credibility,58,credibility,0.33,8.0,14.7,0.625,1.25,0.125,0.2249999999999999,0.6125,0.4875,0.875,target_share_all,10,0.0011445,0.00046926387388476147,8.29513664491533e-05,0.0022060486335508467,0.7712562128640429,0.037430500800791494,0.00625,0.0073945,18.311999999999998,0.2620135056055405
m58_credibility,58,credibility,0.33,8.0,14.7,0.625,1.25,0.125,0.2249999999999999,0.6125,0.4875,0.875,target_share_final100,10,0.00242,0.0009159912663339102,0.0003478837958021466,0.004492116204197853,0.8354568672074872,0.026828031765892928,0.007749999999999998,0.010170000000000002,31.225806451612907,1.0
m58_credibility,58,credibility,0.33,8.0,14.7,0.625,1.25,0.125,0.2249999999999999,0.6125,0.4875,0.875,fake_repost_share_decisions,10,7.602304613887195e-05,0.0001844639272089111,-0.000341263348074653,0.0004933094403523968,0.13032682546687707,0.6898875871616977,0.14075926651398335,0.14083528956012223,0.0540092656218265,1.0
m58_credibility,58,credibility,0.33,8.0,14.7,0.625,1.25,0.125,0.2249999999999999,0.6125,0.4875,0.875,target_share_decisions,10,0.0011447178405134327,0.00046935486544337203,8.296336975652089e-05,0.0022064723112703447,0.7712534631620992,0.03743103466903511,0.006251080616826524,0.007395798457339957,18.312319272160813,0.2620172426832458
m58_credibility,58,credibility,0.33,8.0,14.7,0.625,1.25,0.125,0.2249999999999999,0.6125,0.4875,0.875,participation_rate,10,0.0,0.0,0.0,0.0,,,0.9998290000000001,0.9998290000000001,0.0,
m58_credibility,58,credibility,0.33,8.0,14.7,0.625,1.25,0.125,0.2249999999999999,0.6125,0.4875,0.875,cumulative_fake_reposts,10,15.2,36.88595035150014,-68.241816794265,98.64181679426501,0.13031145999090277,0.6899219313099304,28147.0,28162.2,0.0540022027214268,1.0
m58_credibility,58,credibility,0.33,8.0,14.7,0.625,1.25,0.125,0.2249999999999999,0.6125,0.4875,0.875,target_unique_reposters_p400,10,42.1,10.643151162445578,18.023519363129697,66.17648063687031,1.2508691031547632,0.003326389794429784,148.6,190.7,28.331090174966356,0.26611118355438274
m58_combined,58,combined,0.33,8.0,14.7,0.625,1.25,0.125,0.2249999999999999,0.6125,0.4875,0.875,fake_repost_share_all,10,0.005657000000000005,0.0008419646997086971,0.003752343523730736,0.007561656476269274,2.124673959580701,8.666249074115465e-05,0.140735,0.146392,4.019611326251469,0.00632636182410429
m58_combined,58,combined,0.33,8.0,14.7,0.625,1.25,0.125,0.2249999999999999,0.6125,0.4875,0.875,fake_repost_share_final100,10,0.008626000000000002,0.002012964756549681,0.0040723573575107965,0.013179642642489206,1.3551060448454113,0.0020342937278772528,0.136986,0.14561200000000002,6.296993853386478,0.16681208568593472
m58_combined,58,combined,0.33,8.0,14.7,0.625,1.25,0.125,0.2249999999999999,0.6125,0.4875,0.875,target_share_all,10,0.011923999999999999,0.0018235663775506867,0.007798806257185737,0.01604919374281426,2.067761244342183,0.00010653909112937189,0.00625,0.018174000000000003,190.78399999999996,0.006862486810689103
m58_combined,58,combined,0.33,8.0,14.7,0.625,1.25,0.125,0.2249999999999999,0.6125,0.4875,0.875,target_share_final100,10,0.017972,0.004031925043394973,0.008851151883218597,0.0270928481167814,1.4095612764837482,0.0015831310091716957,0.007749999999999998,0.025722000000000002,231.89677419354842,0.12348421871539227
m58_combined,58,combined,0.33,8.0,14.7,0.625,1.25,0.125,0.2249999999999999,0.6125,0.4875,0.875,fake_repost_share_decisions,10,0.0056579797619145875,0.0008421278055999845,0.0037529543144850484,0.0075630052093441265,2.1246303570323093,8.667607309626691e-05,0.14075926651398335,0.14641724627589797,4.019614411213567,0.0063273533360274845
m58_combined,58,combined,0.33,8.0,14.7,0.625,1.25,0.125,0.2249999999999999,0.6125,0.4875,0.875,target_share_decisions,10,0.01192606849386812,0.0018239220178823876,0.007800070236730121,0.01605206675100612,2.067716689750987,0.00010655647816708881,0.006251080616826524,0.018177149110694645,190.78410957884284,0.006863970732613476
m58_combined,58,combined,0.33,8.0,14.7,0.625,1.25,0.125,0.2249999999999999,0.6125,0.4875,0.875,participation_rate,10,0.0,0.0,0.0,0.0,,,0.9998290000000001,0.9998290000000001,0.0,
m58_combined,58,combined,0.33,8.0,14.7,0.625,1.25,0.125,0.2249999999999999,0.6125,0.4875,0.875,cumulative_fake_reposts,10,1131.4,168.39293994173931,750.4687047461466,1512.3312952538536,2.124673959580701,8.66624907411546e-05,28147.0,29278.4,4.019611326251466,0.006326361824104286
m58_combined,58,combined,0.33,8.0,14.7,0.625,1.25,0.125,0.2249999999999999,0.6125,0.4875,0.875,target_unique_reposters_p400,10,237.9,18.40377376759693,196.2677713491129,279.5322286508871,4.087780391425066,4.0761046931765635e-07,148.6,386.5,160.0942126514132,3.5054500361318446e-05
m59_credibility,59,credibility,0.6510704071726416,8.0,14.7,0.625,1.25,0.125,0.2249999999999999,0.6125,0.4875,0.875,fake_repost_share_all,10,0.00015799999999999704,6.366230351541602e-05,1.398586410236534e-05,0.00030201413589762873,0.7848284506161566,0.034885650402650924,0.1240165,0.1241745,0.12740240209971823,1.0
m59_credibility,59,credibility,0.6510704071726416,8.0,14.7,0.625,1.25,0.125,0.2249999999999999,0.6125,0.4875,0.875,fake_repost_share_final100,10,-7.999999999999674e-06,4.422166387139655e-06,-1.8003635367753104e-05,2.0036353677537567e-06,-0.5720775535474456,0.10388813106205474,0.11712,0.117112,-0.006830601092895897,1.0
m59_credibility,59,credibility,0.6510704071726416,8.0,14.7,0.625,1.25,0.125,0.2249999999999999,0.6125,0.4875,0.875,target_share_all,10,0.0001805,4.140886915196361e-05,8.682663004451188e-05,0.0002741733699554881,1.3784272049682997,0.0018262065087257984,0.000766,0.0009465000000000001,23.563968668407313,0.08217929289266093
m59_credibility,59,credibility,0.6510704071726416,8.0,14.7,0.625,1.25,0.125,0.2249999999999999,0.6125,0.4875,0.875,target_share_final100,10,-4.000000000000001e-06,2.6666666666666664e-06,-1.0032419100795214e-05,2.032419100795212e-06,-0.474341649025257,0.16785065605707478,1.9999999999999998e-05,1.6e-05,-20.000000000000004,1.0
m59_credibility,59,credibility,0.6510704071726416,8.0,14.7,0.625,1.25,0.125,0.2249999999999999,0.6125,0.4875,0.875,fake_repost_share_decisions,10,0.00015802666219903033,6.367155268227639e-05,1.3991603232335538e-05,0.0003020617211657251,0.7848468625802362,0.03488231797895458,0.12403780932085215,0.1241958359830512,0.1274020099712163,1.0
m59_credibility,59,credibility,0.6510704071726416,8.0,14.7,0.625,1.25,0.125,0.2249999999999999,0.6125,0.4875,0.875,target_share_decisions,10,0.00018053063538513262,4.141495282244556e-05,8.684350321088767e-05,0.0002742177675593776,1.378458639568956,0.0018259418721986546,0.0007661275394027273,0.0009466581747878599,23.564044640122745,0.08216738424893946
m59_credibility,59,credibility,0.6510704071726416,8.0,14.7,0.625,1.25,0.125,0.2249999999999999,0.6125,0.4875,0.875,participation_rate,10,0.0,0.0,0.0,0.0,,,0.9998290000000001,0.9998290000000001,0.0,
m59_credibility,59,credibility,0.6510704071726416,8.0,14.7,0.625,1.25,0.125,0.2249999999999999,0.6125,0.4875,0.875,cumulative_fake_reposts,10,31.6,12.732460703083108,2.7971728204738824,60.40282717952612,0.7848284506161772,0.03488565040264721,24803.3,24834.9,0.1274024020997206,1.0
m59_credibility,59,credibility,0.6510704071726416,8.0,14.7,0.625,1.25,0.125,0.2249999999999999,0.6125,0.4875,0.875,target_unique_reposters_p400,10,3.5,1.3186693629901656,0.5169626551492508,6.483037344850749,0.839328805326303,0.02629496113350475,41.9,45.4,8.353221957040573,1.0
m59_combined,59,combined,0.6510704071726416,8.0,14.7,0.625,1.25,0.125,0.2249999999999999,0.6125,0.4875,0.875,fake_repost_share_all,10,0.0011759999999999937,0.00029305270667387965,0.0005130687205202755,0.0018389312794797118,1.268999891032046,0.0030503761300060385,0.1240165,0.12519249999999998,0.9482609168941178,0.079309779380157
m59_combined,59,combined,0.6510704071726416,8.0,14.7,0.625,1.25,0.125,0.2249999999999999,0.6125,0.4875,0.875,fake_repost_share_final100,10,9.20000000000018e-05,6.0530983801687717e-05,-4.493059857820818e-05,0.00022893059857821178,0.4806291364578564,0.1628610203961281,0.11712,0.11721200000000001,0.07855191256830756,1.0
m59_combined,59,combined,0.6510704071726416,8.0,14.7,0.625,1.25,0.125,0.2249999999999999,0.6125,0.4875,0.875,target_share_all,10,0.0018825,0.0004467004029548216,0.0008719934838309061,0.002893006516169094,1.3326577849245969,0.002258619051227105,0.000766,0.0026485000000000002,245.757180156658,0.04790216117483612
m59_combined,59,combined,0.6510704071726416,8.0,14.7,0.625,1.25,0.125,0.2249999999999999,0.6125,0.4875,0.875,target_share_final100,10,0.00016,9.2951600308978e-05,-5.02711284325104e-05,0.00037027112843251043,0.5443310539518174,0.11929730068936341,1.9999999999999998e-05,0.00017999999999999998,800.0000000000002,1.0
m59_combined,59,combined,0.6510704071726416,8.0,14.7,0.625,1.25,0.125,0.2249999999999999,0.6125,0.4875,0.875,fake_repost_share_decisions,10,0.0011761970239974801,0.00029309566171566154,0.0005131685734623167,0.0018392254745326435,1.2690264847905164,0.003049989600000979,0.12403780932085215,0.12521400634484964,0.9482568504212918,0.07929972960002546
m59_combined,59,combined,0.6510704071726416,8.0,14.7,0.625,1.25,0.125,0.2249999999999999,0.6125,0.4875,0.875,target_share_decisions,10,0.0018828141888461263,0.0004467680067565731,0.0008721547422526675,0.002893473635439585,1.332678517170602,0.0022584001109931468,0.0007661275394027273,0.0026489417282488537,245.7572782612628,0.04789750649297045
m59_combined,59,combined,0.6510704071726416,8.0,14.7,0.625,1.25,0.125,0.2249999999999999,0.6125,0.4875,0.875,participation_rate,10,0.0,0.0,0.0,0.0,,,0.9998290000000001,0.9998290000000001,0.0,
m59_combined,59,combined,0.6510704071726416,8.0,14.7,0.625,1.25,0.125,0.2249999999999999,0.6125,0.4875,0.875,cumulative_fake_reposts,10,235.2,58.61054133477659,102.61374410405486,367.78625589594515,1.2689998910320384,0.003050376130006147,24803.3,25038.5,0.9482609168941231,0.07930977938015982
m59_combined,59,combined,0.6510704071726416,8.0,14.7,0.625,1.25,0.125,0.2249999999999999,0.6125,0.4875,0.875,target_unique_reposters_p400,10,50.0,12.2909180562994,22.196011681576522,77.80398831842348,1.2864285831551994,0.002807865360303476,41.9,91.9,119.33174224343676,0.10356377754275704
m60_credibility,60,credibility,0.6510704071726416,8.0,14.7,0.625,1.25,0.125,0.2624999999999999,0.6125,0.4875,0.875,fake_repost_share_all,10,0.0001879999999999965,7.045565981523536e-05,2.861822448928819e-05,0.0003473817755107048,0.8438047442472286,0.025692040573076592,0.12431299999999998,0.124501,0.1512311664910319,1.0
m60_credibility,60,credibility,0.6510704071726416,8.0,14.7,0.625,1.25,0.125,0.2624999999999999,0.6125,0.4875,0.875,fake_repost_share_final100,10,-8.000000000001062e-06,4.422166387140771e-06,-1.8003635367757017e-05,2.0036353677548934e-06,-0.5720775535474005,0.10388813106207816,0.11713799999999999,0.11713,-0.006829551469208166,1.0
m60_credibility,60,credibility,0.6510704071726416,8.0,14.7,0.625,1.25,0.125,0.2624999999999999,0.6125,0.4875,0.875,target_share_all,10,0.00020899999999999998,5.608921464952062e-05,8.211738132486092e-05,0.000335882618675139,1.1783299785974803,0.004725079229467856,0.0007725,0.0009815000000000002,27.055016181229774,0.12153914022058826
m60_credibility,60,credibility,0.6510704071726416,8.0,14.7,0.625,1.25,0.125,0.2624999999999999,0.6125,0.4875,0.875,target_share_final100,10,-4.000000000000001e-06,2.6666666666666664e-06,-1.0032419100795214e-05,2.032419100795212e-06,-0.474341649025257,0.16785065605707478,1.9999999999999998e-05,1.6e-05,-20.000000000000004,1.0
m60_credibility,60,credibility,0.6510704071726416,8.0,14.7,0.625,1.25,0.125,0.2624999999999999,0.6125,0.4875,0.875,fake_repost_share_decisions,10,0.0001880319531488997,7.046592998441985e-05,2.8626944901407545e-05,0.00034743696139639187,0.8438251577351807,0.025689323048480577,0.1243343587642424,0.12452239071739128,0.15123088663322584,1.0
m60_credibility,60,credibility,0.6510704071726416,8.0,14.7,0.625,1.25,0.125,0.2624999999999999,0.6125,0.4875,0.875,target_share_decisions,10,0.0002090356537677002,5.609821774023106e-05,8.213266868642319e-05,0.0003359386388489772,1.178341852408318,0.004724805089661354,0.0007726285570634154,0.0009816642108311155,27.05512912468534,0.1215432301139074
m60_credibility,60,credibility,0.6510704071726416,8.0,14.7,0.625,1.25,0.125,0.2624999999999999,0.6125,0.4875,0.875,participation_rate,10,0.0,0.0,0.0,0.0,,,0.9998290000000001,0.9998290000000001,0.0,
m60_credibility,60,credibility,0.6510704071726416,8.0,14.7,0.625,1.25,0.125,0.2624999999999999,0.6125,0.4875,0.875,cumulative_fake_reposts,10,37.6,14.09113196304683,5.7236448978588825,69.47635510214113,0.8438047442472589,0.025692040573072526,24862.6,24900.2,0.15123116649103474,1.0
m60_credibility,60,credibility,0.6510704071726416,8.0,14.7,0.625,1.25,0.125,0.2624999999999999,0.6125,0.4875,0.875,target_unique_reposters_p400,10,4.7,1.6669999666733315,0.9289840850055544,8.471015914994446,0.8915840011953585,0.020065471599934687,42.1,46.8,11.163895486935866,1.0
m60_combined,60,combined,0.6510704071726416,8.0,14.7,0.625,1.25,0.125,0.2624999999999999,0.6125,0.4875,0.875,fake_repost_share_all,10,0.0011760000000000034,0.0002971080985470134,0.0005038947867465222,0.0018481052132534848,1.251678613455758,0.003313517767022901,0.12431299999999998,0.12548900000000002,0.9459992116673265,0.08008679694538334
m60_combined,60,combined,0.6510704071726416,8.0,14.7,0.625,1.25,0.125,0.2624999999999999,0.6125,0.4875,0.875,fake_repost_share_final100,10,9.199999999999902e-05,6.205374015050657e-05,-4.837531275988796e-05,0.00023237531275988602,0.4688348261198448,0.1723307969151197,0.11713799999999999,0.11723000000000001,0.07853984189588266,1.0
m60_combined,60,combined,0.6510704071726416,8.0,14.7,0.625,1.25,0.125,0.2624999999999999,0.6125,0.4875,0.875,target_share_all,10,0.0018910000000000003,0.0004460915451638449,0.0008818708158438897,0.002900129184156111,1.3405022175845231,0.002177370962492551,0.0007725,0.0026635,244.78964401294502,0.04790216117483612
m60_combined,60,combined,0.6510704071726416,8.0,14.7,0.625,1.25,0.125,0.2624999999999999,0.6125,0.4875,0.875,target_share_final100,10,0.000162,9.416061927484452e-05,-5.100611934610424e-05,0.0003750061193461043,0.5440586360758335,0.1194585226950849,1.9999999999999998e-05,0.000182,810.0000000000001,1.0
m60_combined,60,combined,0.6510704071726416,8.0,14.7,0.625,1.25,0.125,0.2624999999999999,0.6125,0.4875,0.875,fake_repost_share_decisions,10,0.0011761968064337284,0.00029715150005563557,0.0005039934121466412,0.0018484002007208154,1.2517052359656191,0.003313095339793264,0.1243343587642424,0.1255105555706761,0.945994991347471,0.08008345385608433
m60_combined,60,combined,0.6510704071726416,8.0,14.7,0.625,1.25,0.125,0.2624999999999999,0.6125,0.4875,0.875,target_share_decisions,10,0.0018913154815440691,0.0004461590344151166,0.0008820336260947823,0.002900597336993356,1.3405230499160252,0.0021771593860441113,0.0007726285570634154,0.002663944038607485,244.78974589452497,0.04789750649297045
m60_combined,60,combined,0.6510704071726416,8.0,14.7,0.625,1.25,0.125,0.2624999999999999,0.6125,0.4875,0.875,participation_rate,10,0.0,0.0,0.0,0.0,,,0.9998290000000001,0.9998290000000001,0.0,
m60_combined,60,combined,0.6510704071726416,8.0,14.7,0.625,1.25,0.125,0.2624999999999999,0.6125,0.4875,0.875,cumulative_fake_reposts,10,235.2,59.421619709402805,100.77895734930345,369.6210426506965,1.2516786134557518,0.0033135177670230035,24862.6,25097.8,0.9459992116673236,0.08008679694538308
m60_combined,60,combined,0.6510704071726416,8.0,14.7,0.625,1.25,0.125,0.2624999999999999,0.6125,0.4875,0.875,target_unique_reposters_p400,10,50.0,12.2909180562994,22.196011681576522,77.80398831842348,1.2864285831551994,0.002807865360303476,42.1,92.1,118.76484560570071,0.10356377754275704
m61_credibility,61,credibility,0.6510704071726416,8.0,14.7,0.8125,1.25,0.125,0.2624999999999999,0.6125,0.4875,0.875,fake_repost_share_all,10,0.0001644999999999966,7.827817206745538e-05,-1.2577527633147946e-05,0.00034157752763314114,0.6645462730650065,0.06496208309471303,0.123959,0.12412350000000001,0.1327051686444684,1.0
m61_credibility,61,credibility,0.6510704071726416,8.0,14.7,0.8125,1.25,0.125,0.2624999999999999,0.6125,0.4875,0.875,fake_repost_share_final100,10,-3.999999999999837e-06,2.666666666666558e-06,-1.0032419100794804e-05,2.0324191007951298e-06,-0.47434164902525694,0.16785065605707505,0.11715199999999999,0.11714799999999999,-0.0034143676591093944,1.0
m61_credibility,61,credibility,0.6510704071726416,8.0,14.7,0.8125,1.25,0.125,0.2624999999999999,0.6125,0.4875,0.875,target_share_all,10,0.00015549999999999999,4.439375581718171e-05,5.507434729464791e-05,0.00025592565270535206,1.1076651819710805,0.006694551829098852,0.000747,0.0009025,20.816599732262382,0.1307194037449623
m61_credibility,61,credibility,0.6510704071726416,8.0,14.7,0.8125,1.25,0.125,0.2624999999999999,0.6125,0.4875,0.875,target_share_final100,10,1.4000000000000001e-05,1.6613247725836153e-05,-2.3581777340341242e-05,5.1581777340341245e-05,0.26648544566940835,0.42122550908093653,2.6e-05,4e-05,53.846153846153854,1.0
m61_credibility,61,credibility,0.6510704071726416,8.0,14.7,0.8125,1.25,0.125,0.2624999999999999,0.6125,0.4875,0.875,fake_repost_share_decisions,10,0.00016452638186148781,7.828913527847907e-05,-1.2575946278001263e-05,0.0003416287100009769,0.6645597757827507,0.06495758146719764,0.12398029883116815,0.12414482521302964,0.13270365002550433,1.0
m61_credibility,61,credibility,0.6510704071726416,8.0,14.7,0.8125,1.25,0.125,0.2624999999999999,0.6125,0.4875,0.875,target_share_decisions,10,0.0001555264671444046,4.4400458354924025e-05,5.508565224528982e-05,0.0002559672820435194,1.1076864763066558,0.006693842912120114,0.000747123666105473,0.0009026501332498776,20.816696646100972,0.13072848451689023
m61_credibility,61,credibility,0.6510704071726416,8.0,14.7,0.8125,1.25,0.125,0.2624999999999999,0.6125,0.4875,0.875,participation_rate,10,0.0,0.0,0.0,0.0,,,0.9998290000000001,0.9998290000000001,0.0,
m61_credibility,61,credibility,0.6510704071726416,8.0,14.7,0.8125,1.25,0.125,0.2624999999999999,0.6125,0.4875,0.875,cumulative_fake_reposts,10,32.9,15.655634413491162,-2.5155055266291058,68.3155055266291,0.6645462730650165,0.06496208309470969,24791.8,24824.7,0.13270516864447116,1.0
m61_credibility,61,credibility,0.6510704071726416,8.0,14.7,0.8125,1.25,0.125,0.2624999999999999,0.6125,0.4875,0.875,target_unique_reposters_p400,10,4.2,1.540562667772179,0.715005126359654,7.684994873640346,0.862124368618758,0.023366504970780445,40.9,45.1,10.268948655256724,1.0
m61_combined,61,combined,0.6510704071726416,8.0,14.7,0.8125,1.25,0.125,0.2624999999999999,0.6125,0.4875,0.875,fake_repost_share_all,10,0.0009800000000000017,0.0002609342190412491,0.0003897257873766843,0.001570274212623319,1.1876679564496346,0.004514577796150037,0.123959,0.124939,0.7905839834138721,0.08140874104682809
m61_combined,61,combined,0.6510704071726416,8.0,14.7,0.8125,1.25,0.125,0.2624999999999999,0.6125,0.4875,0.875,fake_repost_share_final100,10,8.399999999999796e-05,5.2645565393064935e-05,-3.509254284348518e-05,0.0002030925428434811,0.5045654301000808,0.145047875721615,0.11715199999999999,0.117236,0.07170172084129846,1.0
m61_combined,61,combined,0.6510704071726416,8.0,14.7,0.8125,1.25,0.125,0.2624999999999999,0.6125,0.4875,0.875,target_share_all,10,0.0015379999999999999,0.0003797259245531937,0.000679000279871822,0.002396999720128178,1.2808140626852709,0.0028836731099407633,0.000747,0.0022849999999999997,205.89022757697455,0.0547897890888745
m61_combined,61,combined,0.6510704071726416,8.0,14.7,0.8125,1.25,0.125,0.2624999999999999,0.6125,0.4875,0.875,target_share_final100,10,0.00015000000000000001,7.770313878974116e-05,-2.5776711985115998e-05,0.000325776711985116,0.6104536527266804,0.08561428072839823,2.6e-05,0.000176,576.923076923077,1.0
m61_combined,61,combined,0.6510704071726416,8.0,14.7,0.8125,1.25,0.125,0.2624999999999999,0.6125,0.4875,0.875,fake_repost_share_decisions,10,0.0009801640232463952,0.0002609758976663543,0.00038979552702276047,0.0015705325194700298,1.1876770313768472,0.004514378102321451,0.12398029883116815,0.12496046285441456,0.7905804651924149,0.08140439507220122
m61_combined,61,combined,0.6510704071726416,8.0,14.7,0.8125,1.25,0.125,0.2624999999999999,0.6125,0.4875,0.875,target_share_decisions,10,0.0015382559437176096,0.00037978667189895787,0.0006791188035460903,0.002397393083889129,1.2808223053529364,0.002883560237161262,0.000747123666105473,0.002285379609823083,205.8904052305112,0.05478764450606397
m61_combined,61,combined,0.6510704071726416,8.0,14.7,0.8125,1.25,0.125,0.2624999999999999,0.6125,0.4875,0.875,participation_rate,10,0.0,0.0,0.0,0.0,,,0.9998290000000001,0.9998290000000001,0.0,
m61_combined,61,combined,0.6510704071726416,8.0,14.7,0.8125,1.25,0.125,0.2624999999999999,0.6125,0.4875,0.875,cumulative_fake_reposts,10,196.0,52.18684380824986,77.94515747533643,314.05484252466357,1.1876679564496317,0.0045145777961500995,24791.8,24987.8,0.7905839834138707,0.08140874104682097
m61_combined,61,combined,0.6510704071726416,8.0,14.7,0.8125,1.25,0.125,0.2624999999999999,0.6125,0.4875,0.875,target_unique_reposters_p400,10,43.0,12.287301484775972,15.204192934753017,70.79580706524698,1.1066542117137572,0.006728299015552539,40.9,83.9,105.13447432762837,0.1883923724354711
m62_credibility,62,credibility,0.6510704071726416,8.0,14.7,0.8125,1.25,0.125,0.2624999999999999,0.675,0.4875,0.875,fake_repost_share_all,10,0.0001760000000000053,8.049775704259688e-05,-6.0985776830948634e-06,0.0003580985776831055,0.6913992248195648,0.0565816259766054,0.12402200000000001,0.12419799999999999,0.14191030623599465,1.0
m62_credibility,62,credibility,0.6510704071726416,8.0,14.7,0.8125,1.25,0.125,0.2624999999999999,0.675,0.4875,0.875,fake_repost_share_final100,10,-1.999999999997837e-06,3.5901098714242734e-06,-1.0121392760872799e-05,6.121392760877126e-06,-0.17616606585415814,0.5910512317841286,0.11715199999999999,0.11714999999999998,-0.0017071838295529202,1.0
m62_credibility,62,credibility,0.6510704071726416,8.0,14.7,0.8125,1.25,0.125,0.2624999999999999,0.675,0.4875,0.875,target_share_all,10,0.00015549999999999999,4.439375581718171e-05,5.507434729464791e-05,0.00025592565270535206,1.1076651819710805,0.006694551829098852,0.000747,0.0009025,20.816599732262382,0.1307194037449623
m62_credibility,62,credibility,0.6510704071726416,8.0,14.7,0.8125,1.25,0.125,0.2624999999999999,0.675,0.4875,0.875,target_share_final100,10,1.4000000000000001e-05,1.6613247725836153e-05,-2.3581777340341242e-05,5.1581777340341245e-05,0.26648544566940835,0.42122550908093653,2.6e-05,4e-05,53.846153846153854,1.0
m62_credibility,62,credibility,0.6510704071726416,8.0,14.7,0.8125,1.25,0.125,0.2624999999999999,0.675,0.4875,0.875,fake_repost_share_decisions,10,0.00017602815714058557,8.050898265348477e-05,-6.095814638591436e-06,0.0003581521289197626,0.6914134181550096,0.05657748708138965,0.12404330880778416,0.12421933696492478,0.1419086275853512,1.0
m62_credibility,62,credibility,0.6510704071726416,8.0,14.7,0.8125,1.25,0.125,0.2624999999999999,0.675,0.4875,0.875,target_share_decisions,10,0.0001555264671444046,4.4400458354924025e-05,5.508565224528982e-05,0.0002559672820435194,1.1076864763066558,0.006693842912120114,0.000747123666105473,0.0009026501332498776,20.816696646100972,0.13072848451689023
m62_credibility,62,credibility,0.6510704071726416,8.0,14.7,0.8125,1.25,0.125,0.2624999999999999,0.675,0.4875,0.875,participation_rate,10,0.0,0.0,0.0,0.0,,,0.9998290000000001,0.9998290000000001,0.0,
m62_credibility,62,credibility,0.6510704071726416,8.0,14.7,0.8125,1.25,0.125,0.2624999999999999,0.675,0.4875,0.875,cumulative_fake_reposts,10,35.2,16.099551408519293,-1.2197155366198444,71.61971553661985,0.6913992248195475,0.05658162597661043,24804.4,24839.6,0.14191030623599038,1.0
m62_credibility,62,credibility,0.6510704071726416,8.0,14.7,0.8125,1.25,0.125,0.2624999999999999,0.675,0.4875,0.875,target_unique_reposters_p400,10,4.2,1.540562667772179,0.715005126359654,7.684994873640346,0.862124368618758,0.023366504970780445,40.9,45.1,10.268948655256724,1.0
m62_combined,62,combined,0.6510704071726416,8.0,14.7,0.8125,1.25,0.125,0.2624999999999999,0.675,0.4875,0.875,fake_repost_share_all,10,0.0011129999999999972,0.00029369125890219764,0.00044862421502316876,0.0017773757849768256,1.1984064656617741,0.0042846705814120045,0.12402200000000001,0.125135,0.8974214252310051,0.08140874104682809
m62_combined,62,combined,0.6510704071726416,8.0,14.7,0.8125,1.25,0.125,0.2624999999999999,0.675,0.4875,0.875,fake_repost_share_final100,10,0.00010600000000000054,6.505040780468237e-05,-4.115424595830592e-05,0.000253154245958307,0.5152948971270275,0.13764538230108944,0.11715199999999999,0.117258,0.09048074296640309,1.0
m62_combined,62,combined,0.6510704071726416,8.0,14.7,0.8125,1.25,0.125,0.2624999999999999,0.675,0.4875,0.875,target_share_all,10,0.0015879999999999998,0.00040557448966455794,0.0006705267631570935,0.002505473236842906,1.238168832684897,0.0035354223437107876,0.000747,0.002335,212.58366800535472,0.06158022425950156
m62_combined,62,combined,0.6510704071726416,8.0,14.7,0.8125,1.25,0.125,0.2624999999999999,0.675,0.4875,0.875,target_share_final100,10,0.000172,9.180655992054405e-05,-3.5680867116121294e-05,0.0003796808671161213,0.5924541318394908,0.09377308711588404,2.6e-05,0.000198,661.5384615384615,1.0
m62_combined,62,combined,0.6510704071726416,8.0,14.7,0.8125,1.25,0.125,0.2624999999999999,0.675,0.4875,0.875,fake_repost_share_decisions,10,0.0011131851191452421,0.00029373741468594365,0.00044870492253160804,0.0017776653157588762,1.1984174497037023,0.0042844418459053275,0.12404330880778416,0.1251564939269294,0.8974164989989252,0.08140439507220122
m62_combined,62,combined,0.6510704071726416,8.0,14.7,0.8125,1.25,0.125,0.2624999999999999,0.675,0.4875,0.875,target_share_decisions,10,0.0015882636324033306,0.0004056389214971386,0.0006706446406288397,0.0025058826241778215,1.238177683904123,0.0035352719115388847,0.000747123666105473,0.0023353872985088036,212.5837668457837,0.06156673860576814
m62_combined,62,combined,0.6510704071726416,8.0,14.7,0.8125,1.25,0.125,0.2624999999999999,0.675,0.4875,0.875,participation_rate,10,0.0,0.0,0.0,0.0,,,0.9998290000000001,0.9998290000000001,0.0,
m62_combined,62,combined,0.6510704071726416,8.0,14.7,0.8125,1.25,0.125,0.2624999999999999,0.675,0.4875,0.875,cumulative_fake_reposts,10,222.6,58.738251780438794,89.72484300463597,355.47515699536405,1.1984064656617919,0.00428467058141163,24804.4,25027.0,0.8974214252310073,0.08140874104682097
m62_combined,62,combined,0.6510704071726416,8.0,14.7,0.8125,1.25,0.125,0.2624999999999999,0.675,0.4875,0.875,target_unique_reposters_p400,10,45.4,13.12182236666166,15.716375544290635,75.08362445570936,1.0941117914871576,0.0071621040863904225,40.9,86.3,111.00244498777505,0.1933768103325414
m63_credibility,63,credibility,0.6510704071726416,8.0,14.7,0.8125,1.25,0.125,0.2624999999999999,0.675,0.4875,1.0,fake_repost_share_all,10,4.399999999999821e-05,1.8254375426790443e-05,2.7057338758766693e-06,8.529426612411976e-05,0.7622294041525978,0.039224506894125745,0.12374,0.12378399999999998,0.03555842896395524,1.0
m63_credibility,63,credibility,0.6510704071726416,8.0,14.7,0.8125,1.25,0.125,0.2624999999999999,0.675,0.4875,1.0,fake_repost_share_final100,10,0.0,0.0,0.0,0.0,,,0.117008,0.117008,0.0,
m63_credibility,63,credibility,0.6510704071726416,8.0,14.7,0.8125,1.25,0.125,0.2624999999999999,0.675,0.4875,1.0,target_share_all,10,0.00011199999999999998,1.798456128028829e-05,7.131609588001258e-05,0.0001526839041199874,1.9693285391790278,0.00015370244396480996,0.0006275,0.0007395,17.848605577689238,0.011220278409431126
m63_credibility,63,credibility,0.6510704071726416,8.0,14.7,0.8125,1.25,0.125,0.2624999999999999,0.675,0.4875,1.0,target_share_final100,10,0.0,0.0,0.0,0.0,,,2.0000000000000003e-06,2.0000000000000003e-06,0.0,
m63_credibility,63,credibility,0.6510704071726416,8.0,14.7,0.8125,1.25,0.125,0.2624999999999999,0.675,0.4875,1.0,fake_repost_share_decisions,10,4.400791400150927e-05,1.8257493459504603e-05,2.7065943973495548e-06,8.530923360566898e-05,0.7622363038291899,0.03922310353649381,0.1237612595163922,0.1238052674303937,0.03555871536333259,1.0
m63_credibility,63,credibility,0.6510704071726416,8.0,14.7,0.8125,1.25,0.125,0.2624999999999999,0.675,0.4875,1.0,target_share_decisions,10,0.00011201887330340287,1.7987381083549214e-05,7.132859034527107e-05,0.00015270915626153467,1.9693516188888487,0.00015368901704291099,0.0006276032575116454,0.0007396221308150482,17.848676207886687,0.011219298244132501
m63_credibility,63,credibility,0.6510704071726416,8.0,14.7,0.8125,1.25,0.125,0.2624999999999999,0.675,0.4875,1.0,participation_rate,10,0.0,0.0,0.0,0.0,,,0.9998290000000001,0.9998290000000001,0.0,
m63_credibility,63,credibility,0.6510704071726416,8.0,14.7,0.8125,1.25,0.125,0.2624999999999999,0.675,0.4875,1.0,cumulative_fake_reposts,10,8.8,3.6508750853581513,0.5411467751755517,17.05885322482445,0.7622294041526158,0.03922450689412199,24748.0,24756.8,0.03555842896395669,1.0
m63_credibility,63,credibility,0.6510704071726416,8.0,14.7,0.8125,1.25,0.125,0.2624999999999999,0.675,0.4875,1.0,target_unique_reposters_p400,10,0.9,0.5467073155618908,-0.33673786985250975,2.1367378698525097,0.5205801739137969,0.1341257892237099,38.5,39.4,2.3376623376623376,1.0
m63_combined,63,combined,0.6510704071726416,8.0,14.7,0.8125,1.25,0.125,0.2624999999999999,0.675,0.4875,1.0,fake_repost_share_all,10,0.001039000000000001,0.00026817987330231426,0.0004323349786908558,0.0016456650213091464,1.2251502875501568,0.0037641868537922076,0.12374,0.124779,0.8396638112170689,0.08008679694538334
m63_combined,63,combined,0.6510704071726416,8.0,14.7,0.8125,1.25,0.125,0.2624999999999999,0.675,0.4875,1.0,fake_repost_share_final100,10,8.000000000001062e-06,1.0413666234542254e-05,-1.555734966345851e-05,3.155734966346063e-05,0.24293289905370588,0.4620360046309913,0.117008,0.11701600000000001,0.006837139340900675,1.0
m63_combined,63,combined,0.6510704071726416,8.0,14.7,0.8125,1.25,0.125,0.2624999999999999,0.675,0.4875,1.0,target_share_all,10,0.0015605,0.00040138610533444667,0.0006525015467700068,0.0024684984532299934,1.2294232966985716,0.0036874210451962076,0.0006275,0.002188,248.68525896414343,0.06158022425950156
m63_combined,63,combined,0.6510704071726416,8.0,14.7,0.8125,1.25,0.125,0.2624999999999999,0.675,0.4875,1.0,target_share_final100,10,0.0,0.0,0.0,0.0,,,2.0000000000000003e-06,2.0000000000000003e-06,0.0,
m63_combined,63,combined,0.6510704071726416,8.0,14.7,0.8125,1.25,0.125,0.2624999999999999,0.675,0.4875,1.0,fake_repost_share_decisions,10,0.001039175012937589,0.00026822145893033847,0.0004324159184021393,0.0016459341074730387,1.2251666744051206,0.0037638892516049533,0.1237612595163922,0.12480043452932979,0.8396609868049622,0.08008345385608433
m63_combined,63,combined,0.6510704071726416,8.0,14.7,0.8125,1.25,0.125,0.2624999999999999,0.675,0.4875,1.0,target_share_decisions,10,0.001560758511627846,0.0004014452799894553,0.0006526261960281689,0.002468890827227523,1.2294457103513654,0.003687022771736327,0.0006276032575116454,0.002188361769139491,248.6855338858539,0.06156673860576814
m63_combined,63,combined,0.6510704071726416,8.0,14.7,0.8125,1.25,0.125,0.2624999999999999,0.675,0.4875,1.0,participation_rate,10,0.0,0.0,0.0,0.0,,,0.9998290000000001,0.9998290000000001,0.0,
m63_combined,63,combined,0.6510704071726416,8.0,14.7,0.8125,1.25,0.125,0.2624999999999999,0.675,0.4875,1.0,cumulative_fake_reposts,10,207.8,53.635974660462516,86.46699573817172,329.1330042618283,1.2251502875501632,0.0037641868537920866,24748.0,24955.8,0.839663811217068,0.08008679694538308
m63_combined,63,combined,0.6510704071726416,8.0,14.7,0.8125,1.25,0.125,0.2624999999999999,0.675,0.4875,1.0,target_unique_reposters_p400,10,37.6,10.11291803146407,14.722990038332437,60.47700996166756,1.1757401736313433,0.004785274396420266,38.5,76.1,97.66233766233766,0.15312878068544852
m64_credibility,64,credibility,0.6510704071726416,8.0,14.7,0.8125,1.25,0.15,0.2624999999999999,0.675,0.4875,1.0,fake_repost_share_all,10,3.350000000000297e-05,1.6142593761021855e-05,-3.017084102634235e-06,7.001708410264018e-05,0.6562532836045558,0.06778443727009166,0.1495105,0.149544,0.02240645305848283,1.0
m64_credibility,64,credibility,0.6510704071726416,8.0,14.7,0.8125,1.25,0.15,0.2624999999999999,0.675,0.4875,1.0,fake_repost_share_final100,10,0.0,0.0,0.0,0.0,,,0.14200600000000002,0.14200600000000002,0.0,
m64_credibility,64,credibility,0.6510704071726416,8.0,14.7,0.8125,1.25,0.15,0.2624999999999999,0.675,0.4875,1.0,target_share_all,10,0.00011150000000000001,2.0290254913244542e-05,6.560025451300241e-05,0.00015739974548699762,1.7377502678816383,0.00038253108345972115,0.0006554999999999999,0.0007670000000000001,17.00991609458429,0.026394644758720758
m64_credibility,64,credibility,0.6510704071726416,8.0,14.7,0.8125,1.25,0.15,0.2624999999999999,0.675,0.4875,1.0,target_share_final100,10,0.0,0.0,0.0,0.0,,,2.0000000000000003e-06,2.0000000000000003e-06,0.0,
m64_credibility,64,credibility,0.6510704071726416,8.0,14.7,0.8125,1.25,0.15,0.2624999999999999,0.675,0.4875,1.0,fake_repost_share_decisions,10,3.350614367807064e-05,1.6145307663205583e-05,-3.017079697830612e-06,7.00293670539719e-05,0.6562633047434767,0.0677809565386288,0.14953611780803047,0.14956962395170853,0.022406722983864487,1.0
m64_credibility,64,credibility,0.6510704071726416,8.0,14.7,0.8125,1.25,0.15,0.2624999999999999,0.675,0.4875,1.0,target_share_decisions,10,0.00011151877827219212,2.0293532573130013e-05,6.561161820340738e-05,0.00015742593834097685,1.7377622153688532,0.00038251237352941074,0.0006556078832690174,0.0007671266615412095,17.00998128883577,0.026393353773529343
m64_credibility,64,credibility,0.6510704071726416,8.0,14.7,0.8125,1.25,0.15,0.2624999999999999,0.675,0.4875,1.0,participation_rate,10,0.0,0.0,0.0,0.0,,,0.9998290000000001,0.9998290000000001,0.0,
m64_credibility,64,credibility,0.6510704071726416,8.0,14.7,0.8125,1.25,0.15,0.2624999999999999,0.675,0.4875,1.0,cumulative_fake_reposts,10,6.7,3.228518752204071,-0.6034168205267614,14.003416820526763,0.6562532836045587,0.06778443727009063,29902.1,29908.8,0.02240645305848084,1.0
m64_credibility,64,credibility,0.6510704071726416,8.0,14.7,0.8125,1.25,0.15,0.2624999999999999,0.675,0.4875,1.0,target_unique_reposters_p400,10,1.0,0.557773351022717,-0.26177098123399656,2.2617709812339966,0.5669467095138409,0.10659080233172263,39.3,40.3,2.544529262086514,1.0
m64_combined,64,combined,0.6510704071726416,8.0,14.7,0.8125,1.25,0.15,0.2624999999999999,0.675,0.4875,1.0,fake_repost_share_all,10,0.0009954999999999977,0.00027422663984376106,0.00037515624244735004,0.0016158437575526452,1.1479728637929543,0.005483836891203274,0.1495105,0.15050599999999997,0.6658395229766456,0.08225755336804912
m64_combined,64,combined,0.6510704071726416,8.0,14.7,0.8125,1.25,0.15,0.2624999999999999,0.675,0.4875,1.0,fake_repost_share_final100,10,5.999999999997674e-06,8.459051693633379e-06,-1.313570437923536e-05,2.5135704379230706e-05,0.22430015382555543,0.49610155552470114,0.14200600000000002,0.142012,0.004225173584213113,1.0
m64_combined,64,combined,0.6510704071726416,8.0,14.7,0.8125,1.25,0.15,0.2624999999999999,0.675,0.4875,1.0,target_share_all,10,0.0015594999999999997,0.0004288598903552948,0.0005893515271959168,0.0025296484728040826,1.1499261464966934,0.005431352232868195,0.0006554999999999999,0.002215,237.90999237223488,0.07028756834871107
m64_combined,64,combined,0.6510704071726416,8.0,14.7,0.8125,1.25,0.15,0.2624999999999999,0.675,0.4875,1.0,target_share_final100,10,0.0,0.0,0.0,0.0,,,2.0000000000000003e-06,2.0000000000000003e-06,0.0,
m64_combined,64,combined,0.6510704071726416,8.0,14.7,0.8125,1.25,0.15,0.2624999999999999,0.675,0.4875,1.0,fake_repost_share_decisions,10,0.0009956660835447606,0.00027426930385153605,0.000375225813301331,0.0016161063537881901,1.1479857821367005,0.005483488029788883,0.14953611780803047,0.15053178389157523,0.6658365203936643,0.08225232044683324
m64_combined,64,combined,0.6510704071726416,8.0,14.7,0.8125,1.25,0.15,0.2624999999999999,0.675,0.4875,1.0,target_share_decisions,10,0.0015597554579960045,0.0004289230895874426,0.0005894640185962351,0.002530046897395774,1.1499450507294087,0.005430846864249242,0.0006556078832690174,0.002215363341265022,237.9098082559184,0.07028098443152132
m64_combined,64,combined,0.6510704071726416,8.0,14.7,0.8125,1.25,0.15,0.2624999999999999,0.675,0.4875,1.0,participation_rate,10,0.0,0.0,0.0,0.0,,,0.9998290000000001,0.9998290000000001,0.0,
m64_combined,64,combined,0.6510704071726416,8.0,14.7,0.8125,1.25,0.15,0.2624999999999999,0.675,0.4875,1.0,cumulative_fake_reposts,10,199.1,54.845327968752265,75.03124848947034,323.16875151052966,1.1479728637929558,0.005483836891203229,29902.1,30101.2,0.6658395229766472,0.08225755336804844
m64_combined,64,combined,0.6510704071726416,8.0,14.7,0.8125,1.25,0.15,0.2624999999999999,0.675,0.4875,1.0,target_unique_reposters_p400,10,38.2,10.668541501900707,14.0660824248654,62.333917575134606,1.132291668893171,0.005925000234392615,39.3,77.5,97.20101781170484,0.1759330077953768
m65_credibility,65,credibility,0.6510704071726416,8.0,14.7,0.8125,1.25,0.15,0.2624999999999999,0.675,0.55,1.0,fake_repost_share_all,10,4.900000000001015e-05,2.1944374120843963e-05,-6.416231005805821e-07,9.864162310060088e-05,0.7061108441507165,0.052446270907932135,0.14991949999999998,0.1499685,0.03268420719119938,1.0
m65_credibility,65,credibility,0.6510704071726416,8.0,14.7,0.8125,1.25,0.15,0.2624999999999999,0.675,0.55,1.0,fake_repost_share_final100,10,0.0,0.0,0.0,0.0,,,0.142008,0.142008,0.0,
m65_credibility,65,credibility,0.6510704071726416,8.0,14.7,0.8125,1.25,0.15,0.2624999999999999,0.675,0.55,1.0,target_share_all,10,0.00011649999999999999,2.1122000115729785e-05,6.871871614557733e-05,0.00016428128385442264,1.7441783230332464,0.0003726063844607156,0.00069,0.0008065000000000001,16.884057971014492,0.02608244691225009
m65_credibility,65,credibility,0.6510704071726416,8.0,14.7,0.8125,1.25,0.15,0.2624999999999999,0.675,0.55,1.0,target_share_final100,10,0.0,0.0,0.0,0.0,,,2.0000000000000003e-06,2.0000000000000003e-06,0.0,
m65_credibility,65,credibility,0.6510704071726416,8.0,14.7,0.8125,1.25,0.15,0.2624999999999999,0.675,0.55,1.0,fake_repost_share_decisions,10,4.9009081769541e-05,2.1948280370266368e-05,-6.413778811603053e-07,9.86595414202423e-05,0.7061160228075947,0.0524448685179921,0.14994519885232474,0.1499942079340943,0.03268466222636989,1.0
m65_credibility,65,credibility,0.6510704071726416,8.0,14.7,0.8125,1.25,0.15,0.2624999999999999,0.675,0.55,1.0,target_share_decisions,10,0.0001165196034089648,2.1125383551248052e-05,6.873066569164965e-05,0.00016430854112627996,1.7441924211126585,0.0003725849264428237,0.0006901159251486579,0.0008066355285576227,16.88406239630904,0.02608094485099766
m65_credibility,65,credibility,0.6510704071726416,8.0,14.7,0.8125,1.25,0.15,0.2624999999999999,0.675,0.55,1.0,participation_rate,10,0.0,0.0,0.0,0.0,,,0.9998290000000001,0.9998290000000001,0.0,
m65_credibility,65,credibility,0.6510704071726416,8.0,14.7,0.8125,1.25,0.15,0.2624999999999999,0.675,0.55,1.0,cumulative_fake_reposts,10,9.8,4.388874824168744,-0.12832462011803614,19.728324620118038,0.7061108441505781,0.052446270907969605,29983.9,29993.7,0.0326842071911926,1.0
m65_credibility,65,credibility,0.6510704071726416,8.0,14.7,0.8125,1.25,0.15,0.2624999999999999,0.675,0.55,1.0,target_unique_reposters_p400,10,1.0,0.557773351022717,-0.26177098123399656,2.2617709812339966,0.5669467095138409,0.10659080233172263,40.8,41.8,2.450980392156863,1.0
m65_combined,65,combined,0.6510704071726416,8.0,14.7,0.8125,1.25,0.15,0.2624999999999999,0.675,0.55,1.0,fake_repost_share_all,10,0.0010560000000000027,0.0002873052963892818,0.00040607026586312765,0.0017059297341368777,1.1623054816967846,0.005110768184961049,0.14991949999999998,0.15097549999999998,0.7043780162020303,0.08177229095937678
m65_combined,65,combined,0.6510704071726416,8.0,14.7,0.8125,1.25,0.15,0.2624999999999999,0.675,0.55,1.0,fake_repost_share_final100,10,3.999999999998449e-06,9.33333333333368e-06,-1.711346685278558e-05,2.511346685278248e-05,0.13552618543573008,0.6783097418057072,0.142008,0.142012,0.00281674271871898,1.0
m65_combined,65,combined,0.6510704071726416,8.0,14.7,0.8125,1.25,0.15,0.2624999999999999,0.675,0.55,1.0,target_share_all,10,0.0015899999999999998,0.0004324169798290123,0.0006118048317642329,0.002568195168235767,1.162771517819656,0.005099095322749349,0.00069,0.00228,230.43478260869566,0.07028756834871107
m65_combined,65,combined,0.6510704071726416,8.0,14.7,0.8125,1.25,0.15,0.2624999999999999,0.675,0.55,1.0,target_share_final100,10,0.0,0.0,0.0,0.0,,,2.0000000000000003e-06,2.0000000000000003e-06,0.0,
m65_combined,65,combined,0.6510704071726416,8.0,14.7,0.8125,1.25,0.15,0.2624999999999999,0.675,0.55,1.0,fake_repost_share_decisions,10,0.0010561776308543936,0.0002873500078533646,0.00040614675235878446,0.0017062085093500028,1.1623201099492528,0.005110401362217634,0.14994519885232474,0.15100137648317918,0.704375757902447,0.08176642179548214
m65_combined,65,combined,0.6510704071726416,8.0,14.7,0.8125,1.25,0.15,0.2624999999999999,0.675,0.55,1.0,target_share_decisions,10,0.0015902614792265637,0.00043248079444639144,0.0006119219522970013,0.002568601006156126,1.1627911375860736,0.005098604519999019,0.0006901159251486579,0.0022803774043752218,230.43396352344794,0.07028098443152132
m65_combined,65,combined,0.6510704071726416,8.0,14.7,0.8125,1.25,0.15,0.2624999999999999,0.675,0.55,1.0,participation_rate,10,0.0,0.0,0.0,0.0,,,0.9998290000000001,0.9998290000000001,0.0,
m65_combined,65,combined,0.6510704071726416,8.0,14.7,0.8125,1.25,0.15,0.2624999999999999,0.675,0.55,1.0,cumulative_fake_reposts,10,211.2,57.46105927785645,81.21405317262477,341.18594682737523,1.16230548169678,0.005110768184961172,29983.9,30195.1,0.7043780162020283,0.08177229095937875
m65_combined,65,combined,0.6510704071726416,8.0,14.7,0.8125,1.25,0.15,0.2624999999999999,0.675,0.55,1.0,target_unique_reposters_p400,10,40.0,11.009087155618309,15.095714635048328,64.90428536495168,1.148969979242852,0.005456978136092474,40.8,80.8,98.03921568627452,0.16916632221886668
m66_credibility,66,credibility,0.6510704071726416,10.0,14.7,0.8125,1.25,0.15,0.2624999999999999,0.675,0.55,1.0,fake_repost_share_all,10,8.75000000000098e-05,2.0361319538117686e-05,4.143949516283384e-05,0.00013356050483718574,1.3589457930109365,0.0019983629698153427,0.150477,0.1505645,0.05814842135343594,0.14388213382670467
m66_credibility,66,credibility,0.6510704071726416,10.0,14.7,0.8125,1.25,0.15,0.2624999999999999,0.675,0.55,1.0,fake_repost_share_final100,10,0.0,0.0,0.0,0.0,,,0.15903,0.15903,0.0,
m66_credibility,66,credibility,0.6510704071726416,10.0,14.7,0.8125,1.25,0.15,0.2624999999999999,0.675,0.55,1.0,target_share_all,10,0.00016250000000000002,3.248290148507197e-05,8.901857173707603e-05,0.000235981428262924,1.5819711179850078,0.0007363184812440195,0.0007809999999999999,0.0009435000000000001,20.8066581306018,0.04344279039339715
m66_credibility,66,credibility,0.6510704071726416,10.0,14.7,0.8125,1.25,0.15,0.2624999999999999,0.675,0.55,1.0,target_share_final100,10,0.0,0.0,0.0,0.0,,,0.0,0.0,,
m66_credibility,66,credibility,0.6510704071726416,10.0,14.7,0.8125,1.25,0.15,0.2624999999999999,0.675,0.55,1.0,fake_repost_share_decisions,10,8.751578038912744e-05,2.0364637688377313e-05,4.144776937457443e-05,0.00013358379140368046,1.3589694129185927,0.0019981440508403912,0.1505049157316241,0.15059243151201324,0.05814812091930803,0.14386637166050817
m66_credibility,66,credibility,0.6510704071726416,10.0,14.7,0.8125,1.25,0.15,0.2624999999999999,0.675,0.55,1.0,target_share_decisions,10,0.00016252988560292185,3.2488767514952335e-05,8.90351874584868e-05,0.00023602458374735692,1.5819763741893245,0.0007363017816863362,0.0007811421912935678,0.0009436720768964898,20.80669658026961,0.04344180511949383
m66_credibility,66,credibility,0.6510704071726416,10.0,14.7,0.8125,1.25,0.15,0.2624999999999999,0.675,0.55,1.0,participation_rate,10,0.0,0.0,0.0,0.0,,,0.9998149999999999,0.9998149999999999,0.0,
m66_credibility,66,credibility,0.6510704071726416,10.0,14.7,0.8125,1.25,0.15,0.2624999999999999,0.675,0.55,1.0,cumulative_fake_reposts,10,17.5,4.0722639076235385,8.287899032564805,26.712100967435195,1.358945793010784,0.00199836296981676,30095.4,30112.9,0.05814842135342942,0.1438821338268067
m66_credibility,66,credibility,0.6510704071726416,10.0,14.7,0.8125,1.25,0.15,0.2624999999999999,0.675,0.55,1.0,target_unique_reposters_p400,10,2.9,1.3780017739062924,-0.21725658319075203,6.017256583190752,0.6655002473974989,0.06464478042544244,42.6,45.5,6.807511737089202,1.0
m66_combined,66,combined,0.6510704071726416,10.0,14.7,0.8125,1.25,0.15,0.2624999999999999,0.675,0.55,1.0,fake_repost_share_all,10,0.0016570000000000029,0.0005373645565783695,0.0004413969193023631,0.0028726030806976426,0.9751097311411205,0.013064464607736994,0.150477,0.152134,1.1011649620872312,0.10845510857823361
m66_combined,66,combined,0.6510704071726416,10.0,14.7,0.8125,1.25,0.15,0.2624999999999999,0.675,0.55,1.0,fake_repost_share_final100,10,2.0000000000000574e-05,2.0000000000000574e-05,-2.5243143255964825e-05,6.524314325596597e-05,0.3162277660168379,0.3434363961379136,0.15903,0.15905,0.012576243476074058,1.0
m66_combined,66,combined,0.6510704071726416,10.0,14.7,0.8125,1.25,0.15,0.2624999999999999,0.675,0.55,1.0,target_share_all,10,0.002264,0.0006962442100297854,0.0006889861732243432,0.0038390138267756567,1.0282881379099627,0.00996969541936917,0.0007809999999999999,0.003045,289.88476312419976,0.08062600194902722
m66_combined,66,combined,0.6510704071726416,10.0,14.7,0.8125,1.25,0.15,0.2624999999999999,0.675,0.55,1.0,target_share_final100,10,2.2e-05,2.2e-05,-2.7767457581560506e-05,7.176745758156051e-05,0.31622776601683794,0.3434363961379134,0.0,2.2e-05,,1.0
m66_combined,66,combined,0.6510704071726416,10.0,14.7,0.8125,1.25,0.15,0.2624999999999999,0.675,0.55,1.0,fake_repost_share_decisions,10,0.0016572961510303464,0.0005374572250261212,0.00044148343973985965,0.002873108862320833,0.9751158512068737,0.013064056270269601,0.1505049157316241,0.15216221188265444,1.101157489091976,0.10844813445433119
m66_combined,66,combined,0.6510704071726416,10.0,14.7,0.8125,1.25,0.15,0.2624999999999999,0.675,0.55,1.0,target_share_decisions,10,0.002264403880387179,0.0006963635095368849,0.0006891201793770188,0.0038396875813973387,1.028295381144994,0.009969330105793234,0.0007811421912935678,0.003045546071680747,289.88369923244534,0.08062921864810066
m66_combined,66,combined,0.6510704071726416,10.0,14.7,0.8125,1.25,0.15,0.2624999999999999,0.675,0.55,1.0,participation_rate,10,0.0,0.0,0.0,0.0,,,0.9998149999999999,0.9998149999999999,0.0,
m66_combined,66,combined,0.6510704071726416,10.0,14.7,0.8125,1.25,0.15,0.2624999999999999,0.675,0.55,1.0,cumulative_fake_reposts,10,331.4,107.4729113156737,88.27938386047248,574.5206161395274,0.9751097311411207,0.013064464607737008,30095.4,30426.8,1.101164962087229,0.10845510857823618
m66_combined,66,combined,0.6510704071726416,10.0,14.7,0.8125,1.25,0.15,0.2624999999999999,0.675,0.55,1.0,target_unique_reposters_p400,10,58.0,19.195485580382346,14.57679480094842,101.42320519905158,0.9554960384915289,0.014443149233133898,42.6,100.6,136.15023474178403,0.30330613389581185
m67_credibility,67,credibility,2.534288122793572,7.0,1.0,0.625,1.175,0.1,0.1875,0.6125,0.4875,0.75,fake_repost_share_all,10,1.599999999999796e-05,9.243616415906316e-06,-4.910513085403583e-06,3.69105130853995e-05,0.547366315153686,0.11751444049636074,0.1106695,0.11068549999999999,0.01445746117945591,1.0
m67_credibility,67,credibility,2.534288122793572,7.0,1.0,0.625,1.175,0.1,0.1875,0.6125,0.4875,0.75,fake_repost_share_final100,10,0.0,0.0,0.0,0.0,,,0.087012,0.087012,0.0,
m67_credibility,67,credibility,2.534288122793572,7.0,1.0,0.625,1.175,0.1,0.1875,0.6125,0.4875,0.75,target_share_all,10,3.6e-05,1.6596519046006135e-05,-1.543934437439605e-06,7.354393443743961e-05,0.6859389938967781,0.05819592516396602,6.350000000000001e-05,9.95e-05,56.692913385826756,0.29097962581983006
m67_credibility,67,credibility,2.534288122793572,7.0,1.0,0.625,1.175,0.1,0.1875,0.6125,0.4875,0.75,target_share_final100,10,0.0,0.0,0.0,0.0,,,0.0,0.0,,
m67_credibility,67,credibility,2.534288122793572,7.0,1.0,0.625,1.175,0.1,0.1875,0.6125,0.4875,0.75,fake_repost_share_decisions,10,1.6003203144863977e-05,9.245440834860473e-06,-4.911437062942659e-06,3.6917843352670616e-05,0.5473678616310504,0.11751353839528439,0.11069316155736413,0.11070916476050899,0.014457264495576534,1.0
m67_credibility,67,credibility,2.534288122793572,7.0,1.0,0.625,1.175,0.1,0.1875,0.6125,0.4875,0.75,target_share_decisions,10,3.600763164421008e-05,1.6599878845845644e-05,-1.5439031885020448e-06,7.35591664769222e-05,0.685945543346867,0.058193962272140486,6.35135529464026e-05,9.952118459061268e-05,56.69283164586298,0.29096981136070244
m67_credibility,67,credibility,2.534288122793572,7.0,1.0,0.625,1.175,0.1,0.1875,0.6125,0.4875,0.75,participation_rate,10,0.0,0.0,0.0,0.0,,,0.999786,0.999786,0.0,
m67_credibility,67,credibility,2.534288122793572,7.0,1.0,0.625,1.175,0.1,0.1875,0.6125,0.4875,0.75,cumulative_fake_reposts,10,3.2,1.848723283181606,-0.9821026170810843,7.382102617081085,0.5473663151536542,0.11751444049637923,22133.9,22137.1,0.014457461179457756,1.0
m67_credibility,67,credibility,2.534288122793572,7.0,1.0,0.625,1.175,0.1,0.1875,0.6125,0.4875,0.75,target_unique_reposters_p400,10,0.1,0.09999999999999999,-0.12621571627982048,0.3262157162798205,0.31622776601683794,0.3434363961379136,3.1,3.2,3.225806451612903,1.0
m67_combined,67,combined,2.534288122793572,7.0,1.0,0.625,1.175,0.1,0.1875,0.6125,0.4875,0.75,fake_repost_share_all,10,0.00014149999999999718,5.821440257072789e-05,9.809872246606865e-06,0.0002731901277533875,0.7686453337216166,0.037940841138708166,0.1106695,0.11081099999999999,0.12785817230582697,0.20181871009762656
m67_combined,67,combined,2.534288122793572,7.0,1.0,0.625,1.175,0.1,0.1875,0.6125,0.4875,0.75,fake_repost_share_final100,10,1.199999999999951e-05,1.199999999999951e-05,-1.5145885953577841e-05,3.9145885953576864e-05,0.31622776601683794,0.3434363961379134,0.087012,0.087024,0.013791201213625145,1.0
m67_combined,67,combined,2.534288122793572,7.0,1.0,0.625,1.175,0.1,0.1875,0.6125,0.4875,0.75,target_share_all,10,0.000259,0.00011062147671727725,8.756834084696448e-06,0.0005092431659153036,0.7403896045221491,0.04392538717439089,6.350000000000001e-05,0.0003225,407.8740157480314,0.19428875901222306
m67_combined,67,combined,2.534288122793572,7.0,1.0,0.625,1.175,0.1,0.1875,0.6125,0.4875,0.75,target_share_final100,10,0.0,0.0,0.0,0.0,,,0.0,0.0,,
m67_combined,67,combined,2.534288122793572,7.0,1.0,0.625,1.175,0.1,0.1875,0.6125,0.4875,0.75,fake_repost_share_decisions,10,0.00014153142960631886,5.822745219208017e-05,9.811781558514661e-06,0.00027325107765412306,0.7686437602994262,0.03794115076701564,0.11069316155736413,0.11083469298697043,0.127859235037725,0.2018232585337842
m67_combined,67,combined,2.534288122793572,7.0,1.0,0.625,1.175,0.1,0.1875,0.6125,0.4875,0.75,target_share_decisions,10,0.0002590581833213315,0.00011064712510997609,8.756996710769971e-06,0.000509359369931893,0.7403842666373893,0.04392660162702674,6.35135529464026e-05,0.00032257173626773413,407.8785885902868,0.19429426630625327
m67_combined,67,combined,2.534288122793572,7.0,1.0,0.625,1.175,0.1,0.1875,0.6125,0.4875,0.75,participation_rate,10,0.0,0.0,0.0,0.0,,,0.999786,0.999786,0.0,
m67_combined,67,combined,2.534288122793572,7.0,1.0,0.625,1.175,0.1,0.1875,0.6125,0.4875,0.75,cumulative_fake_reposts,10,28.3,11.6428805141454,1.9619744493223372,54.63802555067767,0.7686453337216437,0.037940841138702816,22133.9,22162.2,0.12785817230582952,0.20181871009762672
m67_combined,67,combined,2.534288122793572,7.0,1.0,0.625,1.175,0.1,0.1875,0.6125,0.4875,0.75,target_unique_reposters_p400,10,1.9,1.079608982713443,-0.5422451932664987,4.342245193266498,0.5565281180987256,0.11228056709328929,3.1,5.0,61.29032258064515,0.5747878369072914
m68_credibility,68,credibility,2.534288122793572,7.0,1.0,0.8125,1.175,0.1,0.1875,0.6125,0.4875,0.75,fake_repost_share_all,10,1.749999999999946e-05,9.523363084774769e-06,-4.043344016151793e-06,3.9043344016150716e-05,0.5810957595580714,0.09929181558185177,0.1102395,0.11025700000000001,0.01587452773279946,1.0
m68_credibility,68,credibility,2.534288122793572,7.0,1.0,0.8125,1.175,0.1,0.1875,0.6125,0.4875,0.75,fake_repost_share_final100,10,0.0,0.0,0.0,0.0,,,0.087006,0.087006,0.0,
m68_credibility,68,credibility,2.534288122793572,7.0,1.0,0.8125,1.175,0.1,0.1875,0.6125,0.4875,0.75,target_share_all,10,3.85e-05,1.8959752694120837e-05,-4.389940361888016e-06,8.138994036188801e-05,0.6421375419851068,0.07286173698528396,5.75e-05,9.6e-05,66.95652173913044,0.29144694794113585
m68_credibility,68,credibility,2.534288122793572,7.0,1.0,0.8125,1.175,0.1,0.1875,0.6125,0.4875,0.75,target_share_final100,10,0.0,0.0,0.0,0.0,,,0.0,0.0,,
m68_credibility,68,credibility,2.534288122793572,7.0,1.0,0.8125,1.175,0.1,0.1875,0.6125,0.4875,0.75,fake_repost_share_decisions,10,1.750369079249886e-05,9.525213287299553e-06,-4.043838672546458e-06,3.905122025754418e-05,0.5811054166883285,0.0992869969554013,0.11026306799661408,0.1102805716874066,0.015874481919037804,1.0
m68_credibility,68,credibility,2.534288122793572,7.0,1.0,0.8125,1.175,0.1,0.1875,0.6125,0.4875,0.75,target_share_decisions,10,3.8508329338201206e-05,1.896361492199153e-05,-4.39034799012885e-06,8.140700666653126e-05,0.6421456568145276,0.07285871598162214,5.7512060074096875e-05,9.602038941229807e-05,66.95696396301608,0.29143486392648854
m68_credibility,68,credibility,2.534288122793572,7.0,1.0,0.8125,1.175,0.1,0.1875,0.6125,0.4875,0.75,participation_rate,10,0.0,0.0,0.0,0.0,,,0.999786,0.999786,0.0,
m68_credibility,68,credibility,2.534288122793572,7.0,1.0,0.8125,1.175,0.1,0.1875,0.6125,0.4875,0.75,cumulative_fake_reposts,10,3.5,1.9046726169548869,-0.8086688032300993,7.808668803230099,0.5810957595581098,0.09929181558183259,22047.9,22051.4,0.01587452773279995,1.0
m68_credibility,68,credibility,2.534288122793572,7.0,1.0,0.8125,1.175,0.1,0.1875,0.6125,0.4875,0.75,target_unique_reposters_p400,10,0.2,0.13333333333333333,-0.10162095503976065,0.5016209550397607,0.4743416490252569,0.16785065605707505,3.1,3.3,6.451612903225806,1.0
m68_combined,68,combined,2.534288122793572,7.0,1.0,0.8125,1.175,0.1,0.1875,0.6125,0.4875,0.75,fake_repost_share_all,10,9.649999999999936e-05,4.338490520907033e-05,-1.6434740760202322e-06,0.00019464347407601896,0.7033778055655355,0.05319152041019958,0.1102395,0.11033600000000002,0.08753668149801057,0.20181871009762656
m68_combined,68,combined,2.534288122793572,7.0,1.0,0.8125,1.175,0.1,0.1875,0.6125,0.4875,0.75,fake_repost_share_final100,10,0.0,0.0,0.0,0.0,,,0.087006,0.087006,0.0,
m68_combined,68,combined,2.534288122793572,7.0,1.0,0.8125,1.175,0.1,0.1875,0.6125,0.4875,0.75,target_share_all,10,0.000202,9.859344129639996e-05,-2.1033859433575495e-05,0.00042503385943357553,0.6478930839158538,0.07074893403043878,5.75e-05,0.0002595,351.304347826087,0.21224680209131633
m68_combined,68,combined,2.534288122793572,7.0,1.0,0.8125,1.175,0.1,0.1875,0.6125,0.4875,0.75,target_share_final100,10,0.0,0.0,0.0,0.0,,,0.0,0.0,,
m68_combined,68,combined,2.534288122793572,7.0,1.0,0.8125,1.175,0.1,0.1875,0.6125,0.4875,0.75,fake_repost_share_decisions,10,9.652219019068431e-05,4.3395462496219654e-05,-1.6451661280798548e-06,0.0001946895465094485,0.70336838967234,0.053194105754387,0.11026306799661408,0.11035959018680477,0.08753809588687327,0.2018232585337842
m68_combined,68,combined,2.534288122793572,7.0,1.0,0.8125,1.175,0.1,0.1875,0.6125,0.4875,0.75,target_share_decisions,10,0.0002020470186191556,9.861768682208095e-05,-2.104168800400494e-05,0.00042513572524231617,0.6478845670307501,0.0707520166465021,5.7512060074096875e-05,0.00025955907869325246,351.3124349203351,0.2122560499395063
m68_combined,68,combined,2.534288122793572,7.0,1.0,0.8125,1.175,0.1,0.1875,0.6125,0.4875,0.75,participation_rate,10,0.0,0.0,0.0,0.0,,,0.999786,0.999786,0.0,
m68_combined,68,combined,2.534288122793572,7.0,1.0,0.8125,1.175,0.1,0.1875,0.6125,0.4875,0.75,cumulative_fake_reposts,10,19.3,8.676981041814024,-0.32869481520382493,38.928694815203826,0.7033778055655435,0.05319152041019747,22047.9,22067.2,0.08753668149801114,0.20181871009762672
m68_combined,68,combined,2.534288122793572,7.0,1.0,0.8125,1.175,0.1,0.1875,0.6125,0.4875,0.75,target_unique_reposters_p400,10,1.8,0.9521904571390466,-0.3540044629651915,3.954004462965192,0.5977900477395643,0.09128107834595112,3.1,4.9,58.06451612903226,0.5747878369072914
m69_credibility,69,credibility,2.534288122793572,7.0,4.425,0.8125,1.175,0.1,0.1875,0.6125,0.4875,0.75,fake_repost_share_all,10,1.2000000000000898e-05,1.3274871834491672e-05,-1.8029846405622585e-05,4.202984640562438e-05,0.28585836756198324,0.3895697785291248,0.1032025,0.10321450000000001,0.011627625299775585,1.0
m69_credibility,69,credibility,2.534288122793572,7.0,4.425,0.8125,1.175,0.1,0.1875,0.6125,0.4875,0.75,fake_repost_share_final100,10,0.0,0.0,0.0,0.0,,,0.08299999999999999,0.08299999999999999,0.0,
m69_credibility,69,credibility,2.534288122793572,7.0,4.425,0.8125,1.175,0.1,0.1875,0.6125,0.4875,0.75,target_share_all,10,0.00010250000000000001,2.1759416863101414e-05,5.32767792848231e-05,0.0001517232207151769,1.4896238359995255,0.0011035741437119316,0.00020949999999999997,0.00031200000000000005,48.92601431980908,0.05959300376044431
m69_credibility,69,credibility,2.534288122793572,7.0,4.425,0.8125,1.175,0.1,0.1875,0.6125,0.4875,0.75,target_share_final100,10,0.0,0.0,0.0,0.0,,,0.0,0.0,,
m69_credibility,69,credibility,2.534288122793572,7.0,4.425,0.8125,1.175,0.1,0.1875,0.6125,0.4875,0.75,fake_repost_share_decisions,10,1.200221039984739e-05,1.3277898557011917e-05,-1.8034482927805066e-05,4.203890372749985e-05,0.2858458487019749,0.38958967421389656,0.10322438521591717,0.10323638742631702,0.011627301412105337,1.0
m69_credibility,69,credibility,2.534288122793572,7.0,4.425,0.8125,1.175,0.1,0.1875,0.6125,0.4875,0.75,target_share_decisions,10,0.00010252194479399219,2.1764411815985427e-05,5.328742471037087e-05,0.00015175646487761352,1.4896008145781283,0.0011036871771603518,0.00020954437209292715,0.0003120663168869194,48.92612660984593,0.059599107566658996
m69_credibility,69,credibility,2.534288122793572,7.0,4.425,0.8125,1.175,0.1,0.1875,0.6125,0.4875,0.75,participation_rate,10,0.0,0.0,0.0,0.0,,,0.9997905000000001,0.9997905000000001,0.0,
m69_credibility,69,credibility,2.534288122793572,7.0,4.425,0.8125,1.175,0.1,0.1875,0.6125,0.4875,0.75,cumulative_fake_reposts,10,2.4,2.6549743668986503,-3.6059692811254114,8.405969281125412,0.28585836756192784,0.389569778529213,20640.5,20642.9,0.011627625299774715,1.0
m69_credibility,69,credibility,2.534288122793572,7.0,4.425,0.8125,1.175,0.1,0.1875,0.6125,0.4875,0.75,target_unique_reposters_p400,10,0.4,0.22110831935702666,-0.10018176838777082,0.9001817683877709,0.5720775535473553,0.10388813106210176,11.4,11.8,3.508771929824561,1.0
m69_combined,69,combined,2.534288122793572,7.0,4.425,0.8125,1.175,0.1,0.1875,0.6125,0.4875,0.75,fake_repost_share_all,10,0.00040900000000000105,0.00012621586447211932,0.00012347987812562887,0.0006945201218743732,1.0247297900451906,0.01015085271259639,0.1032025,0.1036115,0.39630822896732254,0.10845510857823361
m69_combined,69,combined,2.534288122793572,7.0,4.425,0.8125,1.175,0.1,0.1875,0.6125,0.4875,0.75,fake_repost_share_final100,10,1.6000000000000735e-05,1.6000000000000735e-05,-2.0194514604772203e-05,5.219451460477367e-05,0.31622776601683794,0.3434363961379136,0.08299999999999999,0.083016,0.019277108433735826,1.0
m69_combined,69,combined,2.534288122793572,7.0,4.425,0.8125,1.175,0.1,0.1875,0.6125,0.4875,0.75,target_share_all,10,0.000838,0.00023115194617874668,0.0003150979692570031,0.001360902030742997,1.1464271545314617,0.005525747799055728,0.00020949999999999997,0.0010475,400.0000000000001,0.07028756834871107
m69_combined,69,combined,2.534288122793572,7.0,4.425,0.8125,1.175,0.1,0.1875,0.6125,0.4875,0.75,target_share_final100,10,0.0,0.0,0.0,0.0,,,0.0,0.0,,
m69_combined,69,combined,2.534288122793572,7.0,4.425,0.8125,1.175,0.1,0.1875,0.6125,0.4875,0.75,fake_repost_share_decisions,10,0.00040909076055424266,0.00012624871382592217,0.00012349632827887203,0.0006946851928296133,1.024690496939028,0.010152872112175576,0.10322438521591717,0.1036334759764714,0.3963121307998461,0.10844813445433119
m69_combined,69,combined,2.534288122793572,7.0,4.425,0.8125,1.175,0.1,0.1875,0.6125,0.4875,0.75,target_share_decisions,10,0.0008381842437987358,0.00023121053091083797,0.00031514968518440794,0.0013612188024130637,1.146388660943827,0.005526795813804355,0.00020954437209292715,0.0010477286158916631,400.00322386469264,0.07028098443152132
m69_combined,69,combined,2.534288122793572,7.0,4.425,0.8125,1.175,0.1,0.1875,0.6125,0.4875,0.75,participation_rate,10,0.0,0.0,0.0,0.0,,,0.9997905000000001,0.9997905000000001,0.0,
m69_combined,69,combined,2.534288122793572,7.0,4.425,0.8125,1.175,0.1,0.1875,0.6125,0.4875,0.75,cumulative_fake_reposts,10,81.8,25.243172894423903,24.69597562512547,138.90402437487452,1.0247297900451862,0.010150852712596619,20640.5,20722.3,0.3963082289673215,0.10845510857823618
m69_combined,69,combined,2.534288122793572,7.0,4.425,0.8125,1.175,0.1,0.1875,0.6125,0.4875,0.75,target_unique_reposters_p400,10,7.1,2.3638480868655196,1.7526041185303312,12.447395881469667,0.9498144788554175,0.014869869331837872,11.4,18.5,62.28070175438596,0.30330613389581185
m70_credibility,70,credibility,5.000000000000001,7.0,4.425,0.8125,1.175,0.1,0.1875,0.6125,0.4875,0.75,fake_repost_share_all,10,5.550000000000277e-05,1.601128074549819e-05,1.9279966576001065e-05,9.172003342400447e-05,1.0961422320241314,0.00708993854282754,0.10616699999999998,0.1062225,0.05227613100116117,0.41830637402682486
m70_credibility,70,credibility,5.000000000000001,7.0,4.425,0.8125,1.175,0.1,0.1875,0.6125,0.4875,0.75,fake_repost_share_final100,10,1.6000000000003513e-05,1.107549848389104e-05,-9.054518226891262e-06,4.105451822689829e-05,0.4568321925762176,0.1824600107512576,0.08318,0.083196,0.01923539312335118,1.0
m70_credibility,70,credibility,5.000000000000001,7.0,4.425,0.8125,1.175,0.1,0.1875,0.6125,0.4875,0.75,target_share_all,10,0.00016800000000000002,3.1834642206948774e-05,9.59850361064328e-05,0.00024001496389356724,1.6688192801247355,0.0005089408775293163,0.0003325,0.0005005,50.526315789473685,0.03257221616187624
m70_credibility,70,credibility,5.000000000000001,7.0,4.425,0.8125,1.175,0.1,0.1875,0.6125,0.4875,0.75,target_share_final100,10,2.7999999999999996e-05,1.9821424996424675e-05,-1.6839178532529464e-05,7.283917853252946e-05,0.4467074113020928,0.1914030546990366,1.8e-05,4.6e-05,155.55555555555554,1.0
m70_credibility,70,credibility,5.000000000000001,7.0,4.425,0.8125,1.175,0.1,0.1875,0.6125,0.4875,0.75,fake_repost_share_decisions,10,5.551216518430851e-05,1.6014636345169432e-05,1.9284540866475014e-05,9.173978950214202e-05,1.0961527695436313,0.007089566010378655,0.10618950829151888,0.10624502045670318,0.05227650648114183,0.4182843946123406
m70_credibility,70,credibility,5.000000000000001,7.0,4.425,0.8125,1.175,0.1,0.1875,0.6125,0.4875,0.75,target_share_decisions,10,0.00016803546760117832,3.1841175874528044e-05,9.600572352469731e-05,0.00024006521167765931,1.6688290891173936,0.0005089199573445134,0.00033257022511053446,0.0005006056927117127,50.52631141147087,0.032570877270048856
m70_credibility,70,credibility,5.000000000000001,7.0,4.425,0.8125,1.175,0.1,0.1875,0.6125,0.4875,0.75,participation_rate,10,0.0,0.0,0.0,0.0,,,0.9997905000000001,0.9997905000000001,0.0,
m70_credibility,70,credibility,5.000000000000001,7.0,4.425,0.8125,1.175,0.1,0.1875,0.6125,0.4875,0.75,cumulative_fake_reposts,10,11.1,3.202256149099326,3.8559933152003634,18.344006684799638,1.0961422320241831,0.007089938542825704,21233.4,21244.5,0.05227613100115855,0.41830637402671655
m70_credibility,70,credibility,5.000000000000001,7.0,4.425,0.8125,1.175,0.1,0.1875,0.6125,0.4875,0.75,target_unique_reposters_p400,10,0.2,0.13333333333333333,-0.10162095503976065,0.5016209550397607,0.4743416490252569,0.16785065605707505,13.6,13.8,1.4705882352941178,1.0
m70_combined,70,combined,5.000000000000001,7.0,4.425,0.8125,1.175,0.1,0.1875,0.6125,0.4875,0.75,fake_repost_share_all,10,0.0006020000000000012,0.00010550197470505903,0.0003633379522315969,0.0008406620477684055,1.804412814777468,0.00029206112671177376,0.10616699999999998,0.106769,0.5670311867152705,0.016316348871813536
m70_combined,70,combined,5.000000000000001,7.0,4.425,0.8125,1.175,0.1,0.1875,0.6125,0.4875,0.75,fake_repost_share_final100,10,8.400000000000143e-05,5.3897021150421023e-05,-3.792353244890983e-05,0.0002059235324489127,0.49284973043834607,0.1535370515785637,0.08318,0.083264,0.10098581389757323,1.0
m70_combined,70,combined,5.000000000000001,7.0,4.425,0.8125,1.175,0.1,0.1875,0.6125,0.4875,0.75,target_share_all,10,0.001291,0.00023070760715676456,0.0007691031339582907,0.0018128968660417093,1.7695560669151844,0.00033606331594904595,0.0003325,0.0016235000000000004,388.27067669172936,0.013778595953910884
m70_combined,70,combined,5.000000000000001,7.0,4.425,0.8125,1.175,0.1,0.1875,0.6125,0.4875,0.75,target_share_final100,10,0.000182,0.00012308804436933206,-9.644450122490774e-05,0.0004604445012249078,0.4675795582743388,0.1733665988241425,1.8e-05,0.0002,1011.1111111111111,1.0
m70_combined,70,combined,5.000000000000001,7.0,4.425,0.8125,1.175,0.1,0.1875,0.6125,0.4875,0.75,fake_repost_share_decisions,10,0.0006021305588046602,0.00010552945872509778,0.0003634063378634627,0.0008408547797458577,1.8043341050131168,0.00029215314789010995,0.10618950829151888,0.10679163885032353,0.567033945718676,0.016315761778003392
m70_combined,70,combined,5.000000000000001,7.0,4.425,0.8125,1.175,0.1,0.1875,0.6125,0.4875,0.75,target_share_decisions,10,0.0012912773831708873,0.0002307647129269921,0.0007692513349020207,0.001813303431439754,1.769498278176462,0.00033614197896667355,0.00033257022511053446,0.0016238476082814219,388.27209583831893,0.013781821137633616
m70_combined,70,combined,5.000000000000001,7.0,4.425,0.8125,1.175,0.1,0.1875,0.6125,0.4875,0.75,participation_rate,10,0.0,0.0,0.0,0.0,,,0.9997905000000001,0.9997905000000001,0.0,
m70_combined,70,combined,5.000000000000001,7.0,4.425,0.8125,1.175,0.1,0.1875,0.6125,0.4875,0.75,cumulative_fake_reposts,10,120.4,21.10039494101157,72.66759044631968,168.13240955368033,1.804412814777485,0.0002920611267117542,21233.4,21353.8,0.5670311867152693,0.016316348871813147
m70_combined,70,combined,5.000000000000001,7.0,4.425,0.8125,1.175,0.1,0.1875,0.6125,0.4875,0.75,target_unique_reposters_p400,10,5.1,1.6563010998406456,1.3531866032449384,8.84681339675506,0.9737128151644883,0.013158013693973639,13.6,18.7,37.5,0.30114086821334485
m71_credibility,71,credibility,5.000000000000001,7.0,4.425,0.8125,1.25,0.1,0.1875,0.6125,0.4875,0.75,fake_repost_share_all,10,7.099999999999884e-05,2.4673422498261988e-05,1.5184840564809105e-05,0.0001268151594351886,0.9099739360754135,0.01824953754870032,0.10724149999999999,0.10731249999999999,0.06620571327331196,0.9307264149837163
m71_credibility,71,credibility,5.000000000000001,7.0,4.425,0.8125,1.25,0.1,0.1875,0.6125,0.4875,0.75,fake_repost_share_final100,10,2.0000000000006123e-06,2.0000000000006127e-06,-2.524314325597184e-06,6.524314325598409e-06,0.3162277660168379,0.34343639613791355,0.08348599999999998,0.08348799999999999,0.002395611240208673,1.0
m71_credibility,71,credibility,5.000000000000001,7.0,4.425,0.8125,1.25,0.1,0.1875,0.6125,0.4875,0.75,target_share_all,10,0.00019299999999999997,5.4463035374666944e-05,6.979605441946514e-05,0.0003162039455805348,1.1206125112453473,0.006277696959254499,0.000342,0.0005350000000000001,56.43274853801169,0.1307194037449623
m71_credibility,71,credibility,5.000000000000001,7.0,4.425,0.8125,1.25,0.1,0.1875,0.6125,0.4875,0.75,target_share_final100,10,4.000000000000001e-06,4e-06,-5.048628651192819e-06,1.304862865119282e-05,0.316227766016838,0.3434363961379133,6.000000000000001e-06,1e-05,66.66666666666666,1.0
m71_credibility,71,credibility,5.000000000000001,7.0,4.425,0.8125,1.25,0.1,0.1875,0.6125,0.4875,0.75,fake_repost_share_decisions,10,7.101604618586915e-05,2.4679458135367898e-05,1.5187233190968226e-05,0.00012684485918077008,0.9099569979829791,0.01825113053655118,0.10726423313435637,0.10733524918054224,0.06620664140386506,0.9308076573641102
m71_credibility,71,credibility,5.000000000000001,7.0,4.425,0.8125,1.25,0.1,0.1875,0.6125,0.4875,0.75,target_share_decisions,10,0.00019304201932645763,5.447604172667743e-05,6.980865133356039e-05,0.00031627538731935484,1.1205888787821108,0.006278432546974118,0.00034207214299992653,0.0005351141623263842,56.43313063539907,0.13072848451689023
m71_credibility,71,credibility,5.000000000000001,7.0,4.425,0.8125,1.25,0.1,0.1875,0.6125,0.4875,0.75,participation_rate,10,0.0,0.0,0.0,0.0,,,0.9997905000000001,0.9997905000000001,0.0,
m71_credibility,71,credibility,5.000000000000001,7.0,4.425,0.8125,1.25,0.1,0.1875,0.6125,0.4875,0.75,cumulative_fake_reposts,10,14.2,4.934684499652546,3.0369681129617163,25.363031887038282,0.909973936075401,0.0182495375487015,21448.3,21462.5,0.06620571327331304,0.9307264149837765
m71_credibility,71,credibility,5.000000000000001,7.0,4.425,0.8125,1.25,0.1,0.1875,0.6125,0.4875,0.75,target_unique_reposters_p400,10,0.1,0.09999999999999999,-0.12621571627982048,0.3262157162798205,0.31622776601683794,0.3434363961379136,13.5,13.6,0.7407407407407408,1.0
m71_combined,71,combined,5.000000000000001,7.0,4.425,0.8125,1.25,0.1,0.1875,0.6125,0.4875,0.75,fake_repost_share_all,10,0.0007844999999999949,0.00016293736015209433,0.00041591008364450394,0.001153089916355486,1.522552484025985,0.0009539420539479997,0.10724149999999999,0.10802599999999998,0.7315265079283626,0.03434191394212799
m71_combined,71,combined,5.000000000000001,7.0,4.425,0.8125,1.25,0.1,0.1875,0.6125,0.4875,0.75,fake_repost_share_final100,10,0.0001040000000000027,6.24535382860301e-05,-3.7279718975832205e-05,0.00024527971897583763,0.5265944663556152,0.1302200638841071,0.08348599999999998,0.08359000000000001,0.12457178449081611,1.0
m71_combined,71,combined,5.000000000000001,7.0,4.425,0.8125,1.25,0.1,0.1875,0.6125,0.4875,0.75,target_share_all,10,0.0015314999999999999,0.00033487398127255764,0.0007739624246295317,0.002289037575370468,1.4462241044060327,0.0013404487717803054,0.000342,0.0018735000000000002,447.8070175438596,0.03619211683806824
m71_combined,71,combined,5.000000000000001,7.0,4.425,0.8125,1.25,0.1,0.1875,0.6125,0.4875,0.75,target_share_final100,10,0.00019,0.00011582553930612864,-7.201557337632394e-05,0.00045201557337632396,0.5187394412591355,0.1353422264937827,6.000000000000001e-06,0.000196,3166.6666666666665,1.0
m71_combined,71,combined,5.000000000000001,7.0,4.425,0.8125,1.25,0.1,0.1875,0.6125,0.4875,0.75,fake_repost_share_decisions,10,0.0007846685544607255,0.00016297831471911775,0.00041598599243809314,0.0011533511164833578,1.52249693137654,0.0009541753100075532,0.10726423313435637,0.10804890168881709,0.7315286107325917,0.034350311160271915
m71_combined,71,combined,5.000000000000001,7.0,4.425,0.8125,1.25,0.1,0.1875,0.6125,0.4875,0.75,target_share_decisions,10,0.0015318283918676122,0.0003349556690325159,0.0007741060259458415,0.002289550757789383,1.4461814355332987,0.0013407068656536357,0.00034207214299992653,0.0018739005348675382,447.80857582663236,0.03619908537264816
m71_combined,71,combined,5.000000000000001,7.0,4.425,0.8125,1.25,0.1,0.1875,0.6125,0.4875,0.75,participation_rate,10,0.0,0.0,0.0,0.0,,,0.9997905000000001,0.9997905000000001,0.0,
m71_combined,71,combined,5.000000000000001,7.0,4.425,0.8125,1.25,0.1,0.1875,0.6125,0.4875,0.75,cumulative_fake_reposts,10,156.9,32.58747203041889,83.18201672890176,230.61798327109824,1.5225524840259939,0.0009539420539479619,21448.3,21605.2,0.7315265079283673,0.03434191394212663
m71_combined,71,combined,5.000000000000001,7.0,4.425,0.8125,1.25,0.1,0.1875,0.6125,0.4875,0.75,target_unique_reposters_p400,10,5.0,1.6733200530681511,1.2146870562980094,8.78531294370199,0.944911182523068,0.015248550316510246,13.5,18.5,37.03703703703704,0.30330613389581185
m72_credibility,72,credibility,5.000000000000001,7.0,4.425,0.8125,1.25,0.1,0.1875,0.6125,0.55,0.75,fake_repost_share_all,10,6.499999999999423e-05,2.7918532275971487e-05,1.8438922370924663e-06,0.000128156107762896,0.7362423134536857,0.04487901790294052,0.10822400000000001,0.10828900000000001,0.06006061502069247,1.0
m72_credibility,72,credibility,5.000000000000001,7.0,4.425,0.8125,1.25,0.1,0.1875,0.6125,0.55,0.75,fake_repost_share_final100,10,2.0000000000006123e-06,2.0000000000006127e-06,-2.524314325597184e-06,6.524314325598409e-06,0.3162277660168379,0.34343639613791355,0.08357,0.08357200000000001,0.0023932033026212904,1.0
m72_credibility,72,credibility,5.000000000000001,7.0,4.425,0.8125,1.25,0.1,0.1875,0.6125,0.55,0.75,target_share_all,10,0.00019700000000000005,5.221323799787008e-05,7.888544967023085e-05,0.00031511455032976924,1.1931240485000825,0.00439618108635524,0.00035,0.0005470000000000001,56.28571428571429,0.12153914022058826
m72_credibility,72,credibility,5.000000000000001,7.0,4.425,0.8125,1.25,0.1,0.1875,0.6125,0.55,0.75,target_share_final100,10,4.000000000000001e-06,4e-06,-5.048628651192819e-06,1.304862865119282e-05,0.316227766016838,0.3434363961379133,6.000000000000001e-06,1e-05,66.66666666666666,1.0
m72_credibility,72,credibility,5.000000000000001,7.0,4.425,0.8125,1.25,0.1,0.1875,0.6125,0.55,0.75,fake_repost_share_decisions,10,6.50149709943898e-05,2.7924989305532297e-05,1.8442564158166442e-06,0.00012818568557296296,0.736241608197583,0.044879181793994846,0.10824694299221141,0.10831195796320578,0.06006171555262098,1.0
m72_credibility,72,credibility,5.000000000000001,7.0,4.425,0.8125,1.25,0.1,0.1875,0.6125,0.55,0.75,target_share_decisions,10,0.0001970429870570245,5.2225850576954595e-05,7.889990509113789e-05,0.0003151860690229111,1.1930961950445083,0.004396777116255017,0.0003500739133940647,0.0005471169004510892,56.28610973798005,0.1215432301139074
m72_credibility,72,credibility,5.000000000000001,7.0,4.425,0.8125,1.25,0.1,0.1875,0.6125,0.55,0.75,participation_rate,10,0.0,0.0,0.0,0.0,,,0.9997905000000001,0.9997905000000001,0.0,
m72_credibility,72,credibility,5.000000000000001,7.0,4.425,0.8125,1.25,0.1,0.1875,0.6125,0.55,0.75,cumulative_fake_reposts,10,13.0,5.5837064551942355,0.3687784474197855,25.631221552580215,0.7362423134537592,0.04487901790292349,21644.8,21657.8,0.06006061502069781,1.0
m72_credibility,72,credibility,5.000000000000001,7.0,4.425,0.8125,1.25,0.1,0.1875,0.6125,0.55,0.75,target_unique_reposters_p400,10,0.0,0.0,0.0,0.0,,,13.6,13.6,0.0,
m72_combined,72,combined,5.000000000000001,7.0,4.425,0.8125,1.25,0.1,0.1875,0.6125,0.55,0.75,fake_repost_share_all,10,0.0007819999999999994,0.00016326733360419294,0.0004126636318363103,0.0011513363681636885,1.5146331330716132,0.0009878208749207655,0.10822400000000001,0.109006,0.7225753991720868,0.03441874342317449
m72_combined,72,combined,5.000000000000001,7.0,4.425,0.8125,1.25,0.1,0.1875,0.6125,0.55,0.75,fake_repost_share_final100,10,0.00010400000000000201,6.245353828603027e-05,-3.72797189758333e-05,0.00024527971897583736,0.5265944663556102,0.13022006388411012,0.08357,0.083674,0.12444657173627138,1.0
m72_combined,72,combined,5.000000000000001,7.0,4.425,0.8125,1.25,0.1,0.1875,0.6125,0.55,0.75,target_share_all,10,0.0015369999999999997,0.00033383478947926715,0.0007818132397882447,0.0022921867602117545,1.4559359649904478,0.0012830664792993758,0.00035,0.0018870000000000002,439.14285714285705,0.035925861420382524
m72_combined,72,combined,5.000000000000001,7.0,4.425,0.8125,1.25,0.1,0.1875,0.6125,0.55,0.75,target_share_final100,10,0.00019,0.00011582553930612864,-7.201557337632394e-05,0.00045201557337632396,0.5187394412591355,0.1353422264937827,6.000000000000001e-06,0.000196,3166.6666666666665,1.0
m72_combined,72,combined,5.000000000000001,7.0,4.425,0.8125,1.25,0.1,0.1875,0.6125,0.55,0.75,fake_repost_share_decisions,10,0.0007821682919591233,0.00016330849433293974,0.00041273881175807363,0.001151597772160173,1.5145772583707524,0.0009880644508382004,0.10824694299221141,0.10902911128417052,0.7225777193683908,0.03441475398399862
m72_combined,72,combined,5.000000000000001,7.0,4.425,0.8125,1.25,0.1,0.1875,0.6125,0.55,0.75,target_share_decisions,10,0.0015373297396934777,0.0003339163765093406,0.0007819584167972507,0.0022927010625897045,1.4558925030767889,0.0012833173287037341,0.0003500739133940647,0.0018874036530875423,439.1443294899169,0.03593288520370456
m72_combined,72,combined,5.000000000000001,7.0,4.425,0.8125,1.25,0.1,0.1875,0.6125,0.55,0.75,participation_rate,10,0.0,0.0,0.0,0.0,,,0.9997905000000001,0.9997905000000001,0.0,
m72_combined,72,combined,5.000000000000001,7.0,4.425,0.8125,1.25,0.1,0.1875,0.6125,0.55,0.75,cumulative_fake_reposts,10,156.4,32.65346672083822,82.53272636726302,230.267273632737,1.5146331330716318,0.0009878208749206836,21644.8,21801.2,0.7225753991720876,0.034418743423175885
m72_combined,72,combined,5.000000000000001,7.0,4.425,0.8125,1.25,0.1,0.1875,0.6125,0.55,0.75,target_unique_reposters_p400,10,5.0,1.6124515496597098,1.352381177272222,8.647618822727779,0.9805806756909202,0.012704641644358439,13.6,18.6,36.76470588235294,0.30114086821334485
m73_credibility,73,credibility,5.000000000000001,7.0,4.425,0.8125,1.25,0.1,0.1875,0.6125,0.55,0.875,fake_repost_share_all,10,4.200000000000037e-05,2.3478122203921232e-05,-1.111120231265162e-05,9.511120231265235e-05,0.5656996780811147,0.10725746701850054,0.10825099999999999,0.108293,0.038798717794755126,1.0
m73_credibility,73,credibility,5.000000000000001,7.0,4.425,0.8125,1.25,0.1,0.1875,0.6125,0.55,0.875,fake_repost_share_final100,10,5.999999999999062e-06,6.6999170807477456e-06,-9.15626541436849e-06,2.1156265414366614e-05,0.2831925489873338,0.39382281469166536,0.08343799999999998,0.083444,0.007190968144009999,1.0
m73_credibility,73,credibility,5.000000000000001,7.0,4.425,0.8125,1.25,0.1,0.1875,0.6125,0.55,0.875,target_share_all,10,0.0001575,3.920919676697179e-05,6.880263468603055e-05,0.0002461973653139695,1.2702599709873779,0.003032118328845865,0.00032,0.00047749999999999995,49.21875,0.10017333104922103
m73_credibility,73,credibility,5.000000000000001,7.0,4.425,0.8125,1.25,0.1,0.1875,0.6125,0.55,0.875,target_share_final100,10,8.000000000000001e-06,5.3333333333333345e-06,-4.064838201590427e-06,2.0064838201590428e-05,0.4743416490252569,0.16785065605707505,4.000000000000001e-06,1.2000000000000002e-05,200.0,1.0
m73_credibility,73,credibility,5.000000000000001,7.0,4.425,0.8125,1.25,0.1,0.1875,0.6125,0.55,0.875,fake_repost_share_decisions,10,4.200887692437649e-05,2.3483127844840426e-05,-1.1113648934735246e-05,9.513140278348824e-05,0.5656986322454756,0.10725802774357304,0.10827394566724291,0.10831595454416727,0.038798694058385846,1.0
m73_credibility,73,credibility,5.000000000000001,7.0,4.425,0.8125,1.25,0.1,0.1875,0.6125,0.55,0.875,target_share_decisions,10,0.00015753402749560632,3.9218603207351605e-05,6.881538333515524e-05,0.0002462526716560574,1.2702296745038713,0.003032555943834287,0.00032006750950822364,0.00047760153700382994,49.218999997111155,0.10016465136811986
m73_credibility,73,credibility,5.000000000000001,7.0,4.425,0.8125,1.25,0.1,0.1875,0.6125,0.55,0.875,participation_rate,10,0.0,0.0,0.0,0.0,,,0.9997905000000001,0.9997905000000001,0.0,
m73_credibility,73,credibility,5.000000000000001,7.0,4.425,0.8125,1.25,0.1,0.1875,0.6125,0.55,0.875,cumulative_fake_reposts,10,8.4,4.695624440784089,-2.222240462530042,19.022240462530043,0.5656996780811285,0.10725746701849309,21650.2,21658.6,0.03879871779475478,1.0
m73_credibility,73,credibility,5.000000000000001,7.0,4.425,0.8125,1.25,0.1,0.1875,0.6125,0.55,0.875,target_unique_reposters_p400,10,0.1,0.09999999999999999,-0.12621571627982048,0.3262157162798205,0.31622776601683794,0.3434363961379136,12.8,12.9,0.78125,1.0
m73_combined,73,combined,5.000000000000001,7.0,4.425,0.8125,1.25,0.1,0.1875,0.6125,0.55,0.875,fake_repost_share_all,10,0.0009349999999999983,0.00015533834040570897,0.000583600260594038,0.0012863997394059587,1.9034126439970411,0.00019781116644607924,0.10825099999999999,0.109186,0.8637333604308491,0.012857725818995152
m73_combined,73,combined,5.000000000000001,7.0,4.425,0.8125,1.25,0.1,0.1875,0.6125,0.55,0.875,fake_repost_share_final100,10,0.0001779999999999976,0.00010068432516202987,-4.97637673467918e-05,0.000405763767346787,0.5590596377381686,0.1108727843520988,0.08343799999999998,0.083616,0.2133320549389938,1.0
m73_combined,73,combined,5.000000000000001,7.0,4.425,0.8125,1.25,0.1,0.1875,0.6125,0.55,0.875,target_share_all,10,0.0019134999999999998,0.00033449800696964786,0.001156812937591887,0.0026701870624081126,1.8089848598952216,0.0002867694404838711,0.00032,0.0022335000000000002,597.9687499999999,0.012757046878047785
m73_combined,73,combined,5.000000000000001,7.0,4.425,0.8125,1.25,0.1,0.1875,0.6125,0.55,0.875,target_share_final100,10,0.000284,0.0001725314786092993,-0.00010629332014419163,0.0006742933201441916,0.5205350714703801,0.13415547617375864,4.000000000000001e-06,0.000288,7099.999999999998,1.0
m73_combined,73,combined,5.000000000000001,7.0,4.425,0.8125,1.25,0.1,0.1875,0.6125,0.55,0.875,fake_repost_share_decisions,10,0.0009351971774366169,0.0001553753377585938,0.0005837137442038236,0.0012866806106694101,1.9033607165219286,0.00019785092538734687,0.10827394566724291,0.10920914284467953,0.8637324258143761,0.012860310150177546
m73_combined,73,combined,5.000000000000001,7.0,4.425,0.8125,1.25,0.1,0.1875,0.6125,0.55,0.875,target_share_decisions,10,0.0019139030190613144,0.00033457382300809165,0.0011570444488587812,0.0026707615892638476,1.8089558550909213,0.0002868026809615586,0.00032006750950822364,0.002233970528569538,597.9685416998377,0.012756471884966673
m73_combined,73,combined,5.000000000000001,7.0,4.425,0.8125,1.25,0.1,0.1875,0.6125,0.55,0.875,participation_rate,10,0.0,0.0,0.0,0.0,,,0.9997905000000001,0.9997905000000001,0.0,
m73_combined,73,combined,5.000000000000001,7.0,4.425,0.8125,1.25,0.1,0.1875,0.6125,0.55,0.875,cumulative_fake_reposts,10,187.0,31.067668081141846,116.72005211880781,257.2799478811922,1.9034126439970414,0.00019781116644607924,21650.2,21837.2,0.8637333604308505,0.012857725818995152
m73_combined,73,combined,5.000000000000001,7.0,4.425,0.8125,1.25,0.1,0.1875,0.6125,0.55,0.875,target_unique_reposters_p400,10,4.8,1.8547236990991407,0.6043234990712962,8.995676500928703,0.8183932073645681,0.029310113213803092,12.8,17.6,37.49999999999999,0.3949498576494399
m74_credibility,74,credibility,5.000000000000001,7.0,4.425,0.8125,1.25,0.1,0.2249999999999999,0.6125,0.55,0.875,fake_repost_share_all,10,5.199999999999927e-05,3.732886878066816e-05,-3.24437678913435e-05,0.00013644376789134205,0.44051278193008797,0.19705917607327145,0.11020249999999998,0.11025449999999999,0.04718586238969105,1.0
m74_credibility,74,credibility,5.000000000000001,7.0,4.425,0.8125,1.25,0.1,0.2249999999999999,0.6125,0.55,0.875,fake_repost_share_final100,10,6.000000000004613e-06,6.000000000002042e-06,-7.5729429767892365e-06,1.957294297679846e-05,0.3162277660169734,0.34343639613771715,0.08352200000000001,0.083528,0.007183736021652513,1.0
m74_credibility,74,credibility,5.000000000000001,7.0,4.425,0.8125,1.25,0.1,0.2249999999999999,0.6125,0.55,0.875,target_share_all,10,0.0001575,3.92091967669718e-05,6.880263468603053e-05,0.0002461973653139695,1.2702599709873776,0.003032118328845865,0.0003225,0.00048000000000000007,48.83720930232558,0.10017333104922103
m74_credibility,74,credibility,5.000000000000001,7.0,4.425,0.8125,1.25,0.1,0.2249999999999999,0.6125,0.55,0.875,target_share_final100,10,8.000000000000001e-06,5.3333333333333345e-06,-4.064838201590427e-06,2.0064838201590428e-05,0.4743416490252569,0.16785065605707505,4.000000000000001e-06,1.2000000000000002e-05,200.0,1.0
m74_credibility,74,credibility,5.000000000000001,7.0,4.425,0.8125,1.25,0.1,0.2249999999999999,0.6125,0.55,0.875,fake_repost_share_decisions,10,5.201204034036705e-05,3.733754789424155e-05,-3.245136106991251e-05,0.0001364754417506466,0.44051235955290446,0.19705956657711074,0.1102258551246924,0.11027786716503278,0.0471867877836182,1.0
m74_credibility,74,credibility,5.000000000000001,7.0,4.425,0.8125,1.25,0.1,0.2249999999999999,0.6125,0.55,0.875,target_share_decisions,10,0.00015753402749560632,3.9218603207351605e-05,6.881538333515524e-05,0.0002462526716560574,1.2702296745038713,0.003032555943834287,0.00032256800710920707,0.0004801020346048134,48.83746187583704,0.10016465136811986
m74_credibility,74,credibility,5.000000000000001,7.0,4.425,0.8125,1.25,0.1,0.2249999999999999,0.6125,0.55,0.875,participation_rate,10,0.0,0.0,0.0,0.0,,,0.9997905000000001,0.9997905000000001,0.0,
m74_credibility,74,credibility,5.000000000000001,7.0,4.425,0.8125,1.25,0.1,0.2249999999999999,0.6125,0.55,0.875,cumulative_fake_reposts,10,10.4,7.465773756133905,-6.48875357826917,27.288753578269173,0.440512781930078,0.19705917607328052,22040.5,22050.9,0.047185862389691705,1.0
m74_credibility,74,credibility,5.000000000000001,7.0,4.425,0.8125,1.25,0.1,0.2249999999999999,0.6125,0.55,0.875,target_unique_reposters_p400,10,0.1,0.09999999999999999,-0.12621571627982048,0.3262157162798205,0.31622776601683794,0.3434363961379136,12.9,13.0,0.7751937984496124,1.0
m74_combined,74,combined,5.000000000000001,7.0,4.425,0.8125,1.25,0.1,0.2249999999999999,0.6125,0.55,0.875,fake_repost_share_all,10,0.0009410000000000002,0.00016381018826000287,0.0005704356092883123,0.0013115643907116881,1.816555679366749,0.00027823430540552225,0.11020249999999998,0.11114349999999999,0.8538826251673061,0.01613758971352029
m74_combined,74,combined,5.000000000000001,7.0,4.425,0.8125,1.25,0.1,0.2249999999999999,0.6125,0.55,0.875,fake_repost_share_final100,10,0.00017800000000000246,0.0001009047956133788,-5.02625061574913e-05,0.00040626250615749624,0.557838128592718,0.11155001879462478,0.08352200000000001,0.0837,0.2131175019755303,1.0
m74_combined,74,combined,5.000000000000001,7.0,4.425,0.8125,1.25,0.1,0.2249999999999999,0.6125,0.55,0.875,target_share_all,10,0.0019199999999999998,0.0003364248306333328,0.0011589541596396331,0.0026810458403603663,1.804733941930896,0.00029168601616112364,0.0003225,0.0022425,595.3488372093024,0.012757046878047785
m74_combined,74,combined,5.000000000000001,7.0,4.425,0.8125,1.25,0.1,0.2249999999999999,0.6125,0.55,0.875,target_share_final100,10,0.000284,0.0001725314786092993,-0.00010629332014419163,0.0006742933201441916,0.5205350714703801,0.13415547617375864,4.000000000000001e-06,0.000288,7099.999999999998,1.0
m74_combined,74,combined,5.000000000000001,7.0,4.425,0.8125,1.25,0.1,0.2249999999999999,0.6125,0.55,0.875,fake_repost_share_decisions,10,0.0009411991980397605,0.00016385009698893896,0.0005705445275110516,0.0013118538685684693,1.816497672217095,0.0002782986434364618,0.1102258551246924,0.11116705432273219,0.8538824189433903,0.016141321319314783
m74_combined,74,combined,5.000000000000001,7.0,4.425,0.8125,1.25,0.1,0.2249999999999999,0.6125,0.55,0.875,target_share_decisions,10,0.0019204042217838182,0.0003365008183721442,0.0011591864852158146,0.002681621958351822,1.8047062703793786,0.00029171831887942444,0.00032256800710920707,0.002242972228893026,595.3486332987932,0.012756471884966673
m74_combined,74,combined,5.000000000000001,7.0,4.425,0.8125,1.25,0.1,0.2249999999999999,0.6125,0.55,0.875,participation_rate,10,0.0,0.0,0.0,0.0,,,0.9997905000000001,0.9997905000000001,0.0,
m74_combined,74,combined,5.000000000000001,7.0,4.425,0.8125,1.25,0.1,0.2249999999999999,0.6125,0.55,0.875,cumulative_fake_reposts,10,188.2,32.76203765200069,114.08712185766214,262.3128781423378,1.816555679366742,0.00027823430540553,22040.5,22228.7,0.8538826251673057,0.01613758971352074
m74_combined,74,combined,5.000000000000001,7.0,4.425,0.8125,1.25,0.1,0.2249999999999999,0.6125,0.55,0.875,target_unique_reposters_p400,10,4.9,1.8764623926716757,0.6551471576963115,9.144852842303688,0.8257645128055728,0.028210704117817134,12.9,17.8,37.98449612403101,0.3949498576494399
m75_credibility,75,credibility,5.000000000000001,7.0,4.425,0.8125,1.25,0.1,0.2249999999999999,0.675,0.55,0.875,fake_repost_share_all,10,6.250000000000144e-05,3.981380274338153e-05,-2.7565079054173917e-05,0.0001525650790541768,0.49641666995344574,0.15090662671816035,0.1102155,0.11027799999999999,0.056707087478622735,1.0
m75_credibility,75,credibility,5.000000000000001,7.0,4.425,0.8125,1.25,0.1,0.2249999999999999,0.675,0.55,0.875,fake_repost_share_final100,10,8.000000000003837e-06,5.333333333335891e-06,-4.0648382015923755e-06,2.006483820160005e-05,0.47434164902525694,0.16785065605707505,0.08352200000000001,0.08353000000000001,0.009578314695533913,1.0
m75_credibility,75,credibility,5.000000000000001,7.0,4.425,0.8125,1.25,0.1,0.2249999999999999,0.675,0.55,0.875,target_share_all,10,0.0001575,3.92091967669718e-05,6.880263468603053e-05,0.0002461973653139695,1.2702599709873776,0.003032118328845865,0.0003225,0.00048000000000000007,48.83720930232558,0.10017333104922103
m75_credibility,75,credibility,5.000000000000001,7.0,4.425,0.8125,1.25,0.1,0.2249999999999999,0.675,0.55,0.875,target_share_final100,10,8.000000000000001e-06,5.3333333333333345e-06,-4.064838201590427e-06,2.0064838201590428e-05,0.4743416490252569,0.16785065605707505,4.000000000000001e-06,1.2000000000000002e-05,200.0,1.0
m75_credibility,75,credibility,5.000000000000001,7.0,4.425,0.8125,1.25,0.1,0.2249999999999999,0.675,0.55,0.875,fake_repost_share_decisions,10,6.251439587839219e-05,3.9823234913762137e-05,-2.7572020227570378e-05,0.00015260081198435478,0.49641340778381804,0.150909013903642,0.11023885786527918,0.11030137226115758,0.05670813095214562,1.0
m75_credibility,75,credibility,5.000000000000001,7.0,4.425,0.8125,1.25,0.1,0.2249999999999999,0.675,0.55,0.875,target_share_decisions,10,0.00015753402749560632,3.9218603207351605e-05,6.881538333515524e-05,0.0002462526716560574,1.2702296745038713,0.003032555943834287,0.00032256800710920707,0.0004801020346048134,48.83746187583704,0.10016465136811986
m75_credibility,75,credibility,5.000000000000001,7.0,4.425,0.8125,1.25,0.1,0.2249999999999999,0.675,0.55,0.875,participation_rate,10,0.0,0.0,0.0,0.0,,,0.9997905000000001,0.9997905000000001,0.0,
m75_credibility,75,credibility,5.000000000000001,7.0,4.425,0.8125,1.25,0.1,0.2249999999999999,0.675,0.55,0.875,cumulative_fake_reposts,10,12.5,7.962760548676291,-5.513015810835036,30.513015810835036,0.4964166699534353,0.15090662671816804,22043.1,22055.6,0.05670708747862143,1.0
m75_credibility,75,credibility,5.000000000000001,7.0,4.425,0.8125,1.25,0.1,0.2249999999999999,0.675,0.55,0.875,target_unique_reposters_p400,10,0.1,0.09999999999999999,-0.12621571627982048,0.3262157162798205,0.31622776601683794,0.3434363961379136,12.9,13.0,0.7751937984496124,1.0
m75_combined,75,combined,5.000000000000001,7.0,4.425,0.8125,1.25,0.1,0.2249999999999999,0.675,0.55,0.875,fake_repost_share_all,10,0.001075499999999996,0.00018279686661550046,0.0006619847588486736,0.0014890152411513183,1.8605513795074455,0.00023378584916019222,0.1102155,0.111291,0.975815561332114,0.014029537987383931
m75_combined,75,combined,5.000000000000001,7.0,4.425,0.8125,1.25,0.1,0.2249999999999999,0.675,0.55,0.875,fake_repost_share_final100,10,0.0001920000000000019,0.00011056219968868208,-5.8109071960475754e-05,0.00044210907196047956,0.5491545143475358,0.11647557928918886,0.08352200000000001,0.083714,0.22987955269270594,1.0
m75_combined,75,combined,5.000000000000001,7.0,4.425,0.8125,1.25,0.1,0.2249999999999999,0.675,0.55,0.875,target_share_all,10,0.001937,0.00033662309949127246,0.0011755056443224852,0.0026984943556775144,1.819640968490625,0.0002748354395818423,0.0003225,0.0022595000000000002,600.6201550387597,0.012642430220764746
m75_combined,75,combined,5.000000000000001,7.0,4.425,0.8125,1.25,0.1,0.2249999999999999,0.675,0.55,0.875,target_share_final100,10,0.000284,0.0001725314786092993,-0.00010629332014419163,0.0006742933201441916,0.5205350714703801,0.13415547617375864,4.000000000000001e-06,0.000288,7099.999999999998,1.0
m75_combined,75,combined,5.000000000000001,7.0,4.425,0.8125,1.25,0.1,0.2249999999999999,0.675,0.55,0.875,fake_repost_share_decisions,10,0.0010757272790124575,0.0001828407437257939,0.000662112780941802,0.001489341777083113,1.8604979795730925,0.0002338348776764182,0.11023885786527918,0.11131458514429164,0.9758149710940252,0.014030092660585093
m75_combined,75,combined,5.000000000000001,7.0,4.425,0.8125,1.25,0.1,0.2249999999999999,0.675,0.55,0.875,target_share_decisions,10,0.0019374072323164627,0.0003366987041547696,0.0011757418470078767,0.0026990726176250486,1.8196148466870212,0.00027486402645907407,0.00032256800710920707,0.0022599752394256694,600.6197730764239,0.012643745217117407
m75_combined,75,combined,5.000000000000001,7.0,4.425,0.8125,1.25,0.1,0.2249999999999999,0.675,0.55,0.875,participation_rate,10,0.0,0.0,0.0,0.0,,,0.9997905000000001,0.9997905000000001,0.0,
m75_combined,75,combined,5.000000000000001,7.0,4.425,0.8125,1.25,0.1,0.2249999999999999,0.675,0.55,0.875,cumulative_fake_reposts,10,215.1,36.55937332309975,132.3969517697363,297.8030482302637,1.8605513795074697,0.0002337858491601703,22043.1,22258.2,0.9758155613321176,0.014029537987383219
m75_combined,75,combined,5.000000000000001,7.0,4.425,0.8125,1.25,0.1,0.2249999999999999,0.675,0.55,0.875,target_unique_reposters_p400,10,5.0,1.795054935711501,0.9393036195639564,9.060696380436044,0.8808303292720553,0.021211669686562264,12.9,17.9,38.75968992248062,0.3345027154593956
m76_credibility,76,credibility,5.000000000000001,7.0,4.425,0.8125,1.25,0.125,0.2249999999999999,0.675,0.55,0.875,fake_repost_share_all,10,6.249999999999867e-05,2.9128546517502487e-05,-3.3933501464702894e-06,0.00012839335014646762,0.6785177339410396,0.06046191275646153,0.1301405,0.13020299999999999,0.04802501911395659,1.0
m76_credibility,76,credibility,5.000000000000001,7.0,4.425,0.8125,1.25,0.125,0.2249999999999999,0.675,0.55,0.875,fake_repost_share_final100,10,6.000000000000449e-06,4.268749491622701e-06,-3.6565822386650386e-06,1.565658223866594e-05,0.4444783184922651,0.19342205960337788,0.10056399999999999,0.10057,0.005966349787200638,1.0
m76_credibility,76,credibility,5.000000000000001,7.0,4.425,0.8125,1.25,0.125,0.2249999999999999,0.675,0.55,0.875,target_share_all,10,0.00015900000000000002,3.8476544081354876e-05,7.196001020664221e-05,0.0002460399897933578,1.306775751230793,0.002550395711648725,0.00033400000000000004,0.0004930000000000001,47.604790419161674,0.10017333104922103
m76_credibility,76,credibility,5.000000000000001,7.0,4.425,0.8125,1.25,0.125,0.2249999999999999,0.675,0.55,0.875,target_share_final100,10,8.000000000000001e-06,5.3333333333333345e-06,-4.064838201590427e-06,2.0064838201590428e-05,0.4743416490252569,0.16785065605707505,4.000000000000001e-06,1.2000000000000002e-05,200.0,1.0
m76_credibility,76,credibility,5.000000000000001,7.0,4.425,0.8125,1.25,0.125,0.2249999999999999,0.675,0.55,0.875,fake_repost_share_decisions,10,6.251402070553552e-05,2.9135300645621213e-05,-3.3946083402356774e-06,0.0001284226497513067,0.6785126178340263,0.06046350403875089,0.13016803076240113,0.13023054478310667,0.048025632975614324,1.0
m76_credibility,76,credibility,5.000000000000001,7.0,4.425,0.8125,1.25,0.125,0.2249999999999999,0.675,0.55,0.875,target_share_decisions,10,0.00015903438508141457,3.848583738110133e-05,7.197337238346929e-05,0.00024609539777935985,1.3067427328176824,0.0025507925816361725,0.000334070592690913,0.0004931049777723276,47.605023776682884,0.10016465136811986
m76_credibility,76,credibility,5.000000000000001,7.0,4.425,0.8125,1.25,0.125,0.2249999999999999,0.675,0.55,0.875,participation_rate,10,0.0,0.0,0.0,0.0,,,0.9997905000000001,0.9997905000000001,0.0,
m76_credibility,76,credibility,5.000000000000001,7.0,4.425,0.8125,1.25,0.125,0.2249999999999999,0.675,0.55,0.875,cumulative_fake_reposts,10,12.5,5.825709303500209,-0.6786700292931389,25.678670029293137,0.6785177339410876,0.060461912756446565,26028.1,26040.6,0.04802501911395761,1.0
m76_credibility,76,credibility,5.000000000000001,7.0,4.425,0.8125,1.25,0.125,0.2249999999999999,0.675,0.55,0.875,target_unique_reposters_p400,10,0.1,0.09999999999999999,-0.12621571627982048,0.3262157162798205,0.31622776601683794,0.3434363961379136,12.9,13.0,0.7751937984496124,1.0
m76_combined,76,combined,5.000000000000001,7.0,4.425,0.8125,1.25,0.125,0.2249999999999999,0.675,0.55,0.875,fake_repost_share_all,10,0.0010475000000000055,0.00017243718663134585,0.0006574199831291356,0.0014375800168708753,1.920981148983932,0.00018484539098862518,0.1301405,0.131188,0.8048993203499338,0.012199795805249262
m76_combined,76,combined,5.000000000000001,7.0,4.425,0.8125,1.25,0.125,0.2249999999999999,0.675,0.55,0.875,fake_repost_share_final100,10,0.0002240000000000006,0.00010961751684835688,-2.3972050906662844e-05,0.00047197205090666406,0.6462016439011651,0.07136367185368342,0.10056399999999999,0.10078799999999999,0.22274372538880774,1.0
m76_combined,76,combined,5.000000000000001,7.0,4.425,0.8125,1.25,0.125,0.2249999999999999,0.675,0.55,0.875,target_share_all,10,0.0019390000000000002,0.00032783362989310434,0.0011973888059311785,0.002680611194068822,1.8703561269982636,0.00022497020815303507,0.00033400000000000004,0.002273,580.5389221556885,0.011248510407651754
m76_combined,76,combined,5.000000000000001,7.0,4.425,0.8125,1.25,0.125,0.2249999999999999,0.675,0.55,0.875,target_share_final100,10,0.00030399999999999996,0.00014335038658243418,-2.0281103797345208e-05,0.0006282811037973451,0.6706172418575023,0.06296819560828047,4.000000000000001e-06,0.000308,7599.999999999997,1.0
m76_combined,76,combined,5.000000000000001,7.0,4.425,0.8125,1.25,0.125,0.2249999999999999,0.675,0.55,0.875,fake_repost_share_decisions,10,0.0010477209275666268,0.00017247861419521736,0.0006575471950354078,0.0014378946600978458,1.9209248049644334,0.0001848854655884245,0.13016803076240113,0.13121575168996774,0.8048988076642699,0.012202440728836018
m76_combined,76,combined,5.000000000000001,7.0,4.425,0.8125,1.25,0.125,0.2249999999999999,0.675,0.55,0.875,target_share_decisions,10,0.00193940707466044,0.0003279071893695301,0.00119762947749513,0.00268118467182575,1.8703291251293024,0.00022499398429635066,0.000334070592690913,0.0022734776673513524,580.5381009560479,0.011249699214817534
m76_combined,76,combined,5.000000000000001,7.0,4.425,0.8125,1.25,0.125,0.2249999999999999,0.675,0.55,0.875,participation_rate,10,0.0,0.0,0.0,0.0,,,0.9997905000000001,0.9997905000000001,0.0,
m76_combined,76,combined,5.000000000000001,7.0,4.425,0.8125,1.25,0.125,0.2249999999999999,0.675,0.55,0.875,cumulative_fake_reposts,10,209.5,34.48743732626902,131.48399662582636,287.51600337417364,1.9209811489839306,0.00018484539098862626,26028.1,26237.6,0.8048993203499295,0.012199795805249334
m76_combined,76,combined,5.000000000000001,7.0,4.425,0.8125,1.25,0.125,0.2249999999999999,0.675,0.55,0.875,target_unique_reposters_p400,10,5.4,1.7900962109463403,1.3505210343098106,9.44947896569019,0.9539319317301838,0.014559351525162557,12.9,18.3,41.86046511627907,0.30330613389581185
m77_credibility,77,credibility,5.000000000000001,8.0,4.425,0.8125,1.25,0.125,0.2249999999999999,0.675,0.55,0.875,fake_repost_share_all,10,8.399999999999242e-05,1.5631165450255425e-05,4.8639847113813286e-05,0.00011936015288617155,1.6993699177419894,0.00044807633883451453,0.14240049999999999,0.1424845,0.0589885569221965,0.03719033612326471
m77_credibility,77,credibility,5.000000000000001,8.0,4.425,0.8125,1.25,0.125,0.2249999999999999,0.675,0.55,0.875,fake_repost_share_final100,10,-1.3877787807814458e-18,1.763834207376374e-05,-3.9900701862050975e-05,3.99007018620482e-05,-2.4880693533258094e-14,0.9999999999999389,0.132842,0.132842,-1.0446837451870988e-15,1.0
m77_credibility,77,credibility,5.000000000000001,8.0,4.425,0.8125,1.25,0.125,0.2249999999999999,0.675,0.55,0.875,target_share_all,10,0.0001885,2.812719127266156e-05,0.00012487187279315348,0.0002521281272068465,2.119263644788853,8.836570662226337e-05,0.0003755,0.000564,50.19973368841545,0.0068925251165365435
m77_credibility,77,credibility,5.000000000000001,8.0,4.425,0.8125,1.25,0.125,0.2249999999999999,0.675,0.55,0.875,target_share_final100,10,5.999999999999999e-06,1.978776277287444e-05,-3.8763029292409584e-05,5.076302929240958e-05,0.09588585722798257,0.768616004242671,2.4000000000000004e-05,3.0000000000000004e-05,24.999999999999993,1.0
m77_credibility,77,credibility,5.000000000000001,8.0,4.425,0.8125,1.25,0.125,0.2249999999999999,0.675,0.55,0.875,fake_repost_share_decisions,10,8.401532786120047e-05,1.563411241436807e-05,4.86485084790454e-05,0.00011938214724335555,1.6993596269848428,0.00044809546386691447,0.14242686871209748,0.14251088403995868,0.05898839777979641,0.0371919235009539
m77_credibility,77,credibility,5.000000000000001,8.0,4.425,0.8125,1.25,0.125,0.2249999999999999,0.675,0.55,0.875,target_share_decisions,10,0.00018853458151145983,2.8132281519860606e-05,0.0001248949393654516,0.00025217422365746806,2.1192689077207767,8.836403215057976e-05,0.0003755695832543493,0.0005641041647658092,50.199640737087435,0.006892394507745221
m77_credibility,77,credibility,5.000000000000001,8.0,4.425,0.8125,1.25,0.125,0.2249999999999999,0.675,0.55,0.875,participation_rate,10,0.0,0.0,0.0,0.0,,,0.999813,0.999813,0.0,
m77_credibility,77,credibility,5.000000000000001,8.0,4.425,0.8125,1.25,0.125,0.2249999999999999,0.675,0.55,0.875,cumulative_fake_reposts,10,16.8,3.1262330900515614,9.727969422763096,23.872030577236906,1.6993699177418837,0.00044807633883471164,28480.1,28496.9,0.05898855692220182,0.03719033612328106
m77_credibility,77,credibility,5.000000000000001,8.0,4.425,0.8125,1.25,0.125,0.2249999999999999,0.675,0.55,0.875,target_unique_reposters_p400,10,0.2,0.19999999999999998,-0.25243143255964096,0.652431432559641,0.31622776601683794,0.3434363961379136,13.6,13.8,1.4705882352941178,1.0
m77_combined,77,combined,5.000000000000001,8.0,4.425,0.8125,1.25,0.125,0.2249999999999999,0.675,0.55,0.875,fake_repost_share_all,10,0.0010310000000000041,0.0002082383783605289,0.000559932060822251,0.0015020679391777574,1.5656615717535745,0.000790154976610889,0.14240049999999999,0.1434315,0.7240143117475039,0.029235734134602894
m77_combined,77,combined,5.000000000000001,8.0,4.425,0.8125,1.25,0.125,0.2249999999999999,0.675,0.55,0.875,fake_repost_share_final100,10,0.00016199999999999966,0.00010559671712068897,-7.687637000254274e-05,0.00040087637000254205,0.48513722293257394,0.15936460365311564,0.132842,0.133004,0.12194938347811661,1.0
m77_combined,77,combined,5.000000000000001,8.0,4.425,0.8125,1.25,0.125,0.2249999999999999,0.675,0.55,0.875,target_share_all,10,0.0019814999999999998,0.00041709647831433697,0.0010379622140033163,0.0029250377859966832,1.5023030664146122,0.001043168681983079,0.0003755,0.0023569999999999997,527.6964047936084,0.030251891777509293
m77_combined,77,combined,5.000000000000001,8.0,4.425,0.8125,1.25,0.125,0.2249999999999999,0.675,0.55,0.875,target_share_final100,10,0.00031,0.00018586135812600864,-0.00011044760257215277,0.0007304476025721527,0.5274394228775506,0.12967969774266636,2.4000000000000004e-05,0.000334,1291.6666666666665,1.0
m77_combined,77,combined,5.000000000000001,8.0,4.425,0.8125,1.25,0.125,0.2249999999999999,0.675,0.55,0.875,fake_repost_share_decisions,10,0.001031184168682278,0.00020827143536781184,0.0005600414493587191,0.001502326888005837,1.565692700194084,0.0007900482739909019,0.14242686871209748,0.14345805288077979,0.7240095762876877,0.02923178613766337
m77_combined,77,combined,5.000000000000001,8.0,4.425,0.8125,1.25,0.125,0.2249999999999999,0.675,0.55,0.875,target_share_decisions,10,0.0019818542374194503,0.00041716172940993625,0.0010381688431894765,0.002925539631649424,1.502336609248962,0.0010430136703343733,0.0003755695832543493,0.0023574238206737997,527.6929564546944,0.030247396439696823
m77_combined,77,combined,5.000000000000001,8.0,4.425,0.8125,1.25,0.125,0.2249999999999999,0.675,0.55,0.875,participation_rate,10,0.0,0.0,0.0,0.0,,,0.999813,0.999813,0.0,
m77_combined,77,combined,5.000000000000001,8.0,4.425,0.8125,1.25,0.125,0.2249999999999999,0.675,0.55,0.875,cumulative_fake_reposts,10,206.2,41.64767567210551,111.98641216444997,300.41358783555,1.5656615717535782,0.0007901549766108762,28480.1,28686.3,0.7240143117475009,0.02923573413460242
m77_combined,77,combined,5.000000000000001,8.0,4.425,0.8125,1.25,0.125,0.2249999999999999,0.675,0.55,0.875,target_unique_reposters_p400,10,3.9,1.6696639715157588,0.12295768736952795,7.677042312630472,0.7386446066426532,0.04432417206459771,13.6,17.5,28.676470588235293,0.5318900647751725
m78_credibility,78,credibility,1.2845232578665131,5.0,11.275,0.8125,1.175,0.075,0.2249999999999999,0.55,0.3625,0.75,fake_repost_share_all,10,5.049999999999985e-05,2.387990787251867e-05,-3.5201046407794942e-06,0.0001045201046407792,0.6687422024030585,0.06357761633347349,0.0790205,0.079071,0.06390746704968946,1.0
m78_credibility,78,credibility,1.2845232578665131,5.0,11.275,0.8125,1.175,0.075,0.2249999999999999,0.55,0.3625,0.75,fake_repost_share_final100,10,0.0,0.0,0.0,0.0,,,0.07800800000000001,0.07800800000000001,0.0,
m78_credibility,78,credibility,1.2845232578665131,5.0,11.275,0.8125,1.175,0.075,0.2249999999999999,0.55,0.3625,0.75,target_share_all,10,0.0001135,2.179513197431431e-05,6.41959860901727e-05,0.0001628040139098273,1.6467829369058127,0.0005583709329303123,0.0005195000000000001,0.000633,21.847930702598646,0.035177368774609676
m78_credibility,78,credibility,1.2845232578665131,5.0,11.275,0.8125,1.175,0.075,0.2249999999999999,0.55,0.3625,0.75,target_share_final100,10,2e-06,2e-06,-2.5243143255964098e-06,6.52431432559641e-06,0.31622776601683794,0.3434363961379136,2.2000000000000003e-05,2.4000000000000004e-05,9.09090909090909,1.0
m78_credibility,78,credibility,1.2845232578665131,5.0,11.275,0.8125,1.175,0.075,0.2249999999999999,0.55,0.3625,0.75,fake_repost_share_decisions,10,5.050937675745854e-05,2.3884265836677057e-05,-3.520586283156924e-06,0.00010453933979807399,0.6687443308550994,0.06357692132749475,0.07903483247437779,0.07908534185113524,0.06390774191092657,1.0
m78_credibility,78,credibility,1.2845232578665131,5.0,11.275,0.8125,1.175,0.075,0.2249999999999999,0.55,0.3625,0.75,target_share_decisions,10,0.0001135204738139795,2.1799070821689875e-05,6.420754961234841e-05,0.0001628333980156106,1.6467823846716065,0.0005583722347840216,0.0005195929697025337,0.0006331134435165133,21.847961853481166,0.03517745079139336
m78_credibility,78,credibility,1.2845232578665131,5.0,11.275,0.8125,1.175,0.075,0.2249999999999999,0.55,0.3625,0.75,participation_rate,10,0.0,0.0,0.0,0.0,,,0.9998180000000001,0.9998180000000001,0.0,
m78_credibility,78,credibility,1.2845232578665131,5.0,11.275,0.8125,1.175,0.075,0.2249999999999999,0.55,0.3625,0.75,cumulative_fake_reposts,10,10.1,4.775981574503821,-0.7040209281560674,20.904020928156065,0.6687422024030482,0.06357761633347682,15804.1,15814.2,0.06390746704968962,1.0
m78_credibility,78,credibility,1.2845232578665131,5.0,11.275,0.8125,1.175,0.075,0.2249999999999999,0.55,0.3625,0.75,target_unique_reposters_p400,10,1.1,0.31446603773522014,0.3886284002805013,1.8113715997194988,1.106162513204085,0.006744776739224532,28.8,29.9,3.8194444444444446,0.5177107137555401
m78_combined,78,combined,1.2845232578665131,5.0,11.275,0.8125,1.175,0.075,0.2249999999999999,0.55,0.3625,0.75,fake_repost_share_all,10,0.0004154999999999992,9.238040316478759e-05,0.000206521009278589,0.0006244789907214094,1.4222998848101858,0.0014938655701670798,0.0790205,0.079436,0.525812921963287,0.04630983267517948
m78_combined,78,combined,1.2845232578665131,5.0,11.275,0.8125,1.175,0.075,0.2249999999999999,0.55,0.3625,0.75,fake_repost_share_final100,10,0.0,0.0,0.0,0.0,,,0.07800800000000001,0.07800800000000001,0.0,
m78_combined,78,combined,1.2845232578665131,5.0,11.275,0.8125,1.175,0.075,0.2249999999999999,0.55,0.3625,0.75,target_share_all,10,0.0008420000000000001,0.00014490648325347243,0.0005141987609722593,0.001169801239027741,1.837486998566001,0.0002560390725970922,0.0005195000000000001,0.0013615,162.07892204042346,0.012289875484660425
m78_combined,78,combined,1.2845232578665131,5.0,11.275,0.8125,1.175,0.075,0.2249999999999999,0.55,0.3625,0.75,target_share_final100,10,2e-06,2e-06,-2.5243143255964098e-06,6.52431432559641e-06,0.31622776601683794,0.3434363961379136,2.2000000000000003e-05,2.4000000000000004e-05,9.09090909090909,1.0
m78_combined,78,combined,1.2845232578665131,5.0,11.275,0.8125,1.175,0.075,0.2249999999999999,0.55,0.3625,0.75,fake_repost_share_decisions,10,0.00041557568175549787,9.23981674132861e-05,0.00020655650551210501,0.0006245948579988907,1.4222854536135405,0.0014939635944531365,0.07903483247437779,0.07945040815613327,0.5258133265357687,0.046312871428047235
m78_combined,78,combined,1.2845232578665131,5.0,11.275,0.8125,1.175,0.075,0.2249999999999999,0.55,0.3625,0.75,target_share_decisions,10,0.0008421530212468088,0.00014493436857220457,0.0005142887012455612,0.0011700173412480565,1.8374673390220444,0.00025605899467377383,0.0005195929697025337,0.001361745990949343,162.07937180692426,0.012290831744341143
m78_combined,78,combined,1.2845232578665131,5.0,11.275,0.8125,1.175,0.075,0.2249999999999999,0.55,0.3625,0.75,participation_rate,10,0.0,0.0,0.0,0.0,,,0.9998180000000001,0.9998180000000001,0.0,
m78_combined,78,combined,1.2845232578665131,5.0,11.275,0.8125,1.175,0.075,0.2249999999999999,0.55,0.3625,0.75,cumulative_fake_reposts,10,83.1,18.476080632957725,41.30420185571749,124.89579814428251,1.4222998848101724,0.0014938655701671696,15804.1,15887.2,0.525812921963288,0.04630983267518226
m78_combined,78,combined,1.2845232578665131,5.0,11.275,0.8125,1.175,0.075,0.2249999999999999,0.55,0.3625,0.75,target_unique_reposters_p400,10,15.7,3.7119925766209296,7.302889404543199,24.097110595456797,1.337496189441157,0.0022081315256189445,28.8,44.5,54.513888888888886,0.10132583734188128
m79_credibility,79,credibility,1.2845232578665131,5.0,11.275,0.8125,1.175,0.075,0.2249999999999999,0.55,0.425,0.75,fake_repost_share_all,10,5.8500000000001605e-05,2.411834248957573e-05,3.940518782387579e-06,0.00011305948121761563,0.7670230373410271,0.03826142460547571,0.0792945,0.07935299999999999,0.07377560864877337,1.0
m79_credibility,79,credibility,1.2845232578665131,5.0,11.275,0.8125,1.175,0.075,0.2249999999999999,0.55,0.425,0.75,fake_repost_share_final100,10,0.0,0.0,0.0,0.0,,,0.07801000000000001,0.07801000000000001,0.0,
m79_credibility,79,credibility,1.2845232578665131,5.0,11.275,0.8125,1.175,0.075,0.2249999999999999,0.55,0.425,0.75,target_share_all,10,0.00012899999999999996,2.745501370929866e-05,6.689244408278709e-05,0.00019110755591721286,1.4858263138421193,0.0011223888328782316,0.0005125,0.0006414999999999999,25.170731707317064,0.05959300376044431
m79_credibility,79,credibility,1.2845232578665131,5.0,11.275,0.8125,1.175,0.075,0.2249999999999999,0.55,0.425,0.75,target_share_final100,10,2e-06,2e-06,-2.5243143255964098e-06,6.52431432559641e-06,0.31622776601683794,0.3434363961379136,2.2000000000000003e-05,2.4000000000000004e-05,9.09090909090909,1.0
m79_credibility,79,credibility,1.2845232578665131,5.0,11.275,0.8125,1.175,0.075,0.2249999999999999,0.55,0.425,0.75,fake_repost_share_decisions,10,5.851038438771244e-05,2.412274400032229e-05,3.940946261035951e-06,0.00011307982251438893,0.7670192140440397,0.03826218330136851,0.07930888261386082,0.07936739299824853,0.07377532309033764,1.0
m79_credibility,79,credibility,1.2845232578665131,5.0,11.275,0.8125,1.175,0.075,0.2249999999999999,0.55,0.425,0.75,target_share_decisions,10,0.00012902230403443195,2.7458863261222716e-05,6.69060398257605e-05,0.00019113856824310338,1.485874873370008,0.0011221460846695193,0.000512592177114887,0.000641614481149319,25.170556593475723,0.059599107566658996
m79_credibility,79,credibility,1.2845232578665131,5.0,11.275,0.8125,1.175,0.075,0.2249999999999999,0.55,0.425,0.75,participation_rate,10,0.0,0.0,0.0,0.0,,,0.9998180000000001,0.9998180000000001,0.0,
m79_credibility,79,credibility,1.2845232578665131,5.0,11.275,0.8125,1.175,0.075,0.2249999999999999,0.55,0.425,0.75,cumulative_fake_reposts,10,11.7,4.823668497915023,0.7881037564774722,22.611896243522526,0.7670230373410256,0.038261424605476,15858.9,15870.6,0.07377560864877135,1.0
m79_credibility,79,credibility,1.2845232578665131,5.0,11.275,0.8125,1.175,0.075,0.2249999999999999,0.55,0.425,0.75,target_unique_reposters_p400,10,1.5,0.582141639885766,0.1831041195693215,2.8168958804306783,0.8148217143826668,0.02985818217520561,28.6,30.1,5.244755244755245,1.0
m79_combined,79,combined,1.2845232578665131,5.0,11.275,0.8125,1.175,0.075,0.2249999999999999,0.55,0.425,0.75,fake_repost_share_all,10,0.00041899999999999994,9.334166629467716e-05,0.00020784648100397623,0.0006301535189960236,1.4195100561281804,0.001512944128083631,0.0792945,0.07971349999999999,0.5284099149373537,0.04630983267517948
m79_combined,79,combined,1.2845232578665131,5.0,11.275,0.8125,1.175,0.075,0.2249999999999999,0.55,0.425,0.75,fake_repost_share_final100,10,0.0,0.0,0.0,0.0,,,0.07801000000000001,0.07801000000000001,0.0,
m79_combined,79,combined,1.2845232578665131,5.0,11.275,0.8125,1.175,0.075,0.2249999999999999,0.55,0.425,0.75,target_share_all,10,0.0008600000000000002,0.00015259605353860092,0.0005148037444729157,0.0012051962555270847,1.7821947060097874,0.0003193294155246619,0.0005125,0.0013725,167.8048780487805,0.0134118354520358
m79_combined,79,combined,1.2845232578665131,5.0,11.275,0.8125,1.175,0.075,0.2249999999999999,0.55,0.425,0.75,target_share_final100,10,2e-06,2e-06,-2.5243143255964098e-06,6.52431432559641e-06,0.31622776601683794,0.3434363961379136,2.2000000000000003e-05,2.4000000000000004e-05,9.09090909090909,1.0
m79_combined,79,combined,1.2845232578665131,5.0,11.275,0.8125,1.175,0.075,0.2249999999999999,0.55,0.425,0.75,fake_repost_share_decisions,10,0.00041907718464499684,9.33600108759834e-05,0.0002078821673229727,0.000630272201967021,1.4194925712353856,0.0015130645194804855,0.07930888261386082,0.0797279597985058,0.5284114097098056,0.046312871428047235
m79_combined,79,combined,1.2845232578665131,5.0,11.275,0.8125,1.175,0.075,0.2249999999999999,0.55,0.425,0.75,target_share_decisions,10,0.0008601573296902202,0.0001526259162482196,0.0005148935200206713,0.001205421139359769,1.7821719762754904,0.00031935868684303937,0.000512592177114887,0.0013727495068051074,167.80539541816566,0.013413064847407653
m79_combined,79,combined,1.2845232578665131,5.0,11.275,0.8125,1.175,0.075,0.2249999999999999,0.55,0.425,0.75,participation_rate,10,0.0,0.0,0.0,0.0,,,0.9998180000000001,0.9998180000000001,0.0,
m79_combined,79,combined,1.2845232578665131,5.0,11.275,0.8125,1.175,0.075,0.2249999999999999,0.55,0.425,0.75,cumulative_fake_reposts,10,83.8,18.66833325893521,41.569296200795755,126.03070379920425,1.4195100561281975,0.0015129441280835169,15858.9,15942.7,0.5284099149373538,0.04630983267518226
m79_combined,79,combined,1.2845232578665131,5.0,11.275,0.8125,1.175,0.075,0.2249999999999999,0.55,0.425,0.75,target_unique_reposters_p400,10,15.9,3.757806688895946,7.39925068230303,24.40074931769697,1.3380202591381756,0.0022027355943887235,28.6,44.5,55.59440559440559,0.10132583734188128
m80_credibility,80,credibility,1.2845232578665131,7.0,11.275,0.8125,1.175,0.075,0.2249999999999999,0.55,0.425,0.75,fake_repost_share_all,10,5.149999999999946e-05,1.295397836788161e-05,2.219606504836308e-05,8.080393495163584e-05,1.2571991003355536,0.003227131767347852,0.07342,0.0734715,0.07014437482974593,0.22589922371434965
m80_credibility,80,credibility,1.2845232578665131,7.0,11.275,0.8125,1.175,0.075,0.2249999999999999,0.55,0.425,0.75,fake_repost_share_final100,10,0.0,0.0,0.0,0.0,,,0.07101600000000001,0.07101600000000001,0.0,
m80_credibility,80,credibility,1.2845232578665131,7.0,11.275,0.8125,1.175,0.075,0.2249999999999999,0.55,0.425,0.75,target_share_all,10,0.00011450000000000002,2.616666666666666e-05,5.5306887573447006e-05,0.00017369311242655303,1.3837482500227245,0.001781988488679674,0.0005055,0.00062,22.650840751730964,0.08197147047926501
m80_credibility,80,credibility,1.2845232578665131,7.0,11.275,0.8125,1.175,0.075,0.2249999999999999,0.55,0.425,0.75,target_share_final100,10,0.0,0.0,0.0,0.0,,,0.0,0.0,,
m80_credibility,80,credibility,1.2845232578665131,7.0,11.275,0.8125,1.175,0.075,0.2249999999999999,0.55,0.425,0.75,fake_repost_share_decisions,10,5.151005699805256e-05,1.2956600733171811e-05,2.2200189843991473e-05,8.081992415211364e-05,1.25719010621288,0.003227270552334602,0.07343432263987214,0.07348583269687017,0.07014438908991107,0.22590893866342215
m80_credibility,80,credibility,1.2845232578665131,7.0,11.275,0.8125,1.175,0.075,0.2249999999999999,0.55,0.425,0.75,target_share_decisions,10,0.0001145231622749143,2.617243327319521e-05,5.5317004878097694e-05,0.00017372931967173092,1.383723224560491,0.0017821937541564461,0.0005055989597618218,0.0006201221220367362,22.650988508533327,0.08198091269119652
m80_credibility,80,credibility,1.2845232578665131,7.0,11.275,0.8125,1.175,0.075,0.2249999999999999,0.55,0.425,0.75,participation_rate,10,0.0,0.0,0.0,0.0,,,0.9998035,0.9998035,0.0,
m80_credibility,80,credibility,1.2845232578665131,7.0,11.275,0.8125,1.175,0.075,0.2249999999999999,0.55,0.425,0.75,cumulative_fake_reposts,10,10.3,2.590795673576406,4.4392130096725335,16.160786990327466,1.2571991003355258,0.003227131767348278,14684.0,14694.3,0.07014437482974667,0.22589922371437945
m80_credibility,80,credibility,1.2845232578665131,7.0,11.275,0.8125,1.175,0.075,0.2249999999999999,0.55,0.425,0.75,target_unique_reposters_p400,10,1.1,0.31446603773522014,0.3886284002805013,1.8113715997194988,1.1061625132040849,0.006744776739224532,29.0,30.1,3.7931034482758625,0.5177107137555401
m80_combined,80,combined,1.2845232578665131,7.0,11.275,0.8125,1.175,0.075,0.2249999999999999,0.55,0.425,0.75,fake_repost_share_all,10,0.0004654999999999992,7.77833529747852e-05,0.0002895418309216279,0.0006414581690783706,1.8924875240150232,0.00020637069600659913,0.07342,0.07388549999999999,0.6340234268591655,0.013207724544422345
m80_combined,80,combined,1.2845232578665131,7.0,11.275,0.8125,1.175,0.075,0.2249999999999999,0.55,0.425,0.75,fake_repost_share_final100,10,0.0,0.0,0.0,0.0,,,0.07101600000000001,0.07101600000000001,0.0,
m80_combined,80,combined,1.2845232578665131,7.0,11.275,0.8125,1.175,0.075,0.2249999999999999,0.55,0.425,0.75,target_share_all,10,0.0009225,0.0001589134110835905,0.0005630128888525601,0.0012819871111474398,1.8357174020831033,0.0002578390603295202,0.0005055,0.001428,182.4925816023739,0.012289875484660425
m80_combined,80,combined,1.2845232578665131,7.0,11.275,0.8125,1.175,0.075,0.2249999999999999,0.55,0.425,0.75,target_share_final100,10,0.0,0.0,0.0,0.0,,,0.0,0.0,,
m80_combined,80,combined,1.2845232578665131,7.0,11.275,0.8125,1.175,0.075,0.2249999999999999,0.55,0.425,0.75,fake_repost_share_decisions,10,0.00046558972520793914,7.779594168696206e-05,0.0002896030784841464,0.0006415763719317319,1.8925460054888046,0.00020632381934818246,0.07343432263987214,0.07389991236508006,0.6340219511402438,0.013204724438283678
m80_combined,80,combined,1.2845232578665131,7.0,11.275,0.8125,1.175,0.075,0.2249999999999999,0.55,0.425,0.75,target_share_decisions,10,0.0009226755341938681,0.00015893756550627302,0.0005631337819461437,0.0012822172864415927,1.835787669246787,0.00025776732504703204,0.0005055989597618218,0.00142827449395569,182.49158080319694,0.012290831744341143
m80_combined,80,combined,1.2845232578665131,7.0,11.275,0.8125,1.175,0.075,0.2249999999999999,0.55,0.425,0.75,participation_rate,10,0.0,0.0,0.0,0.0,,,0.9998035,0.9998035,0.0,
m80_combined,80,combined,1.2845232578665131,7.0,11.275,0.8125,1.175,0.075,0.2249999999999999,0.55,0.425,0.75,cumulative_fake_reposts,10,93.1,15.556670594957007,57.90836618432579,128.2916338156742,1.8924875240150298,0.0002063706960065938,14684.0,14777.1,0.6340234268591664,0.013207724544422003
m80_combined,80,combined,1.2845232578665131,7.0,11.275,0.8125,1.175,0.075,0.2249999999999999,0.55,0.425,0.75,target_unique_reposters_p400,10,13.1,2.8025781781146524,6.760127700075995,19.439872299924005,1.4781331586644164,0.0011615678866572173,29.0,42.1,45.17241379310345,0.06388623376614695
m81_credibility,81,credibility,1.2845232578665131,7.0,11.275,0.8125,1.175,0.1,0.2249999999999999,0.55,0.425,0.75,fake_repost_share_all,10,2.4499999999998136e-05,2.1990528264079125e-05,-2.5246031026304832e-05,7.424603102630111e-05,0.3523144225719844,0.2940966319338596,0.10095749999999999,0.10098200000000002,0.024267637372159707,1.0
m81_credibility,81,credibility,1.2845232578665131,7.0,11.275,0.8125,1.175,0.1,0.2249999999999999,0.55,0.425,0.75,fake_repost_share_final100,10,0.0,0.0,0.0,0.0,,,0.10303600000000002,0.10303600000000002,0.0,
m81_credibility,81,credibility,1.2845232578665131,7.0,11.275,0.8125,1.175,0.1,0.2249999999999999,0.55,0.425,0.75,target_share_all,10,0.00010550000000000002,2.7733353365377375e-05,4.276279603609789e-05,0.00016823720396390215,1.202956918885472,0.004191004835192699,0.000543,0.0006485,19.42909760589319,0.12153914022058826
m81_credibility,81,credibility,1.2845232578665131,7.0,11.275,0.8125,1.175,0.1,0.2249999999999999,0.55,0.425,0.75,target_share_final100,10,0.0,0.0,0.0,0.0,,,2.0000000000000003e-06,2.0000000000000003e-06,0.0,
m81_credibility,81,credibility,1.2845232578665131,7.0,11.275,0.8125,1.175,0.1,0.2249999999999999,0.55,0.425,0.75,fake_repost_share_decisions,10,2.4504928495514e-05,2.1994581471005222e-05,-2.5250271521869144e-05,7.426012851289714e-05,0.3523203569367389,0.2940889985457195,0.1009772598451043,0.10100176477359982,0.024267769330544055,1.0
m81_credibility,81,credibility,1.2845232578665131,7.0,11.275,0.8125,1.175,0.1,0.2249999999999999,0.55,0.425,0.75,target_share_decisions,10,0.00010552127936583489,2.7739107031614955e-05,4.2771059704641067e-05,0.0001682714990270287,1.2029499869287577,0.004191145865996807,0.0005431066138572485,0.0006486278932230832,19.429201684067575,0.1215432301139074
m81_credibility,81,credibility,1.2845232578665131,7.0,11.275,0.8125,1.175,0.1,0.2249999999999999,0.55,0.425,0.75,participation_rate,10,0.0,0.0,0.0,0.0,,,0.9998035,0.9998035,0.0,
m81_credibility,81,credibility,1.2845232578665131,7.0,11.275,0.8125,1.175,0.1,0.2249999999999999,0.55,0.425,0.75,cumulative_fake_reposts,10,4.9,4.398105652816145,-5.049206205261317,14.849206205261318,0.3523144225719856,0.2940966319338581,20191.5,20196.4,0.024267637372161553,1.0
m81_credibility,81,credibility,1.2845232578665131,7.0,11.275,0.8125,1.175,0.1,0.2249999999999999,0.55,0.425,0.75,target_unique_reposters_p400,10,1.5,0.4533823502911814,0.4743778688025191,2.5256221311974807,1.0462287486943735,0.009106153759546409,30.2,31.7,4.966887417218543,0.6556430706873414
m81_combined,81,combined,1.2845232578665131,7.0,11.275,0.8125,1.175,0.1,0.2249999999999999,0.55,0.425,0.75,fake_repost_share_all,10,0.0005335000000000021,8.157154324068407e-05,0.0003489723491775851,0.0007180276508224191,2.068215292583067,0.00010636207915397718,0.10095749999999999,0.101491,0.5284401852264589,0.0076580696990863565
m81_combined,81,combined,1.2845232578665131,7.0,11.275,0.8125,1.175,0.1,0.2249999999999999,0.55,0.425,0.75,fake_repost_share_final100,10,0.0,0.0,0.0,0.0,,,0.10303600000000002,0.10303600000000002,0.0,
m81_combined,81,combined,1.2845232578665131,7.0,11.275,0.8125,1.175,0.1,0.2249999999999999,0.55,0.425,0.75,target_share_all,10,0.001181,0.00018271532198720742,0.0007676692256136583,0.0015943307743863416,2.043971942823893,0.0001162784602622715,0.000543,0.0017239999999999998,217.4953959484346,0.007209264536260833
m81_combined,81,combined,1.2845232578665131,7.0,11.275,0.8125,1.175,0.1,0.2249999999999999,0.55,0.425,0.75,target_share_final100,10,0.0,0.0,0.0,0.0,,,2.0000000000000003e-06,2.0000000000000003e-06,0.0,
m81_combined,81,combined,1.2845232578665131,7.0,11.275,0.8125,1.175,0.1,0.2249999999999999,0.55,0.425,0.75,fake_repost_share_decisions,10,0.0005336045059395611,8.158623639619273e-05,0.0003490436168901661,0.000718165394988956,2.0682478847334145,0.00010634938535935416,0.1009772598451043,0.10151086435104384,0.5284402713621783,0.0076571557458735
m81_combined,81,combined,1.2845232578665131,7.0,11.275,0.8125,1.175,0.1,0.2249999999999999,0.55,0.425,0.75,target_share_decisions,10,0.0011812303860044184,0.0001827483020710707,0.0007678250054851358,0.0015946357665237011,2.044001732897719,0.00011626567316952125,0.0005431066138572485,0.0017243369998616667,217.49512082261182,0.007208471736510317
m81_combined,81,combined,1.2845232578665131,7.0,11.275,0.8125,1.175,0.1,0.2249999999999999,0.55,0.425,0.75,participation_rate,10,0.0,0.0,0.0,0.0,,,0.9998035,0.9998035,0.0,
m81_combined,81,combined,1.2845232578665131,7.0,11.275,0.8125,1.175,0.1,0.2249999999999999,0.55,0.425,0.75,cumulative_fake_reposts,10,106.7,16.314308648136663,69.79446983551695,143.60553016448307,2.068215292583078,0.00010636207915397281,20191.5,20298.2,0.5284401852264567,0.0076580696990860425
m81_combined,81,combined,1.2845232578665131,7.0,11.275,0.8125,1.175,0.1,0.2249999999999999,0.55,0.425,0.75,target_unique_reposters_p400,10,17.6,3.1629803104737215,10.444841434872181,24.75515856512782,1.759609019210993,0.00034990191653380345,30.2,47.8,58.278145695364245,0.022043820741629618
m82_credibility,82,credibility,1.2845232578665131,7.0,11.275,0.8125,1.175,0.1,0.2249999999999999,0.6125,0.425,0.75,fake_repost_share_all,10,3.599999999999853e-05,2.5208023414071297e-05,-2.102451072612771e-05,9.302451072612477e-05,0.4516101635422538,0.18702626882114398,0.10099200000000001,0.10102799999999998,0.03564638783269816,1.0
m82_credibility,82,credibility,1.2845232578665131,7.0,11.275,0.8125,1.175,0.1,0.2249999999999999,0.6125,0.425,0.75,fake_repost_share_final100,10,0.0,0.0,0.0,0.0,,,0.10303600000000002,0.10303600000000002,0.0,
m82_credibility,82,credibility,1.2845232578665131,7.0,11.275,0.8125,1.175,0.1,0.2249999999999999,0.6125,0.425,0.75,target_share_all,10,0.00010600000000000002,2.7926490808708654e-05,4.2825888785261504e-05,0.00016917411121473853,1.2002991506305487,0.004245446241883573,0.000543,0.0006490000000000001,19.52117863720074,0.12153914022058826
m82_credibility,82,credibility,1.2845232578665131,7.0,11.275,0.8125,1.175,0.1,0.2249999999999999,0.6125,0.425,0.75,target_share_final100,10,0.0,0.0,0.0,0.0,,,2.0000000000000003e-06,2.0000000000000003e-06,0.0,
m82_credibility,82,credibility,1.2845232578665131,7.0,11.275,0.8125,1.175,0.1,0.2249999999999999,0.6125,0.425,0.75,fake_repost_share_decisions,10,3.600731649763544e-05,2.5212803723343225e-05,-2.1028008039350682e-05,9.304264103462157e-05,0.45161630500325145,0.18702084095483734,0.10101176690907261,0.10104777422557025,0.03564665543376547,1.0
m82_credibility,82,credibility,1.2845232578665131,7.0,11.275,0.8125,1.175,0.1,0.2249999999999999,0.6125,0.425,0.75,target_share_decisions,10,0.00010602138688895236,2.7932290263814554e-05,4.283415639530571e-05,0.000169208617382599,1.2002920637457852,0.004245592402740814,0.0005431066138572485,0.0006491280007462007,19.521284437316627,0.1215432301139074
m82_credibility,82,credibility,1.2845232578665131,7.0,11.275,0.8125,1.175,0.1,0.2249999999999999,0.6125,0.425,0.75,participation_rate,10,0.0,0.0,0.0,0.0,,,0.9998035,0.9998035,0.0,
m82_credibility,82,credibility,1.2845232578665131,7.0,11.275,0.8125,1.175,0.1,0.2249999999999999,0.6125,0.425,0.75,cumulative_fake_reposts,10,7.2,5.041604682814567,-4.204902145225945,18.604902145225946,0.4516101635422446,0.18702626882115198,20198.4,20205.6,0.03564638783269961,1.0
m82_credibility,82,credibility,1.2845232578665131,7.0,11.275,0.8125,1.175,0.1,0.2249999999999999,0.6125,0.425,0.75,target_unique_reposters_p400,10,1.6,0.49888765156985887,0.4714377255696687,2.7285622744303315,1.01418510567422,0.010708019955674816,30.2,31.8,5.298013245033113,0.7495613968972371
m82_combined,82,combined,1.2845232578665131,7.0,11.275,0.8125,1.175,0.1,0.2249999999999999,0.6125,0.425,0.75,fake_repost_share_all,10,0.0006450000000000011,9.160300819902823e-05,0.00043777959886870675,0.0008522204011312956,2.2266398570415573,6.0437548535774004e-05,0.10099200000000001,0.101637,0.6386644486692026,0.004592120605019656
m82_combined,82,combined,1.2845232578665131,7.0,11.275,0.8125,1.175,0.1,0.2249999999999999,0.6125,0.425,0.75,fake_repost_share_final100,10,0.0,0.0,0.0,0.0,,,0.10303600000000002,0.10303600000000002,0.0,
m82_combined,82,combined,1.2845232578665131,7.0,11.275,0.8125,1.175,0.1,0.2249999999999999,0.6125,0.425,0.75,target_share_all,10,0.0012010000000000002,0.00018653388134301206,0.000779031044215355,0.0016229689557846455,2.0360351923832956,0.00011974048909537332,0.000543,0.001744,221.17863720073672,0.007304169834817772
m82_combined,82,combined,1.2845232578665131,7.0,11.275,0.8125,1.175,0.1,0.2249999999999999,0.6125,0.425,0.75,target_share_final100,10,0.0,0.0,0.0,0.0,,,2.0000000000000003e-06,2.0000000000000003e-06,0.0,
m82_combined,82,combined,1.2845232578665131,7.0,11.275,0.8125,1.175,0.1,0.2249999999999999,0.6125,0.425,0.75,fake_repost_share_decisions,10,0.0006451269655634335,9.162072589769369e-05,0.0004378664842131947,0.0008523874469136722,2.226647487438008,6.04359455299842e-05,0.10101176690907261,0.10165689387463606,0.6386651627865841,0.00459176530761749
m82_combined,82,combined,1.2845232578665131,7.0,11.275,0.8125,1.175,0.1,0.2249999999999999,0.6125,0.425,0.75,target_share_decisions,10,0.0012012346369365784,0.00018656835760341432,0.0007791876904325178,0.001623281583440639,2.036056652800538,0.00011973097784165946,0.0005431066138572485,0.001744341250793827,221.17842174765227,0.007303589648341227
m82_combined,82,combined,1.2845232578665131,7.0,11.275,0.8125,1.175,0.1,0.2249999999999999,0.6125,0.425,0.75,participation_rate,10,0.0,0.0,0.0,0.0,,,0.9998035,0.9998035,0.0,
m82_combined,82,combined,1.2845232578665131,7.0,11.275,0.8125,1.175,0.1,0.2249999999999999,0.6125,0.425,0.75,cumulative_fake_reposts,10,129.0,18.32060163980551,87.55591977374144,170.44408022625856,2.2266398570415697,6.04375485357715e-05,20198.4,20327.4,0.6386644486692015,0.004592120605019573
m82_combined,82,combined,1.2845232578665131,7.0,11.275,0.8125,1.175,0.1,0.2249999999999999,0.6125,0.425,0.75,target_unique_reposters_p400,10,18.1,3.318132004607411,10.593863918667381,25.60613608133262,1.7249833812991946,0.0004031021572811095,30.2,48.3,59.933774834437095,0.02499233375142879
m83_credibility,83,credibility,2.534288122793572,7.0,11.275,0.8125,1.175,0.1,0.2249999999999999,0.6125,0.425,0.75,fake_repost_share_all,10,0.00014450000000000018,5.568487726084602e-05,1.853205604483848e-05,0.0002704679439551619,0.820598238465775,0.02897679638205639,0.10288400000000002,0.10302850000000001,0.14044943820224734,1.0
m83_credibility,83,credibility,2.534288122793572,7.0,11.275,0.8125,1.175,0.1,0.2249999999999999,0.6125,0.425,0.75,fake_repost_share_final100,10,0.0,0.0,0.0,0.0,,,0.10301400000000001,0.10301400000000001,0.0,
m83_credibility,83,credibility,2.534288122793572,7.0,11.275,0.8125,1.175,0.1,0.2249999999999999,0.6125,0.425,0.75,target_share_all,10,0.00027749999999999997,6.781613213519167e-05,0.00012408925093710662,0.0004309107490628933,1.2939871724730074,0.0027091346016337647,0.000692,0.0009695000000000001,40.10115606936416,0.10017333104922103
m83_credibility,83,credibility,2.534288122793572,7.0,11.275,0.8125,1.175,0.1,0.2249999999999999,0.6125,0.425,0.75,target_share_final100,10,2.0000000000000003e-06,2e-06,-2.5243143255964093e-06,6.52431432559641e-06,0.316227766016838,0.3434363961379133,4.000000000000001e-06,6.000000000000001e-06,50.0,1.0
m83_credibility,83,credibility,2.534288122793572,7.0,11.275,0.8125,1.175,0.1,0.2249999999999999,0.6125,0.425,0.75,fake_repost_share_decisions,10,0.000144531054225501,5.569647866745118e-05,1.853686606528889e-05,0.00027052524238571315,0.820603626859059,0.02897598654737739,0.10290413201832076,0.10304866307254627,0.14045213869523637,1.0
m83_credibility,83,credibility,2.534288122793572,7.0,11.275,0.8125,1.175,0.1,0.2249999999999999,0.6125,0.425,0.75,target_share_decisions,10,0.000277557712167322,6.783116032570762e-05,0.0001241129669756091,0.00043100245735903497,1.2939695390431332,0.002709360590417323,0.0006921355721128811,0.000969693284280203,40.10163952706867,0.10016465136811986
m83_credibility,83,credibility,2.534288122793572,7.0,11.275,0.8125,1.175,0.1,0.2249999999999999,0.6125,0.425,0.75,participation_rate,10,0.0,0.0,0.0,0.0,,,0.9998035,0.9998035,0.0,
m83_credibility,83,credibility,2.534288122793572,7.0,11.275,0.8125,1.175,0.1,0.2249999999999999,0.6125,0.425,0.75,cumulative_fake_reposts,10,28.9,11.136975452169327,3.7064112089673777,54.093588791032616,0.8205982384657649,0.028976796382057902,20576.8,20605.7,0.1404494382022472,1.0
m83_credibility,83,credibility,2.534288122793572,7.0,11.275,0.8125,1.175,0.1,0.2249999999999999,0.6125,0.425,0.75,target_unique_reposters_p400,10,1.2,0.38873012632302,0.3206313603429293,2.0793686396570705,0.9761870601839527,0.012992786487757375,31.0,32.2,3.870967741935484,0.8965022676552589
m83_combined,83,combined,2.534288122793572,7.0,11.275,0.8125,1.175,0.1,0.2249999999999999,0.6125,0.425,0.75,fake_repost_share_all,10,0.001072499999999997,0.00019165253571096956,0.0006389518435729885,0.0015060481564270057,1.769631055466623,0.000335961269994419,0.10288400000000002,0.10395649999999998,1.0424361416741155,0.017742645665903275
m83_combined,83,combined,2.534288122793572,7.0,11.275,0.8125,1.175,0.1,0.2249999999999999,0.6125,0.425,0.75,fake_repost_share_final100,10,-1.3999999999997349e-05,1.3999999999997345e-05,-4.5670200279166205e-05,1.767020027917151e-05,-0.316227766016838,0.3434363961379133,0.10301400000000001,0.10300000000000001,-0.013590385772805004,1.0
m83_combined,83,combined,2.534288122793572,7.0,11.275,0.8125,1.175,0.1,0.2249999999999999,0.6125,0.425,0.75,target_share_all,10,0.0020724999999999997,0.00031657301246666963,0.0013563620922999176,0.002788637907700082,2.070239784381173,0.00010557672016444774,0.000692,0.0027645,299.49421965317913,0.006862486810689103
m83_combined,83,combined,2.534288122793572,7.0,11.275,0.8125,1.175,0.1,0.2249999999999999,0.6125,0.425,0.75,target_share_final100,10,-4.000000000000001e-06,4e-06,-1.304862865119282e-05,5.048628651192819e-06,-0.316227766016838,0.3434363961379133,4.000000000000001e-06,0.0,-100.0,1.0
m83_combined,83,combined,2.534288122793572,7.0,11.275,0.8125,1.175,0.1,0.2249999999999999,0.6125,0.425,0.75,fake_repost_share_decisions,10,0.0010727181102448287,0.00019169743042101725,0.0006390683949279141,0.0015063678255617433,1.7695764143708346,0.00033603562339455743,0.10290413201832076,0.10397685012856561,1.0424441557447324,0.01774672207278135
m83_combined,83,combined,2.534288122793572,7.0,11.275,0.8125,1.175,0.1,0.2249999999999999,0.6125,0.425,0.75,target_share_decisions,10,0.002072917458283341,0.00031664581552089284,0.0013566148586326744,0.0027892200579340077,2.0701807029785013,0.000105599549732515,0.0006921355721128811,0.0027650530303962215,299.49587072303615,0.006863970732613476
m83_combined,83,combined,2.534288122793572,7.0,11.275,0.8125,1.175,0.1,0.2249999999999999,0.6125,0.425,0.75,participation_rate,10,0.0,0.0,0.0,0.0,,,0.9998035,0.9998035,0.0,
m83_combined,83,combined,2.534288122793572,7.0,11.275,0.8125,1.175,0.1,0.2249999999999999,0.6125,0.425,0.75,cumulative_fake_reposts,10,214.5,38.3305071421939,127.79036871459832,301.20963128540166,1.7696310554666284,0.00033596126999441156,20576.8,20791.3,1.0424361416741186,0.017742645665905332
m83_combined,83,combined,2.534288122793572,7.0,11.275,0.8125,1.175,0.1,0.2249999999999999,0.6125,0.425,0.75,target_unique_reposters_p400,10,14.2,3.434465832637669,6.4306985163129955,21.969301483687005,1.30746220700948,0.002542159605093625,31.0,45.2,45.806451612903224,0.10356377754275704
m84_credibility,84,credibility,2.534288122793572,7.0,11.275,0.8125,1.175,0.1,0.2624999999999999,0.6125,0.425,0.75,fake_repost_share_all,10,0.00013950000000000073,5.515860968354978e-05,1.4722556014368172e-05,0.0002642774439856333,0.7997622422398617,0.03228458367207986,0.10351650000000001,0.10365600000000001,0.1347611250380381,1.0
m84_credibility,84,credibility,2.534288122793572,7.0,11.275,0.8125,1.175,0.1,0.2624999999999999,0.6125,0.425,0.75,fake_repost_share_final100,10,4.000000000001225e-06,4.0000000000012255e-06,-5.048628651194368e-06,1.3048628651196818e-05,0.3162277660168379,0.34343639613791355,0.10301400000000001,0.10301800000000001,0.003882967363660497,1.0
m84_credibility,84,credibility,2.534288122793572,7.0,11.275,0.8125,1.175,0.1,0.2624999999999999,0.6125,0.425,0.75,target_share_all,10,0.00027499999999999996,6.711515808254082e-05,0.00012317496441124643,0.0004268250355887535,1.2957227270131793,0.0026869895624882967,0.0006945,0.0009695000000000001,39.59683225341972,0.10017333104922103
m84_credibility,84,credibility,2.534288122793572,7.0,11.275,0.8125,1.175,0.1,0.2624999999999999,0.6125,0.425,0.75,target_share_final100,10,2.0000000000000003e-06,2e-06,-2.5243143255964093e-06,6.52431432559641e-06,0.316227766016838,0.3434363961379133,4.000000000000001e-06,6.000000000000001e-06,50.0,1.0
m84_credibility,84,credibility,2.534288122793572,7.0,11.275,0.8125,1.175,0.1,0.2624999999999999,0.6125,0.425,0.75,fake_repost_share_decisions,10,0.00013953003401425828,5.517006685306756e-05,1.4726672110535691e-05,0.00026433339591798086,0.799768306717739,0.032283567814798055,0.10353676260060177,0.10367629263461602,0.13476375975990515,1.0
m84_credibility,84,credibility,2.534288122793572,7.0,11.275,0.8125,1.175,0.1,0.2624999999999999,0.6125,0.425,0.75,target_share_decisions,10,0.0002750571420370922,6.712999192570207e-05,0.0001231985499637796,0.0004269157341104048,1.2957055864036746,0.0026872073274450767,0.000694636142243111,0.000969693284280203,39.59729782399183,0.10016465136811986
m84_credibility,84,credibility,2.534288122793572,7.0,11.275,0.8125,1.175,0.1,0.2624999999999999,0.6125,0.425,0.75,participation_rate,10,0.0,0.0,0.0,0.0,,,0.9998035,0.9998035,0.0,
m84_credibility,84,credibility,2.534288122793572,7.0,11.275,0.8125,1.175,0.1,0.2624999999999999,0.6125,0.425,0.75,cumulative_fake_reposts,10,27.9,11.031721936710012,2.944511202873361,52.85548879712664,0.7997622422398534,0.032284583672081237,20703.3,20731.2,0.13476112503803742,1.0
m84_credibility,84,credibility,2.534288122793572,7.0,11.275,0.8125,1.175,0.1,0.2624999999999999,0.6125,0.425,0.75,target_unique_reposters_p400,10,1.2,0.38873012632302,0.3206313603429293,2.0793686396570705,0.9761870601839527,0.012992786487757375,31.0,32.2,3.870967741935484,0.8965022676552589
m84_combined,84,combined,2.534288122793572,7.0,11.275,0.8125,1.175,0.1,0.2624999999999999,0.6125,0.425,0.75,fake_repost_share_all,10,0.0010775000000000008,0.00019872405491032103,0.0006279549557643143,0.0015270450442356873,1.714615867902394,0.00042068872081727507,0.10351650000000001,0.104594,1.040896861852942,0.020613747320046477
m84_combined,84,combined,2.534288122793572,7.0,11.275,0.8125,1.175,0.1,0.2624999999999999,0.6125,0.425,0.75,fake_repost_share_final100,10,-1.1999999999998123e-05,1.436043948568919e-05,-4.448557104348009e-05,2.0485571043483846e-05,-0.2642490987816271,0.42499128235093603,0.10301400000000001,0.10300200000000001,-0.011648902090976103,1.0
m84_combined,84,combined,2.534288122793572,7.0,11.275,0.8125,1.175,0.1,0.2624999999999999,0.6125,0.425,0.75,target_share_all,10,0.002095,0.0003295948691617905,0.0013494046059041186,0.0028405953940958814,2.010034839104461,0.0001318923977262965,0.0006945,0.0027895000000000003,301.65586753059756,0.00783566627529122
m84_combined,84,combined,2.534288122793572,7.0,11.275,0.8125,1.175,0.1,0.2624999999999999,0.6125,0.425,0.75,target_share_final100,10,-4.000000000000001e-06,4e-06,-1.304862865119282e-05,5.048628651192819e-06,-0.316227766016838,0.3434363961379133,4.000000000000001e-06,0.0,-100.0,1.0
m84_combined,84,combined,2.534288122793572,7.0,11.275,0.8125,1.175,0.1,0.2624999999999999,0.6125,0.425,0.75,fake_repost_share_decisions,10,0.0010777195056202032,0.00019877090772776638,0.0006280684729479354,0.001527370538292471,1.7145609261985613,0.00042078410247855115,0.10353676260060177,0.10461448210622197,1.0409051611721338,0.020618421021449007
m84_combined,84,combined,2.534288122793572,7.0,11.275,0.8125,1.175,0.1,0.2624999999999999,0.6125,0.425,0.75,target_share_decisions,10,0.0020954228695842536,0.00032967154791723846,0.001349654016092501,0.002841191723076006,2.0099729476065336,0.00013192288079992066,0.000694636142243111,0.0027900590118273643,301.657622193072,0.007835343958099638
m84_combined,84,combined,2.534288122793572,7.0,11.275,0.8125,1.175,0.1,0.2624999999999999,0.6125,0.425,0.75,participation_rate,10,0.0,0.0,0.0,0.0,,,0.9998035,0.9998035,0.0,
m84_combined,84,combined,2.534288122793572,7.0,11.275,0.8125,1.175,0.1,0.2624999999999999,0.6125,0.425,0.75,cumulative_fake_reposts,10,215.5,39.74481098206406,125.59099115286303,305.409008847137,1.714615867902399,0.0004206887208172662,20703.3,20918.8,1.0408968618529413,0.020613747320046043
m84_combined,84,combined,2.534288122793572,7.0,11.275,0.8125,1.175,0.1,0.2624999999999999,0.6125,0.425,0.75,target_unique_reposters_p400,10,14.2,3.434465832637669,6.4306985163129955,21.969301483687005,1.30746220700948,0.002542159605093625,31.0,45.2,45.806451612903224,0.10356377754275704
m85_credibility,85,credibility,2.534288122793572,7.0,11.275,1.0,1.175,0.1,0.2624999999999999,0.6125,0.425,0.75,fake_repost_share_all,10,0.0001345000000000013,4.280089562925758e-05,3.7677647378097864e-05,0.00023132235262190472,0.993732348446253,0.011880920744833436,0.102958,0.1030925,0.1306357932360781,0.6653315617106724
m85_credibility,85,credibility,2.534288122793572,7.0,11.275,1.0,1.175,0.1,0.2624999999999999,0.6125,0.425,0.75,fake_repost_share_final100,10,0.0,0.0,0.0,0.0,,,0.103002,0.103002,0.0,
m85_credibility,85,credibility,2.534288122793572,7.0,11.275,1.0,1.175,0.1,0.2624999999999999,0.6125,0.425,0.75,target_share_all,10,0.0002445,5.9867678165174314e-05,0.00010906990301855321,0.00037993009698144675,1.2914763217941765,0.002741516002898546,0.0006640000000000001,0.0009085000000000001,36.822289156626496,0.10017333104922103
m85_credibility,85,credibility,2.534288122793572,7.0,11.275,1.0,1.175,0.1,0.2624999999999999,0.6125,0.425,0.75,target_share_final100,10,0.0,0.0,0.0,0.0,,,0.0,0.0,,
m85_credibility,85,credibility,2.534288122793572,7.0,11.275,1.0,1.175,0.1,0.2624999999999999,0.6125,0.425,0.75,fake_repost_share_decisions,10,0.00013452818346563895,4.280971995149211e-05,3.7685868839985854e-05,0.00023137049809129204,0.9937356976837581,0.01188071815573257,0.10297815650753797,0.10311268469100361,0.13063759153213383,0.6653202167210239
m85_credibility,85,credibility,2.534288122793572,7.0,11.275,1.0,1.175,0.1,0.2624999999999999,0.6125,0.425,0.75,target_share_decisions,10,0.00024455061810568416,5.988068074708857e-05,0.00010909110724042519,0.00038001012897094315,1.2914632010985843,0.0027416862911223043,0.0006641303561329456,0.0009086809742386298,36.82268335536375,0.10016465136811986
m85_credibility,85,credibility,2.534288122793572,7.0,11.275,1.0,1.175,0.1,0.2624999999999999,0.6125,0.425,0.75,participation_rate,10,0.0,0.0,0.0,0.0,,,0.9998035,0.9998035,0.0,
m85_credibility,85,credibility,2.534288122793572,7.0,11.275,1.0,1.175,0.1,0.2624999999999999,0.6125,0.425,0.75,cumulative_fake_reposts,10,26.9,8.56017912585167,7.535529475618965,46.26447052438103,0.9937323484462258,0.01188092074483508,20591.6,20618.5,0.13063579323607685,0.6653315617107645
m85_credibility,85,credibility,2.534288122793572,7.0,11.275,1.0,1.175,0.1,0.2624999999999999,0.6125,0.425,0.75,target_unique_reposters_p400,10,1.0,0.2581988897471611,0.4159135321319155,1.5840864678680844,1.224744871391589,0.00377155755870598,31.0,32.0,3.225806451612903,0.29795304713777243
m85_combined,85,combined,2.534288122793572,7.0,11.275,1.0,1.175,0.1,0.2624999999999999,0.6125,0.425,0.75,fake_repost_share_all,10,0.0008535000000000001,0.00015431578373941988,0.0005044134444810527,0.0012025865555189475,1.74901356008488,0.0003653247964181094,0.102958,0.10381149999999999,0.8289788068921309,0.01863156461732358
m85_combined,85,combined,2.534288122793572,7.0,11.275,1.0,1.175,0.1,0.2624999999999999,0.6125,0.425,0.75,fake_repost_share_final100,10,-2.0000000000006123e-06,2.0000000000006127e-06,-6.524314325598409e-06,2.524314325597184e-06,-0.3162277660168379,0.34343639613791355,0.103002,0.10300000000000001,-0.0019417098697118624,1.0
m85_combined,85,combined,2.534288122793572,7.0,11.275,1.0,1.175,0.1,0.2624999999999999,0.6125,0.425,0.75,target_share_all,10,0.0016135,0.0002273226414885533,0.0010992604582904606,0.0021277395417095392,2.2445344516809183,5.680294789825997e-05,0.0006640000000000001,0.0022774999999999996,242.9969879518072,0.003997725527654513
m85_combined,85,combined,2.534288122793572,7.0,11.275,1.0,1.175,0.1,0.2624999999999999,0.6125,0.425,0.75,target_share_final100,10,8.000000000000001e-06,8e-06,-1.0097257302385637e-05,2.609725730238564e-05,0.31622776601683794,0.3434363961379136,0.0,8.000000000000001e-06,,1.0
m85_combined,85,combined,2.534288122793572,7.0,11.275,1.0,1.175,0.1,0.2624999999999999,0.6125,0.425,0.75,fake_repost_share_decisions,10,0.000853672955812762,0.00015435339061826658,0.000504501327623461,0.001202844584002063,1.748941766969603,0.0003654317784740093,0.10297815650753797,0.10383182946335072,0.8289844999801229,0.018637020702174475
m85_combined,85,combined,2.534288122793572,7.0,11.275,1.0,1.175,0.1,0.2624999999999999,0.6125,0.425,0.75,target_share_decisions,10,0.0016138229935570181,0.00022737664769433008,0.0010994612813222454,0.002128184705791791,2.2444505413115365,5.681942271868493e-05,0.0006641303561329456,0.0022779533496899633,242.99792633390229,0.0039974477772899975
m85_combined,85,combined,2.534288122793572,7.0,11.275,1.0,1.175,0.1,0.2624999999999999,0.6125,0.425,0.75,participation_rate,10,0.0,0.0,0.0,0.0,,,0.9998035,0.9998035,0.0,
m85_combined,85,combined,2.534288122793572,7.0,11.275,1.0,1.175,0.1,0.2624999999999999,0.6125,0.425,0.75,cumulative_fake_reposts,10,170.7,30.86315674788378,100.88268889621094,240.51731110378904,1.7490135600848906,0.00036532479641809373,20591.6,20762.3,0.8289788068921308,0.01863156461732278
m85_combined,85,combined,2.534288122793572,7.0,11.275,1.0,1.175,0.1,0.2624999999999999,0.6125,0.425,0.75,target_unique_reposters_p400,10,10.9,2.6095976701399772,4.996679938471344,16.80332006152866,1.320848301262717,0.002387082191596418,31.0,41.9,35.16129032258065,0.10264453423864597
m86_credibility,86,credibility,2.534288122793572,7.0,11.275,1.0,1.25,0.1,0.2624999999999999,0.6125,0.425,0.75,fake_repost_share_all,10,0.00014699999999999853,2.361967165074173e-05,9.356859059233142e-05,0.00020043140940766564,1.9680833117345609,0.00015442876815476415,0.10329200000000001,0.10343899999999999,0.14231499051233254,0.013435302829464481
m86_credibility,86,credibility,2.534288122793572,7.0,11.275,1.0,1.25,0.1,0.2624999999999999,0.6125,0.425,0.75,fake_repost_share_final100,10,-7.999999999998287e-06,6.11010092660673e-06,-2.182200857654165e-05,5.822008576545076e-06,-0.4140393356053954,0.22286835013353765,0.10306200000000001,0.10305400000000002,-0.007762317828101808,1.0
m86_credibility,86,credibility,2.534288122793572,7.0,11.275,1.0,1.25,0.1,0.2624999999999999,0.6125,0.425,0.75,target_share_all,10,0.000284,4.106769479232498e-05,0.00019109842006593153,0.0003769015799340685,2.1868450616216726,6.946618478136287e-05,0.0007045,0.0009885000000000002,40.312278211497514,0.005487828597727667
m86_credibility,86,credibility,2.534288122793572,7.0,11.275,1.0,1.25,0.1,0.2624999999999999,0.6125,0.425,0.75,target_share_final100,10,-5.999999999999999e-06,5.999999999999999e-06,-1.957294297678923e-05,7.572942976789229e-06,-0.3162277660168379,0.3434363961379134,5.999999999999999e-06,0.0,-100.0,1.0
m86_credibility,86,credibility,2.534288122793572,7.0,11.275,1.0,1.25,0.1,0.2624999999999999,0.6125,0.425,0.75,fake_repost_share_decisions,10,0.00014702951604358554,2.3624931353874227e-05,9.358620836080307e-05,0.00020047282372636803,1.9680402326068664,0.00015445396241082351,0.10331221962716423,0.10345924914320781,0.14231570725533668,0.013437494729741645
m86_credibility,86,credibility,2.534288122793572,7.0,11.275,1.0,1.25,0.1,0.2624999999999999,0.6125,0.425,0.75,target_share_decisions,10,0.00028405579368855055,4.1075877259565604e-05,0.00019113570372760434,0.00037697588364949677,2.186838968639476,6.946767527752987e-05,0.0007046387003463583,0.0009886944940349092,40.31226124096302,0.00548794634692486
m86_credibility,86,credibility,2.534288122793572,7.0,11.275,1.0,1.25,0.1,0.2624999999999999,0.6125,0.425,0.75,participation_rate,10,0.0,0.0,0.0,0.0,,,0.9998035,0.9998035,0.0,
m86_credibility,86,credibility,2.534288122793572,7.0,11.275,1.0,1.25,0.1,0.2624999999999999,0.6125,0.425,0.75,cumulative_fake_reposts,10,29.4,4.7239343301484995,18.713718118466232,40.086281881533765,1.9680833117345167,0.0001544287681547902,20658.4,20687.8,0.14231499051233393,0.013435302829466748
m86_credibility,86,credibility,2.534288122793572,7.0,11.275,1.0,1.25,0.1,0.2624999999999999,0.6125,0.425,0.75,target_unique_reposters_p400,10,1.4,0.39999999999999997,0.495137134880718,2.304862865119282,1.1067971810589328,0.006723515763058963,30.8,32.2,4.545454545454545,0.5177107137555401
m86_combined,86,combined,2.534288122793572,7.0,11.275,1.0,1.25,0.1,0.2624999999999999,0.6125,0.425,0.75,fake_repost_share_all,10,0.0011014999999999996,0.00019268144406996924,0.000665624291158817,0.0015373757088411823,1.8077759690292654,0.0002881584200803321,0.10329200000000001,0.1043935,1.0663942996553455,0.016316348871813536
m86_combined,86,combined,2.534288122793572,7.0,11.275,1.0,1.25,0.1,0.2624999999999999,0.6125,0.425,0.75,fake_repost_share_final100,10,-9.99999999999751e-06,6.146362971527463e-06,-2.390403902119602e-05,3.9040390212009994e-06,-0.5144957554274929,0.13818475535120597,0.10306200000000001,0.103052,-0.009702897285126922,1.0
m86_combined,86,combined,2.534288122793572,7.0,11.275,1.0,1.25,0.1,0.2624999999999999,0.6125,0.425,0.75,target_share_all,10,0.002059,0.0003246594797288041,0.0013245692324611474,0.0027934307675388527,2.00552582284848,0.00013413342229907807,0.0007045,0.0027635,292.264017033357,0.00783566627529122
m86_combined,86,combined,2.534288122793572,7.0,11.275,1.0,1.25,0.1,0.2624999999999999,0.6125,0.425,0.75,target_share_final100,10,4.000000000000001e-06,1.0666666666666666e-05,-2.012967640318085e-05,2.812967640318085e-05,0.11858541225631425,0.7163448902227336,5.999999999999999e-06,1e-05,66.66666666666669,1.0
m86_combined,86,combined,2.534288122793572,7.0,11.275,1.0,1.25,0.1,0.2624999999999999,0.6125,0.425,0.75,fake_repost_share_decisions,10,0.0011017192596728272,0.00019272387215029513,0.0006657475718458316,0.001537690947499823,1.8077377564953059,0.00028820244397974505,0.10331221962716423,0.10441393888683703,1.0663978217182244,0.016315761778003392
m86_combined,86,combined,2.534288122793572,7.0,11.275,1.0,1.25,0.1,0.2624999999999999,0.6125,0.425,0.75,target_share_decisions,10,0.002059409013089711,0.0003247304227506686,0.0013248177612857968,0.0027940002648936253,2.005485984367812,0.00013415340638413088,0.0007046387003463583,0.00276404771343607,292.2645338777771,0.007835343958099638
m86_combined,86,combined,2.534288122793572,7.0,11.275,1.0,1.25,0.1,0.2624999999999999,0.6125,0.425,0.75,participation_rate,10,0.0,0.0,0.0,0.0,,,0.9998035,0.9998035,0.0,
m86_combined,86,combined,2.534288122793572,7.0,11.275,1.0,1.25,0.1,0.2624999999999999,0.6125,0.425,0.75,cumulative_fake_reposts,10,220.3,38.53628881399395,133.12485823176326,307.47514176823677,1.8077759690292614,0.0002881584200803365,20658.4,20878.7,1.0663942996553462,0.016316348871813147
m86_combined,86,combined,2.534288122793572,7.0,11.275,1.0,1.25,0.1,0.2624999999999999,0.6125,0.425,0.75,target_unique_reposters_p400,10,11.9,2.5141819964177436,6.212525188225311,17.58747481177469,1.4967533857780086,0.0010691593648203828,30.8,42.7,38.63636363636363,0.0620112431595822
m87_credibility,87,credibility,2.534288122793572,7.0,14.7,1.0,1.25,0.1,0.2624999999999999,0.6125,0.425,0.75,fake_repost_share_all,10,0.0001294999999999949,3.4772674456949795e-05,5.083874540755575e-05,0.00020816125459243405,1.1776918611733125,0.00473983661938846,0.11224450000000001,0.112374,0.11537313632293332,0.29860970702147294
m87_credibility,87,credibility,2.534288122793572,7.0,14.7,1.0,1.25,0.1,0.2624999999999999,0.6125,0.425,0.75,fake_repost_share_final100,10,-1.9999999999997796e-05,1.9999999999997793e-05,-6.52431432559569e-05,2.524314325596131e-05,-0.31622776601683794,0.3434363961379136,0.11004,0.11002,-0.018175209014901668,1.0
m87_credibility,87,credibility,2.534288122793572,7.0,14.7,1.0,1.25,0.1,0.2624999999999999,0.6125,0.425,0.75,target_share_all,10,0.0003255,4.409239037395104e-05,0.00022575608329067202,0.000425243916709328,2.3344649034789264,4.181508811153151e-05,0.000932,0.0012575,34.92489270386266,0.003512467401368647
m87_credibility,87,credibility,2.534288122793572,7.0,14.7,1.0,1.25,0.1,0.2624999999999999,0.6125,0.425,0.75,target_share_final100,10,-1.1999999999999999e-05,1.1999999999999999e-05,-3.914588595357846e-05,1.5145885953578458e-05,-0.3162277660168379,0.3434363961379134,1.1999999999999999e-05,0.0,-100.0,1.0
m87_credibility,87,credibility,2.534288122793572,7.0,14.7,1.0,1.25,0.1,0.2624999999999999,0.6125,0.425,0.75,fake_repost_share_decisions,10,0.00012952394451997,3.477840852523122e-05,5.084971856389605e-05,0.00020819817047604397,1.1777154090165964,0.00473929117925762,0.11226549339119143,0.1123950173357114,0.1153728902866361,0.29857534429323
m87_credibility,87,credibility,2.534288122793572,7.0,14.7,1.0,1.25,0.1,0.2624999999999999,0.6125,0.425,0.75,target_share_decisions,10,0.0003255601963769716,4.409939004188333e-05,0.0002258004453186934,0.00042531994743524984,2.3345260219362456,4.1806508613589016e-05,0.0009321712271436626,0.0012577314235206346,34.92493512962695,0.0035117467235414772
m87_credibility,87,credibility,2.534288122793572,7.0,14.7,1.0,1.25,0.1,0.2624999999999999,0.6125,0.425,0.75,participation_rate,10,0.0,0.0,0.0,0.0,,,0.9998140000000001,0.9998140000000001,0.0,
m87_credibility,87,credibility,2.534288122793572,7.0,14.7,1.0,1.25,0.1,0.2624999999999999,0.6125,0.425,0.75,cumulative_fake_reposts,10,25.9,6.954534891389614,10.167749081512946,41.63225091848705,1.1776918611734168,0.004739836619386032,22448.9,22474.8,0.11537313632293784,0.29860970702132
m87_credibility,87,credibility,2.534288122793572,7.0,14.7,1.0,1.25,0.1,0.2624999999999999,0.6125,0.425,0.75,target_unique_reposters_p400,10,1.3,0.47258156262526085,0.2309462331008978,2.3690537668991025,0.8698944866536675,0.022445658672013504,44.9,46.2,2.89532293986637,1.0
m87_combined,87,combined,2.534288122793572,7.0,14.7,1.0,1.25,0.1,0.2624999999999999,0.6125,0.425,0.75,fake_repost_share_all,10,0.0015374999999999944,0.0001357371847849134,0.001230441155180739,0.0018445588448192498,3.581923339734136,1.2569442057961086e-06,0.11224450000000001,0.11378199999999998,1.3697775837568826,0.00011061109011005756
m87_combined,87,combined,2.534288122793572,7.0,14.7,1.0,1.25,0.1,0.2624999999999999,0.6125,0.425,0.75,fake_repost_share_final100,10,3.400000000000139e-05,3.748184745831974e-05,-5.078982970274631e-05,0.00011878982970274908,0.2868520303469298,0.3879929064082872,0.11004,0.110074,0.030897855325337502,1.0
m87_combined,87,combined,2.534288122793572,7.0,14.7,1.0,1.25,0.1,0.2624999999999999,0.6125,0.425,0.75,target_share_all,10,0.0030265000000000005,0.0002424172825705479,0.002478114007846959,0.003574885992153042,3.9479995968168526,5.491651260528548e-07,0.000932,0.0039585,324.73175965665246,4.8326531092651225e-05
m87_combined,87,combined,2.534288122793572,7.0,14.7,1.0,1.25,0.1,0.2624999999999999,0.6125,0.425,0.75,target_share_final100,10,7.200000000000002e-05,4.312256434345661e-05,-2.5550017807776817e-05,0.00016955001780777685,0.5279926994106786,0.12932697230585596,1.1999999999999999e-05,8.400000000000001e-05,600.0000000000002,1.0
m87_combined,87,combined,2.534288122793572,7.0,14.7,1.0,1.25,0.1,0.2624999999999999,0.6125,0.425,0.75,fake_repost_share_decisions,10,0.0015377891454282228,0.00013576642236222077,0.0012306641606140386,0.001844914130242407,3.5818254440431345,1.2572349774337227e-06,0.11226549339119143,0.11380328253661964,1.369778993505836,0.0001106366780141676
m87_combined,87,combined,2.534288122793572,7.0,14.7,1.0,1.25,0.1,0.2624999999999999,0.6125,0.425,0.75,target_share_decisions,10,0.0030270691491588076,0.00024246972331884678,0.002478564527791379,0.003575573770526236,3.9478880146953794,5.492978952087918e-07,0.0009321712271436626,0.00395924037630247,324.73316714937476,4.833821477837368e-05
m87_combined,87,combined,2.534288122793572,7.0,14.7,1.0,1.25,0.1,0.2624999999999999,0.6125,0.425,0.75,participation_rate,10,0.0,0.0,0.0,0.0,,,0.9998140000000001,0.9998140000000001,0.0,
m87_combined,87,combined,2.534288122793572,7.0,14.7,1.0,1.25,0.1,0.2624999999999999,0.6125,0.425,0.75,cumulative_fake_reposts,10,307.5,27.14743695698239,246.08823103614958,368.9117689638504,3.581923339734187,1.256944205795957e-06,22448.9,22756.4,1.3697775837568877,0.00011061109011004421
m87_combined,87,combined,2.534288122793572,7.0,14.7,1.0,1.25,0.1,0.2624999999999999,0.6125,0.425,0.75,target_unique_reposters_p400,10,19.5,2.6593650035717586,13.484098408675273,25.515901591324727,2.3187646032215476,4.408422728384028e-05,44.9,64.4,43.42984409799555,0.003306317046288021
m88_credibility,88,credibility,2.534288122793572,7.0,14.7,1.0,1.25,0.1,0.2624999999999999,0.6125,0.425,0.875,fake_repost_share_all,10,0.00017700000000000216,3.18695256737029e-05,0.00010490612422225386,0.0002490938757777505,1.7562958155717543,0.00035464745212303566,0.11228500000000001,0.11246199999999999,0.1576345905508324,0.030145033430458032
m88_credibility,88,credibility,2.534288122793572,7.0,14.7,1.0,1.25,0.1,0.2624999999999999,0.6125,0.425,0.875,fake_repost_share_final100,10,-1.2000000000000898e-05,1.2000000000000896e-05,-3.9145885953581384e-05,1.5145885953579588e-05,-0.31622776601683794,0.3434363961379136,0.11004600000000002,0.110034,-0.010904530832561744,1.0
m88_credibility,88,credibility,2.534288122793572,7.0,14.7,1.0,1.25,0.1,0.2624999999999999,0.6125,0.425,0.875,target_share_all,10,0.0004125,5.817717192622319e-05,0.00028089409381575157,0.0005441059061842484,2.242184505760556,5.726631459369174e-05,0.0008805,0.0012929999999999999,46.84838160136286,0.004695837796682723
m88_credibility,88,credibility,2.534288122793572,7.0,14.7,1.0,1.25,0.1,0.2624999999999999,0.6125,0.425,0.875,target_share_final100,10,-4.000000000000001e-06,4e-06,-1.304862865119282e-05,5.048628651192819e-06,-0.316227766016838,0.3434363961379133,4.000000000000001e-06,0.0,-100.0,1.0
m88_credibility,88,credibility,2.534288122793572,7.0,14.7,1.0,1.25,0.1,0.2624999999999999,0.6125,0.425,0.875,fake_repost_share_decisions,10,0.00017703217347071615,3.187467901827906e-05,0.00010492664001762252,0.00024913770692380977,1.7563310581934268,0.0003545966083474744,0.11230600519429716,0.11248303736776788,0.15763375534944746,0.030140711709535323
m88_credibility,88,credibility,2.534288122793572,7.0,14.7,1.0,1.25,0.1,0.2624999999999999,0.6125,0.425,0.875,target_share_decisions,10,0.0004125755991625864,5.818595356905541e-05,0.00028094982752210397,0.0005442013708030688,2.2422569715456,5.72519640350905e-05,0.0008806624156128672,0.0012932380147754534,46.84832597011289,0.004694661050877421
m88_credibility,88,credibility,2.534288122793572,7.0,14.7,1.0,1.25,0.1,0.2624999999999999,0.6125,0.425,0.875,participation_rate,10,0.0,0.0,0.0,0.0,,,0.9998140000000001,0.9998140000000001,0.0,
m88_credibility,88,credibility,2.534288122793572,7.0,14.7,1.0,1.25,0.1,0.2624999999999999,0.6125,0.425,0.875,cumulative_fake_reposts,10,35.4,6.373905134740134,20.981224844451347,49.81877515554865,1.7562958155718553,0.00035464745212288956,22457.0,22492.4,0.15763459055083046,0.03014503343044561
m88_credibility,88,credibility,2.534288122793572,7.0,14.7,1.0,1.25,0.1,0.2624999999999999,0.6125,0.425,0.875,target_unique_reposters_p400,10,0.7,0.334995854037363,-0.05781327071832265,1.4578132707183227,0.6607826143039303,0.06622864074858156,43.2,43.9,1.6203703703703702,1.0
m88_combined,88,combined,2.534288122793572,7.0,14.7,1.0,1.25,0.1,0.2624999999999999,0.6125,0.425,0.875,fake_repost_share_all,10,0.001362999999999999,0.00014666704545405627,0.0010312160925796557,0.0016947839074203423,2.938754535803117,6.5637857625324224e-06,0.11228500000000001,0.113648,1.2138754063321002,0.0005579217898152559
m88_combined,88,combined,2.534288122793572,7.0,14.7,1.0,1.25,0.1,0.2624999999999999,0.6125,0.425,0.875,fake_repost_share_final100,10,-1.000000000000098e-05,1.2736648783029104e-05,-3.881230127457531e-05,1.8812301274573345e-05,-0.2482817665807236,0.4525455440611283,0.11004600000000002,0.110036,-0.009087109027134997,1.0
m88_combined,88,combined,2.534288122793572,7.0,14.7,1.0,1.25,0.1,0.2624999999999999,0.6125,0.425,0.875,target_share_all,10,0.0028285000000000003,0.00024629933233996214,0.0022713322011547396,0.003385667798845261,3.6315576972171164,1.1186481209022214e-06,0.0008805,0.0037090000000000005,321.23793299261786,9.732238651849327e-05
m88_combined,88,combined,2.534288122793572,7.0,14.7,1.0,1.25,0.1,0.2624999999999999,0.6125,0.425,0.875,target_share_final100,10,2.0000000000000003e-06,6.2893207547044025e-06,-1.2227431994389977e-05,1.6227431994389976e-05,0.10056022847309865,0.7577400727729549,4.000000000000001e-06,6.000000000000001e-06,50.0,1.0
m88_combined,88,combined,2.534288122793572,7.0,14.7,1.0,1.25,0.1,0.2624999999999999,0.6125,0.425,0.875,fake_repost_share_decisions,10,0.0013632559315179787,0.00014669667402271536,0.0010314049996188197,0.0016951068634171377,2.938712691375538,6.56455468828741e-06,0.11230600519429716,0.11366926112581513,1.2138762563581988,0.0005579871485044298
m88_combined,88,combined,2.534288122793572,7.0,14.7,1.0,1.25,0.1,0.2624999999999999,0.6125,0.425,0.875,target_share_decisions,10,0.0028290313919810484,0.0002463512978110003,0.00227174603907326,0.0033863167448888367,3.6314737735378992,1.118867283050156e-06,0.0008806624156128672,0.0037096938075939154,321.2390289203247,9.734145362536357e-05
m88_combined,88,combined,2.534288122793572,7.0,14.7,1.0,1.25,0.1,0.2624999999999999,0.6125,0.425,0.875,participation_rate,10,0.0,0.0,0.0,0.0,,,0.9998140000000001,0.9998140000000001,0.0,
m88_combined,88,combined,2.534288122793572,7.0,14.7,1.0,1.25,0.1,0.2624999999999999,0.6125,0.425,0.875,cumulative_fake_reposts,10,272.6,29.333409090811262,206.24321851593135,338.9567814840687,2.938754535803118,6.563785762532401e-06,22457.0,22729.6,1.2138754063321016,0.0005579217898152541
m88_combined,88,combined,2.534288122793572,7.0,14.7,1.0,1.25,0.1,0.2624999999999999,0.6125,0.425,0.875,target_unique_reposters_p400,10,15.9,2.672701504720146,9.853929147075782,21.94607085292422,1.881250663715325,0.00021559628490609045,43.2,59.1,36.80555555555555,0.015522932513238512
