condition,policy,strategy,target_reach,wom_receiver_scale,metric,n_pairs,effect,se,ci95_low,ci95_high,cohens_dz,p_value,control_mean,treatment_mean,relative_effect_percent,p_holm
discovery_credibility_r14_7,discovery,credibility,14.7,0.5,fake_repost_share_all,30,0.004444499999999999,0.0004256974230330879,0.0035738510118332226,0.0053151489881667745,1.9061683840186936,2.459761806496764e-11,0.15115299999999998,0.1555975,2.940398139633351,4.673547432343851e-10
discovery_credibility_r14_7,discovery,credibility,14.7,0.5,fake_repost_share_final100,30,0.0037553333333333353,0.0004228525824840259,0.002890502697384642,0.004620163969282029,1.621432514009724,9.070060950331648e-10,0.14878000000000002,0.15253533333333333,2.5240847784200398,2.086114018576279e-08
discovery_credibility_r14_7,discovery,credibility,14.7,0.5,target_share_all,30,0.008588999999999998,0.0007012254216398767,0.007154832981845119,0.010023167018154876,2.236270439925127,5.497293931337595e-13,0.0056584999999999995,0.0142475,151.78934346558273,1.099458786267519e-11
discovery_credibility_r14_7,discovery,credibility,14.7,0.5,target_share_final100,30,0.006496000000000001,0.0007064630372415146,0.0050511208551625554,0.007940879144837446,1.6787883422966232,4.27474081691585e-10,0.0027160000000000005,0.009212,239.17525773195877,9.831903878906455e-09
discovery_credibility_r14_7,discovery,credibility,14.7,0.5,fake_repost_share_decisions,30,0.004445293890070224,0.0004257749158975489,0.003574486411199998,0.0053161013689404495,1.9061618767893915,2.4599557834439562e-11,0.15118001367432002,0.15562530756439022,2.9403978621449993,4.673915988543517e-10
discovery_credibility_r14_7,discovery,credibility,14.7,0.5,target_share_decisions,30,0.008590543449619846,0.0007013563173028747,0.007156108719774977,0.010024978179464714,2.2362548643269813,5.49823025552602e-13,0.005659516287191931,0.014250059736811777,151.78935820117934,1.099646051105204e-11
discovery_credibility_r14_7,discovery,credibility,14.7,0.5,participation_rate,30,0.0,0.0,0.0,0.0,,,0.9998211666666665,0.9998211666666665,0.0,
discovery_credibility_r14_7,discovery,credibility,14.7,0.5,cumulative_fake_reposts,30,888.9,85.13948460661751,714.7702023666449,1063.029797633355,1.9061683840186956,2.4597618064967088e-11,30230.6,31119.5,2.9403981396333516,4.673547432343747e-10
discovery_credibility_r14_7,discovery,credibility,14.7,0.5,target_unique_reposters_p400,30,9.466666666666667,1.0556180663079373,7.307685306682869,11.625648026650465,1.6373052095286298,7.355856177563663e-10,51.9,61.36666666666667,18.24020552344252,3.6779280887818316e-08
discovery_informational_r14_7,discovery,informational,14.7,0.5,fake_repost_share_all,30,0.008311833333333336,0.00044585172805537286,0.007399964163118398,0.009223702503548273,3.4036566601386773,1.0930558750723158e-17,0.15115299999999998,0.15946483333333333,5.498953598892074,3.1698620377097156e-16
discovery_informational_r14_7,discovery,informational,14.7,0.5,fake_repost_share_final100,30,0.008266666666666669,0.0005055765647607192,0.007232646490050422,0.009300686843282916,2.985264827199367,3.5592872321528417e-16,0.14878000000000002,0.15704666666666664,5.556302370390286,1.2813434035750231e-14
discovery_informational_r14_7,discovery,informational,14.7,0.5,target_share_all,30,0.016029166666666667,0.000866446836067742,0.014257083914208827,0.017801249419124508,3.377601408371084,1.3432582085519904e-17,0.0056584999999999995,0.021687666666666668,283.2758976171542,3.895448804800772e-16
discovery_informational_r14_7,discovery,informational,14.7,0.5,target_share_final100,30,0.014866666666666667,0.0009564461678686633,0.012910514613037445,0.01682281872029589,2.8378696615997523,1.3361179044389997e-15,0.0027160000000000005,0.01758266666666667,547.373588610702,3.874741922873099e-14
discovery_informational_r14_7,discovery,informational,14.7,0.5,fake_repost_share_decisions,30,0.008313330094614662,0.0004459402798071387,0.00740127981573215,0.009225380373497174,3.4035935804201345,1.0935996909245908e-17,0.15118001367432002,0.15949334376893465,5.498961068044139,3.171439103681313e-16
discovery_informational_r14_7,discovery,informational,14.7,0.5,target_share_decisions,30,0.01603205604371789,0.0008666198258235637,0.014259619487483657,0.01780449259995212,3.377535907007616,1.3439567177659728e-17,0.005659516287191931,0.021691572330909813,283.27608279880894,3.897474481521321e-16
discovery_informational_r14_7,discovery,informational,14.7,0.5,participation_rate,30,0.0,0.0,0.0,0.0,,,0.9998211666666665,0.9998211666666665,0.0,
discovery_informational_r14_7,discovery,informational,14.7,0.5,cumulative_fake_reposts,30,1662.3666666666666,89.17034561107445,1479.9928326236793,1844.7405007096538,3.4036566601386804,1.0930558750722962e-17,30230.6,31892.966666666667,5.498953598892071,3.169862037709659e-16
discovery_informational_r14_7,discovery,informational,14.7,0.5,target_unique_reposters_p400,30,11.3,1.2007181758976728,8.844255594806572,13.755744405193429,1.71821193461466,2.568185305103847e-10,51.9,63.2,21.772639691714836,1.3354563586540006e-08
discovery_combined_r14_7,discovery,combined,14.7,0.5,fake_repost_share_all,30,0.017943499999999998,0.0009005721090302648,0.016101623227733335,0.01978537677226666,3.637709707731156,1.8188622956863258e-18,0.15115299999999998,0.16909649999999996,11.871084265611664,5.63847311662761e-17
discovery_combined_r14_7,discovery,combined,14.7,0.5,fake_repost_share_final100,30,0.022304000000000004,0.0012545568984682416,0.019738143043510688,0.02486985695648932,3.2458748151135843,3.8893726060929845e-17,0.14878000000000002,0.171084,14.991262266433662,1.5946427684981237e-15
discovery_combined_r14_7,discovery,combined,14.7,0.5,target_share_all,30,0.03617816666666667,0.0017259888134340897,0.03264812318344182,0.039708210149891524,3.8269073778234186,4.585292434366711e-19,0.0056584999999999995,0.04183666666666667,639.3596654001357,1.4214406546536804e-17
discovery_combined_r14_7,discovery,combined,14.7,0.5,target_share_final100,30,0.04447333333333333,0.002281256426013098,0.03980764006954563,0.04913902659712103,3.5593029052393526,3.279255765202505e-18,0.0027160000000000005,0.04718933333333333,1637.457044673539,1.0821544025168268e-16
discovery_combined_r14_7,discovery,combined,14.7,0.5,fake_repost_share_decisions,30,0.017946717554616007,0.0009007387208721074,0.016104500022871678,0.019788935086360336,3.637689010164077,1.819142659198427e-18,0.15118001367432002,0.169126731228936,11.871091368782235,5.639342243515125e-17
discovery_combined_r14_7,discovery,combined,14.7,0.5,target_share_decisions,30,0.036184662404601074,0.0017263162595669078,0.032653949218839184,0.039715375590362964,3.8268684788346747,4.5865632372970795e-19,0.005659516287191931,0.041844178691793,639.3596301947341,1.4218346035620946e-17
discovery_combined_r14_7,discovery,combined,14.7,0.5,participation_rate,30,0.0,0.0,0.0,0.0,,,0.9998211666666665,0.9998211666666665,0.0,
discovery_combined_r14_7,discovery,combined,14.7,0.5,cumulative_fake_reposts,30,3588.7,180.11442180605286,3220.324645546668,3957.075354453332,3.6377097077311586,1.8188622956862888e-18,30230.6,33819.3,11.871084265611664,5.638473116627495e-17
discovery_combined_r14_7,discovery,combined,14.7,0.5,target_unique_reposters_p400,30,23.166666666666668,1.4933441091565234,20.112435028715492,26.220898304617844,2.83232463251071,1.4057823440073538e-15,51.9,75.06666666666666,44.63712267180476,8.153537595242652e-14
discovery_credibility_r5_0,discovery,credibility,5.0,0.5,fake_repost_share_all,30,0.001605166666666669,0.00019623884159409314,0.0012038131709006458,0.002006520162432692,1.493394451962858,5.096300857392877e-09,0.148928,0.15053316666666666,1.0778138876951742,8.66371145756789e-08
discovery_credibility_r5_0,discovery,credibility,5.0,0.5,fake_repost_share_final100,30,0.0014173333333333338,0.00023488756583177342,0.0009369343211257941,0.0018977323455408735,1.1016695518721014,1.4506261834338265e-06,0.1462173333333333,0.14763466666666666,0.9693333211748726,2.6111271301808877e-05
discovery_credibility_r5_0,discovery,credibility,5.0,0.5,target_share_all,30,0.002977,0.0003489581043917588,0.002263300541035537,0.003690699458964463,1.5575604761446427,2.1285025538931543e-09,0.0022896666666666664,0.005266666666666665,130.0189256078032,3.405604086229047e-08
discovery_credibility_r5_0,discovery,credibility,5.0,0.5,target_share_final100,30,0.0025106666666666667,0.00036735867822529117,0.0017593338086656115,0.003261999524667722,1.2477803023038023,1.6622867517389487e-07,0.0009819999999999998,0.003492666666666666,255.66870332654452,3.1583448283040025e-06
discovery_credibility_r5_0,discovery,credibility,5.0,0.5,fake_repost_share_decisions,30,0.0016054972441630054,0.00019627903741200621,0.0012040615387186966,0.002006932949607314,1.493396116459433,5.096184374096201e-09,0.14895750628695745,0.1505630035311204,1.0778223160302602,8.663513435963542e-08
discovery_credibility_r5_0,discovery,credibility,5.0,0.5,target_share_decisions,30,0.0029776067902623914,0.0003490292092769558,0.002263761905479023,0.00369145167504576,1.5575605737848524,2.1284997521424344e-09,0.002290128272903257,0.005267735063165647,130.0192144472152,3.405599603427895e-08
discovery_credibility_r5_0,discovery,credibility,5.0,0.5,participation_rate,30,0.0,0.0,0.0,0.0,,,0.9998016666666667,0.9998016666666667,0.0,
discovery_credibility_r5_0,discovery,credibility,5.0,0.5,cumulative_fake_reposts,30,321.03333333333336,39.24776831881863,240.7626341801287,401.304032486538,1.493394451962856,5.0963008573930505e-09,29785.6,30106.633333333335,1.0778138876951728,8.663711457568185e-08
discovery_credibility_r5_0,discovery,credibility,5.0,0.5,target_unique_reposters_p400,30,4.0,0.5911220579172476,2.791019645029161,5.208980354970839,1.2354415362426845,1.9912866544921885e-07,18.766666666666666,22.766666666666666,21.314387211367674,8.56253261431641e-06
discovery_informational_r5_0,discovery,informational,5.0,0.5,fake_repost_share_all,30,0.0027731666666666677,0.00023710253896716148,0.002288237525746105,0.0032580958075872305,2.1353995134641077,1.6853782799406263e-12,0.148928,0.1517011666666667,1.8620854820226334,3.539294387875315e-11
discovery_informational_r5_0,discovery,informational,5.0,0.5,fake_repost_share_final100,30,0.0028320000000000003,0.00035287795422031255,0.00211028354797347,0.0035537164520265305,1.4652377347496937,7.513429739973517e-09,0.1462173333333333,0.14904933333333334,1.9368428731659726,1.5778202453944385e-07
discovery_informational_r5_0,discovery,informational,5.0,0.5,target_share_all,30,0.005349500000000001,0.0004323121710273617,0.004465322333160098,0.006233677666839904,2.259202198271705,4.2818838706736247e-13,0.0022896666666666664,0.0076391666666666665,233.63662833017912,8.991956128414611e-12
discovery_informational_r5_0,discovery,informational,5.0,0.5,target_share_final100,30,0.0050479999999999995,0.0005672937166226507,0.0038877540749677245,0.006208245925032274,1.6246160729264822,8.696177735422754e-10,0.0009819999999999998,0.00603,514.0529531568228,1.8261973244387782e-08
discovery_informational_r5_0,discovery,informational,5.0,0.5,fake_repost_share_decisions,30,0.0027737267905011036,0.00023715403378352172,0.0022886923308557045,0.0032587612501465027,2.135367054169025,1.6859955306706837e-12,0.14895750628695745,0.15173123307745853,1.8620926596056797,3.540590614408436e-11
discovery_informational_r5_0,discovery,informational,5.0,0.5,target_share_decisions,30,0.005350575893982129,0.0004324062085772533,0.004466205898757715,0.006234945889206544,2.259165151228241,4.2836065801906113e-13,0.002290128272903257,0.007640704166885384,233.63651535549405,8.995573818400284e-12
discovery_informational_r5_0,discovery,informational,5.0,0.5,participation_rate,30,0.0,0.0,0.0,0.0,,,0.9998016666666667,0.9998016666666667,0.0,
discovery_informational_r5_0,discovery,informational,5.0,0.5,cumulative_fake_reposts,30,554.6333333333333,47.4205077934323,457.6475051492207,651.619161517446,2.135399513464107,1.6853782799406527e-12,29785.6,30340.233333333334,1.8620854820226331,3.539294387875371e-11
discovery_informational_r5_0,discovery,informational,5.0,0.5,target_unique_reposters_p400,30,4.466666666666667,0.5866980137915699,3.2667344978797663,5.666598835453567,1.3899791901340248,2.152158373535531e-08,18.766666666666666,23.233333333333334,23.80106571936057,9.68471268090989e-07
discovery_combined_r5_0,discovery,combined,5.0,0.5,fake_repost_share_all,30,0.006190333333333335,0.0004847945964697662,0.005198817054287607,0.007181849612379063,2.3312864388566297,1.9744727648191027e-13,0.148928,0.15511833333333333,4.156594685575134,4.343840082602026e-12
discovery_combined_r5_0,discovery,combined,5.0,0.5,fake_repost_share_final100,30,0.008006000000000004,0.0006961464702531917,0.006582220603772125,0.009429779396227883,2.0996859055592587,2.5272122866623732e-12,0.1462173333333333,0.15422333333333332,5.475411031979797,6.57075194532217e-11
discovery_combined_r5_0,discovery,combined,5.0,0.5,target_share_all,30,0.0124255,0.0009059785891636667,0.010572565734304904,0.014278434265695097,2.5040056942048308,3.304931725074548e-14,0.0022896666666666664,0.014715166666666668,542.6772455961568,7.270849795164006e-13
discovery_combined_r5_0,discovery,combined,5.0,0.5,target_share_final100,30,0.015517999999999999,0.0011047306219737173,0.013258572185367655,0.017777427814632343,2.564594625544646,1.8037771585525546e-14,0.0009819999999999998,0.0165,1580.2443991853363,5.050576043947153e-13
discovery_combined_r5_0,discovery,combined,5.0,0.5,fake_repost_share_decisions,30,0.006191570564317117,0.00048489489777453503,0.005199849146069731,0.0071832919825645025,2.331270054621428,1.9748163886034206e-13,0.14895750628695745,0.15514907685127455,4.156601918663593,4.3445960549275254e-12
discovery_combined_r5_0,discovery,combined,5.0,0.5,target_share_decisions,30,0.012427971570103374,0.0009061624550838722,0.010574661256378095,0.014281281883828652,2.5039955896018915,3.305268494056705e-14,0.002290128272903257,0.014718099843006626,542.6757844593614,7.271590686924751e-13
discovery_combined_r5_0,discovery,combined,5.0,0.5,participation_rate,30,0.0,0.0,0.0,0.0,,,0.9998016666666667,0.9998016666666667,0.0,
discovery_combined_r5_0,discovery,combined,5.0,0.5,cumulative_fake_reposts,30,1238.0666666666666,96.95891929395324,1039.763410857521,1436.3699224758122,2.331286438856629,1.9744727648191186e-13,29785.6,31023.666666666668,4.156594685575133,4.343840082602061e-12
discovery_combined_r5_0,discovery,combined,5.0,0.5,target_unique_reposters_p400,30,8.966666666666667,0.9749545622578689,6.972660696204359,10.960672637128974,1.67913657691875,4.2554303928892195e-10,18.766666666666666,27.733333333333334,47.7797513321492,2.170269500373502e-08
discovery_credibility_r1_0,discovery,credibility,1.0,0.5,fake_repost_share_all,30,0.0003524999999999963,0.00011575656928802482,0.00011575123322053987,0.0005892487667794528,0.5559719064126947,0.004911292291530695,0.14712783333333332,0.14748033333333332,0.2395875695398648,0.034379046040714865
discovery_credibility_r1_0,discovery,credibility,1.0,0.5,fake_repost_share_final100,30,0.0003333333333333318,0.00012818927576617255,7.115682673283232e-05,0.0005955098399338313,0.4747515857412919,0.014503490011469937,0.141412,0.14174533333333333,0.23571785515609125,0.11721366141408371
discovery_credibility_r1_0,discovery,credibility,1.0,0.5,target_share_all,30,0.0007548333333333333,0.00018143877142931105,0.00038374937977396614,0.0011259172868927003,0.7595569579139625,0.0002584825331618518,0.000438,0.0011928333333333335,172.33637747336374,0.0018093777321329624
discovery_credibility_r1_0,discovery,credibility,1.0,0.5,target_share_final100,30,0.000784,0.00020203197652903827,0.00037079821294415237,0.0011972017870558475,0.7084926067340137,0.0005527664391147361,0.00022066666666666667,0.0010046666666666665,355.2870090634441,0.006080430830262097
discovery_credibility_r1_0,discovery,credibility,1.0,0.5,fake_repost_share_decisions,30,0.0003525817241776317,0.00011578442672050862,0.00011577598255150566,0.0005893874658037577,0.555967007440812,0.004911622991720779,0.14715849301952003,0.14751107474369765,0.23959318755110043,0.034381360942045455
discovery_credibility_r1_0,discovery,credibility,1.0,0.5,target_share_decisions,30,0.0007549991328729126,0.00018148061844396615,0.00038382959255873805,0.0011261686731870871,0.7595486128068559,0.0002585148458780595,0.0004380947125481595,0.0011930938454210722,172.33696532913893,0.0018096039211464164
discovery_credibility_r1_0,discovery,credibility,1.0,0.5,participation_rate,30,0.0,0.0,0.0,0.0,,,0.9997921666666667,0.9997921666666667,0.0,
discovery_credibility_r1_0,discovery,credibility,1.0,0.5,cumulative_fake_reposts,30,70.5,23.151313857605,23.15024664410864,117.84975335589135,0.5559719064126997,0.0049112922915303635,29425.566666666666,29496.066666666666,0.23958756953986726,0.03437904604071254
discovery_credibility_r1_0,discovery,credibility,1.0,0.5,target_unique_reposters_p400,30,1.5,0.4227713710552171,0.6353354600727861,2.364664539927214,0.6477763100870298,0.0013433604917373213,3.6,5.1,41.666666666666664,0.05104769868601821
discovery_informational_r1_0,discovery,informational,1.0,0.5,fake_repost_share_all,30,0.0005688333333333286,0.00015337687100533328,0.0002551424103356571,0.0008825242563310002,0.6771182775371776,0.0008768028716778113,0.14712783333333332,0.14769666666666664,0.3866252363307614,0.008768028716778113
discovery_informational_r1_0,discovery,informational,1.0,0.5,fake_repost_share_final100,30,0.0005459999999999969,0.0001945679563935755,0.0001480638481746731,0.0009439361518253207,0.5123428714247996,0.00886350374547594,0.141412,0.14195799999999997,0.3861058467456771,0.09206061384117006
discovery_informational_r1_0,discovery,informational,1.0,0.5,target_share_all,30,0.0011144999999999998,0.00027380800702799706,0.0005544997477730608,0.0016745002522269388,0.7431445570996882,0.00033037037495265754,0.000438,0.0015525000000000003,254.4520547945205,0.0019822222497159455
discovery_informational_r1_0,discovery,informational,1.0,0.5,target_share_final100,30,0.0011513333333333334,0.0003245604395597269,0.00048753270168216045,0.0018151339649845064,0.6476567083876261,0.001345684522811566,0.00022066666666666667,0.0013719999999999997,521.7522658610272,0.01345684522811566
discovery_informational_r1_0,discovery,informational,1.0,0.5,fake_repost_share_decisions,30,0.0005689643698944831,0.0001534133335860998,0.0002551988725457993,0.000882729867243167,0.6771132871859618,0.0008768668628282499,0.14715849301952003,0.14772745738941448,0.38663372953881237,0.0087686686282825
discovery_informational_r1_0,discovery,informational,1.0,0.5,target_share_decisions,30,0.0011147528885847547,0.00027387296387671356,0.0005546197846853612,0.0016748859924841483,0.7431368841951719,0.00033040820390982584,0.0004380947125481595,0.001552847601132915,254.45476894729939,0.001982449223458955
discovery_informational_r1_0,discovery,informational,1.0,0.5,participation_rate,30,0.0,0.0,0.0,0.0,,,0.9997921666666667,0.9997921666666667,0.0,
discovery_informational_r1_0,discovery,informational,1.0,0.5,cumulative_fake_reposts,30,113.76666666666667,30.67537420106687,51.028482067131925,176.5048512662014,0.6771182775371785,0.0008768028716778028,29425.566666666666,29539.333333333332,0.38662523633076457,0.008768028716778028
discovery_informational_r1_0,discovery,informational,1.0,0.5,target_unique_reposters_p400,30,1.7666666666666666,0.5396536422927642,0.6629510409646266,2.8703822923687063,0.597693970781382,0.0027469318879599527,3.6,5.366666666666666,49.07407407407407,0.10163647985451825
discovery_combined_r1_0,discovery,combined,1.0,0.5,fake_repost_share_all,30,0.0014061666666666593,0.0002574025519585786,0.000879719337440371,0.0019326139958929477,0.9973861267559311,7.0119922043438065e-06,0.14712783333333332,0.148534,0.9557448341408272,9.115589865646949e-05
discovery_combined_r1_0,discovery,combined,1.0,0.5,fake_repost_share_final100,30,0.001817999999999997,0.00034752768846938446,0.0011072260700805523,0.0025287739299194416,0.9550889925059041,1.3339050580728329e-05,0.141412,0.14323,1.2856051820213255,0.00020008575871092494
discovery_combined_r1_0,discovery,combined,1.0,0.5,target_share_all,30,0.0027519999999999997,0.0005006300972303539,0.0017280964854007026,0.003775903514599297,1.0036235579877326,6.3784543249647094e-06,0.000438,0.0031899999999999997,628.3105022831049,7.016299757461181e-05
discovery_combined_r1_0,discovery,combined,1.0,0.5,target_share_final100,30,0.0036966666666666667,0.0006816390546075565,0.00230255826694798,0.0050907750663853535,0.9901367922042369,7.828195043628818e-06,0.00022066666666666667,0.0039173333333333326,1675.226586102719,0.00012525112069806108
discovery_combined_r1_0,discovery,combined,1.0,0.5,fake_repost_share_decisions,30,0.0014064780845937745,0.0002574637847699192,0.0008799055202066613,0.0019330506489808877,0.9973697520955505,7.013735980290564e-06,0.14715849301952003,0.14856497110411382,0.9557573305722902,9.117856774377732e-05
discovery_combined_r1_0,discovery,combined,1.0,0.5,target_share_decisions,30,0.002752606800783944,0.0005007471814362177,0.0017284638220961886,0.0037767497794716992,1.0036101334325285,6.379754156308698e-06,0.0004380947125481595,0.0031907015133321027,628.3131756540776,7.017729571939568e-05
discovery_combined_r1_0,discovery,combined,1.0,0.5,participation_rate,30,0.0,0.0,0.0,0.0,,,0.9997921666666667,0.9997921666666667,0.0,
discovery_combined_r1_0,discovery,combined,1.0,0.5,cumulative_fake_reposts,30,281.23333333333335,51.480510391715924,175.94386748807528,386.5227991785914,0.9973861267559324,7.011992204343666e-06,29425.566666666666,29706.8,0.9557448341408323,9.115589865646766e-05
discovery_combined_r1_0,discovery,combined,1.0,0.5,target_unique_reposters_p400,30,2.7666666666666666,0.5584941439373027,1.6244178885285667,3.9089154448047667,0.9044354710375601,2.884239745554679e-05,3.6,6.366666666666666,76.85185185185185,0.0011536958982218716
flag_only_credibility_r14_7,flag_only,credibility,14.7,0.5,fake_repost_share_all,30,0.019242333333333323,0.0006091980659234752,0.01799638339097672,0.020488283275689925,5.7668491389159895,5.148424440731086e-24,0.3039506666666666,0.323193,6.330742269578833,2.3682752427362993e-22
flag_only_credibility_r14_7,flag_only,credibility,14.7,0.5,fake_repost_share_final100,30,0.012748,0.0007731170525939103,0.011166798087196667,0.014329201912803334,3.0104829704846936,2.853489621291341e-16,0.3274033333333333,0.3401513333333333,3.8936683601266537,1.0557911598777961e-14
flag_only_credibility_r14_7,flag_only,credibility,14.7,0.5,target_share_all,30,0.04523950000000001,0.001030502091383044,0.04313188657642367,0.04734711342357635,8.015087935435211,4.458116232791733e-28,0.16403183333333338,0.20927133333333334,27.57970759740741,2.1398957917400315e-26
flag_only_credibility_r14_7,flag_only,credibility,14.7,0.5,target_share_final100,30,0.031493999999999994,0.001331274093732645,0.02877123876169464,0.03421676123830535,4.319164201991887,1.6558831953447936e-20,0.2021,0.233594,15.583374567046013,6.126767822775736e-19
flag_only_credibility_r14_7,flag_only,credibility,14.7,0.5,fake_repost_share_decisions,30,0.01924577636196716,0.0006093126468479256,0.017999592075307446,0.020491960648626874,5.766796353607757,5.149753876797593e-24,0.3040049734103568,0.323250749772324,6.330743917136027,2.3688867833268927e-22
flag_only_credibility_r14_7,flag_only,credibility,14.7,0.5,target_share_decisions,30,0.045247606027267934,0.0010307100343899317,0.04313956731249003,0.04735564474204584,8.01490676890851,4.460997532201301e-28,0.16406115694204595,0.20930876296931392,27.579718972268065,2.1412788154566244e-26
flag_only_credibility_r14_7,flag_only,credibility,14.7,0.5,participation_rate,30,0.0,0.0,0.0,0.0,,,0.9998211666666665,0.9998211666666665,0.0,
flag_only_credibility_r14_7,flag_only,credibility,14.7,0.5,cumulative_fake_reposts,30,3848.4666666666667,121.83961318469525,3599.2766781953455,4097.656655137988,5.7668491389159815,5.1484244407312915e-24,60790.13333333333,64638.6,6.330742269578836,2.3682752427363943e-22
flag_only_credibility_r14_7,flag_only,credibility,14.7,0.5,target_unique_reposters_p400,30,0.0,0.0,0.0,0.0,,,500.0,500.0,0.0,
flag_only_informational_r14_7,flag_only,informational,14.7,0.5,fake_repost_share_all,30,0.02666466666666667,0.0007773067980132092,0.025074895762338796,0.028254437570994544,6.263009431633812,4.993848008085329e-25,0.3039506666666666,0.33061533333333337,8.772695569017783,2.397047043880958e-23
flag_only_informational_r14_7,flag_only,informational,14.7,0.5,fake_repost_share_final100,30,0.01867266666666667,0.0009673808618123292,0.016694150652856215,0.020651182680477127,3.524100019561288,4.288353489658309e-18,0.3274033333333333,0.346076,5.703261013428902,1.886875535449656e-16
flag_only_informational_r14_7,flag_only,informational,14.7,0.5,target_share_all,30,0.06297466666666666,0.0014585607559944858,0.05999157497365526,0.06595775835967807,7.882803954272944,7.172886113236165e-28,0.16403183333333338,0.2270065,38.39173493762896,3.2995276120886364e-26
flag_only_informational_r14_7,flag_only,informational,14.7,0.5,target_share_final100,30,0.045480666666666676,0.0019927015067538727,0.04140513447713116,0.049556198856202195,4.16700427021247,4.450813412120622e-20,0.2021,0.24758066666666664,22.504040903842988,1.5577846942422175e-18
flag_only_informational_r14_7,flag_only,informational,14.7,0.5,fake_repost_share_decisions,30,0.026669454013020823,0.0007774756477824668,0.025079337772139797,0.02825957025390185,6.262773460468678,4.999180379390595e-25,0.3040049734103568,0.33067442742337766,8.772703194240654,2.3996065821074857e-23
flag_only_informational_r14_7,flag_only,informational,14.7,0.5,target_share_decisions,30,0.06298598362905788,0.0014589089995479811,0.06000217969800819,0.06596978756010759,7.8823385719454295,7.184995256210369e-28,0.16406115694204595,0.22704714057110384,38.39177097313014,3.30509781785677e-26
flag_only_informational_r14_7,flag_only,informational,14.7,0.5,participation_rate,30,0.0,0.0,0.0,0.0,,,0.9998211666666665,0.9998211666666665,0.0,
flag_only_informational_r14_7,flag_only,informational,14.7,0.5,cumulative_fake_reposts,30,5332.933333333333,155.4613596026418,5014.9791524677585,5650.887514198908,6.263009431633812,4.993848008085369e-25,60790.13333333333,66123.06666666667,8.77269556901778,2.397047043880977e-23
flag_only_informational_r14_7,flag_only,informational,14.7,0.5,target_unique_reposters_p400,30,0.0,0.0,0.0,0.0,,,500.0,500.0,0.0,
flag_only_combined_r14_7,flag_only,combined,14.7,0.5,fake_repost_share_all,30,0.06455649999999999,0.0013683828266771068,0.061757842881094635,0.06735515711890534,8.61334284388965,5.683786039371627e-29,0.3039506666666666,0.36850716666666655,21.23913749161048,3.0692444612606788e-27
flag_only_combined_r14_7,flag_only,combined,14.7,0.5,fake_repost_share_final100,30,0.052546666666666665,0.001875917880057736,0.04870998381216584,0.05638334952116749,5.1141177271136415,1.5065156588959872e-22,0.3274033333333333,0.37994999999999995,16.049520978202217,8.587139255707127e-21
flag_only_combined_r14_7,flag_only,combined,14.7,0.5,target_share_all,30,0.14982883333333333,0.002541089194055493,0.14463172239034794,0.15502594427631872,10.765020497683544,9.428781810005895e-32,0.16403183333333338,0.3138606666666667,91.34131484640682,4.997254359303124e-30
flag_only_combined_r14_7,flag_only,combined,14.7,0.5,target_share_final100,30,0.12538600000000003,0.0041153843300362645,0.11696909397944143,0.13380290602055864,5.562602427684447,1.4222331517300676e-23,0.2021,0.32748600000000005,62.041563582384974,7.395612388996351e-22
flag_only_combined_r14_7,flag_only,combined,14.7,0.5,fake_repost_share_decisions,30,0.06456806143320161,0.0013686627971216316,0.06176883171044419,0.06736729115595903,8.613123168034058,5.687939121587465e-29,0.3040049734103568,0.3685730348435584,21.239146422136102,3.071487125657231e-27
flag_only_combined_r14_7,flag_only,combined,14.7,0.5,target_share_decisions,30,0.14985570995947198,0.002541713170139743,0.1446573228421031,0.15505409707684087,10.764308325585201,9.446744041247193e-32,0.16406115694204595,0.31391686690151793,91.34137095742169,5.0067743418610126e-30
flag_only_combined_r14_7,flag_only,combined,14.7,0.5,participation_rate,30,0.0,0.0,0.0,0.0,,,0.9998211666666665,0.9998211666666665,0.0,
flag_only_combined_r14_7,flag_only,combined,14.7,0.5,cumulative_fake_reposts,30,12911.3,273.67656533542123,12351.568576218928,13471.03142378107,8.613342843889656,5.683786039371572e-29,60790.13333333333,73701.43333333333,21.239137491610478,3.069244461260649e-27
flag_only_combined_r14_7,flag_only,combined,14.7,0.5,target_unique_reposters_p400,30,0.0,0.0,0.0,0.0,,,500.0,500.0,0.0,
flag_only_credibility_r5_0,flag_only,credibility,5.0,0.5,fake_repost_share_all,30,0.021828166666666666,0.0008605391748525687,0.020068166438041775,0.023588166895291557,4.631119504956103,2.3985123951984302e-21,0.2954546666666667,0.3172828333333334,7.387991840823858,8.634644622714349e-20
flag_only_credibility_r5_0,flag_only,credibility,5.0,0.5,fake_repost_share_final100,30,0.013151333333333346,0.0006151719194025824,0.011893165488763515,0.014409501177903178,3.9031267524541065,2.6767221954303123e-19,0.32870199999999994,0.3418533333333333,4.000989751608858,1.2848266538065498e-17
flag_only_credibility_r5_0,flag_only,credibility,5.0,0.5,target_share_all,30,0.051957666666666666,0.001713106771996578,0.04845396991644099,0.05546136341689234,5.537383217801447,1.616275005368835e-23,0.14203683333333336,0.1939945,36.58041752080739,5.656962518790923e-22
flag_only_credibility_r5_0,flag_only,credibility,5.0,0.5,target_share_final100,30,0.03105733333333333,0.0012366341911031595,0.02852813242921435,0.03358653423745231,4.5852422554183185,3.1626085805747037e-21,0.20247533333333328,0.23353266666666664,15.338823165290918,1.3599216896471227e-19
flag_only_credibility_r5_0,flag_only,credibility,5.0,0.5,fake_repost_share_decisions,30,0.021832448921377545,0.0008606686804630892,0.020072183824039195,0.023592714018715894,4.631331053502747,2.39546967154989e-21,0.2955132950200187,0.31734574394139625,7.387975190726552,8.623690817579604e-20
flag_only_credibility_r5_0,flag_only,credibility,5.0,0.5,target_share_decisions,30,0.05196790621143605,0.001713374650713973,0.04846366158771707,0.05547215083515503,5.537608579741594,1.61442491586477e-23,0.1420650522040122,0.1940329584154482,36.58035907156649,5.650487205526695e-22
flag_only_credibility_r5_0,flag_only,credibility,5.0,0.5,participation_rate,30,0.0,0.0,0.0,0.0,,,0.9998016666666667,0.9998016666666667,0.0,
flag_only_credibility_r5_0,flag_only,credibility,5.0,0.5,cumulative_fake_reposts,30,4365.633333333333,172.1078349705136,4013.633287608355,4717.633379058311,4.631119504956106,2.398512395198397e-21,59090.933333333334,63456.566666666666,7.38799184082386,8.63464462271423e-20
flag_only_credibility_r5_0,flag_only,credibility,5.0,0.5,target_unique_reposters_p400,30,0.0,0.0,0.0,0.0,,,500.0,500.0,0.0,
flag_only_informational_r5_0,flag_only,informational,5.0,0.5,fake_repost_share_all,30,0.028082,0.0009042112394331556,0.02623268037036176,0.02993131962963824,5.670188627420888,8.291812655628735e-24,0.2954546666666667,0.32353666666666664,9.504673023723885,3.731315695032931e-22
flag_only_informational_r5_0,flag_only,informational,5.0,0.5,fake_repost_share_final100,30,0.018588666666666684,0.0008214031635488884,0.016908708568434922,0.020268624764898446,4.131723413095802,5.62364397192176e-20,0.32870199999999994,0.3472906666666667,5.65517297329091,2.81182198596088e-18
flag_only_informational_r5_0,flag_only,informational,5.0,0.5,target_share_all,30,0.06766466666666666,0.0016587824251840916,0.06427207568083139,0.07105725765250194,7.44752370106408,3.6296855378382344e-27,0.14203683333333336,0.20970149999999999,47.63881669191441,1.6333584920272054e-25
flag_only_informational_r5_0,flag_only,informational,5.0,0.5,target_share_final100,30,0.04333733333333334,0.001475058146785566,0.04032050068765817,0.04635416597900851,5.364045049232879,3.9522793886219367e-23,0.20247533333333328,0.2458126666666667,21.403759470289394,1.9761396943109685e-21
flag_only_informational_r5_0,flag_only,informational,5.0,0.5,fake_repost_share_decisions,30,0.02808753793246476,0.0009043478916113269,0.02623793881774106,0.02993713704718846,5.670449854197194,8.281054659530223e-24,0.2955132950200187,0.32360083295248343,9.504661348844575,3.7264745967886004e-22
flag_only_informational_r5_0,flag_only,informational,5.0,0.5,target_share_decisions,30,0.06767803908285094,0.00165902257040321,0.06428495694489511,0.07107112122080678,7.447917288709035,3.624219176960436e-27,0.1420650522040122,0.20974309128686308,47.638766911979204,1.6308986296321963e-25
flag_only_informational_r5_0,flag_only,informational,5.0,0.5,participation_rate,30,0.0,0.0,0.0,0.0,,,0.9998016666666667,0.9998016666666667,0.0,
flag_only_informational_r5_0,flag_only,informational,5.0,0.5,cumulative_fake_reposts,30,5616.4,180.8422478866309,5246.536074072352,5986.2639259276475,5.670188627420895,8.29181265562847e-24,59090.933333333334,64707.333333333336,9.504673023723885,3.731315695032811e-22
flag_only_informational_r5_0,flag_only,informational,5.0,0.5,target_unique_reposters_p400,30,0.0,0.0,0.0,0.0,,,500.0,500.0,0.0,
flag_only_combined_r5_0,flag_only,combined,5.0,0.5,fake_repost_share_all,30,0.06845549999999999,0.0017198524119718867,0.06493800686694166,0.07197299313305831,7.267023083743496,7.30510023935368e-27,0.2954546666666667,0.36391016666666676,23.16954434069975,3.7986521244639137e-25
flag_only_combined_r5_0,flag_only,combined,5.0,0.5,fake_repost_share_final100,30,0.05211333333333334,0.002021306356536085,0.047979297657114485,0.05624736900955219,4.707128819794185,1.5252299344163121e-21,0.32870199999999994,0.38081533333333334,15.854279357391604,7.931195658964823e-20
flag_only_combined_r5_0,flag_only,combined,5.0,0.5,target_share_all,30,0.16179983333333336,0.0029135353912478285,0.1558409843877506,0.16775868227891613,10.139047196001007,5.279046143492661e-31,0.14203683333333336,0.3038366666666667,113.91399648682676,2.745103994616184e-29
flag_only_combined_r5_0,flag_only,combined,5.0,0.5,target_share_final100,30,0.12136466666666665,0.00361108086259067,0.11397917704635809,0.12875015628697523,6.1361282255842,8.91424229393376e-25,0.20247533333333328,0.32383999999999996,59.940470114878195,4.724548415784892e-23
flag_only_combined_r5_0,flag_only,combined,5.0,0.5,fake_repost_share_decisions,30,0.06846904945481885,0.0017201425658661608,0.06495096289041517,0.07198713601922253,7.267235406629857,7.299020907190234e-27,0.2955132950200187,0.3639823444748375,23.169532677093464,3.795490871738922e-25
flag_only_combined_r5_0,flag_only,combined,5.0,0.5,target_share_decisions,30,0.16183189773815407,0.0029140422046408545,0.15587201224279687,0.16779178323351127,10.139292740726416,5.2753733412918495e-31,0.1420650522040122,0.3038969499421664,113.91393958435023,2.743194137471762e-29
flag_only_combined_r5_0,flag_only,combined,5.0,0.5,participation_rate,30,0.0,0.0,0.0,0.0,,,0.9998016666666667,0.9998016666666667,0.0,
flag_only_combined_r5_0,flag_only,combined,5.0,0.5,cumulative_fake_reposts,30,13691.1,343.97048239437737,12987.601373388336,14394.598626611665,7.2670230837434975,7.305100239353641e-27,59090.933333333334,72782.03333333334,23.16954434069976,3.7986521244638935e-25
flag_only_combined_r5_0,flag_only,combined,5.0,0.5,target_unique_reposters_p400,30,0.0,0.0,0.0,0.0,,,500.0,500.0,0.0,
flag_only_credibility_r1_0,flag_only,credibility,1.0,0.5,fake_repost_share_all,30,0.031472999999999994,0.002278066388686766,0.02681383109511162,0.036132168904888365,2.5223836229369843,2.747245078825878e-14,0.27070483333333334,0.30217783333333337,11.626316239889816,6.593388189182107e-13
flag_only_credibility_r1_0,flag_only,credibility,1.0,0.5,fake_repost_share_final100,30,0.020295333333333332,0.003541565818172021,0.013052017942443955,0.02753864872422271,1.04626149839478,3.343220527685694e-06,0.31594999999999995,0.33624533333333334,6.423590230521707,5.3491528442971104e-05
flag_only_credibility_r1_0,flag_only,credibility,1.0,0.5,target_share_all,30,0.0717965,0.004615330003705417,0.062357090268197246,0.08123590973180275,2.8401409049369484,1.3086196475744127e-15,0.09035983333333333,0.16215633333333335,79.45621118527959,3.271549118936032e-14
flag_only_credibility_r1_0,flag_only,credibility,1.0,0.5,target_share_final100,30,0.04754266666666666,0.007292855249202724,0.03262710293521416,0.06245823039811915,1.1902147187198073,3.8754942016446136e-07,0.18585533333333334,0.23339800000000002,25.580469397344878,6.975889562960305e-06
flag_only_credibility_r1_0,flag_only,credibility,1.0,0.5,fake_repost_share_decisions,30,0.03147949855988702,0.002278483800533407,0.02681947595191692,0.036139521167857125,2.522442256873489,2.745630054136804e-14,0.2707613151231377,0.30224081368302474,11.626291054750812,6.58951212992833e-13
flag_only_credibility_r1_0,flag_only,credibility,1.0,0.5,target_share_decisions,30,0.07181130233380191,0.0046161648080759905,0.06237018523535508,0.08125241943224874,2.840212731229042,1.3077596118186433e-15,0.09037889702534055,0.16219019935914247,79.45582951036387,3.2693990295466084e-14
flag_only_credibility_r1_0,flag_only,credibility,1.0,0.5,participation_rate,30,0.0,0.0,0.0,0.0,,,0.9997921666666667,0.9997921666666667,0.0,
flag_only_credibility_r1_0,flag_only,credibility,1.0,0.5,cumulative_fake_reposts,30,6294.6,455.61327773735337,5362.7662190223255,7226.433780977675,2.522383622936984,2.7472450788258862e-14,54140.96666666667,60435.566666666666,11.62631623988982,6.593388189182127e-13
flag_only_credibility_r1_0,flag_only,credibility,1.0,0.5,target_unique_reposters_p400,30,14.566666666666666,11.10821207390853,-8.15217793798745,37.285511271320786,0.23941722477949928,0.20003050199791256,485.43333333333334,500.0,3.000755338872485,1.0
flag_only_informational_r1_0,flag_only,informational,1.0,0.5,fake_repost_share_all,30,0.03916633333333333,0.002524406200046903,0.034003342944213824,0.04432932372245284,2.832650870666085,1.4015818605283252e-15,0.27070483333333334,0.30987116666666664,14.468280027015892,3.784271023426478e-14
flag_only_informational_r1_0,flag_only,informational,1.0,0.5,fake_repost_share_final100,30,0.025756666666666664,0.0035094650453045646,0.01857900472798118,0.03293432860535215,1.3399485066201806,4.3827657708653e-08,0.31594999999999995,0.34170666666666666,8.15213377644142,8.765531541730601e-07
flag_only_informational_r1_0,flag_only,informational,1.0,0.5,target_share_all,30,0.09102583333333336,0.005371078040313146,0.08004074531507689,0.10201092135158983,3.0941586188201913,1.3852118810845563e-16,0.09035983333333333,0.1813856666666667,100.73705315230406,3.740072078928302e-15
flag_only_informational_r1_0,flag_only,informational,1.0,0.5,target_share_final100,30,0.06091266666666666,0.007292831654980987,0.04599715119081585,0.07582818214251746,1.524933119238137,3.3113721285092767e-09,0.18585533333333334,0.246768,32.77423659261862,6.622744257018554e-08
flag_only_informational_r1_0,flag_only,informational,1.0,0.5,fake_repost_share_decisions,30,0.03917443154388212,0.002524882450318459,0.03401046711359016,0.044338395974174084,2.832702149667716,1.4009227943100798e-15,0.2707613151231377,0.3099357466670199,14.468252795295461,3.7824915446372155e-14
flag_only_informational_r1_0,flag_only,informational,1.0,0.5,target_share_decisions,30,0.09104461400656375,0.00537205553071898,0.08005752679595436,0.10203170121717313,3.0942338890325214,1.3843216978095555e-16,0.09037889702534055,0.18142351103190432,100.73658453813232,3.7376685840858e-15
flag_only_informational_r1_0,flag_only,informational,1.0,0.5,participation_rate,30,0.0,0.0,0.0,0.0,,,0.9997921666666667,0.9997921666666667,0.0,
flag_only_informational_r1_0,flag_only,informational,1.0,0.5,cumulative_fake_reposts,30,7833.266666666666,504.8812400093808,6800.6685888427655,8865.864744490567,2.8326508706660842,1.401581860528338e-15,54140.96666666667,61974.23333333333,14.468280027015895,3.784271023426513e-14
flag_only_informational_r1_0,flag_only,informational,1.0,0.5,target_unique_reposters_p400,30,14.566666666666666,11.10821207390853,-8.15217793798745,37.285511271320786,0.23941722477949928,0.20003050199791256,485.43333333333334,500.0,3.000755338872485,1.0
flag_only_combined_r1_0,flag_only,combined,1.0,0.5,fake_repost_share_all,30,0.08338733333333331,0.002989901131773051,0.07727229891158495,0.08950236775508168,5.091932415591765,1.7014983851974253e-22,0.27070483333333334,0.3540921666666667,30.803784441725885,6.976143379309444e-21
flag_only_combined_r1_0,flag_only,combined,1.0,0.5,fake_repost_share_final100,30,0.06119399999999999,0.004105888247243292,0.05279651564945372,0.06959148435054627,2.721078620561969,3.963894980248388e-15,0.31594999999999995,0.37714400000000003,19.36825447064409,1.1891684940745165e-13
flag_only_combined_r1_0,flag_only,combined,1.0,0.5,target_share_all,30,0.1942621666666666,0.006199959972448344,0.18158182475097898,0.20694250858235422,5.720562241584051,6.4621099909242545e-24,0.09035983333333333,0.28462199999999993,214.9873007733893,2.3263595967327315e-22
flag_only_combined_r1_0,flag_only,combined,1.0,0.5,target_share_final100,30,0.14354666666666663,0.008403987632225869,0.12635858204912165,0.1607347512842116,3.118509562711166,1.1258682480127046e-16,0.18585533333333334,0.329402,77.23569945082733,3.490191568839384e-15
flag_only_combined_r1_0,flag_only,combined,1.0,0.5,fake_repost_share_decisions,30,0.08340460281680608,0.002990430491826204,0.07728848573218565,0.0895207199014265,5.0920854023513344,1.7000680571175422e-22,0.2707613151231377,0.35416591793994384,30.80373678155428,6.970279034181923e-21
flag_only_combined_r1_0,flag_only,combined,1.0,0.5,target_share_decisions,30,0.1943023183034815,0.006200972136406601,0.18161990628006375,0.20698473032689924,5.720810671256953,6.454202615535445e-24,0.09037889702534055,0.2846812153288221,214.98637923076532,2.32351294159276e-22
flag_only_combined_r1_0,flag_only,combined,1.0,0.5,participation_rate,30,0.0,0.0,0.0,0.0,,,0.9997921666666667,0.9997921666666667,0.0,
flag_only_combined_r1_0,flag_only,combined,1.0,0.5,cumulative_fake_reposts,30,16677.466666666667,597.9802263546104,15454.459782316995,17900.47355101634,5.0919324155917645,1.7014983851974344e-22,54140.96666666667,70818.43333333333,30.803784441725888,6.976143379309481e-21
flag_only_combined_r1_0,flag_only,combined,1.0,0.5,target_unique_reposters_p400,30,14.566666666666666,11.10821207390853,-8.15217793798745,37.285511271320786,0.23941722477949928,0.20003050199791256,485.43333333333334,500.0,3.000755338872485,1.0
imperfect_fast_credibility_r14_7,imperfect_fast,credibility,14.7,0.5,fake_repost_share_all,30,0.02200350000000001,0.0008325937229353014,0.020300654637999106,0.023706345362000912,4.82500766863674,7.65823829268346e-22,0.285698,0.30770149999999996,7.701663994847709,2.9101305512197145e-20
imperfect_fast_credibility_r14_7,imperfect_fast,credibility,14.7,0.5,fake_repost_share_final100,30,0.01506066666666667,0.0009676769116621444,0.013081545162927824,0.017039788170405516,2.8415361797532,1.292016685692275e-15,0.3189286666666667,0.3339893333333333,4.722268093387655,4.263655062784508e-14
imperfect_fast_credibility_r14_7,imperfect_fast,credibility,14.7,0.5,target_share_all,30,0.04979650000000001,0.0014843847587700993,0.046760592291033395,0.05283240770896662,6.124797085944367,9.392872064184433e-25,0.13668016666666669,0.18647666666666665,36.432864558500924,3.663220105031929e-23
imperfect_fast_credibility_r14_7,imperfect_fast,credibility,14.7,0.5,target_share_final100,30,0.03602466666666667,0.0013692863090561374,0.033224161718818576,0.038825171614514764,4.80335934358362,8.680988602313446e-22,0.18937066666666666,0.22539533333333328,19.023361590672263,3.993254757064185e-20
imperfect_fast_credibility_r14_7,imperfect_fast,credibility,14.7,0.5,fake_repost_share_decisions,30,0.022007407125799607,0.0008327130399680807,0.020304317733066454,0.02371049651853276,4.825172953323122,7.6509275986701555e-22,0.2857491129299676,0.30775652005576715,7.701653698989176,2.907352487494659e-20
imperfect_fast_credibility_r14_7,imperfect_fast,credibility,14.7,0.5,target_share_decisions,30,0.049805366066662755,0.0014845985551644291,0.04676902109497308,0.05284171103835243,6.125005395031331,9.383837487855819e-25,0.13670467277577256,0.1865100388424353,36.43281905100284,3.6596966202637695e-23
imperfect_fast_credibility_r14_7,imperfect_fast,credibility,14.7,0.5,participation_rate,30,0.0,0.0,0.0,0.0,,,0.9998211666666665,0.9998211666666665,0.0,
imperfect_fast_credibility_r14_7,imperfect_fast,credibility,14.7,0.5,cumulative_fake_reposts,30,4400.7,166.51874458706016,4060.1309275998196,4741.2690724001795,4.825007668636742,7.658238292683365e-22,57139.6,61540.3,7.7016639948477055,2.9101305512196784e-20
imperfect_fast_credibility_r14_7,imperfect_fast,credibility,14.7,0.5,target_unique_reposters_p400,30,0.0,0.0,0.0,0.0,,,500.0,500.0,0.0,
imperfect_fast_informational_r14_7,imperfect_fast,informational,14.7,0.5,fake_repost_share_all,30,0.03241966666666667,0.0008809815885629927,0.030617857007564482,0.034221476325768864,6.7186355805293045,6.811291048912404e-26,0.285698,0.31811766666666663,11.347530142551461,3.473758434945326e-24
imperfect_fast_informational_r14_7,imperfect_fast,informational,14.7,0.5,fake_repost_share_final100,30,0.023774666666666673,0.0015035366531724304,0.02069958893556542,0.026849744397767925,2.8869535045972032,8.549398201367833e-16,0.3189286666666667,0.34270333333333336,7.4545405137617,2.906795388465063e-14
imperfect_fast_informational_r14_7,imperfect_fast,informational,14.7,0.5,target_share_all,30,0.07248000000000002,0.0015099272457162701,0.06939185203959732,0.07556814796040272,8.763983183207902,3.4589601995386763e-29,0.13668016666666669,0.20916016666666667,53.02890812005157,1.764069701764725e-27
imperfect_fast_informational_r14_7,imperfect_fast,informational,14.7,0.5,target_share_final100,30,0.056526,0.0020490832601181806,0.05233515417720838,0.06071684582279162,5.0364905269477065,2.3113611463002598e-22,0.18937066666666666,0.24589666666666662,29.84939589376743,1.1094533502241247e-20
imperfect_fast_informational_r14_7,imperfect_fast,informational,14.7,0.5,fake_repost_share_decisions,30,0.032425455675348706,0.000881126917538084,0.030623348785118798,0.034227562565578615,6.71872695343187,6.808659724403461e-26,0.2857491129299676,0.3181745686053164,11.34752627676421,3.472416459445765e-24
imperfect_fast_informational_r14_7,imperfect_fast,informational,14.7,0.5,target_share_decisions,30,0.07249295141584938,0.0015101720947248152,0.06940430268299655,0.07558160014870222,8.764128028693763,3.4573226853285214e-29,0.13670467277577256,0.20919762419162197,53.02887600247189,1.763234569517546e-27
imperfect_fast_informational_r14_7,imperfect_fast,informational,14.7,0.5,participation_rate,30,0.0,0.0,0.0,0.0,,,0.9998211666666665,0.9998211666666665,0.0,
imperfect_fast_informational_r14_7,imperfect_fast,informational,14.7,0.5,cumulative_fake_reposts,30,6483.933333333333,176.19631771259844,6123.571401512896,6844.295265153771,6.718635580529307,6.811291048912306e-26,57139.6,63623.53333333333,11.34753014255146,3.4737584349452764e-24
imperfect_fast_informational_r14_7,imperfect_fast,informational,14.7,0.5,target_unique_reposters_p400,30,0.0,0.0,0.0,0.0,,,500.0,500.0,0.0,
imperfect_fast_combined_r14_7,imperfect_fast,combined,14.7,0.5,fake_repost_share_all,30,0.09095566666666666,0.0016806884661669204,0.08751827279647152,0.09439306053686179,9.880568066623526,1.1086351688327138e-30,0.285698,0.37665366666666666,31.836298002319463,6.43008397922974e-29
imperfect_fast_combined_r14_7,imperfect_fast,combined,14.7,0.5,fake_repost_share_final100,30,0.07916266666666669,0.0028453308772032615,0.07334331161493512,0.08498202171839825,5.079570720929574,1.8212816098505603e-22,0.3189286666666667,0.3980913333333333,24.82143342398405,9.834920693193025e-21
imperfect_fast_combined_r14_7,imperfect_fast,combined,14.7,0.5,target_share_all,30,0.20324216666666667,0.0029556702342319755,0.19719714229124613,0.2092871910420872,12.554436106151542,1.1249399964500283e-33,0.13668016666666669,0.3399223333333334,148.69909191896895,6.299663980120159e-32
imperfect_fast_combined_r14_7,imperfect_fast,combined,14.7,0.5,target_share_final100,30,0.18552133333333334,0.004130044438639139,0.17707444402410324,0.19396822264256344,8.201220808056965,2.3124420073881284e-28,0.18937066666666666,0.374892,97.96730222209706,1.294967524137352e-26
imperfect_fast_combined_r14_7,imperfect_fast,combined,14.7,0.5,fake_repost_share_decisions,30,0.09097189931984677,0.0016809142328202335,0.08753404370500008,0.09440975493469346,9.881004115434797,1.1072306916628143e-30,0.2857491129299676,0.37672101224981436,31.83628406998502,6.421938011644323e-29
imperfect_fast_combined_r14_7,imperfect_fast,combined,14.7,0.5,target_share_decisions,30,0.20327847408281532,0.0029560834519139914,0.19723260458234287,0.20932434358328778,12.554923603199496,1.1236814154308033e-33,0.13670467277577256,0.3399831468585878,148.69899466877717,6.292615926412498e-32
imperfect_fast_combined_r14_7,imperfect_fast,combined,14.7,0.5,participation_rate,30,0.0,0.0,0.0,0.0,,,0.9998211666666665,0.9998211666666665,0.0,
imperfect_fast_combined_r14_7,imperfect_fast,combined,14.7,0.5,cumulative_fake_reposts,30,18191.133333333335,336.1376932333839,17503.654559294308,18878.612107372363,9.880568066623534,1.1086351688326889e-30,57139.6,75330.73333333334,31.83629800231947,6.430083979229595e-29
imperfect_fast_combined_r14_7,imperfect_fast,combined,14.7,0.5,target_unique_reposters_p400,30,0.0,0.0,0.0,0.0,,,500.0,500.0,0.0,
imperfect_fast_credibility_r5_0,imperfect_fast,credibility,5.0,0.5,fake_repost_share_all,30,0.028048166666666666,0.001016203111297127,0.025969797941014304,0.030126535392319027,5.039220148417079,2.276596815581858e-22,0.26759866666666665,0.29564683333333336,10.481429902490795,9.106387262327432e-21
imperfect_fast_credibility_r5_0,imperfect_fast,credibility,5.0,0.5,fake_repost_share_final100,30,0.018678666666666673,0.0013221059248896643,0.01597465643904306,0.021382676894290287,2.579401767249213,1.558203369883402e-14,0.31180266666666673,0.33048133333333335,5.990541025948037,4.518789772661866e-13
imperfect_fast_credibility_r5_0,imperfect_fast,credibility,5.0,0.5,target_share_all,30,0.06046866666666665,0.0017249601183684465,0.056940727101082764,0.06399660623225054,6.400158164607432,2.7029103357422274e-25,0.1042648333333333,0.16473350000000003,57.99526526201707,1.1081932376543132e-23
imperfect_fast_credibility_r5_0,imperfect_fast,credibility,5.0,0.5,target_share_final100,30,0.03994266666666667,0.0020496821695493626,0.03575059593655344,0.044134737396779894,3.5578686076734427,3.3151493806707988e-18,0.1866553333333333,0.226598,21.399156377351485,1.0821544025168268e-16
imperfect_fast_credibility_r5_0,imperfect_fast,credibility,5.0,0.5,fake_repost_share_decisions,30,0.028053747293792796,0.001016416771863009,0.025974941583217736,0.030132553004367856,5.039163277873309,2.277315577981373e-22,0.26765170797927856,0.2957054552730714,10.481437800488349,9.109262311925491e-21
imperfect_fast_credibility_r5_0,imperfect_fast,credibility,5.0,0.5,target_share_decisions,30,0.060480672219822625,0.0017253141508283007,0.05695200857655757,0.06400933586308769,6.400115297257457,2.703423679554445e-25,0.10428554089709594,0.16476621311691855,57.99526156699144,1.1084037086173225e-23
imperfect_fast_credibility_r5_0,imperfect_fast,credibility,5.0,0.5,participation_rate,30,0.0,0.0,0.0,0.0,,,0.9998016666666667,0.9998016666666667,0.0,
imperfect_fast_credibility_r5_0,imperfect_fast,credibility,5.0,0.5,cumulative_fake_reposts,30,5609.633333333333,203.24062225942544,5193.959588202861,6025.307078463806,5.039220148417078,2.276596815581883e-22,53519.73333333333,59129.36666666667,10.481429902490795,9.106387262327532e-21
imperfect_fast_credibility_r5_0,imperfect_fast,credibility,5.0,0.5,target_unique_reposters_p400,30,0.3,0.10880753861644932,0.07746359673413908,0.5225364032658609,0.5033865892655736,0.009981299812862,499.7,500.0,0.06003602161296778,0.319401594011584
imperfect_fast_informational_r5_0,imperfect_fast,informational,5.0,0.5,fake_repost_share_all,30,0.03922683333333333,0.001477548868891208,0.03620490658897738,0.042248760077689275,4.847086488648699,6.742759718160601e-22,0.26759866666666665,0.3068254999999999,14.65882988953607,2.6296762900826344e-20
imperfect_fast_informational_r5_0,imperfect_fast,informational,5.0,0.5,fake_repost_share_final100,30,0.026444000000000002,0.0017648776194099849,0.0228344199780461,0.030053580021953904,2.735595781330293,3.455920318333245e-15,0.31180266666666673,0.3382466666666667,8.481005080136153,1.071335298683306e-13
imperfect_fast_informational_r5_0,imperfect_fast,informational,5.0,0.5,target_share_all,30,0.0858105,0.002222137501953065,0.08126571851211087,0.09035528148788913,7.0503207654023585,1.7301125739950092e-26,0.1042648333333333,0.19007533333333332,82.30051998996149,7.43948406817854e-25
imperfect_fast_informational_r5_0,imperfect_fast,informational,5.0,0.5,target_share_final100,30,0.05966333333333333,0.0025268034567041955,0.05449544000383853,0.06483122666282813,4.310974198898312,1.7449874760299565e-20,0.1866553333333333,0.24631866666666666,31.96444069818525,6.2819549137078435e-19
imperfect_fast_informational_r5_0,imperfect_fast,informational,5.0,0.5,fake_repost_share_decisions,30,0.039234632936726195,0.0014778599821618553,0.03621206989428706,0.04225719597916533,4.847029658710601,6.74496502471741e-22,0.26765170797927856,0.30688634091600486,14.658838993758156,2.63053635963979e-20
imperfect_fast_informational_r5_0,imperfect_fast,informational,5.0,0.5,target_share_decisions,30,0.08582751452156195,0.0022225797836935347,0.08128182846594705,0.09037320057717686,7.050315449184902,1.7301497085580022e-26,0.10428554089709594,0.19011305541865792,82.30049322585621,7.43964374679941e-25
imperfect_fast_informational_r5_0,imperfect_fast,informational,5.0,0.5,participation_rate,30,0.0,0.0,0.0,0.0,,,0.9998016666666667,0.9998016666666667,0.0,
imperfect_fast_informational_r5_0,imperfect_fast,informational,5.0,0.5,cumulative_fake_reposts,30,7845.366666666667,295.5097737782414,7240.981317795478,8449.752015537855,4.847086488648703,6.742759718160468e-22,53519.73333333333,61365.1,14.658829889536074,2.6296762900825824e-20
imperfect_fast_informational_r5_0,imperfect_fast,informational,5.0,0.5,target_unique_reposters_p400,30,0.3,0.10880753861644932,0.07746359673413908,0.5225364032658609,0.5033865892655736,0.009981299812862,499.7,500.0,0.06003602161296778,0.319401594011584
imperfect_fast_combined_r5_0,imperfect_fast,combined,5.0,0.5,fake_repost_share_all,30,0.10056,0.002504955536806853,0.09543679068389818,0.10568320931610181,7.3293357338297564,5.727262489935796e-27,0.26759866666666665,0.3681586666666666,37.57866257430281,3.0354491196659716e-25
imperfect_fast_combined_r5_0,imperfect_fast,combined,5.0,0.5,fake_repost_share_final100,30,0.08117533333333334,0.0036780630438845484,0.07365284977034782,0.08869781689631885,4.029436204978701,1.1193586678323008e-19,0.31180266666666673,0.39297800000000005,26.03420111865624,5.484857472378274e-18
imperfect_fast_combined_r5_0,imperfect_fast,combined,5.0,0.5,target_share_all,30,0.22235499999999997,0.0033181002735431842,0.2155687229649808,0.22914127703501913,12.234796945423108,2.3657898578216948e-33,0.1042648333333333,0.3266198333333333,213.25982394191718,1.3011844218019322e-31
imperfect_fast_combined_r5_0,imperfect_fast,combined,5.0,0.5,target_share_final100,30,0.188438,0.004622080175573039,0.17898478461660408,0.1978912153833959,7.443383308711389,3.68770875057101e-27,0.1866553333333333,0.3750933333333332,100.95505798566342,2.0282398128140552e-25
imperfect_fast_combined_r5_0,imperfect_fast,combined,5.0,0.5,fake_repost_share_decisions,30,0.10057999001510055,0.0025055042306287526,0.09545565849412974,0.10570432153607137,7.32918730043283,5.73056959424578e-27,0.26765170797927856,0.3682316979943791,37.57868416923661,3.0372018849502632e-25
imperfect_fast_combined_r5_0,imperfect_fast,combined,5.0,0.5,target_share_decisions,30,0.22239913331302538,0.0033188141546706216,0.21561139622716344,0.22918687039888733,12.234593081358412,2.3669262305381634e-33,0.10428554089709594,0.32668467421012143,213.25979747516328,1.3018094267959898e-31
imperfect_fast_combined_r5_0,imperfect_fast,combined,5.0,0.5,participation_rate,30,0.0,0.0,0.0,0.0,,,0.9998016666666667,0.9998016666666667,0.0,
imperfect_fast_combined_r5_0,imperfect_fast,combined,5.0,0.5,cumulative_fake_reposts,30,20112.0,500.99110736137067,19087.358136779636,21136.641863220364,7.329335733829756,5.727262489935779e-27,53519.73333333333,73631.73333333334,37.57866257430281,3.035449119665963e-25
imperfect_fast_combined_r5_0,imperfect_fast,combined,5.0,0.5,target_unique_reposters_p400,30,0.3,0.10880753861644932,0.07746359673413908,0.5225364032658609,0.5033865892655736,0.009981299812862,499.7,500.0,0.06003602161296778,0.319401594011584
imperfect_fast_credibility_r1_0,imperfect_fast,credibility,1.0,0.5,fake_repost_share_all,30,0.032583999999999995,0.002164918561819439,0.02815624438456358,0.03701175561543641,2.747908108954358,3.0778228637294072e-15,0.24873,0.281314,13.100148755678845,8.002339445696458e-14
imperfect_fast_credibility_r1_0,imperfect_fast,credibility,1.0,0.5,fake_repost_share_final100,30,0.03960333333333333,0.004773412773049876,0.02984060803575686,0.0493660586309098,1.5147540519668552,3.804151818590613e-09,0.28882133333333326,0.32842466666666675,13.712052664623114,8.369134000899349e-08
imperfect_fast_credibility_r1_0,imperfect_fast,credibility,1.0,0.5,target_share_all,30,0.07244983333333331,0.0045155864455592035,0.06321442208326297,0.08168524458340365,2.929291575787941,5.844955210950131e-16,0.055823833333333336,0.12827366666666667,129.7829779992416,1.519688354847034e-14
imperfect_fast_credibility_r1_0,imperfect_fast,credibility,1.0,0.5,target_share_final100,30,0.08751400000000001,0.00962790079410613,0.06782273190438116,0.10720526809561885,1.659530736850768,5.495047344719744e-10,0.13593999999999998,0.22345399999999996,64.37693099897015,1.2089104158383438e-08
imperfect_fast_credibility_r1_0,imperfect_fast,credibility,1.0,0.5,fake_repost_share_decisions,30,0.03259072885288973,0.0021653103161456216,0.02816217200989297,0.037019285695886486,2.7479783113392906,3.0757937603435327e-15,0.2487817264962204,0.2813724553491102,13.100129704817714,7.997063776893185e-14
imperfect_fast_credibility_r1_0,imperfect_fast,credibility,1.0,0.5,target_share_decisions,30,0.0724648807959764,0.0045164536045885495,0.06322769600655481,0.081702065585398,2.9293374340252982,5.842562188313016e-16,0.055835561240347074,0.12830044203632351,129.78266750834214,1.5190661689613842e-14
imperfect_fast_credibility_r1_0,imperfect_fast,credibility,1.0,0.5,participation_rate,30,0.0,0.0,0.0,0.0,,,0.9997921666666667,0.9997921666666667,0.0,
imperfect_fast_credibility_r1_0,imperfect_fast,credibility,1.0,0.5,cumulative_fake_reposts,30,6516.8,432.9837123638876,5631.248876912718,7402.351123087283,2.7479081089543596,3.0778228637293323e-15,49746.0,56262.8,13.100148755678848,8.002339445696264e-14
imperfect_fast_credibility_r1_0,imperfect_fast,credibility,1.0,0.5,target_unique_reposters_p400,30,68.06666666666666,21.440049179334,24.216842556309835,111.91649077702348,0.5796262940082864,0.0035392765829375403,431.9,499.96666666666664,15.759820946206684,0.12675533420086493
imperfect_fast_informational_r1_0,imperfect_fast,informational,1.0,0.5,fake_repost_share_all,30,0.04525416666666666,0.0019010137507791305,0.041366156993471306,0.04914217633986201,4.346229811028082,1.3934219396998928e-20,0.24873,0.29398416666666666,18.19409265736608,4.737634594979635e-19
imperfect_fast_informational_r1_0,imperfect_fast,informational,1.0,0.5,fake_repost_share_final100,30,0.04834333333333334,0.0045223929260710845,0.03909400126756151,0.057592665399105174,1.9516757761148362,1.4226168049751324e-11,0.28882133333333326,0.3371646666666666,16.738144920042846,3.556542012437831e-10
imperfect_fast_informational_r1_0,imperfect_fast,informational,1.0,0.5,target_share_all,30,0.10082116666666666,0.004160184212622105,0.09231263459827943,0.10932969873505388,4.424645996025547,8.497786697837051e-21,0.055823833333333336,0.156645,180.6059538488638,2.8892474772645974e-19
imperfect_fast_informational_r1_0,imperfect_fast,informational,1.0,0.5,target_share_final100,30,0.10710266666666667,0.00901871926750432,0.0886573146866935,0.12554801864663984,2.168177275224253,1.1666103017258873e-12,0.13593999999999998,0.24304266666666666,78.78671963120986,2.916525754314718e-11
imperfect_fast_informational_r1_0,imperfect_fast,informational,1.0,0.5,fake_repost_share_decisions,30,0.04526359658016044,0.0019014079320074527,0.04137478071583255,0.04915241244448832,4.346234258560354,1.3933825375230815e-20,0.2487817264962204,0.2940453230763808,18.19410019282429,4.737500627578477e-19
imperfect_fast_informational_r1_0,imperfect_fast,informational,1.0,0.5,target_share_decisions,30,0.1008422725831931,0.004161116421437638,0.09233183393370369,0.10935271123268252,4.424580797542854,8.501253365095382e-21,0.055835561240347074,0.1566778338235402,180.6058188420679,2.89042614413243e-19
imperfect_fast_informational_r1_0,imperfect_fast,informational,1.0,0.5,participation_rate,30,0.0,0.0,0.0,0.0,,,0.9997921666666667,0.9997921666666667,0.0,
imperfect_fast_informational_r1_0,imperfect_fast,informational,1.0,0.5,cumulative_fake_reposts,30,9050.833333333334,380.20275015582627,8273.231398694264,9828.435267972403,4.346229811028081,1.3934219396998985e-20,49746.0,58796.833333333336,18.194092657366088,4.737634594979655e-19
imperfect_fast_informational_r1_0,imperfect_fast,informational,1.0,0.5,target_unique_reposters_p400,30,68.06666666666666,21.42632033423224,24.244921197264198,111.88841213606912,0.5799976876719307,0.003520981505579581,431.9,499.96666666666664,15.759820946206684,0.12675533420086493
imperfect_fast_combined_r1_0,imperfect_fast,combined,1.0,0.5,fake_repost_share_all,30,0.10629316666666666,0.0022208691795860573,0.10175097918927832,0.110835354144055,8.738195181588148,3.7636729155057284e-29,0.24873,0.35502316666666667,42.734357201249004,2.0700201035281508e-27
imperfect_fast_combined_r1_0,imperfect_fast,combined,1.0,0.5,fake_repost_share_final100,30,0.10214533333333332,0.00566689372905461,0.0905552342998549,0.11373543236681175,3.290885970662951,2.6937738064585128e-17,0.28882133333333326,0.39096666666666663,35.36627026627766,1.1583227367771606e-15
imperfect_fast_combined_r1_0,imperfect_fast,combined,1.0,0.5,target_share_all,30,0.24006283333333334,0.003792253831131535,0.2323068033874118,0.24781886327925487,11.557579818440614,1.2201897507336372e-32,0.055823833333333336,0.29588666666666674,430.0364539638087,6.589024653961641e-31
imperfect_fast_combined_r1_0,imperfect_fast,combined,1.0,0.5,target_share_final100,30,0.234434,0.0097744409911593,0.21444302354960404,0.25442497645039597,4.378930388015865,1.1326451873772517e-20,0.13593999999999998,0.370374,172.45402383404448,4.3040517120335566e-19
imperfect_fast_combined_r1_0,imperfect_fast,combined,1.0,0.5,fake_repost_share_decisions,30,0.10631517605022162,0.0022211861871104855,0.10177234021964754,0.11085801188079569,8.738757165841443,3.7567448471087134e-29,0.2487817264962204,0.35509690254644194,42.734318773142206,2.0662096659097925e-27
imperfect_fast_combined_r1_0,imperfect_fast,combined,1.0,0.5,target_share_decisions,30,0.24011275093918769,0.003793032670338408,0.2323551280882338,0.24787037379014157,11.557609391069766,1.2200998420524353e-32,0.055835561240347074,0.29594831217953477,430.0355286223593,6.588539147083151e-31
imperfect_fast_combined_r1_0,imperfect_fast,combined,1.0,0.5,participation_rate,30,0.0,0.0,0.0,0.0,,,0.9997921666666667,0.9997921666666667,0.0,
imperfect_fast_combined_r1_0,imperfect_fast,combined,1.0,0.5,cumulative_fake_reposts,30,21258.633333333335,444.1738359172115,20350.195837855666,22167.070828811004,8.73819518158815,3.7636729155057284e-29,49746.0,71004.63333333333,42.73435720124901,2.0700201035281508e-27
imperfect_fast_combined_r1_0,imperfect_fast,combined,1.0,0.5,target_unique_reposters_p400,30,68.1,21.44837962424544,24.233138216778137,111.96686178322184,0.5796849120160367,0.0035363829920510214,431.9,500.0,15.767538782125493,0.12675533420086493
imperfect_delayed_credibility_r14_7,imperfect_delayed,credibility,14.7,0.5,fake_repost_share_all,30,0.023601000000000004,0.0007352186866785808,0.022097308948555095,0.025104691051444913,5.860750601102309,3.263803199283196e-24,0.22821600000000003,0.251817,10.34151856136292,1.5339875036631021e-22
imperfect_delayed_credibility_r14_7,imperfect_delayed,credibility,14.7,0.5,fake_repost_share_final100,30,0.02687733333333333,0.0011837865345521426,0.02445621802290974,0.02929844864375692,4.145263615967059,5.1397503811652396e-20,0.26994399999999996,0.29682133333333327,9.956632980667596,2.621272694394272e-18
imperfect_delayed_credibility_r14_7,imperfect_delayed,credibility,14.7,0.5,target_share_all,30,0.048281,0.0012015226546574856,0.045823610251000534,0.05073838974899946,7.336411204676897,5.571887561044085e-27,0.06985783333333334,0.11813883333333333,69.11322280727286,2.4516305268593973e-25
imperfect_delayed_credibility_r14_7,imperfect_delayed,credibility,14.7,0.5,target_share_final100,30,0.05460666666666668,0.0021937674167803673,0.050119908517922585,0.05909342481541077,4.544587375841705,4.0494840286981465e-21,0.11972933333333334,0.174336,45.60842789848214,1.7007832920532216e-19
imperfect_delayed_credibility_r14_7,imperfect_delayed,credibility,14.7,0.5,fake_repost_share_decisions,30,0.023605209891160606,0.0007353380807650355,0.022101274651390983,0.025109145130930228,5.860844270244361,3.262330873475875e-24,0.22825685884658112,0.25186206873774175,10.341511755853276,1.5332955105336612e-22
imperfect_delayed_credibility_r14_7,imperfect_delayed,credibility,14.7,0.5,target_share_decisions,30,0.04828961530266129,0.001201715637329352,0.04583183085978091,0.050747399745541676,7.336541960762647,5.569057570112439e-27,0.06987034993156935,0.11815996523423063,69.11317225397595,2.450385330849473e-25
imperfect_delayed_credibility_r14_7,imperfect_delayed,credibility,14.7,0.5,participation_rate,30,0.0,0.0,0.0,0.0,,,0.9998211666666665,0.9998211666666665,0.0,
imperfect_delayed_credibility_r14_7,imperfect_delayed,credibility,14.7,0.5,cumulative_fake_reposts,30,4720.2,147.04373733571643,4419.461789711017,5020.938210288982,5.860750601102296,3.2638031992833952e-24,45643.2,50363.4,10.34151856136292,1.5339875036631957e-22
imperfect_delayed_credibility_r14_7,imperfect_delayed,credibility,14.7,0.5,target_unique_reposters_p400,30,32.333333333333336,4.1226409718013866,23.901585813934368,40.765080852732304,1.4319054336879051,1.1943067117043522e-08,467.46666666666664,499.8,6.916714204221336,5.493810873840021e-07
imperfect_delayed_informational_r14_7,imperfect_delayed,informational,14.7,0.5,fake_repost_share_all,30,0.03597583333333333,0.001018137472463935,0.033893508394884024,0.03805815827178264,6.451249127168968,2.157290523658874e-25,0.22821600000000003,0.26419183333333335,15.763940010048957,1.0786452618294371e-23
imperfect_delayed_informational_r14_7,imperfect_delayed,informational,14.7,0.5,fake_repost_share_final100,30,0.042730666666666674,0.0015821756396776146,0.039494754149337744,0.045966579183995604,4.930879025823865,4.179223143367268e-22,0.26994399999999996,0.3126746666666666,15.829455985932888,2.214988265984652e-20
imperfect_delayed_informational_r14_7,imperfect_delayed,informational,14.7,0.5,target_share_all,30,0.07335433333333333,0.0016325276349658535,0.07001543942270036,0.0766932272439663,8.203602437692712,2.293316853398244e-28,0.06985783333333334,0.1432121666666667,105.00516525228616,1.1237252581651397e-26
imperfect_delayed_informational_r14_7,imperfect_delayed,informational,14.7,0.5,target_share_final100,30,0.08777933333333333,0.002972788850203243,0.08169929745709606,0.09385936920957061,5.390978345260408,3.4335427395006035e-23,0.11972933333333334,0.20750866666666667,73.31481007160595,1.7511067971453076e-21
imperfect_delayed_informational_r14_7,imperfect_delayed,informational,14.7,0.5,fake_repost_share_decisions,30,0.03598223396403618,0.0010182748421052967,0.03389962807312443,0.03806483985494793,6.451526443418757,2.1546619664836118e-25,0.22825685884658112,0.26423909281061736,15.763922339885092,1.0773309832418059e-23
imperfect_delayed_informational_r14_7,imperfect_delayed,informational,14.7,0.5,target_share_decisions,30,0.07336742106862557,0.001632765680602982,0.07002804029999937,0.07670680183725176,8.203869867888953,2.2911795515718114e-28,0.06987034993156935,0.14323777100019489,105.00508604934889,1.1226779802701876e-26
imperfect_delayed_informational_r14_7,imperfect_delayed,informational,14.7,0.5,participation_rate,30,0.0,0.0,0.0,0.0,,,0.9998211666666665,0.9998211666666665,0.0,
imperfect_delayed_informational_r14_7,imperfect_delayed,informational,14.7,0.5,cumulative_fake_reposts,30,7195.166666666667,203.62749449278692,6778.701678976806,7611.631654356528,6.45124912716897,2.1572905236588553e-25,45643.2,52838.36666666667,15.76394001004896,1.0786452618294277e-23
imperfect_delayed_informational_r14_7,imperfect_delayed,informational,14.7,0.5,target_unique_reposters_p400,30,32.53333333333333,4.13916903575022,24.067782127619143,40.99888453904752,1.435009489714456,1.1436535676999928e-08,467.46666666666664,500.0,6.959498003422704,5.489537124959965e-07
imperfect_delayed_combined_r14_7,imperfect_delayed,combined,14.7,0.5,fake_repost_share_all,30,0.15128366666666662,0.001989620955833728,0.14721443491118708,0.15535289842214617,13.882288579049728,6.189391932620243e-35,0.22821600000000003,0.3794996666666666,66.28968462626047,3.713635159572146e-33
imperfect_delayed_combined_r14_7,imperfect_delayed,combined,14.7,0.5,fake_repost_share_final100,30,0.1986613333333333,0.0037558694520704737,0.19097971779797807,0.20634294886868854,9.656999971137258,2.1391511707545102e-30,0.26994399999999996,0.4686053333333334,73.59353544932776,1.2834907024527062e-28
imperfect_delayed_combined_r14_7,imperfect_delayed,combined,14.7,0.5,target_share_all,30,0.31222083333333334,0.0024217961307761095,0.30726770409946774,0.31717396256719893,23.53768086511396,1.451243675127694e-41,0.06985783333333334,0.3820786666666667,446.93747062486426,8.707462050766164e-40
imperfect_delayed_combined_r14_7,imperfect_delayed,combined,14.7,0.5,target_share_final100,30,0.42954933333333334,0.003736776253173788,0.42190676777432473,0.43719189889234195,20.98723993514867,4.012788545259317e-40,0.11972933333333334,0.5492786666666666,358.76699667026736,2.40767312715559e-38
imperfect_delayed_combined_r14_7,imperfect_delayed,combined,14.7,0.5,fake_repost_share_decisions,30,0.15131068230855121,0.0019898682331297036,0.14724094481421612,0.1553804198028863,13.883042188768776,6.179702979205428e-35,0.22825685884658112,0.37956754115513236,66.2896541524091,3.707821787523257e-33
imperfect_delayed_combined_r14_7,imperfect_delayed,combined,14.7,0.5,target_share_decisions,30,0.3122766734041545,0.002422212035401177,0.3073226935498214,0.3172306532584876,23.537848284450515,1.450944860834286e-41,0.06987034993156935,0.38214702333572365,446.9373256467108,8.705669165005717e-40
imperfect_delayed_combined_r14_7,imperfect_delayed,combined,14.7,0.5,participation_rate,30,0.0,0.0,0.0,0.0,,,0.9998211666666665,0.9998211666666665,0.0,
imperfect_delayed_combined_r14_7,imperfect_delayed,combined,14.7,0.5,cumulative_fake_reposts,30,30256.733333333334,397.92419116674574,29442.886982237425,31070.57968442924,13.882288579049725,6.189391932620243e-35,45643.2,75899.93333333333,66.28968462626051,3.713635159572146e-33
imperfect_delayed_combined_r14_7,imperfect_delayed,combined,14.7,0.5,target_unique_reposters_p400,30,32.53333333333333,4.13916903575022,24.067782127619143,40.99888453904752,1.435009489714456,1.1436535676999928e-08,467.46666666666664,500.0,6.959498003422704,5.489537124959965e-07
imperfect_delayed_credibility_r5_0,imperfect_delayed,credibility,5.0,0.5,fake_repost_share_all,30,0.023781833333333342,0.0012144576501877768,0.021297988548054474,0.02626567811861221,3.5752163591929063,2.906903060567634e-18,0.21578966666666666,0.2395715,11.0208397374604,8.720709181702903e-17
imperfect_delayed_credibility_r5_0,imperfect_delayed,credibility,5.0,0.5,fake_repost_share_final100,30,0.03767,0.0021137310804498688,0.03334693453876675,0.041993065461233256,3.2537580792646392,3.645926404322837e-17,0.257626,0.29529599999999995,14.621971384875751,1.5312890898155916e-15
imperfect_delayed_credibility_r5_0,imperfect_delayed,credibility,5.0,0.5,target_share_all,30,0.0498805,0.0021721350579027346,0.045437984992861696,0.054323015007138306,4.192599186414528,3.7603678584967735e-20,0.039992,0.08987250000000002,124.72619523904783,1.2409213933039352e-18
imperfect_delayed_credibility_r5_0,imperfect_delayed,credibility,5.0,0.5,target_share_final100,30,0.08156933333333333,0.003993956438251591,0.07340077523643442,0.08973789143023224,3.7287473843758168,9.301085733676207e-19,0.08656666666666668,0.168136,94.2271852137081,3.16236914944991e-17
imperfect_delayed_credibility_r5_0,imperfect_delayed,credibility,5.0,0.5,fake_repost_share_decisions,30,0.023786580368476414,0.0012147197783605353,0.02130219947088858,0.02627096126606425,3.575158338523176,2.9081783226388178e-18,0.2158324428995168,0.23961902326799328,11.02085490435306,8.724534967916454e-17
imperfect_delayed_credibility_r5_0,imperfect_delayed,credibility,5.0,0.5,target_share_decisions,30,0.049890437990893335,0.002172615580716804,0.04544694020425197,0.0543339357775347,4.192507030689921,3.762644636075922e-20,0.03999994195503405,0.08989037994592737,124.72627597054438,1.2416727299050541e-18
imperfect_delayed_credibility_r5_0,imperfect_delayed,credibility,5.0,0.5,participation_rate,30,0.0,0.0,0.0,0.0,,,0.9998016666666667,0.9998016666666667,0.0,
imperfect_delayed_credibility_r5_0,imperfect_delayed,credibility,5.0,0.5,cumulative_fake_reposts,30,4756.366666666667,242.89153003755538,4259.597709610893,5253.135623722441,3.575216359192905,2.9069030605676583e-18,43157.933333333334,47914.3,11.020839737460397,8.720709181702975e-17
imperfect_delayed_credibility_r5_0,imperfect_delayed,credibility,5.0,0.5,target_unique_reposters_p400,30,132.43333333333334,13.960262433173135,103.88139079305603,160.98527587361065,1.7319809084176383,2.1526254897789903e-10,366.3333333333333,498.76666666666665,36.15104640582348,1.1408915095828648e-08
imperfect_delayed_informational_r5_0,imperfect_delayed,informational,5.0,0.5,fake_repost_share_all,30,0.034898666666666675,0.0013296946528176309,0.0321791357477387,0.03761819758559465,4.791773539807958,9.28533809681773e-22,0.21578966666666666,0.25068833333333335,16.172538382282752,3.43557509582256e-20
imperfect_delayed_informational_r5_0,imperfect_delayed,informational,5.0,0.5,fake_repost_share_final100,30,0.05345533333333332,0.0025150732140497723,0.04831143104382476,0.05859923562284188,3.8804293677638007,3.139000466148777e-19,0.257626,0.3110813333333333,20.749199744332216,1.4753302190899254e-17
imperfect_delayed_informational_r5_0,imperfect_delayed,informational,5.0,0.5,target_share_all,30,0.07240316666666667,0.0022745250165180165,0.06775124068111164,0.0770550926522217,5.811740521668508,4.136784305056418e-24,0.039992,0.11239516666666666,181.04412549176502,1.5306101928708747e-22
imperfect_delayed_informational_r5_0,imperfect_delayed,informational,5.0,0.5,target_share_final100,30,0.11119733333333334,0.004334412710840157,0.10233246397588629,0.1200622026907804,4.683855450494797,1.750745499594513e-21,0.08656666666666668,0.19776399999999997,128.45283018867923,7.703280198215858e-20
imperfect_delayed_informational_r5_0,imperfect_delayed,informational,5.0,0.5,fake_repost_share_decisions,30,0.03490563934251865,0.0013300063305000166,0.03218547097115587,0.03762580771388142,4.791607782510731,9.29429312241789e-22,0.2158324428995168,0.2507380822420355,16.172563713588396,3.438888455294619e-20
imperfect_delayed_informational_r5_0,imperfect_delayed,informational,5.0,0.5,target_share_decisions,30,0.07241761815108888,0.002275080162865017,0.06776455676376925,0.07707067953840852,5.811482113842962,4.141978128983577e-24,0.03999994195503405,0.1124175601061229,181.04430809548967,1.5325319077239234e-22
imperfect_delayed_informational_r5_0,imperfect_delayed,informational,5.0,0.5,participation_rate,30,0.0,0.0,0.0,0.0,,,0.9998016666666667,0.9998016666666667,0.0,
imperfect_delayed_informational_r5_0,imperfect_delayed,informational,5.0,0.5,cumulative_fake_reposts,30,6979.733333333334,265.9389305635262,6435.827149547739,7523.639517118928,4.7917735398079575,9.285338096817844e-22,43157.933333333334,50137.666666666664,16.17253838228275,3.4355750958226023e-20
imperfect_delayed_informational_r5_0,imperfect_delayed,informational,5.0,0.5,target_unique_reposters_p400,30,133.56666666666666,14.025320561692611,104.88166531347964,162.2516680198537,1.7387000399815424,1.9755031752925448e-10,366.3333333333333,499.9,36.46041856232939,1.0865267464108996e-08
imperfect_delayed_combined_r5_0,imperfect_delayed,combined,5.0,0.5,fake_repost_share_all,30,0.14050250000000003,0.0026978517395551383,0.1349847736521826,0.14602022634781747,9.508354061561507,3.3391915653289995e-30,0.21578966666666666,0.3562921666666667,65.11085640492519,1.9033391922375297e-28
imperfect_delayed_combined_r5_0,imperfect_delayed,combined,5.0,0.5,fake_repost_share_final100,30,0.20783400000000002,0.004819109103529835,0.19797781521278923,0.2176901847872108,7.873887584543246,7.408603376983935e-28,0.257626,0.46546,80.67275818434474,4.3710759924205215e-26
imperfect_delayed_combined_r5_0,imperfect_delayed,combined,5.0,0.5,target_share_all,30,0.28994466666666663,0.003121183820995562,0.2835611289974215,0.2963282043359118,16.960363275559363,1.9030321303483897e-37,0.039992,0.3299366666666666,725.0066680002666,1.1227889569055499e-35
imperfect_delayed_combined_r5_0,imperfect_delayed,combined,5.0,0.5,target_share_final100,30,0.45032,0.0052762450075134245,0.43952886731147883,0.46111113268852116,15.582446843951447,2.202233093388444e-36,0.08656666666666668,0.5368866666666666,520.2002310358105,1.299317525099182e-34
imperfect_delayed_combined_r5_0,imperfect_delayed,combined,5.0,0.5,fake_repost_share_decisions,30,0.14053049001715562,0.0026986125571223673,0.13501120762269742,0.14604977241161382,9.507567039279936,3.347134580884445e-30,0.2158324428995168,0.3563629329166724,65.11092036454461,1.9078667111041336e-28
imperfect_delayed_combined_r5_0,imperfect_delayed,combined,5.0,0.5,target_share_decisions,30,0.2900023304234189,0.003122284091016189,0.2836165424493132,0.29638811839752455,16.957758430653286,1.9115000843683996e-37,0.03999994195503405,0.33000227237845287,725.006878133536,1.1277850497773558e-35
imperfect_delayed_combined_r5_0,imperfect_delayed,combined,5.0,0.5,participation_rate,30,0.0,0.0,0.0,0.0,,,0.9998016666666667,0.9998016666666667,0.0,
imperfect_delayed_combined_r5_0,imperfect_delayed,combined,5.0,0.5,cumulative_fake_reposts,30,28100.5,539.5703479110277,26996.95473043651,29204.04526956349,9.508354061561501,3.339191565329054e-30,43157.933333333334,71258.43333333333,65.11085640492517,1.9033391922375609e-28
imperfect_delayed_combined_r5_0,imperfect_delayed,combined,5.0,0.5,target_unique_reposters_p400,30,133.66666666666666,14.037170141943488,104.95743020070371,162.3759031326296,1.7385329516689596,1.9797216253875058e-10,366.3333333333333,500.0,36.4877161055505,1.0865267464108996e-08
imperfect_delayed_credibility_r1_0,imperfect_delayed,credibility,1.0,0.5,fake_repost_share_all,30,0.013822333333333332,0.0013777279049495327,0.01100456338333716,0.016640103283329502,1.8317123763030132,6.128349250953046e-11,0.20401816666666667,0.21784050000000002,6.775050261047014,1.1031028651715483e-09
imperfect_delayed_credibility_r1_0,imperfect_delayed,credibility,1.0,0.5,fake_repost_share_final100,30,0.03565599999999999,0.0028003660516062005,0.029928608342432873,0.04138339165756711,2.3246479389367267,2.118864726881742e-13,0.23138799999999995,0.26704399999999995,15.409615018929246,5.720934762580704e-12
imperfect_delayed_credibility_r1_0,imperfect_delayed,credibility,1.0,0.5,target_share_all,30,0.029488,0.0029058679792178578,0.023544832672779382,0.03543116732722062,1.8527158254977572,4.726867259580872e-11,0.013853166666666665,0.04334116666666665,212.86107869440204,8.50836106724557e-10
imperfect_delayed_credibility_r1_0,imperfect_delayed,credibility,1.0,0.5,target_share_final100,30,0.07612533333333332,0.005751895634221224,0.0643613858837704,0.08788928078289625,2.416337437012158,8.093796086223303e-14,0.033612666666666666,0.10973799999999997,226.4781134096273,2.185324943280292e-12
imperfect_delayed_credibility_r1_0,imperfect_delayed,credibility,1.0,0.5,fake_repost_share_decisions,30,0.013825331943097994,0.0013780767173168734,0.011006848591708595,0.016643815294487392,1.8316460119325129,6.133395878940424e-11,0.20406059058178141,0.21788592252487943,6.775111207745531,1.1040112582092762e-09
imperfect_delayed_credibility_r1_0,imperfect_delayed,credibility,1.0,0.5,target_share_decisions,30,0.029494417732538747,0.0029066218958313673,0.023549708472712483,0.03543912699236501,1.8526383881991153,4.731379915930913e-11,0.013856112009303938,0.0433505297418427,212.86214857915544,8.516483848675643e-10
imperfect_delayed_credibility_r1_0,imperfect_delayed,credibility,1.0,0.5,participation_rate,30,0.0,0.0,0.0,0.0,,,0.9997921666666667,0.9997921666666667,0.0,
imperfect_delayed_credibility_r1_0,imperfect_delayed,credibility,1.0,0.5,cumulative_fake_reposts,30,2764.4666666666667,275.5455809899065,2200.9126766674326,3328.020656665901,1.8317123763030134,6.128349250953046e-11,40803.63333333333,43568.1,6.775050261047015,1.1031028651715483e-09
imperfect_delayed_credibility_r1_0,imperfect_delayed,credibility,1.0,0.5,target_unique_reposters_p400,30,259.3,19.251341198239526,219.92658633055004,298.67341366945,2.4591266602951842,5.2122033429747764e-14,160.73333333333332,420.03333333333336,161.3231024471174,2.9709559054956225e-12
imperfect_delayed_informational_r1_0,imperfect_delayed,informational,1.0,0.5,fake_repost_share_all,30,0.024763666666666666,0.0016598259660421909,0.02136894140013563,0.028158391933197705,2.7239038142884686,3.859331593349563e-15,0.20401816666666667,0.22878183333333332,12.137971373464291,9.648328983373907e-14
imperfect_delayed_informational_r1_0,imperfect_delayed,informational,1.0,0.5,fake_repost_share_final100,30,0.05849533333333333,0.0027972651148229347,0.052774283803593725,0.06421638286307293,3.817921226661967,4.888744570183594e-19,0.23138799999999995,0.2898833333333333,25.280193153202994,2.2488225022844532e-17
imperfect_delayed_informational_r1_0,imperfect_delayed,informational,1.0,0.5,target_share_all,30,0.05312866666666667,0.0031070228842197366,0.04677409136507582,0.05948324196825752,3.1219348626087267,1.0936298202431074e-16,0.013853166666666665,0.06698183333333334,383.51279490850476,3.0621634966807007e-15
imperfect_delayed_informational_r1_0,imperfect_delayed,informational,1.0,0.5,target_share_final100,30,0.12509,0.004803990750036555,0.11526473571749393,0.13491526428250608,4.754006844399793,1.1575224214069088e-21,0.033612666666666666,0.15870266666666666,372.1513715067733,5.2088508963310896e-20
imperfect_delayed_informational_r1_0,imperfect_delayed,informational,1.0,0.5,fake_repost_share_decisions,30,0.024768900975673105,0.0016602045879017366,0.021373401340491763,0.028164400610854446,2.723858229652285,3.86099597609261e-15,0.20406059058178141,0.22882949155745455,12.138012981858184,9.652489940231526e-14
imperfect_delayed_informational_r1_0,imperfect_delayed,informational,1.0,0.5,target_share_decisions,30,0.05313990501438257,0.003107760418129443,0.046783821286577515,0.05949598874218763,3.1218541933784842,1.094378016643107e-16,0.013856112009303938,0.0669960170236865,383.5123805198804,3.0642584466006995e-15
imperfect_delayed_informational_r1_0,imperfect_delayed,informational,1.0,0.5,participation_rate,30,0.0,0.0,0.0,0.0,,,0.9997921666666667,0.9997921666666667,0.0,
imperfect_delayed_informational_r1_0,imperfect_delayed,informational,1.0,0.5,cumulative_fake_reposts,30,4952.733333333334,331.9651932084382,4273.788280027125,5631.678386639542,2.7239038142884686,3.859331593349563e-15,40803.63333333333,45756.36666666667,12.137971373464293,9.648328983373907e-14
imperfect_delayed_informational_r1_0,imperfect_delayed,informational,1.0,0.5,target_unique_reposters_p400,30,321.5,18.296645631899587,284.07915800204114,358.92084199795886,3.2081072086586735,5.3108448625195146e-17,160.73333333333332,482.23333333333335,200.0207382828702,3.1865069175117086e-15
imperfect_delayed_combined_r1_0,imperfect_delayed,combined,1.0,0.5,fake_repost_share_all,30,0.11315499999999999,0.0039727653156049324,0.1050297826152881,0.12128021738471188,5.200201964363938,9.437893851320637e-23,0.20401816666666667,0.31717316666666673,55.46319813023186,4.058294356067874e-21
imperfect_delayed_combined_r1_0,imperfect_delayed,combined,1.0,0.5,fake_repost_share_final100,30,0.2176326666666667,0.005620100828099764,0.20613826986126252,0.22912706347207087,7.069998945412752,1.5981478627928398e-26,0.23138799999999995,0.4490206666666667,94.05529529045012,9.269257604198471e-25
imperfect_delayed_combined_r1_0,imperfect_delayed,combined,1.0,0.5,target_share_all,30,0.23997916666666672,0.007416762569766104,0.22481018401032077,0.25514814932301266,5.907429361450283,2.6087764554220345e-24,0.013853166666666665,0.2538323333333333,1732.3054897195593,9.913350530603731e-23
imperfect_delayed_combined_r1_0,imperfect_delayed,combined,1.0,0.5,target_share_final100,30,0.4695773333333334,0.007306837593436591,0.4546331724969873,0.4845214941696795,11.733215392242965,7.902680816571041e-33,0.033612666666666666,0.5031899999999999,1397.0249310775703,4.583554873611204e-31
imperfect_delayed_combined_r1_0,imperfect_delayed,combined,1.0,0.5,fake_repost_share_decisions,30,0.11317872153947897,0.003973779480382865,0.10505142995490124,0.1213060131240567,5.199964678697252,9.4499735833863e-23,0.20406059058178141,0.3172393121212604,55.4632921608253,4.063488640856109e-21
imperfect_delayed_combined_r1_0,imperfect_delayed,combined,1.0,0.5,target_share_decisions,30,0.2400294929695793,0.007418790551750384,0.22485636262436537,0.2552026233147932,5.907053036425523,2.613474576574189e-24,0.013856112009303938,0.25388560497888324,1732.3004664541334,9.931203390981919e-23
imperfect_delayed_combined_r1_0,imperfect_delayed,combined,1.0,0.5,participation_rate,30,0.0,0.0,0.0,0.0,,,0.9997921666666667,0.9997921666666667,0.0,
imperfect_delayed_combined_r1_0,imperfect_delayed,combined,1.0,0.5,cumulative_fake_reposts,30,22631.0,794.5530631209866,21005.956523057623,24256.043476942377,5.200201964363937,9.437893851320693e-23,40803.63333333333,63434.63333333333,55.46319813023187,4.058294356067898e-21
imperfect_delayed_combined_r1_0,imperfect_delayed,combined,1.0,0.5,target_unique_reposters_p400,30,339.26666666666665,20.29676002304186,297.7551314282874,380.7782019050459,3.0517843920567125,1.9933241376343476e-16,160.73333333333332,500.0,211.07424305267526,1.176061241204265e-14
scale0_25_credibility_r14_7,scale0_25,credibility,14.7,0.25,fake_repost_share_all,30,0.024002500000000003,0.0009924177996592266,0.02197277769875684,0.026032222301243167,4.415717752151036,8.986375782644461e-21,0.2816605,0.305663,8.521784204742945,3.145231523925561e-19
scale0_25_credibility_r14_7,scale0_25,credibility,14.7,0.25,fake_repost_share_final100,30,0.017920666666666665,0.0011882433603958842,0.01549043612391763,0.0203508972094157,2.7535193844449566,2.919906161075016e-15,0.316386,0.3343066666666667,5.664178145261378,9.343699715440051e-14
scale0_25_credibility_r14_7,scale0_25,credibility,14.7,0.25,target_share_all,30,0.053839333333333336,0.0015973341248822711,0.050572418232734014,0.05710624843393266,6.153798567322269,8.217555976440257e-25,0.1289625,0.1828018333333333,41.74805337468903,3.287022390576103e-23
scale0_25_credibility_r14_7,scale0_25,credibility,14.7,0.25,target_share_final100,30,0.041920666666666655,0.0015751876321976224,0.03869904622937525,0.04514228710395806,4.858869781532913,6.301215416538371e-22,0.18282733333333334,0.224748,22.929102504731233,2.9615712457730345e-20
scale0_25_credibility_r14_7,scale0_25,credibility,14.7,0.25,fake_repost_share_decisions,30,0.024006779187465535,0.0009925761879867974,0.021976732945719855,0.026036825429211215,4.415800235509753,8.981731596296296e-21,0.281710867120426,0.30571764630789156,8.521779593686423,3.1436060587037034e-19
scale0_25_credibility_r14_7,scale0_25,credibility,14.7,0.25,target_share_decisions,30,0.053848951704521024,0.0015976008723653761,0.050581491044062295,0.05711641236497975,6.153870272346512,8.214846514614657e-25,0.12898558555328396,0.18283453725780496,41.74803833586197,3.2859386058458626e-23
scale0_25_credibility_r14_7,scale0_25,credibility,14.7,0.25,participation_rate,30,0.0,0.0,0.0,0.0,,,0.9998211666666665,0.9998211666666665,0.0,
scale0_25_credibility_r14_7,scale0_25,credibility,14.7,0.25,cumulative_fake_reposts,30,4800.5,198.48355993184518,4394.555539751367,5206.444460248633,4.415717752151038,8.986375782644425e-21,56332.1,61132.6,8.521784204742943,3.1452315239255487e-19
scale0_25_credibility_r14_7,scale0_25,credibility,14.7,0.25,target_unique_reposters_p400,30,0.0,0.0,0.0,0.0,,,500.0,500.0,0.0,
scale0_25_informational_r14_7,scale0_25,informational,14.7,0.25,fake_repost_share_all,30,0.035849166666666675,0.001169416867240667,0.0334574406257761,0.03824089270755725,5.5969197985622,1.1961001543088685e-23,0.2816605,0.31750966666666663,12.727793448732314,5.262840678959022e-22
scale0_25_informational_r14_7,scale0_25,informational,14.7,0.25,fake_repost_share_final100,30,0.027900666666666664,0.001733244511428917,0.02435578361482843,0.0314455497185049,2.9389630068537764,5.361961687607657e-16,0.316386,0.3442866666666667,8.818552864749599,1.87668659066268e-14
scale0_25_informational_r14_7,scale0_25,informational,14.7,0.25,target_share_all,30,0.07944633333333334,0.0017227470533893502,0.07592291999384468,0.082969746672822,8.419604954410902,1.0902109115211693e-28,0.1289625,0.20840883333333338,61.60421311104649,5.451054557605847e-27
scale0_25_informational_r14_7,scale0_25,informational,14.7,0.25,target_share_final100,30,0.06541533333333334,0.0023244136936348245,0.060661373546532234,0.07016929312013445,5.138134944380694,1.321269053594033e-22,0.18282733333333334,0.24824266666666664,35.779843276534145,6.474218362610761e-21
scale0_25_informational_r14_7,scale0_25,informational,14.7,0.25,fake_repost_share_decisions,30,0.03585558665655029,0.001169634744085501,0.03346341500747832,0.038247758305622256,5.596879345933148,1.1963436218342876e-23,0.281710867120426,0.3175664537769763,12.727796773712216,5.263911936070865e-22
scale0_25_informational_r14_7,scale0_25,informational,14.7,0.25,target_share_decisions,30,0.07946056488856018,0.0017230976427442604,0.07593643451333064,0.08298469526378972,8.419399795253296,1.0909715408301555e-28,0.12898558555328396,0.2084461504418441,61.60422077220017,5.454857704150777e-27
scale0_25_informational_r14_7,scale0_25,informational,14.7,0.25,participation_rate,30,0.0,0.0,0.0,0.0,,,0.9998211666666665,0.9998211666666665,0.0,
scale0_25_informational_r14_7,scale0_25,informational,14.7,0.25,cumulative_fake_reposts,30,7169.833333333333,233.88337344813314,6691.488125155219,7648.178541511447,5.5969197985622055,1.1961001543088369e-23,56332.1,63501.933333333334,12.727793448732308,5.2628406789588825e-22
scale0_25_informational_r14_7,scale0_25,informational,14.7,0.25,target_unique_reposters_p400,30,0.0,0.0,0.0,0.0,,,500.0,500.0,0.0,
scale0_25_combined_r14_7,scale0_25,combined,14.7,0.25,fake_repost_share_all,30,0.1115005,0.0020099679380699005,0.10738965399332309,0.11561134600667691,10.128078474351083,5.44584085100346e-31,0.2816605,0.3931610000000001,39.586843025557364,3.2130461020920413e-29
scale0_25_combined_r14_7,scale0_25,combined,14.7,0.25,fake_repost_share_final100,30,0.10219400000000002,0.003666321925277446,0.09469552972082154,0.1096924702791785,5.089020202669661,1.7289641098923326e-22,0.316386,0.4185799999999999,32.30041784402597,9.50930260440783e-21
scale0_25_combined_r14_7,scale0_25,combined,14.7,0.25,target_share_all,30,0.249642,0.003225556029764393,0.243044997195566,0.256239002804434,14.130334267845319,3.7124181406352414e-35,0.1289625,0.3786045,193.57720267519628,2.15320252156844e-33
scale0_25_combined_r14_7,scale0_25,combined,14.7,0.25,target_share_final100,30,0.23897666666666667,0.0051381833261105354,0.2284679018213934,0.24948543151193994,8.491516861324126,8.546339338726854e-29,0.18282733333333334,0.42180400000000007,130.7116733092426,4.871413423074307e-27
scale0_25_combined_r14_7,scale0_25,combined,14.7,0.25,fake_repost_share_decisions,30,0.11152041959190355,0.0020102797148445727,0.10740893593012535,0.11563190325368175,10.128316801201848,5.442159430481996e-31,0.281710867120426,0.39323128671232954,39.58683622390425,3.210874063984378e-29
scale0_25_combined_r14_7,scale0_25,combined,14.7,0.25,target_share_decisions,30,0.2496866402785514,0.0032261074993087447,0.24308850959225853,0.25628477096484426,14.130445148686027,3.711577368394956e-35,0.12898558555328396,0.3786722258318354,193.5771653921793,2.1527148736690747e-33
scale0_25_combined_r14_7,scale0_25,combined,14.7,0.25,participation_rate,30,0.0,0.0,0.0,0.0,,,0.9998211666666665,0.9998211666666665,0.0,
scale0_25_combined_r14_7,scale0_25,combined,14.7,0.25,cumulative_fake_reposts,30,22300.1,401.99358761398,21477.930798664616,23122.26920133538,10.128078474351085,5.445840851003417e-31,56332.1,78632.2,39.586843025557364,3.213046102092016e-29
scale0_25_combined_r14_7,scale0_25,combined,14.7,0.25,target_unique_reposters_p400,30,0.0,0.0,0.0,0.0,,,500.0,500.0,0.0,
scale1_0_credibility_r14_7,scale1_0,credibility,14.7,1.0,fake_repost_share_all,30,0.01730866666666666,0.0006179920178284014,0.01604473107320261,0.01857260226013071,5.113521911919743,1.5114383080644004e-22,0.2969163333333333,0.3142250000000001,5.829476092591738,6.3480408938704815e-21
scale1_0_credibility_r14_7,scale1_0,credibility,14.7,1.0,fake_repost_share_final100,30,0.012075333333333327,0.0006912654950699689,0.010661536652232689,0.013489130014433965,3.1892871374942366,6.20975361400271e-17,0.32378,0.33585533333333334,3.7294871002944365,2.4839014456010837e-15
scale1_0_credibility_r14_7,scale1_0,credibility,14.7,1.0,target_share_all,30,0.039232500000000003,0.001068651227202916,0.03704686283302311,0.0414181371669769,6.702693604275182,7.286865787818047e-26,0.15792883333333335,0.1971613333333333,24.84188553282966,3.0604836308835797e-24
scale1_0_credibility_r14_7,scale1_0,credibility,14.7,1.0,target_share_final100,30,0.028135999999999998,0.0011614562401146033,0.025760555269677615,0.03051144473032238,4.422816043545685,8.5956440196155e-21,0.202664,0.23080000000000006,13.883077408913275,3.5242140480423554e-19
scale1_0_credibility_r14_7,scale1_0,credibility,14.7,1.0,fake_repost_share_decisions,30,0.017311747001676245,0.0006180810633940112,0.01604762928958191,0.01857586471377058,5.113695114452403,1.5100055906684016e-22,0.29696944214872634,0.31428118915040265,5.829470829192684,6.342023480807287e-21
scale1_0_credibility_r14_7,scale1_0,credibility,14.7,1.0,target_share_decisions,30,0.03923949256981157,0.0010688032980972076,0.03705354438293396,0.04142544075668917,6.702934413907913,7.279432351935828e-26,0.1579571165324601,0.19719660910227169,24.84186431812198,3.0573615878130476e-24
scale1_0_credibility_r14_7,scale1_0,credibility,14.7,1.0,participation_rate,30,0.0,0.0,0.0,0.0,,,0.9998211666666665,0.9998211666666665,0.0,
scale1_0_credibility_r14_7,scale1_0,credibility,14.7,1.0,cumulative_fake_reposts,30,3461.733333333333,123.59840356567992,3208.946214640524,3714.5204520261423,5.113521911919761,1.511438308064263e-22,59383.26666666667,62845.0,5.829476092591739,6.348040893869905e-21
scale1_0_credibility_r14_7,scale1_0,credibility,14.7,1.0,target_unique_reposters_p400,30,0.0,0.0,0.0,0.0,,,500.0,500.0,0.0,
scale1_0_informational_r14_7,scale1_0,informational,14.7,1.0,fake_repost_share_all,30,0.024432666666666672,0.0007087499004980102,0.02298311036130954,0.025882222972023805,6.293862223206742,4.344884357070584e-25,0.2969163333333333,0.32134900000000005,8.228805196525624,2.128993334964586e-23
scale1_0_informational_r14_7,scale1_0,informational,14.7,1.0,fake_repost_share_final100,30,0.017612666666666662,0.0010394837283266834,0.015486683732978311,0.019738649600355013,3.0934762992656455,1.393308311246868e-16,0.32378,0.3413926666666666,5.4397018551691465,5.2945715827380984e-15
scale1_0_informational_r14_7,scale1_0,informational,14.7,1.0,target_share_all,30,0.05557783333333333,0.0012815409564973248,0.052956787781497906,0.05819887888516876,7.917872323833856,6.318497339047133e-28,0.15792883333333335,0.21350666666666665,35.19169499342002,2.9696937493521525e-26
scale1_0_informational_r14_7,scale1_0,informational,14.7,1.0,target_share_final100,30,0.04072466666666666,0.0016848061202510058,0.03727885124828271,0.04417048208505061,4.413132627368995,9.133194050013249e-21,0.202664,0.2433886666666667,20.09467229831971,3.646001684155236e-19
scale1_0_informational_r14_7,scale1_0,informational,14.7,1.0,fake_repost_share_decisions,30,0.024437028995263965,0.0007088629977511844,0.022987241380052193,0.025886816610475736,6.293981611668211,4.342549979221802e-25,0.29696944214872634,0.32140647114399024,8.228802538890708,2.127849489818683e-23
scale1_0_informational_r14_7,scale1_0,informational,14.7,1.0,target_share_decisions,30,0.055587765758700294,0.001281751845695757,0.05296628889002503,0.058209242627375556,7.917984366369672,6.31594307443321e-28,0.1579571165324601,0.21354488229116037,35.19168175450774,2.968493244983609e-26
scale1_0_informational_r14_7,scale1_0,informational,14.7,1.0,participation_rate,30,0.0,0.0,0.0,0.0,,,0.9998211666666665,0.9998211666666665,0.0,
scale1_0_informational_r14_7,scale1_0,informational,14.7,1.0,cumulative_fake_reposts,30,4886.533333333334,141.74998009960194,4596.622072261907,5176.44459440476,6.293862223206746,4.344884357070511e-25,59383.26666666667,64269.8,8.22880519652562,2.1289933349645504e-23
scale1_0_informational_r14_7,scale1_0,informational,14.7,1.0,target_unique_reposters_p400,30,0.0,0.0,0.0,0.0,,,500.0,500.0,0.0,
scale1_0_combined_r14_7,scale1_0,combined,14.7,1.0,fake_repost_share_all,30,0.05213833333333335,0.0010050565642380571,0.050082761856133626,0.05419390481053307,9.471221917093388,3.736074136562214e-30,0.2969163333333333,0.34905466666666657,17.559941128196616,2.0922015164748397e-28
scale1_0_combined_r14_7,scale1_0,combined,14.7,1.0,fake_repost_share_final100,30,0.04088266666666665,0.0014616239538183134,0.03789331003066623,0.04387202330266707,5.106730470538283,1.5687383270162765e-22,0.32378,0.36466266666666675,12.62668066794325,8.784934631291148e-21
scale1_0_combined_r14_7,scale1_0,combined,14.7,1.0,target_share_all,30,0.117948,0.0016825356753574557,0.11450682816281316,0.12138917183718684,12.79869448610541,6.45429103934261e-34,0.15792883333333335,0.2758768333333333,74.68427234629942,3.678945892425288e-32
scale1_0_combined_r14_7,scale1_0,combined,14.7,1.0,target_share_final100,30,0.09483066666666666,0.0023774590383279378,0.08996821696852206,0.09969311636481126,7.282410119267011,6.877798307672133e-27,0.202664,0.29749466666666663,46.79206305346123,3.714011086142952e-25
scale1_0_combined_r14_7,scale1_0,combined,14.7,1.0,fake_repost_share_decisions,30,0.05214762469844499,0.0010051684122298844,0.05009182446641697,0.05420342493047302,9.471855667877064,3.7289062577017716e-30,0.29696944214872634,0.3491170668471714,17.559929506931812,2.088187504312992e-28
scale1_0_combined_r14_7,scale1_0,combined,14.7,1.0,target_share_decisions,30,0.11796904083688974,0.001682699577379595,0.11452753378242882,0.12141054789135065,12.799730786215576,6.439239897692441e-34,0.1579571165324601,0.27592615736934983,74.6842202659778,3.6703667416846916e-32
scale1_0_combined_r14_7,scale1_0,combined,14.7,1.0,participation_rate,30,0.0,0.0,0.0,0.0,,,0.9998211666666665,0.9998211666666665,0.0,
scale1_0_combined_r14_7,scale1_0,combined,14.7,1.0,cumulative_fake_reposts,30,10427.666666666666,201.0113128476114,10016.55237122672,10838.780962106612,9.471221917093386,3.736074136562258e-30,59383.26666666667,69810.93333333333,17.559941128196606,2.0922015164748644e-28
scale1_0_combined_r14_7,scale1_0,combined,14.7,1.0,target_unique_reposters_p400,30,0.0,0.0,0.0,0.0,,,500.0,500.0,0.0,
disabled_combined_r14_7,disabled,combined,14.7,0.5,fake_repost_share_all,30,0.01099633333333335,0.00047950488912764863,0.010015635720541927,0.011977030946124772,4.186915818849477,3.9034775506099846e-20,0.14483200000000002,0.15582833333333335,7.592474959493307,1.2881475917012948e-18
disabled_combined_r14_7,disabled,combined,14.7,0.5,fake_repost_share_final100,30,0.013197333333333354,0.000639362278059447,0.011889690650184682,0.014504976016482027,3.7685870299391415,6.966588801467438e-19,0.14227333333333328,0.15547066666666665,9.276041422613766,3.1349649606603475e-17
disabled_combined_r14_7,disabled,combined,14.7,0.5,target_share_all,30,0.021004500000000027,0.0009335539050735955,0.019095167880814768,0.022913832119185285,4.107828659417485,6.595637011148315e-20,0.016941666666666643,0.03794616666666668,123.98130841121528,2.110603843567461e-18
disabled_combined_r14_7,disabled,combined,14.7,0.5,target_share_final100,30,0.02472466666666668,0.0010228019587111166,0.022632801782679315,0.026816531550654044,4.4134505690605295,9.11500421038809e-21,0.014686666666666653,0.03941133333333334,168.34770767135748,3.646001684155236e-19
disabled_combined_r14_7,disabled,combined,14.7,0.5,fake_repost_share_decisions,30,0.011818897845130301,0.0005119494375331687,0.0107718436802143,0.012865952010046302,4.214919469273861,3.2487404002453885e-20,0.15574953430467617,0.16756843214980646,7.588400118109023,1.0720843320809782e-18
disabled_combined_r14_7,disabled,combined,14.7,0.5,target_share_decisions,30,0.022566649532446987,0.0009846784327920642,0.020552756013731882,0.024580543051162092,4.184196107280422,3.9739393702777245e-20,0.018220338939176826,0.040786988471623827,123.85416982515542,1.2716605984888718e-18
disabled_combined_r14_7,disabled,combined,14.7,0.5,participation_rate,30,0.0,0.0,0.0,0.0,,,0.9301333333333335,0.9301333333333335,0.0,
disabled_combined_r14_7,disabled,combined,14.7,0.5,cumulative_fake_reposts,30,2199.266666666667,95.9009778255296,2003.1271441083827,2395.406189224951,4.186915818849477,3.9034775506099985e-20,28966.4,31165.666666666668,7.592474959493297,1.2881475917012995e-18
disabled_combined_r14_7,disabled,combined,14.7,0.5,target_unique_reposters_p400,30,0.0,0.0,0.0,0.0,,,40.46666666666667,40.46666666666667,0.0,
disabled_combined_r5_0,disabled,combined,5.0,0.5,fake_repost_share_all,30,0.004356666666666685,0.0003258787706802578,0.003690169745129656,0.005023163588203714,2.4408305823696352,6.287044386034172e-14,0.13599983333333332,0.14035649999999997,3.203435298327585,1.4460202087878594e-12
disabled_combined_r5_0,disabled,combined,5.0,0.5,fake_repost_share_final100,30,0.004709333333333341,0.00036609870327057657,0.003960577413458013,0.0054580892532086695,2.348554341979623,1.6444053215614858e-13,0.13633533333333334,0.14104466666666668,3.4542280553341573,4.60433490037216e-12
disabled_combined_r5_0,disabled,combined,5.0,0.5,target_share_all,30,0.008439666666666673,0.0006015363917929994,0.00720938660735008,0.009669946725983267,2.561549544480704,1.859036748596955e-14,0.0057551666666666584,0.014194833333333332,146.64504358402627,4.2757845217729966e-13
disabled_combined_r5_0,disabled,combined,5.0,0.5,target_share_final100,30,0.009391333333333347,0.0007113546625549712,0.007936449691406614,0.01084621697526008,2.410351864540499,8.611618628807387e-14,0.005399999999999986,0.014791333333333333,173.91358024691428,2.2390208434899205e-12
disabled_combined_r5_0,disabled,combined,5.0,0.5,fake_repost_share_decisions,30,0.004736065973639469,0.00035673718404504427,0.004006456510379595,0.005465675436899343,2.423866722817304,7.487596165541507e-14,0.14756245181105124,0.15229851778469067,3.2095332623666635,1.7221471180745465e-12
disabled_combined_r5_0,disabled,combined,5.0,0.5,target_share_decisions,30,0.009173511983244616,0.000658746615773647,0.007826223878009752,0.010520800088479481,2.5424745136975497,2.2472352478427674e-14,0.006251941537926426,0.015425453521171048,146.73061044469048,5.168641070038365e-13
disabled_combined_r5_0,disabled,combined,5.0,0.5,participation_rate,30,0.0,0.0,0.0,0.0,,,0.9216000000000002,0.9216000000000002,0.0,
disabled_combined_r5_0,disabled,combined,5.0,0.5,cumulative_fake_reposts,30,871.3333333333334,65.17575413605174,738.0339490259273,1004.6327176407394,2.440830582369619,6.287044386035256e-14,27199.966666666667,28071.3,3.2034352983275713,1.4460202087881088e-12
disabled_combined_r5_0,disabled,combined,5.0,0.5,target_unique_reposters_p400,30,0.0,0.0,0.0,0.0,,,14.266666666666667,14.266666666666667,0.0,
disabled_combined_r1_0,disabled,combined,1.0,0.5,fake_repost_share_all,30,0.000775000000000015,0.00013120090762231887,0.0005066640146561339,0.0010433359853438962,1.078460481611033,2.0565117686648853e-06,0.13558266666666666,0.13635766666666668,0.5716069900774055,2.8791164761308393e-05
disabled_combined_r1_0,disabled,combined,1.0,0.5,fake_repost_share_final100,30,0.000927333333333355,0.00015566980478758745,0.0006089528341967698,0.00124571383246994,1.0876041667943637,1.7920799245361727e-06,0.13223599999999996,0.13316333333333333,0.7012714641499707,3.0465358717114935e-05
disabled_combined_r1_0,disabled,combined,1.0,0.5,target_share_all,30,0.0014175000000000064,0.00024118097249628258,0.0009242295259322171,0.0019107704740677959,1.0730486146670677,2.2312239993603603e-06,0.0010963333333333266,0.002513833333333333,129.29461842505458,2.6774687992324323e-05
disabled_combined_r1_0,disabled,combined,1.0,0.5,target_share_final100,30,0.0016360000000000068,0.0003020472673674392,0.0010182439754549382,0.002253756024545075,0.9888894894811117,7.977957969035097e-06,0.0009866666666666602,0.0026226666666666672,165.8108108108126,0.00012525112069806108
disabled_combined_r1_0,disabled,combined,1.0,0.5,fake_repost_share_decisions,30,0.0008402540887939032,0.0001418491593703495,0.0005501399833380586,0.0011303681942497479,1.081491824393497,1.964747593355184e-06,0.14767367447005023,0.14851392855884413,0.5689938249381853,2.7506466306972575e-05
disabled_combined_r1_0,disabled,combined,1.0,0.5,target_share_decisions,30,0.0015363911665137865,0.00026039597581191626,0.0010038215980911849,0.002068960734936388,1.0772261955116937,2.095103349564432e-06,0.0011925493435492886,0.0027289405100630756,128.8325028079047,2.5141240194773185e-05
disabled_combined_r1_0,disabled,combined,1.0,0.5,participation_rate,30,0.0,0.0,0.0,0.0,,,0.9182666666666667,0.9182666666666667,0.0,
disabled_combined_r1_0,disabled,combined,1.0,0.5,cumulative_fake_reposts,30,155.0,26.240181524463235,101.33280293122489,208.66719706877512,1.0784604816110341,2.056511768664856e-06,27116.533333333333,27271.533333333333,0.5716069900773944,2.8791164761307986e-05
disabled_combined_r1_0,disabled,combined,1.0,0.5,target_unique_reposters_p400,30,0.0,0.0,0.0,0.0,,,2.8,2.8,0.0,
oracle_combined_r14_7,oracle,combined,14.7,0.5,fake_repost_share_all,30,0.0014910000000000264,0.0001848724941154324,0.0011128932950201403,0.0018691067049799125,1.4724641022590539,6.7990005004314015e-09,0.09819499999999999,0.09968600000000001,1.5184072508783815,1.0878400800690242e-07
oracle_combined_r14_7,oracle,combined,14.7,0.5,fake_repost_share_final100,30,0.0016233333333333562,0.00033156970222405645,0.0009451971499116023,0.00230146951675511,0.8938656327289146,3.38769103871358e-05,0.09724733333333331,0.09887066666666668,1.6692831337277698,0.0004742767454199012
oracle_combined_r14_7,oracle,combined,14.7,0.5,target_share_all,30,0.0025283333333333464,0.00029412116642023393,0.0019267880053920382,0.003129878661274655,1.5694497797327218,1.8137842156179045e-09,0.0022168333333333202,0.004745166666666667,114.05157506954491,3.0834331665504376e-08
oracle_combined_r14_7,oracle,combined,14.7,0.5,target_share_final100,30,0.00313933333333334,0.0005975940138287729,0.0019171163422896731,0.004361550324377007,0.9591147403334122,1.2546422191832797e-05,0.0018513333333333264,0.0049906666666666676,169.57148001440504,0.00017564991068565915
oracle_combined_r14_7,oracle,combined,14.7,0.5,fake_repost_share_decisions,30,0.001491264658150815,0.0001849065180080189,0.0011130883664972704,0.0018694409498043597,1.4724544800236288,6.799904213928725e-09,0.09821227982759186,0.09970354448574266,1.5184095723759563,1.087984674228596e-07
oracle_combined_r14_7,oracle,combined,14.7,0.5,target_share_decisions,30,0.002528782874498196,0.0002941756091167792,0.0019271261987401157,0.003130439550256276,1.5694383224064692,1.8140634182775415e-09,0.0022172240699482367,0.004746006944446432,114.05175096070614,3.0839078110718205e-08
oracle_combined_r14_7,oracle,combined,14.7,0.5,participation_rate,30,0.0,0.0,0.0,0.0,,,0.9998253333333335,0.9998253333333335,0.0,
oracle_combined_r14_7,oracle,combined,14.7,0.5,cumulative_fake_reposts,30,298.2,36.974498823086044,222.57865900402368,373.8213409959763,1.472464102259045,6.799000500432173e-09,19639.0,19937.2,1.5184072508783544,1.0878400800691477e-07
oracle_combined_r14_7,oracle,combined,14.7,0.5,target_unique_reposters_p400,30,80.46666666666667,7.892923257443514,64.32382605746459,96.60950727586875,1.8613048264054521,4.252755140913685e-11,87.36666666666666,167.83333333333334,92.10225104921787,2.3815428789116636e-09
oracle_combined_r5_0,oracle,combined,5.0,0.5,fake_repost_share_all,30,0.0008260000000000101,0.0001847639687220722,0.0004481152543715484,0.0012038847456284718,0.8162104253487061,0.00011013517828863571,0.09756116666666664,0.09838716666666666,0.8466483419803408,0.0012114869611749928
oracle_combined_r5_0,oracle,combined,5.0,0.5,fake_repost_share_final100,30,0.001292000000000015,0.0004883023370963867,0.00029330958584780934,0.0022906904141522205,0.48307335472025886,0.013023740157120413,0.09137733333333334,0.0926693333333333,1.4139173828666645,0.11721366141408371
oracle_combined_r5_0,oracle,combined,5.0,0.5,target_share_all,30,0.0014758333333333433,0.0003017749297697674,0.0008586343017157003,0.0020930323649509864,0.8928808946029457,3.4388434097412926e-05,0.0007536666666666566,0.0022295,195.82043343653643,0.0003438843409741293
oracle_combined_r5_0,oracle,combined,5.0,0.5,target_share_final100,30,0.002358000000000007,0.0007613027853846865,0.0008009609766930544,0.003915039023306959,0.5654910745946176,0.004307212771389122,0.0006533333333333267,0.0030113333333333333,360.91836734694346,0.030150489399723854
oracle_combined_r5_0,oracle,combined,5.0,0.5,fake_repost_share_decisions,30,0.0008261648307904166,0.00018480312183517917,0.0004482000080544468,0.0012041296535263864,0.8162003425550539,0.00011015197652473222,0.09758024882989659,0.098406413660687,0.8466516950890339,0.0012116717417720545
oracle_combined_r5_0,oracle,combined,5.0,0.5,target_share_decisions,30,0.0014761275927685667,0.00030183916755131455,0.0008587971801359587,0.0020934580054011746,0.8928688600115625,3.4394732919822045e-05,0.00075381422117852,0.002229941813947087,195.82113885577476,0.00034394732919822043
oracle_combined_r5_0,oracle,combined,5.0,0.5,participation_rate,30,0.0,0.0,0.0,0.0,,,0.9998039999999998,0.9998039999999998,0.0,
oracle_combined_r5_0,oracle,combined,5.0,0.5,cumulative_fake_reposts,30,165.2,36.95279374441452,89.6230508743075,240.77694912569248,0.8162104253486943,0.00011013517828865583,19512.233333333334,19677.433333333334,0.8466483419803302,0.0012114869611752142
oracle_combined_r5_0,oracle,combined,5.0,0.5,target_unique_reposters_p400,30,54.1,10.663758583465626,32.29016484854906,75.90983515145095,0.926245973815592,2.0692595935360146e-05,30.8,84.9,175.64935064935065,0.0008690890292851262
oracle_combined_r1_0,oracle,combined,1.0,0.5,fake_repost_share_all,30,0.0002660000000000065,0.000140087698312131,-2.0511513086107205e-05,0.0005525115130861202,0.3466737908986004,0.06757985144753163,0.09352483333333333,0.09379083333333334,0.28441643841475955,0.20273955434259489
oracle_combined_r1_0,oracle,combined,1.0,0.5,fake_repost_share_final100,30,0.0005580000000000097,0.0003339066563763198,-0.00012491579132625828,0.0012409157913262775,0.30510441690969414,0.10545563801037351,0.09953999999999998,0.100098,0.5605786618444945,0.42182255204149405
oracle_combined_r1_0,oracle,combined,1.0,0.5,target_share_all,30,0.00042750000000001007,0.00022760645482029256,-3.800746813919012e-05,0.0008930074681392103,0.3429185016132913,0.07043623121596516,0.00019599999999999,0.0006235000000000001,218.11224489797544,0.14087246243193033
oracle_combined_r1_0,oracle,combined,1.0,0.5,target_share_final100,30,0.0009506666666666799,0.000613170943019958,-0.0003034087216922008,0.0022047420550255605,0.28306493424549906,0.13188876150803755,0.00021866666666665334,0.0011693333333333334,434.75609756100823,0.2575442709885125
oracle_combined_r1_0,oracle,combined,1.0,0.5,fake_repost_share_decisions,30,0.0002660538010095257,0.00014011731791765164,-2.0518290971787106e-05,0.0005526258929908386,0.3466706102395119,0.0675822276964828,0.09354386436652357,0.09380991816753308,0.28441608951183983,0.20274668308944838
oracle_combined_r1_0,oracle,combined,1.0,0.5,target_share_decisions,30,0.0004275869487282904,0.00022765500272388498,-3.8019811022400364e-05,0.0008931937084789812,0.34291510445060236,0.07043886167697866,0.00019603794754535826,0.0006236248962736488,218.1143773857138,0.14087772335395732
oracle_combined_r1_0,oracle,combined,1.0,0.5,participation_rate,30,0.0,0.0,0.0,0.0,,,0.9997956666666666,0.9997956666666666,0.0,
oracle_combined_r1_0,oracle,combined,1.0,0.5,cumulative_fake_reposts,30,53.2,28.01753966242632,-4.102302617222989,110.502302617223,0.34667379089859046,0.06757985144753909,18704.966666666667,18758.166666666668,0.2844164384147526,0.20273955434261726
oracle_combined_r1_0,oracle,combined,1.0,0.5,target_unique_reposters_p400,30,16.233333333333334,8.611898122483257,-1.3799759817963952,33.84664264846306,0.34415033417369145,0.06948798232305768,8.166666666666666,24.4,198.77551020408166,1.0
credibility_reach14_7_wom0,disabled,credibility,14.7,0.5,fake_repost_share_all,30,0.0031339999999999892,0.0001991809954928371,0.0027266291238685386,0.00354137087613144,2.872701268468349,9.726747253419637e-16,0.14483200000000002,0.147966,2.1638864339372437,2.7234892309574986e-14
credibility_reach14_7_wom0,disabled,credibility,14.7,0.5,fake_repost_share_final100,30,0.0025620000000000074,0.0002443012084697286,0.0020623479268288775,0.0030616520731711373,1.9146653716507211,2.2193887055161332e-11,0.14227333333333328,0.14483533333333332,1.8007591021976534,5.32653289323872e-10
credibility_reach14_7_wom0,disabled,credibility,14.7,0.5,target_share_all,30,0.005980166666666683,0.00038493233345744405,0.005192891648064208,0.006767441685269158,2.83640516897579,1.3541638544592637e-15,0.016941666666666643,0.022921833333333325,35.2985735366455,3.271549118936032e-14
credibility_reach14_7_wom0,disabled,credibility,14.7,0.5,target_share_final100,30,0.00465466666666667,0.0004354170238683033,0.003764138862762013,0.0055451944705713265,1.9517426522516408,1.4214806451564485e-11,0.014686666666666653,0.019341333333333325,31.693145710394965,3.4115535483754765e-10
credibility_reach14_7_wom0,disabled,credibility,14.7,0.5,fake_repost_share_decisions,30,0.00336814496786183,0.0002148032104392414,0.0029288230746462246,0.0038074668610774357,2.8627892666238868,1.0643076290774465e-15,0.15574953430467617,0.15911767927253803,2.1625393506943578,2.9800613614168503e-14
credibility_reach14_7_wom0,disabled,credibility,14.7,0.5,target_share_decisions,30,0.006424653472742822,0.00041325298444068367,0.005579456219264931,0.007269850726220713,2.838396626816727,1.329685259147173e-15,0.018220338939176826,0.02464499241191965,35.2608889120538,3.2693990295466084e-14
credibility_reach14_7_wom0,disabled,credibility,14.7,0.5,participation_rate,30,0.0,0.0,0.0,0.0,,,0.9301333333333335,0.9301333333333335,0.0,
credibility_reach14_7_wom0,disabled,credibility,14.7,0.5,cumulative_fake_reposts,30,626.8,39.83619909856725,545.3258247737101,708.2741752262898,2.872701268468371,9.726747253417679e-16,28966.4,29593.2,2.163886433937251,2.7234892309569502e-14
credibility_reach14_7_wom0,disabled,credibility,14.7,0.5,target_unique_reposters_p400,30,0.0,0.0,0.0,0.0,,,40.46666666666667,40.46666666666667,0.0,
credibility_reach14_7_wom1,oracle,credibility,14.7,0.5,fake_repost_share_all,30,9.73333333333407e-05,3.6346617839247564e-05,2.299615313724229e-05,0.00017167051352943912,0.4889190561427659,0.012069613445838288,0.09819499999999999,0.09829233333333333,0.09912249435647508,0.07241768067502972
credibility_reach14_7_wom1,oracle,credibility,14.7,0.5,fake_repost_share_final100,30,0.00016200000000000613,7.810014202232951e-05,2.267274481163869e-06,0.00032173272551884837,0.378706329328105,0.047037578416798474,0.09724733333333331,0.09740933333333329,0.1665855447621592,0.28222547050079083
credibility_reach14_7_wom1,oracle,credibility,14.7,0.5,target_share_all,30,0.0003285000000000033,4.704800067820489e-05,0.00023227603440985917,0.00042472396559014745,1.27477510589733,1.1216506505946199e-07,0.0022168333333333202,0.0025453333333333226,14.81843470415782,1.5703109108324678e-06
credibility_reach14_7_wom1,oracle,credibility,14.7,0.5,target_share_final100,30,0.0004633333333333266,0.00014178203551179928,0.00017335651158268322,0.0007533101550839701,0.5966391002796296,0.0027880811402351854,0.0018513333333333264,0.002314666666666653,25.027007562117127,0.02509273026211667
credibility_reach14_7_wom1,oracle,credibility,14.7,0.5,fake_repost_share_decisions,30,9.735047889818753e-05,3.6352750323034316e-05,2.300075636446855e-05,0.0001717002014319065,0.48892268858753524,0.01206904135737516,0.09821227982759186,0.09830963030649005,0.09912251204134839,0.07241424814425096
credibility_reach14_7_wom1,oracle,credibility,14.7,0.5,target_share_decisions,30,0.00032855719607851334,4.705573656276113e-05,0.00023231740882796666,0.00042479698332906,1.2747874532635595,1.1214494512068355e-07,0.0022172240699482367,0.0025457812660267492,14.818402908921326,1.5700292316895696e-06
credibility_reach14_7_wom1,oracle,credibility,14.7,0.5,participation_rate,30,0.0,0.0,0.0,0.0,,,0.9998253333333335,0.9998253333333335,0.0,
credibility_reach14_7_wom1,oracle,credibility,14.7,0.5,cumulative_fake_reposts,30,19.466666666666665,7.2693235678500105,4.599230627445964,34.33410270588737,0.4889190561426953,0.012069613445849434,19639.0,19658.466666666667,0.09912249435646756,0.0724176806750966
credibility_reach14_7_wom1,oracle,credibility,14.7,0.5,target_unique_reposters_p400,30,16.0,1.9499484225421742,12.011907685586841,19.98809231441316,1.4980842260189093,4.778649973830233e-09,87.36666666666666,103.36666666666666,18.313620755436858,2.3415384871768143e-07
credibility_reach5_0_wom0,disabled,credibility,5.0,0.5,fake_repost_share_all,30,0.001090500000000011,0.00017520486366785952,0.0007321658193806856,0.0014488341806193363,1.1363677096919158,8.627948752085178e-07,0.13599983333333332,0.13709033333333334,0.8018392179402262,1.2941923128127767e-05
credibility_reach5_0_wom0,disabled,credibility,5.0,0.5,fake_repost_share_final100,30,0.0007606666666666636,0.0002186446933170574,0.0003134880587996037,0.0012078452745337236,0.6351770777127619,0.0016108443132054704,0.13633533333333334,0.137096,0.5579380253590389,0.020940976071671114
credibility_reach5_0_wom0,disabled,credibility,5.0,0.5,target_share_all,30,0.00213183333333333,0.00030549182912614103,0.001507032388975208,0.0027566342776914523,1.274069215804304,1.1332142454314908e-07,0.0057551666666666584,0.00788699999999999,37.04207813269236,1.5703109108324678e-06
credibility_reach5_0_wom0,disabled,credibility,5.0,0.5,target_share_final100,30,0.0015359999999999968,0.0003915690805306076,0.0007351513095561506,0.002336848690443843,0.7161800136584684,0.0004933306735746887,0.005399999999999986,0.006935999999999983,28.444444444444457,0.005919968082896264
credibility_reach5_0_wom0,disabled,credibility,5.0,0.5,fake_repost_share_decisions,30,0.001184518370014794,0.00019022086778391995,0.0007954730126709152,0.001573563727358673,1.1369019578744626,8.559392442200948e-07,0.14756245181105124,0.14874697018106595,0.8027234269131893,1.2839088663301422e-05
credibility_reach5_0_wom0,disabled,credibility,5.0,0.5,target_share_decisions,30,0.0023157504159793804,0.00033243604163263714,0.0016358423695190497,0.002995658462439711,1.27181230024945,1.1710049492276501e-07,0.006251941537926426,0.008567691953905807,37.04050016992709,1.5700292316895696e-06
credibility_reach5_0_wom0,disabled,credibility,5.0,0.5,participation_rate,30,0.0,0.0,0.0,0.0,,,0.9216000000000002,0.9216000000000002,0.0,
credibility_reach5_0_wom0,disabled,credibility,5.0,0.5,cumulative_fake_reposts,30,218.1,35.04097273357208,146.43316387613456,289.76683612386546,1.1363677096918985,8.62794875208743e-07,27199.966666666667,27418.066666666666,0.801839217940218,1.2941923128131145e-05
credibility_reach5_0_wom0,disabled,credibility,5.0,0.5,target_unique_reposters_p400,30,0.0,0.0,0.0,0.0,,,14.266666666666667,14.266666666666667,0.0,
credibility_reach5_0_wom1,oracle,credibility,5.0,0.5,fake_repost_share_all,30,4.66666666666606e-05,1.970520284485984e-05,6.3650017041155856e-06,8.696833162920561e-05,0.4323796481254683,0.02475378685010163,0.09756116666666664,0.09760783333333331,0.047833239659899454,0.11247310130995217
credibility_reach5_0_wom1,oracle,credibility,5.0,0.5,fake_repost_share_final100,30,2.6666666666671827e-05,4.422859462356438e-05,-6.379096608731315e-05,0.00011712429942065679,0.1100791240834153,0.5512429137810694,0.09137733333333334,0.09140399999999999,0.029183021318202718,0.5512429137810694
credibility_reach5_0_wom1,oracle,credibility,5.0,0.5,target_share_all,30,0.00012500000000000667,2.65453418213779e-05,7.070868004637967e-05,0.00017929131995363367,0.8597279847797613,5.693335413723885e-05,0.0007536666666666566,0.0008786666666666633,16.585581601062582,0.0005124001872351497
credibility_reach5_0_wom1,oracle,credibility,5.0,0.5,target_share_final100,30,0.00014266666666666,5.151259935899373e-05,3.731157151433996e-05,0.00024802176181898004,0.5056481489303649,0.009687193756131937,0.0006533333333333267,0.0007959999999999867,21.836734693876753,0.048435968780659686
credibility_reach5_0_wom1,oracle,credibility,5.0,0.5,fake_repost_share_decisions,30,4.6675444161672905e-05,1.970909297715844e-05,6.365822985238976e-06,8.698506533810684e-05,0.4323756159749793,0.024755018593410824,0.09758024882989659,0.09762692427405827,0.04783288085587716,0.11247955859319785
credibility_reach5_0_wom1,oracle,credibility,5.0,0.5,target_share_decisions,30,0.00012502362034985334,2.65502842334641e-05,7.0722192028524e-05,0.00017932504867118268,0.8597303702969563,5.693129081990978e-05,0.00075381422117852,0.0008788378415283734,16.58546851960292,0.000512381617379188
credibility_reach5_0_wom1,oracle,credibility,5.0,0.5,participation_rate,30,0.0,0.0,0.0,0.0,,,0.9998039999999998,0.9998039999999998,0.0,
credibility_reach5_0_wom1,oracle,credibility,5.0,0.5,cumulative_fake_reposts,30,9.333333333333334,3.9410405689720487,1.2730003408241668,17.393666325842503,0.43237964812551577,0.024753786850087143,19512.233333333334,19521.566666666666,0.04783323965990567,0.11247310131002708
credibility_reach5_0_wom1,oracle,credibility,5.0,0.5,target_unique_reposters_p400,30,5.666666666666667,1.135967189640043,3.3433528979246696,7.989980435408665,0.9107543444042131,2.6197060972736534e-05,30.8,36.46666666666667,18.3982683982684,0.0010740794998821978
credibility_reach1_0_wom0,disabled,credibility,1.0,0.5,fake_repost_share_all,30,0.00029300000000000577,8.246057922690889e-05,0.0001243491790576995,0.00046165082094231204,0.6487249659315492,0.0013250641585924759,0.13558266666666666,0.13587566666666664,0.2161043201195869,0.011925577427332284
credibility_reach1_0_wom0,disabled,credibility,1.0,0.5,fake_repost_share_final100,30,0.00023133333333334404,8.174917249162413e-05,6.413750253365502e-05,0.00039852916413303307,0.5166473702736518,0.008369146712833642,0.13223599999999996,0.1324673333333333,0.17493975417688384,0.09206061384117006
credibility_reach1_0_wom0,disabled,credibility,1.0,0.5,target_share_all,30,0.0004958333333333167,0.00014962387389667018,0.00018981815126912122,0.0008018485153975122,0.6050262219900091,0.0024766171422954584,0.0010963333333333266,0.0015921666666666437,45.22651261781573,0.012383085711477292
credibility_reach1_0_wom0,disabled,credibility,1.0,0.5,target_share_final100,30,0.00035866666666667,0.0001495677552481197,5.276626012596644e-05,0.0006645670732073736,0.4378167910871531,0.02314277155296462,0.0009866666666666602,0.0013453333333333301,36.35135135135193,0.06942831465889386
credibility_reach1_0_wom0,disabled,credibility,1.0,0.5,fake_repost_share_decisions,30,0.0003163719652033807,8.8796234723952e-05,0.00013476327383618085,0.0004979806565705805,0.6504932798965076,0.0012916026121974045,0.14767367447005023,0.1479900464352536,0.21423721346321903,0.011624423509776641
credibility_reach1_0_wom0,disabled,credibility,1.0,0.5,target_share_decisions,30,0.0005350212907172294,0.00016120349752771128,0.00020532311915808833,0.0008647194622763704,0.6059488662169193,0.002444471936577949,0.0011925493435492886,0.001727570634266518,44.86366066203085,0.012222359682889745
credibility_reach1_0_wom0,disabled,credibility,1.0,0.5,participation_rate,30,0.0,0.0,0.0,0.0,,,0.9182666666666667,0.9182666666666667,0.0,
credibility_reach1_0_wom0,disabled,credibility,1.0,0.5,cumulative_fake_reposts,30,58.6,16.492115845381125,24.869835811540085,92.33016418845992,0.6487249659315619,0.0013250641585922304,27116.533333333333,27175.133333333335,0.21610432011958267,0.011925577427330074
credibility_reach1_0_wom0,disabled,credibility,1.0,0.5,target_unique_reposters_p400,30,0.0,0.0,0.0,0.0,,,2.8,2.8,0.0,
credibility_reach1_0_wom1,oracle,credibility,1.0,0.5,fake_repost_share_all,30,1.499999999998632e-05,1.170764560094071e-05,-8.944823822642162e-06,3.894482382261481e-05,0.23391661149217613,0.21026929624184593,0.09352483333333333,0.09353983333333331,0.0160385209632233,0.33723181948727937
credibility_reach1_0_wom1,oracle,credibility,1.0,0.5,fake_repost_share_final100,30,4.466666666666624e-05,2.8132418136227375e-05,-1.2870588810417643e-05,0.00010220392214375012,0.28987839797997533,0.12319233736015789,0.09953999999999998,0.09958466666666665,0.04487308284776597,0.42182255204149405
credibility_reach1_0_wom1,oracle,credibility,1.0,0.5,target_share_all,30,2.300000000000334e-05,1.3547702014918803e-05,-4.708161743689541e-06,5.0708161743696225e-05,0.3099570886326474,0.10027126219064622,0.00019599999999999,0.00021899999999999334,11.734693877553324,0.14087246243193033
credibility_reach1_0_wom1,oracle,credibility,1.0,0.5,target_share_final100,30,2.6666666666670004e-05,1.7055240427903994e-05,-8.215216610179289e-06,6.15485499435193e-05,0.2854632847999328,0.12877213549425626,0.00021866666666665334,0.0002453333333333233,12.19512195122178,0.2575442709885125
credibility_reach1_0_wom1,oracle,credibility,1.0,0.5,fake_repost_share_decisions,30,1.5003459955288216e-05,1.1709821059203419e-05,-8.94581317906438e-06,3.895273308964081e-05,0.2339271003541658,0.21024939922933275,0.09354386436652357,0.09355886782647888,0.0160389567577641,0.3372190622742741
credibility_reach1_0_wom1,oracle,credibility,1.0,0.5,target_share_decisions,30,2.300481103411577e-05,1.3550166996581362e-05,-4.708392163140692e-06,5.0718014231372236e-05,0.30996552632175267,0.1002624372792888,0.00019603794754535826,0.00021904275857947405,11.734876498231566,0.14087772335395732
credibility_reach1_0_wom1,oracle,credibility,1.0,0.5,participation_rate,30,0.0,0.0,0.0,0.0,,,0.9997956666666666,0.9997956666666666,0.0,
credibility_reach1_0_wom1,oracle,credibility,1.0,0.5,cumulative_fake_reposts,30,3.0,2.3415291201882704,-1.788964764525959,7.788964764525959,0.23391661149237664,0.21026929624146556,18704.966666666667,18707.966666666667,0.016038520963237927,0.33723181948729974
credibility_reach1_0_wom1,oracle,credibility,1.0,0.5,target_unique_reposters_p400,30,1.2333333333333334,0.5564322584444111,0.09530158452397863,2.371365082142688,0.40467608730320187,0.034658315295688205,8.166666666666666,9.4,15.10204081632653,1.0
informational_reach14_7_wom0,disabled,informational,14.7,0.5,fake_repost_share_all,30,0.005102833333333342,0.00023646348936097157,0.004619211195610152,0.005586455471056532,3.9399132771111227,2.0711906349260236e-19,0.14483200000000002,0.14993483333333332,3.523277544557378,6.6278100317632756e-18
informational_reach14_7_wom0,disabled,informational,14.7,0.5,fake_repost_share_final100,30,0.005064000000000012,0.0002904588522107511,0.004469944945638742,0.005658055054361282,3.183086588794628,6.539155478314622e-17,0.14227333333333328,0.14733733333333332,3.5593458600815433,2.5502706365427025e-15
informational_reach14_7_wom0,disabled,informational,14.7,0.5,target_share_all,30,0.009552666666666673,0.0004958945089277298,0.00853844851763684,0.010566884815696505,3.517018857481472,4.5274011669020756e-18,0.016941666666666643,0.02649433333333331,56.38563698967055,1.3582203500706226e-16
informational_reach14_7_wom0,disabled,informational,14.7,0.5,target_share_final100,30,0.009072666666666675,0.0005416887033536835,0.007964788873759293,0.010180544459574057,3.057908942468719,1.890695766485238e-16,0.014686666666666653,0.02375933333333333,61.774852473899344,5.6720872994557135e-15
informational_reach14_7_wom0,disabled,informational,14.7,0.5,fake_repost_share_decisions,30,0.005485544273069432,0.0002537621808207999,0.004966542338802493,0.006004546207336371,3.946682583978297,1.9761697651209735e-19,0.15574953430467617,0.16123507857774563,3.522029325839683,6.323743248387115e-18
informational_reach14_7_wom0,disabled,informational,14.7,0.5,target_share_decisions,30,0.0102633803469736,0.0005271915411838078,0.009185152579862852,0.011341608114084347,3.554359591120401,3.404682798141446e-18,0.018220338939176826,0.02848371928615043,56.32925041205237,1.0214048394424337e-16
informational_reach14_7_wom0,disabled,informational,14.7,0.5,participation_rate,30,0.0,0.0,0.0,0.0,,,0.9301333333333335,0.9301333333333335,0.0,
informational_reach14_7_wom0,disabled,informational,14.7,0.5,cumulative_fake_reposts,30,1020.5666666666667,47.2926978721943,923.8422391220287,1117.2910942113047,3.9399132771111174,2.0711906349260966e-19,28966.4,29986.966666666667,3.5232775445573723,6.627810031763509e-18
informational_reach14_7_wom0,disabled,informational,14.7,0.5,target_unique_reposters_p400,30,0.0,0.0,0.0,0.0,,,40.46666666666667,40.46666666666667,0.0,
informational_reach14_7_wom1,oracle,informational,14.7,0.5,fake_repost_share_all,30,0.00019150000000000463,3.9704475847175e-05,0.00011029522907202035,0.0002727047709279889,0.8805797291466217,4.1466431312149244e-05,0.09819499999999999,0.09838649999999999,0.19502011304038358,0.000497597175745791
informational_reach14_7_wom1,oracle,informational,14.7,0.5,fake_repost_share_final100,30,0.0002306666666666804,9.843713593863011e-05,2.9340118358347686e-05,0.0004319932149750131,0.4278240977288368,0.026181556286326648,0.09724733333333331,0.09747799999999998,0.23719587855024005,0.18327089400428653
informational_reach14_7_wom1,oracle,informational,14.7,0.5,target_share_all,30,0.00050499999999999,7.143842296595434e-05,0.0003588920197628066,0.0006511079802371735,1.2906214893719197,8.91354581149211e-08,0.0022168333333333202,0.0027218333333333105,22.78024208706081,1.3370318717238165e-06
informational_reach14_7_wom1,oracle,informational,14.7,0.5,target_share_final100,30,0.0005993333333333332,0.0001266962457901493,0.0003402104158963892,0.0008584562507702772,0.8636624920866506,5.362946837975973e-05,0.0018513333333333264,0.002450666666666659,32.37306445804837,0.0006971830889368765
informational_reach14_7_wom1,oracle,informational,14.7,0.5,fake_repost_share_decisions,30,0.00019153285164922711,3.971093132252426e-05,0.00011031487779170448,0.00027275082550674975,0.8805876187217372,4.146145523073023e-05,0.09821227982759186,0.09840381267924107,0.1950192501237688,0.0004975374627687627
informational_reach14_7_wom1,oracle,informational,14.7,0.5,target_share_decisions,30,0.00050508793498872,7.145058248880253e-05,0.00035895508573497326,0.0006512207842424667,1.2906265462584112,8.912893326544714e-08,0.0022172240699482367,0.0027223120049369564,22.78019356882193,1.336933998981707e-06
informational_reach14_7_wom1,oracle,informational,14.7,0.5,participation_rate,30,0.0,0.0,0.0,0.0,,,0.9998253333333335,0.9998253333333335,0.0,
informational_reach14_7_wom1,oracle,informational,14.7,0.5,cumulative_fake_reposts,30,38.3,7.940895169434868,22.05904581440341,54.54095418559658,0.8805797291466151,4.146643131215349e-05,19639.0,19677.3,0.1950201130403788,0.0004975971757458419
informational_reach14_7_wom1,oracle,informational,14.7,0.5,target_unique_reposters_p400,30,22.066666666666666,2.968390303879964,15.995626827752062,28.13770650558127,1.357235163952058,3.424375642438721e-08,87.36666666666666,109.43333333333334,25.257535291873335,1.5067252826730373e-06
informational_reach5_0_wom0,disabled,informational,5.0,0.5,fake_repost_share_all,30,0.0019159999999999978,0.00017058728847281176,0.0015671098210443609,0.002264890178955635,2.0506342717072896,4.441295026315098e-12,0.13599983333333332,0.13791583333333332,1.4088252559133023,8.882590052630195e-11
informational_reach5_0_wom0,disabled,informational,5.0,0.5,fake_repost_share_final100,30,0.0015153333333333362,0.00020763514271534522,0.001090671784703458,0.0019399948819632145,1.3324370141972497,4.8804390078806844e-08,0.13633533333333334,0.13785066666666662,1.1114751372840517,9.272834114973301e-07
informational_reach5_0_wom0,disabled,informational,5.0,0.5,target_share_all,30,0.0034539999999999996,0.0003060584047635943,0.002828040278353648,0.004079959721646351,2.060427774762069,3.9657024081941595e-12,0.0057551666666666584,0.00920916666666666,60.01563812226702,7.534834575568903e-11
informational_reach5_0_wom0,disabled,informational,5.0,0.5,target_share_final100,30,0.002737333333333327,0.0004484155844732292,0.0018202204879744174,0.0036544461786922364,1.11451613636396,1.1963859013227368e-06,0.005399999999999986,0.008137333333333312,50.69135802469137,2.0338560322486527e-05
informational_reach5_0_wom0,disabled,informational,5.0,0.5,fake_repost_share_decisions,30,0.0020833976737599197,0.0001861642969172368,0.0017026489353979932,0.002464146412121846,2.043220103726275,4.84003742534576e-12,0.14756245181105124,0.1496458494848111,1.4118752082187145,9.68007485069152e-11
informational_reach5_0_wom0,disabled,informational,5.0,0.5,target_share_decisions,30,0.0037533836321405533,0.00033425377053569104,0.0030697579126463355,0.004437009351634771,2.0501517744031323,4.466187353749942e-12,0.006251941537926426,0.01000532517006698,60.03548832584627,8.48575597212489e-11
informational_reach5_0_wom0,disabled,informational,5.0,0.5,participation_rate,30,0.0,0.0,0.0,0.0,,,0.9216000000000002,0.9216000000000002,0.0,
informational_reach5_0_wom0,disabled,informational,5.0,0.5,cumulative_fake_reposts,30,383.2,34.11745769456202,313.4219642088733,452.9780357911267,2.050634271707312,4.44129502631399e-12,27199.966666666667,27583.166666666668,1.4088252559133037,8.88259005262798e-11
informational_reach5_0_wom0,disabled,informational,5.0,0.5,target_unique_reposters_p400,30,0.0,0.0,0.0,0.0,,,14.266666666666667,14.266666666666667,0.0,
informational_reach5_0_wom1,oracle,informational,5.0,0.5,fake_repost_share_all,30,8.116666666667475e-05,3.367157412736312e-05,1.2300565164123089e-05,0.0001500327681692264,0.44010232570537583,0.022494620261990433,0.09756116666666664,0.09764233333333334,0.08319567040848708,0.11247310130995217
informational_reach5_0_wom1,oracle,informational,5.0,0.5,fake_repost_share_final100,30,9.733333333332925e-05,6.68759932070763e-05,-3.9443430320848475e-05,0.000234110096987507,0.265723965144256,0.15629091476437396,0.09137733333333334,0.09147466666666663,0.10651802781141484,0.42182255204149405
informational_reach5_0_wom1,oracle,informational,5.0,0.5,target_share_all,30,0.00023133333333333,5.103747402438047e-05,0.0001269499785990892,0.0003357166880675708,0.8275388975885917,9.27801698975236e-05,0.0007536666666666566,0.0009849999999999868,30.69438301636441,0.0007422413591801888
informational_reach5_0_wom1,oracle,informational,5.0,0.5,target_share_final100,30,0.00023866666666666998,7.391161751081525e-05,8.75004356355761e-05,0.0003898328976977639,0.5895469997833254,0.003080498456277444,0.0006533333333333267,0.0008919999999999967,36.53061224489883,0.02509273026211667
informational_reach5_0_wom1,oracle,informational,5.0,0.5,fake_repost_share_decisions,30,8.118136266464007e-05,3.367802372785412e-05,1.2302070247984315e-05,0.00015006065508129583,0.44009771218310795,0.02249591171863957,0.09758024882989659,0.09766143019256125,0.0831944616232294,0.11247955859319785
informational_reach5_0_wom1,oracle,informational,5.0,0.5,target_share_decisions,30,0.00023137632642433333,5.104692210772272e-05,0.00012697364818997962,0.00033577900465868704,0.8275395004087388,9.277932273662807e-05,0.00075381422117852,0.0009851905476028532,30.694078185815798,0.0007422345818930246
informational_reach5_0_wom1,oracle,informational,5.0,0.5,participation_rate,30,0.0,0.0,0.0,0.0,,,0.9998039999999998,0.9998039999999998,0.0,
informational_reach5_0_wom1,oracle,informational,5.0,0.5,cumulative_fake_reposts,30,16.233333333333334,6.734314825472771,2.4601130328227026,30.006553633843964,0.4401023257053224,0.022494620262005417,19512.233333333334,19528.466666666667,0.08319567040847879,0.11247310131002708
informational_reach5_0_wom1,oracle,informational,5.0,0.5,target_unique_reposters_p400,30,11.466666666666667,2.3923889533716207,6.5736818637201955,16.359651469613137,0.8750739832493447,4.508825687772352e-05,30.8,42.266666666666666,37.22943722943723,0.0017584420182312171
informational_reach1_0_wom0,disabled,informational,1.0,0.5,fake_repost_share_all,30,0.000468666666666664,0.00013630656230425532,0.00018988844502479293,0.0007474448883085351,0.6277499310979556,0.0017919591360884652,0.13558266666666666,0.13605133333333327,0.3456685712037901,0.014335673088707722
informational_reach1_0_wom0,disabled,informational,1.0,0.5,fake_repost_share_final100,30,0.0004706666666666711,0.0001409417694492283,0.00018240838197447598,0.0007589249513588663,0.6096956480833892,0.002318011007200997,0.13223599999999996,0.13270666666666664,0.35592929812356033,0.027816132086411968
informational_reach1_0_wom0,disabled,informational,1.0,0.5,target_share_all,30,0.0007991666666666603,0.00024590801515141173,0.0002962283048409751,0.0013021050284923454,0.5933405766515656,0.002920606878127141,0.0010963333333333266,0.001895499999999987,72.89449680754015,0.012383085711477292
informational_reach1_0_wom0,disabled,informational,1.0,0.5,target_share_final100,30,0.0007166666666666733,0.00026043303166970583,0.00018402131050530596,0.0012493120228280405,0.5024125870013864,0.010110524387433142,0.0009866666666666602,0.001703333333333333,72.63513513513628,0.048435968780659686
informational_reach1_0_wom0,disabled,informational,1.0,0.5,fake_repost_share_decisions,30,0.0005100460997467832,0.0001485756682951295,0.00020617473884990833,0.0008139174606436581,0.6267597680573046,0.0018175439727877649,0.14767367447005023,0.148183720569797,0.3453872882740694,0.014540351782302119
informational_reach1_0_wom0,disabled,informational,1.0,0.5,target_share_decisions,30,0.0008696673076220734,0.0002678123782933681,0.00032192949300642007,0.0014174051222377267,0.592873270639248,0.0029398640650799253,0.0011925493435492886,0.0020622166511713625,72.9250586004058,0.012222359682889745
informational_reach1_0_wom0,disabled,informational,1.0,0.5,participation_rate,30,0.0,0.0,0.0,0.0,,,0.9182666666666667,0.9182666666666667,0.0,
informational_reach1_0_wom0,disabled,informational,1.0,0.5,cumulative_fake_reposts,30,93.73333333333333,27.261312460850498,37.977689004960276,149.4889776617064,0.6277499310979722,0.0017919591360880459,27116.533333333333,27210.266666666666,0.3456685712037921,0.014335673088704367
informational_reach1_0_wom0,disabled,informational,1.0,0.5,target_unique_reposters_p400,30,0.0,0.0,0.0,0.0,,,2.8,2.8,0.0,
informational_reach1_0_wom1,oracle,informational,1.0,0.5,fake_repost_share_all,30,1.9666666666667367e-05,1.3929075959593543e-05,-8.82149237341137e-06,4.81548257067461e-05,0.2577791710786961,0.16861590974363969,0.09352483333333333,0.09354449999999999,0.021028283040690477,0.33723181948727937
informational_reach1_0_wom1,oracle,informational,1.0,0.5,fake_repost_share_final100,30,6.866666666666895e-05,3.3351948824938845e-05,4.5427230701105257e-07,0.00013687906102632686,0.37589289988655433,0.04859016657178258,0.09953999999999998,0.09960866666666666,0.06898399303462825,0.28222547050079083
informational_reach1_0_wom1,oracle,informational,1.0,0.5,target_share_all,30,4.116666666666667e-05,1.609184010632899e-05,8.25515828474275e-06,7.407817504859058e-05,0.4670671968244151,0.016006943732734175,0.00019599999999999,0.0002371666666666567,21.00340136054529,0.048020831198202524
informational_reach1_0_wom1,oracle,informational,1.0,0.5,target_share_final100,30,9.933333333333334e-05,3.474019611420752e-05,2.8281654467052786e-05,0.00017038501219961388,0.5220379988643368,0.0077866058232420815,0.00021866666666665334,0.00031799999999998664,45.42682926829546,0.04671963493945249
informational_reach1_0_wom1,oracle,informational,1.0,0.5,fake_repost_share_decisions,30,1.9670429933590455e-05,1.3931525641005383e-05,-8.82273926752556e-06,4.8163599134706467e-05,0.25778316192307626,0.16860953113713706,0.09354386436652357,0.09356353479645715,0.021028027938334658,0.3372190622742741
informational_reach1_0_wom1,oracle,informational,1.0,0.5,target_share_decisions,30,4.117481586386155e-05,1.6094551884672434e-05,8.257761272486732e-06,7.409187045523638e-05,0.4670809437330192,0.016004129879966248,0.00019603794754535826,0.0002372127634092199,21.003492629576083,0.04801238963989875
informational_reach1_0_wom1,oracle,informational,1.0,0.5,participation_rate,30,0.0,0.0,0.0,0.0,,,0.9997956666666666,0.9997956666666666,0.0,
informational_reach1_0_wom1,oracle,informational,1.0,0.5,cumulative_fake_reposts,30,3.933333333333333,2.7858151919186787,-1.7642984746823536,9.63096514134902,0.25777917107868964,0.16861590974364987,18704.966666666667,18708.9,0.021028283040689724,0.33723181948729974
informational_reach1_0_wom1,oracle,informational,1.0,0.5,target_unique_reposters_p400,30,1.9666666666666666,0.6737838483738698,0.5886239675821814,3.344709365751152,0.5329046790631465,0.006726513846821224,8.166666666666666,10.133333333333333,24.081632653061224,0.2219749569451004
