research_question,condition,metric,strategy,start_period,end_period,target_reach,wom,contacts,memory,memory_half_life,n_pairs,effect,se,ci95_low,ci95_high,cohens_dz,p_value,p_holm
RQ1,engagement,fake_repost_share_all,ENGAGEMENT,1.0,-1.0,,1.0,5.0,-1.0,0.33,30,-0.00020916666666666306,0.0003098248562831602,-0.0008428296466064869,0.0004244963132731608,-0.12325813470432671,0.5049518018980963,1.0
RQ1,engagement,fake_repost_share_final100,ENGAGEMENT,1.0,-1.0,,1.0,5.0,-1.0,0.33,30,0.0001426666666666768,0.00012544626851175992,-0.0001138997601885129,0.0003992330935218665,0.2076367102942401,0.26473395084824203,0.7942018525447261
RQ1,engagement,target_share_all,ENGAGEMENT,1.0,-1.0,,1.0,5.0,-1.0,0.33,30,-0.0001671666666666534,8.944004713019426e-05,-0.0003500921022510727,1.5758768917765905e-05,-0.3412377234215579,0.07174807465551897,0.07174807465551897
RQ1,engagement,target_share_final100,ENGAGEMENT,1.0,-1.0,,1.0,5.0,-1.0,0.33,30,-0.00011933333333332332,0.00013271517625224033,-0.0003907663457652714,0.0001520996790986248,-0.16416499447588231,0.37596860539954874,0.5006768905933768
RQ1,engagement,fake_repost_share_decisions,ENGAGEMENT,1.0,-1.0,,1.0,5.0,-1.0,0.33,30,-0.00020916666666666582,0.0003098248562831608,-0.0008428296466064908,0.0004244963132731592,-0.1232581347043281,0.5049518018980915,1.0
RQ1,engagement,target_share_decisions,ENGAGEMENT,1.0,-1.0,,1.0,5.0,-1.0,0.33,30,-0.00016716666666666678,8.944004713019409e-05,-0.0003500921022510857,1.5758768917752163e-05,-0.3412377234215859,0.07174807465549687,0.07174807465549687
RQ1,engagement,participation_rate,ENGAGEMENT,1.0,-1.0,,1.0,5.0,-1.0,0.33,30,0.0,0.0,0.0,0.0,,,
RQ1,engagement,cumulative_fake_reposts,ENGAGEMENT,1.0,-1.0,,1.0,5.0,-1.0,0.33,30,-41.833333333333336,61.96497125663216,-168.56592932129837,84.89926265463168,-0.1232581347043286,0.50495180189809,1.0
RQ1,engagement,target_unique_reposters_p400,ENGAGEMENT,1.0,-1.0,,1.0,5.0,-1.0,0.33,30,-1.0666666666666667,0.6449330952261697,-2.385702950215622,0.25236961688228887,-0.30196279221143746,0.10892993718138229,0.10892993718138229
RQ1,proximity,fake_repost_share_all,PROXIMITY,1.0,-1.0,,1.0,5.0,-1.0,0.33,30,-0.00033249999999999345,0.00010396057774049599,-0.0005451232552080971,-0.0001198767447918898,-0.5839320837720567,0.003332646880682036,0.01666323440341018
RQ1,proximity,fake_repost_share_final100,PROXIMITY,1.0,-1.0,,1.0,5.0,-1.0,0.33,30,-0.00014933333333332077,0.00013858972224198437,-0.00043278114135756517,0.00013411447469092362,-0.19672751565055444,0.2901295452498539,0.7942018525447261
RQ1,proximity,target_share_all,PROXIMITY,1.0,-1.0,,1.0,5.0,-1.0,0.33,30,0.0003946666666666731,0.00011242799313270536,0.00016472560250617213,0.0006246077308271741,0.6409075118671839,0.0014833410598256269,0.00445002317947688
RQ1,proximity,target_share_final100,PROXIMITY,1.0,-1.0,,1.0,5.0,-1.0,0.33,30,0.0003053333333333433,0.00016182275910385686,-2.5631370357564467e-05,0.0006362980370242511,0.34448791412499213,0.06923005066418861,0.20769015199256582
RQ1,proximity,fake_repost_share_decisions,PROXIMITY,1.0,-1.0,,1.0,5.0,-1.0,0.33,30,-0.0003325000000000004,0.00010396057774049745,-0.000545123255208107,-0.00011987674479189373,-0.5839320837720606,0.0033326468806818463,0.016663234403409232
RQ1,proximity,target_share_decisions,PROXIMITY,1.0,-1.0,,1.0,5.0,-1.0,0.33,30,0.0003946666666666664,0.00011242799313270131,0.0001647256025061737,0.0006246077308271591,0.6409075118671961,0.001483341059825365,0.004450023179476095
RQ1,proximity,participation_rate,PROXIMITY,1.0,-1.0,,1.0,5.0,-1.0,0.33,30,0.0,0.0,0.0,0.0,,,
RQ1,proximity,cumulative_fake_reposts,PROXIMITY,1.0,-1.0,,1.0,5.0,-1.0,0.33,30,-66.5,20.79211554809941,-109.02465104162117,-23.97534895837883,-0.5839320837720622,0.0033326468806817696,0.016663234403408847
RQ1,proximity,target_unique_reposters_p400,PROXIMITY,1.0,-1.0,,1.0,5.0,-1.0,0.33,30,3.6333333333333333,0.7943526726727717,2.0086997008756446,5.257966965791022,0.835086099690087,8.27536436808344e-05,0.0001655072873616688
RQ1,informational,fake_repost_share_all,INFORMATIONAL_CAMOUFLAGE,1.0,-1.0,,1.0,5.0,-1.0,0.33,30,-7.39999999999963e-05,8.665010893998233e-05,-0.00025121937129807606,0.0001032193712980835,-0.15592005500133163,0.4000995473493726,1.0
RQ1,informational,fake_repost_share_final100,INFORMATIONAL_CAMOUFLAGE,1.0,-1.0,,1.0,5.0,-1.0,0.33,30,5.866666666667353e-05,0.00011306364125208226,-0.000172574443869543,0.00028990777720289005,0.09473442376089439,0.6077804937501147,0.7942018525447261
RQ1,informational,target_share_all,INFORMATIONAL_CAMOUFLAGE,1.0,-1.0,,1.0,5.0,-1.0,0.33,30,0.0008690000000000066,0.00010759849804532286,0.0006489363623487546,0.0010890636376512585,1.474527715283112,6.607990735755229e-09,2.6431962943020917e-08
RQ1,informational,target_share_final100,INFORMATIONAL_CAMOUFLAGE,1.0,-1.0,,1.0,5.0,-1.0,0.33,30,0.0006880000000000134,0.000152287085210267,0.0003765379392139865,0.0009994620607860403,0.8248305473907119,9.666483955175048e-05,0.0003866593582070019
RQ1,informational,fake_repost_share_decisions,INFORMATIONAL_CAMOUFLAGE,1.0,-1.0,,1.0,5.0,-1.0,0.33,30,-7.399999999999906e-05,8.665010893997975e-05,-0.00025121937129807357,0.00010321937129807544,-0.15592005500134207,0.40009954734934133,1.0
RQ1,informational,target_share_decisions,INFORMATIONAL_CAMOUFLAGE,1.0,-1.0,,1.0,5.0,-1.0,0.33,30,0.0008689999999999999,0.00010759849804532213,0.0006489363623487493,0.0010890636376512503,1.4745277152831107,6.6079907357553666e-09,2.6431962943021466e-08
RQ1,informational,participation_rate,INFORMATIONAL_CAMOUFLAGE,1.0,-1.0,,1.0,5.0,-1.0,0.33,30,0.0,0.0,0.0,0.0,,,
RQ1,informational,cumulative_fake_reposts,INFORMATIONAL_CAMOUFLAGE,1.0,-1.0,,1.0,5.0,-1.0,0.33,30,-14.8,17.330021787995932,-50.24387425961487,20.643874259614865,-0.1559200550013442,0.40009954734933495,1.0
RQ1,informational,target_unique_reposters_p400,INFORMATIONAL_CAMOUFLAGE,1.0,-1.0,,1.0,5.0,-1.0,0.33,30,5.9,0.9900075467029205,3.8752072195481113,7.92479278045189,1.088060086020806,1.7798314226006331e-06,7.1193256904025325e-06
RQ1,credibility,fake_repost_share_all,CREDIBILITY_CAMOUFLAGE,1.0,-1.0,,1.0,5.0,-1.0,0.33,30,-8.349999999999978e-05,0.0001692546456008551,-0.0004296646182515341,0.0002626646182515345,-0.09007105514361176,0.6254881608877816,1.0
RQ1,credibility,fake_repost_share_final100,CREDIBILITY_CAMOUFLAGE,1.0,-1.0,,1.0,5.0,-1.0,0.33,30,-0.00020066666666665686,0.0001419453783025538,-0.00049097756193478,8.964422860146634e-05,-0.25810317834237073,0.168098665688643,0.672394662754572
RQ1,credibility,target_share_all,CREDIBILITY_CAMOUFLAGE,1.0,-1.0,,1.0,5.0,-1.0,0.33,30,0.00047933333333333644,0.00013751211719510142,0.00019808947509348884,0.0007605771915731841,0.6364085933807047,0.0015825778911339107,0.00445002317947688
RQ1,credibility,target_share_final100,CREDIBILITY_CAMOUFLAGE,1.0,-1.0,,1.0,5.0,-1.0,0.33,30,0.00017600000000001005,0.00015004183324706025,-0.00013087000491680966,0.0004828700049168298,0.21416065114361135,0.2503384452966884,0.5006768905933768
RQ1,credibility,fake_repost_share_decisions,CREDIBILITY_CAMOUFLAGE,1.0,-1.0,,1.0,5.0,-1.0,0.33,30,-8.349999999999932e-05,0.00016925464560085612,-0.00042966461825153575,0.0002626646182515371,-0.09007105514361072,0.6254881608877856,1.0
RQ1,credibility,target_share_decisions,CREDIBILITY_CAMOUFLAGE,1.0,-1.0,,1.0,5.0,-1.0,0.33,30,0.0004793333333333331,0.00013751211719509996,0.00019808947509348846,0.0007605771915731777,0.636408593380707,0.0015825778911338659,0.004450023179476095
RQ1,credibility,participation_rate,CREDIBILITY_CAMOUFLAGE,1.0,-1.0,,1.0,5.0,-1.0,0.33,30,0.0,0.0,0.0,0.0,,,
RQ1,credibility,cumulative_fake_reposts,CREDIBILITY_CAMOUFLAGE,1.0,-1.0,,1.0,5.0,-1.0,0.33,30,-16.7,33.85092912017114,-85.93292365030712,52.53292365030711,-0.09007105514361166,0.6254881608877818,1.0
RQ1,credibility,target_unique_reposters_p400,CREDIBILITY_CAMOUFLAGE,1.0,-1.0,,1.0,5.0,-1.0,0.33,30,3.933333333333333,0.6863753427324668,2.529538136747899,5.337128529918767,1.046257180644565,3.3434387847235636e-06,1.0030316354170691e-05
RQ1,all,fake_repost_share_all,"ENGAGEMENT,PROXIMITY,INFORMATIONAL_CAMOUFLAGE,CREDIBILITY_CAMOUFLAGE",1.0,-1.0,,1.0,5.0,-1.0,0.33,30,0.0015684999999999976,0.0008501619571871444,-0.00017027643545270408,0.0033072764354526996,0.3368388905918151,0.07528142823096251,0.30112571292385004
RQ1,all,fake_repost_share_final100,"ENGAGEMENT,PROXIMITY,INFORMATIONAL_CAMOUFLAGE,CREDIBILITY_CAMOUFLAGE",1.0,-1.0,,1.0,5.0,-1.0,0.33,30,0.0019920000000000055,0.0003801870078258065,0.001214430262040928,0.002769569737959083,0.9566023317400294,1.3035367174707227e-05,6.517683587353613e-05
RQ1,all,target_share_all,"ENGAGEMENT,PROXIMITY,INFORMATIONAL_CAMOUFLAGE,CREDIBILITY_CAMOUFLAGE",1.0,-1.0,,1.0,5.0,-1.0,0.33,30,0.00470916666666668,0.00035199710057365156,0.003989251762628682,0.0054290815707046785,2.442554977660541,6.176653082241534e-14,3.088326541120767e-13
RQ1,all,target_share_final100,"ENGAGEMENT,PROXIMITY,INFORMATIONAL_CAMOUFLAGE,CREDIBILITY_CAMOUFLAGE",1.0,-1.0,,1.0,5.0,-1.0,0.33,30,0.003698000000000004,0.0006261161803246794,0.002417448628581065,0.004978551371418943,1.07832916706916,2.0605831770766244e-06,1.0302915885383121e-05
RQ1,all,fake_repost_share_decisions,"ENGAGEMENT,PROXIMITY,INFORMATIONAL_CAMOUFLAGE,CREDIBILITY_CAMOUFLAGE",1.0,-1.0,,1.0,5.0,-1.0,0.33,30,0.0015685000000000013,0.0008501619571871444,-0.0001702764354527004,0.003307276435452703,0.3368388905918159,0.07528142823096183,0.3011257129238473
RQ1,all,target_share_decisions,"ENGAGEMENT,PROXIMITY,INFORMATIONAL_CAMOUFLAGE,CREDIBILITY_CAMOUFLAGE",1.0,-1.0,,1.0,5.0,-1.0,0.33,30,0.004709166666666666,0.0003519971005736561,0.003989251762628658,0.005429081570704674,2.4425549776605022,6.176653082243983e-14,3.0883265411219914e-13
RQ1,all,participation_rate,"ENGAGEMENT,PROXIMITY,INFORMATIONAL_CAMOUFLAGE,CREDIBILITY_CAMOUFLAGE",1.0,-1.0,,1.0,5.0,-1.0,0.33,30,0.0,0.0,0.0,0.0,,,
RQ1,all,cumulative_fake_reposts,"ENGAGEMENT,PROXIMITY,INFORMATIONAL_CAMOUFLAGE,CREDIBILITY_CAMOUFLAGE",1.0,-1.0,,1.0,5.0,-1.0,0.33,30,313.7,170.03239143742886,-34.055287090540276,661.4552870905402,0.33683889059181565,0.07528142823096207,0.30112571292384827
RQ1,all,target_unique_reposters_p400,"ENGAGEMENT,PROXIMITY,INFORMATIONAL_CAMOUFLAGE,CREDIBILITY_CAMOUFLAGE",1.0,-1.0,,1.0,5.0,-1.0,0.33,30,17.166666666666668,1.6733772948385626,13.744225820791003,20.58910751254233,1.8729728196000284,3.6856052937511434e-11,1.8428026468755718e-10
RQ2,credibility_p1_d25,fake_repost_share_all,CREDIBILITY_CAMOUFLAGE,1.0,25.0,,1.0,5.0,-1.0,0.33,30,-8.216666666665633e-05,7.107050220397149e-05,-0.00022752216445547644,6.318883112216377e-05,-0.21107930581932574,0.2570644190675856,1.0
RQ2,credibility_p1_d25,fake_repost_share_final100,CREDIBILITY_CAMOUFLAGE,1.0,25.0,,1.0,5.0,-1.0,0.33,30,1.1333333333349988e-05,7.712258242764006e-06,-4.440005832533229e-06,2.7106672499233205e-05,0.26829678688146397,0.1524573247618963,1.0
RQ2,credibility_p1_d25,target_share_all,CREDIBILITY_CAMOUFLAGE,1.0,25.0,,1.0,5.0,-1.0,0.33,30,4.6166666666679934e-05,4.714838604356865e-05,-5.02626100483425e-05,0.00014259594338170237,0.17877264285565567,0.3355904733517503,0.4214022699838105
RQ2,credibility_p1_d25,target_share_final100,CREDIBILITY_CAMOUFLAGE,1.0,25.0,,1.0,5.0,-1.0,0.33,30,4.000000000006617e-06,9.608425421496169e-06,-1.565143648625876e-05,2.3651436486271993e-05,0.07600587102519363,0.6802545628023425,1.0
RQ2,credibility_p1_d25,fake_repost_share_decisions,CREDIBILITY_CAMOUFLAGE,1.0,25.0,,1.0,5.0,-1.0,0.33,30,-8.216666666666697e-05,7.107050220397346e-05,-0.00022752216445549108,6.318883112215715e-05,-0.21107930581934722,0.2570644190675384,1.0
RQ2,credibility_p1_d25,target_share_decisions,CREDIBILITY_CAMOUFLAGE,1.0,25.0,,1.0,5.0,-1.0,0.33,30,4.616666666666652e-05,4.714838604356896e-05,-5.026261004835655e-05,0.00014259594338168958,0.17877264285560251,0.3355904733518915,0.42140226998310215
RQ2,credibility_p1_d25,participation_rate,CREDIBILITY_CAMOUFLAGE,1.0,25.0,,1.0,5.0,-1.0,0.33,30,0.0,0.0,0.0,0.0,,,
RQ2,credibility_p1_d25,cumulative_fake_reposts,CREDIBILITY_CAMOUFLAGE,1.0,25.0,,1.0,5.0,-1.0,0.33,30,-16.433333333333334,14.214100440794564,-45.50443289109789,12.637766224431228,-0.21107930581934836,0.2570644190675358,1.0
RQ2,credibility_p1_d25,target_unique_reposters_p400,CREDIBILITY_CAMOUFLAGE,1.0,25.0,,1.0,5.0,-1.0,0.33,30,1.8,0.5014920267298008,0.7743336416390056,2.8256663583609942,0.6553115842062317,0.0012045347872016701,0.010840813084815031
RQ2,credibility_p1_d100,fake_repost_share_all,CREDIBILITY_CAMOUFLAGE,1.0,100.0,,1.0,5.0,-1.0,0.33,30,-5.08333333333245e-05,0.00011290064886177641,-0.0002817410870014454,0.0001800744203347964,-0.08220372991811761,0.6558793738577359,1.0
RQ2,credibility_p1_d100,fake_repost_share_final100,CREDIBILITY_CAMOUFLAGE,1.0,100.0,,1.0,5.0,-1.0,0.33,30,1.8000000000006438e-05,1.0118834152099589e-05,-2.695339551692377e-06,3.8695339551705256e-05,0.3247741089175061,0.08574804957877226,1.0
RQ2,credibility_p1_d100,target_share_all,CREDIBILITY_CAMOUFLAGE,1.0,100.0,,1.0,5.0,-1.0,0.33,30,0.0002063333333333499,7.387545177851078e-05,5.5241069529994563e-05,0.0003574255971367053,0.50992771532434,0.00915276226309241,0.0823748603678317
RQ2,credibility_p1_d100,target_share_final100,CREDIBILITY_CAMOUFLAGE,1.0,100.0,,1.0,5.0,-1.0,0.33,30,1.2666666666676631e-05,1.1037379887875656e-05,-9.907309851485988e-06,3.524064318483925e-05,0.20952493956041804,0.2605069711124316,1.0
RQ2,credibility_p1_d100,fake_repost_share_decisions,CREDIBILITY_CAMOUFLAGE,1.0,100.0,,1.0,5.0,-1.0,0.33,30,-5.0833333333330975e-05,0.00011290064886177546,-0.00028174108700144995,0.000180074420334788,-0.08220372991812878,0.6558793738576923,1.0
RQ2,credibility_p1_d100,target_share_decisions,CREDIBILITY_CAMOUFLAGE,1.0,100.0,,1.0,5.0,-1.0,0.33,30,0.00020633333333333314,7.38754517785098e-05,5.5241069529979764e-05,0.00035742559713668653,0.5099277153243053,0.009152762263096638,0.08237486036786974
RQ2,credibility_p1_d100,participation_rate,CREDIBILITY_CAMOUFLAGE,1.0,100.0,,1.0,5.0,-1.0,0.33,30,0.0,0.0,0.0,0.0,,,
RQ2,credibility_p1_d100,cumulative_fake_reposts,CREDIBILITY_CAMOUFLAGE,1.0,100.0,,1.0,5.0,-1.0,0.33,30,-10.166666666666666,22.58012977235513,-56.34821740029054,36.01488406695721,-0.08220372991813246,0.6558793738576779,1.0
RQ2,credibility_p1_d100,target_unique_reposters_p400,CREDIBILITY_CAMOUFLAGE,1.0,100.0,,1.0,5.0,-1.0,0.33,30,2.3333333333333335,0.47302726060136396,1.365883958414593,3.3007827082520738,0.9005959467823128,3.0578408088947194e-05,0.0004708157575782902
RQ2,credibility_p1_permanent,fake_repost_share_all,CREDIBILITY_CAMOUFLAGE,1.0,-1.0,,1.0,5.0,-1.0,0.33,30,-8.349999999999978e-05,0.0001692546456008551,-0.0004296646182515341,0.0002626646182515345,-0.09007105514361176,0.6254881608877816,1.0
RQ2,credibility_p1_permanent,fake_repost_share_final100,CREDIBILITY_CAMOUFLAGE,1.0,-1.0,,1.0,5.0,-1.0,0.33,30,-0.00020066666666665686,0.0001419453783025538,-0.00049097756193478,8.964422860146634e-05,-0.25810317834237073,0.168098665688643,1.0
RQ2,credibility_p1_permanent,target_share_all,CREDIBILITY_CAMOUFLAGE,1.0,-1.0,,1.0,5.0,-1.0,0.33,30,0.00047933333333333644,0.00013751211719510142,0.00019808947509348884,0.0007605771915731841,0.6364085933807047,0.0015825778911339107,0.02057351258474084
RQ2,credibility_p1_permanent,target_share_final100,CREDIBILITY_CAMOUFLAGE,1.0,-1.0,,1.0,5.0,-1.0,0.33,30,0.00017600000000001005,0.00015004183324706025,-0.00013087000491680966,0.0004828700049168298,0.21416065114361135,0.2503384452966884,1.0
RQ2,credibility_p1_permanent,fake_repost_share_decisions,CREDIBILITY_CAMOUFLAGE,1.0,-1.0,,1.0,5.0,-1.0,0.33,30,-8.349999999999932e-05,0.00016925464560085612,-0.00042966461825153575,0.0002626646182515371,-0.09007105514361072,0.6254881608877856,1.0
RQ2,credibility_p1_permanent,target_share_decisions,CREDIBILITY_CAMOUFLAGE,1.0,-1.0,,1.0,5.0,-1.0,0.33,30,0.0004793333333333331,0.00013751211719509996,0.00019808947509348846,0.0007605771915731777,0.636408593380707,0.0015825778911338659,0.020573512584740255
RQ2,credibility_p1_permanent,participation_rate,CREDIBILITY_CAMOUFLAGE,1.0,-1.0,,1.0,5.0,-1.0,0.33,30,0.0,0.0,0.0,0.0,,,
RQ2,credibility_p1_permanent,cumulative_fake_reposts,CREDIBILITY_CAMOUFLAGE,1.0,-1.0,,1.0,5.0,-1.0,0.33,30,-16.7,33.85092912017114,-85.93292365030712,52.53292365030711,-0.09007105514361166,0.6254881608877818,1.0
RQ2,credibility_p1_permanent,target_unique_reposters_p400,CREDIBILITY_CAMOUFLAGE,1.0,-1.0,,1.0,5.0,-1.0,0.33,30,3.933333333333333,0.6863753427324668,2.529538136747899,5.337128529918767,1.046257180644565,3.3434387847235636e-06,5.683845934030058e-05
RQ2,credibility_p101_d25,fake_repost_share_all,CREDIBILITY_CAMOUFLAGE,101.0,125.0,,1.0,5.0,-1.0,0.33,30,2.8333333333347793e-05,3.0048173327283198e-05,-3.312208144755305e-05,8.978874811424864e-05,0.17215473330061887,0.3535062204160067,1.0
RQ2,credibility_p101_d25,fake_repost_share_final100,CREDIBILITY_CAMOUFLAGE,101.0,125.0,,1.0,5.0,-1.0,0.33,30,0.0,0.0,0.0,0.0,,,
RQ2,credibility_p101_d25,target_share_all,CREDIBILITY_CAMOUFLAGE,101.0,125.0,,1.0,5.0,-1.0,0.33,30,3.383333333332646e-05,2.05774166655674e-05,-8.252209189607471e-06,7.591887585626039e-05,0.30018798704476696,0.11093444720567862,0.4214022699838105
RQ2,credibility_p101_d25,target_share_final100,CREDIBILITY_CAMOUFLAGE,101.0,125.0,,1.0,5.0,-1.0,0.33,30,0.0,0.0,0.0,0.0,,,
RQ2,credibility_p101_d25,fake_repost_share_decisions,CREDIBILITY_CAMOUFLAGE,101.0,125.0,,1.0,5.0,-1.0,0.33,30,2.8333333333333915e-05,3.0048173327284648e-05,-3.312208144756989e-05,8.978874811423773e-05,0.17215473330052625,0.35350622041626184,1.0
RQ2,credibility_p101_d25,target_share_decisions,CREDIBILITY_CAMOUFLAGE,101.0,125.0,,1.0,5.0,-1.0,0.33,30,3.383333333333317e-05,2.057741666556694e-05,-8.252209189599821e-06,7.591887585626616e-05,0.30018798704483324,0.11093444720560319,0.42140226998310215
RQ2,credibility_p101_d25,participation_rate,CREDIBILITY_CAMOUFLAGE,101.0,125.0,,1.0,5.0,-1.0,0.33,30,0.0,0.0,0.0,0.0,,,
RQ2,credibility_p101_d25,cumulative_fake_reposts,CREDIBILITY_CAMOUFLAGE,101.0,125.0,,1.0,5.0,-1.0,0.33,30,5.666666666666667,6.00963466545684,-6.6244162895139125,17.957749622847246,0.1721547333005253,0.35350622041626445,1.0
RQ2,credibility_p101_d25,target_unique_reposters_p400,CREDIBILITY_CAMOUFLAGE,101.0,125.0,,1.0,5.0,-1.0,0.33,30,0.26666666666666666,0.11678975444487853,0.027804798978601497,0.5055285343547318,0.4168726082816913,0.029924999215564296,0.17954999529338578
RQ2,credibility_p101_d100,fake_repost_share_all,CREDIBILITY_CAMOUFLAGE,101.0,200.0,,1.0,5.0,-1.0,0.33,30,-3.549999999999248e-05,3.664002428097462e-05,-0.00011043726374790374,3.9437263747918784e-05,-0.17689353990162499,0.34061390074343234,1.0
RQ2,credibility_p101_d100,fake_repost_share_final100,CREDIBILITY_CAMOUFLAGE,101.0,200.0,,1.0,5.0,-1.0,0.33,30,1.4000000000003593e-05,9.926164195306993e-06,-6.301285244914578e-06,3.430128524492177e-05,0.2575051703154281,0.16905430373303704,1.0
RQ2,credibility_p101_d100,target_share_all,CREDIBILITY_CAMOUFLAGE,101.0,200.0,,1.0,5.0,-1.0,0.33,30,8.716666666667648e-05,3.899062909325776e-05,7.421876279743966e-06,0.000166911457053609,0.40815918000604984,0.0332421687531733,0.22277893949040034
RQ2,credibility_p101_d100,target_share_final100,CREDIBILITY_CAMOUFLAGE,101.0,200.0,,1.0,5.0,-1.0,0.33,30,1.333333333329983e-06,4.06083999388483e-06,-6.972016994121255e-06,9.63868366078122e-06,0.05994627913092952,0.7450142227067696,1.0
RQ2,credibility_p101_d100,fake_repost_share_decisions,CREDIBILITY_CAMOUFLAGE,101.0,200.0,,1.0,5.0,-1.0,0.33,30,-3.549999999999896e-05,3.664002428097377e-05,-0.00011043726374790848,3.943726374791057e-05,-0.17689353990166137,0.3406139007433349,1.0
RQ2,credibility_p101_d100,target_share_decisions,CREDIBILITY_CAMOUFLAGE,101.0,200.0,,1.0,5.0,-1.0,0.33,30,8.716666666666641e-05,3.899062909325935e-05,7.42187627973063e-06,0.0001669114570536022,0.40815918000598606,0.033242168753198756,0.22277893949073557
RQ2,credibility_p101_d100,participation_rate,CREDIBILITY_CAMOUFLAGE,101.0,200.0,,1.0,5.0,-1.0,0.33,30,0.0,0.0,0.0,0.0,,,
RQ2,credibility_p101_d100,cumulative_fake_reposts,CREDIBILITY_CAMOUFLAGE,101.0,200.0,,1.0,5.0,-1.0,0.33,30,-7.1,7.328004856194747,-22.087452749581892,7.887452749581893,-0.17689353990166673,0.3406139007433206,1.0
RQ2,credibility_p101_d100,target_unique_reposters_p400,CREDIBILITY_CAMOUFLAGE,101.0,200.0,,1.0,5.0,-1.0,0.33,30,1.0333333333333334,0.28155289139225864,0.45749301402971654,1.6091736526369504,0.6700694533685917,0.0009718768698225745,0.010191434681336296
RQ2,credibility_p101_permanent,fake_repost_share_all,CREDIBILITY_CAMOUFLAGE,101.0,-1.0,,1.0,5.0,-1.0,0.33,30,-9.816666666665937e-05,5.9061376284188096e-05,-0.0002189607441482343,2.262741081491556e-05,-0.3034588824440393,0.10726371331237072,1.0
RQ2,credibility_p101_permanent,fake_repost_share_final100,CREDIBILITY_CAMOUFLAGE,101.0,-1.0,,1.0,5.0,-1.0,0.33,30,-0.00020533333333331362,0.0001430599370678929,-0.0004979237572262072,8.725709055958e-05,-0.2620479704275039,0.16190131283990442,1.0
RQ2,credibility_p101_permanent,target_share_all,CREDIBILITY_CAMOUFLAGE,101.0,-1.0,,1.0,5.0,-1.0,0.33,30,0.00021750000000001006,6.36959146274704e-05,8.722722732115357e-05,0.0003477727726788665,0.6234290794216892,0.0019062217656141674,0.02287466118737001
RQ2,credibility_p101_permanent,target_share_final100,CREDIBILITY_CAMOUFLAGE,101.0,-1.0,,1.0,5.0,-1.0,0.33,30,0.000168,0.00015013434596747557,-0.0001390592146748875,0.00047505921467488746,0.2043001088300877,0.272324422663095,1.0
RQ2,credibility_p101_permanent,fake_repost_share_decisions,CREDIBILITY_CAMOUFLAGE,101.0,-1.0,,1.0,5.0,-1.0,0.33,30,-9.816666666666585e-05,5.9061376284187846e-05,-0.00021896074414824027,2.2627410814908566e-05,-0.30345888244406055,0.10726371331234714,1.0
RQ2,credibility_p101_permanent,target_share_decisions,CREDIBILITY_CAMOUFLAGE,101.0,-1.0,,1.0,5.0,-1.0,0.33,30,0.00021749999999999997,6.369591462746946e-05,8.722722732114541e-05,0.00034777277267885454,0.6234290794216695,0.001906221765614707,0.022874661187376487
RQ2,credibility_p101_permanent,participation_rate,CREDIBILITY_CAMOUFLAGE,101.0,-1.0,,1.0,5.0,-1.0,0.33,30,0.0,0.0,0.0,0.0,,,
RQ2,credibility_p101_permanent,cumulative_fake_reposts,CREDIBILITY_CAMOUFLAGE,101.0,-1.0,,1.0,5.0,-1.0,0.33,30,-19.633333333333333,11.81227525683748,-43.792148829648035,4.525482162981369,-0.3034588824440654,0.10726371331234189,1.0
RQ2,credibility_p101_permanent,target_unique_reposters_p400,CREDIBILITY_CAMOUFLAGE,101.0,-1.0,,1.0,5.0,-1.0,0.33,30,2.1,0.5557432633083768,0.9633774044661483,3.236622595533852,0.6898973241190114,0.0007270290807616127,0.008724348969139352
RQ2,credibility_p201_d25,fake_repost_share_all,CREDIBILITY_CAMOUFLAGE,201.0,225.0,,1.0,5.0,-1.0,0.33,30,3.499999999996099e-06,1.116272018099314e-05,-1.9330326201004e-05,2.63303262009962e-05,0.05724497614031648,0.7561118465955515,1.0
RQ2,credibility_p201_d25,fake_repost_share_final100,CREDIBILITY_CAMOUFLAGE,201.0,225.0,,1.0,5.0,-1.0,0.33,30,-2.66666666667049e-06,2.8338403873568617e-06,-8.462521027965565e-06,3.129187694624585e-06,-0.17180378179836261,0.3544737695795638,1.0
RQ2,credibility_p201_d25,target_share_all,CREDIBILITY_CAMOUFLAGE,201.0,225.0,,1.0,5.0,-1.0,0.33,30,2.0833333333326414e-05,1.1653728458018174e-05,-3.0012175503777916e-06,4.466788421703062e-05,0.3263872918666953,0.0842804539967621,0.4214022699838105
RQ2,credibility_p201_d25,target_share_final100,CREDIBILITY_CAMOUFLAGE,201.0,225.0,,1.0,5.0,-1.0,0.33,30,5.782411586589357e-20,9.589266029707709e-07,-1.9612251130253804e-06,1.9612251130254964e-06,1.100938366204574e-14,0.9999999999999523,1.0
RQ2,credibility_p201_d25,fake_repost_share_decisions,CREDIBILITY_CAMOUFLAGE,201.0,225.0,,1.0,5.0,-1.0,0.33,30,3.5000000000007246e-06,1.1162720180989738e-05,-1.933032620099242e-05,2.633032620099387e-05,0.05724497614040958,0.7561118465951681,1.0
RQ2,credibility_p201_d25,target_share_decisions,CREDIBILITY_CAMOUFLAGE,201.0,225.0,,1.0,5.0,-1.0,0.33,30,2.083333333333312e-05,1.1653728458016322e-05,-3.0012175503672986e-06,4.4667884217033534e-05,0.32638729186685217,0.08428045399662043,0.42140226998310215
RQ2,credibility_p201_d25,participation_rate,CREDIBILITY_CAMOUFLAGE,201.0,225.0,,1.0,5.0,-1.0,0.33,30,0.0,0.0,0.0,0.0,,,
RQ2,credibility_p201_d25,cumulative_fake_reposts,CREDIBILITY_CAMOUFLAGE,201.0,225.0,,1.0,5.0,-1.0,0.33,30,0.7,2.232544036197991,-3.8660652401987177,5.266065240198718,0.057244976140396614,0.7561118465952215,1.0
RQ2,credibility_p201_d25,target_unique_reposters_p400,CREDIBILITY_CAMOUFLAGE,201.0,225.0,,1.0,5.0,-1.0,0.33,30,0.3333333333333333,0.21081851067789203,-0.09783893381536124,0.7645056004820279,0.28867513459481275,0.12469296900611526,0.49877187602446105
RQ2,credibility_p201_d100,fake_repost_share_all,CREDIBILITY_CAMOUFLAGE,201.0,300.0,,1.0,5.0,-1.0,0.33,30,-4.449999999999084e-05,3.384493883961863e-05,-0.00011372067215094728,2.4720672150965597e-05,-0.24005217761385797,0.19887368617276852,1.0
RQ2,credibility_p201_d100,fake_repost_share_final100,CREDIBILITY_CAMOUFLAGE,201.0,300.0,,1.0,5.0,-1.0,0.33,30,-0.0001259999999999884,5.536213071443084e-05,-0.0002392282707887677,-1.2771729211209093e-05,-0.4155249647791913,0.030417666523576928,0.5475179974243847
RQ2,credibility_p201_d100,target_share_all,CREDIBILITY_CAMOUFLAGE,201.0,300.0,,1.0,5.0,-1.0,0.33,30,5.833333333334998e-05,3.291955828998425e-05,-8.994723087241161e-06,0.00012566138975394112,0.3235207698282383,0.08690322545097068,0.4214022699838105
RQ2,credibility_p201_d100,target_share_final100,CREDIBILITY_CAMOUFLAGE,201.0,300.0,,1.0,5.0,-1.0,0.33,30,-0.00011933333333332988,5.9356575584633055e-05,-0.00024073116117451167,2.064494507851916e-06,-0.36705598262236183,0.053764989145860385,0.8064748371879058
RQ2,credibility_p201_d100,fake_repost_share_decisions,CREDIBILITY_CAMOUFLAGE,201.0,300.0,,1.0,5.0,-1.0,0.33,30,-4.450000000000102e-05,3.384493883961786e-05,-0.00011372067215095587,2.4720672150953833e-05,-0.24005217761391834,0.19887368617265877,1.0
RQ2,credibility_p201_d100,target_share_decisions,CREDIBILITY_CAMOUFLAGE,201.0,300.0,,1.0,5.0,-1.0,0.33,30,5.833333333333321e-05,3.2919558289984116e-05,-8.994723087257662e-06,0.00012566138975392407,0.32352076982814665,0.08690322545105565,0.42140226998310215
RQ2,credibility_p201_d100,participation_rate,CREDIBILITY_CAMOUFLAGE,201.0,300.0,,1.0,5.0,-1.0,0.33,30,0.0,0.0,0.0,0.0,,,
RQ2,credibility_p201_d100,cumulative_fake_reposts,CREDIBILITY_CAMOUFLAGE,201.0,300.0,,1.0,5.0,-1.0,0.33,30,-8.9,6.768987767923565,-22.744134430190957,4.944134430190957,-0.2400521776139131,0.1988736861726683,1.0
RQ2,credibility_p201_d100,target_unique_reposters_p400,CREDIBILITY_CAMOUFLAGE,201.0,300.0,,1.0,5.0,-1.0,0.33,30,0.4,0.2737563309507785,-0.15989456278202252,0.9598945627820226,0.266768896559886,0.1547247495849232,0.49877187602446105
RQ2,credibility_p201_permanent,fake_repost_share_all,CREDIBILITY_CAMOUFLAGE,201.0,-1.0,,1.0,5.0,-1.0,0.33,30,-6.766666666667882e-05,4.8862776028653177e-05,-0.00016760226459737156,3.2268931264013925e-05,-0.25283431640470977,0.1766666936016893,1.0
RQ2,credibility_p201_permanent,fake_repost_share_final100,CREDIBILITY_CAMOUFLAGE,201.0,-1.0,,1.0,5.0,-1.0,0.33,30,-0.00021866666666664735,0.00014546930263001432,-0.0005161847964259255,7.885146309263071e-05,-0.27444201569775994,0.14360530329641047,1.0
RQ2,credibility_p201_permanent,target_share_all,CREDIBILITY_CAMOUFLAGE,201.0,-1.0,,1.0,5.0,-1.0,0.33,30,0.00013000000000000327,5.010964988397369e-05,2.751425870040872e-05,0.00023248574129959782,0.47365416069587674,0.014709877830720286,0.11767902264576229
RQ2,credibility_p201_permanent,target_share_final100,CREDIBILITY_CAMOUFLAGE,201.0,-1.0,,1.0,5.0,-1.0,0.33,30,0.00016733333333333333,0.00015080011382456946,-0.00014108752949766175,0.0004757541961643284,0.20259100820003303,0.2762726484430914,1.0
RQ2,credibility_p201_permanent,fake_repost_share_decisions,CREDIBILITY_CAMOUFLAGE,201.0,-1.0,,1.0,5.0,-1.0,0.33,30,-6.766666666666402e-05,4.88627760286504e-05,-0.0001676022645973511,3.2268931264023046e-05,-0.25283431640466886,0.17666669360175727,1.0
RQ2,credibility_p201_permanent,target_share_decisions,CREDIBILITY_CAMOUFLAGE,201.0,-1.0,,1.0,5.0,-1.0,0.33,30,0.0001299999999999999,5.010964988397197e-05,2.7514258700408868e-05,0.00023248574129959093,0.4736541606958807,0.01470987783071957,0.11767902264575655
RQ2,credibility_p201_permanent,participation_rate,CREDIBILITY_CAMOUFLAGE,201.0,-1.0,,1.0,5.0,-1.0,0.33,30,0.0,0.0,0.0,0.0,,,
RQ2,credibility_p201_permanent,cumulative_fake_reposts,CREDIBILITY_CAMOUFLAGE,201.0,-1.0,,1.0,5.0,-1.0,0.33,30,-13.533333333333333,9.772555205730082,-33.520452919470756,6.453786252804088,-0.2528343164046787,0.1766666936017411,1.0
RQ2,credibility_p201_permanent,target_unique_reposters_p400,CREDIBILITY_CAMOUFLAGE,201.0,-1.0,,1.0,5.0,-1.0,0.33,30,1.0333333333333334,0.5107653336451485,-0.011299067211524294,2.077965733878191,0.3693672604660906,0.05236672951052843,0.26183364755264216
RQ2,informational_p1_d25,fake_repost_share_all,INFORMATIONAL_CAMOUFLAGE,1.0,25.0,,1.0,5.0,-1.0,0.33,30,-7.700000000000947e-05,9.078096666176913e-05,-0.00026266792395812037,0.00010866792395810143,-0.15485858794254692,0.40327600330702634,1.0
RQ2,informational_p1_d25,fake_repost_share_final100,INFORMATIONAL_CAMOUFLAGE,1.0,25.0,,1.0,5.0,-1.0,0.33,30,-9.33333333332347e-06,1.079520256722407e-05,-3.141200161663719e-05,1.2745334949990252e-05,-0.15785027875552846,0.39436402179458063,1.0
RQ2,informational_p1_d25,target_share_all,INFORMATIONAL_CAMOUFLAGE,1.0,25.0,,1.0,5.0,-1.0,0.33,30,0.00015099999999999651,4.5861109660697705e-05,5.7203499100839096e-05,0.00024479650089915395,0.6011346490536119,0.0026167312793293806,0.028784044072623187
RQ2,informational_p1_d25,target_share_final100,INFORMATIONAL_CAMOUFLAGE,1.0,25.0,,1.0,5.0,-1.0,0.33,30,-1.733333333332673e-05,1.3586109652101845e-05,-4.512004751507064e-05,1.0453380848417188e-05,-0.2329304931415867,0.21214633996686866,1.0
RQ2,informational_p1_d25,fake_repost_share_decisions,INFORMATIONAL_CAMOUFLAGE,1.0,25.0,,1.0,5.0,-1.0,0.33,30,-7.69999999999979e-05,9.078096666177316e-05,-0.00026266792395811706,0.00010866792395812127,-0.15485858794251675,0.4032760033071167,1.0
RQ2,informational_p1_d25,target_share_decisions,INFORMATIONAL_CAMOUFLAGE,1.0,25.0,,1.0,5.0,-1.0,0.33,30,0.00015099999999999985,4.586110966069554e-05,5.720349910084686e-05,0.0002447965008991528,0.6011346490536534,0.002616731279327844,0.028784044072606284
RQ2,informational_p1_d25,participation_rate,INFORMATIONAL_CAMOUFLAGE,1.0,25.0,,1.0,5.0,-1.0,0.33,30,0.0,0.0,0.0,0.0,,,
RQ2,informational_p1_d25,cumulative_fake_reposts,INFORMATIONAL_CAMOUFLAGE,1.0,25.0,,1.0,5.0,-1.0,0.33,30,-15.4,18.15619333235464,-52.533584791623845,21.733584791623848,-0.1548585879425209,0.4032760033071043,1.0
RQ2,informational_p1_d25,target_unique_reposters_p400,INFORMATIONAL_CAMOUFLAGE,1.0,25.0,,1.0,5.0,-1.0,0.33,30,2.566666666666667,0.6959378577974537,1.1433139308169809,3.990019402516353,0.6733461496975006,0.0009264940619396633,0.010191434681336296
RQ2,informational_p1_d100,fake_repost_share_all,INFORMATIONAL_CAMOUFLAGE,1.0,100.0,,1.0,5.0,-1.0,0.33,30,-4.3333333333329024e-05,9.230706294607829e-05,-0.00023212247464885762,0.00014545580798219955,-0.08570902161054772,0.6422603060555021,1.0
RQ2,informational_p1_d100,fake_repost_share_final100,INFORMATIONAL_CAMOUFLAGE,1.0,100.0,,1.0,5.0,-1.0,0.33,30,-5.999999999990041e-06,1.1592704800765015e-05,-2.970974349100874e-05,1.770974349102866e-05,-0.09449435087281997,0.6086863327664278,1.0
RQ2,informational_p1_d100,target_share_all,INFORMATIONAL_CAMOUFLAGE,1.0,100.0,,1.0,5.0,-1.0,0.33,30,0.00034966666666666653,7.319707822404147e-05,0.00019996183256535072,0.0004993715007679824,0.8721674215591319,4.7125693357480975e-05,0.0007068854003622146
RQ2,informational_p1_d100,target_share_final100,INFORMATIONAL_CAMOUFLAGE,1.0,100.0,,1.0,5.0,-1.0,0.33,30,-1.1999999999993353e-05,1.3749817135673834e-05,-4.0121533579777656e-05,1.612153357979095e-05,-0.1593395903670018,0.38997459793672684,1.0
RQ2,informational_p1_d100,fake_repost_share_decisions,INFORMATIONAL_CAMOUFLAGE,1.0,100.0,,1.0,5.0,-1.0,0.33,30,-4.3333333333332263e-05,9.230706294608116e-05,-0.00023212247464886673,0.0001454558079822022,-0.08570902161055145,0.6422603060554877,1.0
RQ2,informational_p1_d100,target_share_decisions,INFORMATIONAL_CAMOUFLAGE,1.0,100.0,,1.0,5.0,-1.0,0.33,30,0.00034966666666666653,7.319707822404113e-05,0.00019996183256535142,0.0004993715007679816,0.872167421559136,4.712569335747809e-05,0.0007068854003621713
RQ2,informational_p1_d100,participation_rate,INFORMATIONAL_CAMOUFLAGE,1.0,100.0,,1.0,5.0,-1.0,0.33,30,0.0,0.0,0.0,0.0,,,
RQ2,informational_p1_d100,cumulative_fake_reposts,INFORMATIONAL_CAMOUFLAGE,1.0,100.0,,1.0,5.0,-1.0,0.33,30,-8.666666666666666,18.46141258921624,-46.42449492977357,29.091161596440244,-0.08570902161055352,0.6422603060554797,1.0
RQ2,informational_p1_d100,target_unique_reposters_p400,INFORMATIONAL_CAMOUFLAGE,1.0,100.0,,1.0,5.0,-1.0,0.33,30,3.466666666666667,0.7712258242762955,1.8893327500785602,5.044000583254773,0.8206725245775015,0.0001029450699516112,0.0014412309793225568
RQ2,informational_p1_permanent,fake_repost_share_all,INFORMATIONAL_CAMOUFLAGE,1.0,-1.0,,1.0,5.0,-1.0,0.33,30,-7.39999999999963e-05,8.665010893998233e-05,-0.00025121937129807606,0.0001032193712980835,-0.15592005500133163,0.4000995473493726,1.0
RQ2,informational_p1_permanent,fake_repost_share_final100,INFORMATIONAL_CAMOUFLAGE,1.0,-1.0,,1.0,5.0,-1.0,0.33,30,5.866666666667353e-05,0.00011306364125208226,-0.000172574443869543,0.00028990777720289005,0.09473442376089439,0.6077804937501147,1.0
RQ2,informational_p1_permanent,target_share_all,INFORMATIONAL_CAMOUFLAGE,1.0,-1.0,,1.0,5.0,-1.0,0.33,30,0.0008690000000000066,0.00010759849804532286,0.0006489363623487546,0.0010890636376512585,1.474527715283112,6.607990735755229e-09,1.1894383324359413e-07
RQ2,informational_p1_permanent,target_share_final100,INFORMATIONAL_CAMOUFLAGE,1.0,-1.0,,1.0,5.0,-1.0,0.33,30,0.0006880000000000134,0.000152287085210267,0.0003765379392139865,0.0009994620607860403,0.8248305473907119,9.666483955175048e-05,0.0015466374328280076
RQ2,informational_p1_permanent,fake_repost_share_decisions,INFORMATIONAL_CAMOUFLAGE,1.0,-1.0,,1.0,5.0,-1.0,0.33,30,-7.399999999999906e-05,8.665010893997975e-05,-0.00025121937129807357,0.00010321937129807544,-0.15592005500134207,0.40009954734934133,1.0
RQ2,informational_p1_permanent,target_share_decisions,INFORMATIONAL_CAMOUFLAGE,1.0,-1.0,,1.0,5.0,-1.0,0.33,30,0.0008689999999999999,0.00010759849804532213,0.0006489363623487493,0.0010890636376512503,1.4745277152831107,6.6079907357553666e-09,1.189438332435966e-07
RQ2,informational_p1_permanent,participation_rate,INFORMATIONAL_CAMOUFLAGE,1.0,-1.0,,1.0,5.0,-1.0,0.33,30,0.0,0.0,0.0,0.0,,,
RQ2,informational_p1_permanent,cumulative_fake_reposts,INFORMATIONAL_CAMOUFLAGE,1.0,-1.0,,1.0,5.0,-1.0,0.33,30,-14.8,17.330021787995932,-50.24387425961487,20.643874259614865,-0.1559200550013442,0.40009954734933495,1.0
RQ2,informational_p1_permanent,target_unique_reposters_p400,INFORMATIONAL_CAMOUFLAGE,1.0,-1.0,,1.0,5.0,-1.0,0.33,30,5.9,0.9900075467029205,3.8752072195481113,7.92479278045189,1.088060086020806,1.7798314226006331e-06,3.20369656068114e-05
RQ2,informational_p101_d25,fake_repost_share_all,INFORMATIONAL_CAMOUFLAGE,101.0,125.0,,1.0,5.0,-1.0,0.33,30,-4.216666666665564e-05,2.8863216193663762e-05,-0.00010119857199322141,1.6865238659910135e-05,-0.2667251211503192,0.15479010842947402,1.0
RQ2,informational_p101_d25,fake_repost_share_final100,INFORMATIONAL_CAMOUFLAGE,101.0,125.0,,1.0,5.0,-1.0,0.33,30,1.3333333333367484e-06,1.3333333333367484e-06,-1.3936395228471734e-06,4.0603061895206705e-06,0.18257418583505536,0.3255819880161937,1.0
RQ2,informational_p101_d25,target_share_all,INFORMATIONAL_CAMOUFLAGE,101.0,125.0,,1.0,5.0,-1.0,0.33,30,2.766666666666999e-05,1.834022858838949e-05,-9.843312485793813e-06,6.51766458191338e-05,0.2754174582444886,0.1422391056514959,0.4214022699838105
RQ2,informational_p101_d25,target_share_final100,INFORMATIONAL_CAMOUFLAGE,101.0,125.0,,1.0,5.0,-1.0,0.33,30,0.0,0.0,0.0,0.0,,,
RQ2,informational_p101_d25,fake_repost_share_decisions,INFORMATIONAL_CAMOUFLAGE,101.0,125.0,,1.0,5.0,-1.0,0.33,30,-4.216666666666628e-05,2.8863216193663633e-05,-0.0001011985719932318,1.6865238659899232e-05,-0.26672512115038766,0.15479010842937174,1.0
RQ2,informational_p101_d25,target_share_decisions,INFORMATIONAL_CAMOUFLAGE,101.0,125.0,,1.0,5.0,-1.0,0.33,30,2.7666666666666637e-05,1.834022858838809e-05,-9.843312485794307e-06,6.517664581912757e-05,0.2754174582444762,0.1422391056515132,0.42140226998310215
RQ2,informational_p101_d25,participation_rate,INFORMATIONAL_CAMOUFLAGE,101.0,125.0,,1.0,5.0,-1.0,0.33,30,0.0,0.0,0.0,0.0,,,
RQ2,informational_p101_d25,cumulative_fake_reposts,INFORMATIONAL_CAMOUFLAGE,101.0,125.0,,1.0,5.0,-1.0,0.33,30,-8.433333333333334,5.772643238732654,-20.239714398646285,3.3730477319796197,-0.26672512115039354,0.154790108429363,1.0
RQ2,informational_p101_d25,target_unique_reposters_p400,INFORMATIONAL_CAMOUFLAGE,101.0,125.0,,1.0,5.0,-1.0,0.33,30,-0.06666666666666667,0.11678975444487853,-0.3055285343547318,0.17219520102139851,-0.10421815207042283,0.5725145639415323,0.5725145639415323
RQ2,informational_p101_d100,fake_repost_share_all,INFORMATIONAL_CAMOUFLAGE,101.0,200.0,,1.0,5.0,-1.0,0.33,30,-0.00013249999999999696,7.82152754284275e-05,-0.00029246819977379055,2.74681997737966e-05,-0.30928842851523075,0.10097268292196393,1.0
RQ2,informational_p101_d100,fake_repost_share_final100,INFORMATIONAL_CAMOUFLAGE,101.0,200.0,,1.0,5.0,-1.0,0.33,30,1.599999999999958e-05,8.809608129894474e-06,-2.0176716828338452e-06,3.401767168283301e-05,0.3315910231521048,0.07969133055870195,1.0
RQ2,informational_p101_d100,target_share_all,INFORMATIONAL_CAMOUFLAGE,101.0,200.0,,1.0,5.0,-1.0,0.33,30,0.0001335000000000033,4.6813490294608916e-05,3.775566199777754e-05,0.00022924433800222905,0.5206544877468233,0.007932360169206206,0.07932360169206205
RQ2,informational_p101_d100,target_share_final100,INFORMATIONAL_CAMOUFLAGE,101.0,200.0,,1.0,5.0,-1.0,0.33,30,6.666666666663301e-06,3.992329810772919e-06,-1.4985646034995165e-06,1.4831897936826118e-05,0.3048749218101575,0.10570626513823,1.0
RQ2,informational_p101_d100,fake_repost_share_decisions,INFORMATIONAL_CAMOUFLAGE,101.0,200.0,,1.0,5.0,-1.0,0.33,30,-0.00013249999999999975,7.821527542842778e-05,-0.0002924681997737939,2.7468199773794406e-05,-0.30928842851523614,0.10097268292195831,1.0
RQ2,informational_p101_d100,target_share_decisions,INFORMATIONAL_CAMOUFLAGE,101.0,200.0,,1.0,5.0,-1.0,0.33,30,0.00013349999999999994,4.681349029460646e-05,3.775566199777919e-05,0.0002292443380022207,0.5206544877468375,0.007932360169204716,0.07932360169204716
RQ2,informational_p101_d100,participation_rate,INFORMATIONAL_CAMOUFLAGE,101.0,200.0,,1.0,5.0,-1.0,0.33,30,0.0,0.0,0.0,0.0,,,
RQ2,informational_p101_d100,cumulative_fake_reposts,INFORMATIONAL_CAMOUFLAGE,101.0,200.0,,1.0,5.0,-1.0,0.33,30,-26.5,15.643055085685567,-58.49363995475885,5.4936399547588515,-0.3092884285152365,0.10097268292195791,1.0
RQ2,informational_p101_d100,target_unique_reposters_p400,INFORMATIONAL_CAMOUFLAGE,101.0,200.0,,1.0,5.0,-1.0,0.33,30,0.9333333333333333,0.2991687077700678,0.32146462420345434,1.5452020424632122,0.5695868886695798,0.0040697030368450965,0.03255762429476077
RQ2,informational_p101_permanent,fake_repost_share_all,INFORMATIONAL_CAMOUFLAGE,101.0,-1.0,,1.0,5.0,-1.0,0.33,30,-7.11666666666555e-05,8.84043360268741e-05,-0.0002519738352018784,0.00010964050186856742,-0.14697464863385876,0.42736310717463394,1.0
RQ2,informational_p101_permanent,fake_repost_share_final100,INFORMATIONAL_CAMOUFLAGE,101.0,-1.0,,1.0,5.0,-1.0,0.33,30,6.466666666667929e-05,0.00010832765679203694,-0.00015688826806717267,0.0002862216014005313,0.10898845564435553,0.5551702193354271,1.0
RQ2,informational_p101_permanent,target_share_all,INFORMATIONAL_CAMOUFLAGE,101.0,-1.0,,1.0,5.0,-1.0,0.33,30,0.0005131666666666799,6.59852314255517e-05,0.00037821171541215523,0.0006481216179212045,1.4198781203043267,1.4131636589184832e-08,2.4023782201614214e-07
RQ2,informational_p101_permanent,target_share_final100,INFORMATIONAL_CAMOUFLAGE,101.0,-1.0,,1.0,5.0,-1.0,0.33,30,0.0007006666666666735,0.0001490552110417395,0.00039581453072976214,0.0010055188026035849,0.8582299492542261,5.824386552376981e-05,0.0010483895794278564
RQ2,informational_p101_permanent,fake_repost_share_decisions,INFORMATIONAL_CAMOUFLAGE,101.0,-1.0,,1.0,5.0,-1.0,0.33,30,-7.116666666666568e-05,8.840433602687407e-05,-0.00025197383520188856,0.00010964050186855718,-0.14697464863387982,0.42736310717456855,1.0
RQ2,informational_p101_permanent,target_share_decisions,INFORMATIONAL_CAMOUFLAGE,101.0,-1.0,,1.0,5.0,-1.0,0.33,30,0.0005131666666666664,6.598523142555096e-05,0.00037821171541214325,0.0006481216179211897,1.4198781203043052,1.4131636589189107e-08,2.4023782201621483e-07
RQ2,informational_p101_permanent,participation_rate,INFORMATIONAL_CAMOUFLAGE,101.0,-1.0,,1.0,5.0,-1.0,0.33,30,0.0,0.0,0.0,0.0,,,
RQ2,informational_p101_permanent,cumulative_fake_reposts,INFORMATIONAL_CAMOUFLAGE,101.0,-1.0,,1.0,5.0,-1.0,0.33,30,-14.233333333333333,17.680867205374845,-50.39476704037797,21.928100373711302,-0.1469746486338816,0.42736310717456316,1.0
RQ2,informational_p101_permanent,target_unique_reposters_p400,INFORMATIONAL_CAMOUFLAGE,101.0,-1.0,,1.0,5.0,-1.0,0.33,30,3.0,0.6064784348631227,1.7596123277036937,4.240387672296306,0.9031195934094222,2.942598484864314e-05,0.0004708157575782902
RQ2,informational_p201_d25,fake_repost_share_all,INFORMATIONAL_CAMOUFLAGE,201.0,225.0,,1.0,5.0,-1.0,0.33,30,8.000000000003837e-06,1.4571661996265151e-05,-2.1802395049896247e-05,3.7802395049903924e-05,0.10023520220655041,0.5872007636115246,1.0
RQ2,informational_p201_d25,fake_repost_share_final100,INFORMATIONAL_CAMOUFLAGE,201.0,225.0,,1.0,5.0,-1.0,0.33,30,2.6666666666630885e-06,6.120125709275979e-06,-9.850395847526577e-06,1.5183729180852753e-05,0.07955138810655105,0.6662654390940876,1.0
RQ2,informational_p201_d25,target_share_all,INFORMATIONAL_CAMOUFLAGE,201.0,225.0,,1.0,5.0,-1.0,0.33,30,3.833333333334663e-05,1.6996168150521218e-05,3.5722664292288774e-06,7.309440023746437e-05,0.4117797059724267,0.031825562784342905,0.22277893949040034
RQ2,informational_p201_d25,target_share_final100,INFORMATIONAL_CAMOUFLAGE,201.0,225.0,,1.0,5.0,-1.0,0.33,30,1.3333333333333946e-06,1.6423513654705084e-06,-2.0256523621240096e-06,4.692319028790798e-06,0.14822178304722594,0.4234950884933261,1.0
RQ2,informational_p201_d25,fake_repost_share_decisions,INFORMATIONAL_CAMOUFLAGE,201.0,225.0,,1.0,5.0,-1.0,0.33,30,8.0000000000006e-06,1.457166199626268e-05,-2.1802395049894428e-05,3.780239504989563e-05,0.10023520220652685,0.5872007636116121,1.0
RQ2,informational_p201_d25,target_share_decisions,INFORMATIONAL_CAMOUFLAGE,201.0,225.0,,1.0,5.0,-1.0,0.33,30,3.833333333333322e-05,1.699616815052042e-05,3.5722664292171002e-06,7.309440023744933e-05,0.41177970597230196,0.0318255627843908,0.22277893949073557
RQ2,informational_p201_d25,participation_rate,INFORMATIONAL_CAMOUFLAGE,201.0,225.0,,1.0,5.0,-1.0,0.33,30,0.0,0.0,0.0,0.0,,,
RQ2,informational_p201_d25,cumulative_fake_reposts,INFORMATIONAL_CAMOUFLAGE,201.0,225.0,,1.0,5.0,-1.0,0.33,30,1.6,2.914332399252586,-4.360479009979109,7.560479009979108,0.10023520220651763,0.5872007636116463,1.0
RQ2,informational_p201_d25,target_unique_reposters_p400,INFORMATIONAL_CAMOUFLAGE,201.0,225.0,,1.0,5.0,-1.0,0.33,30,0.43333333333333335,0.30581841706241203,-0.19213555835281326,1.05880222501948,0.25870083721078824,0.1671478547678335,0.49877187602446105
RQ2,informational_p201_d100,fake_repost_share_all,INFORMATIONAL_CAMOUFLAGE,201.0,300.0,,1.0,5.0,-1.0,0.33,30,3.183333333334528e-05,3.325319389494061e-05,-3.6177084516173495e-05,9.984375118286405e-05,0.17477854711079996,0.3463282792135307,1.0
RQ2,informational_p201_d100,fake_repost_share_final100,INFORMATIONAL_CAMOUFLAGE,201.0,300.0,,1.0,5.0,-1.0,0.33,30,-8.133333333332146e-05,4.924191592053483e-05,-0.00018204435940940558,1.9377692742762636e-05,-0.30155949127864584,0.10938276963262143,1.0
RQ2,informational_p201_d100,target_share_all,INFORMATIONAL_CAMOUFLAGE,201.0,300.0,,1.0,5.0,-1.0,0.33,30,0.00019316666666666665,4.358864882642617e-05,0.00010401787002634699,0.0002823154633069863,0.8090924551842722,0.00012264864884744373,0.0017170810838642123
RQ2,informational_p201_d100,target_share_final100,INFORMATIONAL_CAMOUFLAGE,201.0,300.0,,1.0,5.0,-1.0,0.33,30,-7.333333333333324e-05,6.210360889310964e-05,-0.0002003494751249372,5.3682808458270726e-05,-0.21558769074029643,0.2472676695183821,1.0
RQ2,informational_p201_d100,fake_repost_share_decisions,INFORMATIONAL_CAMOUFLAGE,201.0,300.0,,1.0,5.0,-1.0,0.33,30,3.183333333333464e-05,3.325319389494129e-05,-3.6177084516185516e-05,9.98437511828548e-05,0.174778547110738,0.3463282792136991,1.0
RQ2,informational_p201_d100,target_share_decisions,INFORMATIONAL_CAMOUFLAGE,201.0,300.0,,1.0,5.0,-1.0,0.33,30,0.00019316666666666665,4.358864882642505e-05,0.00010401787002634928,0.00028231546330698403,0.8090924551842928,0.00012264864884740565,0.001717081083863679
RQ2,informational_p201_d100,participation_rate,INFORMATIONAL_CAMOUFLAGE,201.0,300.0,,1.0,5.0,-1.0,0.33,30,0.0,0.0,0.0,0.0,,,
RQ2,informational_p201_d100,cumulative_fake_reposts,INFORMATIONAL_CAMOUFLAGE,201.0,300.0,,1.0,5.0,-1.0,0.33,30,6.366666666666666,6.650638778988254,-7.235416903237357,19.96875023657069,0.1747785471107309,0.34632827921371834,1.0
RQ2,informational_p201_d100,target_unique_reposters_p400,INFORMATIONAL_CAMOUFLAGE,201.0,300.0,,1.0,5.0,-1.0,0.33,30,1.2333333333333334,0.42799541659736556,0.3579844206114663,2.1086822460552006,0.5261150481160417,0.007371625534814014,0.0516013787436981
RQ2,informational_p201_permanent,fake_repost_share_all,INFORMATIONAL_CAMOUFLAGE,201.0,-1.0,,1.0,5.0,-1.0,0.33,30,6.333333333333099e-05,4.411735481835443e-05,-2.6896788473653523e-05,0.0001535634551403155,0.2620971229386227,0.16182525310301896,1.0
RQ2,informational_p201_permanent,fake_repost_share_final100,INFORMATIONAL_CAMOUFLAGE,201.0,-1.0,,1.0,5.0,-1.0,0.33,30,4.4666666666679417e-05,0.00011062906160693363,-0.0001815951694131462,0.00027092850274650505,0.07371462961160732,0.689357236757147,1.0
RQ2,informational_p201_permanent,target_share_all,INFORMATIONAL_CAMOUFLAGE,201.0,-1.0,,1.0,5.0,-1.0,0.33,30,0.00038433333333334,5.3010914801790637e-05,0.0002759138390241465,0.0004927528276425334,1.3236773159824298,5.53401752989255e-08,8.85442804782808e-07
RQ2,informational_p201_permanent,target_share_final100,INFORMATIONAL_CAMOUFLAGE,201.0,-1.0,,1.0,5.0,-1.0,0.33,30,0.0006913333333333435,0.00014955469021058835,0.0003854596477946746,0.0009972070188720124,0.8439696561588269,7.232272918137787e-05,0.0012294863960834238
RQ2,informational_p201_permanent,fake_repost_share_decisions,INFORMATIONAL_CAMOUFLAGE,201.0,-1.0,,1.0,5.0,-1.0,0.33,30,6.333333333333469e-05,4.411735481835414e-05,-2.6896788473649227e-05,0.00015356345514031862,0.26209712293863974,0.16182525310299267,1.0
RQ2,informational_p201_permanent,target_share_decisions,INFORMATIONAL_CAMOUFLAGE,201.0,-1.0,,1.0,5.0,-1.0,0.33,30,0.00038433333333333326,5.301091480178967e-05,0.00027591383902414175,0.0004927528276425248,1.3236773159824309,5.534017529892463e-08,8.85442804782794e-07
RQ2,informational_p201_permanent,participation_rate,INFORMATIONAL_CAMOUFLAGE,201.0,-1.0,,1.0,5.0,-1.0,0.33,30,0.0,0.0,0.0,0.0,,,
RQ2,informational_p201_permanent,cumulative_fake_reposts,INFORMATIONAL_CAMOUFLAGE,201.0,-1.0,,1.0,5.0,-1.0,0.33,30,12.666666666666666,8.82347096367089,-5.379357694730244,30.712691028063574,0.26209712293863224,0.16182525310300405,1.0
RQ2,informational_p201_permanent,target_unique_reposters_p400,INFORMATIONAL_CAMOUFLAGE,201.0,-1.0,,1.0,5.0,-1.0,0.33,30,2.2666666666666666,0.5732210528922741,1.0942979777968695,3.439035355536464,0.7219463052483137,0.0004529051084395617,0.005887766409714302
RQ3,credibility_reach14_7_wom0,fake_repost_share_all,CREDIBILITY_CAMOUFLAGE,1.0,-1.0,14.7,0.0,5.0,-1.0,0.33,30,0.0031339999999999892,0.0001991809954928371,0.0027266291238685386,0.00354137087613144,2.872701268468349,9.726747253419637e-16,1.848081978149731e-14
RQ3,credibility_reach14_7_wom0,fake_repost_share_final100,CREDIBILITY_CAMOUFLAGE,1.0,-1.0,14.7,0.0,5.0,-1.0,0.33,30,0.0025620000000000074,0.0002443012084697286,0.0020623479268288775,0.0030616520731711373,1.9146653716507211,2.2193887055161332e-11,4.216838540480653e-10
RQ3,credibility_reach14_7_wom0,target_share_all,CREDIBILITY_CAMOUFLAGE,1.0,-1.0,14.7,0.0,5.0,-1.0,0.33,30,0.005980166666666683,0.00038493233345744405,0.005192891648064208,0.006767441685269158,2.83640516897579,1.3541638544592637e-15,2.572911323472601e-14
RQ3,credibility_reach14_7_wom0,target_share_final100,CREDIBILITY_CAMOUFLAGE,1.0,-1.0,14.7,0.0,5.0,-1.0,0.33,30,0.00465466666666667,0.0004354170238683033,0.003764138862762013,0.0055451944705713265,1.9517426522516408,1.4214806451564485e-11,2.7008132257972523e-10
RQ3,credibility_reach14_7_wom0,fake_repost_share_decisions,CREDIBILITY_CAMOUFLAGE,1.0,-1.0,14.7,0.0,5.0,-1.0,0.33,30,0.00336814496786183,0.0002148032104392414,0.0029288230746462246,0.0038074668610774357,2.8627892666238868,1.0643076290774465e-15,2.0221844952471484e-14
RQ3,credibility_reach14_7_wom0,target_share_decisions,CREDIBILITY_CAMOUFLAGE,1.0,-1.0,14.7,0.0,5.0,-1.0,0.33,30,0.006424653472742822,0.00041325298444068367,0.005579456219264931,0.007269850726220713,2.838396626816727,1.329685259147173e-15,2.5264019923796286e-14
RQ3,credibility_reach14_7_wom0,participation_rate,CREDIBILITY_CAMOUFLAGE,1.0,-1.0,14.7,0.0,5.0,-1.0,0.33,30,0.0,0.0,0.0,0.0,,,
RQ3,credibility_reach14_7_wom0,cumulative_fake_reposts,CREDIBILITY_CAMOUFLAGE,1.0,-1.0,14.7,0.0,5.0,-1.0,0.33,30,626.8,39.83619909856725,545.3258247737101,708.2741752262898,2.872701268468371,9.726747253417679e-16,1.848081978149359e-14
RQ3,credibility_reach14_7_wom0,target_unique_reposters_p400,CREDIBILITY_CAMOUFLAGE,1.0,-1.0,14.7,0.0,5.0,-1.0,0.33,30,0.0,0.0,0.0,0.0,,,
RQ3,credibility_reach14_7_wom1,fake_repost_share_all,CREDIBILITY_CAMOUFLAGE,1.0,-1.0,14.7,1.0,5.0,-1.0,0.33,30,9.73333333333407e-05,3.6346617839247564e-05,2.299615313724229e-05,0.00017167051352943912,0.4889190561427659,0.012069613445838288,0.1086265210125446
RQ3,credibility_reach14_7_wom1,fake_repost_share_final100,CREDIBILITY_CAMOUFLAGE,1.0,-1.0,14.7,1.0,5.0,-1.0,0.33,30,0.00016200000000000613,7.810014202232951e-05,2.267274481163869e-06,0.00032173272551884837,0.378706329328105,0.047037578416798474,0.47037578416798476
RQ3,credibility_reach14_7_wom1,target_share_all,CREDIBILITY_CAMOUFLAGE,1.0,-1.0,14.7,1.0,5.0,-1.0,0.33,30,0.0003285000000000033,4.704800067820489e-05,0.00023227603440985917,0.00042472396559014745,1.27477510589733,1.1216506505946199e-07,1.458145845773006e-06
RQ3,credibility_reach14_7_wom1,target_share_final100,CREDIBILITY_CAMOUFLAGE,1.0,-1.0,14.7,1.0,5.0,-1.0,0.33,30,0.0004633333333333266,0.00014178203551179928,0.00017335651158268322,0.0007533101550839701,0.5966391002796296,0.0027880811402351854,0.03066889254258704
RQ3,credibility_reach14_7_wom1,fake_repost_share_decisions,CREDIBILITY_CAMOUFLAGE,1.0,-1.0,14.7,1.0,5.0,-1.0,0.33,30,9.735047889818753e-05,3.6352750323034316e-05,2.300075636446855e-05,0.0001717002014319065,0.48892268858753524,0.01206904135737516,0.10862137221637644
RQ3,credibility_reach14_7_wom1,target_share_decisions,CREDIBILITY_CAMOUFLAGE,1.0,-1.0,14.7,1.0,5.0,-1.0,0.33,30,0.00032855719607851334,4.705573656276113e-05,0.00023231740882796666,0.00042479698332906,1.2747874532635595,1.1214494512068355e-07,1.4578842865688862e-06
RQ3,credibility_reach14_7_wom1,participation_rate,CREDIBILITY_CAMOUFLAGE,1.0,-1.0,14.7,1.0,5.0,-1.0,0.33,30,0.0,0.0,0.0,0.0,,,
RQ3,credibility_reach14_7_wom1,cumulative_fake_reposts,CREDIBILITY_CAMOUFLAGE,1.0,-1.0,14.7,1.0,5.0,-1.0,0.33,30,19.466666666666665,7.2693235678500105,4.599230627445964,34.33410270588737,0.4889190561426953,0.012069613445849434,0.1086265210126449
RQ3,credibility_reach14_7_wom1,target_unique_reposters_p400,CREDIBILITY_CAMOUFLAGE,1.0,-1.0,14.7,1.0,5.0,-1.0,0.33,30,16.0,1.9499484225421742,12.011907685586841,19.98809231441316,1.4980842260189093,4.778649973830233e-09,9.557299947660466e-08
RQ3,credibility_reach10_0_wom0,fake_repost_share_all,CREDIBILITY_CAMOUFLAGE,1.0,-1.0,10.0,0.0,5.0,-1.0,0.33,30,0.0021091666666666646,0.00020964037122902187,0.0016804039652413652,0.002537929368091964,1.8368570170886767,5.749803402274146e-11,9.199685443638634e-10
RQ3,credibility_reach10_0_wom0,fake_repost_share_final100,CREDIBILITY_CAMOUFLAGE,1.0,-1.0,10.0,0.0,5.0,-1.0,0.33,30,0.0016340000000000022,0.00021838308637298716,0.0011873564384095425,0.0020806435615904617,1.3660683371099305,3.019958860127036e-08,5.133930062215962e-07
RQ3,credibility_reach10_0_wom0,target_share_all,CREDIBILITY_CAMOUFLAGE,1.0,-1.0,10.0,0.0,5.0,-1.0,0.33,30,0.003839833333333343,0.00036941624370229046,0.0030842922814281,0.004595374385238586,1.897735837356995,2.7247806293077975e-11,4.359649006892476e-10
RQ3,credibility_reach10_0_wom0,target_share_final100,CREDIBILITY_CAMOUFLAGE,1.0,-1.0,10.0,0.0,5.0,-1.0,0.33,30,0.0029106666666666803,0.00038572783369342494,0.002121764667401254,0.0036995686659321066,1.3776879718933335,2.5608864901992962e-08,4.353507033338804e-07
RQ3,credibility_reach10_0_wom0,fake_repost_share_decisions,CREDIBILITY_CAMOUFLAGE,1.0,-1.0,10.0,0.0,5.0,-1.0,0.33,30,0.002278183667259713,0.00022680810936596586,0.0018143089989083635,0.002742058335611062,1.8338741476016953,5.96626562274007e-11,9.546024996384112e-10
RQ3,credibility_reach10_0_wom0,target_share_decisions,CREDIBILITY_CAMOUFLAGE,1.0,-1.0,10.0,0.0,5.0,-1.0,0.33,30,0.004145267799074686,0.00039855756836934927,0.0033301260461493613,0.004960409552000011,1.8988947985124631,2.6866866099748392e-11,4.2986985759597427e-10
RQ3,credibility_reach10_0_wom0,participation_rate,CREDIBILITY_CAMOUFLAGE,1.0,-1.0,10.0,0.0,5.0,-1.0,0.33,30,0.0,0.0,0.0,0.0,,,
RQ3,credibility_reach10_0_wom0,cumulative_fake_reposts,CREDIBILITY_CAMOUFLAGE,1.0,-1.0,10.0,0.0,5.0,-1.0,0.33,30,421.8333333333333,41.928074245804396,336.0807930482734,507.58587361839324,1.836857017088677,5.749803402274115e-11,9.199685443638584e-10
RQ3,credibility_reach10_0_wom0,target_unique_reposters_p400,CREDIBILITY_CAMOUFLAGE,1.0,-1.0,10.0,0.0,5.0,-1.0,0.33,30,0.0,0.0,0.0,0.0,,,
RQ3,credibility_reach10_0_wom1,fake_repost_share_all,CREDIBILITY_CAMOUFLAGE,1.0,-1.0,10.0,1.0,5.0,-1.0,0.33,30,8.950000000000716e-05,2.5606830536303433e-05,3.7128151146090524e-05,0.0001418718488539238,0.6381262065632289,0.0015439548196284876,0.016983503015913365
RQ3,credibility_reach10_0_wom1,fake_repost_share_final100,CREDIBILITY_CAMOUFLAGE,1.0,-1.0,10.0,1.0,5.0,-1.0,0.33,30,6.666666666666325e-05,6.138129059614929e-05,-5.88721683329426e-05,0.0001922055016662691,0.19829515265628261,0.2863774472948951,1.0
RQ3,credibility_reach10_0_wom1,target_share_all,CREDIBILITY_CAMOUFLAGE,1.0,-1.0,10.0,1.0,5.0,-1.0,0.33,30,0.00023316666666665998,3.0018656395661105e-05,0.00017177162078925743,0.00029456171254406253,1.4181252408316412,1.4483132436381748e-08,2.1724698654572622e-07
RQ3,credibility_reach10_0_wom1,target_share_final100,CREDIBILITY_CAMOUFLAGE,1.0,-1.0,10.0,1.0,5.0,-1.0,0.33,30,0.00031066666666666,7.515032189702017e-05,0.00015696700070706,0.00046436633262626,0.7547501101922094,0.00027776961263930927,0.0038887745769503297
RQ3,credibility_reach10_0_wom1,fake_repost_share_decisions,CREDIBILITY_CAMOUFLAGE,1.0,-1.0,10.0,1.0,5.0,-1.0,0.33,30,8.951721913382829e-05,2.561101732386066e-05,3.713680733789429e-05,0.00014189763092976228,0.63814463888361,0.00154354533261962,0.01697899865881582
RQ3,credibility_reach10_0_wom1,target_share_decisions,CREDIBILITY_CAMOUFLAGE,1.0,-1.0,10.0,1.0,5.0,-1.0,0.33,30,0.0002332111011164867,3.002432186991786e-05,0.00017180446804319753,0.00029461773418977587,1.418127846434382,1.4482603389299172e-08,2.1723905083948758e-07
RQ3,credibility_reach10_0_wom1,participation_rate,CREDIBILITY_CAMOUFLAGE,1.0,-1.0,10.0,1.0,5.0,-1.0,0.33,30,0.0,0.0,0.0,0.0,,,
RQ3,credibility_reach10_0_wom1,cumulative_fake_reposts,CREDIBILITY_CAMOUFLAGE,1.0,-1.0,10.0,1.0,5.0,-1.0,0.33,30,17.9,5.12136610726061,7.425630229216827,28.37436977078317,0.6381262065631874,0.0015439548196294116,0.016983503015923527
RQ3,credibility_reach10_0_wom1,target_unique_reposters_p400,CREDIBILITY_CAMOUFLAGE,1.0,-1.0,10.0,1.0,5.0,-1.0,0.33,30,10.233333333333333,1.3353576586923641,7.502220266926784,12.964446399739881,1.3991326515037346,1.89144350829345e-08,3.5937426657575554e-07
RQ3,credibility_reach5_0_wom0,fake_repost_share_all,CREDIBILITY_CAMOUFLAGE,1.0,-1.0,5.0,0.0,5.0,-1.0,0.33,30,0.001090500000000011,0.00017520486366785952,0.0007321658193806856,0.0014488341806193363,1.1363677096919158,8.627948752085178e-07,1.2941923128127767e-05
RQ3,credibility_reach5_0_wom0,fake_repost_share_final100,CREDIBILITY_CAMOUFLAGE,1.0,-1.0,5.0,0.0,5.0,-1.0,0.33,30,0.0007606666666666636,0.0002186446933170574,0.0003134880587996037,0.0012078452745337236,0.6351770777127619,0.0016108443132054704,0.024162664698082058
RQ3,credibility_reach5_0_wom0,target_share_all,CREDIBILITY_CAMOUFLAGE,1.0,-1.0,5.0,0.0,5.0,-1.0,0.33,30,0.00213183333333333,0.00030549182912614103,0.001507032388975208,0.0027566342776914523,1.274069215804304,1.1332142454314908e-07,1.458145845773006e-06
RQ3,credibility_reach5_0_wom0,target_share_final100,CREDIBILITY_CAMOUFLAGE,1.0,-1.0,5.0,0.0,5.0,-1.0,0.33,30,0.0015359999999999968,0.0003915690805306076,0.0007351513095561506,0.002336848690443843,0.7161800136584684,0.0004933306735746887,0.006413298756470953
RQ3,credibility_reach5_0_wom0,fake_repost_share_decisions,CREDIBILITY_CAMOUFLAGE,1.0,-1.0,5.0,0.0,5.0,-1.0,0.33,30,0.001184518370014794,0.00019022086778391995,0.0007954730126709152,0.001573563727358673,1.1369019578744626,8.559392442200948e-07,1.2839088663301422e-05
RQ3,credibility_reach5_0_wom0,target_share_decisions,CREDIBILITY_CAMOUFLAGE,1.0,-1.0,5.0,0.0,5.0,-1.0,0.33,30,0.0023157504159793804,0.00033243604163263714,0.0016358423695190497,0.002995658462439711,1.27181230024945,1.1710049492276501e-07,1.4578842865688862e-06
RQ3,credibility_reach5_0_wom0,participation_rate,CREDIBILITY_CAMOUFLAGE,1.0,-1.0,5.0,0.0,5.0,-1.0,0.33,30,0.0,0.0,0.0,0.0,,,
RQ3,credibility_reach5_0_wom0,cumulative_fake_reposts,CREDIBILITY_CAMOUFLAGE,1.0,-1.0,5.0,0.0,5.0,-1.0,0.33,30,218.1,35.04097273357208,146.43316387613456,289.76683612386546,1.1363677096918985,8.62794875208743e-07,1.2941923128131145e-05
RQ3,credibility_reach5_0_wom0,target_unique_reposters_p400,CREDIBILITY_CAMOUFLAGE,1.0,-1.0,5.0,0.0,5.0,-1.0,0.33,30,0.0,0.0,0.0,0.0,,,
RQ3,credibility_reach5_0_wom1,fake_repost_share_all,CREDIBILITY_CAMOUFLAGE,1.0,-1.0,5.0,1.0,5.0,-1.0,0.33,30,4.66666666666606e-05,1.970520284485984e-05,6.3650017041155856e-06,8.696833162920561e-05,0.4323796481254683,0.02475378685010163,0.17995696209592346
RQ3,credibility_reach5_0_wom1,fake_repost_share_final100,CREDIBILITY_CAMOUFLAGE,1.0,-1.0,5.0,1.0,5.0,-1.0,0.33,30,2.6666666666671827e-05,4.422859462356438e-05,-6.379096608731315e-05,0.00011712429942065679,0.1100791240834153,0.5512429137810694,1.0
RQ3,credibility_reach5_0_wom1,target_share_all,CREDIBILITY_CAMOUFLAGE,1.0,-1.0,5.0,1.0,5.0,-1.0,0.33,30,0.00012500000000000667,2.65453418213779e-05,7.070868004637967e-05,0.00017929131995363367,0.8597279847797613,5.693335413723885e-05,0.0005693335413723885
RQ3,credibility_reach5_0_wom1,target_share_final100,CREDIBILITY_CAMOUFLAGE,1.0,-1.0,5.0,1.0,5.0,-1.0,0.33,30,0.00014266666666666,5.151259935899373e-05,3.731157151433996e-05,0.00024802176181898004,0.5056481489303649,0.009687193756131937,0.0774975500490555
RQ3,credibility_reach5_0_wom1,fake_repost_share_decisions,CREDIBILITY_CAMOUFLAGE,1.0,-1.0,5.0,1.0,5.0,-1.0,0.33,30,4.6675444161672905e-05,1.970909297715844e-05,6.365822985238976e-06,8.698506533810684e-05,0.4323756159749793,0.024755018593410824,0.17996729374911655
RQ3,credibility_reach5_0_wom1,target_share_decisions,CREDIBILITY_CAMOUFLAGE,1.0,-1.0,5.0,1.0,5.0,-1.0,0.33,30,0.00012502362034985334,2.65502842334641e-05,7.0722192028524e-05,0.00017932504867118268,0.8597303702969563,5.693129081990978e-05,0.0005693129081990978
RQ3,credibility_reach5_0_wom1,participation_rate,CREDIBILITY_CAMOUFLAGE,1.0,-1.0,5.0,1.0,5.0,-1.0,0.33,30,0.0,0.0,0.0,0.0,,,
RQ3,credibility_reach5_0_wom1,cumulative_fake_reposts,CREDIBILITY_CAMOUFLAGE,1.0,-1.0,5.0,1.0,5.0,-1.0,0.33,30,9.333333333333334,3.9410405689720487,1.2730003408241668,17.393666325842503,0.43237964812551577,0.024753786850087143,0.17995696209604334
RQ3,credibility_reach5_0_wom1,target_unique_reposters_p400,CREDIBILITY_CAMOUFLAGE,1.0,-1.0,5.0,1.0,5.0,-1.0,0.33,30,5.666666666666667,1.135967189640043,3.3433528979246696,7.989980435408665,0.9107543444042131,2.6197060972736534e-05,0.00041915297556378454
RQ3,credibility_reach1_0_wom0,fake_repost_share_all,CREDIBILITY_CAMOUFLAGE,1.0,-1.0,1.0,0.0,5.0,-1.0,0.33,30,0.00029300000000000577,8.246057922690889e-05,0.0001243491790576995,0.00046165082094231204,0.6487249659315492,0.0013250641585924759,0.01590076990310971
RQ3,credibility_reach1_0_wom0,fake_repost_share_final100,CREDIBILITY_CAMOUFLAGE,1.0,-1.0,1.0,0.0,5.0,-1.0,0.33,30,0.00023133333333334404,8.174917249162413e-05,6.413750253365502e-05,0.00039852916413303307,0.5166473702736518,0.008369146712833642,0.10042976055400371
RQ3,credibility_reach1_0_wom0,target_share_all,CREDIBILITY_CAMOUFLAGE,1.0,-1.0,1.0,0.0,5.0,-1.0,0.33,30,0.0004958333333333167,0.00014962387389667018,0.00018981815126912122,0.0008018485153975122,0.6050262219900091,0.0024766171422954584,0.019812937138363667
RQ3,credibility_reach1_0_wom0,target_share_final100,CREDIBILITY_CAMOUFLAGE,1.0,-1.0,1.0,0.0,5.0,-1.0,0.33,30,0.00035866666666667,0.0001495677552481197,5.276626012596644e-05,0.0006645670732073736,0.4378167910871531,0.02314277155296462,0.13885662931778772
RQ3,credibility_reach1_0_wom0,fake_repost_share_decisions,CREDIBILITY_CAMOUFLAGE,1.0,-1.0,1.0,0.0,5.0,-1.0,0.33,30,0.0003163719652033807,8.8796234723952e-05,0.00013476327383618085,0.0004979806565705805,0.6504932798965076,0.0012916026121974045,0.015499231346368854
RQ3,credibility_reach1_0_wom0,target_share_decisions,CREDIBILITY_CAMOUFLAGE,1.0,-1.0,1.0,0.0,5.0,-1.0,0.33,30,0.0005350212907172294,0.00016120349752771128,0.00020532311915808833,0.0008647194622763704,0.6059488662169193,0.002444471936577949,0.019555775492623592
RQ3,credibility_reach1_0_wom0,participation_rate,CREDIBILITY_CAMOUFLAGE,1.0,-1.0,1.0,0.0,5.0,-1.0,0.33,30,0.0,0.0,0.0,0.0,,,
RQ3,credibility_reach1_0_wom0,cumulative_fake_reposts,CREDIBILITY_CAMOUFLAGE,1.0,-1.0,1.0,0.0,5.0,-1.0,0.33,30,58.6,16.492115845381125,24.869835811540085,92.33016418845992,0.6487249659315619,0.0013250641585922304,0.015900769903106765
RQ3,credibility_reach1_0_wom0,target_unique_reposters_p400,CREDIBILITY_CAMOUFLAGE,1.0,-1.0,1.0,0.0,5.0,-1.0,0.33,30,0.0,0.0,0.0,0.0,,,
RQ3,credibility_reach1_0_wom1,fake_repost_share_all,CREDIBILITY_CAMOUFLAGE,1.0,-1.0,1.0,1.0,5.0,-1.0,0.33,30,1.499999999998632e-05,1.170764560094071e-05,-8.944823822642162e-06,3.894482382261481e-05,0.23391661149217613,0.21026929624184593,1.0
RQ3,credibility_reach1_0_wom1,fake_repost_share_final100,CREDIBILITY_CAMOUFLAGE,1.0,-1.0,1.0,1.0,5.0,-1.0,0.33,30,4.466666666666624e-05,2.8132418136227375e-05,-1.2870588810417643e-05,0.00010220392214375012,0.28987839797997533,0.12319233736015789,0.9855386988812631
RQ3,credibility_reach1_0_wom1,target_share_all,CREDIBILITY_CAMOUFLAGE,1.0,-1.0,1.0,1.0,5.0,-1.0,0.33,30,2.300000000000334e-05,1.3547702014918803e-05,-4.708161743689541e-06,5.0708161743696225e-05,0.3099570886326474,0.10027126219064622,0.5013563109532311
RQ3,credibility_reach1_0_wom1,target_share_final100,CREDIBILITY_CAMOUFLAGE,1.0,-1.0,1.0,1.0,5.0,-1.0,0.33,30,2.6666666666670004e-05,1.7055240427903994e-05,-8.215216610179289e-06,6.15485499435193e-05,0.2854632847999328,0.12877213549425626,0.6438606774712813
RQ3,credibility_reach1_0_wom1,fake_repost_share_decisions,CREDIBILITY_CAMOUFLAGE,1.0,-1.0,1.0,1.0,5.0,-1.0,0.33,30,1.5003459955288216e-05,1.1709821059203419e-05,-8.94581317906438e-06,3.895273308964081e-05,0.2339271003541658,0.21024939922933275,1.0
RQ3,credibility_reach1_0_wom1,target_share_decisions,CREDIBILITY_CAMOUFLAGE,1.0,-1.0,1.0,1.0,5.0,-1.0,0.33,30,2.300481103411577e-05,1.3550166996581362e-05,-4.708392163140692e-06,5.0718014231372236e-05,0.30996552632175267,0.1002624372792888,0.501312186396444
RQ3,credibility_reach1_0_wom1,participation_rate,CREDIBILITY_CAMOUFLAGE,1.0,-1.0,1.0,1.0,5.0,-1.0,0.33,30,0.0,0.0,0.0,0.0,,,
RQ3,credibility_reach1_0_wom1,cumulative_fake_reposts,CREDIBILITY_CAMOUFLAGE,1.0,-1.0,1.0,1.0,5.0,-1.0,0.33,30,3.0,2.3415291201882704,-1.788964764525959,7.788964764525959,0.23391661149237664,0.21026929624146556,1.0
RQ3,credibility_reach1_0_wom1,target_unique_reposters_p400,CREDIBILITY_CAMOUFLAGE,1.0,-1.0,1.0,1.0,5.0,-1.0,0.33,30,1.2333333333333334,0.5564322584444111,0.09530158452397863,2.371365082142688,0.40467608730320187,0.034658315295688205,0.45055809884394665
RQ3,credibility_reach0_0_wom0,fake_repost_share_all,CREDIBILITY_CAMOUFLAGE,1.0,-1.0,0.0,0.0,5.0,-1.0,0.33,30,0.0,0.0,0.0,0.0,,,
RQ3,credibility_reach0_0_wom0,fake_repost_share_final100,CREDIBILITY_CAMOUFLAGE,1.0,-1.0,0.0,0.0,5.0,-1.0,0.33,30,0.0,0.0,0.0,0.0,,,
RQ3,credibility_reach0_0_wom0,target_share_all,CREDIBILITY_CAMOUFLAGE,1.0,-1.0,0.0,0.0,5.0,-1.0,0.33,30,0.0,0.0,0.0,0.0,,,
RQ3,credibility_reach0_0_wom0,target_share_final100,CREDIBILITY_CAMOUFLAGE,1.0,-1.0,0.0,0.0,5.0,-1.0,0.33,30,0.0,0.0,0.0,0.0,,,
RQ3,credibility_reach0_0_wom0,fake_repost_share_decisions,CREDIBILITY_CAMOUFLAGE,1.0,-1.0,0.0,0.0,5.0,-1.0,0.33,30,0.0,0.0,0.0,0.0,,,
RQ3,credibility_reach0_0_wom0,target_share_decisions,CREDIBILITY_CAMOUFLAGE,1.0,-1.0,0.0,0.0,5.0,-1.0,0.33,30,0.0,0.0,0.0,0.0,,,
RQ3,credibility_reach0_0_wom0,participation_rate,CREDIBILITY_CAMOUFLAGE,1.0,-1.0,0.0,0.0,5.0,-1.0,0.33,30,0.0,0.0,0.0,0.0,,,
RQ3,credibility_reach0_0_wom0,cumulative_fake_reposts,CREDIBILITY_CAMOUFLAGE,1.0,-1.0,0.0,0.0,5.0,-1.0,0.33,30,0.0,0.0,0.0,0.0,,,
RQ3,credibility_reach0_0_wom0,target_unique_reposters_p400,CREDIBILITY_CAMOUFLAGE,1.0,-1.0,0.0,0.0,5.0,-1.0,0.33,30,0.0,0.0,0.0,0.0,,,
RQ3,credibility_reach0_0_wom1,fake_repost_share_all,CREDIBILITY_CAMOUFLAGE,1.0,-1.0,0.0,1.0,5.0,-1.0,0.33,30,0.0,0.0,0.0,0.0,,,
RQ3,credibility_reach0_0_wom1,fake_repost_share_final100,CREDIBILITY_CAMOUFLAGE,1.0,-1.0,0.0,1.0,5.0,-1.0,0.33,30,0.0,0.0,0.0,0.0,,,
RQ3,credibility_reach0_0_wom1,target_share_all,CREDIBILITY_CAMOUFLAGE,1.0,-1.0,0.0,1.0,5.0,-1.0,0.33,30,0.0,0.0,0.0,0.0,,,
RQ3,credibility_reach0_0_wom1,target_share_final100,CREDIBILITY_CAMOUFLAGE,1.0,-1.0,0.0,1.0,5.0,-1.0,0.33,30,0.0,0.0,0.0,0.0,,,
RQ3,credibility_reach0_0_wom1,fake_repost_share_decisions,CREDIBILITY_CAMOUFLAGE,1.0,-1.0,0.0,1.0,5.0,-1.0,0.33,30,0.0,0.0,0.0,0.0,,,
RQ3,credibility_reach0_0_wom1,target_share_decisions,CREDIBILITY_CAMOUFLAGE,1.0,-1.0,0.0,1.0,5.0,-1.0,0.33,30,0.0,0.0,0.0,0.0,,,
RQ3,credibility_reach0_0_wom1,participation_rate,CREDIBILITY_CAMOUFLAGE,1.0,-1.0,0.0,1.0,5.0,-1.0,0.33,30,0.0,0.0,0.0,0.0,,,
RQ3,credibility_reach0_0_wom1,cumulative_fake_reposts,CREDIBILITY_CAMOUFLAGE,1.0,-1.0,0.0,1.0,5.0,-1.0,0.33,30,0.0,0.0,0.0,0.0,,,
RQ3,credibility_reach0_0_wom1,target_unique_reposters_p400,CREDIBILITY_CAMOUFLAGE,1.0,-1.0,0.0,1.0,5.0,-1.0,0.33,30,0.0,0.0,0.0,0.0,,,
RQ3,informational_reach14_7_wom0,fake_repost_share_all,INFORMATIONAL_CAMOUFLAGE,1.0,-1.0,14.7,0.0,5.0,-1.0,0.33,30,0.005102833333333342,0.00023646348936097157,0.004619211195610152,0.005586455471056532,3.9399132771111227,2.0711906349260236e-19,4.1423812698520474e-18
RQ3,informational_reach14_7_wom0,fake_repost_share_final100,INFORMATIONAL_CAMOUFLAGE,1.0,-1.0,14.7,0.0,5.0,-1.0,0.33,30,0.005064000000000012,0.0002904588522107511,0.004469944945638742,0.005658055054361282,3.183086588794628,6.539155478314622e-17,1.3078310956629244e-15
RQ3,informational_reach14_7_wom0,target_share_all,INFORMATIONAL_CAMOUFLAGE,1.0,-1.0,14.7,0.0,5.0,-1.0,0.33,30,0.009552666666666673,0.0004958945089277298,0.00853844851763684,0.010566884815696505,3.517018857481472,4.5274011669020756e-18,9.054802333804151e-17
RQ3,informational_reach14_7_wom0,target_share_final100,INFORMATIONAL_CAMOUFLAGE,1.0,-1.0,14.7,0.0,5.0,-1.0,0.33,30,0.009072666666666675,0.0005416887033536835,0.007964788873759293,0.010180544459574057,3.057908942468719,1.890695766485238e-16,3.781391532970476e-15
RQ3,informational_reach14_7_wom0,fake_repost_share_decisions,INFORMATIONAL_CAMOUFLAGE,1.0,-1.0,14.7,0.0,5.0,-1.0,0.33,30,0.005485544273069432,0.0002537621808207999,0.004966542338802493,0.006004546207336371,3.946682583978297,1.9761697651209735e-19,3.952339530241947e-18
RQ3,informational_reach14_7_wom0,target_share_decisions,INFORMATIONAL_CAMOUFLAGE,1.0,-1.0,14.7,0.0,5.0,-1.0,0.33,30,0.0102633803469736,0.0005271915411838078,0.009185152579862852,0.011341608114084347,3.554359591120401,3.404682798141446e-18,6.809365596282891e-17
RQ3,informational_reach14_7_wom0,participation_rate,INFORMATIONAL_CAMOUFLAGE,1.0,-1.0,14.7,0.0,5.0,-1.0,0.33,30,0.0,0.0,0.0,0.0,,,
RQ3,informational_reach14_7_wom0,cumulative_fake_reposts,INFORMATIONAL_CAMOUFLAGE,1.0,-1.0,14.7,0.0,5.0,-1.0,0.33,30,1020.5666666666667,47.2926978721943,923.8422391220287,1117.2910942113047,3.9399132771111174,2.0711906349260966e-19,4.142381269852193e-18
RQ3,informational_reach14_7_wom0,target_unique_reposters_p400,INFORMATIONAL_CAMOUFLAGE,1.0,-1.0,14.7,0.0,5.0,-1.0,0.33,30,0.0,0.0,0.0,0.0,,,
RQ3,informational_reach14_7_wom1,fake_repost_share_all,INFORMATIONAL_CAMOUFLAGE,1.0,-1.0,14.7,1.0,5.0,-1.0,0.33,30,0.00019150000000000463,3.9704475847175e-05,0.00011029522907202035,0.0002727047709279889,0.8805797291466217,4.1466431312149244e-05,0.0005390636070579402
RQ3,informational_reach14_7_wom1,fake_repost_share_final100,INFORMATIONAL_CAMOUFLAGE,1.0,-1.0,14.7,1.0,5.0,-1.0,0.33,30,0.0002306666666666804,9.843713593863011e-05,2.9340118358347686e-05,0.0004319932149750131,0.4278240977288368,0.026181556286326648,0.28799711914959314
RQ3,informational_reach14_7_wom1,target_share_all,INFORMATIONAL_CAMOUFLAGE,1.0,-1.0,14.7,1.0,5.0,-1.0,0.33,30,0.00050499999999999,7.143842296595434e-05,0.0003588920197628066,0.0006511079802371735,1.2906214893719197,8.91354581149211e-08,1.2478964136088953e-06
RQ3,informational_reach14_7_wom1,target_share_final100,INFORMATIONAL_CAMOUFLAGE,1.0,-1.0,14.7,1.0,5.0,-1.0,0.33,30,0.0005993333333333332,0.0001266962457901493,0.0003402104158963892,0.0008584562507702772,0.8636624920866506,5.362946837975973e-05,0.000804442025696396
RQ3,informational_reach14_7_wom1,fake_repost_share_decisions,INFORMATIONAL_CAMOUFLAGE,1.0,-1.0,14.7,1.0,5.0,-1.0,0.33,30,0.00019153285164922711,3.971093132252426e-05,0.00011031487779170448,0.00027275082550674975,0.8805876187217372,4.146145523073023e-05,0.000538998917999493
RQ3,informational_reach14_7_wom1,target_share_decisions,INFORMATIONAL_CAMOUFLAGE,1.0,-1.0,14.7,1.0,5.0,-1.0,0.33,30,0.00050508793498872,7.145058248880253e-05,0.00035895508573497326,0.0006512207842424667,1.2906265462584112,8.912893326544714e-08,1.24780506571626e-06
RQ3,informational_reach14_7_wom1,participation_rate,INFORMATIONAL_CAMOUFLAGE,1.0,-1.0,14.7,1.0,5.0,-1.0,0.33,30,0.0,0.0,0.0,0.0,,,
RQ3,informational_reach14_7_wom1,cumulative_fake_reposts,INFORMATIONAL_CAMOUFLAGE,1.0,-1.0,14.7,1.0,5.0,-1.0,0.33,30,38.3,7.940895169434868,22.05904581440341,54.54095418559658,0.8805797291466151,4.146643131215349e-05,0.0005390636070579955
RQ3,informational_reach14_7_wom1,target_unique_reposters_p400,INFORMATIONAL_CAMOUFLAGE,1.0,-1.0,14.7,1.0,5.0,-1.0,0.33,30,22.066666666666666,2.968390303879964,15.995626827752062,28.13770650558127,1.357235163952058,3.424375642438721e-08,6.163876156389698e-07
RQ3,informational_reach10_0_wom0,fake_repost_share_all,INFORMATIONAL_CAMOUFLAGE,1.0,-1.0,10.0,0.0,5.0,-1.0,0.33,30,0.0035521666666666727,0.0002763203084017666,0.0029870281812001296,0.004117305152133216,2.347036817048312,1.670989310224427e-13,3.0077807584039684e-12
RQ3,informational_reach10_0_wom0,fake_repost_share_final100,INFORMATIONAL_CAMOUFLAGE,1.0,-1.0,10.0,0.0,5.0,-1.0,0.33,30,0.003228666666666677,0.00033085981103691853,0.0025519823737435465,0.0039053509595898075,1.7816343004973647,1.1460695968470462e-10,2.0629252743246833e-09
RQ3,informational_reach10_0_wom0,target_share_all,INFORMATIONAL_CAMOUFLAGE,1.0,-1.0,10.0,0.0,5.0,-1.0,0.33,30,0.0065219999999999966,0.0005093946486232221,0.00548017096509201,0.007563829034907983,2.3375762647576956,1.8469964338504617e-13,3.324593580930831e-12
RQ3,informational_reach10_0_wom0,target_share_final100,INFORMATIONAL_CAMOUFLAGE,1.0,-1.0,10.0,0.0,5.0,-1.0,0.33,30,0.005931333333333347,0.0005920264698441882,0.00472050324828083,0.007142163418385863,1.8291552986383612,6.325913339457882e-11,1.1386644011024188e-09
RQ3,informational_reach10_0_wom0,fake_repost_share_decisions,INFORMATIONAL_CAMOUFLAGE,1.0,-1.0,10.0,0.0,5.0,-1.0,0.33,30,0.003833174747090387,0.0002976408821814606,0.0032244307921423365,0.004441918702038437,2.3512857289102373,1.5976477840931645e-13,2.875766011367696e-12
RQ3,informational_reach10_0_wom0,target_share_decisions,INFORMATIONAL_CAMOUFLAGE,1.0,-1.0,10.0,0.0,5.0,-1.0,0.33,30,0.007034295750823312,0.0005463934929024347,0.005916795582870828,0.008151795918775797,2.35046873052509,1.6114885113733307e-13,2.9006793204719953e-12
RQ3,informational_reach10_0_wom0,participation_rate,INFORMATIONAL_CAMOUFLAGE,1.0,-1.0,10.0,0.0,5.0,-1.0,0.33,30,0.0,0.0,0.0,0.0,,,
RQ3,informational_reach10_0_wom0,cumulative_fake_reposts,INFORMATIONAL_CAMOUFLAGE,1.0,-1.0,10.0,0.0,5.0,-1.0,0.33,30,710.4333333333333,55.26406168035391,597.4056362400235,823.4610304266431,2.347036817048283,1.670989310224953e-13,3.0077807584049155e-12
RQ3,informational_reach10_0_wom0,target_unique_reposters_p400,INFORMATIONAL_CAMOUFLAGE,1.0,-1.0,10.0,0.0,5.0,-1.0,0.33,30,0.0,0.0,0.0,0.0,,,
RQ3,informational_reach10_0_wom1,fake_repost_share_all,INFORMATIONAL_CAMOUFLAGE,1.0,-1.0,10.0,1.0,5.0,-1.0,0.33,30,0.00021583333333333686,4.093454498562536e-05,0.0001321127885415213,0.00029955387812515244,0.9626489099423928,1.1889585411381811e-05,0.00016645419575934535
RQ3,informational_reach10_0_wom1,fake_repost_share_final100,INFORMATIONAL_CAMOUFLAGE,1.0,-1.0,10.0,1.0,5.0,-1.0,0.33,30,0.0002453333333333201,7.156017214588002e-05,9.897634806444732e-05,0.0003916903186021929,0.6259282537808984,0.0018393018182434843,0.025750225455408778
RQ3,informational_reach10_0_wom1,target_share_all,INFORMATIONAL_CAMOUFLAGE,1.0,-1.0,10.0,1.0,5.0,-1.0,0.33,30,0.00045949999999999664,8.115203200690885e-05,0.0002935254586201648,0.0006254745413798285,1.033773724656274,4.0384634701654605e-06,4.4423098171820064e-05
RQ3,informational_reach10_0_wom1,target_share_final100,INFORMATIONAL_CAMOUFLAGE,1.0,-1.0,10.0,1.0,5.0,-1.0,0.33,30,0.0006853333333333334,0.0002006860264842918,0.0002748843232058311,0.0010957823434608357,0.6234822501144679,0.0019047738489649689,0.022857286187579626
RQ3,informational_reach10_0_wom1,fake_repost_share_decisions,INFORMATIONAL_CAMOUFLAGE,1.0,-1.0,10.0,1.0,5.0,-1.0,0.33,30,0.00021587498651998762,4.0942522205458965e-05,0.00013213812648170652,0.0002996118465582687,0.9626470911649218,1.1889914412740903e-05,0.00016645880177837264
RQ3,informational_reach10_0_wom1,target_share_decisions,INFORMATIONAL_CAMOUFLAGE,1.0,-1.0,10.0,1.0,5.0,-1.0,0.33,30,0.0004595885974521367,8.116917535995417e-05,0.000293578993978491,0.0006255982009257823,1.0337546688973316,4.039628658527799e-06,4.443591524380578e-05
RQ3,informational_reach10_0_wom1,participation_rate,INFORMATIONAL_CAMOUFLAGE,1.0,-1.0,10.0,1.0,5.0,-1.0,0.33,30,0.0,0.0,0.0,0.0,,,
RQ3,informational_reach10_0_wom1,cumulative_fake_reposts,INFORMATIONAL_CAMOUFLAGE,1.0,-1.0,10.0,1.0,5.0,-1.0,0.33,30,43.166666666666664,8.186908997124805,26.422557708304094,59.91077562502923,0.9626489099424086,1.1889585411378982e-05,0.00016645419575930575
RQ3,informational_reach10_0_wom1,target_unique_reposters_p400,INFORMATIONAL_CAMOUFLAGE,1.0,-1.0,10.0,1.0,5.0,-1.0,0.33,30,19.5,3.2879962804464795,12.775292544008789,26.22470745599121,1.0827860861509666,1.926836814730065e-06,3.275622585041111e-05
RQ3,informational_reach5_0_wom0,fake_repost_share_all,INFORMATIONAL_CAMOUFLAGE,1.0,-1.0,5.0,0.0,5.0,-1.0,0.33,30,0.0019159999999999978,0.00017058728847281176,0.0015671098210443609,0.002264890178955635,2.0506342717072896,4.441295026315098e-12,7.550201544735666e-11
RQ3,informational_reach5_0_wom0,fake_repost_share_final100,INFORMATIONAL_CAMOUFLAGE,1.0,-1.0,5.0,0.0,5.0,-1.0,0.33,30,0.0015153333333333362,0.00020763514271534522,0.001090671784703458,0.0019399948819632145,1.3324370141972497,4.8804390078806844e-08,7.808702412609095e-07
RQ3,informational_reach5_0_wom0,target_share_all,INFORMATIONAL_CAMOUFLAGE,1.0,-1.0,5.0,0.0,5.0,-1.0,0.33,30,0.0034539999999999996,0.0003060584047635943,0.002828040278353648,0.004079959721646351,2.060427774762069,3.9657024081941595e-12,6.741694093930071e-11
RQ3,informational_reach5_0_wom0,target_share_final100,INFORMATIONAL_CAMOUFLAGE,1.0,-1.0,5.0,0.0,5.0,-1.0,0.33,30,0.002737333333333327,0.0004484155844732292,0.0018202204879744174,0.0036544461786922364,1.11451613636396,1.1963859013227368e-06,1.914217442116379e-05
RQ3,informational_reach5_0_wom0,fake_repost_share_decisions,INFORMATIONAL_CAMOUFLAGE,1.0,-1.0,5.0,0.0,5.0,-1.0,0.33,30,0.0020833976737599197,0.0001861642969172368,0.0017026489353979932,0.002464146412121846,2.043220103726275,4.84003742534576e-12,8.228063623087793e-11
RQ3,informational_reach5_0_wom0,target_share_decisions,INFORMATIONAL_CAMOUFLAGE,1.0,-1.0,5.0,0.0,5.0,-1.0,0.33,30,0.0037533836321405533,0.00033425377053569104,0.0030697579126463355,0.004437009351634771,2.0501517744031323,4.466187353749942e-12,7.592518501374902e-11
RQ3,informational_reach5_0_wom0,participation_rate,INFORMATIONAL_CAMOUFLAGE,1.0,-1.0,5.0,0.0,5.0,-1.0,0.33,30,0.0,0.0,0.0,0.0,,,
RQ3,informational_reach5_0_wom0,cumulative_fake_reposts,INFORMATIONAL_CAMOUFLAGE,1.0,-1.0,5.0,0.0,5.0,-1.0,0.33,30,383.2,34.11745769456202,313.4219642088733,452.9780357911267,2.050634271707312,4.44129502631399e-12,7.550201544733783e-11
RQ3,informational_reach5_0_wom0,target_unique_reposters_p400,INFORMATIONAL_CAMOUFLAGE,1.0,-1.0,5.0,0.0,5.0,-1.0,0.33,30,0.0,0.0,0.0,0.0,,,
RQ3,informational_reach5_0_wom1,fake_repost_share_all,INFORMATIONAL_CAMOUFLAGE,1.0,-1.0,5.0,1.0,5.0,-1.0,0.33,30,8.116666666667475e-05,3.367157412736312e-05,1.2300565164123089e-05,0.0001500327681692264,0.44010232570537583,0.022494620261990433,0.17995696209592346
RQ3,informational_reach5_0_wom1,fake_repost_share_final100,INFORMATIONAL_CAMOUFLAGE,1.0,-1.0,5.0,1.0,5.0,-1.0,0.33,30,9.733333333332925e-05,6.68759932070763e-05,-3.9443430320848475e-05,0.000234110096987507,0.265723965144256,0.15629091476437396,1.0
RQ3,informational_reach5_0_wom1,target_share_all,INFORMATIONAL_CAMOUFLAGE,1.0,-1.0,5.0,1.0,5.0,-1.0,0.33,30,0.00023133333333333,5.103747402438047e-05,0.0001269499785990892,0.0003357166880675708,0.8275388975885917,9.27801698975236e-05,0.0008350215290777123
RQ3,informational_reach5_0_wom1,target_share_final100,INFORMATIONAL_CAMOUFLAGE,1.0,-1.0,5.0,1.0,5.0,-1.0,0.33,30,0.00023866666666666998,7.391161751081525e-05,8.75004356355761e-05,0.0003898328976977639,0.5895469997833254,0.003080498456277444,0.03080498456277444
RQ3,informational_reach5_0_wom1,fake_repost_share_decisions,INFORMATIONAL_CAMOUFLAGE,1.0,-1.0,5.0,1.0,5.0,-1.0,0.33,30,8.118136266464007e-05,3.367802372785412e-05,1.2302070247984315e-05,0.00015006065508129583,0.44009771218310795,0.02249591171863957,0.17996729374911655
RQ3,informational_reach5_0_wom1,target_share_decisions,INFORMATIONAL_CAMOUFLAGE,1.0,-1.0,5.0,1.0,5.0,-1.0,0.33,30,0.00023137632642433333,5.104692210772272e-05,0.00012697364818997962,0.00033577900465868704,0.8275395004087388,9.277932273662807e-05,0.0008350139046296527
RQ3,informational_reach5_0_wom1,participation_rate,INFORMATIONAL_CAMOUFLAGE,1.0,-1.0,5.0,1.0,5.0,-1.0,0.33,30,0.0,0.0,0.0,0.0,,,
RQ3,informational_reach5_0_wom1,cumulative_fake_reposts,INFORMATIONAL_CAMOUFLAGE,1.0,-1.0,5.0,1.0,5.0,-1.0,0.33,30,16.233333333333334,6.734314825472771,2.4601130328227026,30.006553633843964,0.4401023257053224,0.022494620262005417,0.17995696209604334
RQ3,informational_reach5_0_wom1,target_unique_reposters_p400,INFORMATIONAL_CAMOUFLAGE,1.0,-1.0,5.0,1.0,5.0,-1.0,0.33,30,11.466666666666667,2.3923889533716207,6.5736818637201955,16.359651469613137,0.8750739832493447,4.508825687772352e-05,0.0006763238531658528
RQ3,informational_reach1_0_wom0,fake_repost_share_all,INFORMATIONAL_CAMOUFLAGE,1.0,-1.0,1.0,0.0,5.0,-1.0,0.33,30,0.000468666666666664,0.00013630656230425532,0.00018988844502479293,0.0007474448883085351,0.6277499310979556,0.0017919591360884652,0.017919591360884654
RQ3,informational_reach1_0_wom0,fake_repost_share_final100,INFORMATIONAL_CAMOUFLAGE,1.0,-1.0,1.0,0.0,5.0,-1.0,0.33,30,0.0004706666666666711,0.0001409417694492283,0.00018240838197447598,0.0007589249513588663,0.6096956480833892,0.002318011007200997,0.030134143093612963
RQ3,informational_reach1_0_wom0,target_share_all,INFORMATIONAL_CAMOUFLAGE,1.0,-1.0,1.0,0.0,5.0,-1.0,0.33,30,0.0007991666666666603,0.00024590801515141173,0.0002962283048409751,0.0013021050284923454,0.5933405766515656,0.002920606878127141,0.020444248146889988
RQ3,informational_reach1_0_wom0,target_share_final100,INFORMATIONAL_CAMOUFLAGE,1.0,-1.0,1.0,0.0,5.0,-1.0,0.33,30,0.0007166666666666733,0.00026043303166970583,0.00018402131050530596,0.0012493120228280405,0.5024125870013864,0.010110524387433142,0.0774975500490555
RQ3,informational_reach1_0_wom0,fake_repost_share_decisions,INFORMATIONAL_CAMOUFLAGE,1.0,-1.0,1.0,0.0,5.0,-1.0,0.33,30,0.0005100460997467832,0.0001485756682951295,0.00020617473884990833,0.0008139174606436581,0.6267597680573046,0.0018175439727877649,0.01817543972787765
RQ3,informational_reach1_0_wom0,target_share_decisions,INFORMATIONAL_CAMOUFLAGE,1.0,-1.0,1.0,0.0,5.0,-1.0,0.33,30,0.0008696673076220734,0.0002678123782933681,0.00032192949300642007,0.0014174051222377267,0.592873270639248,0.0029398640650799253,0.020579048455559478
RQ3,informational_reach1_0_wom0,participation_rate,INFORMATIONAL_CAMOUFLAGE,1.0,-1.0,1.0,0.0,5.0,-1.0,0.33,30,0.0,0.0,0.0,0.0,,,
RQ3,informational_reach1_0_wom0,cumulative_fake_reposts,INFORMATIONAL_CAMOUFLAGE,1.0,-1.0,1.0,0.0,5.0,-1.0,0.33,30,93.73333333333333,27.261312460850498,37.977689004960276,149.4889776617064,0.6277499310979722,0.0017919591360880459,0.01791959136088046
RQ3,informational_reach1_0_wom0,target_unique_reposters_p400,INFORMATIONAL_CAMOUFLAGE,1.0,-1.0,1.0,0.0,5.0,-1.0,0.33,30,0.0,0.0,0.0,0.0,,,
RQ3,informational_reach1_0_wom1,fake_repost_share_all,INFORMATIONAL_CAMOUFLAGE,1.0,-1.0,1.0,1.0,5.0,-1.0,0.33,30,1.9666666666667367e-05,1.3929075959593543e-05,-8.82149237341137e-06,4.81548257067461e-05,0.2577791710786961,0.16861590974363969,1.0
RQ3,informational_reach1_0_wom1,fake_repost_share_final100,INFORMATIONAL_CAMOUFLAGE,1.0,-1.0,1.0,1.0,5.0,-1.0,0.33,30,6.866666666666895e-05,3.3351948824938845e-05,4.5427230701105257e-07,0.00013687906102632686,0.37589289988655433,0.04859016657178258,0.47037578416798476
RQ3,informational_reach1_0_wom1,target_share_all,INFORMATIONAL_CAMOUFLAGE,1.0,-1.0,1.0,1.0,5.0,-1.0,0.33,30,4.116666666666667e-05,1.609184010632899e-05,8.25515828474275e-06,7.407817504859058e-05,0.4670671968244151,0.016006943732734175,0.09604166239640505
RQ3,informational_reach1_0_wom1,target_share_final100,INFORMATIONAL_CAMOUFLAGE,1.0,-1.0,1.0,1.0,5.0,-1.0,0.33,30,9.933333333333334e-05,3.474019611420752e-05,2.8281654467052786e-05,0.00017038501219961388,0.5220379988643368,0.0077866058232420815,0.07007945240917873
RQ3,informational_reach1_0_wom1,fake_repost_share_decisions,INFORMATIONAL_CAMOUFLAGE,1.0,-1.0,1.0,1.0,5.0,-1.0,0.33,30,1.9670429933590455e-05,1.3931525641005383e-05,-8.82273926752556e-06,4.8163599134706467e-05,0.25778316192307626,0.16860953113713706,1.0
RQ3,informational_reach1_0_wom1,target_share_decisions,INFORMATIONAL_CAMOUFLAGE,1.0,-1.0,1.0,1.0,5.0,-1.0,0.33,30,4.117481586386155e-05,1.6094551884672434e-05,8.257761272486732e-06,7.409187045523638e-05,0.4670809437330192,0.016004129879966248,0.0960247792797975
RQ3,informational_reach1_0_wom1,participation_rate,INFORMATIONAL_CAMOUFLAGE,1.0,-1.0,1.0,1.0,5.0,-1.0,0.33,30,0.0,0.0,0.0,0.0,,,
RQ3,informational_reach1_0_wom1,cumulative_fake_reposts,INFORMATIONAL_CAMOUFLAGE,1.0,-1.0,1.0,1.0,5.0,-1.0,0.33,30,3.933333333333333,2.7858151919186787,-1.7642984746823536,9.63096514134902,0.25777917107868964,0.16861590974364987,1.0
RQ3,informational_reach1_0_wom1,target_unique_reposters_p400,INFORMATIONAL_CAMOUFLAGE,1.0,-1.0,1.0,1.0,5.0,-1.0,0.33,30,1.9666666666666666,0.6737838483738698,0.5886239675821814,3.344709365751152,0.5329046790631465,0.006726513846821224,0.09417119385549713
RQ3,informational_reach0_0_wom0,fake_repost_share_all,INFORMATIONAL_CAMOUFLAGE,1.0,-1.0,0.0,0.0,5.0,-1.0,0.33,30,0.0,0.0,0.0,0.0,,,
RQ3,informational_reach0_0_wom0,fake_repost_share_final100,INFORMATIONAL_CAMOUFLAGE,1.0,-1.0,0.0,0.0,5.0,-1.0,0.33,30,0.0,0.0,0.0,0.0,,,
RQ3,informational_reach0_0_wom0,target_share_all,INFORMATIONAL_CAMOUFLAGE,1.0,-1.0,0.0,0.0,5.0,-1.0,0.33,30,0.0,0.0,0.0,0.0,,,
RQ3,informational_reach0_0_wom0,target_share_final100,INFORMATIONAL_CAMOUFLAGE,1.0,-1.0,0.0,0.0,5.0,-1.0,0.33,30,0.0,0.0,0.0,0.0,,,
RQ3,informational_reach0_0_wom0,fake_repost_share_decisions,INFORMATIONAL_CAMOUFLAGE,1.0,-1.0,0.0,0.0,5.0,-1.0,0.33,30,0.0,0.0,0.0,0.0,,,
RQ3,informational_reach0_0_wom0,target_share_decisions,INFORMATIONAL_CAMOUFLAGE,1.0,-1.0,0.0,0.0,5.0,-1.0,0.33,30,0.0,0.0,0.0,0.0,,,
RQ3,informational_reach0_0_wom0,participation_rate,INFORMATIONAL_CAMOUFLAGE,1.0,-1.0,0.0,0.0,5.0,-1.0,0.33,30,0.0,0.0,0.0,0.0,,,
RQ3,informational_reach0_0_wom0,cumulative_fake_reposts,INFORMATIONAL_CAMOUFLAGE,1.0,-1.0,0.0,0.0,5.0,-1.0,0.33,30,0.0,0.0,0.0,0.0,,,
RQ3,informational_reach0_0_wom0,target_unique_reposters_p400,INFORMATIONAL_CAMOUFLAGE,1.0,-1.0,0.0,0.0,5.0,-1.0,0.33,30,0.0,0.0,0.0,0.0,,,
RQ3,informational_reach0_0_wom1,fake_repost_share_all,INFORMATIONAL_CAMOUFLAGE,1.0,-1.0,0.0,1.0,5.0,-1.0,0.33,30,0.0,0.0,0.0,0.0,,,
RQ3,informational_reach0_0_wom1,fake_repost_share_final100,INFORMATIONAL_CAMOUFLAGE,1.0,-1.0,0.0,1.0,5.0,-1.0,0.33,30,0.0,0.0,0.0,0.0,,,
RQ3,informational_reach0_0_wom1,target_share_all,INFORMATIONAL_CAMOUFLAGE,1.0,-1.0,0.0,1.0,5.0,-1.0,0.33,30,0.0,0.0,0.0,0.0,,,
RQ3,informational_reach0_0_wom1,target_share_final100,INFORMATIONAL_CAMOUFLAGE,1.0,-1.0,0.0,1.0,5.0,-1.0,0.33,30,0.0,0.0,0.0,0.0,,,
RQ3,informational_reach0_0_wom1,fake_repost_share_decisions,INFORMATIONAL_CAMOUFLAGE,1.0,-1.0,0.0,1.0,5.0,-1.0,0.33,30,0.0,0.0,0.0,0.0,,,
RQ3,informational_reach0_0_wom1,target_share_decisions,INFORMATIONAL_CAMOUFLAGE,1.0,-1.0,0.0,1.0,5.0,-1.0,0.33,30,0.0,0.0,0.0,0.0,,,
RQ3,informational_reach0_0_wom1,participation_rate,INFORMATIONAL_CAMOUFLAGE,1.0,-1.0,0.0,1.0,5.0,-1.0,0.33,30,0.0,0.0,0.0,0.0,,,
RQ3,informational_reach0_0_wom1,cumulative_fake_reposts,INFORMATIONAL_CAMOUFLAGE,1.0,-1.0,0.0,1.0,5.0,-1.0,0.33,30,0.0,0.0,0.0,0.0,,,
RQ3,informational_reach0_0_wom1,target_unique_reposters_p400,INFORMATIONAL_CAMOUFLAGE,1.0,-1.0,0.0,1.0,5.0,-1.0,0.33,30,0.0,0.0,0.0,0.0,,,
RQ4,credibility_c3_window25,fake_repost_share_all,CREDIBILITY_CAMOUFLAGE,1.0,-1.0,,1.0,3.0,25.0,-1.0,15,0.0014500000000000088,0.00016520838212333666,0.0010956632612894386,0.001804336738710579,2.266158564847427,4.5825339665401484e-07,5.040787363194163e-06
RQ4,credibility_c3_window25,fake_repost_share_final100,CREDIBILITY_CAMOUFLAGE,1.0,-1.0,,1.0,3.0,25.0,-1.0,15,-0.00012266666666668017,0.00014736888172741083,-0.0004387414824089642,0.0001934081490756039,-0.21491916591256052,0.4191684044915945,1.0
RQ4,credibility_c3_window25,target_share_all,CREDIBILITY_CAMOUFLAGE,1.0,-1.0,,1.0,3.0,25.0,-1.0,15,0.0026813333333333064,0.00013813680819310277,0.0023850593460092847,0.002977607320657328,5.011823414516118,1.6123162641117285e-11,1.4510846377005557e-10
RQ4,credibility_c3_window25,target_share_final100,CREDIBILITY_CAMOUFLAGE,1.0,-1.0,,1.0,3.0,25.0,-1.0,15,0.0,0.0,0.0,0.0,,,
RQ4,credibility_c3_window25,fake_repost_share_decisions,CREDIBILITY_CAMOUFLAGE,1.0,-1.0,,1.0,3.0,25.0,-1.0,15,0.001449999999999995,0.0001652083821233361,0.001095663261289426,0.0018043367387105638,2.266158564847413,4.5825339665405036e-07,5.040787363194554e-06
RQ4,credibility_c3_window25,target_share_decisions,CREDIBILITY_CAMOUFLAGE,1.0,-1.0,,1.0,3.0,25.0,-1.0,15,0.002681333333333333,0.00013813680819310174,0.0023850593460093134,0.0029776073206573524,5.011823414516205,1.6123162641113537e-11,1.4510846377002184e-10
RQ4,credibility_c3_window25,participation_rate,CREDIBILITY_CAMOUFLAGE,1.0,-1.0,,1.0,3.0,25.0,-1.0,15,0.0,0.0,0.0,0.0,,,
RQ4,credibility_c3_window25,cumulative_fake_reposts,CREDIBILITY_CAMOUFLAGE,1.0,-1.0,,1.0,3.0,25.0,-1.0,15,290.0,33.04167642466679,219.13265225788712,360.8673477421129,2.2661585648474505,4.582533966539592e-07,5.040787363193551e-06
RQ4,credibility_c3_window25,target_unique_reposters_p400,CREDIBILITY_CAMOUFLAGE,1.0,-1.0,,1.0,3.0,25.0,-1.0,15,0.7333333333333333,0.7397983423214648,-0.8533763030214029,2.3200429696880693,0.25594252061594236,0.33838225782504516,0.6767645156500903
RQ4,credibility_c3_half0_33,fake_repost_share_all,CREDIBILITY_CAMOUFLAGE,1.0,-1.0,,1.0,3.0,-1.0,0.33,15,-0.00011733333333330265,8.190712898019622e-05,-0.0002930066532155941,5.833998654898877e-05,-0.36987423163516353,0.1739457189125116,0.5218371567375348
RQ4,credibility_c3_half0_33,fake_repost_share_final100,CREDIBILITY_CAMOUFLAGE,1.0,-1.0,,1.0,3.0,-1.0,0.33,15,1.733333333332939e-05,0.0001217627148603337,-0.00024382171658384572,0.0002784883832505045,0.03675548321517477,0.8888292557267137,1.0
RQ4,credibility_c3_half0_33,target_share_all,CREDIBILITY_CAMOUFLAGE,1.0,-1.0,,1.0,3.0,-1.0,0.33,15,0.000432666666666673,0.0001072712035502123,0.0002025928172952566,0.0006627405160380894,1.0414169811346254,0.0012326909011866102,0.0036980727035598304
RQ4,credibility_c3_half0_33,target_share_final100,CREDIBILITY_CAMOUFLAGE,1.0,-1.0,,1.0,3.0,-1.0,0.33,15,0.0004053333333333401,0.00017694192393111202,2.5830650351326356e-05,0.0007848360163153539,0.5914743906872509,0.03800933750503518,0.41810271255538695
RQ4,credibility_c3_half0_33,fake_repost_share_decisions,CREDIBILITY_CAMOUFLAGE,1.0,-1.0,,1.0,3.0,-1.0,0.33,15,-0.00011733333333333226,8.190712898019099e-05,-0.00029300665321561247,5.8339986548947934e-05,-0.3698742316352805,0.17394571891238442,0.5218371567371533
RQ4,credibility_c3_half0_33,target_share_decisions,CREDIBILITY_CAMOUFLAGE,1.0,-1.0,,1.0,3.0,-1.0,0.33,15,0.00043266666666666627,0.00010727120355021238,0.00020259281729524968,0.0006627405160380829,1.0414169811346083,0.0012326909011867713,0.003698072703560314
RQ4,credibility_c3_half0_33,participation_rate,CREDIBILITY_CAMOUFLAGE,1.0,-1.0,,1.0,3.0,-1.0,0.33,15,0.0,0.0,0.0,0.0,,,
RQ4,credibility_c3_half0_33,cumulative_fake_reposts,CREDIBILITY_CAMOUFLAGE,1.0,-1.0,,1.0,3.0,-1.0,0.33,15,-23.466666666666665,16.38142579603836,-58.60133064312305,11.667997309789722,-0.3698742316352802,0.17394571891238467,0.521837156737154
RQ4,credibility_c3_half0_33,target_unique_reposters_p400,CREDIBILITY_CAMOUFLAGE,1.0,-1.0,,1.0,3.0,-1.0,0.33,15,3.533333333333333,1.0041185030931201,1.3797133348072568,5.68695333185941,0.9085608331715976,0.0034053026400989966,0.027242421120791973
RQ4,credibility_c3_half1,fake_repost_share_all,CREDIBILITY_CAMOUFLAGE,1.0,-1.0,,1.0,3.0,-1.0,1.0,15,0.0003679999999999878,0.00016448462078926782,1.5215574963958127e-05,0.0007207844250360175,0.5776661123150533,0.04204884068408842,0.1681953627363537
RQ4,credibility_c3_half1,fake_repost_share_final100,CREDIBILITY_CAMOUFLAGE,1.0,-1.0,,1.0,3.0,-1.0,1.0,15,0.0,0.0,0.0,0.0,,,
RQ4,credibility_c3_half1,target_share_all,CREDIBILITY_CAMOUFLAGE,1.0,-1.0,,1.0,3.0,-1.0,1.0,15,0.0013986666666666668,0.0001602516374380845,0.0010549610879724328,0.0017423722453609007,2.2535444019985467,4.89916137499671e-07,2.4495806874983554e-06
RQ4,credibility_c3_half1,target_share_final100,CREDIBILITY_CAMOUFLAGE,1.0,-1.0,,1.0,3.0,-1.0,1.0,15,0.0,0.0,0.0,0.0,,,
RQ4,credibility_c3_half1,fake_repost_share_decisions,CREDIBILITY_CAMOUFLAGE,1.0,-1.0,,1.0,3.0,-1.0,1.0,15,0.0003680000000000017,0.00016448462078927175,1.5215574963963602e-05,0.0007207844250360397,0.5776661123150614,0.04204884068408598,0.16819536273634392
RQ4,credibility_c3_half1,target_share_decisions,CREDIBILITY_CAMOUFLAGE,1.0,-1.0,,1.0,3.0,-1.0,1.0,15,0.0013986666666666668,0.0001602516374380845,0.0010549610879724328,0.0017423722453609007,2.2535444019985467,4.89916137499671e-07,2.4495806874983554e-06
RQ4,credibility_c3_half1,participation_rate,CREDIBILITY_CAMOUFLAGE,1.0,-1.0,,1.0,3.0,-1.0,1.0,15,0.0,0.0,0.0,0.0,,,
RQ4,credibility_c3_half1,cumulative_fake_reposts,CREDIBILITY_CAMOUFLAGE,1.0,-1.0,,1.0,3.0,-1.0,1.0,15,73.6,32.896924157854315,3.0431149927924537,144.15688500720753,0.5776661123150593,0.04204884068408661,0.16819536273634644
RQ4,credibility_c3_half1,target_unique_reposters_p400,CREDIBILITY_CAMOUFLAGE,1.0,-1.0,,1.0,3.0,-1.0,1.0,15,11.6,2.4491009040248297,6.347200983680086,16.852799016319914,1.2229414950380109,0.0003184978267855697,0.0035034760946412668
RQ4,credibility_c3_half5,fake_repost_share_all,CREDIBILITY_CAMOUFLAGE,1.0,-1.0,,1.0,3.0,-1.0,5.0,15,0.0007663333333333476,0.00018372693678823327,0.00037227824509802903,0.001160388421568666,1.076959205339474,0.0009421468308617807,0.0065950278160324645
RQ4,credibility_c3_half5,fake_repost_share_final100,CREDIBILITY_CAMOUFLAGE,1.0,-1.0,,1.0,3.0,-1.0,5.0,15,-0.00011333333333333242,0.00010178720411051578,-0.000331645173709939,0.00010497850704327419,-0.28748742136820515,0.28427423542035185,1.0
RQ4,credibility_c3_half5,target_share_all,CREDIBILITY_CAMOUFLAGE,1.0,-1.0,,1.0,3.0,-1.0,5.0,15,0.0021949999999999934,0.0001224560173714485,0.0019323579640862793,0.0024576420359137077,4.628164259792087,4.721579990991582e-11,3.777263992793266e-10
RQ4,credibility_c3_half5,target_share_final100,CREDIBILITY_CAMOUFLAGE,1.0,-1.0,,1.0,3.0,-1.0,5.0,15,-7.999999999993333e-06,5.070174224488006e-05,-0.00011674442182105185,0.00010074442182106517,-0.04074004218630484,0.8768789965481417,1.0
RQ4,credibility_c3_half5,fake_repost_share_decisions,CREDIBILITY_CAMOUFLAGE,1.0,-1.0,,1.0,3.0,-1.0,5.0,15,0.0007663333333333327,0.000183726936788234,0.0003722782450980126,0.0011603884215686529,1.076959205339449,0.0009421468308619576,0.006595027816033703
RQ4,credibility_c3_half5,target_share_decisions,CREDIBILITY_CAMOUFLAGE,1.0,-1.0,,1.0,3.0,-1.0,5.0,15,0.0021950000000000003,0.00012245601737144725,0.0019323579640862889,0.0024576420359137116,4.6281642597921495,4.721579990990746e-11,3.777263992792597e-10
RQ4,credibility_c3_half5,participation_rate,CREDIBILITY_CAMOUFLAGE,1.0,-1.0,,1.0,3.0,-1.0,5.0,15,0.0,0.0,0.0,0.0,,,
RQ4,credibility_c3_half5,cumulative_fake_reposts,CREDIBILITY_CAMOUFLAGE,1.0,-1.0,,1.0,3.0,-1.0,5.0,15,153.26666666666668,36.745387357646564,74.45564901960316,232.0776843137302,1.0769592053394568,0.0009421468308619012,0.0065950278160333085
RQ4,credibility_c3_half5,target_unique_reposters_p400,CREDIBILITY_CAMOUFLAGE,1.0,-1.0,,1.0,3.0,-1.0,5.0,15,9.133333333333333,1.3831181703006696,6.166839893855227,12.09982677281144,1.7050000332543984,1.1827189434961108e-05,0.0001419262732195333
RQ4,credibility_c5_window25,fake_repost_share_all,CREDIBILITY_CAMOUFLAGE,1.0,-1.0,,1.0,5.0,25.0,-1.0,15,0.0013906666666666438,0.0001801493207807897,0.001004284801618572,0.0017770485317147157,1.9931720407574371,2.0696029696382085e-06,2.0696029696382085e-05
RQ4,credibility_c5_window25,fake_repost_share_final100,CREDIBILITY_CAMOUFLAGE,1.0,-1.0,,1.0,5.0,25.0,-1.0,15,-0.00013733333333336659,0.00014631820075785206,-0.00045115466251889245,0.00017648799585215925,-0.2423438369819426,0.3638512596148028,1.0
RQ4,credibility_c5_window25,target_share_all,CREDIBILITY_CAMOUFLAGE,1.0,-1.0,,1.0,5.0,25.0,-1.0,15,0.0029543333333333327,0.00012410716055726741,0.002688149947494828,0.003220516719171837,6.146346296092326,1.0027269419009956e-12,1.2032723302811947e-11
RQ4,credibility_c5_window25,target_share_final100,CREDIBILITY_CAMOUFLAGE,1.0,-1.0,,1.0,5.0,25.0,-1.0,15,0.0,0.0,0.0,0.0,,,
RQ4,credibility_c5_window25,fake_repost_share_decisions,CREDIBILITY_CAMOUFLAGE,1.0,-1.0,,1.0,5.0,25.0,-1.0,15,0.001390666666666667,0.00018014932078078258,0.0010042848016186103,0.0017770485317147237,1.9931720407575493,2.0696029696368626e-06,2.0696029696368628e-05
RQ4,credibility_c5_window25,target_share_decisions,CREDIBILITY_CAMOUFLAGE,1.0,-1.0,,1.0,5.0,25.0,-1.0,15,0.0029543333333333327,0.00012410716055726717,0.0026881499474948286,0.0032205167191718368,6.146346296092338,1.0027269419009704e-12,1.2032723302811645e-11
RQ4,credibility_c5_window25,participation_rate,CREDIBILITY_CAMOUFLAGE,1.0,-1.0,,1.0,5.0,25.0,-1.0,15,0.0,0.0,0.0,0.0,,,
RQ4,credibility_c5_window25,cumulative_fake_reposts,CREDIBILITY_CAMOUFLAGE,1.0,-1.0,,1.0,5.0,25.0,-1.0,15,278.1333333333333,36.029864156156776,200.85696032372144,355.40970634294524,1.9931720407575344,2.06960296963705e-06,2.0696029696370498e-05
RQ4,credibility_c5_window25,target_unique_reposters_p400,CREDIBILITY_CAMOUFLAGE,1.0,-1.0,,1.0,5.0,25.0,-1.0,15,0.9333333333333333,0.5020592515465601,-0.14347666592970487,2.0101433325963716,0.479994402430278,0.08417192095063926,0.2525157628519178
RQ4,credibility_c5_half0_33,fake_repost_share_all,CREDIBILITY_CAMOUFLAGE,1.0,-1.0,,1.0,5.0,-1.0,0.33,15,0.00023600000000001398,0.0003028924844608319,-0.0004136397685419285,0.0008856397685419564,0.20117679079691178,0.44885966159187235,0.8977193231837447
RQ4,credibility_c5_half0_33,fake_repost_share_final100,CREDIBILITY_CAMOUFLAGE,1.0,-1.0,,1.0,5.0,-1.0,0.33,15,6.933333333333375e-05,0.0001182872479004927,-0.0001843675813140762,0.00032303424798074367,0.15134167044106236,0.5671095400299334,1.0
RQ4,credibility_c5_half0_33,target_share_all,CREDIBILITY_CAMOUFLAGE,1.0,-1.0,,1.0,5.0,-1.0,0.33,15,0.0008499999999999995,0.00022513435142260913,0.00036713484007577877,0.0013328651599242203,0.9748359364009815,0.00204744252827531,0.00409488505655062
RQ4,credibility_c5_half0_33,target_share_final100,CREDIBILITY_CAMOUFLAGE,1.0,-1.0,,1.0,5.0,-1.0,0.33,15,0.0004040000000000135,0.00014906949481941097,8.427773193670884e-05,0.0007237222680633182,0.6997565235209586,0.016917090914120848,0.20300509096945019
RQ4,credibility_c5_half0_33,fake_repost_share_decisions,CREDIBILITY_CAMOUFLAGE,1.0,-1.0,,1.0,5.0,-1.0,0.33,15,0.00023600000000000102,0.0003028924844608359,-0.0004136397685419501,0.0008856397685419522,0.2011767907968981,0.4488596615919025,0.897719323183805
RQ4,credibility_c5_half0_33,target_share_decisions,CREDIBILITY_CAMOUFLAGE,1.0,-1.0,,1.0,5.0,-1.0,0.33,15,0.0008499999999999995,0.00022513435142260308,0.0003671348400757917,0.0013328651599242073,0.9748359364010077,0.002047442528274899,0.004094885056549798
RQ4,credibility_c5_half0_33,participation_rate,CREDIBILITY_CAMOUFLAGE,1.0,-1.0,,1.0,5.0,-1.0,0.33,15,0.0,0.0,0.0,0.0,,,
RQ4,credibility_c5_half0_33,cumulative_fake_reposts,CREDIBILITY_CAMOUFLAGE,1.0,-1.0,,1.0,5.0,-1.0,0.33,15,47.2,60.57849689216699,-82.72795370838982,177.12795370838984,0.20117679079689785,0.44885966159190305,0.8977193231838061
RQ4,credibility_c5_half0_33,target_unique_reposters_p400,CREDIBILITY_CAMOUFLAGE,1.0,-1.0,,1.0,5.0,-1.0,0.33,15,3.4,0.8496497877977501,1.5776824457391985,5.222317554260801,1.0332212609806672,0.0013118012605310213,0.013118012605310213
RQ4,credibility_c5_half1,fake_repost_share_all,CREDIBILITY_CAMOUFLAGE,1.0,-1.0,,1.0,5.0,-1.0,1.0,15,0.0005433333333333411,0.0001348753098470933,0.00025405456424450624,0.0008326121024221759,1.040131537702015,0.0012447692950518722,0.007468615770311233
RQ4,credibility_c5_half1,fake_repost_share_final100,CREDIBILITY_CAMOUFLAGE,1.0,-1.0,,1.0,5.0,-1.0,1.0,15,6.666666666666857e-06,6.666666666666857e-06,-7.631911252785576e-06,2.0965244586119292e-05,0.2581988897471611,0.3342819433946576,1.0
RQ4,credibility_c5_half1,target_share_all,CREDIBILITY_CAMOUFLAGE,1.0,-1.0,,1.0,5.0,-1.0,1.0,15,0.0012656666666666732,0.00016548620045091862,0.0009107340669054457,0.0016205992664279007,1.9747491164391602,2.3024252409854587e-06,9.209700963941835e-06
RQ4,credibility_c5_half1,target_share_final100,CREDIBILITY_CAMOUFLAGE,1.0,-1.0,,1.0,5.0,-1.0,1.0,15,4e-06,4e-06,-4.579146751671215e-06,1.2579146751671215e-05,0.2581988897471611,0.3342819433946576,1.0
RQ4,credibility_c5_half1,fake_repost_share_decisions,CREDIBILITY_CAMOUFLAGE,1.0,-1.0,,1.0,5.0,-1.0,1.0,15,0.0005433333333333336,0.00013487530984709285,0.0002540545642444998,0.0008326121024221675,1.0401315377020042,0.001244769295051975,0.00746861577031185
RQ4,credibility_c5_half1,target_share_decisions,CREDIBILITY_CAMOUFLAGE,1.0,-1.0,,1.0,5.0,-1.0,1.0,15,0.001265666666666667,0.0001654862004509214,0.0009107340669054333,0.0016205992664279005,1.9747491164391169,2.3024252409860436e-06,9.209700963944174e-06
RQ4,credibility_c5_half1,participation_rate,CREDIBILITY_CAMOUFLAGE,1.0,-1.0,,1.0,5.0,-1.0,1.0,15,0.0,0.0,0.0,0.0,,,
RQ4,credibility_c5_half1,cumulative_fake_reposts,CREDIBILITY_CAMOUFLAGE,1.0,-1.0,,1.0,5.0,-1.0,1.0,15,108.66666666666667,26.975061969418498,50.81091284890006,166.52242048443327,1.0401315377020064,0.0012447692950519548,0.007468615770311729
RQ4,credibility_c5_half1,target_unique_reposters_p400,CREDIBILITY_CAMOUFLAGE,1.0,-1.0,,1.0,5.0,-1.0,1.0,15,10.066666666666666,2.6321576640190014,4.421249948377889,15.712083384955445,0.9874796606292217,0.0018587441491023553,0.016728697341921197
RQ4,credibility_c5_half5,fake_repost_share_all,CREDIBILITY_CAMOUFLAGE,1.0,-1.0,,1.0,5.0,-1.0,5.0,15,0.0010396666666666692,0.00017712348844444792,0.0006597745665334544,0.001419558766799884,1.5155572047388746,4.076664605375159e-05,0.0003261331684300127
RQ4,credibility_c5_half5,fake_repost_share_final100,CREDIBILITY_CAMOUFLAGE,1.0,-1.0,,1.0,5.0,-1.0,5.0,15,0.00011466666666667263,6.956919588347423e-05,-3.4544418553348976e-05,0.0002638777518866942,0.42557349770051905,0.12155467524923624,1.0
RQ4,credibility_c5_half5,target_share_all,CREDIBILITY_CAMOUFLAGE,1.0,-1.0,,1.0,5.0,-1.0,5.0,15,0.001923999999999993,0.00012030833403424723,0.001665964286717771,0.002182035713282215,4.129179145080034,2.174557585250695e-10,1.5221903096754865e-09
RQ4,credibility_c5_half5,target_share_final100,CREDIBILITY_CAMOUFLAGE,1.0,-1.0,,1.0,5.0,-1.0,5.0,15,7.466666666666e-05,3.7465751556354214e-05,-5.689378524244249e-06,0.00015502271185756426,0.5145726332342391,0.06613422540977641,0.5952080286879877
RQ4,credibility_c5_half5,fake_repost_share_decisions,CREDIBILITY_CAMOUFLAGE,1.0,-1.0,,1.0,5.0,-1.0,5.0,15,0.0010396666666666703,0.00017712348844444787,0.0006597745665334555,0.001419558766799885,1.5155572047388766,4.0766646053750945e-05,0.00032613316843000756
RQ4,credibility_c5_half5,target_share_decisions,CREDIBILITY_CAMOUFLAGE,1.0,-1.0,,1.0,5.0,-1.0,5.0,15,0.001924,0.000120308334034244,0.001665964286717785,0.002182035713282215,4.12917914508016,2.1745575852498073e-10,1.5221903096748651e-09
RQ4,credibility_c5_half5,participation_rate,CREDIBILITY_CAMOUFLAGE,1.0,-1.0,,1.0,5.0,-1.0,5.0,15,0.0,0.0,0.0,0.0,,,
RQ4,credibility_c5_half5,cumulative_fake_reposts,CREDIBILITY_CAMOUFLAGE,1.0,-1.0,,1.0,5.0,-1.0,5.0,15,207.93333333333334,35.4246976888894,131.95491330669074,283.91175335997593,1.5155572047388788,4.0766646053750417e-05,0.00032613316843000333
RQ4,credibility_c5_half5,target_unique_reposters_p400,CREDIBILITY_CAMOUFLAGE,1.0,-1.0,,1.0,5.0,-1.0,5.0,15,3.8,1.0832051206181281,1.4767560770138397,6.12324392298616,0.9057894597833126,0.003478707652273748,0.027242421120791973
RQ4,credibility_c10_window25,fake_repost_share_all,CREDIBILITY_CAMOUFLAGE,1.0,-1.0,,1.0,10.0,25.0,-1.0,15,0.0012719999999999834,0.00010130200016828712,0.001054728818579594,0.0014892711814203728,3.2420780163549057,5.2158370281897564e-09,6.259004433827708e-08
RQ4,credibility_c10_window25,fake_repost_share_final100,CREDIBILITY_CAMOUFLAGE,1.0,-1.0,,1.0,10.0,25.0,-1.0,15,-2.6666666666675757e-05,0.00011541505499992495,-0.00027420734021581597,0.00022087400688246446,-0.059656894211918776,0.8206183640247398,1.0
RQ4,credibility_c10_window25,target_share_all,CREDIBILITY_CAMOUFLAGE,1.0,-1.0,,1.0,10.0,25.0,-1.0,15,0.002741333333333326,0.00012319020008436202,0.0024771166321104557,0.0030055500345561965,5.7456617702449835,2.5185896354633697e-12,2.7704485990097068e-11
RQ4,credibility_c10_window25,target_share_final100,CREDIBILITY_CAMOUFLAGE,1.0,-1.0,,1.0,10.0,25.0,-1.0,15,5.333333333333334e-06,5.3333333333333345e-06,-6.10552900222829e-06,1.6772195668894957e-05,0.2581988897471611,0.3342819433946576,1.0
RQ4,credibility_c10_window25,fake_repost_share_decisions,CREDIBILITY_CAMOUFLAGE,1.0,-1.0,,1.0,10.0,25.0,-1.0,15,0.0012719999999999982,0.00010130200016828589,0.0010547288185796114,0.001489271181420385,3.242078016354983,5.215837028188166e-09,6.259004433825798e-08
RQ4,credibility_c10_window25,target_share_decisions,CREDIBILITY_CAMOUFLAGE,1.0,-1.0,,1.0,10.0,25.0,-1.0,15,0.0027413333333333335,0.000123190200084363,0.002477116632110461,0.003005550034556206,5.745661770244952,2.518589635463554e-12,2.7704485990099094e-11
RQ4,credibility_c10_window25,participation_rate,CREDIBILITY_CAMOUFLAGE,1.0,-1.0,,1.0,10.0,25.0,-1.0,15,0.0,0.0,0.0,0.0,,,
RQ4,credibility_c10_window25,cumulative_fake_reposts,CREDIBILITY_CAMOUFLAGE,1.0,-1.0,,1.0,10.0,25.0,-1.0,15,254.4,20.260400033657024,210.945763715923,297.85423628407705,3.2420780163550122,5.21583702818756e-09,6.259004433825073e-08
RQ4,credibility_c10_window25,target_unique_reposters_p400,CREDIBILITY_CAMOUFLAGE,1.0,-1.0,,1.0,10.0,25.0,-1.0,15,-0.8666666666666667,0.33617833513757694,-1.5876974846361118,-0.14563584869722157,-0.6656359072711516,0.021894463147115805,0.10947231573557903
RQ4,credibility_c10_half0_33,fake_repost_share_all,CREDIBILITY_CAMOUFLAGE,1.0,-1.0,,1.0,10.0,-1.0,0.33,15,0.0001980000000000102,0.002183771573611646,-0.004485724200535564,0.004881724200535583,0.023410589636621088,0.9290402169803783,0.9290402169803783
RQ4,credibility_c10_half0_33,fake_repost_share_final100,CREDIBILITY_CAMOUFLAGE,1.0,-1.0,,1.0,10.0,-1.0,0.33,15,0.0005319999999999816,0.0005300451014053513,-0.0006048336774902584,0.0016688336774902217,0.25915117219513306,0.3325621467047055,1.0
RQ4,credibility_c10_half0_33,target_share_all,CREDIBILITY_CAMOUFLAGE,1.0,-1.0,,1.0,10.0,-1.0,0.33,15,0.0010323333333333337,0.0006753573774688395,-0.00041616417944891266,0.0024808308461155802,0.394675958845139,0.14864552460931085,0.14864552460931085
RQ4,credibility_c10_half0_33,target_share_final100,CREDIBILITY_CAMOUFLAGE,1.0,-1.0,,1.0,10.0,-1.0,0.33,15,0.001335999999999987,0.0006396969520610533,-3.6013507082153715e-05,0.0027080135070821276,0.5392455217908888,0.05550168676476145,0.5550168676476145
RQ4,credibility_c10_half0_33,fake_repost_share_decisions,CREDIBILITY_CAMOUFLAGE,1.0,-1.0,,1.0,10.0,-1.0,0.33,15,0.0001980000000000028,0.002183771573611646,-0.004485724200535571,0.0048817242005355765,0.023410589636620214,0.9290402169803808,0.9290402169803808
RQ4,credibility_c10_half0_33,target_share_decisions,CREDIBILITY_CAMOUFLAGE,1.0,-1.0,,1.0,10.0,-1.0,0.33,15,0.0010323333333333335,0.0006753573774688385,-0.0004161641794489109,0.0024808308461155776,0.39467595884513956,0.14864552460931044,0.14864552460931044
RQ4,credibility_c10_half0_33,participation_rate,CREDIBILITY_CAMOUFLAGE,1.0,-1.0,,1.0,10.0,-1.0,0.33,15,0.0,0.0,0.0,0.0,,,
RQ4,credibility_c10_half0_33,cumulative_fake_reposts,CREDIBILITY_CAMOUFLAGE,1.0,-1.0,,1.0,10.0,-1.0,0.33,15,39.6,436.7543147223293,-897.1448401071148,976.3448401071148,0.023410589636619884,0.9290402169803818,0.9290402169803818
RQ4,credibility_c10_half0_33,target_unique_reposters_p400,CREDIBILITY_CAMOUFLAGE,1.0,-1.0,,1.0,10.0,-1.0,0.33,15,4.933333333333334,1.6916226829843886,1.3051635218886175,8.56150314477805,0.7529936801108049,0.011272217016528498,0.06763330209917098
RQ4,credibility_c10_half1,fake_repost_share_all,CREDIBILITY_CAMOUFLAGE,1.0,-1.0,,1.0,10.0,-1.0,1.0,15,0.00033900000000002033,9.143850392476939e-05,0.00014288391401905508,0.0005351160859809855,0.9572490785315922,0.0023427018799109635,0.011713509399554817
RQ4,credibility_c10_half1,fake_repost_share_final100,CREDIBILITY_CAMOUFLAGE,1.0,-1.0,,1.0,10.0,-1.0,1.0,15,0.0,0.0,0.0,0.0,,,
RQ4,credibility_c10_half1,target_share_all,CREDIBILITY_CAMOUFLAGE,1.0,-1.0,,1.0,10.0,-1.0,1.0,15,0.0009623333333333335,6.647746962884805e-05,0.00081975334142692,0.001104913325239747,3.7377084239308322,8.138642706625716e-10,4.883185623975429e-09
RQ4,credibility_c10_half1,target_share_final100,CREDIBILITY_CAMOUFLAGE,1.0,-1.0,,1.0,10.0,-1.0,1.0,15,0.0,0.0,0.0,0.0,,,
RQ4,credibility_c10_half1,fake_repost_share_decisions,CREDIBILITY_CAMOUFLAGE,1.0,-1.0,,1.0,10.0,-1.0,1.0,15,0.000338999999999999,9.143850392476913e-05,0.00014288391401903432,0.0005351160859809638,0.9572490785315347,0.0023427018799119987,0.011713509399559993
RQ4,credibility_c10_half1,target_share_decisions,CREDIBILITY_CAMOUFLAGE,1.0,-1.0,,1.0,10.0,-1.0,1.0,15,0.0009623333333333335,6.647746962884466e-05,0.0008197533414269273,0.0011049133252397396,3.7377084239310228,8.138642706620244e-10,4.883185623972147e-09
RQ4,credibility_c10_half1,participation_rate,CREDIBILITY_CAMOUFLAGE,1.0,-1.0,,1.0,10.0,-1.0,1.0,15,0.0,0.0,0.0,0.0,,,
RQ4,credibility_c10_half1,cumulative_fake_reposts,CREDIBILITY_CAMOUFLAGE,1.0,-1.0,,1.0,10.0,-1.0,1.0,15,67.8,18.287700784953802,28.576782803807106,107.02321719619289,0.9572490785315386,0.002342701879911925,0.011713509399559625
RQ4,credibility_c10_half1,target_unique_reposters_p400,CREDIBILITY_CAMOUFLAGE,1.0,-1.0,,1.0,10.0,-1.0,1.0,15,5.266666666666667,2.172263832670921,0.6076241157087674,9.925709217624565,0.6260047539113635,0.029451995344967678,0.11780798137987071
RQ4,credibility_c10_half5,fake_repost_share_all,CREDIBILITY_CAMOUFLAGE,1.0,-1.0,,1.0,10.0,-1.0,5.0,15,0.0007256666666666652,0.00010193352953981448,0.0005070409894571948,0.0009442923438761355,1.8381226325207576,5.180184284749738e-06,4.662165856274764e-05
RQ4,credibility_c10_half5,fake_repost_share_final100,CREDIBILITY_CAMOUFLAGE,1.0,-1.0,,1.0,10.0,-1.0,5.0,15,-5.200000000000574e-05,5.632558413874669e-05,-0.00017280636304998386,6.880636304997236e-05,-0.2383702268187895,0.3715390417220387,1.0
RQ4,credibility_c10_half5,target_share_all,CREDIBILITY_CAMOUFLAGE,1.0,-1.0,,1.0,10.0,-1.0,5.0,15,0.00181333333333332,8.54423596666003e-05,0.0016300776977361106,0.0019965889689305292,5.479725223356668,4.803013667583714e-12,4.8030136675837136e-11
RQ4,credibility_c10_half5,target_share_final100,CREDIBILITY_CAMOUFLAGE,1.0,-1.0,,1.0,10.0,-1.0,5.0,15,3.199999999998667e-05,2.710122119898631e-05,-2.6126338453914953e-05,9.012633845388829e-05,0.3048705595678013,0.25737075922016794,1.0
RQ4,credibility_c10_half5,fake_repost_share_decisions,CREDIBILITY_CAMOUFLAGE,1.0,-1.0,,1.0,10.0,-1.0,5.0,15,0.0007256666666666661,0.0001019335295398157,0.0005070409894571932,0.000944292343876139,1.8381226325207378,5.1801842847503654e-06,4.662165856275329e-05
RQ4,credibility_c10_half5,target_share_decisions,CREDIBILITY_CAMOUFLAGE,1.0,-1.0,,1.0,10.0,-1.0,5.0,15,0.0018133333333333332,8.544235966660111e-05,0.001630077697736122,0.0019965889689305444,5.479725223356655,4.803013667583856e-12,4.803013667583856e-11
RQ4,credibility_c10_half5,participation_rate,CREDIBILITY_CAMOUFLAGE,1.0,-1.0,,1.0,10.0,-1.0,5.0,15,0.0,0.0,0.0,0.0,,,
RQ4,credibility_c10_half5,cumulative_fake_reposts,CREDIBILITY_CAMOUFLAGE,1.0,-1.0,,1.0,10.0,-1.0,5.0,15,145.13333333333333,20.386705907963105,101.40819789143882,188.85846877522783,1.8381226325207425,5.18018428475022e-06,4.662165856275198e-05
RQ4,credibility_c10_half5,target_unique_reposters_p400,CREDIBILITY_CAMOUFLAGE,1.0,-1.0,,1.0,10.0,-1.0,5.0,15,-0.2,0.8847921466972585,-2.097690417810497,1.6976904178104968,-0.058363739034294745,0.8244356730279195,0.8244356730279195
