study,research_question,experiment,condition,seed,strategy,from,to,start_period,end_period,target_reach,memory,memory_half_life,wom,contacts,friends,status,fake_repost_share_all,fake_repost_share_final100,target_share_all,target_share_final100,fake_repost_share_decisions,target_share_decisions,participation_rate,fake_repost_share_decisions_final100,target_share_decisions_final100,total_decisions,cumulative_fake_reposts,target_fake_rate_all,target_unique_reposters_p400,target_unique_reposters_p25,target_unique_reposters_p50,target_unique_reposters_p100,target_unique_reposters_p200,target_first_repost_period,fake_repost_share_during,fake_repost_share_post100,selections_traditional_media_all,selections_unknown_media_all,selections_fake_news_source_all,selections_mixed_source_all,target_time_to_25pct_final,target_time_to_50pct_final,target_time_to_75pct_final
news-source-strategies,RQ1,E1-strategy-comparison,control,1001,NONE,,,,,,-1.0,0.33,1.0,5.0,1.0,COMPLETE,0.10526,0.1243,0.01116,0.01126,0.10526,0.01116,1.0,0.1243,0.01126,200000,21052,0.6875,452,252,252,329,389,1.0,0.10526,,191104,3564,2232,3100,3,11,127
news-source-strategies,RQ1,E1-strategy-comparison,control,1002,NONE,,,,,,-1.0,0.33,1.0,5.0,1.0,COMPLETE,0.0818199999999999,0.04374,0.0084949999999999,0.00262,0.08182,0.008495,1.0,0.04374,0.00262,200000,16364,0.6875,425,264,275,311,341,1.0,0.0818199999999999,,192626,3137,1699,2538,3,8,152
news-source-strategies,RQ1,E1-strategy-comparison,control,1003,NONE,,,,,,-1.0,0.33,1.0,5.0,1.0,COMPLETE,0.107925,0.13006,0.01123,0.00964,0.107925,0.01123,1.0,0.13006,0.00964,200000,21585,0.66,455,202,252,334,384,1.0,0.107925,,190277,4532,2246,2945,7,38,131
news-source-strategies,RQ1,E1-strategy-comparison,control,1004,NONE,,,,,,-1.0,0.33,1.0,5.0,1.0,COMPLETE,0.12174,0.06578,0.015715,0.00538,0.12174,0.015715,1.0,0.06578,0.00538,200000,24348,0.6775,490,267,278,396,467,1.0,0.12174,,186843,5540,3143,4474,3,13,89
news-source-strategies,RQ1,E1-strategy-comparison,control,1005,NONE,,,,,,-1.0,0.33,1.0,5.0,1.0,COMPLETE,0.131575,0.1216,0.015335,0.01264,0.131575,0.015335,1.0,0.1216,0.01264,200000,26315,0.65,480,344,371,409,421,1.0,0.131575,,186839,5615,3067,4479,3,9,35
news-source-strategies,RQ1,E1-strategy-comparison,control,1006,NONE,,,,,,-1.0,0.33,1.0,5.0,1.0,COMPLETE,0.1061599999999999,0.0788199999999999,0.01337,0.0085,0.10616,0.01337,1.0,0.07882,0.0085,200000,21232,0.6675,478,351,385,426,444,1.0,0.1061599999999999,,186884,4016,2674,6426,8,13,34
news-source-strategies,RQ1,E1-strategy-comparison,control,1007,NONE,,,,,,-1.0,0.33,1.0,5.0,1.0,COMPLETE,0.1485749999999999,0.05736,0.025145,0.0059,0.148575,0.025145,1.0,0.05736,0.0059,200000,29715,0.6975,499,377,462,489,495,1.0,0.1485749999999999,,168057,19746,5029,7168,4,10,25
news-source-strategies,RQ1,E1-strategy-comparison,control,1008,NONE,,,,,,-1.0,0.33,1.0,5.0,1.0,COMPLETE,0.1240849999999999,0.11724,0.015875,0.01206,0.124085,0.015875,1.0,0.11724,0.01206,200000,24817,0.6625,488,360,397,411,455,1.0,0.1240849999999999,,186705,5583,3175,4537,3,8,33
news-source-strategies,RQ1,E1-strategy-comparison,control,1009,NONE,,,,,,-1.0,0.33,1.0,5.0,1.0,COMPLETE,0.15888,0.0776599999999999,0.026355,0.01194,0.15888,0.026355,1.0,0.07766,0.01194,200000,31776,0.6775,499,280,310,469,484,1.0,0.15888,,150729,37150,5271,6850,3,17,70
news-source-strategies,RQ1,E1-strategy-comparison,control,1010,NONE,,,,,,-1.0,0.33,1.0,5.0,1.0,COMPLETE,0.15375,0.07576,0.0264849999999999,0.0040199999999999,0.15375,0.026485,1.0,0.07576,0.00402,200000,30750,0.64,497,320,353,451,497,1.0,0.15375,,114359,72960,5297,7384,4,9,67
news-source-strategies,RQ1,E1-strategy-comparison,control,1011,NONE,,,,,,-1.0,0.33,1.0,5.0,1.0,COMPLETE,0.08911,0.0547999999999999,0.00922,0.00282,0.08911,0.00922,1.0,0.0548,0.00282,200000,17822,0.695,426,235,252,340,368,1.0,0.08911,,192359,3004,1844,2793,3,11,78
news-source-strategies,RQ1,E1-strategy-comparison,control,1012,NONE,,,,,,-1.0,0.33,1.0,5.0,1.0,COMPLETE,0.12685,0.14018,0.01298,0.0134399999999999,0.12685,0.01298,1.0,0.14018,0.01344,200000,25370,0.64,467,249,279,334,398,1.0,0.12685,,186774,4347,2596,6283,9,17,142
news-source-strategies,RQ1,E1-strategy-comparison,control,1013,NONE,,,,,,-1.0,0.33,1.0,5.0,1.0,COMPLETE,0.08813,0.08674,0.00831,0.00708,0.08813,0.00831,1.0,0.08674,0.00708,200000,17626,0.6725,412,163,205,278,357,1.0,0.08813,,192870,3135,1662,2333,4,74,128
news-source-strategies,RQ1,E1-strategy-comparison,control,1014,NONE,,,,,,-1.0,0.33,1.0,5.0,1.0,COMPLETE,0.114545,0.0533,0.0116899999999999,0.0028399999999999,0.114545,0.01169,1.0,0.0533,0.00284,200000,22909,0.7075,457,275,306,326,392,1.0,0.114545,,189667,4425,2338,3570,3,13,148
news-source-strategies,RQ1,E1-strategy-comparison,control,1015,NONE,,,,,,-1.0,0.33,1.0,5.0,1.0,COMPLETE,0.12946,0.1321999999999999,0.01469,0.01062,0.12946,0.01469,1.0,0.1322,0.01062,200000,25892,0.6525,484,163,171,284,462,1.0,0.12946,,187496,5689,2938,3877,11,74,123
news-source-strategies,RQ1,E1-strategy-comparison,control,1016,NONE,,,,,,-1.0,0.33,1.0,5.0,1.0,COMPLETE,0.10884,0.11852,0.0117449999999999,0.0083,0.10884,0.011745,1.0,0.11852,0.0083,200000,21768,0.66,448,316,319,343,372,1.0,0.10884,,189810,3587,2349,4254,5,9,93
news-source-strategies,RQ1,E1-strategy-comparison,control,1017,NONE,,,,,,-1.0,0.33,1.0,5.0,1.0,COMPLETE,0.11431,0.13038,0.012355,0.00958,0.11431,0.012355,1.0,0.13038,0.00958,200000,22862,0.665,459,339,359,384,414,1.0,0.11431,,189824,4120,2471,3585,4,8,30
news-source-strategies,RQ1,E1-strategy-comparison,control,1018,NONE,,,,,,-1.0,0.33,1.0,5.0,1.0,COMPLETE,0.118185,0.08768,0.0119499999999999,0.00554,0.118185,0.01195,1.0,0.08768,0.00554,200000,23637,0.6625,457,304,306,334,430,1.0,0.118185,,189529,4727,2390,3354,4,8,105
news-source-strategies,RQ1,E1-strategy-comparison,control,1019,NONE,,,,,,-1.0,0.33,1.0,5.0,1.0,COMPLETE,0.09654,0.05504,0.0090899999999999,0.00332,0.09654,0.00909,1.0,0.05504,0.00332,200000,19308,0.6825,433,226,234,279,363,1.0,0.09654,,191720,3743,1818,2719,4,18,143
news-source-strategies,RQ1,E1-strategy-comparison,control,1020,NONE,,,,,,-1.0,0.33,1.0,5.0,1.0,COMPLETE,0.1057,0.12052,0.010685,0.0080399999999999,0.1057,0.010685,1.0,0.12052,0.00804,200000,21140,0.7025,440,303,314,348,368,1.0,0.1057,,188564,4053,2137,5246,7,11,68
news-source-strategies,RQ1,E1-strategy-comparison,control,1021,NONE,,,,,,-1.0,0.33,1.0,5.0,1.0,COMPLETE,0.1069,0.1547599999999999,0.012125,0.0159,0.1069,0.012125,1.0,0.15476,0.0159,200000,21380,0.685,464,307,316,337,386,1.0,0.1069,,187213,6078,2425,4284,6,15,122
news-source-strategies,RQ1,E1-strategy-comparison,control,1022,NONE,,,,,,-1.0,0.33,1.0,5.0,1.0,COMPLETE,0.11984,0.11984,0.01106,0.01196,0.11984,0.01106,1.0,0.11984,0.01196,200000,23968,0.675,448,201,208,275,358,1.0,0.11984,,191124,3849,2212,2815,5,60,171
news-source-strategies,RQ1,E1-strategy-comparison,control,1023,NONE,,,,,,-1.0,0.33,1.0,5.0,1.0,COMPLETE,0.134515,0.12536,0.012655,0.01056,0.134515,0.012655,1.0,0.12536,0.01056,200000,26903,0.6625,461,211,249,280,377,1.0,0.134515,,189664,4108,2531,3697,3,43,152
news-source-strategies,RQ1,E1-strategy-comparison,control,1024,NONE,,,,,,-1.0,0.33,1.0,5.0,1.0,COMPLETE,0.108275,0.1212999999999999,0.00924,0.00968,0.108275,0.00924,1.0,0.1213,0.00968,200000,21655,0.67,427,157,184,247,333,1.0,0.108275,,191922,3395,1848,2835,5,59,180
news-source-strategies,RQ1,E1-strategy-comparison,control,1025,NONE,,,,,,-1.0,0.33,1.0,5.0,1.0,COMPLETE,0.115725,0.0970999999999999,0.011375,0.00588,0.115725,0.011375,1.0,0.0971,0.00588,200000,23145,0.6525,458,330,348,379,424,1.0,0.115725,,187477,4174,2275,6074,9,16,42
news-source-strategies,RQ1,E1-strategy-comparison,control,1026,NONE,,,,,,-1.0,0.33,1.0,5.0,1.0,COMPLETE,0.094675,0.04406,0.012055,0.00222,0.094675,0.012055,1.0,0.04406,0.00222,200000,18935,0.6775,463,388,413,431,454,1.0,0.094675,,190120,4175,2411,3294,3,7,13
news-source-strategies,RQ1,E1-strategy-comparison,control,1027,NONE,,,,,,-1.0,0.33,1.0,5.0,1.0,COMPLETE,0.104495,0.0784599999999999,0.012645,0.0066,0.104495,0.012645,1.0,0.07846,0.0066,200000,20899,0.65,465,344,384,401,429,1.0,0.104495,,189267,4618,2529,3586,4,8,36
news-source-strategies,RQ1,E1-strategy-comparison,control,1028,NONE,,,,,,-1.0,0.33,1.0,5.0,1.0,COMPLETE,0.1321699999999999,0.18018,0.01588,0.0237,0.13217,0.01588,1.0,0.18018,0.0237,200000,26434,0.6325,475,289,351,377,400,1.0,0.1321699999999999,,187173,5249,3176,4402,4,8,54
news-source-strategies,RQ1,E1-strategy-comparison,control,1029,NONE,,,,,,-1.0,0.33,1.0,5.0,1.0,COMPLETE,0.0999,0.13196,0.00956,0.0141199999999999,0.0999,0.00956,1.0,0.13196,0.01412,200000,19980,0.6725,433,160,187,208,277,1.0,0.0999,,192024,3400,1912,2664,4,135,238
news-source-strategies,RQ1,E1-strategy-comparison,control,1030,NONE,,,,,,-1.0,0.33,1.0,5.0,1.0,COMPLETE,0.091325,0.0915,0.00999,0.0065,0.091325,0.00999,1.0,0.0915,0.0065,200000,18265,0.68,444,272,279,287,377,1.0,0.091325,,191190,4276,1998,2536,4,13,171
news-source-strategies,RQ1,E1-strategy-comparison,engagement,1001,ENGAGEMENT,TRADITIONAL_MEDIA,FAKE_NEWS_SOURCE,1.0,-1.0,,-1.0,0.33,1.0,5.0,1.0,COMPLETE,0.1052999999999999,0.1241599999999999,0.01156,0.01142,0.1053,0.01156,1.0,0.12416,0.01142,200000,21060,0.6875,445,247,248,324,385,1.0,0.1052999999999999,,190966,3600,2312,3122,3,11,127
news-source-strategies,RQ1,E1-strategy-comparison,engagement,1002,ENGAGEMENT,TRADITIONAL_MEDIA,FAKE_NEWS_SOURCE,1.0,-1.0,,-1.0,0.33,1.0,5.0,1.0,COMPLETE,0.08264,0.04384,0.00897,0.0028,0.08264,0.00897,1.0,0.04384,0.0028,200000,16528,0.6875,427,260,270,306,338,1.0,0.08264,,192078,3365,1794,2763,3,8,158
news-source-strategies,RQ1,E1-strategy-comparison,engagement,1003,ENGAGEMENT,TRADITIONAL_MEDIA,FAKE_NEWS_SOURCE,1.0,-1.0,,-1.0,0.33,1.0,5.0,1.0,COMPLETE,0.1085199999999999,0.13082,0.01139,0.01,0.10852,0.01139,1.0,0.13082,0.01,200000,21704,0.66,457,203,253,332,383,1.0,0.1085199999999999,,189672,4889,2278,3161,7,39,134
news-source-strategies,RQ1,E1-strategy-comparison,engagement,1004,ENGAGEMENT,TRADITIONAL_MEDIA,FAKE_NEWS_SOURCE,1.0,-1.0,,-1.0,0.33,1.0,5.0,1.0,COMPLETE,0.12198,0.0649,0.015695,0.00466,0.12198,0.015695,1.0,0.0649,0.00466,200000,24396,0.6775,489,263,274,391,462,1.0,0.12198,,186703,5497,3139,4661,3,14,89
news-source-strategies,RQ1,E1-strategy-comparison,engagement,1005,ENGAGEMENT,TRADITIONAL_MEDIA,FAKE_NEWS_SOURCE,1.0,-1.0,,-1.0,0.33,1.0,5.0,1.0,COMPLETE,0.1314799999999999,0.12146,0.014935,0.0124,0.13148,0.014935,1.0,0.12146,0.0124,200000,26296,0.65,482,337,363,395,412,1.0,0.1314799999999999,,186732,5704,2987,4577,3,9,45
news-source-strategies,RQ1,E1-strategy-comparison,engagement,1006,ENGAGEMENT,TRADITIONAL_MEDIA,FAKE_NEWS_SOURCE,1.0,-1.0,,-1.0,0.33,1.0,5.0,1.0,COMPLETE,0.10686,0.0788799999999999,0.01363,0.00814,0.10686,0.01363,1.0,0.07888,0.00814,200000,21372,0.6675,474,348,379,422,440,1.0,0.10686,,186323,4277,2726,6674,8,13,34
news-source-strategies,RQ1,E1-strategy-comparison,engagement,1007,ENGAGEMENT,TRADITIONAL_MEDIA,FAKE_NEWS_SOURCE,1.0,-1.0,,-1.0,0.33,1.0,5.0,1.0,COMPLETE,0.147585,0.0575,0.02515,0.0059,0.147585,0.02515,1.0,0.0575,0.0059,200000,29517,0.6975,498,386,469,487,495,1.0,0.147585,,169652,18226,5030,7092,4,10,22
news-source-strategies,RQ1,E1-strategy-comparison,engagement,1008,ENGAGEMENT,TRADITIONAL_MEDIA,FAKE_NEWS_SOURCE,1.0,-1.0,,-1.0,0.33,1.0,5.0,1.0,COMPLETE,0.12369,0.11756,0.01509,0.01216,0.12369,0.01509,1.0,0.11756,0.01216,200000,24738,0.6625,484,335,386,401,450,1.0,0.12369,,186801,5621,3018,4560,3,8,36
news-source-strategies,RQ1,E1-strategy-comparison,engagement,1009,ENGAGEMENT,TRADITIONAL_MEDIA,FAKE_NEWS_SOURCE,1.0,-1.0,,-1.0,0.33,1.0,5.0,1.0,COMPLETE,0.157635,0.0780999999999999,0.02485,0.0116199999999999,0.157635,0.02485,1.0,0.0781,0.01162,200000,31527,0.6775,498,272,306,468,480,1.0,0.157635,,150748,37414,4970,6868,3,18,70
news-source-strategies,RQ1,E1-strategy-comparison,engagement,1010,ENGAGEMENT,TRADITIONAL_MEDIA,FAKE_NEWS_SOURCE,1.0,-1.0,,-1.0,0.33,1.0,5.0,1.0,COMPLETE,0.144955,0.07656,0.0255,0.00426,0.144955,0.0255,1.0,0.07656,0.00426,200000,28991,0.64,497,319,340,451,494,1.0,0.144955,,126656,60761,5100,7483,4,9,68
news-source-strategies,RQ1,E1-strategy-comparison,engagement,1011,ENGAGEMENT,TRADITIONAL_MEDIA,FAKE_NEWS_SOURCE,1.0,-1.0,,-1.0,0.33,1.0,5.0,1.0,COMPLETE,0.089625,0.05472,0.009335,0.00276,0.089625,0.009335,1.0,0.05472,0.00276,200000,17925,0.695,428,234,252,344,370,1.0,0.089625,,192005,3145,1867,2983,3,11,78
news-source-strategies,RQ1,E1-strategy-comparison,engagement,1012,ENGAGEMENT,TRADITIONAL_MEDIA,FAKE_NEWS_SOURCE,1.0,-1.0,,-1.0,0.33,1.0,5.0,1.0,COMPLETE,0.12666,0.13936,0.012755,0.01242,0.12666,0.012755,1.0,0.13936,0.01242,200000,25332,0.64,463,246,274,330,397,1.0,0.12666,,186799,4362,2551,6288,9,17,142
news-source-strategies,RQ1,E1-strategy-comparison,engagement,1013,ENGAGEMENT,TRADITIONAL_MEDIA,FAKE_NEWS_SOURCE,1.0,-1.0,,-1.0,0.33,1.0,5.0,1.0,COMPLETE,0.08832,0.08714,0.0081999999999999,0.00714,0.08832,0.0082,1.0,0.08714,0.00714,200000,17664,0.6725,410,163,199,267,352,1.0,0.08832,,192753,3225,1640,2382,4,74,128
news-source-strategies,RQ1,E1-strategy-comparison,engagement,1014,ENGAGEMENT,TRADITIONAL_MEDIA,FAKE_NEWS_SOURCE,1.0,-1.0,,-1.0,0.33,1.0,5.0,1.0,COMPLETE,0.114415,0.05312,0.01155,0.0029,0.114415,0.01155,1.0,0.05312,0.0029,200000,22883,0.7075,452,268,297,318,388,1.0,0.114415,,189653,4440,2310,3597,3,13,148
news-source-strategies,RQ1,E1-strategy-comparison,engagement,1015,ENGAGEMENT,TRADITIONAL_MEDIA,FAKE_NEWS_SOURCE,1.0,-1.0,,-1.0,0.33,1.0,5.0,1.0,COMPLETE,0.1297299999999999,0.1325,0.014715,0.01078,0.12973,0.014715,1.0,0.1325,0.01078,200000,25946,0.6525,481,158,166,282,454,1.0,0.1297299999999999,,187236,5886,2943,3935,11,76,126
news-source-strategies,RQ1,E1-strategy-comparison,engagement,1016,ENGAGEMENT,TRADITIONAL_MEDIA,FAKE_NEWS_SOURCE,1.0,-1.0,,-1.0,0.33,1.0,5.0,1.0,COMPLETE,0.10939,0.11878,0.01172,0.0083,0.10939,0.01172,1.0,0.11878,0.0083,200000,21878,0.66,447,311,313,339,368,1.0,0.10939,,189382,3826,2344,4448,5,9,93
news-source-strategies,RQ1,E1-strategy-comparison,engagement,1017,ENGAGEMENT,TRADITIONAL_MEDIA,FAKE_NEWS_SOURCE,1.0,-1.0,,-1.0,0.33,1.0,5.0,1.0,COMPLETE,0.114975,0.131,0.01272,0.00994,0.114975,0.01272,1.0,0.131,0.00994,200000,22995,0.665,461,335,355,382,415,1.0,0.114975,,189216,4407,2544,3833,4,8,35
news-source-strategies,RQ1,E1-strategy-comparison,engagement,1018,ENGAGEMENT,TRADITIONAL_MEDIA,FAKE_NEWS_SOURCE,1.0,-1.0,,-1.0,0.33,1.0,5.0,1.0,COMPLETE,0.11797,0.08738,0.011605,0.005,0.11797,0.011605,1.0,0.08738,0.005,200000,23594,0.6625,457,307,310,336,430,1.0,0.11797,,189549,4675,2321,3455,4,8,105
news-source-strategies,RQ1,E1-strategy-comparison,engagement,1019,ENGAGEMENT,TRADITIONAL_MEDIA,FAKE_NEWS_SOURCE,1.0,-1.0,,-1.0,0.33,1.0,5.0,1.0,COMPLETE,0.09675,0.0552,0.00897,0.0034,0.09675,0.00897,1.0,0.0552,0.0034,200000,19350,0.6825,437,250,256,300,370,1.0,0.09675,,191488,3940,1794,2778,4,16,141
news-source-strategies,RQ1,E1-strategy-comparison,engagement,1020,ENGAGEMENT,TRADITIONAL_MEDIA,FAKE_NEWS_SOURCE,1.0,-1.0,,-1.0,0.33,1.0,5.0,1.0,COMPLETE,0.10595,0.1216599999999999,0.0108,0.00882,0.10595,0.0108,1.0,0.12166,0.00882,200000,21190,0.7025,445,305,317,350,373,1.0,0.10595,,188394,4019,2160,5427,7,11,68
news-source-strategies,RQ1,E1-strategy-comparison,engagement,1021,ENGAGEMENT,TRADITIONAL_MEDIA,FAKE_NEWS_SOURCE,1.0,-1.0,,-1.0,0.33,1.0,5.0,1.0,COMPLETE,0.10679,0.15362,0.0116199999999999,0.01384,0.10679,0.01162,1.0,0.15362,0.01384,200000,21358,0.685,466,310,318,339,391,1.0,0.10679,,187132,6228,2324,4316,6,15,122
news-source-strategies,RQ1,E1-strategy-comparison,engagement,1022,ENGAGEMENT,TRADITIONAL_MEDIA,FAKE_NEWS_SOURCE,1.0,-1.0,,-1.0,0.33,1.0,5.0,1.0,COMPLETE,0.11951,0.12114,0.01053,0.01256,0.11951,0.01053,1.0,0.12114,0.01256,200000,23902,0.675,443,195,204,275,352,1.0,0.11951,,191287,3772,2106,2835,5,60,171
news-source-strategies,RQ1,E1-strategy-comparison,engagement,1023,ENGAGEMENT,TRADITIONAL_MEDIA,FAKE_NEWS_SOURCE,1.0,-1.0,,-1.0,0.33,1.0,5.0,1.0,COMPLETE,0.134355,0.1257,0.01217,0.01044,0.134355,0.01217,1.0,0.1257,0.01044,200000,26871,0.6625,460,211,252,278,374,1.0,0.134355,,189631,4189,2434,3746,3,42,152
news-source-strategies,RQ1,E1-strategy-comparison,engagement,1024,ENGAGEMENT,TRADITIONAL_MEDIA,FAKE_NEWS_SOURCE,1.0,-1.0,,-1.0,0.33,1.0,5.0,1.0,COMPLETE,0.108735,0.1211,0.00934,0.0091799999999999,0.108735,0.00934,1.0,0.1211,0.00918,200000,21747,0.67,427,156,184,247,337,1.0,0.108735,,191636,3503,1868,2993,6,58,180
news-source-strategies,RQ1,E1-strategy-comparison,engagement,1025,ENGAGEMENT,TRADITIONAL_MEDIA,FAKE_NEWS_SOURCE,1.0,-1.0,,-1.0,0.33,1.0,5.0,1.0,COMPLETE,0.116135,0.0975999999999999,0.01185,0.00646,0.116135,0.01185,1.0,0.0976,0.00646,200000,23227,0.6525,452,309,327,364,414,1.0,0.116135,,187054,4350,2370,6226,9,16,83
news-source-strategies,RQ1,E1-strategy-comparison,engagement,1026,ENGAGEMENT,TRADITIONAL_MEDIA,FAKE_NEWS_SOURCE,1.0,-1.0,,-1.0,0.33,1.0,5.0,1.0,COMPLETE,0.09511,0.04466,0.012145,0.0024,0.09511,0.012145,1.0,0.04466,0.0024,200000,19022,0.6775,461,375,393,419,444,1.0,0.09511,,189914,4239,2429,3418,3,7,14
news-source-strategies,RQ1,E1-strategy-comparison,engagement,1027,ENGAGEMENT,TRADITIONAL_MEDIA,FAKE_NEWS_SOURCE,1.0,-1.0,,-1.0,0.33,1.0,5.0,1.0,COMPLETE,0.10497,0.0798,0.012565,0.00722,0.10497,0.012565,1.0,0.0798,0.00722,200000,20994,0.65,457,336,370,386,423,1.0,0.10497,,188945,4822,2513,3720,4,8,37
news-source-strategies,RQ1,E1-strategy-comparison,engagement,1028,ENGAGEMENT,TRADITIONAL_MEDIA,FAKE_NEWS_SOURCE,1.0,-1.0,,-1.0,0.33,1.0,5.0,1.0,COMPLETE,0.13126,0.17834,0.0145,0.0211,0.13126,0.0145,1.0,0.17834,0.0211,200000,26252,0.6325,470,283,341,367,393,1.0,0.13126,,187634,5140,2900,4326,4,8,63
news-source-strategies,RQ1,E1-strategy-comparison,engagement,1029,ENGAGEMENT,TRADITIONAL_MEDIA,FAKE_NEWS_SOURCE,1.0,-1.0,,-1.0,0.33,1.0,5.0,1.0,COMPLETE,0.100125,0.13238,0.009535,0.01456,0.100125,0.009535,1.0,0.13238,0.01456,200000,20025,0.6725,434,161,189,210,278,1.0,0.100125,,191797,3522,1907,2774,4,135,238
news-source-strategies,RQ1,E1-strategy-comparison,engagement,1030,ENGAGEMENT,TRADITIONAL_MEDIA,FAKE_NEWS_SOURCE,1.0,-1.0,,-1.0,0.33,1.0,5.0,1.0,COMPLETE,0.091565,0.0915,0.010055,0.0065,0.091565,0.010055,1.0,0.0915,0.0065,200000,18313,0.68,450,273,286,293,379,1.0,0.091565,,190838,4348,2011,2803,4,16,171
news-source-strategies,RQ1,E1-strategy-comparison,proximity,1001,PROXIMITY,TRADITIONAL_MEDIA,FAKE_NEWS_SOURCE,1.0,-1.0,,-1.0,0.33,1.0,5.0,1.0,COMPLETE,0.1054249999999999,0.12494,0.0118699999999999,0.01234,0.105425,0.01187,1.0,0.12494,0.01234,200000,21085,0.6875,457,260,262,341,399,1.0,0.1054249999999999,,191263,3412,2374,2951,3,11,103
news-source-strategies,RQ1,E1-strategy-comparison,proximity,1002,PROXIMITY,TRADITIONAL_MEDIA,FAKE_NEWS_SOURCE,1.0,-1.0,,-1.0,0.33,1.0,5.0,1.0,COMPLETE,0.081785,0.04348,0.008745,0.00262,0.081785,0.008745,1.0,0.04348,0.00262,200000,16357,0.6875,430,270,280,314,343,1.0,0.081785,,192935,2866,1749,2450,3,8,152
news-source-strategies,RQ1,E1-strategy-comparison,proximity,1003,PROXIMITY,TRADITIONAL_MEDIA,FAKE_NEWS_SOURCE,1.0,-1.0,,-1.0,0.33,1.0,5.0,1.0,COMPLETE,0.107935,0.1304199999999999,0.0116,0.01042,0.107935,0.0116,1.0,0.13042,0.01042,200000,21587,0.66,454,203,252,334,386,1.0,0.107935,,190388,4440,2320,2852,7,39,131
news-source-strategies,RQ1,E1-strategy-comparison,proximity,1004,PROXIMITY,TRADITIONAL_MEDIA,FAKE_NEWS_SOURCE,1.0,-1.0,,-1.0,0.33,1.0,5.0,1.0,COMPLETE,0.12182,0.06602,0.016665,0.00578,0.12182,0.016665,1.0,0.06602,0.00578,200000,24364,0.6775,489,278,291,406,467,1.0,0.12182,,187125,5152,3333,4390,3,11,88
news-source-strategies,RQ1,E1-strategy-comparison,proximity,1005,PROXIMITY,TRADITIONAL_MEDIA,FAKE_NEWS_SOURCE,1.0,-1.0,,-1.0,0.33,1.0,5.0,1.0,COMPLETE,0.130895,0.12098,0.0153149999999999,0.0126,0.130895,0.015315,1.0,0.12098,0.0126,200000,26179,0.65,483,363,390,420,433,1.0,0.130895,,187446,5307,3063,4184,3,9,25
news-source-strategies,RQ1,E1-strategy-comparison,proximity,1006,PROXIMITY,TRADITIONAL_MEDIA,FAKE_NEWS_SOURCE,1.0,-1.0,,-1.0,0.33,1.0,5.0,1.0,COMPLETE,0.106295,0.07912,0.01402,0.00836,0.106295,0.01402,1.0,0.07912,0.00836,200000,21259,0.6675,478,369,403,437,455,1.0,0.106295,,186936,3981,2804,6279,7,13,22
news-source-strategies,RQ1,E1-strategy-comparison,proximity,1007,PROXIMITY,TRADITIONAL_MEDIA,FAKE_NEWS_SOURCE,1.0,-1.0,,-1.0,0.33,1.0,5.0,1.0,COMPLETE,0.146555,0.05718,0.025945,0.00634,0.146555,0.025945,1.0,0.05718,0.00634,200000,29311,0.6975,500,405,477,491,496,1.0,0.146555,,170786,17211,5189,6814,4,10,17
news-source-strategies,RQ1,E1-strategy-comparison,proximity,1008,PROXIMITY,TRADITIONAL_MEDIA,FAKE_NEWS_SOURCE,1.0,-1.0,,-1.0,0.33,1.0,5.0,1.0,COMPLETE,0.1242399999999999,0.11654,0.016815,0.013,0.12424,0.016815,1.0,0.11654,0.013,200000,24848,0.6625,494,376,421,431,468,1.0,0.1242399999999999,,187002,5262,3363,4373,3,8,22
news-source-strategies,RQ1,E1-strategy-comparison,proximity,1009,PROXIMITY,TRADITIONAL_MEDIA,FAKE_NEWS_SOURCE,1.0,-1.0,,-1.0,0.33,1.0,5.0,1.0,COMPLETE,0.158185,0.0778,0.026555,0.01198,0.158185,0.026555,1.0,0.0778,0.01198,200000,31637,0.6775,500,290,316,472,483,1.0,0.158185,,152012,36308,5311,6369,3,16,70
news-source-strategies,RQ1,E1-strategy-comparison,proximity,1010,PROXIMITY,TRADITIONAL_MEDIA,FAKE_NEWS_SOURCE,1.0,-1.0,,-1.0,0.33,1.0,5.0,1.0,COMPLETE,0.15356,0.07586,0.029165,0.00434,0.15356,0.029165,1.0,0.07586,0.00434,200000,30712,0.64,500,333,363,467,498,1.0,0.15356,,116243,70705,5833,7219,4,9,62
news-source-strategies,RQ1,E1-strategy-comparison,proximity,1011,PROXIMITY,TRADITIONAL_MEDIA,FAKE_NEWS_SOURCE,1.0,-1.0,,-1.0,0.33,1.0,5.0,1.0,COMPLETE,0.08874,0.05454,0.008975,0.0028,0.08874,0.008975,1.0,0.05454,0.0028,200000,17748,0.695,430,243,262,338,367,1.0,0.08874,,192862,2733,1795,2610,3,10,78
news-source-strategies,RQ1,E1-strategy-comparison,proximity,1012,PROXIMITY,TRADITIONAL_MEDIA,FAKE_NEWS_SOURCE,1.0,-1.0,,-1.0,0.33,1.0,5.0,1.0,COMPLETE,0.125875,0.1396,0.012825,0.013,0.125875,0.012825,1.0,0.1396,0.013,200000,25175,0.64,466,240,264,326,401,1.0,0.125875,,187524,3942,2565,5969,9,18,144
news-source-strategies,RQ1,E1-strategy-comparison,proximity,1013,PROXIMITY,TRADITIONAL_MEDIA,FAKE_NEWS_SOURCE,1.0,-1.0,,-1.0,0.33,1.0,5.0,1.0,COMPLETE,0.0877199999999999,0.08662,0.00836,0.0074,0.08772,0.00836,1.0,0.08662,0.0074,200000,17544,0.6725,416,166,206,282,363,1.0,0.0877199999999999,,193347,2868,1672,2113,4,74,128
news-source-strategies,RQ1,E1-strategy-comparison,proximity,1014,PROXIMITY,TRADITIONAL_MEDIA,FAKE_NEWS_SOURCE,1.0,-1.0,,-1.0,0.33,1.0,5.0,1.0,COMPLETE,0.11484,0.05294,0.0119949999999999,0.00266,0.11484,0.011995,1.0,0.05294,0.00266,200000,22968,0.7075,464,288,321,340,403,1.0,0.11484,,189979,4216,2399,3406,3,12,133
news-source-strategies,RQ1,E1-strategy-comparison,proximity,1015,PROXIMITY,TRADITIONAL_MEDIA,FAKE_NEWS_SOURCE,1.0,-1.0,,-1.0,0.33,1.0,5.0,1.0,COMPLETE,0.129615,0.13334,0.015825,0.012,0.129615,0.015825,1.0,0.13334,0.012,200000,25923,0.6525,482,170,178,293,460,1.0,0.129615,,187618,5518,3165,3699,11,73,122
news-source-strategies,RQ1,E1-strategy-comparison,proximity,1016,PROXIMITY,TRADITIONAL_MEDIA,FAKE_NEWS_SOURCE,1.0,-1.0,,-1.0,0.33,1.0,5.0,1.0,COMPLETE,0.109045,0.11896,0.012525,0.009,0.109045,0.012525,1.0,0.11896,0.009,200000,21809,0.66,455,333,336,355,376,1.0,0.109045,,189663,3679,2505,4153,5,9,59
news-source-strategies,RQ1,E1-strategy-comparison,proximity,1017,PROXIMITY,TRADITIONAL_MEDIA,FAKE_NEWS_SOURCE,1.0,-1.0,,-1.0,0.33,1.0,5.0,1.0,COMPLETE,0.11381,0.13058,0.01248,0.0105399999999999,0.11381,0.01248,1.0,0.13058,0.01054,200000,22762,0.665,458,342,361,387,416,1.0,0.11381,,190190,3901,2496,3413,4,8,27
news-source-strategies,RQ1,E1-strategy-comparison,proximity,1018,PROXIMITY,TRADITIONAL_MEDIA,FAKE_NEWS_SOURCE,1.0,-1.0,,-1.0,0.33,1.0,5.0,1.0,COMPLETE,0.117725,0.0872,0.011945,0.00532,0.117725,0.011945,1.0,0.0872,0.00532,200000,23545,0.6625,460,317,320,347,433,1.0,0.117725,,190196,4306,2389,3109,4,7,93
news-source-strategies,RQ1,E1-strategy-comparison,proximity,1019,PROXIMITY,TRADITIONAL_MEDIA,FAKE_NEWS_SOURCE,1.0,-1.0,,-1.0,0.33,1.0,5.0,1.0,COMPLETE,0.09724,0.0542,0.01002,0.00304,0.09724,0.01002,1.0,0.0542,0.00304,200000,19448,0.6825,449,263,273,314,387,1.0,0.09724,,191380,3953,2004,2663,5,16,132
news-source-strategies,RQ1,E1-strategy-comparison,proximity,1020,PROXIMITY,TRADITIONAL_MEDIA,FAKE_NEWS_SOURCE,1.0,-1.0,,-1.0,0.33,1.0,5.0,1.0,COMPLETE,0.10506,0.1209399999999999,0.010775,0.00894,0.10506,0.010775,1.0,0.12094,0.00894,200000,21012,0.7025,445,313,320,349,370,1.0,0.10506,,189094,3671,2155,5080,7,11,68
news-source-strategies,RQ1,E1-strategy-comparison,proximity,1021,PROXIMITY,TRADITIONAL_MEDIA,FAKE_NEWS_SOURCE,1.0,-1.0,,-1.0,0.33,1.0,5.0,1.0,COMPLETE,0.10674,0.15214,0.01211,0.01358,0.10674,0.01211,1.0,0.15214,0.01358,200000,21348,0.685,465,324,335,349,399,1.0,0.10674,,187528,6069,2422,3981,6,16,100
news-source-strategies,RQ1,E1-strategy-comparison,proximity,1022,PROXIMITY,TRADITIONAL_MEDIA,FAKE_NEWS_SOURCE,1.0,-1.0,,-1.0,0.33,1.0,5.0,1.0,COMPLETE,0.119085,0.11986,0.01105,0.01284,0.119085,0.01105,1.0,0.11986,0.01284,200000,23817,0.675,448,202,212,277,358,1.0,0.119085,,191912,3382,2210,2496,5,60,171
news-source-strategies,RQ1,E1-strategy-comparison,proximity,1023,PROXIMITY,TRADITIONAL_MEDIA,FAKE_NEWS_SOURCE,1.0,-1.0,,-1.0,0.33,1.0,5.0,1.0,COMPLETE,0.133825,0.12376,0.01286,0.00994,0.133825,0.01286,1.0,0.12376,0.00994,200000,26765,0.6625,469,223,266,304,392,1.0,0.133825,,190224,3772,2572,3432,3,38,151
news-source-strategies,RQ1,E1-strategy-comparison,proximity,1024,PROXIMITY,TRADITIONAL_MEDIA,FAKE_NEWS_SOURCE,1.0,-1.0,,-1.0,0.33,1.0,5.0,1.0,COMPLETE,0.108085,0.12096,0.009535,0.00972,0.108085,0.009535,1.0,0.12096,0.00972,200000,21617,0.67,436,161,188,258,347,1.0,0.108085,,192165,3216,1907,2712,5,59,179
news-source-strategies,RQ1,E1-strategy-comparison,proximity,1025,PROXIMITY,TRADITIONAL_MEDIA,FAKE_NEWS_SOURCE,1.0,-1.0,,-1.0,0.33,1.0,5.0,1.0,COMPLETE,0.11485,0.09706,0.01159,0.00634,0.11485,0.01159,1.0,0.09706,0.00634,200000,22970,0.6525,455,325,343,376,420,1.0,0.11485,,188144,3736,2318,5802,9,16,42
news-source-strategies,RQ1,E1-strategy-comparison,proximity,1026,PROXIMITY,TRADITIONAL_MEDIA,FAKE_NEWS_SOURCE,1.0,-1.0,,-1.0,0.33,1.0,5.0,1.0,COMPLETE,0.09305,0.04442,0.0112699999999999,0.0026,0.09305,0.01127,1.0,0.04442,0.0026,200000,18610,0.6775,470,391,411,433,458,1.0,0.09305,,190983,3863,2254,2900,4,7,13
news-source-strategies,RQ1,E1-strategy-comparison,proximity,1027,PROXIMITY,TRADITIONAL_MEDIA,FAKE_NEWS_SOURCE,1.0,-1.0,,-1.0,0.33,1.0,5.0,1.0,COMPLETE,0.104345,0.0778199999999999,0.01255,0.0060199999999999,0.104345,0.01255,1.0,0.07782,0.00602,200000,20869,0.65,467,360,398,410,435,1.0,0.104345,,189668,4487,2510,3335,4,8,18
news-source-strategies,RQ1,E1-strategy-comparison,proximity,1028,PROXIMITY,TRADITIONAL_MEDIA,FAKE_NEWS_SOURCE,1.0,-1.0,,-1.0,0.33,1.0,5.0,1.0,COMPLETE,0.132025,0.18096,0.01675,0.02652,0.132025,0.01675,1.0,0.18096,0.02652,200000,26405,0.6325,478,297,360,383,403,1.0,0.132025,,187733,4812,3350,4105,4,8,50
news-source-strategies,RQ1,E1-strategy-comparison,proximity,1029,PROXIMITY,TRADITIONAL_MEDIA,FAKE_NEWS_SOURCE,1.0,-1.0,,-1.0,0.33,1.0,5.0,1.0,COMPLETE,0.100065,0.1329199999999999,0.01017,0.0157,0.100065,0.01017,1.0,0.13292,0.0157,200000,20013,0.6725,446,172,199,218,285,1.0,0.100065,,192125,3245,2034,2596,5,135,239
news-source-strategies,RQ1,E1-strategy-comparison,proximity,1030,PROXIMITY,TRADITIONAL_MEDIA,FAKE_NEWS_SOURCE,1.0,-1.0,,-1.0,0.33,1.0,5.0,1.0,COMPLETE,0.09085,0.09056,0.01,0.00608,0.09085,0.01,1.0,0.09056,0.00608,200000,18170,0.68,449,274,286,294,384,1.0,0.09085,,191506,4028,2000,2466,4,15,171
news-source-strategies,RQ1,E1-strategy-comparison,informational,1001,INFORMATIONAL_CAMOUFLAGE,TRADITIONAL_MEDIA,FAKE_NEWS_SOURCE,1.0,-1.0,,-1.0,0.33,1.0,5.0,1.0,COMPLETE,0.105075,0.1244599999999999,0.0118149999999999,0.01194,0.105075,0.011815,1.0,0.12446,0.01194,200000,21015,0.6875,459,262,263,344,401,1.0,0.105075,,191498,3268,2363,2871,3,11,102
news-source-strategies,RQ1,E1-strategy-comparison,informational,1002,INFORMATIONAL_CAMOUFLAGE,TRADITIONAL_MEDIA,FAKE_NEWS_SOURCE,1.0,-1.0,,-1.0,0.33,1.0,5.0,1.0,COMPLETE,0.082095,0.04342,0.009035,0.0026,0.082095,0.009035,1.0,0.04342,0.0026,200000,16419,0.6875,444,286,295,331,357,1.0,0.082095,,192715,2976,1807,2502,3,8,123
news-source-strategies,RQ1,E1-strategy-comparison,informational,1003,INFORMATIONAL_CAMOUFLAGE,TRADITIONAL_MEDIA,FAKE_NEWS_SOURCE,1.0,-1.0,,-1.0,0.33,1.0,5.0,1.0,COMPLETE,0.108465,0.1316399999999999,0.01247,0.01208,0.108465,0.01247,1.0,0.13164,0.01208,200000,21693,0.66,465,213,273,350,396,1.0,0.108465,,190156,4462,2494,2888,7,38,98
news-source-strategies,RQ1,E1-strategy-comparison,informational,1004,INFORMATIONAL_CAMOUFLAGE,TRADITIONAL_MEDIA,FAKE_NEWS_SOURCE,1.0,-1.0,,-1.0,0.33,1.0,5.0,1.0,COMPLETE,0.12192,0.0654,0.016975,0.00546,0.12192,0.016975,1.0,0.0654,0.00546,200000,24384,0.6775,491,291,303,422,475,1.0,0.12192,,186999,5211,3395,4395,3,10,88
news-source-strategies,RQ1,E1-strategy-comparison,informational,1005,INFORMATIONAL_CAMOUFLAGE,TRADITIONAL_MEDIA,FAKE_NEWS_SOURCE,1.0,-1.0,,-1.0,0.33,1.0,5.0,1.0,COMPLETE,0.13234,0.122,0.0169549999999999,0.01414,0.13234,0.016955,1.0,0.122,0.01414,200000,26468,0.65,486,358,384,424,437,1.0,0.13234,,186906,5389,3391,4314,3,9,30
news-source-strategies,RQ1,E1-strategy-comparison,informational,1006,INFORMATIONAL_CAMOUFLAGE,TRADITIONAL_MEDIA,FAKE_NEWS_SOURCE,1.0,-1.0,,-1.0,0.33,1.0,5.0,1.0,COMPLETE,0.10638,0.0793799999999999,0.01416,0.00858,0.10638,0.01416,1.0,0.07938,0.00858,200000,21276,0.6675,477,363,403,439,457,1.0,0.10638,,187089,3804,2832,6275,8,13,23
news-source-strategies,RQ1,E1-strategy-comparison,informational,1007,INFORMATIONAL_CAMOUFLAGE,TRADITIONAL_MEDIA,FAKE_NEWS_SOURCE,1.0,-1.0,,-1.0,0.33,1.0,5.0,1.0,COMPLETE,0.14784,0.05728,0.02714,0.00632,0.14784,0.02714,1.0,0.05728,0.00632,200000,29568,0.6975,500,398,478,496,499,1.0,0.14784,,168869,18933,5428,6770,4,9,17
news-source-strategies,RQ1,E1-strategy-comparison,informational,1008,INFORMATIONAL_CAMOUFLAGE,TRADITIONAL_MEDIA,FAKE_NEWS_SOURCE,1.0,-1.0,,-1.0,0.33,1.0,5.0,1.0,COMPLETE,0.1238949999999999,0.117,0.016735,0.01366,0.123895,0.016735,1.0,0.117,0.01366,200000,24779,0.6625,493,368,411,424,470,1.0,0.1238949999999999,,187506,4857,3347,4290,3,8,26
news-source-strategies,RQ1,E1-strategy-comparison,informational,1009,INFORMATIONAL_CAMOUFLAGE,TRADITIONAL_MEDIA,FAKE_NEWS_SOURCE,1.0,-1.0,,-1.0,0.33,1.0,5.0,1.0,COMPLETE,0.158585,0.07698,0.027665,0.01182,0.158585,0.027665,1.0,0.07698,0.01182,200000,31717,0.6775,499,293,326,477,485,1.0,0.158585,,151855,36303,5533,6309,3,16,68
news-source-strategies,RQ1,E1-strategy-comparison,informational,1010,INFORMATIONAL_CAMOUFLAGE,TRADITIONAL_MEDIA,FAKE_NEWS_SOURCE,1.0,-1.0,,-1.0,0.33,1.0,5.0,1.0,COMPLETE,0.153805,0.07586,0.0293,0.00434,0.153805,0.0293,1.0,0.07586,0.00434,200000,30761,0.64,497,340,372,467,496,1.0,0.153805,,114982,71993,5860,7165,4,9,61
news-source-strategies,RQ1,E1-strategy-comparison,informational,1011,INFORMATIONAL_CAMOUFLAGE,TRADITIONAL_MEDIA,FAKE_NEWS_SOURCE,1.0,-1.0,,-1.0,0.33,1.0,5.0,1.0,COMPLETE,0.08922,0.0546,0.00955,0.00264,0.08922,0.00955,1.0,0.0546,0.00264,200000,17844,0.695,436,256,275,361,386,1.0,0.08922,,192567,2873,1910,2650,3,9,76
news-source-strategies,RQ1,E1-strategy-comparison,informational,1012,INFORMATIONAL_CAMOUFLAGE,TRADITIONAL_MEDIA,FAKE_NEWS_SOURCE,1.0,-1.0,,-1.0,0.33,1.0,5.0,1.0,COMPLETE,0.12663,0.1397,0.0138599999999999,0.01364,0.12663,0.01386,1.0,0.1397,0.01364,200000,25326,0.64,476,246,270,348,413,1.0,0.12663,,186993,4159,2772,6076,9,18,120
news-source-strategies,RQ1,E1-strategy-comparison,informational,1013,INFORMATIONAL_CAMOUFLAGE,TRADITIONAL_MEDIA,FAKE_NEWS_SOURCE,1.0,-1.0,,-1.0,0.33,1.0,5.0,1.0,COMPLETE,0.0874,0.08662,0.00814,0.00754,0.0874,0.00814,1.0,0.08662,0.00754,200000,17480,0.6725,411,166,197,271,350,1.0,0.0874,,193562,2775,1628,2035,4,75,128
news-source-strategies,RQ1,E1-strategy-comparison,informational,1014,INFORMATIONAL_CAMOUFLAGE,TRADITIONAL_MEDIA,FAKE_NEWS_SOURCE,1.0,-1.0,,-1.0,0.33,1.0,5.0,1.0,COMPLETE,0.11516,0.053,0.0125399999999999,0.00282,0.11516,0.01254,1.0,0.053,0.00282,200000,23032,0.7075,468,301,335,354,410,1.0,0.11516,,189745,4264,2508,3483,3,11,82
news-source-strategies,RQ1,E1-strategy-comparison,informational,1015,INFORMATIONAL_CAMOUFLAGE,TRADITIONAL_MEDIA,FAKE_NEWS_SOURCE,1.0,-1.0,,-1.0,0.33,1.0,5.0,1.0,COMPLETE,0.130105,0.1331999999999999,0.01626,0.0120399999999999,0.130105,0.01626,1.0,0.1332,0.01204,200000,26021,0.6525,483,174,182,292,467,1.0,0.130105,,187289,5656,3252,3803,11,73,123
news-source-strategies,RQ1,E1-strategy-comparison,informational,1016,INFORMATIONAL_CAMOUFLAGE,TRADITIONAL_MEDIA,FAKE_NEWS_SOURCE,1.0,-1.0,,-1.0,0.33,1.0,5.0,1.0,COMPLETE,0.1089,0.11876,0.012665,0.00924,0.1089,0.012665,1.0,0.11876,0.00924,200000,21780,0.66,461,342,346,367,387,1.0,0.1089,,189748,3599,2533,4120,5,9,29
news-source-strategies,RQ1,E1-strategy-comparison,informational,1017,INFORMATIONAL_CAMOUFLAGE,TRADITIONAL_MEDIA,FAKE_NEWS_SOURCE,1.0,-1.0,,-1.0,0.33,1.0,5.0,1.0,COMPLETE,0.11403,0.12972,0.01268,0.00966,0.11403,0.01268,1.0,0.12972,0.00966,200000,22806,0.665,464,355,371,396,423,1.0,0.11403,,190172,3854,2536,3438,4,7,18
news-source-strategies,RQ1,E1-strategy-comparison,informational,1018,INFORMATIONAL_CAMOUFLAGE,TRADITIONAL_MEDIA,FAKE_NEWS_SOURCE,1.0,-1.0,,-1.0,0.33,1.0,5.0,1.0,COMPLETE,0.117685,0.08744,0.0123,0.00554,0.117685,0.0123,1.0,0.08744,0.00554,200000,23537,0.6625,457,316,318,343,432,1.0,0.117685,,190266,4302,2460,2972,4,8,99
news-source-strategies,RQ1,E1-strategy-comparison,informational,1019,INFORMATIONAL_CAMOUFLAGE,TRADITIONAL_MEDIA,FAKE_NEWS_SOURCE,1.0,-1.0,,-1.0,0.33,1.0,5.0,1.0,COMPLETE,0.097035,0.0544,0.010035,0.00314,0.097035,0.010035,1.0,0.0544,0.00314,200000,19407,0.6825,448,259,269,309,382,1.0,0.097035,,191632,3781,2007,2580,5,16,139
news-source-strategies,RQ1,E1-strategy-comparison,informational,1020,INFORMATIONAL_CAMOUFLAGE,TRADITIONAL_MEDIA,FAKE_NEWS_SOURCE,1.0,-1.0,,-1.0,0.33,1.0,5.0,1.0,COMPLETE,0.1050649999999999,0.12106,0.011165,0.0095,0.105065,0.011165,1.0,0.12106,0.0095,200000,21013,0.7025,450,317,329,357,376,1.0,0.1050649999999999,,189151,3603,2233,5013,7,11,55
news-source-strategies,RQ1,E1-strategy-comparison,informational,1021,INFORMATIONAL_CAMOUFLAGE,TRADITIONAL_MEDIA,FAKE_NEWS_SOURCE,1.0,-1.0,,-1.0,0.33,1.0,5.0,1.0,COMPLETE,0.107025,0.15584,0.01302,0.01816,0.107025,0.01302,1.0,0.15584,0.01816,200000,21405,0.685,468,321,330,344,399,1.0,0.107025,,187522,5911,2604,3963,6,15,106
news-source-strategies,RQ1,E1-strategy-comparison,informational,1022,INFORMATIONAL_CAMOUFLAGE,TRADITIONAL_MEDIA,FAKE_NEWS_SOURCE,1.0,-1.0,,-1.0,0.33,1.0,5.0,1.0,COMPLETE,0.119845,0.1204399999999999,0.01166,0.01342,0.119845,0.01166,1.0,0.12044,0.01342,200000,23969,0.675,452,198,206,272,354,1.0,0.119845,,191465,3633,2332,2570,5,69,186
news-source-strategies,RQ1,E1-strategy-comparison,informational,1023,INFORMATIONAL_CAMOUFLAGE,TRADITIONAL_MEDIA,FAKE_NEWS_SOURCE,1.0,-1.0,,-1.0,0.33,1.0,5.0,1.0,COMPLETE,0.1341,0.125,0.01346,0.01114,0.1341,0.01346,1.0,0.125,0.01114,200000,26820,0.6625,465,224,265,302,394,1.0,0.1341,,189993,3805,2692,3510,3,38,150
news-source-strategies,RQ1,E1-strategy-comparison,informational,1024,INFORMATIONAL_CAMOUFLAGE,TRADITIONAL_MEDIA,FAKE_NEWS_SOURCE,1.0,-1.0,,-1.0,0.33,1.0,5.0,1.0,COMPLETE,0.10818,0.12126,0.009885,0.01048,0.10818,0.009885,1.0,0.12126,0.01048,200000,21636,0.67,434,158,187,265,351,1.0,0.10818,,192197,3157,1977,2669,5,58,179
news-source-strategies,RQ1,E1-strategy-comparison,informational,1025,INFORMATIONAL_CAMOUFLAGE,TRADITIONAL_MEDIA,FAKE_NEWS_SOURCE,1.0,-1.0,,-1.0,0.33,1.0,5.0,1.0,COMPLETE,0.1148349999999999,0.09748,0.011965,0.00648,0.114835,0.011965,1.0,0.09748,0.00648,200000,22967,0.6525,458,310,333,368,424,1.0,0.1148349999999999,,188309,3755,2393,5543,9,16,83
news-source-strategies,RQ1,E1-strategy-comparison,informational,1026,INFORMATIONAL_CAMOUFLAGE,TRADITIONAL_MEDIA,FAKE_NEWS_SOURCE,1.0,-1.0,,-1.0,0.33,1.0,5.0,1.0,COMPLETE,0.09383,0.04418,0.01217,0.00232,0.09383,0.01217,1.0,0.04418,0.00232,200000,18766,0.6775,470,402,417,435,460,1.0,0.09383,,190688,3867,2434,3011,4,7,13
news-source-strategies,RQ1,E1-strategy-comparison,informational,1027,INFORMATIONAL_CAMOUFLAGE,TRADITIONAL_MEDIA,FAKE_NEWS_SOURCE,1.0,-1.0,,-1.0,0.33,1.0,5.0,1.0,COMPLETE,0.1038299999999999,0.0777399999999999,0.012935,0.00614,0.10383,0.012935,1.0,0.07774,0.00614,200000,20766,0.65,467,361,395,407,438,1.0,0.1038299999999999,,189807,4351,2587,3255,4,7,20
news-source-strategies,RQ1,E1-strategy-comparison,informational,1028,INFORMATIONAL_CAMOUFLAGE,TRADITIONAL_MEDIA,FAKE_NEWS_SOURCE,1.0,-1.0,,-1.0,0.33,1.0,5.0,1.0,COMPLETE,0.131915,0.18,0.016635,0.02544,0.131915,0.016635,1.0,0.18,0.02544,200000,26383,0.6325,480,294,362,387,408,1.0,0.131915,,187916,4725,3327,4032,4,8,49
news-source-strategies,RQ1,E1-strategy-comparison,informational,1029,INFORMATIONAL_CAMOUFLAGE,TRADITIONAL_MEDIA,FAKE_NEWS_SOURCE,1.0,-1.0,,-1.0,0.33,1.0,5.0,1.0,COMPLETE,0.10052,0.13334,0.010685,0.0165,0.10052,0.010685,1.0,0.13334,0.0165,200000,20104,0.6725,448,168,199,218,288,1.0,0.10052,,191917,3374,2137,2572,5,129,239
news-source-strategies,RQ1,E1-strategy-comparison,informational,1030,INFORMATIONAL_CAMOUFLAGE,TRADITIONAL_MEDIA,FAKE_NEWS_SOURCE,1.0,-1.0,,-1.0,0.33,1.0,5.0,1.0,COMPLETE,0.09133,0.09076,0.010675,0.00652,0.09133,0.010675,1.0,0.09076,0.00652,200000,18266,0.68,454,286,298,305,393,1.0,0.09133,,191315,4061,2135,2489,4,14,136
news-source-strategies,RQ1,E1-strategy-comparison,credibility,1001,CREDIBILITY_CAMOUFLAGE,TRADITIONAL_MEDIA,FAKE_NEWS_SOURCE,1.0,-1.0,,-1.0,0.33,1.0,5.0,1.0,COMPLETE,0.105265,0.1248799999999999,0.0116199999999999,0.01208,0.105265,0.01162,1.0,0.12488,0.01208,200000,21053,0.6875,459,262,263,345,404,1.0,0.105265,,191275,3437,2324,2964,3,11,98
news-source-strategies,RQ1,E1-strategy-comparison,credibility,1002,CREDIBILITY_CAMOUFLAGE,TRADITIONAL_MEDIA,FAKE_NEWS_SOURCE,1.0,-1.0,,-1.0,0.33,1.0,5.0,1.0,COMPLETE,0.081615,0.0437,0.008605,0.00276,0.081615,0.008605,1.0,0.0437,0.00276,200000,16323,0.6875,432,272,283,318,348,1.0,0.081615,,192966,2842,1721,2471,3,8,152
news-source-strategies,RQ1,E1-strategy-comparison,credibility,1003,CREDIBILITY_CAMOUFLAGE,TRADITIONAL_MEDIA,FAKE_NEWS_SOURCE,1.0,-1.0,,-1.0,0.33,1.0,5.0,1.0,COMPLETE,0.10817,0.13066,0.01202,0.01076,0.10817,0.01202,1.0,0.13066,0.01076,200000,21634,0.66,459,208,269,346,393,1.0,0.10817,,190129,4536,2404,2931,7,38,98
news-source-strategies,RQ1,E1-strategy-comparison,credibility,1004,CREDIBILITY_CAMOUFLAGE,TRADITIONAL_MEDIA,FAKE_NEWS_SOURCE,1.0,-1.0,,-1.0,0.33,1.0,5.0,1.0,COMPLETE,0.1219249999999999,0.06516,0.01669,0.00508,0.121925,0.01669,1.0,0.06516,0.00508,200000,24385,0.6775,494,281,292,410,473,1.0,0.1219249999999999,,186817,5432,3338,4413,3,11,89
news-source-strategies,RQ1,E1-strategy-comparison,credibility,1005,CREDIBILITY_CAMOUFLAGE,TRADITIONAL_MEDIA,FAKE_NEWS_SOURCE,1.0,-1.0,,-1.0,0.33,1.0,5.0,1.0,COMPLETE,0.1316999999999999,0.12212,0.0160599999999999,0.01396,0.1317,0.01606,1.0,0.12212,0.01396,200000,26340,0.65,479,344,375,419,430,1.0,0.1316999999999999,,187145,5338,3212,4305,3,9,36
news-source-strategies,RQ1,E1-strategy-comparison,credibility,1006,CREDIBILITY_CAMOUFLAGE,TRADITIONAL_MEDIA,FAKE_NEWS_SOURCE,1.0,-1.0,,-1.0,0.33,1.0,5.0,1.0,COMPLETE,0.106815,0.07904,0.01441,0.00826,0.106815,0.01441,1.0,0.07904,0.00826,200000,21363,0.6675,479,363,403,444,459,1.0,0.106815,,186678,4014,2882,6426,8,13,24
news-source-strategies,RQ1,E1-strategy-comparison,credibility,1007,CREDIBILITY_CAMOUFLAGE,TRADITIONAL_MEDIA,FAKE_NEWS_SOURCE,1.0,-1.0,,-1.0,0.33,1.0,5.0,1.0,COMPLETE,0.14661,0.05678,0.025715,0.00566,0.14661,0.025715,1.0,0.05678,0.00566,200000,29322,0.6975,499,397,476,492,497,1.0,0.14661,,170183,18048,5143,6626,4,9,18
news-source-strategies,RQ1,E1-strategy-comparison,credibility,1008,CREDIBILITY_CAMOUFLAGE,TRADITIONAL_MEDIA,FAKE_NEWS_SOURCE,1.0,-1.0,,-1.0,0.33,1.0,5.0,1.0,COMPLETE,0.12403,0.11664,0.016545,0.01312,0.12403,0.016545,1.0,0.11664,0.01312,200000,24806,0.6625,496,370,416,432,470,1.0,0.12403,,187305,5068,3309,4318,3,8,26
news-source-strategies,RQ1,E1-strategy-comparison,credibility,1009,CREDIBILITY_CAMOUFLAGE,TRADITIONAL_MEDIA,FAKE_NEWS_SOURCE,1.0,-1.0,,-1.0,0.33,1.0,5.0,1.0,COMPLETE,0.15887,0.07764,0.02717,0.01182,0.15887,0.02717,1.0,0.07764,0.01182,200000,31774,0.6775,499,285,315,478,489,1.0,0.15887,,150721,37253,5434,6592,3,16,70
news-source-strategies,RQ1,E1-strategy-comparison,credibility,1010,CREDIBILITY_CAMOUFLAGE,TRADITIONAL_MEDIA,FAKE_NEWS_SOURCE,1.0,-1.0,,-1.0,0.33,1.0,5.0,1.0,COMPLETE,0.157585,0.0758799999999999,0.030125,0.00424,0.157585,0.030125,1.0,0.07588,0.00424,200000,31517,0.64,499,328,359,466,499,1.0,0.157585,,113508,72772,6025,7695,4,9,62
news-source-strategies,RQ1,E1-strategy-comparison,credibility,1011,CREDIBILITY_CAMOUFLAGE,TRADITIONAL_MEDIA,FAKE_NEWS_SOURCE,1.0,-1.0,,-1.0,0.33,1.0,5.0,1.0,COMPLETE,0.08866,0.0546599999999999,0.008915,0.0028599999999999,0.08866,0.008915,1.0,0.05466,0.00286,200000,17732,0.695,426,238,256,341,368,1.0,0.08866,,192817,2803,1783,2597,3,11,78
news-source-strategies,RQ1,E1-strategy-comparison,credibility,1012,CREDIBILITY_CAMOUFLAGE,TRADITIONAL_MEDIA,FAKE_NEWS_SOURCE,1.0,-1.0,,-1.0,0.33,1.0,5.0,1.0,COMPLETE,0.127185,0.14074,0.0136999999999999,0.01428,0.127185,0.0137,1.0,0.14074,0.01428,200000,25437,0.64,473,253,280,339,406,1.0,0.127185,,186830,4230,2740,6200,9,17,120
news-source-strategies,RQ1,E1-strategy-comparison,credibility,1013,CREDIBILITY_CAMOUFLAGE,TRADITIONAL_MEDIA,FAKE_NEWS_SOURCE,1.0,-1.0,,-1.0,0.33,1.0,5.0,1.0,COMPLETE,0.08791,0.08666,0.008535,0.00752,0.08791,0.008535,1.0,0.08666,0.00752,200000,17582,0.6725,414,166,201,280,363,1.0,0.08791,,193128,2979,1707,2186,4,74,128
news-source-strategies,RQ1,E1-strategy-comparison,credibility,1014,CREDIBILITY_CAMOUFLAGE,TRADITIONAL_MEDIA,FAKE_NEWS_SOURCE,1.0,-1.0,,-1.0,0.33,1.0,5.0,1.0,COMPLETE,0.115185,0.0531,0.012695,0.00274,0.115185,0.012695,1.0,0.0531,0.00274,200000,23037,0.7075,466,293,325,345,405,1.0,0.115185,,189757,4211,2539,3493,3,11,129
news-source-strategies,RQ1,E1-strategy-comparison,credibility,1015,CREDIBILITY_CAMOUFLAGE,TRADITIONAL_MEDIA,FAKE_NEWS_SOURCE,1.0,-1.0,,-1.0,0.33,1.0,5.0,1.0,COMPLETE,0.12988,0.1329199999999999,0.016,0.01168,0.12988,0.016,1.0,0.13292,0.01168,200000,25976,0.6525,486,169,177,294,466,1.0,0.12988,,187254,5729,3200,3817,11,73,121
news-source-strategies,RQ1,E1-strategy-comparison,credibility,1016,CREDIBILITY_CAMOUFLAGE,TRADITIONAL_MEDIA,FAKE_NEWS_SOURCE,1.0,-1.0,,-1.0,0.33,1.0,5.0,1.0,COMPLETE,0.1083349999999999,0.1187199999999999,0.01159,0.00876,0.108335,0.01159,1.0,0.11872,0.00876,200000,21667,0.66,449,318,321,343,369,1.0,0.1083349999999999,,190166,3440,2318,4076,5,9,93
news-source-strategies,RQ1,E1-strategy-comparison,credibility,1017,CREDIBILITY_CAMOUFLAGE,TRADITIONAL_MEDIA,FAKE_NEWS_SOURCE,1.0,-1.0,,-1.0,0.33,1.0,5.0,1.0,COMPLETE,0.1138349999999999,0.12976,0.012475,0.0095199999999999,0.113835,0.012475,1.0,0.12976,0.00952,200000,22767,0.665,464,343,358,386,415,1.0,0.1138349999999999,,190201,3853,2495,3451,4,8,29
news-source-strategies,RQ1,E1-strategy-comparison,credibility,1018,CREDIBILITY_CAMOUFLAGE,TRADITIONAL_MEDIA,FAKE_NEWS_SOURCE,1.0,-1.0,,-1.0,0.33,1.0,5.0,1.0,COMPLETE,0.11807,0.08708,0.011945,0.00508,0.11807,0.011945,1.0,0.08708,0.00508,200000,23614,0.6625,458,314,317,341,433,1.0,0.11807,,189909,4506,2389,3196,4,8,104
news-source-strategies,RQ1,E1-strategy-comparison,credibility,1019,CREDIBILITY_CAMOUFLAGE,TRADITIONAL_MEDIA,FAKE_NEWS_SOURCE,1.0,-1.0,,-1.0,0.33,1.0,5.0,1.0,COMPLETE,0.09615,0.0545,0.0092,0.00314,0.09615,0.0092,1.0,0.0545,0.00314,200000,19230,0.6825,440,237,245,286,368,1.0,0.09615,,191970,3664,1840,2526,5,17,178
news-source-strategies,RQ1,E1-strategy-comparison,credibility,1020,CREDIBILITY_CAMOUFLAGE,TRADITIONAL_MEDIA,FAKE_NEWS_SOURCE,1.0,-1.0,,-1.0,0.33,1.0,5.0,1.0,COMPLETE,0.10528,0.12108,0.01087,0.0092,0.10528,0.01087,1.0,0.12108,0.0092,200000,21056,0.7025,452,316,323,357,375,1.0,0.10528,,188914,3758,2174,5154,7,11,63
news-source-strategies,RQ1,E1-strategy-comparison,credibility,1021,CREDIBILITY_CAMOUFLAGE,TRADITIONAL_MEDIA,FAKE_NEWS_SOURCE,1.0,-1.0,,-1.0,0.33,1.0,5.0,1.0,COMPLETE,0.10664,0.1519,0.01223,0.01316,0.10664,0.01223,1.0,0.1519,0.01316,200000,21328,0.685,461,322,335,353,406,1.0,0.10664,,187818,5717,2446,4019,6,15,98
news-source-strategies,RQ1,E1-strategy-comparison,credibility,1022,CREDIBILITY_CAMOUFLAGE,TRADITIONAL_MEDIA,FAKE_NEWS_SOURCE,1.0,-1.0,,-1.0,0.33,1.0,5.0,1.0,COMPLETE,0.119505,0.11986,0.0113,0.01274,0.119505,0.0113,1.0,0.11986,0.01274,200000,23901,0.675,451,199,206,272,359,1.0,0.119505,,191553,3584,2260,2603,5,69,174
news-source-strategies,RQ1,E1-strategy-comparison,credibility,1023,CREDIBILITY_CAMOUFLAGE,TRADITIONAL_MEDIA,FAKE_NEWS_SOURCE,1.0,-1.0,,-1.0,0.33,1.0,5.0,1.0,COMPLETE,0.133565,0.12412,0.012205,0.00976,0.133565,0.012205,1.0,0.12412,0.00976,200000,26713,0.6625,463,219,259,292,381,1.0,0.133565,,190311,3829,2441,3419,3,38,151
news-source-strategies,RQ1,E1-strategy-comparison,credibility,1024,CREDIBILITY_CAMOUFLAGE,TRADITIONAL_MEDIA,FAKE_NEWS_SOURCE,1.0,-1.0,,-1.0,0.33,1.0,5.0,1.0,COMPLETE,0.1080349999999999,0.12078,0.0095649999999999,0.0096,0.108035,0.009565,1.0,0.12078,0.0096,200000,21607,0.67,437,155,184,253,343,1.0,0.1080349999999999,,192141,3229,1913,2717,6,59,180
news-source-strategies,RQ1,E1-strategy-comparison,credibility,1025,CREDIBILITY_CAMOUFLAGE,TRADITIONAL_MEDIA,FAKE_NEWS_SOURCE,1.0,-1.0,,-1.0,0.33,1.0,5.0,1.0,COMPLETE,0.115125,0.09742,0.0116549999999999,0.0065,0.115125,0.011655,1.0,0.09742,0.0065,200000,23025,0.6525,461,317,337,375,425,1.0,0.115125,,188004,3813,2331,5852,9,16,83
news-source-strategies,RQ1,E1-strategy-comparison,credibility,1026,CREDIBILITY_CAMOUFLAGE,TRADITIONAL_MEDIA,FAKE_NEWS_SOURCE,1.0,-1.0,,-1.0,0.33,1.0,5.0,1.0,COMPLETE,0.093275,0.04394,0.01134,0.00216,0.093275,0.01134,1.0,0.04394,0.00216,200000,18655,0.6775,468,397,412,432,457,1.0,0.093275,,190879,3850,2268,3003,4,6,13
news-source-strategies,RQ1,E1-strategy-comparison,credibility,1027,CREDIBILITY_CAMOUFLAGE,TRADITIONAL_MEDIA,FAKE_NEWS_SOURCE,1.0,-1.0,,-1.0,0.33,1.0,5.0,1.0,COMPLETE,0.104795,0.07806,0.013195,0.00632,0.104795,0.013195,1.0,0.07806,0.00632,200000,20959,0.65,469,364,401,413,438,1.0,0.104795,,189351,4553,2639,3457,4,8,18
news-source-strategies,RQ1,E1-strategy-comparison,credibility,1028,CREDIBILITY_CAMOUFLAGE,TRADITIONAL_MEDIA,FAKE_NEWS_SOURCE,1.0,-1.0,,-1.0,0.33,1.0,5.0,1.0,COMPLETE,0.13153,0.17872,0.016045,0.02366,0.13153,0.016045,1.0,0.17872,0.02366,200000,26306,0.6325,475,297,361,384,405,1.0,0.13153,,187841,4842,3209,4108,4,8,47
news-source-strategies,RQ1,E1-strategy-comparison,credibility,1029,CREDIBILITY_CAMOUFLAGE,TRADITIONAL_MEDIA,FAKE_NEWS_SOURCE,1.0,-1.0,,-1.0,0.33,1.0,5.0,1.0,COMPLETE,0.100245,0.13304,0.01022,0.01556,0.100245,0.01022,1.0,0.13304,0.01556,200000,20049,0.6725,444,173,199,217,286,1.0,0.100245,,192042,3302,2044,2612,4,129,236
news-source-strategies,RQ1,E1-strategy-comparison,credibility,1030,CREDIBILITY_CAMOUFLAGE,TRADITIONAL_MEDIA,FAKE_NEWS_SOURCE,1.0,-1.0,,-1.0,0.33,1.0,5.0,1.0,COMPLETE,0.090965,0.09062,0.010205,0.00596,0.090965,0.010205,1.0,0.09062,0.00596,200000,18193,0.68,450,283,298,304,387,1.0,0.090965,,191456,4020,2041,2483,4,13,136
news-source-strategies,RQ1,E1-strategy-comparison,all,1001,"ENGAGEMENT,PROXIMITY,INFORMATIONAL_CAMOUFLAGE,CREDIBILITY_CAMOUFLAGE",TRADITIONAL_MEDIA,FAKE_NEWS_SOURCE,1.0,-1.0,,-1.0,0.33,1.0,5.0,1.0,COMPLETE,0.107215,0.1265,0.0148,0.01452,0.107215,0.0148,1.0,0.1265,0.01452,200000,21443,0.6875,470,279,281,363,416,1.0,0.107215,,190589,3433,2960,3018,3,10,97
news-source-strategies,RQ1,E1-strategy-comparison,all,1002,"ENGAGEMENT,PROXIMITY,INFORMATIONAL_CAMOUFLAGE,CREDIBILITY_CAMOUFLAGE",TRADITIONAL_MEDIA,FAKE_NEWS_SOURCE,1.0,-1.0,,-1.0,0.33,1.0,5.0,1.0,COMPLETE,0.08323,0.04368,0.01093,0.0029,0.08323,0.01093,1.0,0.04368,0.0029,200000,16646,0.6875,446,293,304,334,367,1.0,0.08323,,192527,2844,2186,2443,3,8,123
news-source-strategies,RQ1,E1-strategy-comparison,all,1003,"ENGAGEMENT,PROXIMITY,INFORMATIONAL_CAMOUFLAGE,CREDIBILITY_CAMOUFLAGE",TRADITIONAL_MEDIA,FAKE_NEWS_SOURCE,1.0,-1.0,,-1.0,0.33,1.0,5.0,1.0,COMPLETE,0.1104449999999999,0.1331399999999999,0.015615,0.01368,0.110445,0.015615,1.0,0.13314,0.01368,200000,22089,0.66,479,234,302,371,423,1.0,0.1104449999999999,,189373,4576,3123,2928,7,28,86
news-source-strategies,RQ1,E1-strategy-comparison,all,1004,"ENGAGEMENT,PROXIMITY,INFORMATIONAL_CAMOUFLAGE,CREDIBILITY_CAMOUFLAGE",TRADITIONAL_MEDIA,FAKE_NEWS_SOURCE,1.0,-1.0,,-1.0,0.33,1.0,5.0,1.0,COMPLETE,0.126865,0.0679,0.0229,0.00844,0.126865,0.0229,1.0,0.0679,0.00844,200000,25373,0.6775,495,312,327,448,487,1.0,0.126865,,184816,5648,4580,4956,3,10,86
news-source-strategies,RQ1,E1-strategy-comparison,all,1005,"ENGAGEMENT,PROXIMITY,INFORMATIONAL_CAMOUFLAGE,CREDIBILITY_CAMOUFLAGE",TRADITIONAL_MEDIA,FAKE_NEWS_SOURCE,1.0,-1.0,,-1.0,0.33,1.0,5.0,1.0,COMPLETE,0.134325,0.1232999999999999,0.020575,0.0182,0.134325,0.020575,1.0,0.1233,0.0182,200000,26865,0.65,496,371,398,433,448,1.0,0.134325,,186095,5426,4115,4364,3,9,26
news-source-strategies,RQ1,E1-strategy-comparison,all,1006,"ENGAGEMENT,PROXIMITY,INFORMATIONAL_CAMOUFLAGE,CREDIBILITY_CAMOUFLAGE",TRADITIONAL_MEDIA,FAKE_NEWS_SOURCE,1.0,-1.0,,-1.0,0.33,1.0,5.0,1.0,COMPLETE,0.109775,0.08052,0.01884,0.01028,0.109775,0.01884,1.0,0.08052,0.01028,200000,21955,0.6675,490,399,441,461,477,1.0,0.109775,,185733,4156,3768,6343,8,13,20
news-source-strategies,RQ1,E1-strategy-comparison,all,1007,"ENGAGEMENT,PROXIMITY,INFORMATIONAL_CAMOUFLAGE,CREDIBILITY_CAMOUFLAGE",TRADITIONAL_MEDIA,FAKE_NEWS_SOURCE,1.0,-1.0,,-1.0,0.33,1.0,5.0,1.0,COMPLETE,0.147445,0.05922,0.03312,0.00848,0.147445,0.03312,1.0,0.05922,0.00848,200000,29489,0.6975,500,437,487,492,498,1.0,0.147445,,172910,13769,6624,6697,4,9,16
news-source-strategies,RQ1,E1-strategy-comparison,all,1008,"ENGAGEMENT,PROXIMITY,INFORMATIONAL_CAMOUFLAGE,CREDIBILITY_CAMOUFLAGE",TRADITIONAL_MEDIA,FAKE_NEWS_SOURCE,1.0,-1.0,,-1.0,0.33,1.0,5.0,1.0,COMPLETE,0.126745,0.11874,0.02143,0.01742,0.126745,0.02143,1.0,0.11874,0.01742,200000,25349,0.6625,498,394,439,451,477,1.0,0.126745,,186349,5072,4286,4293,3,7,18
news-source-strategies,RQ1,E1-strategy-comparison,all,1009,"ENGAGEMENT,PROXIMITY,INFORMATIONAL_CAMOUFLAGE,CREDIBILITY_CAMOUFLAGE",TRADITIONAL_MEDIA,FAKE_NEWS_SOURCE,1.0,-1.0,,-1.0,0.33,1.0,5.0,1.0,COMPLETE,0.163555,0.0800999999999999,0.03659,0.01566,0.163555,0.03659,1.0,0.0801,0.01566,200000,32711,0.6775,500,321,355,494,497,1.0,0.163555,,150004,35710,7318,6968,3,14,58
news-source-strategies,RQ1,E1-strategy-comparison,all,1010,"ENGAGEMENT,PROXIMITY,INFORMATIONAL_CAMOUFLAGE,CREDIBILITY_CAMOUFLAGE",TRADITIONAL_MEDIA,FAKE_NEWS_SOURCE,1.0,-1.0,,-1.0,0.33,1.0,5.0,1.0,COMPLETE,0.131715,0.0766599999999999,0.029285,0.00542,0.131715,0.029285,1.0,0.07666,0.00542,200000,26343,0.64,500,363,391,477,500,1.0,0.131715,,139839,48353,5857,5951,4,8,33
news-source-strategies,RQ1,E1-strategy-comparison,all,1011,"ENGAGEMENT,PROXIMITY,INFORMATIONAL_CAMOUFLAGE,CREDIBILITY_CAMOUFLAGE",TRADITIONAL_MEDIA,FAKE_NEWS_SOURCE,1.0,-1.0,,-1.0,0.33,1.0,5.0,1.0,COMPLETE,0.0906749999999999,0.055,0.011595,0.0033599999999999,0.090675,0.011595,1.0,0.055,0.00336,200000,18135,0.695,448,266,287,376,399,1.0,0.0906749999999999,,192205,2812,2319,2664,3,10,76
news-source-strategies,RQ1,E1-strategy-comparison,all,1012,"ENGAGEMENT,PROXIMITY,INFORMATIONAL_CAMOUFLAGE,CREDIBILITY_CAMOUFLAGE",TRADITIONAL_MEDIA,FAKE_NEWS_SOURCE,1.0,-1.0,,-1.0,0.33,1.0,5.0,1.0,COMPLETE,0.1307549999999999,0.14422,0.019515,0.02046,0.130755,0.019515,1.0,0.14422,0.02046,200000,26151,0.64,492,260,288,387,452,1.0,0.1307549999999999,,185489,4308,3903,6300,9,18,88
news-source-strategies,RQ1,E1-strategy-comparison,all,1013,"ENGAGEMENT,PROXIMITY,INFORMATIONAL_CAMOUFLAGE,CREDIBILITY_CAMOUFLAGE",TRADITIONAL_MEDIA,FAKE_NEWS_SOURCE,1.0,-1.0,,-1.0,0.33,1.0,5.0,1.0,COMPLETE,0.089045,0.08738,0.01055,0.00864,0.089045,0.01055,1.0,0.08738,0.00864,200000,17809,0.6725,431,179,208,297,376,1.0,0.089045,,192834,2910,2110,2146,4,74,122
news-source-strategies,RQ1,E1-strategy-comparison,all,1014,"ENGAGEMENT,PROXIMITY,INFORMATIONAL_CAMOUFLAGE,CREDIBILITY_CAMOUFLAGE",TRADITIONAL_MEDIA,FAKE_NEWS_SOURCE,1.0,-1.0,,-1.0,0.33,1.0,5.0,1.0,COMPLETE,0.11674,0.05298,0.01533,0.003,0.11674,0.01533,1.0,0.05298,0.003,200000,23348,0.7075,476,319,358,377,427,1.0,0.11674,,189355,4115,3066,3464,3,11,47
news-source-strategies,RQ1,E1-strategy-comparison,all,1015,"ENGAGEMENT,PROXIMITY,INFORMATIONAL_CAMOUFLAGE,CREDIBILITY_CAMOUFLAGE",TRADITIONAL_MEDIA,FAKE_NEWS_SOURCE,1.0,-1.0,,-1.0,0.33,1.0,5.0,1.0,COMPLETE,0.13261,0.13532,0.0208299999999999,0.015,0.13261,0.02083,1.0,0.13532,0.015,200000,26522,0.6525,489,178,186,313,481,1.0,0.13261,,185860,5878,4166,4096,11,73,119
news-source-strategies,RQ1,E1-strategy-comparison,all,1016,"ENGAGEMENT,PROXIMITY,INFORMATIONAL_CAMOUFLAGE,CREDIBILITY_CAMOUFLAGE",TRADITIONAL_MEDIA,FAKE_NEWS_SOURCE,1.0,-1.0,,-1.0,0.33,1.0,5.0,1.0,COMPLETE,0.10994,0.12056,0.01509,0.0123,0.10994,0.01509,1.0,0.12056,0.0123,200000,21988,0.66,471,362,366,386,407,1.0,0.10994,,189492,3506,3018,3984,5,8,23
news-source-strategies,RQ1,E1-strategy-comparison,all,1017,"ENGAGEMENT,PROXIMITY,INFORMATIONAL_CAMOUFLAGE,CREDIBILITY_CAMOUFLAGE",TRADITIONAL_MEDIA,FAKE_NEWS_SOURCE,1.0,-1.0,,-1.0,0.33,1.0,5.0,1.0,COMPLETE,0.116335,0.1326399999999999,0.016335,0.0145399999999999,0.116335,0.016335,1.0,0.13264,0.01454,200000,23267,0.665,481,386,411,434,450,1.0,0.116335,,189162,4095,3267,3476,5,8,17
news-source-strategies,RQ1,E1-strategy-comparison,all,1018,"ENGAGEMENT,PROXIMITY,INFORMATIONAL_CAMOUFLAGE,CREDIBILITY_CAMOUFLAGE",TRADITIONAL_MEDIA,FAKE_NEWS_SOURCE,1.0,-1.0,,-1.0,0.33,1.0,5.0,1.0,COMPLETE,0.120355,0.08798,0.01625,0.00678,0.120355,0.01625,1.0,0.08798,0.00678,200000,24071,0.6625,474,354,361,386,458,1.0,0.120355,,189307,4320,3250,3123,4,8,27
news-source-strategies,RQ1,E1-strategy-comparison,all,1019,"ENGAGEMENT,PROXIMITY,INFORMATIONAL_CAMOUFLAGE,CREDIBILITY_CAMOUFLAGE",TRADITIONAL_MEDIA,FAKE_NEWS_SOURCE,1.0,-1.0,,-1.0,0.33,1.0,5.0,1.0,COMPLETE,0.09879,0.0549,0.012435,0.00382,0.09879,0.012435,1.0,0.0549,0.00382,200000,19758,0.6825,459,274,294,327,405,1.0,0.09879,,191073,3759,2487,2681,5,16,131
news-source-strategies,RQ1,E1-strategy-comparison,all,1020,"ENGAGEMENT,PROXIMITY,INFORMATIONAL_CAMOUFLAGE,CREDIBILITY_CAMOUFLAGE",TRADITIONAL_MEDIA,FAKE_NEWS_SOURCE,1.0,-1.0,,-1.0,0.33,1.0,5.0,1.0,COMPLETE,0.1081149999999999,0.12426,0.0147,0.0130999999999999,0.108115,0.0147,1.0,0.12426,0.0131,200000,21623,0.7025,473,339,353,378,396,1.0,0.1081149999999999,,187963,3839,2940,5258,7,11,51
news-source-strategies,RQ1,E1-strategy-comparison,all,1021,"ENGAGEMENT,PROXIMITY,INFORMATIONAL_CAMOUFLAGE,CREDIBILITY_CAMOUFLAGE",TRADITIONAL_MEDIA,FAKE_NEWS_SOURCE,1.0,-1.0,,-1.0,0.33,1.0,5.0,1.0,COMPLETE,0.109795,0.15978,0.017505,0.02528,0.109795,0.017505,1.0,0.15978,0.02528,200000,21959,0.685,485,325,342,358,421,1.0,0.109795,,186587,5720,3501,4192,7,15,106
news-source-strategies,RQ1,E1-strategy-comparison,all,1022,"ENGAGEMENT,PROXIMITY,INFORMATIONAL_CAMOUFLAGE,CREDIBILITY_CAMOUFLAGE",TRADITIONAL_MEDIA,FAKE_NEWS_SOURCE,1.0,-1.0,,-1.0,0.33,1.0,5.0,1.0,COMPLETE,0.1214399999999999,0.1224,0.01476,0.01688,0.12144,0.01476,1.0,0.1224,0.01688,200000,24288,0.675,457,203,213,277,370,1.0,0.1214399999999999,,190929,3542,2952,2577,5,69,171
news-source-strategies,RQ1,E1-strategy-comparison,all,1023,"ENGAGEMENT,PROXIMITY,INFORMATIONAL_CAMOUFLAGE,CREDIBILITY_CAMOUFLAGE",TRADITIONAL_MEDIA,FAKE_NEWS_SOURCE,1.0,-1.0,,-1.0,0.33,1.0,5.0,1.0,COMPLETE,0.136545,0.12734,0.01829,0.0152,0.136545,0.01829,1.0,0.12734,0.0152,200000,27309,0.6625,473,259,303,338,423,1.0,0.136545,,188476,4169,3658,3697,3,18,129
news-source-strategies,RQ1,E1-strategy-comparison,all,1024,"ENGAGEMENT,PROXIMITY,INFORMATIONAL_CAMOUFLAGE,CREDIBILITY_CAMOUFLAGE",TRADITIONAL_MEDIA,FAKE_NEWS_SOURCE,1.0,-1.0,,-1.0,0.33,1.0,5.0,1.0,COMPLETE,0.10965,0.1216599999999999,0.012285,0.01164,0.10965,0.012285,1.0,0.12166,0.01164,200000,21930,0.67,453,172,201,291,381,1.0,0.10965,,191619,3208,2457,2716,5,57,151
news-source-strategies,RQ1,E1-strategy-comparison,all,1025,"ENGAGEMENT,PROXIMITY,INFORMATIONAL_CAMOUFLAGE,CREDIBILITY_CAMOUFLAGE",TRADITIONAL_MEDIA,FAKE_NEWS_SOURCE,1.0,-1.0,,-1.0,0.33,1.0,5.0,1.0,COMPLETE,0.11605,0.09752,0.01421,0.00704,0.11605,0.01421,1.0,0.09752,0.00704,200000,23210,0.6525,469,327,346,392,440,1.0,0.11605,,187906,3649,2842,5603,9,16,70
news-source-strategies,RQ1,E1-strategy-comparison,all,1026,"ENGAGEMENT,PROXIMITY,INFORMATIONAL_CAMOUFLAGE,CREDIBILITY_CAMOUFLAGE",TRADITIONAL_MEDIA,FAKE_NEWS_SOURCE,1.0,-1.0,,-1.0,0.33,1.0,5.0,1.0,COMPLETE,0.09595,0.04392,0.015115,0.00222,0.09595,0.015115,1.0,0.04392,0.00222,200000,19190,0.6775,483,431,444,462,476,1.0,0.09595,,189912,3934,3023,3131,4,7,12
news-source-strategies,RQ1,E1-strategy-comparison,all,1027,"ENGAGEMENT,PROXIMITY,INFORMATIONAL_CAMOUFLAGE,CREDIBILITY_CAMOUFLAGE",TRADITIONAL_MEDIA,FAKE_NEWS_SOURCE,1.0,-1.0,,-1.0,0.33,1.0,5.0,1.0,COMPLETE,0.1066749999999999,0.07868,0.01664,0.00748,0.106675,0.01664,1.0,0.07868,0.00748,200000,21335,0.65,477,387,425,436,456,1.0,0.1066749999999999,,188789,4400,3328,3483,4,7,16
news-source-strategies,RQ1,E1-strategy-comparison,all,1028,"ENGAGEMENT,PROXIMITY,INFORMATIONAL_CAMOUFLAGE,CREDIBILITY_CAMOUFLAGE",TRADITIONAL_MEDIA,FAKE_NEWS_SOURCE,1.0,-1.0,,-1.0,0.33,1.0,5.0,1.0,COMPLETE,0.136965,0.18934,0.0241849999999999,0.0392999999999999,0.136965,0.024185,1.0,0.18934,0.0393,200000,27393,0.6325,490,328,404,424,442,1.0,0.136965,,185617,5137,4837,4409,4,8,36
news-source-strategies,RQ1,E1-strategy-comparison,all,1029,"ENGAGEMENT,PROXIMITY,INFORMATIONAL_CAMOUFLAGE,CREDIBILITY_CAMOUFLAGE",TRADITIONAL_MEDIA,FAKE_NEWS_SOURCE,1.0,-1.0,,-1.0,0.33,1.0,5.0,1.0,COMPLETE,0.103905,0.13806,0.01531,0.02434,0.103905,0.01531,1.0,0.13806,0.02434,200000,20781,0.6725,467,196,225,246,318,1.0,0.103905,,190450,3694,3062,2794,5,74,232
news-source-strategies,RQ1,E1-strategy-comparison,all,1030,"ENGAGEMENT,PROXIMITY,INFORMATIONAL_CAMOUFLAGE,CREDIBILITY_CAMOUFLAGE",TRADITIONAL_MEDIA,FAKE_NEWS_SOURCE,1.0,-1.0,,-1.0,0.33,1.0,5.0,1.0,COMPLETE,0.094665,0.09226,0.014725,0.00822,0.094665,0.014725,1.0,0.09226,0.00822,200000,18933,0.68,477,323,342,349,428,1.0,0.094665,,189929,4395,2945,2731,5,10,124
news-source-strategies,RQ2,E2-timing-duration,control,1001,NONE,,,,,,-1.0,0.33,1.0,5.0,1.0,COMPLETE,0.10526,0.1243,0.01116,0.01126,0.10526,0.01116,1.0,0.1243,0.01126,200000,21052,0.6875,452,252,252,329,389,1.0,0.10526,,191104,3564,2232,3100,3,11,127
news-source-strategies,RQ2,E2-timing-duration,control,1002,NONE,,,,,,-1.0,0.33,1.0,5.0,1.0,COMPLETE,0.0818199999999999,0.04374,0.0084949999999999,0.00262,0.08182,0.008495,1.0,0.04374,0.00262,200000,16364,0.6875,425,264,275,311,341,1.0,0.0818199999999999,,192626,3137,1699,2538,3,8,152
news-source-strategies,RQ2,E2-timing-duration,control,1003,NONE,,,,,,-1.0,0.33,1.0,5.0,1.0,COMPLETE,0.107925,0.13006,0.01123,0.00964,0.107925,0.01123,1.0,0.13006,0.00964,200000,21585,0.66,455,202,252,334,384,1.0,0.107925,,190277,4532,2246,2945,7,38,131
news-source-strategies,RQ2,E2-timing-duration,control,1004,NONE,,,,,,-1.0,0.33,1.0,5.0,1.0,COMPLETE,0.12174,0.06578,0.015715,0.00538,0.12174,0.015715,1.0,0.06578,0.00538,200000,24348,0.6775,490,267,278,396,467,1.0,0.12174,,186843,5540,3143,4474,3,13,89
news-source-strategies,RQ2,E2-timing-duration,control,1005,NONE,,,,,,-1.0,0.33,1.0,5.0,1.0,COMPLETE,0.131575,0.1216,0.015335,0.01264,0.131575,0.015335,1.0,0.1216,0.01264,200000,26315,0.65,480,344,371,409,421,1.0,0.131575,,186839,5615,3067,4479,3,9,35
news-source-strategies,RQ2,E2-timing-duration,control,1006,NONE,,,,,,-1.0,0.33,1.0,5.0,1.0,COMPLETE,0.1061599999999999,0.0788199999999999,0.01337,0.0085,0.10616,0.01337,1.0,0.07882,0.0085,200000,21232,0.6675,478,351,385,426,444,1.0,0.1061599999999999,,186884,4016,2674,6426,8,13,34
news-source-strategies,RQ2,E2-timing-duration,control,1007,NONE,,,,,,-1.0,0.33,1.0,5.0,1.0,COMPLETE,0.1485749999999999,0.05736,0.025145,0.0059,0.148575,0.025145,1.0,0.05736,0.0059,200000,29715,0.6975,499,377,462,489,495,1.0,0.1485749999999999,,168057,19746,5029,7168,4,10,25
news-source-strategies,RQ2,E2-timing-duration,control,1008,NONE,,,,,,-1.0,0.33,1.0,5.0,1.0,COMPLETE,0.1240849999999999,0.11724,0.015875,0.01206,0.124085,0.015875,1.0,0.11724,0.01206,200000,24817,0.6625,488,360,397,411,455,1.0,0.1240849999999999,,186705,5583,3175,4537,3,8,33
news-source-strategies,RQ2,E2-timing-duration,control,1009,NONE,,,,,,-1.0,0.33,1.0,5.0,1.0,COMPLETE,0.15888,0.0776599999999999,0.026355,0.01194,0.15888,0.026355,1.0,0.07766,0.01194,200000,31776,0.6775,499,280,310,469,484,1.0,0.15888,,150729,37150,5271,6850,3,17,70
news-source-strategies,RQ2,E2-timing-duration,control,1010,NONE,,,,,,-1.0,0.33,1.0,5.0,1.0,COMPLETE,0.15375,0.07576,0.0264849999999999,0.0040199999999999,0.15375,0.026485,1.0,0.07576,0.00402,200000,30750,0.64,497,320,353,451,497,1.0,0.15375,,114359,72960,5297,7384,4,9,67
news-source-strategies,RQ2,E2-timing-duration,control,1011,NONE,,,,,,-1.0,0.33,1.0,5.0,1.0,COMPLETE,0.08911,0.0547999999999999,0.00922,0.00282,0.08911,0.00922,1.0,0.0548,0.00282,200000,17822,0.695,426,235,252,340,368,1.0,0.08911,,192359,3004,1844,2793,3,11,78
news-source-strategies,RQ2,E2-timing-duration,control,1012,NONE,,,,,,-1.0,0.33,1.0,5.0,1.0,COMPLETE,0.12685,0.14018,0.01298,0.0134399999999999,0.12685,0.01298,1.0,0.14018,0.01344,200000,25370,0.64,467,249,279,334,398,1.0,0.12685,,186774,4347,2596,6283,9,17,142
news-source-strategies,RQ2,E2-timing-duration,control,1013,NONE,,,,,,-1.0,0.33,1.0,5.0,1.0,COMPLETE,0.08813,0.08674,0.00831,0.00708,0.08813,0.00831,1.0,0.08674,0.00708,200000,17626,0.6725,412,163,205,278,357,1.0,0.08813,,192870,3135,1662,2333,4,74,128
news-source-strategies,RQ2,E2-timing-duration,control,1014,NONE,,,,,,-1.0,0.33,1.0,5.0,1.0,COMPLETE,0.114545,0.0533,0.0116899999999999,0.0028399999999999,0.114545,0.01169,1.0,0.0533,0.00284,200000,22909,0.7075,457,275,306,326,392,1.0,0.114545,,189667,4425,2338,3570,3,13,148
news-source-strategies,RQ2,E2-timing-duration,control,1015,NONE,,,,,,-1.0,0.33,1.0,5.0,1.0,COMPLETE,0.12946,0.1321999999999999,0.01469,0.01062,0.12946,0.01469,1.0,0.1322,0.01062,200000,25892,0.6525,484,163,171,284,462,1.0,0.12946,,187496,5689,2938,3877,11,74,123
news-source-strategies,RQ2,E2-timing-duration,control,1016,NONE,,,,,,-1.0,0.33,1.0,5.0,1.0,COMPLETE,0.10884,0.11852,0.0117449999999999,0.0083,0.10884,0.011745,1.0,0.11852,0.0083,200000,21768,0.66,448,316,319,343,372,1.0,0.10884,,189810,3587,2349,4254,5,9,93
news-source-strategies,RQ2,E2-timing-duration,control,1017,NONE,,,,,,-1.0,0.33,1.0,5.0,1.0,COMPLETE,0.11431,0.13038,0.012355,0.00958,0.11431,0.012355,1.0,0.13038,0.00958,200000,22862,0.665,459,339,359,384,414,1.0,0.11431,,189824,4120,2471,3585,4,8,30
news-source-strategies,RQ2,E2-timing-duration,control,1018,NONE,,,,,,-1.0,0.33,1.0,5.0,1.0,COMPLETE,0.118185,0.08768,0.0119499999999999,0.00554,0.118185,0.01195,1.0,0.08768,0.00554,200000,23637,0.6625,457,304,306,334,430,1.0,0.118185,,189529,4727,2390,3354,4,8,105
news-source-strategies,RQ2,E2-timing-duration,control,1019,NONE,,,,,,-1.0,0.33,1.0,5.0,1.0,COMPLETE,0.09654,0.05504,0.0090899999999999,0.00332,0.09654,0.00909,1.0,0.05504,0.00332,200000,19308,0.6825,433,226,234,279,363,1.0,0.09654,,191720,3743,1818,2719,4,18,143
news-source-strategies,RQ2,E2-timing-duration,control,1020,NONE,,,,,,-1.0,0.33,1.0,5.0,1.0,COMPLETE,0.1057,0.12052,0.010685,0.0080399999999999,0.1057,0.010685,1.0,0.12052,0.00804,200000,21140,0.7025,440,303,314,348,368,1.0,0.1057,,188564,4053,2137,5246,7,11,68
news-source-strategies,RQ2,E2-timing-duration,control,1021,NONE,,,,,,-1.0,0.33,1.0,5.0,1.0,COMPLETE,0.1069,0.1547599999999999,0.012125,0.0159,0.1069,0.012125,1.0,0.15476,0.0159,200000,21380,0.685,464,307,316,337,386,1.0,0.1069,,187213,6078,2425,4284,6,15,122
news-source-strategies,RQ2,E2-timing-duration,control,1022,NONE,,,,,,-1.0,0.33,1.0,5.0,1.0,COMPLETE,0.11984,0.11984,0.01106,0.01196,0.11984,0.01106,1.0,0.11984,0.01196,200000,23968,0.675,448,201,208,275,358,1.0,0.11984,,191124,3849,2212,2815,5,60,171
news-source-strategies,RQ2,E2-timing-duration,control,1023,NONE,,,,,,-1.0,0.33,1.0,5.0,1.0,COMPLETE,0.134515,0.12536,0.012655,0.01056,0.134515,0.012655,1.0,0.12536,0.01056,200000,26903,0.6625,461,211,249,280,377,1.0,0.134515,,189664,4108,2531,3697,3,43,152
news-source-strategies,RQ2,E2-timing-duration,control,1024,NONE,,,,,,-1.0,0.33,1.0,5.0,1.0,COMPLETE,0.108275,0.1212999999999999,0.00924,0.00968,0.108275,0.00924,1.0,0.1213,0.00968,200000,21655,0.67,427,157,184,247,333,1.0,0.108275,,191922,3395,1848,2835,5,59,180
news-source-strategies,RQ2,E2-timing-duration,control,1025,NONE,,,,,,-1.0,0.33,1.0,5.0,1.0,COMPLETE,0.115725,0.0970999999999999,0.011375,0.00588,0.115725,0.011375,1.0,0.0971,0.00588,200000,23145,0.6525,458,330,348,379,424,1.0,0.115725,,187477,4174,2275,6074,9,16,42
news-source-strategies,RQ2,E2-timing-duration,control,1026,NONE,,,,,,-1.0,0.33,1.0,5.0,1.0,COMPLETE,0.094675,0.04406,0.012055,0.00222,0.094675,0.012055,1.0,0.04406,0.00222,200000,18935,0.6775,463,388,413,431,454,1.0,0.094675,,190120,4175,2411,3294,3,7,13
news-source-strategies,RQ2,E2-timing-duration,control,1027,NONE,,,,,,-1.0,0.33,1.0,5.0,1.0,COMPLETE,0.104495,0.0784599999999999,0.012645,0.0066,0.104495,0.012645,1.0,0.07846,0.0066,200000,20899,0.65,465,344,384,401,429,1.0,0.104495,,189267,4618,2529,3586,4,8,36
news-source-strategies,RQ2,E2-timing-duration,control,1028,NONE,,,,,,-1.0,0.33,1.0,5.0,1.0,COMPLETE,0.1321699999999999,0.18018,0.01588,0.0237,0.13217,0.01588,1.0,0.18018,0.0237,200000,26434,0.6325,475,289,351,377,400,1.0,0.1321699999999999,,187173,5249,3176,4402,4,8,54
news-source-strategies,RQ2,E2-timing-duration,control,1029,NONE,,,,,,-1.0,0.33,1.0,5.0,1.0,COMPLETE,0.0999,0.13196,0.00956,0.0141199999999999,0.0999,0.00956,1.0,0.13196,0.01412,200000,19980,0.6725,433,160,187,208,277,1.0,0.0999,,192024,3400,1912,2664,4,135,238
news-source-strategies,RQ2,E2-timing-duration,control,1030,NONE,,,,,,-1.0,0.33,1.0,5.0,1.0,COMPLETE,0.091325,0.0915,0.00999,0.0065,0.091325,0.00999,1.0,0.0915,0.0065,200000,18265,0.68,444,272,279,287,377,1.0,0.091325,,191190,4276,1998,2536,4,13,171
news-source-strategies,RQ2,E2-timing-duration,credibility_p1_d25,1001,CREDIBILITY_CAMOUFLAGE,TRADITIONAL_MEDIA,FAKE_NEWS_SOURCE,1.0,25.0,,-1.0,0.33,1.0,5.0,1.0,COMPLETE,0.10537,0.12434,0.0113599999999999,0.01132,0.10537,0.01136,1.0,0.12434,0.01132,200000,21074,0.6875,455,262,263,339,398,1.0,0.112,0.0927399999999999,191027,3607,2272,3094,3,10,127
news-source-strategies,RQ2,E2-timing-duration,credibility_p1_d25,1002,CREDIBILITY_CAMOUFLAGE,TRADITIONAL_MEDIA,FAKE_NEWS_SOURCE,1.0,25.0,,-1.0,0.33,1.0,5.0,1.0,COMPLETE,0.08181,0.04372,0.008545,0.00262,0.08181,0.008545,1.0,0.04372,0.00262,200000,16362,0.6875,429,272,284,318,348,1.0,0.12072,0.07656,192721,3024,1709,2546,3,7,123
news-source-strategies,RQ2,E2-timing-duration,credibility_p1_d25,1003,CREDIBILITY_CAMOUFLAGE,TRADITIONAL_MEDIA,FAKE_NEWS_SOURCE,1.0,25.0,,-1.0,0.33,1.0,5.0,1.0,COMPLETE,0.108265,0.13006,0.011675,0.00964,0.108265,0.011675,1.0,0.13006,0.00964,200000,21653,0.66,458,208,266,346,390,1.0,0.16744,0.09604,190117,4553,2335,2995,7,38,89
news-source-strategies,RQ2,E2-timing-duration,credibility_p1_d25,1004,CREDIBILITY_CAMOUFLAGE,TRADITIONAL_MEDIA,FAKE_NEWS_SOURCE,1.0,25.0,,-1.0,0.33,1.0,5.0,1.0,COMPLETE,0.12214,0.06578,0.0161,0.00538,0.12214,0.0161,1.0,0.06578,0.00538,200000,24428,0.6775,491,281,292,401,469,1.0,0.15408,0.14154,186664,5580,3220,4536,3,11,89
news-source-strategies,RQ2,E2-timing-duration,credibility_p1_d25,1005,CREDIBILITY_CAMOUFLAGE,TRADITIONAL_MEDIA,FAKE_NEWS_SOURCE,1.0,25.0,,-1.0,0.33,1.0,5.0,1.0,COMPLETE,0.13122,0.12162,0.015015,0.01262,0.13122,0.015015,1.0,0.12162,0.01262,200000,26244,0.65,477,344,370,406,418,1.0,0.23568,0.13692,187191,5458,3003,4348,3,9,35
news-source-strategies,RQ2,E2-timing-duration,credibility_p1_d25,1006,CREDIBILITY_CAMOUFLAGE,TRADITIONAL_MEDIA,FAKE_NEWS_SOURCE,1.0,25.0,,-1.0,0.33,1.0,5.0,1.0,COMPLETE,0.106235,0.0788,0.01356,0.00848,0.106235,0.01356,1.0,0.0788,0.00848,200000,21247,0.6675,480,363,396,436,451,1.0,0.24712,0.12978,186907,3974,2712,6407,8,13,24
news-source-strategies,RQ2,E2-timing-duration,credibility_p1_d25,1007,CREDIBILITY_CAMOUFLAGE,TRADITIONAL_MEDIA,FAKE_NEWS_SOURCE,1.0,25.0,,-1.0,0.33,1.0,5.0,1.0,COMPLETE,0.147165,0.05736,0.02493,0.0059,0.147165,0.02493,1.0,0.05736,0.0059,200000,29433,0.6975,500,397,478,496,499,1.0,0.27432,0.2108199999999999,169263,18686,4986,7065,4,9,18
news-source-strategies,RQ2,E2-timing-duration,credibility_p1_d25,1008,CREDIBILITY_CAMOUFLAGE,TRADITIONAL_MEDIA,FAKE_NEWS_SOURCE,1.0,25.0,,-1.0,0.33,1.0,5.0,1.0,COMPLETE,0.124205,0.11724,0.01607,0.01208,0.124205,0.01607,1.0,0.11724,0.01208,200000,24841,0.6625,494,370,415,430,466,1.0,0.20104,0.11222,187036,5308,3214,4442,3,8,26
news-source-strategies,RQ2,E2-timing-duration,credibility_p1_d25,1009,CREDIBILITY_CAMOUFLAGE,TRADITIONAL_MEDIA,FAKE_NEWS_SOURCE,1.0,25.0,,-1.0,0.33,1.0,5.0,1.0,COMPLETE,0.15881,0.0776599999999999,0.0264,0.01194,0.15881,0.0264,1.0,0.07766,0.01194,200000,31762,0.6775,499,285,315,469,484,1.0,0.2144799999999999,0.1917599999999999,150720,37181,5280,6819,3,16,70
news-source-strategies,RQ2,E2-timing-duration,credibility_p1_d25,1010,CREDIBILITY_CAMOUFLAGE,TRADITIONAL_MEDIA,FAKE_NEWS_SOURCE,1.0,25.0,,-1.0,0.33,1.0,5.0,1.0,COMPLETE,0.15372,0.07576,0.026275,0.0040199999999999,0.15372,0.026275,1.0,0.07576,0.00402,200000,30744,0.64,497,328,359,451,497,1.0,0.20832,0.2073,114171,73239,5255,7335,4,9,62
news-source-strategies,RQ2,E2-timing-duration,credibility_p1_d25,1011,CREDIBILITY_CAMOUFLAGE,TRADITIONAL_MEDIA,FAKE_NEWS_SOURCE,1.0,25.0,,-1.0,0.33,1.0,5.0,1.0,COMPLETE,0.088995,0.0547599999999999,0.00924,0.00278,0.088995,0.00924,1.0,0.05476,0.00278,200000,17799,0.695,426,238,256,340,367,1.0,0.13688,0.13496,192438,2967,1848,2747,3,11,76
news-source-strategies,RQ2,E2-timing-duration,credibility_p1_d25,1012,CREDIBILITY_CAMOUFLAGE,TRADITIONAL_MEDIA,FAKE_NEWS_SOURCE,1.0,25.0,,-1.0,0.33,1.0,5.0,1.0,COMPLETE,0.126805,0.1402,0.01293,0.0134399999999999,0.126805,0.01293,1.0,0.1402,0.01344,200000,25361,0.64,467,253,281,336,399,1.0,0.12312,0.1345,186824,4324,2586,6266,9,16,142
news-source-strategies,RQ2,E2-timing-duration,credibility_p1_d25,1013,CREDIBILITY_CAMOUFLAGE,TRADITIONAL_MEDIA,FAKE_NEWS_SOURCE,1.0,25.0,,-1.0,0.33,1.0,5.0,1.0,COMPLETE,0.087935,0.08672,0.00807,0.00696,0.087935,0.00807,1.0,0.08672,0.00696,200000,17587,0.6725,411,166,201,276,355,1.0,0.06096,0.1215,192970,3100,1614,2316,4,74,128
news-source-strategies,RQ2,E2-timing-duration,credibility_p1_d25,1014,CREDIBILITY_CAMOUFLAGE,TRADITIONAL_MEDIA,FAKE_NEWS_SOURCE,1.0,25.0,,-1.0,0.33,1.0,5.0,1.0,COMPLETE,0.114955,0.05324,0.01228,0.00278,0.114955,0.01228,1.0,0.05324,0.00278,200000,22991,0.7075,466,293,325,345,405,1.0,0.22376,0.08666,189502,4419,2456,3623,3,11,129
news-source-strategies,RQ2,E2-timing-duration,credibility_p1_d25,1015,CREDIBILITY_CAMOUFLAGE,TRADITIONAL_MEDIA,FAKE_NEWS_SOURCE,1.0,25.0,,-1.0,0.33,1.0,5.0,1.0,COMPLETE,0.12957,0.13222,0.014815,0.01062,0.12957,0.014815,1.0,0.13222,0.01062,200000,25914,0.6525,484,169,177,290,462,1.0,0.14408,0.16854,187390,5752,2963,3895,11,73,123
news-source-strategies,RQ2,E2-timing-duration,credibility_p1_d25,1016,CREDIBILITY_CAMOUFLAGE,TRADITIONAL_MEDIA,FAKE_NEWS_SOURCE,1.0,25.0,,-1.0,0.33,1.0,5.0,1.0,COMPLETE,0.1086149999999999,0.11846,0.01147,0.00822,0.108615,0.01147,1.0,0.11846,0.00822,200000,21723,0.66,449,318,321,343,373,1.0,0.2471999999999999,0.08044,189855,3630,2294,4221,5,9,93
news-source-strategies,RQ2,E2-timing-duration,credibility_p1_d25,1017,CREDIBILITY_CAMOUFLAGE,TRADITIONAL_MEDIA,FAKE_NEWS_SOURCE,1.0,25.0,,-1.0,0.33,1.0,5.0,1.0,COMPLETE,0.11414,0.13044,0.012425,0.00966,0.11414,0.012425,1.0,0.13044,0.00966,200000,22828,0.665,463,343,358,386,415,1.0,0.20616,0.1009,189875,4067,2485,3573,4,8,29
news-source-strategies,RQ2,E2-timing-duration,credibility_p1_d25,1018,CREDIBILITY_CAMOUFLAGE,TRADITIONAL_MEDIA,FAKE_NEWS_SOURCE,1.0,25.0,,-1.0,0.33,1.0,5.0,1.0,COMPLETE,0.1182349999999999,0.08768,0.0119849999999999,0.00554,0.118235,0.011985,1.0,0.08768,0.00554,200000,23647,0.6625,459,314,317,341,433,1.0,0.18464,0.1301399999999999,189598,4636,2397,3369,4,8,105
news-source-strategies,RQ2,E2-timing-duration,credibility_p1_d25,1019,CREDIBILITY_CAMOUFLAGE,TRADITIONAL_MEDIA,FAKE_NEWS_SOURCE,1.0,25.0,,-1.0,0.33,1.0,5.0,1.0,COMPLETE,0.096625,0.05518,0.00919,0.00348,0.096625,0.00919,1.0,0.05518,0.00348,200000,19325,0.6825,436,237,245,286,367,1.0,0.17176,0.0869,191690,3779,1838,2693,4,17,142
news-source-strategies,RQ2,E2-timing-duration,credibility_p1_d25,1020,CREDIBILITY_CAMOUFLAGE,TRADITIONAL_MEDIA,FAKE_NEWS_SOURCE,1.0,25.0,,-1.0,0.33,1.0,5.0,1.0,COMPLETE,0.10522,0.12052,0.01052,0.00808,0.10522,0.01052,1.0,0.12052,0.00808,200000,21044,0.7025,444,316,323,356,374,1.0,0.1864,0.0708,188840,3865,2104,5191,7,11,55
news-source-strategies,RQ2,E2-timing-duration,credibility_p1_d25,1021,CREDIBILITY_CAMOUFLAGE,TRADITIONAL_MEDIA,FAKE_NEWS_SOURCE,1.0,25.0,,-1.0,0.33,1.0,5.0,1.0,COMPLETE,0.10712,0.1548,0.0125,0.01588,0.10712,0.0125,1.0,0.1548,0.01588,200000,21424,0.685,465,322,335,353,399,1.0,0.1756,0.09004,187194,5989,2500,4317,6,15,98
news-source-strategies,RQ2,E2-timing-duration,credibility_p1_d25,1022,CREDIBILITY_CAMOUFLAGE,TRADITIONAL_MEDIA,FAKE_NEWS_SOURCE,1.0,25.0,,-1.0,0.33,1.0,5.0,1.0,COMPLETE,0.119655,0.11982,0.01094,0.0119,0.119655,0.01094,1.0,0.11982,0.0119,200000,23931,0.675,447,199,206,273,357,1.0,0.2016,0.08998,191270,3776,2188,2766,5,60,171
news-source-strategies,RQ2,E2-timing-duration,credibility_p1_d25,1023,CREDIBILITY_CAMOUFLAGE,TRADITIONAL_MEDIA,FAKE_NEWS_SOURCE,1.0,25.0,,-1.0,0.33,1.0,5.0,1.0,COMPLETE,0.1345,0.12536,0.01278,0.01056,0.1345,0.01278,1.0,0.12536,0.01056,200000,26900,0.6625,462,219,257,288,381,1.0,0.14624,0.10718,189643,4149,2556,3652,3,38,151
news-source-strategies,RQ2,E2-timing-duration,credibility_p1_d25,1024,CREDIBILITY_CAMOUFLAGE,TRADITIONAL_MEDIA,FAKE_NEWS_SOURCE,1.0,25.0,,-1.0,0.33,1.0,5.0,1.0,COMPLETE,0.107985,0.1212999999999999,0.009195,0.00968,0.107985,0.009195,1.0,0.1213,0.00968,200000,21597,0.67,428,155,184,246,333,1.0,0.10144,0.09962,192063,3340,1839,2758,5,59,180
news-source-strategies,RQ2,E2-timing-duration,credibility_p1_d25,1025,CREDIBILITY_CAMOUFLAGE,TRADITIONAL_MEDIA,FAKE_NEWS_SOURCE,1.0,25.0,,-1.0,0.33,1.0,5.0,1.0,COMPLETE,0.115225,0.09716,0.011175,0.00592,0.115225,0.011175,1.0,0.09716,0.00592,200000,23045,0.6525,454,317,337,372,418,1.0,0.2006399999999999,0.08284,187798,4026,2235,5941,9,16,70
news-source-strategies,RQ2,E2-timing-duration,credibility_p1_d25,1026,CREDIBILITY_CAMOUFLAGE,TRADITIONAL_MEDIA,FAKE_NEWS_SOURCE,1.0,25.0,,-1.0,0.33,1.0,5.0,1.0,COMPLETE,0.09394,0.04416,0.011555,0.00232,0.09394,0.011555,1.0,0.04416,0.00232,200000,18788,0.6775,470,397,411,430,458,1.0,0.2184799999999999,0.10228,190449,4067,2311,3173,4,6,13
news-source-strategies,RQ2,E2-timing-duration,credibility_p1_d25,1027,CREDIBILITY_CAMOUFLAGE,TRADITIONAL_MEDIA,FAKE_NEWS_SOURCE,1.0,25.0,,-1.0,0.33,1.0,5.0,1.0,COMPLETE,0.105215,0.07848,0.013195,0.00662,0.105215,0.013195,1.0,0.07848,0.00662,200000,21043,0.65,469,364,399,411,439,1.0,0.20784,0.13866,188989,4728,2639,3644,4,8,18
news-source-strategies,RQ2,E2-timing-duration,credibility_p1_d25,1028,CREDIBILITY_CAMOUFLAGE,TRADITIONAL_MEDIA,FAKE_NEWS_SOURCE,1.0,25.0,,-1.0,0.33,1.0,5.0,1.0,COMPLETE,0.131925,0.18018,0.01588,0.0237,0.131925,0.01588,1.0,0.18018,0.0237,200000,26385,0.6325,475,297,354,379,400,1.0,0.17096,0.11044,187371,5130,3176,4323,4,8,52
news-source-strategies,RQ2,E2-timing-duration,credibility_p1_d25,1029,CREDIBILITY_CAMOUFLAGE,TRADITIONAL_MEDIA,FAKE_NEWS_SOURCE,1.0,25.0,,-1.0,0.33,1.0,5.0,1.0,COMPLETE,0.100085,0.13196,0.00973,0.0141199999999999,0.100085,0.00973,1.0,0.13196,0.01412,200000,20017,0.6725,436,173,199,217,285,1.0,0.10936,0.04418,191991,3405,1946,2658,4,129,236
news-source-strategies,RQ2,E2-timing-duration,credibility_p1_d25,1030,CREDIBILITY_CAMOUFLAGE,TRADITIONAL_MEDIA,FAKE_NEWS_SOURCE,1.0,25.0,,-1.0,0.33,1.0,5.0,1.0,COMPLETE,0.09111,0.09156,0.010045,0.00652,0.09111,0.010045,1.0,0.09156,0.00652,200000,18222,0.68,447,283,298,304,382,1.0,0.21008,0.04534,191334,4103,2009,2554,4,13,136
news-source-strategies,RQ2,E2-timing-duration,credibility_p1_d100,1001,CREDIBILITY_CAMOUFLAGE,TRADITIONAL_MEDIA,FAKE_NEWS_SOURCE,1.0,100.0,,-1.0,0.33,1.0,5.0,1.0,COMPLETE,0.10536,0.12432,0.011465,0.0113,0.10536,0.011465,1.0,0.12432,0.0113,200000,21072,0.6875,456,262,263,345,403,1.0,0.11984,0.10892,191054,3586,2293,3067,3,10,98
news-source-strategies,RQ2,E2-timing-duration,credibility_p1_d100,1002,CREDIBILITY_CAMOUFLAGE,TRADITIONAL_MEDIA,FAKE_NEWS_SOURCE,1.0,100.0,,-1.0,0.33,1.0,5.0,1.0,COMPLETE,0.081635,0.04372,0.00844,0.00262,0.081635,0.00844,1.0,0.04372,0.00262,200000,16327,0.6875,428,272,283,318,348,1.0,0.09554,0.0642399999999999,192850,2972,1688,2490,3,7,123
news-source-strategies,RQ2,E2-timing-duration,credibility_p1_d100,1003,CREDIBILITY_CAMOUFLAGE,TRADITIONAL_MEDIA,FAKE_NEWS_SOURCE,1.0,100.0,,-1.0,0.33,1.0,5.0,1.0,COMPLETE,0.10814,0.13006,0.011775,0.00964,0.10814,0.011775,1.0,0.13006,0.00964,200000,21628,0.66,458,208,269,346,391,1.0,0.13692,0.08938,190169,4514,2355,2962,7,38,89
news-source-strategies,RQ2,E2-timing-duration,credibility_p1_d100,1004,CREDIBILITY_CAMOUFLAGE,TRADITIONAL_MEDIA,FAKE_NEWS_SOURCE,1.0,100.0,,-1.0,0.33,1.0,5.0,1.0,COMPLETE,0.123405,0.06578,0.017065,0.00538,0.123405,0.017065,1.0,0.06578,0.00538,200000,24681,0.6775,492,281,292,410,469,1.0,0.13494,0.1488,185926,5931,3413,4730,3,11,89
news-source-strategies,RQ2,E2-timing-duration,credibility_p1_d100,1005,CREDIBILITY_CAMOUFLAGE,TRADITIONAL_MEDIA,FAKE_NEWS_SOURCE,1.0,100.0,,-1.0,0.33,1.0,5.0,1.0,COMPLETE,0.13152,0.1216,0.015465,0.01262,0.13152,0.015465,1.0,0.1216,0.01262,200000,26304,0.65,479,344,375,419,429,1.0,0.16516,0.0752,187096,5465,3093,4346,3,9,36
news-source-strategies,RQ2,E2-timing-duration,credibility_p1_d100,1006,CREDIBILITY_CAMOUFLAGE,TRADITIONAL_MEDIA,FAKE_NEWS_SOURCE,1.0,100.0,,-1.0,0.33,1.0,5.0,1.0,COMPLETE,0.106945,0.0788199999999999,0.014355,0.00848,0.106945,0.014355,1.0,0.07882,0.00848,200000,21389,0.6675,480,363,403,444,459,1.0,0.17336,0.08702,186570,4087,2871,6472,8,13,24
news-source-strategies,RQ2,E2-timing-duration,credibility_p1_d100,1007,CREDIBILITY_CAMOUFLAGE,TRADITIONAL_MEDIA,FAKE_NEWS_SOURCE,1.0,100.0,,-1.0,0.33,1.0,5.0,1.0,COMPLETE,0.1464099999999999,0.05738,0.025055,0.0059,0.14641,0.025055,1.0,0.05738,0.0059,200000,29282,0.6975,500,397,476,492,496,1.0,0.24508,0.13768,170107,18179,5011,6703,4,9,18
news-source-strategies,RQ2,E2-timing-duration,credibility_p1_d100,1008,CREDIBILITY_CAMOUFLAGE,TRADITIONAL_MEDIA,FAKE_NEWS_SOURCE,1.0,100.0,,-1.0,0.33,1.0,5.0,1.0,COMPLETE,0.124215,0.11722,0.016225,0.01208,0.124215,0.016225,1.0,0.11722,0.01208,200000,24843,0.6625,494,370,416,432,467,1.0,0.14084,0.11986,187072,5257,3245,4426,3,8,26
news-source-strategies,RQ2,E2-timing-duration,credibility_p1_d100,1009,CREDIBILITY_CAMOUFLAGE,TRADITIONAL_MEDIA,FAKE_NEWS_SOURCE,1.0,100.0,,-1.0,0.33,1.0,5.0,1.0,COMPLETE,0.1588149999999999,0.0776599999999999,0.02673,0.01194,0.158815,0.02673,1.0,0.07766,0.01194,200000,31763,0.6775,500,285,315,478,490,1.0,0.2134,0.1079,150497,37338,5346,6819,3,16,70
news-source-strategies,RQ2,E2-timing-duration,credibility_p1_d100,1010,CREDIBILITY_CAMOUFLAGE,TRADITIONAL_MEDIA,FAKE_NEWS_SOURCE,1.0,100.0,,-1.0,0.33,1.0,5.0,1.0,COMPLETE,0.15439,0.0758799999999999,0.027515,0.00412,0.15439,0.027515,1.0,0.07588,0.00412,200000,30878,0.64,499,328,359,466,498,1.0,0.18972,0.2491999999999999,114836,72266,5503,7395,4,9,62
news-source-strategies,RQ2,E2-timing-duration,credibility_p1_d100,1011,CREDIBILITY_CAMOUFLAGE,TRADITIONAL_MEDIA,FAKE_NEWS_SOURCE,1.0,100.0,,-1.0,0.33,1.0,5.0,1.0,COMPLETE,0.088775,0.0547599999999999,0.0089199999999999,0.00278,0.088775,0.00892,1.0,0.05476,0.00278,200000,17755,0.695,426,238,256,341,368,1.0,0.13558,0.07414,192670,2880,1784,2666,3,11,78
news-source-strategies,RQ2,E2-timing-duration,credibility_p1_d100,1012,CREDIBILITY_CAMOUFLAGE,TRADITIONAL_MEDIA,FAKE_NEWS_SOURCE,1.0,100.0,,-1.0,0.33,1.0,5.0,1.0,COMPLETE,0.12695,0.1402,0.01317,0.0134399999999999,0.12695,0.01317,1.0,0.1402,0.01344,200000,25390,0.64,469,253,280,339,404,1.0,0.14144,0.13384,186818,4310,2634,6238,9,16,120
news-source-strategies,RQ2,E2-timing-duration,credibility_p1_d100,1013,CREDIBILITY_CAMOUFLAGE,TRADITIONAL_MEDIA,FAKE_NEWS_SOURCE,1.0,100.0,,-1.0,0.33,1.0,5.0,1.0,COMPLETE,0.087905,0.08672,0.008145,0.00698,0.087905,0.008145,1.0,0.08672,0.00698,200000,17581,0.6725,411,166,201,280,357,1.0,0.1042,0.1174,193052,3039,1629,2280,4,74,128
news-source-strategies,RQ2,E2-timing-duration,credibility_p1_d100,1014,CREDIBILITY_CAMOUFLAGE,TRADITIONAL_MEDIA,FAKE_NEWS_SOURCE,1.0,100.0,,-1.0,0.33,1.0,5.0,1.0,COMPLETE,0.114855,0.05324,0.012185,0.00278,0.114855,0.012185,1.0,0.05324,0.00278,200000,22971,0.7075,466,293,325,345,405,1.0,0.13124,0.12304,189613,4368,2437,3582,3,11,129
news-source-strategies,RQ2,E2-timing-duration,credibility_p1_d100,1015,CREDIBILITY_CAMOUFLAGE,TRADITIONAL_MEDIA,FAKE_NEWS_SOURCE,1.0,100.0,,-1.0,0.33,1.0,5.0,1.0,COMPLETE,0.129455,0.13226,0.01496,0.0107,0.129455,0.01496,1.0,0.13226,0.0107,200000,25891,0.6525,484,169,177,294,463,1.0,0.15524,0.1866999999999999,187407,5766,2992,3835,11,73,120
news-source-strategies,RQ2,E2-timing-duration,credibility_p1_d100,1016,CREDIBILITY_CAMOUFLAGE,TRADITIONAL_MEDIA,FAKE_NEWS_SOURCE,1.0,100.0,,-1.0,0.33,1.0,5.0,1.0,COMPLETE,0.108555,0.11846,0.0115,0.00824,0.108555,0.0115,1.0,0.11846,0.00824,200000,21711,0.66,449,318,321,343,373,1.0,0.12056,0.07508,189910,3595,2300,4195,5,9,93
news-source-strategies,RQ2,E2-timing-duration,credibility_p1_d100,1017,CREDIBILITY_CAMOUFLAGE,TRADITIONAL_MEDIA,FAKE_NEWS_SOURCE,1.0,100.0,,-1.0,0.33,1.0,5.0,1.0,COMPLETE,0.11403,0.1304199999999999,0.01238,0.00966,0.11403,0.01238,1.0,0.13042,0.00966,200000,22806,0.665,463,343,358,386,415,1.0,0.14054,0.0868,189965,4020,2476,3539,4,8,29
news-source-strategies,RQ2,E2-timing-duration,credibility_p1_d100,1018,CREDIBILITY_CAMOUFLAGE,TRADITIONAL_MEDIA,FAKE_NEWS_SOURCE,1.0,100.0,,-1.0,0.33,1.0,5.0,1.0,COMPLETE,0.11823,0.08768,0.011925,0.00554,0.11823,0.011925,1.0,0.08768,0.00554,200000,23646,0.6625,459,314,317,341,433,1.0,0.10994,0.17628,189639,4621,2385,3355,4,8,105
news-source-strategies,RQ2,E2-timing-duration,credibility_p1_d100,1019,CREDIBILITY_CAMOUFLAGE,TRADITIONAL_MEDIA,FAKE_NEWS_SOURCE,1.0,100.0,,-1.0,0.33,1.0,5.0,1.0,COMPLETE,0.09664,0.05526,0.00925,0.00354,0.09664,0.00925,1.0,0.05526,0.00354,200000,19328,0.6825,436,237,245,286,367,1.0,0.12944,0.09902,191736,3749,1850,2665,4,17,142
news-source-strategies,RQ2,E2-timing-duration,credibility_p1_d100,1020,CREDIBILITY_CAMOUFLAGE,TRADITIONAL_MEDIA,FAKE_NEWS_SOURCE,1.0,100.0,,-1.0,0.33,1.0,5.0,1.0,COMPLETE,0.10513,0.12052,0.010465,0.00808,0.10513,0.010465,1.0,0.12052,0.00808,200000,21026,0.7025,445,316,323,357,375,1.0,0.11698,0.05374,188888,3842,2093,5177,7,11,55
news-source-strategies,RQ2,E2-timing-duration,credibility_p1_d100,1021,CREDIBILITY_CAMOUFLAGE,TRADITIONAL_MEDIA,FAKE_NEWS_SOURCE,1.0,100.0,,-1.0,0.33,1.0,5.0,1.0,COMPLETE,0.107075,0.1548,0.0126,0.01588,0.107075,0.0126,1.0,0.1548,0.01588,200000,21415,0.685,465,322,335,353,402,1.0,0.10062,0.10926,187224,5967,2520,4289,6,15,98
news-source-strategies,RQ2,E2-timing-duration,credibility_p1_d100,1022,CREDIBILITY_CAMOUFLAGE,TRADITIONAL_MEDIA,FAKE_NEWS_SOURCE,1.0,100.0,,-1.0,0.33,1.0,5.0,1.0,COMPLETE,0.119525,0.11982,0.010995,0.0119,0.119525,0.010995,1.0,0.11982,0.0119,200000,23905,0.675,447,199,206,272,357,1.0,0.13902,0.12186,191384,3703,2199,2714,5,60,171
news-source-strategies,RQ2,E2-timing-duration,credibility_p1_d100,1023,CREDIBILITY_CAMOUFLAGE,TRADITIONAL_MEDIA,FAKE_NEWS_SOURCE,1.0,100.0,,-1.0,0.33,1.0,5.0,1.0,COMPLETE,0.13436,0.12536,0.01278,0.01056,0.13436,0.01278,1.0,0.12536,0.01056,200000,26872,0.6625,463,219,259,292,382,1.0,0.12192,0.1381,189654,4132,2556,3658,3,38,151
news-source-strategies,RQ2,E2-timing-duration,credibility_p1_d100,1024,CREDIBILITY_CAMOUFLAGE,TRADITIONAL_MEDIA,FAKE_NEWS_SOURCE,1.0,100.0,,-1.0,0.33,1.0,5.0,1.0,COMPLETE,0.1081599999999999,0.1212999999999999,0.00938,0.00968,0.10816,0.00938,1.0,0.1213,0.00968,200000,21632,0.67,430,155,184,253,337,1.0,0.103,0.1215199999999999,192012,3338,1876,2774,5,58,180
news-source-strategies,RQ2,E2-timing-duration,credibility_p1_d100,1025,CREDIBILITY_CAMOUFLAGE,TRADITIONAL_MEDIA,FAKE_NEWS_SOURCE,1.0,100.0,,-1.0,0.33,1.0,5.0,1.0,COMPLETE,0.11502,0.09716,0.01119,0.00592,0.11502,0.01119,1.0,0.09716,0.00592,200000,23004,0.6525,455,317,337,375,420,1.0,0.1211599999999999,0.1321399999999999,187944,3905,2238,5913,9,16,70
news-source-strategies,RQ2,E2-timing-duration,credibility_p1_d100,1026,CREDIBILITY_CAMOUFLAGE,TRADITIONAL_MEDIA,FAKE_NEWS_SOURCE,1.0,100.0,,-1.0,0.33,1.0,5.0,1.0,COMPLETE,0.093935,0.04416,0.01166,0.00232,0.093935,0.01166,1.0,0.04416,0.00232,200000,18787,0.6775,471,397,412,432,460,1.0,0.15668,0.0905199999999999,190484,4035,2332,3149,4,7,13
news-source-strategies,RQ2,E2-timing-duration,credibility_p1_d100,1027,CREDIBILITY_CAMOUFLAGE,TRADITIONAL_MEDIA,FAKE_NEWS_SOURCE,1.0,100.0,,-1.0,0.33,1.0,5.0,1.0,COMPLETE,0.10522,0.07848,0.013255,0.00662,0.10522,0.013255,1.0,0.07848,0.00662,200000,21044,0.65,470,364,401,413,441,1.0,0.1482,0.10898,189026,4710,2651,3613,4,8,19
news-source-strategies,RQ2,E2-timing-duration,credibility_p1_d100,1028,CREDIBILITY_CAMOUFLAGE,TRADITIONAL_MEDIA,FAKE_NEWS_SOURCE,1.0,100.0,,-1.0,0.33,1.0,5.0,1.0,COMPLETE,0.132025,0.18018,0.016085,0.0237,0.132025,0.016085,1.0,0.18018,0.0237,200000,26405,0.6325,476,297,361,384,405,1.0,0.15338,0.07576,187440,5061,3217,4282,4,8,47
news-source-strategies,RQ2,E2-timing-duration,credibility_p1_d100,1029,CREDIBILITY_CAMOUFLAGE,TRADITIONAL_MEDIA,FAKE_NEWS_SOURCE,1.0,100.0,,-1.0,0.33,1.0,5.0,1.0,COMPLETE,0.099935,0.13196,0.00965,0.0141199999999999,0.099935,0.00965,1.0,0.13196,0.01412,200000,19987,0.6725,436,173,199,217,285,1.0,0.07092,0.08626,192063,3385,1930,2622,4,129,236
news-source-strategies,RQ2,E2-timing-duration,credibility_p1_d100,1030,CREDIBILITY_CAMOUFLAGE,TRADITIONAL_MEDIA,FAKE_NEWS_SOURCE,1.0,100.0,,-1.0,0.33,1.0,5.0,1.0,COMPLETE,0.09112,0.09156,0.01007,0.00652,0.09112,0.01007,1.0,0.09156,0.00652,200000,18224,0.68,447,283,298,304,382,1.0,0.0771599999999999,0.1191,191352,4090,2014,2544,4,13,136
news-source-strategies,RQ2,E2-timing-duration,credibility_p1_permanent,1001,CREDIBILITY_CAMOUFLAGE,TRADITIONAL_MEDIA,FAKE_NEWS_SOURCE,1.0,-1.0,,-1.0,0.33,1.0,5.0,1.0,COMPLETE,0.105265,0.1248799999999999,0.0116199999999999,0.01208,0.105265,0.01162,1.0,0.12488,0.01208,200000,21053,0.6875,459,262,263,345,404,1.0,0.105265,,191275,3437,2324,2964,3,11,98
news-source-strategies,RQ2,E2-timing-duration,credibility_p1_permanent,1002,CREDIBILITY_CAMOUFLAGE,TRADITIONAL_MEDIA,FAKE_NEWS_SOURCE,1.0,-1.0,,-1.0,0.33,1.0,5.0,1.0,COMPLETE,0.081615,0.0437,0.008605,0.00276,0.081615,0.008605,1.0,0.0437,0.00276,200000,16323,0.6875,432,272,283,318,348,1.0,0.081615,,192966,2842,1721,2471,3,8,152
news-source-strategies,RQ2,E2-timing-duration,credibility_p1_permanent,1003,CREDIBILITY_CAMOUFLAGE,TRADITIONAL_MEDIA,FAKE_NEWS_SOURCE,1.0,-1.0,,-1.0,0.33,1.0,5.0,1.0,COMPLETE,0.10817,0.13066,0.01202,0.01076,0.10817,0.01202,1.0,0.13066,0.01076,200000,21634,0.66,459,208,269,346,393,1.0,0.10817,,190129,4536,2404,2931,7,38,98
news-source-strategies,RQ2,E2-timing-duration,credibility_p1_permanent,1004,CREDIBILITY_CAMOUFLAGE,TRADITIONAL_MEDIA,FAKE_NEWS_SOURCE,1.0,-1.0,,-1.0,0.33,1.0,5.0,1.0,COMPLETE,0.1219249999999999,0.06516,0.01669,0.00508,0.121925,0.01669,1.0,0.06516,0.00508,200000,24385,0.6775,494,281,292,410,473,1.0,0.1219249999999999,,186817,5432,3338,4413,3,11,89
news-source-strategies,RQ2,E2-timing-duration,credibility_p1_permanent,1005,CREDIBILITY_CAMOUFLAGE,TRADITIONAL_MEDIA,FAKE_NEWS_SOURCE,1.0,-1.0,,-1.0,0.33,1.0,5.0,1.0,COMPLETE,0.1316999999999999,0.12212,0.0160599999999999,0.01396,0.1317,0.01606,1.0,0.12212,0.01396,200000,26340,0.65,479,344,375,419,430,1.0,0.1316999999999999,,187145,5338,3212,4305,3,9,36
news-source-strategies,RQ2,E2-timing-duration,credibility_p1_permanent,1006,CREDIBILITY_CAMOUFLAGE,TRADITIONAL_MEDIA,FAKE_NEWS_SOURCE,1.0,-1.0,,-1.0,0.33,1.0,5.0,1.0,COMPLETE,0.106815,0.07904,0.01441,0.00826,0.106815,0.01441,1.0,0.07904,0.00826,200000,21363,0.6675,479,363,403,444,459,1.0,0.106815,,186678,4014,2882,6426,8,13,24
news-source-strategies,RQ2,E2-timing-duration,credibility_p1_permanent,1007,CREDIBILITY_CAMOUFLAGE,TRADITIONAL_MEDIA,FAKE_NEWS_SOURCE,1.0,-1.0,,-1.0,0.33,1.0,5.0,1.0,COMPLETE,0.14661,0.05678,0.025715,0.00566,0.14661,0.025715,1.0,0.05678,0.00566,200000,29322,0.6975,499,397,476,492,497,1.0,0.14661,,170183,18048,5143,6626,4,9,18
news-source-strategies,RQ2,E2-timing-duration,credibility_p1_permanent,1008,CREDIBILITY_CAMOUFLAGE,TRADITIONAL_MEDIA,FAKE_NEWS_SOURCE,1.0,-1.0,,-1.0,0.33,1.0,5.0,1.0,COMPLETE,0.12403,0.11664,0.016545,0.01312,0.12403,0.016545,1.0,0.11664,0.01312,200000,24806,0.6625,496,370,416,432,470,1.0,0.12403,,187305,5068,3309,4318,3,8,26
news-source-strategies,RQ2,E2-timing-duration,credibility_p1_permanent,1009,CREDIBILITY_CAMOUFLAGE,TRADITIONAL_MEDIA,FAKE_NEWS_SOURCE,1.0,-1.0,,-1.0,0.33,1.0,5.0,1.0,COMPLETE,0.15887,0.07764,0.02717,0.01182,0.15887,0.02717,1.0,0.07764,0.01182,200000,31774,0.6775,499,285,315,478,489,1.0,0.15887,,150721,37253,5434,6592,3,16,70
news-source-strategies,RQ2,E2-timing-duration,credibility_p1_permanent,1010,CREDIBILITY_CAMOUFLAGE,TRADITIONAL_MEDIA,FAKE_NEWS_SOURCE,1.0,-1.0,,-1.0,0.33,1.0,5.0,1.0,COMPLETE,0.157585,0.0758799999999999,0.030125,0.00424,0.157585,0.030125,1.0,0.07588,0.00424,200000,31517,0.64,499,328,359,466,499,1.0,0.157585,,113508,72772,6025,7695,4,9,62
news-source-strategies,RQ2,E2-timing-duration,credibility_p1_permanent,1011,CREDIBILITY_CAMOUFLAGE,TRADITIONAL_MEDIA,FAKE_NEWS_SOURCE,1.0,-1.0,,-1.0,0.33,1.0,5.0,1.0,COMPLETE,0.08866,0.0546599999999999,0.008915,0.0028599999999999,0.08866,0.008915,1.0,0.05466,0.00286,200000,17732,0.695,426,238,256,341,368,1.0,0.08866,,192817,2803,1783,2597,3,11,78
news-source-strategies,RQ2,E2-timing-duration,credibility_p1_permanent,1012,CREDIBILITY_CAMOUFLAGE,TRADITIONAL_MEDIA,FAKE_NEWS_SOURCE,1.0,-1.0,,-1.0,0.33,1.0,5.0,1.0,COMPLETE,0.127185,0.14074,0.0136999999999999,0.01428,0.127185,0.0137,1.0,0.14074,0.01428,200000,25437,0.64,473,253,280,339,406,1.0,0.127185,,186830,4230,2740,6200,9,17,120
news-source-strategies,RQ2,E2-timing-duration,credibility_p1_permanent,1013,CREDIBILITY_CAMOUFLAGE,TRADITIONAL_MEDIA,FAKE_NEWS_SOURCE,1.0,-1.0,,-1.0,0.33,1.0,5.0,1.0,COMPLETE,0.08791,0.08666,0.008535,0.00752,0.08791,0.008535,1.0,0.08666,0.00752,200000,17582,0.6725,414,166,201,280,363,1.0,0.08791,,193128,2979,1707,2186,4,74,128
news-source-strategies,RQ2,E2-timing-duration,credibility_p1_permanent,1014,CREDIBILITY_CAMOUFLAGE,TRADITIONAL_MEDIA,FAKE_NEWS_SOURCE,1.0,-1.0,,-1.0,0.33,1.0,5.0,1.0,COMPLETE,0.115185,0.0531,0.012695,0.00274,0.115185,0.012695,1.0,0.0531,0.00274,200000,23037,0.7075,466,293,325,345,405,1.0,0.115185,,189757,4211,2539,3493,3,11,129
news-source-strategies,RQ2,E2-timing-duration,credibility_p1_permanent,1015,CREDIBILITY_CAMOUFLAGE,TRADITIONAL_MEDIA,FAKE_NEWS_SOURCE,1.0,-1.0,,-1.0,0.33,1.0,5.0,1.0,COMPLETE,0.12988,0.1329199999999999,0.016,0.01168,0.12988,0.016,1.0,0.13292,0.01168,200000,25976,0.6525,486,169,177,294,466,1.0,0.12988,,187254,5729,3200,3817,11,73,121
news-source-strategies,RQ2,E2-timing-duration,credibility_p1_permanent,1016,CREDIBILITY_CAMOUFLAGE,TRADITIONAL_MEDIA,FAKE_NEWS_SOURCE,1.0,-1.0,,-1.0,0.33,1.0,5.0,1.0,COMPLETE,0.1083349999999999,0.1187199999999999,0.01159,0.00876,0.108335,0.01159,1.0,0.11872,0.00876,200000,21667,0.66,449,318,321,343,369,1.0,0.1083349999999999,,190166,3440,2318,4076,5,9,93
news-source-strategies,RQ2,E2-timing-duration,credibility_p1_permanent,1017,CREDIBILITY_CAMOUFLAGE,TRADITIONAL_MEDIA,FAKE_NEWS_SOURCE,1.0,-1.0,,-1.0,0.33,1.0,5.0,1.0,COMPLETE,0.1138349999999999,0.12976,0.012475,0.0095199999999999,0.113835,0.012475,1.0,0.12976,0.00952,200000,22767,0.665,464,343,358,386,415,1.0,0.1138349999999999,,190201,3853,2495,3451,4,8,29
news-source-strategies,RQ2,E2-timing-duration,credibility_p1_permanent,1018,CREDIBILITY_CAMOUFLAGE,TRADITIONAL_MEDIA,FAKE_NEWS_SOURCE,1.0,-1.0,,-1.0,0.33,1.0,5.0,1.0,COMPLETE,0.11807,0.08708,0.011945,0.00508,0.11807,0.011945,1.0,0.08708,0.00508,200000,23614,0.6625,458,314,317,341,433,1.0,0.11807,,189909,4506,2389,3196,4,8,104
news-source-strategies,RQ2,E2-timing-duration,credibility_p1_permanent,1019,CREDIBILITY_CAMOUFLAGE,TRADITIONAL_MEDIA,FAKE_NEWS_SOURCE,1.0,-1.0,,-1.0,0.33,1.0,5.0,1.0,COMPLETE,0.09615,0.0545,0.0092,0.00314,0.09615,0.0092,1.0,0.0545,0.00314,200000,19230,0.6825,440,237,245,286,368,1.0,0.09615,,191970,3664,1840,2526,5,17,178
news-source-strategies,RQ2,E2-timing-duration,credibility_p1_permanent,1020,CREDIBILITY_CAMOUFLAGE,TRADITIONAL_MEDIA,FAKE_NEWS_SOURCE,1.0,-1.0,,-1.0,0.33,1.0,5.0,1.0,COMPLETE,0.10528,0.12108,0.01087,0.0092,0.10528,0.01087,1.0,0.12108,0.0092,200000,21056,0.7025,452,316,323,357,375,1.0,0.10528,,188914,3758,2174,5154,7,11,63
news-source-strategies,RQ2,E2-timing-duration,credibility_p1_permanent,1021,CREDIBILITY_CAMOUFLAGE,TRADITIONAL_MEDIA,FAKE_NEWS_SOURCE,1.0,-1.0,,-1.0,0.33,1.0,5.0,1.0,COMPLETE,0.10664,0.1519,0.01223,0.01316,0.10664,0.01223,1.0,0.1519,0.01316,200000,21328,0.685,461,322,335,353,406,1.0,0.10664,,187818,5717,2446,4019,6,15,98
news-source-strategies,RQ2,E2-timing-duration,credibility_p1_permanent,1022,CREDIBILITY_CAMOUFLAGE,TRADITIONAL_MEDIA,FAKE_NEWS_SOURCE,1.0,-1.0,,-1.0,0.33,1.0,5.0,1.0,COMPLETE,0.119505,0.11986,0.0113,0.01274,0.119505,0.0113,1.0,0.11986,0.01274,200000,23901,0.675,451,199,206,272,359,1.0,0.119505,,191553,3584,2260,2603,5,69,174
news-source-strategies,RQ2,E2-timing-duration,credibility_p1_permanent,1023,CREDIBILITY_CAMOUFLAGE,TRADITIONAL_MEDIA,FAKE_NEWS_SOURCE,1.0,-1.0,,-1.0,0.33,1.0,5.0,1.0,COMPLETE,0.133565,0.12412,0.012205,0.00976,0.133565,0.012205,1.0,0.12412,0.00976,200000,26713,0.6625,463,219,259,292,381,1.0,0.133565,,190311,3829,2441,3419,3,38,151
news-source-strategies,RQ2,E2-timing-duration,credibility_p1_permanent,1024,CREDIBILITY_CAMOUFLAGE,TRADITIONAL_MEDIA,FAKE_NEWS_SOURCE,1.0,-1.0,,-1.0,0.33,1.0,5.0,1.0,COMPLETE,0.1080349999999999,0.12078,0.0095649999999999,0.0096,0.108035,0.009565,1.0,0.12078,0.0096,200000,21607,0.67,437,155,184,253,343,1.0,0.1080349999999999,,192141,3229,1913,2717,6,59,180
news-source-strategies,RQ2,E2-timing-duration,credibility_p1_permanent,1025,CREDIBILITY_CAMOUFLAGE,TRADITIONAL_MEDIA,FAKE_NEWS_SOURCE,1.0,-1.0,,-1.0,0.33,1.0,5.0,1.0,COMPLETE,0.115125,0.09742,0.0116549999999999,0.0065,0.115125,0.011655,1.0,0.09742,0.0065,200000,23025,0.6525,461,317,337,375,425,1.0,0.115125,,188004,3813,2331,5852,9,16,83
news-source-strategies,RQ2,E2-timing-duration,credibility_p1_permanent,1026,CREDIBILITY_CAMOUFLAGE,TRADITIONAL_MEDIA,FAKE_NEWS_SOURCE,1.0,-1.0,,-1.0,0.33,1.0,5.0,1.0,COMPLETE,0.093275,0.04394,0.01134,0.00216,0.093275,0.01134,1.0,0.04394,0.00216,200000,18655,0.6775,468,397,412,432,457,1.0,0.093275,,190879,3850,2268,3003,4,6,13
news-source-strategies,RQ2,E2-timing-duration,credibility_p1_permanent,1027,CREDIBILITY_CAMOUFLAGE,TRADITIONAL_MEDIA,FAKE_NEWS_SOURCE,1.0,-1.0,,-1.0,0.33,1.0,5.0,1.0,COMPLETE,0.104795,0.07806,0.013195,0.00632,0.104795,0.013195,1.0,0.07806,0.00632,200000,20959,0.65,469,364,401,413,438,1.0,0.104795,,189351,4553,2639,3457,4,8,18
news-source-strategies,RQ2,E2-timing-duration,credibility_p1_permanent,1028,CREDIBILITY_CAMOUFLAGE,TRADITIONAL_MEDIA,FAKE_NEWS_SOURCE,1.0,-1.0,,-1.0,0.33,1.0,5.0,1.0,COMPLETE,0.13153,0.17872,0.016045,0.02366,0.13153,0.016045,1.0,0.17872,0.02366,200000,26306,0.6325,475,297,361,384,405,1.0,0.13153,,187841,4842,3209,4108,4,8,47
news-source-strategies,RQ2,E2-timing-duration,credibility_p1_permanent,1029,CREDIBILITY_CAMOUFLAGE,TRADITIONAL_MEDIA,FAKE_NEWS_SOURCE,1.0,-1.0,,-1.0,0.33,1.0,5.0,1.0,COMPLETE,0.100245,0.13304,0.01022,0.01556,0.100245,0.01022,1.0,0.13304,0.01556,200000,20049,0.6725,444,173,199,217,286,1.0,0.100245,,192042,3302,2044,2612,4,129,236
news-source-strategies,RQ2,E2-timing-duration,credibility_p1_permanent,1030,CREDIBILITY_CAMOUFLAGE,TRADITIONAL_MEDIA,FAKE_NEWS_SOURCE,1.0,-1.0,,-1.0,0.33,1.0,5.0,1.0,COMPLETE,0.090965,0.09062,0.010205,0.00596,0.090965,0.010205,1.0,0.09062,0.00596,200000,18193,0.68,450,283,298,304,387,1.0,0.090965,,191456,4020,2041,2483,4,13,136
news-source-strategies,RQ2,E2-timing-duration,credibility_p101_d25,1001,CREDIBILITY_CAMOUFLAGE,TRADITIONAL_MEDIA,FAKE_NEWS_SOURCE,101.0,125.0,,-1.0,0.33,1.0,5.0,1.0,COMPLETE,0.10527,0.1243,0.01116,0.01126,0.10527,0.01116,1.0,0.1243,0.01126,200000,21054,0.6875,452,252,252,329,389,1.0,0.00392,0.13066,191098,3566,2232,3104,3,11,127
news-source-strategies,RQ2,E2-timing-duration,credibility_p101_d25,1002,CREDIBILITY_CAMOUFLAGE,TRADITIONAL_MEDIA,FAKE_NEWS_SOURCE,101.0,125.0,,-1.0,0.33,1.0,5.0,1.0,COMPLETE,0.08178,0.04374,0.008485,0.00262,0.08178,0.008485,1.0,0.04374,0.00262,200000,16356,0.6875,425,264,275,311,341,1.0,0.04336,0.11004,192643,3129,1697,2531,3,8,152
news-source-strategies,RQ2,E2-timing-duration,credibility_p101_d25,1003,CREDIBILITY_CAMOUFLAGE,TRADITIONAL_MEDIA,FAKE_NEWS_SOURCE,101.0,125.0,,-1.0,0.33,1.0,5.0,1.0,COMPLETE,0.107915,0.13006,0.0112249999999999,0.00964,0.107915,0.011225,1.0,0.13006,0.00964,200000,21583,0.66,455,202,252,334,384,1.0,0.00312,0.09924,190281,4531,2245,2943,7,38,131
news-source-strategies,RQ2,E2-timing-duration,credibility_p101_d25,1004,CREDIBILITY_CAMOUFLAGE,TRADITIONAL_MEDIA,FAKE_NEWS_SOURCE,101.0,125.0,,-1.0,0.33,1.0,5.0,1.0,COMPLETE,0.12181,0.06578,0.01586,0.00538,0.12181,0.01586,1.0,0.06578,0.00538,200000,24362,0.6775,492,267,278,396,468,1.0,0.18288,0.12078,186901,5440,3172,4487,3,14,89
news-source-strategies,RQ2,E2-timing-duration,credibility_p101_d25,1005,CREDIBILITY_CAMOUFLAGE,TRADITIONAL_MEDIA,FAKE_NEWS_SOURCE,101.0,125.0,,-1.0,0.33,1.0,5.0,1.0,COMPLETE,0.1316,0.1216,0.015335,0.01264,0.1316,0.015335,1.0,0.1216,0.01264,200000,26320,0.65,480,344,371,409,421,1.0,0.12808,0.09688,186845,5611,3067,4477,3,9,35
news-source-strategies,RQ2,E2-timing-duration,credibility_p101_d25,1006,CREDIBILITY_CAMOUFLAGE,TRADITIONAL_MEDIA,FAKE_NEWS_SOURCE,101.0,125.0,,-1.0,0.33,1.0,5.0,1.0,COMPLETE,0.106095,0.0788199999999999,0.0133149999999999,0.0085,0.106095,0.013315,1.0,0.07882,0.0085,200000,21219,0.6675,478,351,385,426,444,1.0,0.08456,0.09716,186916,4002,2663,6419,8,13,34
news-source-strategies,RQ2,E2-timing-duration,credibility_p101_d25,1007,CREDIBILITY_CAMOUFLAGE,TRADITIONAL_MEDIA,FAKE_NEWS_SOURCE,101.0,125.0,,-1.0,0.33,1.0,5.0,1.0,COMPLETE,0.14848,0.05736,0.0251,0.0059,0.14848,0.0251,1.0,0.05736,0.0059,200000,29696,0.6975,499,377,462,489,495,1.0,0.12696,0.14898,168109,19729,5020,7142,4,10,25
news-source-strategies,RQ2,E2-timing-duration,credibility_p101_d25,1008,CREDIBILITY_CAMOUFLAGE,TRADITIONAL_MEDIA,FAKE_NEWS_SOURCE,101.0,125.0,,-1.0,0.33,1.0,5.0,1.0,COMPLETE,0.12409,0.11724,0.015885,0.01206,0.12409,0.015885,1.0,0.11724,0.01206,200000,24818,0.6625,488,360,397,411,455,1.0,0.08712,0.1224,186715,5576,3177,4532,3,8,33
news-source-strategies,RQ2,E2-timing-duration,credibility_p101_d25,1009,CREDIBILITY_CAMOUFLAGE,TRADITIONAL_MEDIA,FAKE_NEWS_SOURCE,101.0,125.0,,-1.0,0.33,1.0,5.0,1.0,COMPLETE,0.1591,0.0776599999999999,0.0266999999999999,0.01194,0.1591,0.0267,1.0,0.07766,0.01194,200000,31820,0.6775,499,280,310,469,485,1.0,0.132,0.15346,150596,37184,5340,6880,3,17,70
news-source-strategies,RQ2,E2-timing-duration,credibility_p101_d25,1010,CREDIBILITY_CAMOUFLAGE,TRADITIONAL_MEDIA,FAKE_NEWS_SOURCE,101.0,125.0,,-1.0,0.33,1.0,5.0,1.0,COMPLETE,0.154565,0.07576,0.02691,0.0040199999999999,0.154565,0.02691,1.0,0.07576,0.00402,200000,30913,0.64,497,320,353,451,497,1.0,0.29808,0.20444,113992,73136,5382,7490,4,9,67
news-source-strategies,RQ2,E2-timing-duration,credibility_p101_d25,1011,CREDIBILITY_CAMOUFLAGE,TRADITIONAL_MEDIA,FAKE_NEWS_SOURCE,101.0,125.0,,-1.0,0.33,1.0,5.0,1.0,COMPLETE,0.08909,0.0547999999999999,0.00921,0.00282,0.08909,0.00921,1.0,0.0548,0.00282,200000,17818,0.695,426,235,252,340,368,1.0,0.1304,0.063,192363,3003,1842,2792,3,11,78
news-source-strategies,RQ2,E2-timing-duration,credibility_p101_d25,1012,CREDIBILITY_CAMOUFLAGE,TRADITIONAL_MEDIA,FAKE_NEWS_SOURCE,101.0,125.0,,-1.0,0.33,1.0,5.0,1.0,COMPLETE,0.126855,0.14018,0.013035,0.0134399999999999,0.126855,0.013035,1.0,0.14018,0.01344,200000,25371,0.64,467,249,279,334,398,1.0,0.0948,0.13028,186789,4329,2607,6275,9,17,142
news-source-strategies,RQ2,E2-timing-duration,credibility_p101_d25,1013,CREDIBILITY_CAMOUFLAGE,TRADITIONAL_MEDIA,FAKE_NEWS_SOURCE,101.0,125.0,,-1.0,0.33,1.0,5.0,1.0,COMPLETE,0.08817,0.08674,0.008365,0.00708,0.08817,0.008365,1.0,0.08674,0.00708,200000,17634,0.6725,412,163,205,278,357,1.0,0.1306399999999999,0.08512,192854,3140,1673,2333,4,74,128
news-source-strategies,RQ2,E2-timing-duration,credibility_p101_d25,1014,CREDIBILITY_CAMOUFLAGE,TRADITIONAL_MEDIA,FAKE_NEWS_SOURCE,101.0,125.0,,-1.0,0.33,1.0,5.0,1.0,COMPLETE,0.11454,0.0533,0.0116899999999999,0.0028399999999999,0.11454,0.01169,1.0,0.0533,0.00284,200000,22908,0.7075,457,275,306,326,392,1.0,0.04376,0.12386,189668,4425,2338,3569,3,13,148
news-source-strategies,RQ2,E2-timing-duration,credibility_p101_d25,1015,CREDIBILITY_CAMOUFLAGE,TRADITIONAL_MEDIA,FAKE_NEWS_SOURCE,101.0,125.0,,-1.0,0.33,1.0,5.0,1.0,COMPLETE,0.129505,0.1321999999999999,0.01477,0.01062,0.129505,0.01477,1.0,0.1322,0.01062,200000,25901,0.6525,486,163,171,284,466,1.0,0.1956,0.16008,187539,5671,2954,3836,11,75,123
news-source-strategies,RQ2,E2-timing-duration,credibility_p101_d25,1016,CREDIBILITY_CAMOUFLAGE,TRADITIONAL_MEDIA,FAKE_NEWS_SOURCE,101.0,125.0,,-1.0,0.33,1.0,5.0,1.0,COMPLETE,0.108815,0.11852,0.0117349999999999,0.0083,0.108815,0.011735,1.0,0.11852,0.0083,200000,21763,0.66,448,316,319,343,372,1.0,0.08584,0.0741599999999999,189843,3576,2347,4234,5,9,93
news-source-strategies,RQ2,E2-timing-duration,credibility_p101_d25,1017,CREDIBILITY_CAMOUFLAGE,TRADITIONAL_MEDIA,FAKE_NEWS_SOURCE,101.0,125.0,,-1.0,0.33,1.0,5.0,1.0,COMPLETE,0.1143349999999999,0.13038,0.01239,0.00958,0.114335,0.01239,1.0,0.13038,0.00958,200000,22867,0.665,459,339,359,384,414,1.0,0.04688,0.0973,189813,4120,2478,3589,4,8,30
news-source-strategies,RQ2,E2-timing-duration,credibility_p101_d25,1018,CREDIBILITY_CAMOUFLAGE,TRADITIONAL_MEDIA,FAKE_NEWS_SOURCE,101.0,125.0,,-1.0,0.33,1.0,5.0,1.0,COMPLETE,0.118205,0.08768,0.01198,0.00554,0.118205,0.01198,1.0,0.08768,0.00554,200000,23641,0.6625,459,304,306,334,432,1.0,0.26616,0.14248,189523,4742,2396,3339,4,8,105
news-source-strategies,RQ2,E2-timing-duration,credibility_p101_d25,1019,CREDIBILITY_CAMOUFLAGE,TRADITIONAL_MEDIA,FAKE_NEWS_SOURCE,101.0,125.0,,-1.0,0.33,1.0,5.0,1.0,COMPLETE,0.096535,0.05504,0.00908,0.00332,0.096535,0.00908,1.0,0.05504,0.00332,200000,19307,0.6825,433,226,234,279,363,1.0,0.002,0.11156,191728,3740,1816,2716,4,18,143
news-source-strategies,RQ2,E2-timing-duration,credibility_p101_d25,1020,CREDIBILITY_CAMOUFLAGE,TRADITIONAL_MEDIA,FAKE_NEWS_SOURCE,101.0,125.0,,-1.0,0.33,1.0,5.0,1.0,COMPLETE,0.1057,0.12052,0.010685,0.0080399999999999,0.1057,0.010685,1.0,0.12052,0.00804,200000,21140,0.7025,440,303,314,348,368,1.0,0.0007199999999999,0.09656,188564,4053,2137,5246,7,11,68
news-source-strategies,RQ2,E2-timing-duration,credibility_p101_d25,1021,CREDIBILITY_CAMOUFLAGE,TRADITIONAL_MEDIA,FAKE_NEWS_SOURCE,101.0,125.0,,-1.0,0.33,1.0,5.0,1.0,COMPLETE,0.107075,0.1547599999999999,0.0122899999999999,0.0159,0.107075,0.01229,1.0,0.15476,0.0159,200000,21415,0.685,465,307,316,337,390,1.0,0.13144,0.08704,187140,6097,2458,4305,6,15,122
news-source-strategies,RQ2,E2-timing-duration,credibility_p101_d25,1022,CREDIBILITY_CAMOUFLAGE,TRADITIONAL_MEDIA,FAKE_NEWS_SOURCE,101.0,125.0,,-1.0,0.33,1.0,5.0,1.0,COMPLETE,0.11985,0.11984,0.01108,0.01196,0.11985,0.01108,1.0,0.11984,0.01196,200000,23970,0.675,448,201,208,275,358,1.0,0.004,0.13288,191139,3839,2216,2806,5,60,171
news-source-strategies,RQ2,E2-timing-duration,credibility_p101_d25,1023,CREDIBILITY_CAMOUFLAGE,TRADITIONAL_MEDIA,FAKE_NEWS_SOURCE,101.0,125.0,,-1.0,0.33,1.0,5.0,1.0,COMPLETE,0.13444,0.12536,0.012525,0.01056,0.13444,0.012525,1.0,0.12536,0.01056,200000,26888,0.6625,461,211,249,280,377,1.0,0.08496,0.15744,189713,4098,2505,3684,3,43,152
news-source-strategies,RQ2,E2-timing-duration,credibility_p101_d25,1024,CREDIBILITY_CAMOUFLAGE,TRADITIONAL_MEDIA,FAKE_NEWS_SOURCE,101.0,125.0,,-1.0,0.33,1.0,5.0,1.0,COMPLETE,0.108295,0.1212999999999999,0.00929,0.00968,0.108295,0.00929,1.0,0.1213,0.00968,200000,21659,0.67,428,157,184,247,334,1.0,0.0907999999999999,0.1304199999999999,191916,3398,1858,2828,5,59,180
news-source-strategies,RQ2,E2-timing-duration,credibility_p101_d25,1025,CREDIBILITY_CAMOUFLAGE,TRADITIONAL_MEDIA,FAKE_NEWS_SOURCE,101.0,125.0,,-1.0,0.33,1.0,5.0,1.0,COMPLETE,0.11571,0.0970999999999999,0.0113499999999999,0.00588,0.11571,0.01135,1.0,0.0971,0.00588,200000,23142,0.6525,458,330,348,379,424,1.0,0.04416,0.14276,187487,4170,2270,6073,9,16,42
news-source-strategies,RQ2,E2-timing-duration,credibility_p101_d25,1026,CREDIBILITY_CAMOUFLAGE,TRADITIONAL_MEDIA,FAKE_NEWS_SOURCE,101.0,125.0,,-1.0,0.33,1.0,5.0,1.0,COMPLETE,0.09451,0.04406,0.01194,0.00222,0.09451,0.01194,1.0,0.04406,0.00222,200000,18902,0.6775,463,388,413,431,454,1.0,0.00056,0.12228,190207,4139,2388,3266,3,7,13
news-source-strategies,RQ2,E2-timing-duration,credibility_p101_d25,1027,CREDIBILITY_CAMOUFLAGE,TRADITIONAL_MEDIA,FAKE_NEWS_SOURCE,101.0,125.0,,-1.0,0.33,1.0,5.0,1.0,COMPLETE,0.10442,0.0784599999999999,0.012675,0.0066,0.10442,0.012675,1.0,0.07846,0.0066,200000,20884,0.65,465,344,384,401,429,1.0,0.16944,0.07714,189344,4578,2535,3543,4,8,36
news-source-strategies,RQ2,E2-timing-duration,credibility_p101_d25,1028,CREDIBILITY_CAMOUFLAGE,TRADITIONAL_MEDIA,FAKE_NEWS_SOURCE,101.0,125.0,,-1.0,0.33,1.0,5.0,1.0,COMPLETE,0.13215,0.18018,0.01587,0.0237,0.13215,0.01587,1.0,0.18018,0.0237,200000,26430,0.6325,475,289,351,377,400,1.0,0.0009599999999999,0.10754,187186,5239,3174,4401,4,8,54
news-source-strategies,RQ2,E2-timing-duration,credibility_p101_d25,1029,CREDIBILITY_CAMOUFLAGE,TRADITIONAL_MEDIA,FAKE_NEWS_SOURCE,101.0,125.0,,-1.0,0.33,1.0,5.0,1.0,COMPLETE,0.0999,0.13196,0.00956,0.0141199999999999,0.0999,0.00956,1.0,0.13196,0.01412,200000,19980,0.6725,433,160,187,208,277,1.0,0.0,0.10764,192024,3400,1912,2664,4,135,238
news-source-strategies,RQ2,E2-timing-duration,credibility_p101_d25,1030,CREDIBILITY_CAMOUFLAGE,TRADITIONAL_MEDIA,FAKE_NEWS_SOURCE,101.0,125.0,,-1.0,0.33,1.0,5.0,1.0,COMPLETE,0.091305,0.0915,0.0099849999999999,0.0065,0.091305,0.009985,1.0,0.0915,0.0065,200000,18261,0.68,444,272,279,287,377,1.0,0.08288,0.12138,191205,4269,1997,2529,4,13,171
news-source-strategies,RQ2,E2-timing-duration,credibility_p101_d100,1001,CREDIBILITY_CAMOUFLAGE,TRADITIONAL_MEDIA,FAKE_NEWS_SOURCE,101.0,200.0,,-1.0,0.33,1.0,5.0,1.0,COMPLETE,0.10521,0.1243,0.0112,0.01126,0.10521,0.0112,1.0,0.1243,0.01126,200000,21042,0.6875,453,252,252,329,390,1.0,0.10882,0.0683199999999999,191138,3535,2240,3087,3,11,127
news-source-strategies,RQ2,E2-timing-duration,credibility_p101_d100,1002,CREDIBILITY_CAMOUFLAGE,TRADITIONAL_MEDIA,FAKE_NEWS_SOURCE,101.0,200.0,,-1.0,0.33,1.0,5.0,1.0,COMPLETE,0.0817,0.04374,0.00844,0.00262,0.0817,0.00844,1.0,0.04374,0.00262,200000,16340,0.6875,425,264,275,311,341,1.0,0.06416,0.12298,192691,3107,1688,2514,3,8,152
news-source-strategies,RQ2,E2-timing-duration,credibility_p101_d100,1003,CREDIBILITY_CAMOUFLAGE,TRADITIONAL_MEDIA,FAKE_NEWS_SOURCE,101.0,200.0,,-1.0,0.33,1.0,5.0,1.0,COMPLETE,0.107825,0.13006,0.01116,0.00964,0.107825,0.01116,1.0,0.13006,0.00964,200000,21565,0.66,455,202,252,334,385,1.0,0.08936,0.0761599999999999,190349,4500,2232,2919,7,38,131
news-source-strategies,RQ2,E2-timing-duration,credibility_p101_d100,1004,CREDIBILITY_CAMOUFLAGE,TRADITIONAL_MEDIA,FAKE_NEWS_SOURCE,101.0,200.0,,-1.0,0.33,1.0,5.0,1.0,COMPLETE,0.12151,0.06578,0.01577,0.00538,0.12151,0.01577,1.0,0.06578,0.00538,200000,24302,0.6775,493,267,278,396,468,1.0,0.14362,0.14396,187064,5367,3154,4415,3,14,89
news-source-strategies,RQ2,E2-timing-duration,credibility_p101_d100,1005,CREDIBILITY_CAMOUFLAGE,TRADITIONAL_MEDIA,FAKE_NEWS_SOURCE,101.0,200.0,,-1.0,0.33,1.0,5.0,1.0,COMPLETE,0.13158,0.1216,0.0153499999999999,0.01264,0.13158,0.01535,1.0,0.1216,0.01264,200000,26316,0.65,480,344,371,409,422,1.0,0.07524,0.16412,186867,5593,3070,4470,3,9,35
news-source-strategies,RQ2,E2-timing-duration,credibility_p101_d100,1006,CREDIBILITY_CAMOUFLAGE,TRADITIONAL_MEDIA,FAKE_NEWS_SOURCE,101.0,200.0,,-1.0,0.33,1.0,5.0,1.0,COMPLETE,0.10606,0.0788199999999999,0.01339,0.0085,0.10606,0.01339,1.0,0.07882,0.0085,200000,21212,0.6675,479,351,385,426,446,1.0,0.08674,0.08854,186918,3985,2678,6419,8,13,34
news-source-strategies,RQ2,E2-timing-duration,credibility_p101_d100,1007,CREDIBILITY_CAMOUFLAGE,TRADITIONAL_MEDIA,FAKE_NEWS_SOURCE,101.0,200.0,,-1.0,0.33,1.0,5.0,1.0,COMPLETE,0.148415,0.05736,0.025275,0.0059,0.148415,0.025275,1.0,0.05736,0.0059,200000,29683,0.6975,499,377,462,489,495,1.0,0.13774,0.14548,168144,19664,5055,7137,4,10,25
news-source-strategies,RQ2,E2-timing-duration,credibility_p101_d100,1008,CREDIBILITY_CAMOUFLAGE,TRADITIONAL_MEDIA,FAKE_NEWS_SOURCE,101.0,200.0,,-1.0,0.33,1.0,5.0,1.0,COMPLETE,0.12408,0.11724,0.015915,0.01206,0.12408,0.015915,1.0,0.11724,0.01206,200000,24816,0.6625,491,360,397,411,458,1.0,0.12,0.1188,186790,5517,3183,4510,3,8,33
news-source-strategies,RQ2,E2-timing-duration,credibility_p101_d100,1009,CREDIBILITY_CAMOUFLAGE,TRADITIONAL_MEDIA,FAKE_NEWS_SOURCE,101.0,200.0,,-1.0,0.33,1.0,5.0,1.0,COMPLETE,0.158675,0.0776599999999999,0.02639,0.01194,0.158675,0.02639,1.0,0.07766,0.01194,200000,31735,0.6775,499,280,310,469,486,1.0,0.1083,0.23566,150956,37030,5278,6736,3,17,70
news-source-strategies,RQ2,E2-timing-duration,credibility_p101_d100,1010,CREDIBILITY_CAMOUFLAGE,TRADITIONAL_MEDIA,FAKE_NEWS_SOURCE,101.0,200.0,,-1.0,0.33,1.0,5.0,1.0,COMPLETE,0.154025,0.07576,0.0269699999999999,0.0040199999999999,0.154025,0.02697,1.0,0.07576,0.00402,200000,30805,0.64,497,320,353,451,497,1.0,0.25304,0.10152,114375,72945,5394,7286,4,9,67
news-source-strategies,RQ2,E2-timing-duration,credibility_p101_d100,1011,CREDIBILITY_CAMOUFLAGE,TRADITIONAL_MEDIA,FAKE_NEWS_SOURCE,101.0,200.0,,-1.0,0.33,1.0,5.0,1.0,COMPLETE,0.089025,0.0547999999999999,0.009195,0.00282,0.089025,0.009195,1.0,0.0548,0.00282,200000,17805,0.695,426,235,252,340,368,1.0,0.07404,0.09036,192409,2978,1839,2774,3,11,78
news-source-strategies,RQ2,E2-timing-duration,credibility_p101_d100,1012,CREDIBILITY_CAMOUFLAGE,TRADITIONAL_MEDIA,FAKE_NEWS_SOURCE,101.0,200.0,,-1.0,0.33,1.0,5.0,1.0,COMPLETE,0.126915,0.14018,0.01315,0.0134399999999999,0.126915,0.01315,1.0,0.14018,0.01344,200000,25383,0.64,467,249,279,334,400,1.0,0.13332,0.09232,186813,4281,2630,6276,9,17,142
news-source-strategies,RQ2,E2-timing-duration,credibility_p101_d100,1013,CREDIBILITY_CAMOUFLAGE,TRADITIONAL_MEDIA,FAKE_NEWS_SOURCE,101.0,200.0,,-1.0,0.33,1.0,5.0,1.0,COMPLETE,0.088255,0.0867,0.00858,0.0070199999999999,0.088255,0.00858,1.0,0.0867,0.00702,200000,17651,0.6725,415,163,205,278,363,1.0,0.11816,0.04316,192862,3124,1716,2298,4,74,128
news-source-strategies,RQ2,E2-timing-duration,credibility_p101_d100,1014,CREDIBILITY_CAMOUFLAGE,TRADITIONAL_MEDIA,FAKE_NEWS_SOURCE,101.0,200.0,,-1.0,0.33,1.0,5.0,1.0,COMPLETE,0.11492,0.0533,0.012065,0.00282,0.11492,0.012065,1.0,0.0533,0.00282,200000,22984,0.7075,457,275,306,326,392,1.0,0.12436,0.15208,189675,4354,2413,3558,3,13,140
news-source-strategies,RQ2,E2-timing-duration,credibility_p101_d100,1015,CREDIBILITY_CAMOUFLAGE,TRADITIONAL_MEDIA,FAKE_NEWS_SOURCE,101.0,200.0,,-1.0,0.33,1.0,5.0,1.0,COMPLETE,0.12972,0.1321999999999999,0.0154399999999999,0.01062,0.12972,0.01544,1.0,0.1322,0.01062,200000,25944,0.6525,486,163,171,284,465,1.0,0.18724,0.04384,187403,5638,3088,3871,11,75,123
news-source-strategies,RQ2,E2-timing-duration,credibility_p101_d100,1016,CREDIBILITY_CAMOUFLAGE,TRADITIONAL_MEDIA,FAKE_NEWS_SOURCE,101.0,200.0,,-1.0,0.33,1.0,5.0,1.0,COMPLETE,0.108695,0.11852,0.011695,0.0083,0.108695,0.011695,1.0,0.11852,0.0083,200000,21739,0.66,447,316,319,343,368,1.0,0.0746599999999999,0.1199399999999999,189915,3544,2339,4202,5,9,93
news-source-strategies,RQ2,E2-timing-duration,credibility_p101_d100,1017,CREDIBILITY_CAMOUFLAGE,TRADITIONAL_MEDIA,FAKE_NEWS_SOURCE,101.0,200.0,,-1.0,0.33,1.0,5.0,1.0,COMPLETE,0.11428,0.13038,0.01242,0.00958,0.11428,0.01242,1.0,0.13038,0.00958,200000,22856,0.665,459,339,359,384,414,1.0,0.0868599999999999,0.0983199999999999,189862,4091,2484,3563,4,8,30
news-source-strategies,RQ2,E2-timing-duration,credibility_p101_d100,1018,CREDIBILITY_CAMOUFLAGE,TRADITIONAL_MEDIA,FAKE_NEWS_SOURCE,101.0,200.0,,-1.0,0.33,1.0,5.0,1.0,COMPLETE,0.118245,0.0879,0.012065,0.00554,0.118245,0.012065,1.0,0.0879,0.00554,200000,23649,0.6625,458,304,306,334,432,1.0,0.17628,0.09898,189655,4677,2413,3255,4,8,105
news-source-strategies,RQ2,E2-timing-duration,credibility_p101_d100,1019,CREDIBILITY_CAMOUFLAGE,TRADITIONAL_MEDIA,FAKE_NEWS_SOURCE,101.0,200.0,,-1.0,0.33,1.0,5.0,1.0,COMPLETE,0.09658,0.05524,0.009195,0.0033799999999999,0.09658,0.009195,1.0,0.05524,0.00338,200000,19316,0.6825,436,226,234,279,364,1.0,0.09864,0.10332,191748,3731,1839,2682,4,18,178
news-source-strategies,RQ2,E2-timing-duration,credibility_p101_d100,1020,CREDIBILITY_CAMOUFLAGE,TRADITIONAL_MEDIA,FAKE_NEWS_SOURCE,101.0,200.0,,-1.0,0.33,1.0,5.0,1.0,COMPLETE,0.10565,0.12052,0.010665,0.0080399999999999,0.10565,0.010665,1.0,0.12052,0.00804,200000,21130,0.7025,440,303,314,348,368,1.0,0.05366,0.12928,188587,4040,2133,5240,7,11,68
news-source-strategies,RQ2,E2-timing-duration,credibility_p101_d100,1021,CREDIBILITY_CAMOUFLAGE,TRADITIONAL_MEDIA,FAKE_NEWS_SOURCE,101.0,200.0,,-1.0,0.33,1.0,5.0,1.0,COMPLETE,0.107205,0.1548,0.012385,0.0159,0.107205,0.012385,1.0,0.1548,0.0159,200000,21441,0.685,466,307,316,337,391,1.0,0.1100199999999999,0.06358,187118,6120,2477,4285,6,15,122
news-source-strategies,RQ2,E2-timing-duration,credibility_p101_d100,1022,CREDIBILITY_CAMOUFLAGE,TRADITIONAL_MEDIA,FAKE_NEWS_SOURCE,101.0,200.0,,-1.0,0.33,1.0,5.0,1.0,COMPLETE,0.119665,0.11984,0.011,0.01196,0.119665,0.011,1.0,0.11984,0.01196,200000,23933,0.675,449,201,208,275,360,1.0,0.12132,0.09734,191275,3773,2200,2752,5,60,171
news-source-strategies,RQ2,E2-timing-duration,credibility_p101_d100,1023,CREDIBILITY_CAMOUFLAGE,TRADITIONAL_MEDIA,FAKE_NEWS_SOURCE,101.0,200.0,,-1.0,0.33,1.0,5.0,1.0,COMPLETE,0.13423,0.12536,0.01241,0.01056,0.13423,0.01241,1.0,0.12536,0.01056,200000,26846,0.6625,461,211,249,280,377,1.0,0.13704,0.152,189879,4020,2482,3619,3,43,152
news-source-strategies,RQ2,E2-timing-duration,credibility_p101_d100,1024,CREDIBILITY_CAMOUFLAGE,TRADITIONAL_MEDIA,FAKE_NEWS_SOURCE,101.0,200.0,,-1.0,0.33,1.0,5.0,1.0,COMPLETE,0.1082849999999999,0.1212999999999999,0.00939,0.00968,0.108285,0.00939,1.0,0.1213,0.00968,200000,21657,0.67,432,157,184,247,339,1.0,0.12158,0.08682,191932,3359,1878,2831,6,59,180
news-source-strategies,RQ2,E2-timing-duration,credibility_p101_d100,1025,CREDIBILITY_CAMOUFLAGE,TRADITIONAL_MEDIA,FAKE_NEWS_SOURCE,101.0,200.0,,-1.0,0.33,1.0,5.0,1.0,COMPLETE,0.11575,0.0970999999999999,0.01154,0.00588,0.11575,0.01154,1.0,0.0971,0.00588,200000,23150,0.6525,462,330,348,379,428,1.0,0.13234,0.10958,187491,4144,2308,6057,9,16,42
news-source-strategies,RQ2,E2-timing-duration,credibility_p101_d100,1026,CREDIBILITY_CAMOUFLAGE,TRADITIONAL_MEDIA,FAKE_NEWS_SOURCE,101.0,200.0,,-1.0,0.33,1.0,5.0,1.0,COMPLETE,0.0941149999999999,0.04406,0.011785,0.0022,0.094115,0.011785,1.0,0.04406,0.0022,200000,18823,0.6775,462,388,413,431,453,1.0,0.08842,0.08422,190423,4043,2357,3177,3,6,13
news-source-strategies,RQ2,E2-timing-duration,credibility_p101_d100,1027,CREDIBILITY_CAMOUFLAGE,TRADITIONAL_MEDIA,FAKE_NEWS_SOURCE,101.0,200.0,,-1.0,0.33,1.0,5.0,1.0,COMPLETE,0.104145,0.0784599999999999,0.01253,0.0066,0.104145,0.01253,1.0,0.07846,0.0066,200000,20829,0.65,465,344,384,401,428,1.0,0.1077,0.08508,189472,4537,2506,3485,4,8,36
news-source-strategies,RQ2,E2-timing-duration,credibility_p101_d100,1028,CREDIBILITY_CAMOUFLAGE,TRADITIONAL_MEDIA,FAKE_NEWS_SOURCE,101.0,200.0,,-1.0,0.33,1.0,5.0,1.0,COMPLETE,0.1320349999999999,0.18018,0.01576,0.0237,0.132035,0.01576,1.0,0.18018,0.0237,200000,26407,0.6325,475,289,351,377,400,1.0,0.0754,0.1187,187262,5214,3152,4372,4,8,54
news-source-strategies,RQ2,E2-timing-duration,credibility_p101_d100,1029,CREDIBILITY_CAMOUFLAGE,TRADITIONAL_MEDIA,FAKE_NEWS_SOURCE,101.0,200.0,,-1.0,0.33,1.0,5.0,1.0,COMPLETE,0.09986,0.13196,0.009555,0.0141199999999999,0.09986,0.009555,1.0,0.13196,0.01412,200000,19972,0.6725,434,160,187,208,278,1.0,0.0861,0.1105999999999999,192059,3376,1911,2654,4,135,239
news-source-strategies,RQ2,E2-timing-duration,credibility_p101_d100,1030,CREDIBILITY_CAMOUFLAGE,TRADITIONAL_MEDIA,FAKE_NEWS_SOURCE,101.0,200.0,,-1.0,0.33,1.0,5.0,1.0,COMPLETE,0.09154,0.0915,0.010395,0.00658,0.09154,0.010395,1.0,0.0915,0.00658,200000,18308,0.68,447,272,279,287,381,1.0,0.11982,0.0768,191058,4307,2079,2556,4,15,171
news-source-strategies,RQ2,E2-timing-duration,credibility_p101_permanent,1001,CREDIBILITY_CAMOUFLAGE,TRADITIONAL_MEDIA,FAKE_NEWS_SOURCE,101.0,-1.0,,-1.0,0.33,1.0,5.0,1.0,COMPLETE,0.1051749999999999,0.12486,0.011325,0.0120399999999999,0.105175,0.011325,1.0,0.12486,0.01204,200000,21035,0.6875,455,252,252,329,390,1.0,0.1004333333333333,,191318,3418,2265,2999,3,11,150
news-source-strategies,RQ2,E2-timing-duration,credibility_p101_permanent,1002,CREDIBILITY_CAMOUFLAGE,TRADITIONAL_MEDIA,FAKE_NEWS_SOURCE,101.0,-1.0,,-1.0,0.33,1.0,5.0,1.0,COMPLETE,0.08179,0.0437,0.00865,0.00276,0.08179,0.00865,1.0,0.0437,0.00276,200000,16358,0.6875,431,264,275,311,341,1.0,0.07708,,192745,3008,1730,2517,3,8,158
news-source-strategies,RQ2,E2-timing-duration,credibility_p101_permanent,1003,CREDIBILITY_CAMOUFLAGE,TRADITIONAL_MEDIA,FAKE_NEWS_SOURCE,101.0,-1.0,,-1.0,0.33,1.0,5.0,1.0,COMPLETE,0.107955,0.13066,0.0114749999999999,0.01076,0.107955,0.011475,1.0,0.13066,0.01076,200000,21591,0.66,457,202,252,334,385,1.0,0.0987,,190237,4554,2295,2914,7,38,134
news-source-strategies,RQ2,E2-timing-duration,credibility_p101_permanent,1004,CREDIBILITY_CAMOUFLAGE,TRADITIONAL_MEDIA,FAKE_NEWS_SOURCE,101.0,-1.0,,-1.0,0.33,1.0,5.0,1.0,COMPLETE,0.1210649999999999,0.06516,0.015625,0.00508,0.121065,0.015625,1.0,0.06516,0.00508,200000,24213,0.6775,494,267,278,396,468,1.0,0.1171933333333333,,187380,5214,3125,4281,3,14,89
news-source-strategies,RQ2,E2-timing-duration,credibility_p101_permanent,1005,CREDIBILITY_CAMOUFLAGE,TRADITIONAL_MEDIA,FAKE_NEWS_SOURCE,101.0,-1.0,,-1.0,0.33,1.0,5.0,1.0,COMPLETE,0.13176,0.12212,0.015905,0.01398,0.13176,0.015905,1.0,0.12212,0.01398,200000,26352,0.65,481,344,371,409,422,1.0,0.12056,,186896,5485,3181,4438,3,9,36
news-source-strategies,RQ2,E2-timing-duration,credibility_p101_permanent,1006,CREDIBILITY_CAMOUFLAGE,TRADITIONAL_MEDIA,FAKE_NEWS_SOURCE,101.0,-1.0,,-1.0,0.33,1.0,5.0,1.0,COMPLETE,0.106025,0.07904,0.013415,0.00828,0.106025,0.013415,1.0,0.07904,0.00828,200000,21205,0.6675,477,351,385,426,446,1.0,0.0846533333333333,,186995,3942,2683,6380,8,13,34
news-source-strategies,RQ2,E2-timing-duration,credibility_p101_permanent,1007,CREDIBILITY_CAMOUFLAGE,TRADITIONAL_MEDIA,FAKE_NEWS_SOURCE,101.0,-1.0,,-1.0,0.33,1.0,5.0,1.0,COMPLETE,0.148695,0.05676,0.02573,0.00566,0.148695,0.02573,1.0,0.05676,0.00566,200000,29739,0.6975,498,377,462,489,495,1.0,0.1139,,168166,19612,5146,7076,4,10,25
news-source-strategies,RQ2,E2-timing-duration,credibility_p101_permanent,1008,CREDIBILITY_CAMOUFLAGE,TRADITIONAL_MEDIA,FAKE_NEWS_SOURCE,101.0,-1.0,,-1.0,0.33,1.0,5.0,1.0,COMPLETE,0.1239,0.11666,0.016195,0.0130999999999999,0.1239,0.016195,1.0,0.11666,0.0131,200000,24780,0.6625,491,360,397,411,458,1.0,0.11844,,186938,5394,3239,4429,3,8,33
news-source-strategies,RQ2,E2-timing-duration,credibility_p101_permanent,1009,CREDIBILITY_CAMOUFLAGE,TRADITIONAL_MEDIA,FAKE_NEWS_SOURCE,101.0,-1.0,,-1.0,0.33,1.0,5.0,1.0,COMPLETE,0.158955,0.07764,0.02678,0.01182,0.158955,0.02678,1.0,0.07764,0.01182,200000,31791,0.6775,499,280,310,469,486,1.0,0.1409133333333333,,150971,37048,5356,6625,3,17,70
news-source-strategies,RQ2,E2-timing-duration,credibility_p101_permanent,1010,CREDIBILITY_CAMOUFLAGE,TRADITIONAL_MEDIA,FAKE_NEWS_SOURCE,101.0,-1.0,,-1.0,0.33,1.0,5.0,1.0,COMPLETE,0.154145,0.0758799999999999,0.027325,0.00424,0.154145,0.027325,1.0,0.07588,0.00424,200000,30829,0.64,498,320,353,451,497,1.0,0.1436,,114337,72923,5465,7275,4,9,67
news-source-strategies,RQ2,E2-timing-duration,credibility_p101_permanent,1011,CREDIBILITY_CAMOUFLAGE,TRADITIONAL_MEDIA,FAKE_NEWS_SOURCE,101.0,-1.0,,-1.0,0.33,1.0,5.0,1.0,COMPLETE,0.089005,0.0547,0.00923,0.0029,0.089005,0.00923,1.0,0.0547,0.0029,200000,17801,0.695,426,235,252,340,368,1.0,0.07304,,192502,2927,1846,2725,3,11,78
news-source-strategies,RQ2,E2-timing-duration,credibility_p101_permanent,1012,CREDIBILITY_CAMOUFLAGE,TRADITIONAL_MEDIA,FAKE_NEWS_SOURCE,101.0,-1.0,,-1.0,0.33,1.0,5.0,1.0,COMPLETE,0.12717,0.14074,0.013545,0.01428,0.12717,0.013545,1.0,0.14074,0.01428,200000,25434,0.64,472,249,279,334,400,1.0,0.12228,,186749,4289,2709,6253,9,17,146
news-source-strategies,RQ2,E2-timing-duration,credibility_p101_permanent,1013,CREDIBILITY_CAMOUFLAGE,TRADITIONAL_MEDIA,FAKE_NEWS_SOURCE,101.0,-1.0,,-1.0,0.33,1.0,5.0,1.0,COMPLETE,0.08812,0.08662,0.00868,0.00754,0.08812,0.00868,1.0,0.08662,0.00754,200000,17624,0.6725,415,163,205,278,363,1.0,0.0824933333333333,,192957,3071,1736,2236,4,74,128
news-source-strategies,RQ2,E2-timing-duration,credibility_p101_permanent,1014,CREDIBILITY_CAMOUFLAGE,TRADITIONAL_MEDIA,FAKE_NEWS_SOURCE,101.0,-1.0,,-1.0,0.33,1.0,5.0,1.0,COMPLETE,0.114875,0.05316,0.0121999999999999,0.0028,0.114875,0.0122,1.0,0.05316,0.0028,200000,22975,0.7075,456,275,306,326,392,1.0,0.1098533333333333,,189812,4268,2440,3480,3,12,140
news-source-strategies,RQ2,E2-timing-duration,credibility_p101_permanent,1015,CREDIBILITY_CAMOUFLAGE,TRADITIONAL_MEDIA,FAKE_NEWS_SOURCE,101.0,-1.0,,-1.0,0.33,1.0,5.0,1.0,COMPLETE,0.12987,0.13288,0.015695,0.01164,0.12987,0.015695,1.0,0.13288,0.01164,200000,25974,0.6525,487,163,171,284,465,1.0,0.1212933333333333,,187372,5649,3139,3840,11,75,123
news-source-strategies,RQ2,E2-timing-duration,credibility_p101_permanent,1016,CREDIBILITY_CAMOUFLAGE,TRADITIONAL_MEDIA,FAKE_NEWS_SOURCE,101.0,-1.0,,-1.0,0.33,1.0,5.0,1.0,COMPLETE,0.108625,0.11878,0.011845,0.00882,0.108625,0.011845,1.0,0.11878,0.00882,200000,21725,0.66,448,316,319,343,368,1.0,0.10428,,190064,3432,2369,4135,5,9,93
news-source-strategies,RQ2,E2-timing-duration,credibility_p101_permanent,1017,CREDIBILITY_CAMOUFLAGE,TRADITIONAL_MEDIA,FAKE_NEWS_SOURCE,101.0,-1.0,,-1.0,0.33,1.0,5.0,1.0,COMPLETE,0.11412,0.12972,0.01246,0.0094399999999999,0.11412,0.01246,1.0,0.12972,0.00944,200000,22824,0.665,460,339,359,384,414,1.0,0.1049733333333333,,190059,3952,2492,3497,4,8,30
news-source-strategies,RQ2,E2-timing-duration,credibility_p101_permanent,1018,CREDIBILITY_CAMOUFLAGE,TRADITIONAL_MEDIA,FAKE_NEWS_SOURCE,101.0,-1.0,,-1.0,0.33,1.0,5.0,1.0,COMPLETE,0.11802,0.0871,0.011925,0.0050599999999999,0.11802,0.011925,1.0,0.0871,0.00506,200000,23604,0.6625,457,304,306,334,432,1.0,0.1207533333333333,,189813,4605,2385,3197,4,8,105
news-source-strategies,RQ2,E2-timing-duration,credibility_p101_permanent,1019,CREDIBILITY_CAMOUFLAGE,TRADITIONAL_MEDIA,FAKE_NEWS_SOURCE,101.0,-1.0,,-1.0,0.33,1.0,5.0,1.0,COMPLETE,0.09609,0.0544399999999999,0.009055,0.003,0.09609,0.009055,1.0,0.05444,0.003,200000,19218,0.6825,436,226,234,279,364,1.0,0.08508,,191947,3661,1811,2581,4,18,178
news-source-strategies,RQ2,E2-timing-duration,credibility_p101_permanent,1020,CREDIBILITY_CAMOUFLAGE,TRADITIONAL_MEDIA,FAKE_NEWS_SOURCE,101.0,-1.0,,-1.0,0.33,1.0,5.0,1.0,COMPLETE,0.105885,0.12122,0.011105,0.00922,0.105885,0.011105,1.0,0.12122,0.00922,200000,21177,0.7025,448,303,314,348,368,1.0,0.1014666666666666,,188566,3984,2221,5229,7,11,72
news-source-strategies,RQ2,E2-timing-duration,credibility_p101_permanent,1021,CREDIBILITY_CAMOUFLAGE,TRADITIONAL_MEDIA,FAKE_NEWS_SOURCE,101.0,-1.0,,-1.0,0.33,1.0,5.0,1.0,COMPLETE,0.10646,0.1519,0.0117449999999999,0.0131799999999999,0.10646,0.011745,1.0,0.1519,0.01318,200000,21292,0.685,460,307,316,337,391,1.0,0.1084733333333333,,187799,5833,2349,4019,6,15,122
news-source-strategies,RQ2,E2-timing-duration,credibility_p101_permanent,1022,CREDIBILITY_CAMOUFLAGE,TRADITIONAL_MEDIA,FAKE_NEWS_SOURCE,101.0,-1.0,,-1.0,0.33,1.0,5.0,1.0,COMPLETE,0.119805,0.11986,0.011345,0.01274,0.119805,0.011345,1.0,0.11986,0.01274,200000,23961,0.675,452,201,208,275,360,1.0,0.11302,,191303,3726,2269,2702,5,60,171
news-source-strategies,RQ2,E2-timing-duration,credibility_p101_permanent,1023,CREDIBILITY_CAMOUFLAGE,TRADITIONAL_MEDIA,FAKE_NEWS_SOURCE,101.0,-1.0,,-1.0,0.33,1.0,5.0,1.0,COMPLETE,0.13372,0.12412,0.01208,0.00976,0.13372,0.01208,1.0,0.12412,0.00976,200000,26744,0.6625,462,211,249,280,377,1.0,0.1374533333333333,,190321,3805,2416,3458,3,43,152
news-source-strategies,RQ2,E2-timing-duration,credibility_p101_permanent,1024,CREDIBILITY_CAMOUFLAGE,TRADITIONAL_MEDIA,FAKE_NEWS_SOURCE,101.0,-1.0,,-1.0,0.33,1.0,5.0,1.0,COMPLETE,0.10815,0.12078,0.009425,0.0096,0.10815,0.009425,1.0,0.12078,0.0096,200000,21630,0.67,434,157,184,247,339,1.0,0.10972,,192051,3286,1885,2778,6,59,180
news-source-strategies,RQ2,E2-timing-duration,credibility_p101_permanent,1025,CREDIBILITY_CAMOUFLAGE,TRADITIONAL_MEDIA,FAKE_NEWS_SOURCE,101.0,-1.0,,-1.0,0.33,1.0,5.0,1.0,COMPLETE,0.1158199999999999,0.09736,0.01182,0.00646,0.11582,0.01182,1.0,0.09736,0.00646,200000,23164,0.6525,465,330,348,379,428,1.0,0.1130999999999999,,187541,4082,2364,6013,9,16,55
news-source-strategies,RQ2,E2-timing-duration,credibility_p101_permanent,1026,CREDIBILITY_CAMOUFLAGE,TRADITIONAL_MEDIA,FAKE_NEWS_SOURCE,101.0,-1.0,,-1.0,0.33,1.0,5.0,1.0,COMPLETE,0.09401,0.04382,0.01173,0.00204,0.09401,0.01173,1.0,0.04382,0.00204,200000,18802,0.6775,462,388,413,431,453,1.0,0.0720933333333333,,190528,3992,2346,3134,3,6,13
news-source-strategies,RQ2,E2-timing-duration,credibility_p101_permanent,1027,CREDIBILITY_CAMOUFLAGE,TRADITIONAL_MEDIA,FAKE_NEWS_SOURCE,101.0,-1.0,,-1.0,0.33,1.0,5.0,1.0,COMPLETE,0.10407,0.07804,0.012585,0.0063,0.10407,0.012585,1.0,0.07804,0.0063,200000,20814,0.65,466,344,384,401,428,1.0,0.0903133333333333,,189592,4461,2517,3430,4,8,36
news-source-strategies,RQ2,E2-timing-duration,credibility_p101_permanent,1028,CREDIBILITY_CAMOUFLAGE,TRADITIONAL_MEDIA,FAKE_NEWS_SOURCE,101.0,-1.0,,-1.0,0.33,1.0,5.0,1.0,COMPLETE,0.131655,0.17872,0.01583,0.02366,0.131655,0.01583,1.0,0.17872,0.02366,200000,26331,0.6325,473,289,351,377,400,1.0,0.1242533333333333,,187587,5020,3166,4227,4,8,53
news-source-strategies,RQ2,E2-timing-duration,credibility_p101_permanent,1029,CREDIBILITY_CAMOUFLAGE,TRADITIONAL_MEDIA,FAKE_NEWS_SOURCE,101.0,-1.0,,-1.0,0.33,1.0,5.0,1.0,COMPLETE,0.10021,0.13304,0.01013,0.01556,0.10021,0.01013,1.0,0.13304,0.01556,200000,20042,0.6725,441,160,187,208,278,1.0,0.1100199999999999,,192003,3317,2026,2654,5,135,239
news-source-strategies,RQ2,E2-timing-duration,credibility_p101_permanent,1030,CREDIBILITY_CAMOUFLAGE,TRADITIONAL_MEDIA,FAKE_NEWS_SOURCE,101.0,-1.0,,-1.0,0.33,1.0,5.0,1.0,COMPLETE,0.09117,0.09056,0.010135,0.00598,0.09117,0.010135,1.0,0.09056,0.00598,200000,18234,0.68,446,272,279,287,381,1.0,0.0955466666666666,,191291,4210,2027,2472,4,14,171
news-source-strategies,RQ2,E2-timing-duration,credibility_p201_d25,1001,CREDIBILITY_CAMOUFLAGE,TRADITIONAL_MEDIA,FAKE_NEWS_SOURCE,201.0,225.0,,-1.0,0.33,1.0,5.0,1.0,COMPLETE,0.105275,0.1243,0.0111799999999999,0.01126,0.105275,0.01118,1.0,0.1243,0.01126,200000,21055,0.6875,452,252,252,329,389,1.0,0.0908799999999999,0.0813,191109,3564,2236,3091,3,11,127
news-source-strategies,RQ2,E2-timing-duration,credibility_p201_d25,1002,CREDIBILITY_CAMOUFLAGE,TRADITIONAL_MEDIA,FAKE_NEWS_SOURCE,201.0,225.0,,-1.0,0.33,1.0,5.0,1.0,COMPLETE,0.08195,0.04372,0.00867,0.00262,0.08195,0.00867,1.0,0.04372,0.00262,200000,16390,0.6875,431,264,275,311,341,1.0,0.2276,0.08816,192607,3095,1734,2564,3,8,158
news-source-strategies,RQ2,E2-timing-duration,credibility_p201_d25,1003,CREDIBILITY_CAMOUFLAGE,TRADITIONAL_MEDIA,FAKE_NEWS_SOURCE,201.0,225.0,,-1.0,0.33,1.0,5.0,1.0,COMPLETE,0.107925,0.13006,0.01123,0.00964,0.107925,0.01123,1.0,0.13006,0.00964,200000,21585,0.66,455,202,252,334,384,1.0,0.04136,0.08792,190277,4532,2246,2945,7,38,131
news-source-strategies,RQ2,E2-timing-duration,credibility_p201_d25,1004,CREDIBILITY_CAMOUFLAGE,TRADITIONAL_MEDIA,FAKE_NEWS_SOURCE,201.0,225.0,,-1.0,0.33,1.0,5.0,1.0,COMPLETE,0.12168,0.06578,0.01568,0.00538,0.12168,0.01568,1.0,0.06578,0.00538,200000,24336,0.6775,490,267,278,396,467,1.0,0.0868,0.14436,186868,5532,3136,4464,3,13,89
news-source-strategies,RQ2,E2-timing-duration,credibility_p201_d25,1005,CREDIBILITY_CAMOUFLAGE,TRADITIONAL_MEDIA,FAKE_NEWS_SOURCE,201.0,225.0,,-1.0,0.33,1.0,5.0,1.0,COMPLETE,0.1314749999999999,0.1216,0.015335,0.01264,0.131475,0.015335,1.0,0.1216,0.01264,200000,26295,0.65,480,344,371,409,421,1.0,0.2157599999999999,0.15468,186904,5561,3067,4468,3,9,35
news-source-strategies,RQ2,E2-timing-duration,credibility_p201_d25,1006,CREDIBILITY_CAMOUFLAGE,TRADITIONAL_MEDIA,FAKE_NEWS_SOURCE,201.0,225.0,,-1.0,0.33,1.0,5.0,1.0,COMPLETE,0.1061599999999999,0.0788199999999999,0.0134049999999999,0.0085,0.10616,0.013405,1.0,0.07882,0.0085,200000,21232,0.6675,478,351,385,426,444,1.0,0.12592,0.1015,186892,4008,2681,6419,8,13,34
news-source-strategies,RQ2,E2-timing-duration,credibility_p201_d25,1007,CREDIBILITY_CAMOUFLAGE,TRADITIONAL_MEDIA,FAKE_NEWS_SOURCE,201.0,225.0,,-1.0,0.33,1.0,5.0,1.0,COMPLETE,0.14871,0.05736,0.02528,0.0059,0.14871,0.02528,1.0,0.05736,0.0059,200000,29742,0.6975,499,377,462,489,495,1.0,0.17184,0.12582,168040,19739,5056,7165,4,10,25
news-source-strategies,RQ2,E2-timing-duration,credibility_p201_d25,1008,CREDIBILITY_CAMOUFLAGE,TRADITIONAL_MEDIA,FAKE_NEWS_SOURCE,201.0,225.0,,-1.0,0.33,1.0,5.0,1.0,COMPLETE,0.12409,0.11724,0.01589,0.01206,0.12409,0.01589,1.0,0.11724,0.01206,200000,24818,0.6625,488,360,397,411,455,1.0,0.0972,0.12248,186689,5599,3178,4534,3,8,33
news-source-strategies,RQ2,E2-timing-duration,credibility_p201_d25,1009,CREDIBILITY_CAMOUFLAGE,TRADITIONAL_MEDIA,FAKE_NEWS_SOURCE,201.0,225.0,,-1.0,0.33,1.0,5.0,1.0,COMPLETE,0.15904,0.0776599999999999,0.026555,0.01194,0.15904,0.026555,1.0,0.07766,0.01194,200000,31808,0.6775,499,280,310,469,484,1.0,0.30944,0.17196,150697,37169,5311,6823,3,17,70
news-source-strategies,RQ2,E2-timing-duration,credibility_p201_d25,1010,CREDIBILITY_CAMOUFLAGE,TRADITIONAL_MEDIA,FAKE_NEWS_SOURCE,201.0,225.0,,-1.0,0.33,1.0,5.0,1.0,COMPLETE,0.1537649999999999,0.07576,0.02656,0.0040199999999999,0.153765,0.02656,1.0,0.07576,0.00402,200000,30753,0.64,497,320,353,451,497,1.0,0.1,0.0783,114367,72958,5312,7363,4,9,67
news-source-strategies,RQ2,E2-timing-duration,credibility_p201_d25,1011,CREDIBILITY_CAMOUFLAGE,TRADITIONAL_MEDIA,FAKE_NEWS_SOURCE,201.0,225.0,,-1.0,0.33,1.0,5.0,1.0,COMPLETE,0.089115,0.0547999999999999,0.0092249999999999,0.00282,0.089115,0.009225,1.0,0.0548,0.00282,200000,17823,0.695,426,235,252,340,368,1.0,0.08648,0.0692,192367,2998,1845,2790,3,11,78
news-source-strategies,RQ2,E2-timing-duration,credibility_p201_d25,1012,CREDIBILITY_CAMOUFLAGE,TRADITIONAL_MEDIA,FAKE_NEWS_SOURCE,201.0,225.0,,-1.0,0.33,1.0,5.0,1.0,COMPLETE,0.126855,0.14018,0.0129649999999999,0.0134399999999999,0.126855,0.012965,1.0,0.14018,0.01344,200000,25371,0.64,467,249,279,334,398,1.0,0.08376,0.10334,186785,4341,2593,6281,9,17,142
news-source-strategies,RQ2,E2-timing-duration,credibility_p201_d25,1013,CREDIBILITY_CAMOUFLAGE,TRADITIONAL_MEDIA,FAKE_NEWS_SOURCE,201.0,225.0,,-1.0,0.33,1.0,5.0,1.0,COMPLETE,0.08814,0.08674,0.00832,0.00708,0.08814,0.00832,1.0,0.08674,0.00708,200000,17628,0.6725,412,163,205,278,357,1.0,0.0007199999999999,0.07562,192868,3135,1664,2333,4,74,128
news-source-strategies,RQ2,E2-timing-duration,credibility_p201_d25,1014,CREDIBILITY_CAMOUFLAGE,TRADITIONAL_MEDIA,FAKE_NEWS_SOURCE,201.0,225.0,,-1.0,0.33,1.0,5.0,1.0,COMPLETE,0.114565,0.0533,0.0116999999999999,0.0028399999999999,0.114565,0.0117,1.0,0.0533,0.00284,200000,22913,0.7075,457,275,306,326,392,1.0,0.0474399999999999,0.14086,189667,4424,2340,3569,3,13,148
news-source-strategies,RQ2,E2-timing-duration,credibility_p201_d25,1015,CREDIBILITY_CAMOUFLAGE,TRADITIONAL_MEDIA,FAKE_NEWS_SOURCE,201.0,225.0,,-1.0,0.33,1.0,5.0,1.0,COMPLETE,0.1294499999999999,0.1321999999999999,0.014695,0.01062,0.12945,0.014695,1.0,0.1322,0.01062,200000,25890,0.6525,484,163,171,284,462,1.0,0.0894399999999999,0.06452,187522,5664,2939,3875,11,74,123
news-source-strategies,RQ2,E2-timing-duration,credibility_p201_d25,1016,CREDIBILITY_CAMOUFLAGE,TRADITIONAL_MEDIA,FAKE_NEWS_SOURCE,201.0,225.0,,-1.0,0.33,1.0,5.0,1.0,COMPLETE,0.10881,0.11852,0.011725,0.0083,0.10881,0.011725,1.0,0.11852,0.0083,200000,21762,0.66,448,316,319,343,372,1.0,0.08248,0.11126,189823,3578,2345,4254,5,9,93
news-source-strategies,RQ2,E2-timing-duration,credibility_p201_d25,1017,CREDIBILITY_CAMOUFLAGE,TRADITIONAL_MEDIA,FAKE_NEWS_SOURCE,201.0,225.0,,-1.0,0.33,1.0,5.0,1.0,COMPLETE,0.11426,0.13038,0.012325,0.00958,0.11426,0.012325,1.0,0.13038,0.00958,200000,22852,0.665,459,339,359,384,414,1.0,0.08744,0.13962,189849,4113,2465,3573,4,8,30
news-source-strategies,RQ2,E2-timing-duration,credibility_p201_d25,1018,CREDIBILITY_CAMOUFLAGE,TRADITIONAL_MEDIA,FAKE_NEWS_SOURCE,201.0,225.0,,-1.0,0.33,1.0,5.0,1.0,COMPLETE,0.11817,0.08768,0.01194,0.00554,0.11817,0.01194,1.0,0.08768,0.00554,200000,23634,0.6625,457,304,306,334,430,1.0,0.13056,0.06826,189532,4726,2388,3354,4,8,105
news-source-strategies,RQ2,E2-timing-duration,credibility_p201_d25,1019,CREDIBILITY_CAMOUFLAGE,TRADITIONAL_MEDIA,FAKE_NEWS_SOURCE,201.0,225.0,,-1.0,0.33,1.0,5.0,1.0,COMPLETE,0.09652,0.05504,0.00908,0.00332,0.09652,0.00908,1.0,0.05504,0.00332,200000,19304,0.6825,433,226,234,279,363,1.0,0.05136,0.1003199999999999,191727,3744,1816,2713,4,18,143
news-source-strategies,RQ2,E2-timing-duration,credibility_p201_d25,1020,CREDIBILITY_CAMOUFLAGE,TRADITIONAL_MEDIA,FAKE_NEWS_SOURCE,201.0,225.0,,-1.0,0.33,1.0,5.0,1.0,COMPLETE,0.10576,0.12052,0.010785,0.0080399999999999,0.10576,0.010785,1.0,0.12052,0.00804,200000,21152,0.7025,441,303,314,348,368,1.0,0.17296,0.12854,188533,4033,2157,5277,7,11,68
news-source-strategies,RQ2,E2-timing-duration,credibility_p201_d25,1021,CREDIBILITY_CAMOUFLAGE,TRADITIONAL_MEDIA,FAKE_NEWS_SOURCE,201.0,225.0,,-1.0,0.33,1.0,5.0,1.0,COMPLETE,0.106885,0.1547599999999999,0.01211,0.0159,0.106885,0.01211,1.0,0.15476,0.0159,200000,21377,0.685,464,307,316,337,386,1.0,0.04128,0.12164,187237,6069,2422,4272,6,15,122
news-source-strategies,RQ2,E2-timing-duration,credibility_p201_d25,1022,CREDIBILITY_CAMOUFLAGE,TRADITIONAL_MEDIA,FAKE_NEWS_SOURCE,201.0,225.0,,-1.0,0.33,1.0,5.0,1.0,COMPLETE,0.119895,0.11984,0.0111349999999999,0.01196,0.119895,0.011135,1.0,0.11984,0.01196,200000,23979,0.675,448,201,208,275,358,1.0,0.0484,0.11782,191116,3852,2227,2805,5,60,171
news-source-strategies,RQ2,E2-timing-duration,credibility_p201_d25,1023,CREDIBILITY_CAMOUFLAGE,TRADITIONAL_MEDIA,FAKE_NEWS_SOURCE,201.0,225.0,,-1.0,0.33,1.0,5.0,1.0,COMPLETE,0.13457,0.12538,0.012695,0.01058,0.13457,0.012695,1.0,0.12538,0.01058,200000,26914,0.6625,462,211,249,280,377,1.0,0.16384,0.1221599999999999,189654,4114,2539,3693,3,43,152
news-source-strategies,RQ2,E2-timing-duration,credibility_p201_d25,1024,CREDIBILITY_CAMOUFLAGE,TRADITIONAL_MEDIA,FAKE_NEWS_SOURCE,201.0,225.0,,-1.0,0.33,1.0,5.0,1.0,COMPLETE,0.10826,0.1212999999999999,0.009285,0.00968,0.10826,0.009285,1.0,0.1213,0.00968,200000,21652,0.67,429,157,184,247,333,1.0,0.12672,0.07664,191930,3394,1857,2819,6,59,180
news-source-strategies,RQ2,E2-timing-duration,credibility_p201_d25,1025,CREDIBILITY_CAMOUFLAGE,TRADITIONAL_MEDIA,FAKE_NEWS_SOURCE,201.0,225.0,,-1.0,0.33,1.0,5.0,1.0,COMPLETE,0.1157,0.0970999999999999,0.01137,0.00588,0.1157,0.01137,1.0,0.0971,0.00588,200000,23140,0.6525,458,330,348,379,424,1.0,0.08656,0.12952,187499,4158,2274,6069,9,16,42
news-source-strategies,RQ2,E2-timing-duration,credibility_p201_d25,1026,CREDIBILITY_CAMOUFLAGE,TRADITIONAL_MEDIA,FAKE_NEWS_SOURCE,201.0,225.0,,-1.0,0.33,1.0,5.0,1.0,COMPLETE,0.0946449999999999,0.04406,0.0120399999999999,0.00222,0.094645,0.01204,1.0,0.04406,0.00222,200000,18929,0.6775,463,388,413,431,454,1.0,0.1299199999999999,0.06284,190137,4164,2408,3291,3,7,13
news-source-strategies,RQ2,E2-timing-duration,credibility_p201_d25,1027,CREDIBILITY_CAMOUFLAGE,TRADITIONAL_MEDIA,FAKE_NEWS_SOURCE,201.0,225.0,,-1.0,0.33,1.0,5.0,1.0,COMPLETE,0.10448,0.0784599999999999,0.01263,0.0066,0.10448,0.01263,1.0,0.07846,0.0066,200000,20896,0.65,465,344,384,401,429,1.0,0.04352,0.09814,189279,4614,2526,3581,4,8,36
news-source-strategies,RQ2,E2-timing-duration,credibility_p201_d25,1028,CREDIBILITY_CAMOUFLAGE,TRADITIONAL_MEDIA,FAKE_NEWS_SOURCE,201.0,225.0,,-1.0,0.33,1.0,5.0,1.0,COMPLETE,0.132045,0.1800999999999999,0.01578,0.02368,0.132045,0.01578,1.0,0.1801,0.02368,200000,26409,0.6325,475,289,351,377,400,1.0,0.1284,0.11996,187258,5214,3156,4372,4,8,54
news-source-strategies,RQ2,E2-timing-duration,credibility_p201_d25,1029,CREDIBILITY_CAMOUFLAGE,TRADITIONAL_MEDIA,FAKE_NEWS_SOURCE,201.0,225.0,,-1.0,0.33,1.0,5.0,1.0,COMPLETE,0.099885,0.13196,0.00955,0.0141199999999999,0.099885,0.00955,1.0,0.13196,0.01412,200000,19977,0.6725,433,160,187,208,277,1.0,0.08528,0.11066,192038,3393,1910,2659,4,135,238
news-source-strategies,RQ2,E2-timing-duration,credibility_p201_d25,1030,CREDIBILITY_CAMOUFLAGE,TRADITIONAL_MEDIA,FAKE_NEWS_SOURCE,201.0,225.0,,-1.0,0.33,1.0,5.0,1.0,COMPLETE,0.0912849999999999,0.0915,0.0099499999999999,0.0065,0.091285,0.00995,1.0,0.0915,0.0065,200000,18257,0.68,444,272,279,287,377,1.0,0.0916,0.06466,191227,4259,1990,2524,4,13,171
news-source-strategies,RQ2,E2-timing-duration,credibility_p201_d100,1001,CREDIBILITY_CAMOUFLAGE,TRADITIONAL_MEDIA,FAKE_NEWS_SOURCE,201.0,300.0,,-1.0,0.33,1.0,5.0,1.0,COMPLETE,0.10498,0.12392,0.01105,0.01112,0.10498,0.01105,1.0,0.12392,0.01112,200000,20996,0.6875,451,252,252,329,389,1.0,0.06762,0.12392,191272,3490,2210,3028,3,11,127
news-source-strategies,RQ2,E2-timing-duration,credibility_p201_d100,1002,CREDIBILITY_CAMOUFLAGE,TRADITIONAL_MEDIA,FAKE_NEWS_SOURCE,201.0,300.0,,-1.0,0.33,1.0,5.0,1.0,COMPLETE,0.081915,0.04372,0.00867,0.00262,0.081915,0.00867,1.0,0.04372,0.00262,200000,16383,0.6875,431,264,275,311,341,1.0,0.12344,0.04372,192668,3046,1734,2552,3,8,158
news-source-strategies,RQ2,E2-timing-duration,credibility_p201_d100,1003,CREDIBILITY_CAMOUFLAGE,TRADITIONAL_MEDIA,FAKE_NEWS_SOURCE,201.0,300.0,,-1.0,0.33,1.0,5.0,1.0,COMPLETE,0.1079,0.13004,0.01126,0.00962,0.1079,0.01126,1.0,0.13004,0.00962,200000,21580,0.66,455,202,252,334,384,1.0,0.07612,0.13004,190289,4518,2252,2941,7,38,131
news-source-strategies,RQ2,E2-timing-duration,credibility_p201_d100,1004,CREDIBILITY_CAMOUFLAGE,TRADITIONAL_MEDIA,FAKE_NEWS_SOURCE,201.0,300.0,,-1.0,0.33,1.0,5.0,1.0,COMPLETE,0.12136,0.06544,0.01557,0.0050999999999999,0.12136,0.01557,1.0,0.06544,0.0051,200000,24272,0.6775,490,267,278,396,467,1.0,0.14292,0.06544,187108,5412,3114,4366,3,13,89
news-source-strategies,RQ2,E2-timing-duration,credibility_p201_d100,1005,CREDIBILITY_CAMOUFLAGE,TRADITIONAL_MEDIA,FAKE_NEWS_SOURCE,201.0,300.0,,-1.0,0.33,1.0,5.0,1.0,COMPLETE,0.131565,0.12136,0.01558,0.01274,0.131565,0.01558,1.0,0.12136,0.01274,200000,26313,0.65,479,344,371,409,421,1.0,0.16432,0.12136,186939,5507,3116,4438,3,9,35
news-source-strategies,RQ2,E2-timing-duration,credibility_p201_d100,1006,CREDIBILITY_CAMOUFLAGE,TRADITIONAL_MEDIA,FAKE_NEWS_SOURCE,201.0,300.0,,-1.0,0.33,1.0,5.0,1.0,COMPLETE,0.1060499999999999,0.07876,0.013425,0.00842,0.10605,0.013425,1.0,0.07876,0.00842,200000,21210,0.6675,477,351,385,426,444,1.0,0.0882,0.07876,186962,3973,2685,6380,8,13,34
news-source-strategies,RQ2,E2-timing-duration,credibility_p201_d100,1007,CREDIBILITY_CAMOUFLAGE,TRADITIONAL_MEDIA,FAKE_NEWS_SOURCE,201.0,300.0,,-1.0,0.33,1.0,5.0,1.0,COMPLETE,0.148955,0.0571599999999999,0.0256,0.00562,0.148955,0.0256,1.0,0.05716,0.00562,200000,29791,0.6975,498,377,462,489,495,1.0,0.14722,0.0571599999999999,167986,19746,5120,7148,4,10,25
news-source-strategies,RQ2,E2-timing-duration,credibility_p201_d100,1008,CREDIBILITY_CAMOUFLAGE,TRADITIONAL_MEDIA,FAKE_NEWS_SOURCE,201.0,300.0,,-1.0,0.33,1.0,5.0,1.0,COMPLETE,0.12397,0.11692,0.015905,0.01208,0.12397,0.015905,1.0,0.11692,0.01208,200000,24794,0.6625,488,360,397,411,455,1.0,0.1188,0.11692,186761,5558,3181,4500,3,8,33
news-source-strategies,RQ2,E2-timing-duration,credibility_p201_d100,1009,CREDIBILITY_CAMOUFLAGE,TRADITIONAL_MEDIA,FAKE_NEWS_SOURCE,201.0,300.0,,-1.0,0.33,1.0,5.0,1.0,COMPLETE,0.15929,0.07854,0.02678,0.01218,0.15929,0.02678,1.0,0.07854,0.01218,200000,31858,0.6775,499,280,310,469,484,1.0,0.23706,0.07854,150655,37207,5356,6782,3,17,70
news-source-strategies,RQ2,E2-timing-duration,credibility_p201_d100,1010,CREDIBILITY_CAMOUFLAGE,TRADITIONAL_MEDIA,FAKE_NEWS_SOURCE,201.0,300.0,,-1.0,0.33,1.0,5.0,1.0,COMPLETE,0.15389,0.07594,0.026885,0.0043,0.15389,0.026885,1.0,0.07594,0.0043,200000,30778,0.64,497,320,353,451,497,1.0,0.10314,0.07594,114307,72935,5377,7381,4,9,67
news-source-strategies,RQ2,E2-timing-duration,credibility_p201_d100,1011,CREDIBILITY_CAMOUFLAGE,TRADITIONAL_MEDIA,FAKE_NEWS_SOURCE,201.0,300.0,,-1.0,0.33,1.0,5.0,1.0,COMPLETE,0.08912,0.05478,0.009235,0.0028,0.08912,0.009235,1.0,0.05478,0.0028,200000,17824,0.695,426,235,252,340,368,1.0,0.09068,0.05478,192417,2964,1847,2772,3,11,78
news-source-strategies,RQ2,E2-timing-duration,credibility_p201_d100,1012,CREDIBILITY_CAMOUFLAGE,TRADITIONAL_MEDIA,FAKE_NEWS_SOURCE,201.0,300.0,,-1.0,0.33,1.0,5.0,1.0,COMPLETE,0.12699,0.14032,0.013165,0.0135,0.12699,0.013165,1.0,0.14032,0.0135,200000,25398,0.64,469,249,279,334,398,1.0,0.0927399999999999,0.14032,186695,4384,2633,6288,9,17,142
news-source-strategies,RQ2,E2-timing-duration,credibility_p201_d100,1013,CREDIBILITY_CAMOUFLAGE,TRADITIONAL_MEDIA,FAKE_NEWS_SOURCE,201.0,300.0,,-1.0,0.33,1.0,5.0,1.0,COMPLETE,0.088025,0.08674,0.008285,0.0070599999999999,0.088025,0.008285,1.0,0.08674,0.00706,200000,17605,0.6725,412,163,205,278,357,1.0,0.04288,0.08674,192929,3108,1657,2306,4,74,128
news-source-strategies,RQ2,E2-timing-duration,credibility_p201_d100,1014,CREDIBILITY_CAMOUFLAGE,TRADITIONAL_MEDIA,FAKE_NEWS_SOURCE,201.0,300.0,,-1.0,0.33,1.0,5.0,1.0,COMPLETE,0.114495,0.05318,0.0117799999999999,0.00272,0.114495,0.01178,1.0,0.05318,0.00272,200000,22899,0.7075,456,275,306,326,392,1.0,0.1518199999999999,0.05318,189798,4345,2356,3501,3,12,148
news-source-strategies,RQ2,E2-timing-duration,credibility_p201_d100,1015,CREDIBILITY_CAMOUFLAGE,TRADITIONAL_MEDIA,FAKE_NEWS_SOURCE,201.0,300.0,,-1.0,0.33,1.0,5.0,1.0,COMPLETE,0.1294,0.1321999999999999,0.01467,0.0106,0.1294,0.01467,1.0,0.1322,0.0106,200000,25880,0.6525,484,163,171,284,462,1.0,0.04338,0.1321999999999999,187545,5655,2934,3866,11,74,123
news-source-strategies,RQ2,E2-timing-duration,credibility_p201_d100,1016,CREDIBILITY_CAMOUFLAGE,TRADITIONAL_MEDIA,FAKE_NEWS_SOURCE,201.0,300.0,,-1.0,0.33,1.0,5.0,1.0,COMPLETE,0.10862,0.11818,0.01168,0.00796,0.10862,0.01168,1.0,0.11818,0.00796,200000,21724,0.66,447,316,319,343,372,1.0,0.1195799999999999,0.11818,189951,3508,2336,4205,5,9,93
news-source-strategies,RQ2,E2-timing-duration,credibility_p201_d100,1017,CREDIBILITY_CAMOUFLAGE,TRADITIONAL_MEDIA,FAKE_NEWS_SOURCE,201.0,300.0,,-1.0,0.33,1.0,5.0,1.0,COMPLETE,0.114255,0.1301399999999999,0.0124,0.00946,0.114255,0.0124,1.0,0.13014,0.00946,200000,22851,0.665,460,339,359,384,414,1.0,0.09838,0.1301399999999999,189876,4097,2480,3547,4,8,30
news-source-strategies,RQ2,E2-timing-duration,credibility_p201_d100,1018,CREDIBILITY_CAMOUFLAGE,TRADITIONAL_MEDIA,FAKE_NEWS_SOURCE,201.0,300.0,,-1.0,0.33,1.0,5.0,1.0,COMPLETE,0.117995,0.08718,0.011805,0.00512,0.117995,0.011805,1.0,0.08718,0.00512,200000,23599,0.6625,456,304,306,334,430,1.0,0.09876,0.08718,189641,4679,2361,3319,4,8,105
news-source-strategies,RQ2,E2-timing-duration,credibility_p201_d100,1019,CREDIBILITY_CAMOUFLAGE,TRADITIONAL_MEDIA,FAKE_NEWS_SOURCE,201.0,300.0,,-1.0,0.33,1.0,5.0,1.0,COMPLETE,0.09626,0.05502,0.009055,0.00332,0.09626,0.009055,1.0,0.05502,0.00332,200000,19252,0.6825,433,226,234,279,363,1.0,0.10174,0.05502,191817,3723,1811,2649,4,18,143
news-source-strategies,RQ2,E2-timing-duration,credibility_p201_d100,1020,CREDIBILITY_CAMOUFLAGE,TRADITIONAL_MEDIA,FAKE_NEWS_SOURCE,201.0,300.0,,-1.0,0.33,1.0,5.0,1.0,COMPLETE,0.10571,0.12032,0.010795,0.0079,0.10571,0.010795,1.0,0.12032,0.0079,200000,21142,0.7025,442,303,314,348,368,1.0,0.12952,0.12032,188582,4005,2159,5254,7,11,68
news-source-strategies,RQ2,E2-timing-duration,credibility_p201_d100,1021,CREDIBILITY_CAMOUFLAGE,TRADITIONAL_MEDIA,FAKE_NEWS_SOURCE,201.0,300.0,,-1.0,0.33,1.0,5.0,1.0,COMPLETE,0.106865,0.15474,0.012125,0.01576,0.106865,0.012125,1.0,0.15474,0.01576,200000,21373,0.685,464,307,316,337,386,1.0,0.0635,0.15474,187275,6046,2425,4254,6,15,122
news-source-strategies,RQ2,E2-timing-duration,credibility_p201_d100,1022,CREDIBILITY_CAMOUFLAGE,TRADITIONAL_MEDIA,FAKE_NEWS_SOURCE,201.0,300.0,,-1.0,0.33,1.0,5.0,1.0,COMPLETE,0.12006,0.11996,0.01129,0.01206,0.12006,0.01129,1.0,0.11996,0.01206,200000,24012,0.675,449,201,208,275,358,1.0,0.09816,0.11996,191086,3830,2258,2826,5,60,171
news-source-strategies,RQ2,E2-timing-duration,credibility_p201_d100,1023,CREDIBILITY_CAMOUFLAGE,TRADITIONAL_MEDIA,FAKE_NEWS_SOURCE,201.0,300.0,,-1.0,0.33,1.0,5.0,1.0,COMPLETE,0.13426,0.12514,0.01249,0.01042,0.13426,0.01249,1.0,0.12514,0.01042,200000,26852,0.6625,462,211,249,280,377,1.0,0.1512599999999999,0.12514,189973,3952,2498,3577,3,43,152
news-source-strategies,RQ2,E2-timing-duration,credibility_p201_d100,1024,CREDIBILITY_CAMOUFLAGE,TRADITIONAL_MEDIA,FAKE_NEWS_SOURCE,201.0,300.0,,-1.0,0.33,1.0,5.0,1.0,COMPLETE,0.1082699999999999,0.12128,0.0093,0.00968,0.10827,0.0093,1.0,0.12128,0.00968,200000,21654,0.67,429,157,184,247,333,1.0,0.08682,0.12128,191945,3385,1860,2810,6,59,180
news-source-strategies,RQ2,E2-timing-duration,credibility_p201_d100,1025,CREDIBILITY_CAMOUFLAGE,TRADITIONAL_MEDIA,FAKE_NEWS_SOURCE,201.0,300.0,,-1.0,0.33,1.0,5.0,1.0,COMPLETE,0.11565,0.09684,0.011445,0.0056799999999999,0.11565,0.011445,1.0,0.09684,0.00568,200000,23130,0.6525,459,330,348,379,424,1.0,0.10958,0.09684,187547,4127,2289,6037,9,16,42
news-source-strategies,RQ2,E2-timing-duration,credibility_p201_d100,1026,CREDIBILITY_CAMOUFLAGE,TRADITIONAL_MEDIA,FAKE_NEWS_SOURCE,201.0,300.0,,-1.0,0.33,1.0,5.0,1.0,COMPLETE,0.09461,0.04396,0.012025,0.00214,0.09461,0.012025,1.0,0.04396,0.00214,200000,18922,0.6775,463,388,413,431,454,1.0,0.08422,0.04396,190187,4140,2405,3268,3,7,13
news-source-strategies,RQ2,E2-timing-duration,credibility_p201_d100,1027,CREDIBILITY_CAMOUFLAGE,TRADITIONAL_MEDIA,FAKE_NEWS_SOURCE,201.0,300.0,,-1.0,0.33,1.0,5.0,1.0,COMPLETE,0.104525,0.0784599999999999,0.012775,0.0066,0.104525,0.012775,1.0,0.07846,0.0066,200000,20905,0.65,466,344,384,401,429,1.0,0.08534,0.0784599999999999,189284,4599,2555,3562,4,8,36
news-source-strategies,RQ2,E2-timing-duration,credibility_p201_d100,1028,CREDIBILITY_CAMOUFLAGE,TRADITIONAL_MEDIA,FAKE_NEWS_SOURCE,201.0,300.0,,-1.0,0.33,1.0,5.0,1.0,COMPLETE,0.131885,0.17912,0.015545,0.02206,0.131885,0.015545,1.0,0.17912,0.02206,200000,26377,0.6325,475,289,351,377,400,1.0,0.1187,0.17912,187370,5153,3109,4368,4,8,54
news-source-strategies,RQ2,E2-timing-duration,credibility_p201_d100,1029,CREDIBILITY_CAMOUFLAGE,TRADITIONAL_MEDIA,FAKE_NEWS_SOURCE,201.0,300.0,,-1.0,0.33,1.0,5.0,1.0,COMPLETE,0.09996,0.13188,0.009775,0.0141199999999999,0.09996,0.009775,1.0,0.13188,0.01412,200000,19992,0.6725,436,160,187,208,277,1.0,0.11092,0.13188,192099,3319,1955,2627,4,135,239
news-source-strategies,RQ2,E2-timing-duration,credibility_p201_d100,1030,CREDIBILITY_CAMOUFLAGE,TRADITIONAL_MEDIA,FAKE_NEWS_SOURCE,201.0,300.0,,-1.0,0.33,1.0,5.0,1.0,COMPLETE,0.091095,0.09118,0.00985,0.00632,0.091095,0.00985,1.0,0.09118,0.00632,200000,18219,0.68,443,272,279,287,377,1.0,0.07606,0.09118,191331,4211,1970,2488,4,13,171
news-source-strategies,RQ2,E2-timing-duration,credibility_p201_permanent,1001,CREDIBILITY_CAMOUFLAGE,TRADITIONAL_MEDIA,FAKE_NEWS_SOURCE,201.0,-1.0,,-1.0,0.33,1.0,5.0,1.0,COMPLETE,0.105215,0.12486,0.01128,0.0120399999999999,0.105215,0.01128,1.0,0.12486,0.01204,200000,21043,0.6875,454,252,252,329,389,1.0,0.0962399999999999,,191288,3446,2256,3010,3,11,127
news-source-strategies,RQ2,E2-timing-duration,credibility_p201_permanent,1002,CREDIBILITY_CAMOUFLAGE,TRADITIONAL_MEDIA,FAKE_NEWS_SOURCE,201.0,-1.0,,-1.0,0.33,1.0,5.0,1.0,COMPLETE,0.08191,0.0437,0.008705,0.00276,0.08191,0.008705,1.0,0.0437,0.00276,200000,16382,0.6875,431,264,275,311,341,1.0,0.0835699999999999,,192680,3038,1741,2541,3,8,158
news-source-strategies,RQ2,E2-timing-duration,credibility_p201_permanent,1003,CREDIBILITY_CAMOUFLAGE,TRADITIONAL_MEDIA,FAKE_NEWS_SOURCE,201.0,-1.0,,-1.0,0.33,1.0,5.0,1.0,COMPLETE,0.108055,0.13066,0.011545,0.01076,0.108055,0.011545,1.0,0.13066,0.01076,200000,21611,0.66,457,202,252,334,384,1.0,0.10339,,190165,4586,2309,2940,7,38,134
news-source-strategies,RQ2,E2-timing-duration,credibility_p201_permanent,1004,CREDIBILITY_CAMOUFLAGE,TRADITIONAL_MEDIA,FAKE_NEWS_SOURCE,201.0,-1.0,,-1.0,0.33,1.0,5.0,1.0,COMPLETE,0.12129,0.06516,0.0155649999999999,0.00508,0.12129,0.015565,1.0,0.06516,0.00508,200000,24258,0.6775,491,267,278,396,467,1.0,0.10404,,187160,5387,3113,4340,3,14,89
news-source-strategies,RQ2,E2-timing-duration,credibility_p201_permanent,1005,CREDIBILITY_CAMOUFLAGE,TRADITIONAL_MEDIA,FAKE_NEWS_SOURCE,201.0,-1.0,,-1.0,0.33,1.0,5.0,1.0,COMPLETE,0.1317549999999999,0.12212,0.01589,0.01398,0.131755,0.01589,1.0,0.12212,0.01398,200000,26351,0.65,481,344,371,409,421,1.0,0.14322,,186868,5507,3178,4447,3,9,36
news-source-strategies,RQ2,E2-timing-duration,credibility_p201_permanent,1006,CREDIBILITY_CAMOUFLAGE,TRADITIONAL_MEDIA,FAKE_NEWS_SOURCE,201.0,-1.0,,-1.0,0.33,1.0,5.0,1.0,COMPLETE,0.10612,0.07904,0.01339,0.00828,0.10612,0.01339,1.0,0.07904,0.00828,200000,21224,0.6675,476,351,385,426,444,1.0,0.08362,,186962,3973,2678,6387,8,13,31
news-source-strategies,RQ2,E2-timing-duration,credibility_p201_permanent,1007,CREDIBILITY_CAMOUFLAGE,TRADITIONAL_MEDIA,FAKE_NEWS_SOURCE,201.0,-1.0,,-1.0,0.33,1.0,5.0,1.0,COMPLETE,0.148855,0.05676,0.02561,0.00566,0.148855,0.02561,1.0,0.05676,0.00566,200000,29771,0.6975,498,377,462,489,495,1.0,0.10199,,168077,19693,5122,7108,4,10,25
news-source-strategies,RQ2,E2-timing-duration,credibility_p201_permanent,1008,CREDIBILITY_CAMOUFLAGE,TRADITIONAL_MEDIA,FAKE_NEWS_SOURCE,201.0,-1.0,,-1.0,0.33,1.0,5.0,1.0,COMPLETE,0.123905,0.11666,0.01616,0.0130999999999999,0.123905,0.01616,1.0,0.11666,0.0131,200000,24781,0.6625,488,360,397,411,455,1.0,0.11773,,186848,5461,3232,4459,3,8,33
news-source-strategies,RQ2,E2-timing-duration,credibility_p201_permanent,1009,CREDIBILITY_CAMOUFLAGE,TRADITIONAL_MEDIA,FAKE_NEWS_SOURCE,201.0,-1.0,,-1.0,0.33,1.0,5.0,1.0,COMPLETE,0.1590649999999999,0.07764,0.02669,0.01182,0.159065,0.02669,1.0,0.07764,0.01182,200000,31813,0.6775,499,280,310,469,484,1.0,0.15735,,150805,37142,5338,6715,3,17,70
news-source-strategies,RQ2,E2-timing-duration,credibility_p201_permanent,1010,CREDIBILITY_CAMOUFLAGE,TRADITIONAL_MEDIA,FAKE_NEWS_SOURCE,201.0,-1.0,,-1.0,0.33,1.0,5.0,1.0,COMPLETE,0.153875,0.0758799999999999,0.02687,0.00424,0.153875,0.02687,1.0,0.07588,0.00424,200000,30775,0.64,497,320,353,451,497,1.0,0.08951,,114322,72934,5374,7370,4,9,67
news-source-strategies,RQ2,E2-timing-duration,credibility_p201_permanent,1011,CREDIBILITY_CAMOUFLAGE,TRADITIONAL_MEDIA,FAKE_NEWS_SOURCE,201.0,-1.0,,-1.0,0.33,1.0,5.0,1.0,COMPLETE,0.0891,0.0547,0.00926,0.0029,0.0891,0.00926,1.0,0.0547,0.0029,200000,17820,0.695,426,235,252,340,368,1.0,0.07269,,192452,2952,1852,2744,3,11,78
news-source-strategies,RQ2,E2-timing-duration,credibility_p201_permanent,1012,CREDIBILITY_CAMOUFLAGE,TRADITIONAL_MEDIA,FAKE_NEWS_SOURCE,201.0,-1.0,,-1.0,0.33,1.0,5.0,1.0,COMPLETE,0.1270949999999999,0.14074,0.0133599999999999,0.01428,0.127095,0.01336,1.0,0.14074,0.01428,200000,25419,0.64,472,249,279,334,398,1.0,0.11674,,186713,4355,2672,6260,9,17,146
news-source-strategies,RQ2,E2-timing-duration,credibility_p201_permanent,1013,CREDIBILITY_CAMOUFLAGE,TRADITIONAL_MEDIA,FAKE_NEWS_SOURCE,201.0,-1.0,,-1.0,0.33,1.0,5.0,1.0,COMPLETE,0.088005,0.08666,0.00842,0.0076,0.088005,0.00842,1.0,0.08666,0.0076,200000,17601,0.6725,412,163,205,278,357,1.0,0.06477,,192963,3082,1684,2271,4,74,128
news-source-strategies,RQ2,E2-timing-duration,credibility_p201_permanent,1014,CREDIBILITY_CAMOUFLAGE,TRADITIONAL_MEDIA,FAKE_NEWS_SOURCE,201.0,-1.0,,-1.0,0.33,1.0,5.0,1.0,COMPLETE,0.11449,0.05316,0.011805,0.00282,0.11449,0.011805,1.0,0.05316,0.00282,200000,22898,0.7075,456,275,306,326,392,1.0,0.10249,,189805,4341,2361,3493,3,12,148
news-source-strategies,RQ2,E2-timing-duration,credibility_p201_permanent,1015,CREDIBILITY_CAMOUFLAGE,TRADITIONAL_MEDIA,FAKE_NEWS_SOURCE,201.0,-1.0,,-1.0,0.33,1.0,5.0,1.0,COMPLETE,0.12957,0.13288,0.01493,0.01164,0.12957,0.01493,1.0,0.13288,0.01164,200000,25914,0.6525,485,163,171,284,462,1.0,0.08813,,187497,5669,2986,3848,11,75,124
news-source-strategies,RQ2,E2-timing-duration,credibility_p201_permanent,1016,CREDIBILITY_CAMOUFLAGE,TRADITIONAL_MEDIA,FAKE_NEWS_SOURCE,201.0,-1.0,,-1.0,0.33,1.0,5.0,1.0,COMPLETE,0.1087699999999999,0.11878,0.011895,0.00882,0.10877,0.011895,1.0,0.11878,0.00882,200000,21754,0.66,449,316,319,343,372,1.0,0.11918,,189959,3475,2379,4187,5,9,93
news-source-strategies,RQ2,E2-timing-duration,credibility_p201_permanent,1017,CREDIBILITY_CAMOUFLAGE,TRADITIONAL_MEDIA,FAKE_NEWS_SOURCE,201.0,-1.0,,-1.0,0.33,1.0,5.0,1.0,COMPLETE,0.11415,0.12972,0.012395,0.0094399999999999,0.11415,0.012395,1.0,0.12972,0.00944,200000,22830,0.665,460,339,359,384,414,1.0,0.11405,,190021,3981,2479,3519,4,8,30
news-source-strategies,RQ2,E2-timing-duration,credibility_p201_permanent,1018,CREDIBILITY_CAMOUFLAGE,TRADITIONAL_MEDIA,FAKE_NEWS_SOURCE,201.0,-1.0,,-1.0,0.33,1.0,5.0,1.0,COMPLETE,0.11792,0.08688,0.0117899999999999,0.0050599999999999,0.11792,0.01179,1.0,0.08688,0.00506,200000,23584,0.6625,456,304,306,334,430,1.0,0.09282,,189699,4651,2358,3292,4,8,105
news-source-strategies,RQ2,E2-timing-duration,credibility_p201_permanent,1019,CREDIBILITY_CAMOUFLAGE,TRADITIONAL_MEDIA,FAKE_NEWS_SOURCE,201.0,-1.0,,-1.0,0.33,1.0,5.0,1.0,COMPLETE,0.0960699999999999,0.0542599999999999,0.0089649999999999,0.00296,0.09607,0.008965,1.0,0.05426,0.00296,200000,19214,0.6825,433,226,234,279,363,1.0,0.078,,191910,3678,1793,2619,4,18,143
news-source-strategies,RQ2,E2-timing-duration,credibility_p201_permanent,1020,CREDIBILITY_CAMOUFLAGE,TRADITIONAL_MEDIA,FAKE_NEWS_SOURCE,201.0,-1.0,,-1.0,0.33,1.0,5.0,1.0,COMPLETE,0.105935,0.12122,0.011125,0.00922,0.105935,0.011125,1.0,0.12122,0.00922,200000,21187,0.7025,448,303,314,348,368,1.0,0.12537,,188543,3997,2225,5235,7,11,72
news-source-strategies,RQ2,E2-timing-duration,credibility_p201_permanent,1021,CREDIBILITY_CAMOUFLAGE,TRADITIONAL_MEDIA,FAKE_NEWS_SOURCE,201.0,-1.0,,-1.0,0.33,1.0,5.0,1.0,COMPLETE,0.1061449999999999,0.15186,0.01148,0.0131799999999999,0.106145,0.01148,1.0,0.15186,0.01318,200000,21229,0.685,458,307,316,337,386,1.0,0.10768,,187908,5783,2296,4013,6,15,106
news-source-strategies,RQ2,E2-timing-duration,credibility_p201_permanent,1022,CREDIBILITY_CAMOUFLAGE,TRADITIONAL_MEDIA,FAKE_NEWS_SOURCE,201.0,-1.0,,-1.0,0.33,1.0,5.0,1.0,COMPLETE,0.120035,0.11986,0.01146,0.01274,0.120035,0.01146,1.0,0.11986,0.01274,200000,24007,0.675,451,201,208,275,358,1.0,0.10901,,191133,3806,2292,2769,5,60,171
news-source-strategies,RQ2,E2-timing-duration,credibility_p201_permanent,1023,CREDIBILITY_CAMOUFLAGE,TRADITIONAL_MEDIA,FAKE_NEWS_SOURCE,201.0,-1.0,,-1.0,0.33,1.0,5.0,1.0,COMPLETE,0.1340049999999999,0.12412,0.012325,0.00976,0.134005,0.012325,1.0,0.12412,0.00976,200000,26801,0.6625,462,211,249,280,377,1.0,0.13769,,190106,3893,2465,3536,3,43,152
news-source-strategies,RQ2,E2-timing-duration,credibility_p201_permanent,1024,CREDIBILITY_CAMOUFLAGE,TRADITIONAL_MEDIA,FAKE_NEWS_SOURCE,201.0,-1.0,,-1.0,0.33,1.0,5.0,1.0,COMPLETE,0.1081449999999999,0.12078,0.00928,0.0096,0.108145,0.00928,1.0,0.12078,0.0096,200000,21629,0.67,429,157,184,247,333,1.0,0.1038,,192040,3322,1856,2782,6,59,180
news-source-strategies,RQ2,E2-timing-duration,credibility_p201_permanent,1025,CREDIBILITY_CAMOUFLAGE,TRADITIONAL_MEDIA,FAKE_NEWS_SOURCE,201.0,-1.0,,-1.0,0.33,1.0,5.0,1.0,COMPLETE,0.11578,0.09736,0.01164,0.00646,0.11578,0.01164,1.0,0.09736,0.00646,200000,23156,0.6525,461,330,348,379,424,1.0,0.1034699999999999,,187531,4112,2328,6029,9,16,42
news-source-strategies,RQ2,E2-timing-duration,credibility_p201_permanent,1026,CREDIBILITY_CAMOUFLAGE,TRADITIONAL_MEDIA,FAKE_NEWS_SOURCE,201.0,-1.0,,-1.0,0.33,1.0,5.0,1.0,COMPLETE,0.094575,0.04382,0.012005,0.00206,0.094575,0.012005,1.0,0.04382,0.00206,200000,18915,0.6775,463,388,413,431,454,1.0,0.06402,,190225,4123,2401,3251,3,7,13
news-source-strategies,RQ2,E2-timing-duration,credibility_p201_permanent,1027,CREDIBILITY_CAMOUFLAGE,TRADITIONAL_MEDIA,FAKE_NEWS_SOURCE,201.0,-1.0,,-1.0,0.33,1.0,5.0,1.0,COMPLETE,0.10442,0.07804,0.0127,0.0063,0.10442,0.0127,1.0,0.07804,0.0063,200000,20884,0.65,466,344,384,401,429,1.0,0.08169,,189387,4542,2540,3531,4,8,36
news-source-strategies,RQ2,E2-timing-duration,credibility_p201_permanent,1028,CREDIBILITY_CAMOUFLAGE,TRADITIONAL_MEDIA,FAKE_NEWS_SOURCE,201.0,-1.0,,-1.0,0.33,1.0,5.0,1.0,COMPLETE,0.1317849999999999,0.17872,0.015945,0.02366,0.131785,0.015945,1.0,0.17872,0.02366,200000,26357,0.6325,473,289,351,377,400,1.0,0.14871,,187500,5055,3189,4256,4,8,53
news-source-strategies,RQ2,E2-timing-duration,credibility_p201_permanent,1029,CREDIBILITY_CAMOUFLAGE,TRADITIONAL_MEDIA,FAKE_NEWS_SOURCE,201.0,-1.0,,-1.0,0.33,1.0,5.0,1.0,COMPLETE,0.10025,0.13304,0.010135,0.01556,0.10025,0.010135,1.0,0.13304,0.01556,200000,20050,0.6725,440,160,187,208,277,1.0,0.12198,,191968,3341,2027,2664,5,135,239
news-source-strategies,RQ2,E2-timing-duration,credibility_p201_permanent,1030,CREDIBILITY_CAMOUFLAGE,TRADITIONAL_MEDIA,FAKE_NEWS_SOURCE,201.0,-1.0,,-1.0,0.33,1.0,5.0,1.0,COMPLETE,0.09094,0.09056,0.0097449999999999,0.0059,0.09094,0.009745,1.0,0.09056,0.0059,200000,18188,0.68,443,272,279,287,377,1.0,0.08331,,191422,4174,1949,2455,4,13,171
news-source-strategies,RQ2,E2-timing-duration,informational_p1_d25,1001,INFORMATIONAL_CAMOUFLAGE,TRADITIONAL_MEDIA,FAKE_NEWS_SOURCE,1.0,25.0,,-1.0,0.33,1.0,5.0,1.0,COMPLETE,0.1053149999999999,0.12434,0.01129,0.01132,0.105315,0.01129,1.0,0.12434,0.01132,200000,21063,0.6875,456,262,263,337,396,1.0,0.11144,0.0926599999999999,191099,3553,2258,3090,3,10,127
news-source-strategies,RQ2,E2-timing-duration,informational_p1_d25,1002,INFORMATIONAL_CAMOUFLAGE,TRADITIONAL_MEDIA,FAKE_NEWS_SOURCE,1.0,25.0,,-1.0,0.33,1.0,5.0,1.0,COMPLETE,0.08208,0.04374,0.008705,0.00262,0.08208,0.008705,1.0,0.04374,0.00262,200000,16416,0.6875,437,286,295,327,354,1.0,0.1256,0.0764,192557,3144,1741,2558,3,8,123
news-source-strategies,RQ2,E2-timing-duration,informational_p1_d25,1003,INFORMATIONAL_CAMOUFLAGE,TRADITIONAL_MEDIA,FAKE_NEWS_SOURCE,1.0,25.0,,-1.0,0.33,1.0,5.0,1.0,COMPLETE,0.10825,0.13006,0.011615,0.00964,0.10825,0.011615,1.0,0.13006,0.00964,200000,21650,0.66,459,213,266,346,393,1.0,0.16872,0.09566,190213,4511,2323,2953,7,36,98
news-source-strategies,RQ2,E2-timing-duration,informational_p1_d25,1004,INFORMATIONAL_CAMOUFLAGE,TRADITIONAL_MEDIA,FAKE_NEWS_SOURCE,1.0,25.0,,-1.0,0.33,1.0,5.0,1.0,COMPLETE,0.1222849999999999,0.06578,0.016405,0.00538,0.122285,0.016405,1.0,0.06578,0.00538,200000,24457,0.6775,491,291,303,407,474,1.0,0.15584,0.14168,186550,5614,3281,4555,3,10,88
news-source-strategies,RQ2,E2-timing-duration,informational_p1_d25,1005,INFORMATIONAL_CAMOUFLAGE,TRADITIONAL_MEDIA,FAKE_NEWS_SOURCE,1.0,25.0,,-1.0,0.33,1.0,5.0,1.0,COMPLETE,0.1315,0.12164,0.0153949999999999,0.01262,0.1315,0.015395,1.0,0.12164,0.01262,200000,26300,0.65,483,358,380,413,427,1.0,0.2404,0.13684,187085,5472,3079,4364,3,9,29
news-source-strategies,RQ2,E2-timing-duration,informational_p1_d25,1006,INFORMATIONAL_CAMOUFLAGE,TRADITIONAL_MEDIA,FAKE_NEWS_SOURCE,1.0,25.0,,-1.0,0.33,1.0,5.0,1.0,COMPLETE,0.1061899999999999,0.07884,0.013585,0.0085,0.10619,0.013585,1.0,0.07884,0.0085,200000,21238,0.6675,479,363,395,435,450,1.0,0.2471999999999999,0.12954,186964,3966,2717,6353,8,13,24
news-source-strategies,RQ2,E2-timing-duration,informational_p1_d25,1007,INFORMATIONAL_CAMOUFLAGE,TRADITIONAL_MEDIA,FAKE_NEWS_SOURCE,1.0,25.0,,-1.0,0.33,1.0,5.0,1.0,COMPLETE,0.1468,0.05736,0.02505,0.0059,0.1468,0.02505,1.0,0.05736,0.0059,200000,29360,0.6975,499,398,469,490,496,1.0,0.27032,0.21032,168107,19952,5010,6931,4,9,17
news-source-strategies,RQ2,E2-timing-duration,informational_p1_d25,1008,INFORMATIONAL_CAMOUFLAGE,TRADITIONAL_MEDIA,FAKE_NEWS_SOURCE,1.0,25.0,,-1.0,0.33,1.0,5.0,1.0,COMPLETE,0.1240199999999999,0.11722,0.015915,0.01206,0.12402,0.015915,1.0,0.11722,0.01206,200000,24804,0.6625,488,368,409,421,464,1.0,0.19952,0.11188,187307,5101,3183,4409,3,8,21
news-source-strategies,RQ2,E2-timing-duration,informational_p1_d25,1009,INFORMATIONAL_CAMOUFLAGE,TRADITIONAL_MEDIA,FAKE_NEWS_SOURCE,1.0,25.0,,-1.0,0.33,1.0,5.0,1.0,COMPLETE,0.15884,0.0776599999999999,0.02662,0.01194,0.15884,0.02662,1.0,0.07766,0.01194,200000,31768,0.6775,499,293,326,471,484,1.0,0.21608,0.1914799999999999,150682,37222,5324,6772,3,16,69
news-source-strategies,RQ2,E2-timing-duration,informational_p1_d25,1010,INFORMATIONAL_CAMOUFLAGE,TRADITIONAL_MEDIA,FAKE_NEWS_SOURCE,1.0,25.0,,-1.0,0.33,1.0,5.0,1.0,COMPLETE,0.15411,0.07576,0.0269,0.0040199999999999,0.15411,0.0269,1.0,0.07576,0.00402,200000,30822,0.64,497,340,372,455,496,1.0,0.2128799999999999,0.20772,114219,73023,5380,7378,4,9,61
news-source-strategies,RQ2,E2-timing-duration,informational_p1_d25,1011,INFORMATIONAL_CAMOUFLAGE,TRADITIONAL_MEDIA,FAKE_NEWS_SOURCE,1.0,25.0,,-1.0,0.33,1.0,5.0,1.0,COMPLETE,0.089255,0.05468,0.0095199999999999,0.0027,0.089255,0.00952,1.0,0.05468,0.0027,200000,17851,0.695,432,256,275,353,377,1.0,0.14096,0.13506,192368,2979,1904,2749,3,9,75
news-source-strategies,RQ2,E2-timing-duration,informational_p1_d25,1012,INFORMATIONAL_CAMOUFLAGE,TRADITIONAL_MEDIA,FAKE_NEWS_SOURCE,1.0,25.0,,-1.0,0.33,1.0,5.0,1.0,COMPLETE,0.1262349999999999,0.1402,0.01285,0.0134399999999999,0.126235,0.01285,1.0,0.1402,0.01344,200000,25247,0.64,467,246,270,331,398,1.0,0.11752,0.13362,187141,4170,2570,6119,9,17,146
news-source-strategies,RQ2,E2-timing-duration,informational_p1_d25,1013,INFORMATIONAL_CAMOUFLAGE,TRADITIONAL_MEDIA,FAKE_NEWS_SOURCE,1.0,25.0,,-1.0,0.33,1.0,5.0,1.0,COMPLETE,0.087755,0.08652,0.008,0.00674,0.087755,0.008,1.0,0.08652,0.00674,200000,17551,0.6725,410,166,197,271,354,1.0,0.06104,0.12096,193084,3059,1600,2257,4,75,128
news-source-strategies,RQ2,E2-timing-duration,informational_p1_d25,1014,INFORMATIONAL_CAMOUFLAGE,TRADITIONAL_MEDIA,FAKE_NEWS_SOURCE,1.0,25.0,,-1.0,0.33,1.0,5.0,1.0,COMPLETE,0.11515,0.05324,0.01214,0.00278,0.11515,0.01214,1.0,0.05324,0.00278,200000,23030,0.7075,463,301,332,349,406,1.0,0.22832,0.0863,189427,4508,2428,3637,3,11,82
news-source-strategies,RQ2,E2-timing-duration,informational_p1_d25,1015,INFORMATIONAL_CAMOUFLAGE,TRADITIONAL_MEDIA,FAKE_NEWS_SOURCE,1.0,25.0,,-1.0,0.33,1.0,5.0,1.0,COMPLETE,0.12966,0.1321999999999999,0.01488,0.01062,0.12966,0.01488,1.0,0.1322,0.01062,200000,25932,0.6525,484,174,182,292,462,1.0,0.14656,0.1683,187408,5736,2976,3880,11,73,123
news-source-strategies,RQ2,E2-timing-duration,informational_p1_d25,1016,INFORMATIONAL_CAMOUFLAGE,TRADITIONAL_MEDIA,FAKE_NEWS_SOURCE,1.0,25.0,,-1.0,0.33,1.0,5.0,1.0,COMPLETE,0.10879,0.11852,0.0118699999999999,0.00822,0.10879,0.01187,1.0,0.11852,0.00822,200000,21758,0.66,456,342,346,364,388,1.0,0.24968,0.0804599999999999,189710,3718,2374,4198,5,8,24
news-source-strategies,RQ2,E2-timing-duration,informational_p1_d25,1017,INFORMATIONAL_CAMOUFLAGE,TRADITIONAL_MEDIA,FAKE_NEWS_SOURCE,1.0,25.0,,-1.0,0.33,1.0,5.0,1.0,COMPLETE,0.114475,0.1304199999999999,0.012615,0.00964,0.114475,0.012615,1.0,0.13042,0.00964,200000,22895,0.665,463,355,371,395,422,1.0,0.20912,0.10152,189767,4129,2523,3581,4,7,18
news-source-strategies,RQ2,E2-timing-duration,informational_p1_d25,1018,INFORMATIONAL_CAMOUFLAGE,TRADITIONAL_MEDIA,FAKE_NEWS_SOURCE,1.0,25.0,,-1.0,0.33,1.0,5.0,1.0,COMPLETE,0.117925,0.08766,0.012005,0.00556,0.117925,0.012005,1.0,0.08766,0.00556,200000,23585,0.6625,458,316,318,343,433,1.0,0.18024,0.13002,189799,4541,2401,3259,4,8,104
news-source-strategies,RQ2,E2-timing-duration,informational_p1_d25,1019,INFORMATIONAL_CAMOUFLAGE,TRADITIONAL_MEDIA,FAKE_NEWS_SOURCE,1.0,25.0,,-1.0,0.33,1.0,5.0,1.0,COMPLETE,0.0974599999999999,0.0549,0.0099049999999999,0.00322,0.09746,0.009905,1.0,0.0549,0.00322,200000,19492,0.6825,441,259,268,307,378,1.0,0.18408,0.08744,191282,3931,1981,2806,5,15,139
news-source-strategies,RQ2,E2-timing-duration,informational_p1_d25,1020,INFORMATIONAL_CAMOUFLAGE,TRADITIONAL_MEDIA,FAKE_NEWS_SOURCE,1.0,25.0,,-1.0,0.33,1.0,5.0,1.0,COMPLETE,0.105025,0.12054,0.010635,0.0081,0.105025,0.010635,1.0,0.12054,0.0081,200000,21005,0.7025,447,317,329,357,376,1.0,0.1850399999999999,0.07034,188996,3764,2127,5113,7,11,55
news-source-strategies,RQ2,E2-timing-duration,informational_p1_d25,1021,INFORMATIONAL_CAMOUFLAGE,TRADITIONAL_MEDIA,FAKE_NEWS_SOURCE,1.0,25.0,,-1.0,0.33,1.0,5.0,1.0,COMPLETE,0.106695,0.1548199999999999,0.0121199999999999,0.01594,0.106695,0.01212,1.0,0.15482,0.01594,200000,21339,0.685,465,321,330,344,392,1.0,0.17464,0.08856,187354,6090,2424,4132,6,15,106
news-source-strategies,RQ2,E2-timing-duration,informational_p1_d25,1022,INFORMATIONAL_CAMOUFLAGE,TRADITIONAL_MEDIA,FAKE_NEWS_SOURCE,1.0,25.0,,-1.0,0.33,1.0,5.0,1.0,COMPLETE,0.11945,0.11982,0.01073,0.0119,0.11945,0.01073,1.0,0.11982,0.0119,200000,23890,0.675,445,198,206,272,354,1.0,0.20024,0.0895,191375,3751,2146,2728,5,60,171
news-source-strategies,RQ2,E2-timing-duration,informational_p1_d25,1023,INFORMATIONAL_CAMOUFLAGE,TRADITIONAL_MEDIA,FAKE_NEWS_SOURCE,1.0,25.0,,-1.0,0.33,1.0,5.0,1.0,COMPLETE,0.134565,0.12536,0.012865,0.01056,0.134565,0.012865,1.0,0.12536,0.01056,200000,26913,0.6625,464,224,260,291,384,1.0,0.14712,0.10722,189573,4159,2573,3695,3,38,151
news-source-strategies,RQ2,E2-timing-duration,informational_p1_d25,1024,INFORMATIONAL_CAMOUFLAGE,TRADITIONAL_MEDIA,FAKE_NEWS_SOURCE,1.0,25.0,,-1.0,0.33,1.0,5.0,1.0,COMPLETE,0.1080349999999999,0.1212999999999999,0.00928,0.00968,0.108035,0.00928,1.0,0.1213,0.00968,200000,21607,0.67,429,158,186,247,333,1.0,0.10224,0.09962,192058,3346,1856,2740,5,59,180
news-source-strategies,RQ2,E2-timing-duration,informational_p1_d25,1025,INFORMATIONAL_CAMOUFLAGE,TRADITIONAL_MEDIA,FAKE_NEWS_SOURCE,1.0,25.0,,-1.0,0.33,1.0,5.0,1.0,COMPLETE,0.114885,0.09706,0.0113599999999999,0.00586,0.114885,0.01136,1.0,0.09706,0.00586,200000,22977,0.6525,452,310,333,367,419,1.0,0.19768,0.0823199999999999,188062,4009,2272,5657,9,16,70
news-source-strategies,RQ2,E2-timing-duration,informational_p1_d25,1026,INFORMATIONAL_CAMOUFLAGE,TRADITIONAL_MEDIA,FAKE_NEWS_SOURCE,1.0,25.0,,-1.0,0.33,1.0,5.0,1.0,COMPLETE,0.094295,0.0441,0.01206,0.00224,0.094295,0.01206,1.0,0.0441,0.00224,200000,18859,0.6775,469,402,417,435,458,1.0,0.22344,0.10252,190298,4080,2412,3210,4,7,13
news-source-strategies,RQ2,E2-timing-duration,informational_p1_d25,1027,INFORMATIONAL_CAMOUFLAGE,TRADITIONAL_MEDIA,FAKE_NEWS_SOURCE,1.0,25.0,,-1.0,0.33,1.0,5.0,1.0,COMPLETE,0.10449,0.07848,0.012915,0.00658,0.10449,0.012915,1.0,0.07848,0.00658,200000,20898,0.65,466,361,396,405,436,1.0,0.2004,0.13762,189244,4659,2583,3514,4,7,19
news-source-strategies,RQ2,E2-timing-duration,informational_p1_d25,1028,INFORMATIONAL_CAMOUFLAGE,TRADITIONAL_MEDIA,FAKE_NEWS_SOURCE,1.0,25.0,,-1.0,0.33,1.0,5.0,1.0,COMPLETE,0.13188,0.18018,0.015825,0.0237,0.13188,0.015825,1.0,0.18018,0.0237,200000,26376,0.6325,476,294,356,381,402,1.0,0.17008,0.11048,187575,4976,3165,4284,4,8,51
news-source-strategies,RQ2,E2-timing-duration,informational_p1_d25,1029,INFORMATIONAL_CAMOUFLAGE,TRADITIONAL_MEDIA,FAKE_NEWS_SOURCE,1.0,25.0,,-1.0,0.33,1.0,5.0,1.0,COMPLETE,0.100045,0.13196,0.0096449999999999,0.0141199999999999,0.100045,0.009645,1.0,0.13196,0.01412,200000,20009,0.6725,434,168,197,216,283,1.0,0.10872,0.04418,191968,3437,1929,2666,4,129,236
news-source-strategies,RQ2,E2-timing-duration,informational_p1_d25,1030,INFORMATIONAL_CAMOUFLAGE,TRADITIONAL_MEDIA,FAKE_NEWS_SOURCE,1.0,25.0,,-1.0,0.33,1.0,5.0,1.0,COMPLETE,0.0914899999999999,0.09156,0.010295,0.00654,0.09149,0.010295,1.0,0.09156,0.00654,200000,18298,0.68,452,286,298,305,390,1.0,0.21472,0.0457,191160,4180,2059,2601,4,13,134
news-source-strategies,RQ2,E2-timing-duration,informational_p1_d100,1001,INFORMATIONAL_CAMOUFLAGE,TRADITIONAL_MEDIA,FAKE_NEWS_SOURCE,1.0,100.0,,-1.0,0.33,1.0,5.0,1.0,COMPLETE,0.10515,0.12432,0.011405,0.0113,0.10515,0.011405,1.0,0.12432,0.0113,200000,21030,0.6875,458,262,263,344,400,1.0,0.11918,0.1087399999999999,191217,3479,2281,3023,3,10,98
news-source-strategies,RQ2,E2-timing-duration,informational_p1_d100,1002,INFORMATIONAL_CAMOUFLAGE,TRADITIONAL_MEDIA,FAKE_NEWS_SOURCE,1.0,100.0,,-1.0,0.33,1.0,5.0,1.0,COMPLETE,0.082105,0.04374,0.008795,0.00262,0.082105,0.008795,1.0,0.04374,0.00262,200000,16421,0.6875,438,286,295,331,357,1.0,0.09716,0.06448,192611,3102,1759,2528,3,8,94
news-source-strategies,RQ2,E2-timing-duration,informational_p1_d100,1003,INFORMATIONAL_CAMOUFLAGE,TRADITIONAL_MEDIA,FAKE_NEWS_SOURCE,1.0,100.0,,-1.0,0.33,1.0,5.0,1.0,COMPLETE,0.1082399999999999,0.13006,0.011865,0.00962,0.10824,0.011865,1.0,0.13006,0.00962,200000,21648,0.66,461,213,273,350,397,1.0,0.13744,0.08926,190226,4465,2373,2936,7,36,89
news-source-strategies,RQ2,E2-timing-duration,informational_p1_d100,1004,INFORMATIONAL_CAMOUFLAGE,TRADITIONAL_MEDIA,FAKE_NEWS_SOURCE,1.0,100.0,,-1.0,0.33,1.0,5.0,1.0,COMPLETE,0.122955,0.06578,0.01717,0.00538,0.122955,0.01717,1.0,0.06578,0.00538,200000,24591,0.6775,493,291,303,422,480,1.0,0.13604,0.1459,186241,5694,3434,4631,3,11,88
news-source-strategies,RQ2,E2-timing-duration,informational_p1_d100,1005,INFORMATIONAL_CAMOUFLAGE,TRADITIONAL_MEDIA,FAKE_NEWS_SOURCE,1.0,100.0,,-1.0,0.33,1.0,5.0,1.0,COMPLETE,0.1319199999999999,0.1216,0.015905,0.01262,0.13192,0.015905,1.0,0.1216,0.01262,200000,26384,0.65,484,358,384,424,436,1.0,0.16682,0.07514,187014,5453,3181,4352,3,9,29
news-source-strategies,RQ2,E2-timing-duration,informational_p1_d100,1006,INFORMATIONAL_CAMOUFLAGE,TRADITIONAL_MEDIA,FAKE_NEWS_SOURCE,1.0,100.0,,-1.0,0.33,1.0,5.0,1.0,COMPLETE,0.10636,0.07884,0.0139149999999999,0.0085,0.10636,0.013915,1.0,0.07884,0.0085,200000,21272,0.6675,479,363,403,439,456,1.0,0.17112,0.0869,186981,3901,2783,6335,8,13,24
news-source-strategies,RQ2,E2-timing-duration,informational_p1_d100,1007,INFORMATIONAL_CAMOUFLAGE,TRADITIONAL_MEDIA,FAKE_NEWS_SOURCE,1.0,100.0,,-1.0,0.33,1.0,5.0,1.0,COMPLETE,0.147675,0.05736,0.02635,0.0059,0.147675,0.02635,1.0,0.05736,0.0059,200000,29535,0.6975,500,398,478,496,499,1.0,0.2494799999999999,0.13836,168743,19043,5270,6944,4,9,17
news-source-strategies,RQ2,E2-timing-duration,informational_p1_d100,1008,INFORMATIONAL_CAMOUFLAGE,TRADITIONAL_MEDIA,FAKE_NEWS_SOURCE,1.0,100.0,,-1.0,0.33,1.0,5.0,1.0,COMPLETE,0.12389,0.1172,0.0161,0.01206,0.12389,0.0161,1.0,0.1172,0.01206,200000,24778,0.6625,489,368,411,424,466,1.0,0.13956,0.11986,187389,5033,3220,4358,3,8,22
news-source-strategies,RQ2,E2-timing-duration,informational_p1_d100,1009,INFORMATIONAL_CAMOUFLAGE,TRADITIONAL_MEDIA,FAKE_NEWS_SOURCE,1.0,100.0,,-1.0,0.33,1.0,5.0,1.0,COMPLETE,0.15891,0.0776599999999999,0.02708,0.01194,0.15891,0.02708,1.0,0.07766,0.01194,200000,31782,0.6775,500,293,326,477,484,1.0,0.21364,0.10804,151307,36596,5416,6681,3,16,68
news-source-strategies,RQ2,E2-timing-duration,informational_p1_d100,1010,INFORMATIONAL_CAMOUFLAGE,TRADITIONAL_MEDIA,FAKE_NEWS_SOURCE,1.0,100.0,,-1.0,0.33,1.0,5.0,1.0,COMPLETE,0.154215,0.0758799999999999,0.027425,0.00412,0.154215,0.027425,1.0,0.07588,0.00412,200000,30843,0.64,499,340,372,467,497,1.0,0.1894,0.2488199999999999,114071,73142,5485,7302,4,9,61
news-source-strategies,RQ2,E2-timing-duration,informational_p1_d100,1011,INFORMATIONAL_CAMOUFLAGE,TRADITIONAL_MEDIA,FAKE_NEWS_SOURCE,1.0,100.0,,-1.0,0.33,1.0,5.0,1.0,COMPLETE,0.089295,0.05468,0.0095299999999999,0.0027,0.089295,0.00953,1.0,0.05468,0.0027,200000,17859,0.695,436,256,275,361,386,1.0,0.13768,0.0742,192415,2944,1906,2735,3,9,76
news-source-strategies,RQ2,E2-timing-duration,informational_p1_d100,1012,INFORMATIONAL_CAMOUFLAGE,TRADITIONAL_MEDIA,FAKE_NEWS_SOURCE,1.0,100.0,,-1.0,0.33,1.0,5.0,1.0,COMPLETE,0.12661,0.14022,0.0134049999999999,0.0134399999999999,0.12661,0.013405,1.0,0.14022,0.01344,200000,25322,0.64,471,246,270,348,410,1.0,0.14006,0.13384,186849,4297,2681,6173,9,17,101
news-source-strategies,RQ2,E2-timing-duration,informational_p1_d100,1013,INFORMATIONAL_CAMOUFLAGE,TRADITIONAL_MEDIA,FAKE_NEWS_SOURCE,1.0,100.0,,-1.0,0.33,1.0,5.0,1.0,COMPLETE,0.087545,0.08652,0.00796,0.0067599999999999,0.087545,0.00796,1.0,0.08652,0.00676,200000,17509,0.6725,409,166,197,271,352,1.0,0.10302,0.11734,193237,2979,1592,2192,4,75,128
news-source-strategies,RQ2,E2-timing-duration,informational_p1_d100,1014,INFORMATIONAL_CAMOUFLAGE,TRADITIONAL_MEDIA,FAKE_NEWS_SOURCE,1.0,100.0,,-1.0,0.33,1.0,5.0,1.0,COMPLETE,0.115135,0.0532199999999999,0.01221,0.00278,0.115135,0.01221,1.0,0.05322,0.00278,200000,23027,0.7075,465,301,335,354,408,1.0,0.13238,0.12304,189474,4473,2442,3611,3,11,82
news-source-strategies,RQ2,E2-timing-duration,informational_p1_d100,1015,INFORMATIONAL_CAMOUFLAGE,TRADITIONAL_MEDIA,FAKE_NEWS_SOURCE,1.0,100.0,,-1.0,0.33,1.0,5.0,1.0,COMPLETE,0.129485,0.13224,0.01486,0.0107,0.129485,0.01486,1.0,0.13224,0.0107,200000,25897,0.6525,484,174,182,292,464,1.0,0.1560399999999999,0.1860399999999999,187514,5705,2972,3809,11,73,123
news-source-strategies,RQ2,E2-timing-duration,informational_p1_d100,1016,INFORMATIONAL_CAMOUFLAGE,TRADITIONAL_MEDIA,FAKE_NEWS_SOURCE,1.0,100.0,,-1.0,0.33,1.0,5.0,1.0,COMPLETE,0.108685,0.11852,0.0119149999999999,0.00824,0.108685,0.011915,1.0,0.11852,0.00824,200000,21737,0.66,457,342,346,367,391,1.0,0.12104,0.07506,189774,3682,2383,4161,5,9,26
news-source-strategies,RQ2,E2-timing-duration,informational_p1_d100,1017,INFORMATIONAL_CAMOUFLAGE,TRADITIONAL_MEDIA,FAKE_NEWS_SOURCE,1.0,100.0,,-1.0,0.33,1.0,5.0,1.0,COMPLETE,0.11418,0.1304,0.012435,0.00964,0.11418,0.012435,1.0,0.1304,0.00964,200000,22836,0.665,462,355,371,396,423,1.0,0.14128,0.08668,189927,4056,2487,3530,4,7,18
news-source-strategies,RQ2,E2-timing-duration,informational_p1_d100,1018,INFORMATIONAL_CAMOUFLAGE,TRADITIONAL_MEDIA,FAKE_NEWS_SOURCE,1.0,100.0,,-1.0,0.33,1.0,5.0,1.0,COMPLETE,0.117955,0.08766,0.012015,0.00556,0.117955,0.012015,1.0,0.08766,0.00556,200000,23591,0.6625,458,316,318,343,433,1.0,0.1088799999999999,0.17626,189831,4525,2403,3241,4,8,104
news-source-strategies,RQ2,E2-timing-duration,informational_p1_d100,1019,INFORMATIONAL_CAMOUFLAGE,TRADITIONAL_MEDIA,FAKE_NEWS_SOURCE,1.0,100.0,,-1.0,0.33,1.0,5.0,1.0,COMPLETE,0.0974749999999999,0.05492,0.0099149999999999,0.00322,0.097475,0.009915,1.0,0.05492,0.00322,200000,19495,0.6825,442,259,269,309,381,1.0,0.1329,0.09924,191340,3891,1983,2786,5,15,132
news-source-strategies,RQ2,E2-timing-duration,informational_p1_d100,1020,INFORMATIONAL_CAMOUFLAGE,TRADITIONAL_MEDIA,FAKE_NEWS_SOURCE,1.0,100.0,,-1.0,0.33,1.0,5.0,1.0,COMPLETE,0.104885,0.12054,0.010605,0.0081,0.104885,0.010605,1.0,0.12054,0.0081,200000,20977,0.7025,447,317,329,357,376,1.0,0.11598,0.05374,189074,3712,2121,5093,7,11,55
news-source-strategies,RQ2,E2-timing-duration,informational_p1_d100,1021,INFORMATIONAL_CAMOUFLAGE,TRADITIONAL_MEDIA,FAKE_NEWS_SOURCE,1.0,100.0,,-1.0,0.33,1.0,5.0,1.0,COMPLETE,0.10674,0.1548199999999999,0.01227,0.01594,0.10674,0.01227,1.0,0.15482,0.01594,200000,21348,0.685,466,321,330,344,398,1.0,0.099,0.1095199999999999,187337,6095,2454,4114,6,15,106
news-source-strategies,RQ2,E2-timing-duration,informational_p1_d100,1022,INFORMATIONAL_CAMOUFLAGE,TRADITIONAL_MEDIA,FAKE_NEWS_SOURCE,1.0,100.0,,-1.0,0.33,1.0,5.0,1.0,COMPLETE,0.119385,0.11982,0.01084,0.0119,0.119385,0.01084,1.0,0.11982,0.0119,200000,23877,0.675,444,198,206,272,353,1.0,0.13844,0.12188,191449,3695,2168,2688,5,60,171
news-source-strategies,RQ2,E2-timing-duration,informational_p1_d100,1023,INFORMATIONAL_CAMOUFLAGE,TRADITIONAL_MEDIA,FAKE_NEWS_SOURCE,1.0,100.0,,-1.0,0.33,1.0,5.0,1.0,COMPLETE,0.134525,0.12536,0.01309,0.01056,0.134525,0.01309,1.0,0.12536,0.01056,200000,26905,0.6625,465,224,265,302,389,1.0,0.12258,0.1381,189539,4131,2618,3712,3,38,151
news-source-strategies,RQ2,E2-timing-duration,informational_p1_d100,1024,INFORMATIONAL_CAMOUFLAGE,TRADITIONAL_MEDIA,FAKE_NEWS_SOURCE,1.0,100.0,,-1.0,0.33,1.0,5.0,1.0,COMPLETE,0.10829,0.1212999999999999,0.0095749999999999,0.00966,0.10829,0.009575,1.0,0.1213,0.00966,200000,21658,0.67,431,158,187,265,345,1.0,0.10354,0.1215,192007,3337,1915,2741,5,57,179
news-source-strategies,RQ2,E2-timing-duration,informational_p1_d100,1025,INFORMATIONAL_CAMOUFLAGE,TRADITIONAL_MEDIA,FAKE_NEWS_SOURCE,1.0,100.0,,-1.0,0.33,1.0,5.0,1.0,COMPLETE,0.114655,0.09706,0.01139,0.00586,0.114655,0.01139,1.0,0.09706,0.00586,200000,22931,0.6525,452,310,333,368,418,1.0,0.11984,0.1321,188241,3865,2278,5616,9,16,70
news-source-strategies,RQ2,E2-timing-duration,informational_p1_d100,1026,INFORMATIONAL_CAMOUFLAGE,TRADITIONAL_MEDIA,FAKE_NEWS_SOURCE,1.0,100.0,,-1.0,0.33,1.0,5.0,1.0,COMPLETE,0.09383,0.04412,0.011855,0.00224,0.09383,0.011855,1.0,0.04412,0.00224,200000,18766,0.6775,469,402,417,435,458,1.0,0.15684,0.08998,190616,3932,2371,3081,4,7,13
news-source-strategies,RQ2,E2-timing-duration,informational_p1_d100,1027,INFORMATIONAL_CAMOUFLAGE,TRADITIONAL_MEDIA,FAKE_NEWS_SOURCE,1.0,100.0,,-1.0,0.33,1.0,5.0,1.0,COMPLETE,0.1043299999999999,0.07848,0.01294,0.00658,0.10433,0.01294,1.0,0.07848,0.00658,200000,20866,0.65,467,361,395,407,438,1.0,0.1446599999999999,0.1089599999999999,189439,4515,2588,3458,4,7,20
news-source-strategies,RQ2,E2-timing-duration,informational_p1_d100,1028,INFORMATIONAL_CAMOUFLAGE,TRADITIONAL_MEDIA,FAKE_NEWS_SOURCE,1.0,100.0,,-1.0,0.33,1.0,5.0,1.0,COMPLETE,0.132075,0.18018,0.01618,0.0237,0.132075,0.01618,1.0,0.18018,0.0237,200000,26415,0.6325,476,294,362,387,407,1.0,0.1533,0.07604,187638,4890,3236,4236,4,8,47
news-source-strategies,RQ2,E2-timing-duration,informational_p1_d100,1029,INFORMATIONAL_CAMOUFLAGE,TRADITIONAL_MEDIA,FAKE_NEWS_SOURCE,1.0,100.0,,-1.0,0.33,1.0,5.0,1.0,COMPLETE,0.099965,0.13196,0.00964,0.0141199999999999,0.099965,0.00964,1.0,0.13196,0.01412,200000,19993,0.6725,434,168,199,218,284,1.0,0.07104,0.08626,192024,3408,1928,2640,4,78,236
news-source-strategies,RQ2,E2-timing-duration,informational_p1_d100,1030,INFORMATIONAL_CAMOUFLAGE,TRADITIONAL_MEDIA,FAKE_NEWS_SOURCE,1.0,100.0,,-1.0,0.33,1.0,5.0,1.0,COMPLETE,0.091495,0.09156,0.010315,0.00654,0.091495,0.010315,1.0,0.09156,0.00654,200000,18299,0.68,452,286,298,305,390,1.0,0.07866,0.1191,191198,4158,2063,2581,4,13,134
news-source-strategies,RQ2,E2-timing-duration,informational_p1_permanent,1001,INFORMATIONAL_CAMOUFLAGE,TRADITIONAL_MEDIA,FAKE_NEWS_SOURCE,1.0,-1.0,,-1.0,0.33,1.0,5.0,1.0,COMPLETE,0.105075,0.1244599999999999,0.0118149999999999,0.01194,0.105075,0.011815,1.0,0.12446,0.01194,200000,21015,0.6875,459,262,263,344,401,1.0,0.105075,,191498,3268,2363,2871,3,11,102
news-source-strategies,RQ2,E2-timing-duration,informational_p1_permanent,1002,INFORMATIONAL_CAMOUFLAGE,TRADITIONAL_MEDIA,FAKE_NEWS_SOURCE,1.0,-1.0,,-1.0,0.33,1.0,5.0,1.0,COMPLETE,0.082095,0.04342,0.009035,0.0026,0.082095,0.009035,1.0,0.04342,0.0026,200000,16419,0.6875,444,286,295,331,357,1.0,0.082095,,192715,2976,1807,2502,3,8,123
news-source-strategies,RQ2,E2-timing-duration,informational_p1_permanent,1003,INFORMATIONAL_CAMOUFLAGE,TRADITIONAL_MEDIA,FAKE_NEWS_SOURCE,1.0,-1.0,,-1.0,0.33,1.0,5.0,1.0,COMPLETE,0.108465,0.1316399999999999,0.01247,0.01208,0.108465,0.01247,1.0,0.13164,0.01208,200000,21693,0.66,465,213,273,350,396,1.0,0.108465,,190156,4462,2494,2888,7,38,98
news-source-strategies,RQ2,E2-timing-duration,informational_p1_permanent,1004,INFORMATIONAL_CAMOUFLAGE,TRADITIONAL_MEDIA,FAKE_NEWS_SOURCE,1.0,-1.0,,-1.0,0.33,1.0,5.0,1.0,COMPLETE,0.12192,0.0654,0.016975,0.00546,0.12192,0.016975,1.0,0.0654,0.00546,200000,24384,0.6775,491,291,303,422,475,1.0,0.12192,,186999,5211,3395,4395,3,10,88
news-source-strategies,RQ2,E2-timing-duration,informational_p1_permanent,1005,INFORMATIONAL_CAMOUFLAGE,TRADITIONAL_MEDIA,FAKE_NEWS_SOURCE,1.0,-1.0,,-1.0,0.33,1.0,5.0,1.0,COMPLETE,0.13234,0.122,0.0169549999999999,0.01414,0.13234,0.016955,1.0,0.122,0.01414,200000,26468,0.65,486,358,384,424,437,1.0,0.13234,,186906,5389,3391,4314,3,9,30
news-source-strategies,RQ2,E2-timing-duration,informational_p1_permanent,1006,INFORMATIONAL_CAMOUFLAGE,TRADITIONAL_MEDIA,FAKE_NEWS_SOURCE,1.0,-1.0,,-1.0,0.33,1.0,5.0,1.0,COMPLETE,0.10638,0.0793799999999999,0.01416,0.00858,0.10638,0.01416,1.0,0.07938,0.00858,200000,21276,0.6675,477,363,403,439,457,1.0,0.10638,,187089,3804,2832,6275,8,13,23
news-source-strategies,RQ2,E2-timing-duration,informational_p1_permanent,1007,INFORMATIONAL_CAMOUFLAGE,TRADITIONAL_MEDIA,FAKE_NEWS_SOURCE,1.0,-1.0,,-1.0,0.33,1.0,5.0,1.0,COMPLETE,0.14784,0.05728,0.02714,0.00632,0.14784,0.02714,1.0,0.05728,0.00632,200000,29568,0.6975,500,398,478,496,499,1.0,0.14784,,168869,18933,5428,6770,4,9,17
news-source-strategies,RQ2,E2-timing-duration,informational_p1_permanent,1008,INFORMATIONAL_CAMOUFLAGE,TRADITIONAL_MEDIA,FAKE_NEWS_SOURCE,1.0,-1.0,,-1.0,0.33,1.0,5.0,1.0,COMPLETE,0.1238949999999999,0.117,0.016735,0.01366,0.123895,0.016735,1.0,0.117,0.01366,200000,24779,0.6625,493,368,411,424,470,1.0,0.1238949999999999,,187506,4857,3347,4290,3,8,26
news-source-strategies,RQ2,E2-timing-duration,informational_p1_permanent,1009,INFORMATIONAL_CAMOUFLAGE,TRADITIONAL_MEDIA,FAKE_NEWS_SOURCE,1.0,-1.0,,-1.0,0.33,1.0,5.0,1.0,COMPLETE,0.158585,0.07698,0.027665,0.01182,0.158585,0.027665,1.0,0.07698,0.01182,200000,31717,0.6775,499,293,326,477,485,1.0,0.158585,,151855,36303,5533,6309,3,16,68
news-source-strategies,RQ2,E2-timing-duration,informational_p1_permanent,1010,INFORMATIONAL_CAMOUFLAGE,TRADITIONAL_MEDIA,FAKE_NEWS_SOURCE,1.0,-1.0,,-1.0,0.33,1.0,5.0,1.0,COMPLETE,0.153805,0.07586,0.0293,0.00434,0.153805,0.0293,1.0,0.07586,0.00434,200000,30761,0.64,497,340,372,467,496,1.0,0.153805,,114982,71993,5860,7165,4,9,61
news-source-strategies,RQ2,E2-timing-duration,informational_p1_permanent,1011,INFORMATIONAL_CAMOUFLAGE,TRADITIONAL_MEDIA,FAKE_NEWS_SOURCE,1.0,-1.0,,-1.0,0.33,1.0,5.0,1.0,COMPLETE,0.08922,0.0546,0.00955,0.00264,0.08922,0.00955,1.0,0.0546,0.00264,200000,17844,0.695,436,256,275,361,386,1.0,0.08922,,192567,2873,1910,2650,3,9,76
news-source-strategies,RQ2,E2-timing-duration,informational_p1_permanent,1012,INFORMATIONAL_CAMOUFLAGE,TRADITIONAL_MEDIA,FAKE_NEWS_SOURCE,1.0,-1.0,,-1.0,0.33,1.0,5.0,1.0,COMPLETE,0.12663,0.1397,0.0138599999999999,0.01364,0.12663,0.01386,1.0,0.1397,0.01364,200000,25326,0.64,476,246,270,348,413,1.0,0.12663,,186993,4159,2772,6076,9,18,120
news-source-strategies,RQ2,E2-timing-duration,informational_p1_permanent,1013,INFORMATIONAL_CAMOUFLAGE,TRADITIONAL_MEDIA,FAKE_NEWS_SOURCE,1.0,-1.0,,-1.0,0.33,1.0,5.0,1.0,COMPLETE,0.0874,0.08662,0.00814,0.00754,0.0874,0.00814,1.0,0.08662,0.00754,200000,17480,0.6725,411,166,197,271,350,1.0,0.0874,,193562,2775,1628,2035,4,75,128
news-source-strategies,RQ2,E2-timing-duration,informational_p1_permanent,1014,INFORMATIONAL_CAMOUFLAGE,TRADITIONAL_MEDIA,FAKE_NEWS_SOURCE,1.0,-1.0,,-1.0,0.33,1.0,5.0,1.0,COMPLETE,0.11516,0.053,0.0125399999999999,0.00282,0.11516,0.01254,1.0,0.053,0.00282,200000,23032,0.7075,468,301,335,354,410,1.0,0.11516,,189745,4264,2508,3483,3,11,82
news-source-strategies,RQ2,E2-timing-duration,informational_p1_permanent,1015,INFORMATIONAL_CAMOUFLAGE,TRADITIONAL_MEDIA,FAKE_NEWS_SOURCE,1.0,-1.0,,-1.0,0.33,1.0,5.0,1.0,COMPLETE,0.130105,0.1331999999999999,0.01626,0.0120399999999999,0.130105,0.01626,1.0,0.1332,0.01204,200000,26021,0.6525,483,174,182,292,467,1.0,0.130105,,187289,5656,3252,3803,11,73,123
news-source-strategies,RQ2,E2-timing-duration,informational_p1_permanent,1016,INFORMATIONAL_CAMOUFLAGE,TRADITIONAL_MEDIA,FAKE_NEWS_SOURCE,1.0,-1.0,,-1.0,0.33,1.0,5.0,1.0,COMPLETE,0.1089,0.11876,0.012665,0.00924,0.1089,0.012665,1.0,0.11876,0.00924,200000,21780,0.66,461,342,346,367,387,1.0,0.1089,,189748,3599,2533,4120,5,9,29
news-source-strategies,RQ2,E2-timing-duration,informational_p1_permanent,1017,INFORMATIONAL_CAMOUFLAGE,TRADITIONAL_MEDIA,FAKE_NEWS_SOURCE,1.0,-1.0,,-1.0,0.33,1.0,5.0,1.0,COMPLETE,0.11403,0.12972,0.01268,0.00966,0.11403,0.01268,1.0,0.12972,0.00966,200000,22806,0.665,464,355,371,396,423,1.0,0.11403,,190172,3854,2536,3438,4,7,18
news-source-strategies,RQ2,E2-timing-duration,informational_p1_permanent,1018,INFORMATIONAL_CAMOUFLAGE,TRADITIONAL_MEDIA,FAKE_NEWS_SOURCE,1.0,-1.0,,-1.0,0.33,1.0,5.0,1.0,COMPLETE,0.117685,0.08744,0.0123,0.00554,0.117685,0.0123,1.0,0.08744,0.00554,200000,23537,0.6625,457,316,318,343,432,1.0,0.117685,,190266,4302,2460,2972,4,8,99
news-source-strategies,RQ2,E2-timing-duration,informational_p1_permanent,1019,INFORMATIONAL_CAMOUFLAGE,TRADITIONAL_MEDIA,FAKE_NEWS_SOURCE,1.0,-1.0,,-1.0,0.33,1.0,5.0,1.0,COMPLETE,0.097035,0.0544,0.010035,0.00314,0.097035,0.010035,1.0,0.0544,0.00314,200000,19407,0.6825,448,259,269,309,382,1.0,0.097035,,191632,3781,2007,2580,5,16,139
news-source-strategies,RQ2,E2-timing-duration,informational_p1_permanent,1020,INFORMATIONAL_CAMOUFLAGE,TRADITIONAL_MEDIA,FAKE_NEWS_SOURCE,1.0,-1.0,,-1.0,0.33,1.0,5.0,1.0,COMPLETE,0.1050649999999999,0.12106,0.011165,0.0095,0.105065,0.011165,1.0,0.12106,0.0095,200000,21013,0.7025,450,317,329,357,376,1.0,0.1050649999999999,,189151,3603,2233,5013,7,11,55
news-source-strategies,RQ2,E2-timing-duration,informational_p1_permanent,1021,INFORMATIONAL_CAMOUFLAGE,TRADITIONAL_MEDIA,FAKE_NEWS_SOURCE,1.0,-1.0,,-1.0,0.33,1.0,5.0,1.0,COMPLETE,0.107025,0.15584,0.01302,0.01816,0.107025,0.01302,1.0,0.15584,0.01816,200000,21405,0.685,468,321,330,344,399,1.0,0.107025,,187522,5911,2604,3963,6,15,106
news-source-strategies,RQ2,E2-timing-duration,informational_p1_permanent,1022,INFORMATIONAL_CAMOUFLAGE,TRADITIONAL_MEDIA,FAKE_NEWS_SOURCE,1.0,-1.0,,-1.0,0.33,1.0,5.0,1.0,COMPLETE,0.119845,0.1204399999999999,0.01166,0.01342,0.119845,0.01166,1.0,0.12044,0.01342,200000,23969,0.675,452,198,206,272,354,1.0,0.119845,,191465,3633,2332,2570,5,69,186
news-source-strategies,RQ2,E2-timing-duration,informational_p1_permanent,1023,INFORMATIONAL_CAMOUFLAGE,TRADITIONAL_MEDIA,FAKE_NEWS_SOURCE,1.0,-1.0,,-1.0,0.33,1.0,5.0,1.0,COMPLETE,0.1341,0.125,0.01346,0.01114,0.1341,0.01346,1.0,0.125,0.01114,200000,26820,0.6625,465,224,265,302,394,1.0,0.1341,,189993,3805,2692,3510,3,38,150
news-source-strategies,RQ2,E2-timing-duration,informational_p1_permanent,1024,INFORMATIONAL_CAMOUFLAGE,TRADITIONAL_MEDIA,FAKE_NEWS_SOURCE,1.0,-1.0,,-1.0,0.33,1.0,5.0,1.0,COMPLETE,0.10818,0.12126,0.009885,0.01048,0.10818,0.009885,1.0,0.12126,0.01048,200000,21636,0.67,434,158,187,265,351,1.0,0.10818,,192197,3157,1977,2669,5,58,179
news-source-strategies,RQ2,E2-timing-duration,informational_p1_permanent,1025,INFORMATIONAL_CAMOUFLAGE,TRADITIONAL_MEDIA,FAKE_NEWS_SOURCE,1.0,-1.0,,-1.0,0.33,1.0,5.0,1.0,COMPLETE,0.1148349999999999,0.09748,0.011965,0.00648,0.114835,0.011965,1.0,0.09748,0.00648,200000,22967,0.6525,458,310,333,368,424,1.0,0.1148349999999999,,188309,3755,2393,5543,9,16,83
news-source-strategies,RQ2,E2-timing-duration,informational_p1_permanent,1026,INFORMATIONAL_CAMOUFLAGE,TRADITIONAL_MEDIA,FAKE_NEWS_SOURCE,1.0,-1.0,,-1.0,0.33,1.0,5.0,1.0,COMPLETE,0.09383,0.04418,0.01217,0.00232,0.09383,0.01217,1.0,0.04418,0.00232,200000,18766,0.6775,470,402,417,435,460,1.0,0.09383,,190688,3867,2434,3011,4,7,13
news-source-strategies,RQ2,E2-timing-duration,informational_p1_permanent,1027,INFORMATIONAL_CAMOUFLAGE,TRADITIONAL_MEDIA,FAKE_NEWS_SOURCE,1.0,-1.0,,-1.0,0.33,1.0,5.0,1.0,COMPLETE,0.1038299999999999,0.0777399999999999,0.012935,0.00614,0.10383,0.012935,1.0,0.07774,0.00614,200000,20766,0.65,467,361,395,407,438,1.0,0.1038299999999999,,189807,4351,2587,3255,4,7,20
news-source-strategies,RQ2,E2-timing-duration,informational_p1_permanent,1028,INFORMATIONAL_CAMOUFLAGE,TRADITIONAL_MEDIA,FAKE_NEWS_SOURCE,1.0,-1.0,,-1.0,0.33,1.0,5.0,1.0,COMPLETE,0.131915,0.18,0.016635,0.02544,0.131915,0.016635,1.0,0.18,0.02544,200000,26383,0.6325,480,294,362,387,408,1.0,0.131915,,187916,4725,3327,4032,4,8,49
news-source-strategies,RQ2,E2-timing-duration,informational_p1_permanent,1029,INFORMATIONAL_CAMOUFLAGE,TRADITIONAL_MEDIA,FAKE_NEWS_SOURCE,1.0,-1.0,,-1.0,0.33,1.0,5.0,1.0,COMPLETE,0.10052,0.13334,0.010685,0.0165,0.10052,0.010685,1.0,0.13334,0.0165,200000,20104,0.6725,448,168,199,218,288,1.0,0.10052,,191917,3374,2137,2572,5,129,239
news-source-strategies,RQ2,E2-timing-duration,informational_p1_permanent,1030,INFORMATIONAL_CAMOUFLAGE,TRADITIONAL_MEDIA,FAKE_NEWS_SOURCE,1.0,-1.0,,-1.0,0.33,1.0,5.0,1.0,COMPLETE,0.09133,0.09076,0.010675,0.00652,0.09133,0.010675,1.0,0.09076,0.00652,200000,18266,0.68,454,286,298,305,393,1.0,0.09133,,191315,4061,2135,2489,4,14,136
news-source-strategies,RQ2,E2-timing-duration,informational_p101_d25,1001,INFORMATIONAL_CAMOUFLAGE,TRADITIONAL_MEDIA,FAKE_NEWS_SOURCE,101.0,125.0,,-1.0,0.33,1.0,5.0,1.0,COMPLETE,0.10526,0.1243,0.01117,0.01126,0.10526,0.01117,1.0,0.1243,0.01126,200000,21052,0.6875,452,252,252,329,389,1.0,0.00376,0.13066,191104,3566,2234,3096,3,11,127
news-source-strategies,RQ2,E2-timing-duration,informational_p101_d25,1002,INFORMATIONAL_CAMOUFLAGE,TRADITIONAL_MEDIA,FAKE_NEWS_SOURCE,101.0,125.0,,-1.0,0.33,1.0,5.0,1.0,COMPLETE,0.08176,0.04374,0.00848,0.00262,0.08176,0.00848,1.0,0.04374,0.00262,200000,16352,0.6875,425,264,275,311,341,1.0,0.04304,0.11004,192652,3126,1696,2526,3,8,152
news-source-strategies,RQ2,E2-timing-duration,informational_p101_d25,1003,INFORMATIONAL_CAMOUFLAGE,TRADITIONAL_MEDIA,FAKE_NEWS_SOURCE,101.0,125.0,,-1.0,0.33,1.0,5.0,1.0,COMPLETE,0.10793,0.13006,0.01123,0.00964,0.10793,0.01123,1.0,0.13006,0.00964,200000,21586,0.66,455,202,252,334,384,1.0,0.0033599999999999,0.09924,190282,4532,2246,2940,7,38,131
news-source-strategies,RQ2,E2-timing-duration,informational_p101_d25,1004,INFORMATIONAL_CAMOUFLAGE,TRADITIONAL_MEDIA,FAKE_NEWS_SOURCE,101.0,125.0,,-1.0,0.33,1.0,5.0,1.0,COMPLETE,0.12156,0.06578,0.01563,0.00538,0.12156,0.01563,1.0,0.06578,0.00538,200000,24312,0.6775,487,267,278,396,461,1.0,0.18312,0.11972,187127,5301,3126,4446,3,13,89
news-source-strategies,RQ2,E2-timing-duration,informational_p101_d25,1005,INFORMATIONAL_CAMOUFLAGE,TRADITIONAL_MEDIA,FAKE_NEWS_SOURCE,101.0,125.0,,-1.0,0.33,1.0,5.0,1.0,COMPLETE,0.131525,0.1216,0.0153,0.01264,0.131525,0.0153,1.0,0.1216,0.01264,200000,26305,0.65,480,344,371,409,421,1.0,0.12728,0.09678,186887,5591,3060,4462,3,9,35
news-source-strategies,RQ2,E2-timing-duration,informational_p101_d25,1006,INFORMATIONAL_CAMOUFLAGE,TRADITIONAL_MEDIA,FAKE_NEWS_SOURCE,101.0,125.0,,-1.0,0.33,1.0,5.0,1.0,COMPLETE,0.106225,0.0788199999999999,0.0134749999999999,0.0085,0.106225,0.013475,1.0,0.07882,0.0085,200000,21245,0.6675,478,351,385,426,445,1.0,0.08552,0.09744,186831,4035,2695,6439,8,13,34
news-source-strategies,RQ2,E2-timing-duration,informational_p101_d25,1007,INFORMATIONAL_CAMOUFLAGE,TRADITIONAL_MEDIA,FAKE_NEWS_SOURCE,101.0,125.0,,-1.0,0.33,1.0,5.0,1.0,COMPLETE,0.148435,0.05736,0.025035,0.0059,0.148435,0.025035,1.0,0.05736,0.0059,200000,29687,0.6975,499,377,462,489,495,1.0,0.12672,0.14886,168143,19712,5007,7138,4,10,25
news-source-strategies,RQ2,E2-timing-duration,informational_p101_d25,1008,INFORMATIONAL_CAMOUFLAGE,TRADITIONAL_MEDIA,FAKE_NEWS_SOURCE,101.0,125.0,,-1.0,0.33,1.0,5.0,1.0,COMPLETE,0.12409,0.11724,0.015895,0.01206,0.12409,0.015895,1.0,0.11724,0.01206,200000,24818,0.6625,488,360,397,411,455,1.0,0.08712,0.1224,186716,5574,3179,4531,3,8,33
news-source-strategies,RQ2,E2-timing-duration,informational_p101_d25,1009,INFORMATIONAL_CAMOUFLAGE,TRADITIONAL_MEDIA,FAKE_NEWS_SOURCE,101.0,125.0,,-1.0,0.33,1.0,5.0,1.0,COMPLETE,0.15897,0.0776599999999999,0.026605,0.01194,0.15897,0.026605,1.0,0.07766,0.01194,200000,31794,0.6775,499,280,310,469,484,1.0,0.13112,0.15316,150682,37155,5321,6842,3,17,70
news-source-strategies,RQ2,E2-timing-duration,informational_p101_d25,1010,INFORMATIONAL_CAMOUFLAGE,TRADITIONAL_MEDIA,FAKE_NEWS_SOURCE,101.0,125.0,,-1.0,0.33,1.0,5.0,1.0,COMPLETE,0.152965,0.07576,0.026875,0.0040199999999999,0.152965,0.026875,1.0,0.07576,0.00402,200000,30593,0.64,498,320,353,451,498,1.0,0.29752,0.19762,115752,71433,5375,7440,4,9,67
news-source-strategies,RQ2,E2-timing-duration,informational_p101_d25,1011,INFORMATIONAL_CAMOUFLAGE,TRADITIONAL_MEDIA,FAKE_NEWS_SOURCE,101.0,125.0,,-1.0,0.33,1.0,5.0,1.0,COMPLETE,0.0890649999999999,0.05484,0.0092,0.00282,0.089065,0.0092,1.0,0.05484,0.00282,200000,17813,0.695,426,235,252,340,368,1.0,0.1304799999999999,0.06284,192380,3001,1840,2779,3,11,78
news-source-strategies,RQ2,E2-timing-duration,informational_p101_d25,1012,INFORMATIONAL_CAMOUFLAGE,TRADITIONAL_MEDIA,FAKE_NEWS_SOURCE,101.0,125.0,,-1.0,0.33,1.0,5.0,1.0,COMPLETE,0.126855,0.14018,0.01305,0.0134399999999999,0.126855,0.01305,1.0,0.14018,0.01344,200000,25371,0.64,467,249,279,334,398,1.0,0.0948,0.13028,186795,4324,2610,6271,9,17,142
news-source-strategies,RQ2,E2-timing-duration,informational_p101_d25,1013,INFORMATIONAL_CAMOUFLAGE,TRADITIONAL_MEDIA,FAKE_NEWS_SOURCE,101.0,125.0,,-1.0,0.33,1.0,5.0,1.0,COMPLETE,0.088165,0.08674,0.0083699999999999,0.00708,0.088165,0.00837,1.0,0.08674,0.00708,200000,17633,0.6725,412,163,205,278,357,1.0,0.13056,0.08512,192856,3139,1674,2331,4,74,128
news-source-strategies,RQ2,E2-timing-duration,informational_p101_d25,1014,INFORMATIONAL_CAMOUFLAGE,TRADITIONAL_MEDIA,FAKE_NEWS_SOURCE,101.0,125.0,,-1.0,0.33,1.0,5.0,1.0,COMPLETE,0.11455,0.0533,0.0116999999999999,0.0028399999999999,0.11455,0.0117,1.0,0.0533,0.00284,200000,22910,0.7075,457,275,306,326,392,1.0,0.04392,0.12386,189666,4425,2340,3569,3,13,148
news-source-strategies,RQ2,E2-timing-duration,informational_p101_d25,1015,INFORMATIONAL_CAMOUFLAGE,TRADITIONAL_MEDIA,FAKE_NEWS_SOURCE,101.0,125.0,,-1.0,0.33,1.0,5.0,1.0,COMPLETE,0.12958,0.1321999999999999,0.01482,0.01062,0.12958,0.01482,1.0,0.1322,0.01062,200000,25916,0.6525,484,163,171,284,465,1.0,0.19688,0.16006,187508,5670,2964,3858,11,74,123
news-source-strategies,RQ2,E2-timing-duration,informational_p101_d25,1016,INFORMATIONAL_CAMOUFLAGE,TRADITIONAL_MEDIA,FAKE_NEWS_SOURCE,101.0,125.0,,-1.0,0.33,1.0,5.0,1.0,COMPLETE,0.1088499999999999,0.11852,0.011785,0.0083,0.10885,0.011785,1.0,0.11852,0.0083,200000,21770,0.66,448,316,319,343,372,1.0,0.08616,0.07422,189814,3584,2357,4245,5,9,93
news-source-strategies,RQ2,E2-timing-duration,informational_p101_d25,1017,INFORMATIONAL_CAMOUFLAGE,TRADITIONAL_MEDIA,FAKE_NEWS_SOURCE,101.0,125.0,,-1.0,0.33,1.0,5.0,1.0,COMPLETE,0.114325,0.13038,0.012405,0.00958,0.114325,0.012405,1.0,0.13038,0.00958,200000,22865,0.665,459,339,359,384,414,1.0,0.04688,0.09726,189810,4121,2481,3588,4,8,30
news-source-strategies,RQ2,E2-timing-duration,informational_p101_d25,1018,INFORMATIONAL_CAMOUFLAGE,TRADITIONAL_MEDIA,FAKE_NEWS_SOURCE,101.0,125.0,,-1.0,0.33,1.0,5.0,1.0,COMPLETE,0.11802,0.08768,0.0119049999999999,0.00554,0.11802,0.011905,1.0,0.08768,0.00554,200000,23604,0.6625,456,304,306,334,429,1.0,0.26552,0.1419,189679,4673,2381,3267,4,8,105
news-source-strategies,RQ2,E2-timing-duration,informational_p101_d25,1019,INFORMATIONAL_CAMOUFLAGE,TRADITIONAL_MEDIA,FAKE_NEWS_SOURCE,101.0,125.0,,-1.0,0.33,1.0,5.0,1.0,COMPLETE,0.09654,0.05504,0.0090899999999999,0.00332,0.09654,0.00909,1.0,0.05504,0.00332,200000,19308,0.6825,433,226,234,279,363,1.0,0.00208,0.11156,191722,3742,1818,2718,4,18,143
news-source-strategies,RQ2,E2-timing-duration,informational_p101_d25,1020,INFORMATIONAL_CAMOUFLAGE,TRADITIONAL_MEDIA,FAKE_NEWS_SOURCE,101.0,125.0,,-1.0,0.33,1.0,5.0,1.0,COMPLETE,0.10571,0.12052,0.010735,0.0080399999999999,0.10571,0.010735,1.0,0.12052,0.00804,200000,21142,0.7025,440,303,314,348,368,1.0,0.00088,0.09656,188562,4045,2147,5246,7,11,68
news-source-strategies,RQ2,E2-timing-duration,informational_p101_d25,1021,INFORMATIONAL_CAMOUFLAGE,TRADITIONAL_MEDIA,FAKE_NEWS_SOURCE,101.0,125.0,,-1.0,0.33,1.0,5.0,1.0,COMPLETE,0.10698,0.1547599999999999,0.01221,0.0159,0.10698,0.01221,1.0,0.15476,0.0159,200000,21396,0.685,464,307,316,337,389,1.0,0.13136,0.08668,187175,6084,2442,4299,6,15,122
news-source-strategies,RQ2,E2-timing-duration,informational_p101_d25,1022,INFORMATIONAL_CAMOUFLAGE,TRADITIONAL_MEDIA,FAKE_NEWS_SOURCE,101.0,125.0,,-1.0,0.33,1.0,5.0,1.0,COMPLETE,0.11984,0.11984,0.011075,0.01196,0.11984,0.011075,1.0,0.11984,0.01196,200000,23968,0.675,448,201,208,275,358,1.0,0.0038399999999999,0.13288,191144,3835,2215,2806,5,60,171
news-source-strategies,RQ2,E2-timing-duration,informational_p101_d25,1023,INFORMATIONAL_CAMOUFLAGE,TRADITIONAL_MEDIA,FAKE_NEWS_SOURCE,101.0,125.0,,-1.0,0.33,1.0,5.0,1.0,COMPLETE,0.134485,0.12536,0.01257,0.01056,0.134485,0.01257,1.0,0.12536,0.01056,200000,26897,0.6625,461,211,249,280,377,1.0,0.08544,0.1575,189701,4101,2514,3684,3,43,152
news-source-strategies,RQ2,E2-timing-duration,informational_p101_d25,1024,INFORMATIONAL_CAMOUFLAGE,TRADITIONAL_MEDIA,FAKE_NEWS_SOURCE,101.0,125.0,,-1.0,0.33,1.0,5.0,1.0,COMPLETE,0.108305,0.1212999999999999,0.009285,0.00968,0.108305,0.009285,1.0,0.1213,0.00968,200000,21661,0.67,428,157,184,247,334,1.0,0.09096,0.1304199999999999,191913,3400,1857,2830,5,59,180
news-source-strategies,RQ2,E2-timing-duration,informational_p101_d25,1025,INFORMATIONAL_CAMOUFLAGE,TRADITIONAL_MEDIA,FAKE_NEWS_SOURCE,101.0,125.0,,-1.0,0.33,1.0,5.0,1.0,COMPLETE,0.115725,0.0970999999999999,0.011375,0.00588,0.115725,0.011375,1.0,0.0971,0.00588,200000,23145,0.6525,458,330,348,379,424,1.0,0.04432,0.14278,187477,4174,2275,6074,9,16,42
news-source-strategies,RQ2,E2-timing-duration,informational_p101_d25,1026,INFORMATIONAL_CAMOUFLAGE,TRADITIONAL_MEDIA,FAKE_NEWS_SOURCE,101.0,125.0,,-1.0,0.33,1.0,5.0,1.0,COMPLETE,0.094495,0.04406,0.01193,0.00222,0.094495,0.01193,1.0,0.04406,0.00222,200000,18899,0.6775,463,388,413,431,454,1.0,0.00032,0.12228,190210,4138,2386,3266,3,7,13
news-source-strategies,RQ2,E2-timing-duration,informational_p101_d25,1027,INFORMATIONAL_CAMOUFLAGE,TRADITIONAL_MEDIA,FAKE_NEWS_SOURCE,101.0,125.0,,-1.0,0.33,1.0,5.0,1.0,COMPLETE,0.10443,0.0784599999999999,0.012685,0.0066,0.10443,0.012685,1.0,0.07846,0.0066,200000,20886,0.65,465,344,384,401,430,1.0,0.16968,0.07712,189343,4575,2537,3545,4,8,36
news-source-strategies,RQ2,E2-timing-duration,informational_p101_d25,1028,INFORMATIONAL_CAMOUFLAGE,TRADITIONAL_MEDIA,FAKE_NEWS_SOURCE,101.0,125.0,,-1.0,0.33,1.0,5.0,1.0,COMPLETE,0.132165,0.18018,0.015875,0.0237,0.132165,0.015875,1.0,0.18018,0.0237,200000,26433,0.6325,475,289,351,377,400,1.0,0.00112,0.10756,187176,5247,3175,4402,4,8,54
news-source-strategies,RQ2,E2-timing-duration,informational_p101_d25,1029,INFORMATIONAL_CAMOUFLAGE,TRADITIONAL_MEDIA,FAKE_NEWS_SOURCE,101.0,125.0,,-1.0,0.33,1.0,5.0,1.0,COMPLETE,0.0999,0.13196,0.00956,0.0141199999999999,0.0999,0.00956,1.0,0.13196,0.01412,200000,19980,0.6725,433,160,187,208,277,1.0,0.0,0.10764,192024,3400,1912,2664,4,135,238
news-source-strategies,RQ2,E2-timing-duration,informational_p101_d25,1030,INFORMATIONAL_CAMOUFLAGE,TRADITIONAL_MEDIA,FAKE_NEWS_SOURCE,101.0,125.0,,-1.0,0.33,1.0,5.0,1.0,COMPLETE,0.09129,0.0915,0.009975,0.0065,0.09129,0.009975,1.0,0.0915,0.0065,200000,18258,0.68,444,272,279,287,377,1.0,0.0828,0.12134,191209,4267,1995,2529,4,13,171
news-source-strategies,RQ2,E2-timing-duration,informational_p101_d100,1001,INFORMATIONAL_CAMOUFLAGE,TRADITIONAL_MEDIA,FAKE_NEWS_SOURCE,101.0,200.0,,-1.0,0.33,1.0,5.0,1.0,COMPLETE,0.10523,0.1243,0.01133,0.01126,0.10523,0.01133,1.0,0.1243,0.01126,200000,21046,0.6875,452,252,252,329,390,1.0,0.109,0.06822,191165,3518,2266,3051,3,11,127
news-source-strategies,RQ2,E2-timing-duration,informational_p101_d100,1002,INFORMATIONAL_CAMOUFLAGE,TRADITIONAL_MEDIA,FAKE_NEWS_SOURCE,101.0,200.0,,-1.0,0.33,1.0,5.0,1.0,COMPLETE,0.08158,0.04376,0.00844,0.00262,0.08158,0.00844,1.0,0.04376,0.00262,200000,16316,0.6875,425,264,275,311,341,1.0,0.0638,0.12284,192738,3085,1688,2489,3,8,152
news-source-strategies,RQ2,E2-timing-duration,informational_p101_d100,1003,INFORMATIONAL_CAMOUFLAGE,TRADITIONAL_MEDIA,FAKE_NEWS_SOURCE,101.0,200.0,,-1.0,0.33,1.0,5.0,1.0,COMPLETE,0.1077999999999999,0.13006,0.0111799999999999,0.00964,0.1078,0.01118,1.0,0.13006,0.00964,200000,21560,0.66,455,202,252,334,383,1.0,0.08926,0.0761599999999999,190363,4498,2236,2903,7,38,131
news-source-strategies,RQ2,E2-timing-duration,informational_p101_d100,1004,INFORMATIONAL_CAMOUFLAGE,TRADITIONAL_MEDIA,FAKE_NEWS_SOURCE,101.0,200.0,,-1.0,0.33,1.0,5.0,1.0,COMPLETE,0.121305,0.06578,0.015595,0.0054,0.121305,0.015595,1.0,0.06578,0.0054,200000,24261,0.6775,490,267,278,396,466,1.0,0.14268,0.14408,187253,5225,3119,4403,3,13,89
news-source-strategies,RQ2,E2-timing-duration,informational_p101_d100,1005,INFORMATIONAL_CAMOUFLAGE,TRADITIONAL_MEDIA,FAKE_NEWS_SOURCE,101.0,200.0,,-1.0,0.33,1.0,5.0,1.0,COMPLETE,0.13154,0.1216,0.0153499999999999,0.01264,0.13154,0.01535,1.0,0.1216,0.01264,200000,26308,0.65,480,344,371,409,422,1.0,0.07508,0.16412,186881,5590,3070,4459,3,9,35
news-source-strategies,RQ2,E2-timing-duration,informational_p101_d100,1006,INFORMATIONAL_CAMOUFLAGE,TRADITIONAL_MEDIA,FAKE_NEWS_SOURCE,101.0,200.0,,-1.0,0.33,1.0,5.0,1.0,COMPLETE,0.106205,0.0788199999999999,0.013635,0.0085,0.106205,0.013635,1.0,0.07882,0.0085,200000,21241,0.6675,480,351,385,426,448,1.0,0.08732,0.08854,186841,4012,2727,6420,8,13,34
news-source-strategies,RQ2,E2-timing-duration,informational_p101_d100,1007,INFORMATIONAL_CAMOUFLAGE,TRADITIONAL_MEDIA,FAKE_NEWS_SOURCE,101.0,200.0,,-1.0,0.33,1.0,5.0,1.0,COMPLETE,0.1483199999999999,0.05736,0.02526,0.0059,0.14832,0.02526,1.0,0.05736,0.0059,200000,29664,0.6975,499,377,462,489,495,1.0,0.13756,0.14528,168145,19715,5052,7088,4,10,25
news-source-strategies,RQ2,E2-timing-duration,informational_p101_d100,1008,INFORMATIONAL_CAMOUFLAGE,TRADITIONAL_MEDIA,FAKE_NEWS_SOURCE,101.0,200.0,,-1.0,0.33,1.0,5.0,1.0,COMPLETE,0.12422,0.11724,0.01612,0.01206,0.12422,0.01612,1.0,0.11724,0.01206,200000,24844,0.6625,491,360,397,411,459,1.0,0.12048,0.11888,186713,5548,3224,4515,3,8,33
news-source-strategies,RQ2,E2-timing-duration,informational_p101_d100,1009,INFORMATIONAL_CAMOUFLAGE,TRADITIONAL_MEDIA,FAKE_NEWS_SOURCE,101.0,200.0,,-1.0,0.33,1.0,5.0,1.0,COMPLETE,0.15859,0.0776599999999999,0.02649,0.01194,0.15859,0.02649,1.0,0.07766,0.01194,200000,31718,0.6775,499,280,310,469,485,1.0,0.10794,0.23568,150992,37017,5298,6693,3,17,70
news-source-strategies,RQ2,E2-timing-duration,informational_p101_d100,1010,INFORMATIONAL_CAMOUFLAGE,TRADITIONAL_MEDIA,FAKE_NEWS_SOURCE,101.0,200.0,,-1.0,0.33,1.0,5.0,1.0,COMPLETE,0.151565,0.07576,0.027355,0.0040199999999999,0.151565,0.027355,1.0,0.07576,0.00402,200000,30313,0.64,497,320,353,451,496,1.0,0.24364,0.10108,117152,70125,5471,7252,4,9,67
news-source-strategies,RQ2,E2-timing-duration,informational_p101_d100,1011,INFORMATIONAL_CAMOUFLAGE,TRADITIONAL_MEDIA,FAKE_NEWS_SOURCE,101.0,200.0,,-1.0,0.33,1.0,5.0,1.0,COMPLETE,0.08897,0.05484,0.009175,0.00282,0.08897,0.009175,1.0,0.05484,0.00282,200000,17794,0.695,426,235,252,340,368,1.0,0.07378,0.09036,192441,2966,1835,2758,3,11,78
news-source-strategies,RQ2,E2-timing-duration,informational_p101_d100,1012,INFORMATIONAL_CAMOUFLAGE,TRADITIONAL_MEDIA,FAKE_NEWS_SOURCE,101.0,200.0,,-1.0,0.33,1.0,5.0,1.0,COMPLETE,0.12706,0.14018,0.0133,0.0134399999999999,0.12706,0.0133,1.0,0.14018,0.01344,200000,25412,0.64,470,249,279,334,403,1.0,0.1336,0.09262,186722,4333,2660,6285,9,17,146
news-source-strategies,RQ2,E2-timing-duration,informational_p101_d100,1013,INFORMATIONAL_CAMOUFLAGE,TRADITIONAL_MEDIA,FAKE_NEWS_SOURCE,101.0,200.0,,-1.0,0.33,1.0,5.0,1.0,COMPLETE,0.087905,0.08674,0.0081549999999999,0.0070999999999999,0.087905,0.008155,1.0,0.08674,0.0071,200000,17581,0.6725,411,163,205,278,356,1.0,0.1167,0.04318,193172,2973,1631,2224,4,74,128
news-source-strategies,RQ2,E2-timing-duration,informational_p101_d100,1014,INFORMATIONAL_CAMOUFLAGE,TRADITIONAL_MEDIA,FAKE_NEWS_SOURCE,101.0,200.0,,-1.0,0.33,1.0,5.0,1.0,COMPLETE,0.11456,0.0533,0.011675,0.00282,0.11456,0.011675,1.0,0.0533,0.00282,200000,22912,0.7075,460,275,306,326,395,1.0,0.1234,0.1515999999999999,189901,4299,2335,3465,3,13,148
news-source-strategies,RQ2,E2-timing-duration,informational_p101_d100,1015,INFORMATIONAL_CAMOUFLAGE,TRADITIONAL_MEDIA,FAKE_NEWS_SOURCE,101.0,200.0,,-1.0,0.33,1.0,5.0,1.0,COMPLETE,0.1298899999999999,0.1321999999999999,0.015645,0.01062,0.12989,0.015645,1.0,0.1322,0.01062,200000,25978,0.6525,485,163,171,284,468,1.0,0.18866,0.0431,187307,5685,3129,3879,11,75,123
news-source-strategies,RQ2,E2-timing-duration,informational_p101_d100,1016,INFORMATIONAL_CAMOUFLAGE,TRADITIONAL_MEDIA,FAKE_NEWS_SOURCE,101.0,200.0,,-1.0,0.33,1.0,5.0,1.0,COMPLETE,0.10875,0.11852,0.01173,0.0083,0.10875,0.01173,1.0,0.11852,0.0083,200000,21750,0.66,447,316,319,343,368,1.0,0.07496,0.11986,189891,3552,2346,4211,5,9,93
news-source-strategies,RQ2,E2-timing-duration,informational_p101_d100,1017,INFORMATIONAL_CAMOUFLAGE,TRADITIONAL_MEDIA,FAKE_NEWS_SOURCE,101.0,200.0,,-1.0,0.33,1.0,5.0,1.0,COMPLETE,0.114215,0.13038,0.01238,0.00958,0.114215,0.01238,1.0,0.13038,0.00958,200000,22843,0.665,459,339,359,384,414,1.0,0.0866,0.0983199999999999,189883,4087,2476,3554,4,8,30
news-source-strategies,RQ2,E2-timing-duration,informational_p101_d100,1018,INFORMATIONAL_CAMOUFLAGE,TRADITIONAL_MEDIA,FAKE_NEWS_SOURCE,101.0,200.0,,-1.0,0.33,1.0,5.0,1.0,COMPLETE,0.118215,0.08786,0.01227,0.00554,0.118215,0.01227,1.0,0.08786,0.00554,200000,23643,0.6625,456,304,306,334,430,1.0,0.1761599999999999,0.09902,189798,4581,2454,3167,4,8,105
news-source-strategies,RQ2,E2-timing-duration,informational_p101_d100,1019,INFORMATIONAL_CAMOUFLAGE,TRADITIONAL_MEDIA,FAKE_NEWS_SOURCE,101.0,200.0,,-1.0,0.33,1.0,5.0,1.0,COMPLETE,0.0963499999999999,0.05524,0.009025,0.0033799999999999,0.09635,0.009025,1.0,0.05524,0.00338,200000,19270,0.6825,435,226,234,279,363,1.0,0.0979599999999999,0.10308,191840,3707,1805,2648,4,18,178
news-source-strategies,RQ2,E2-timing-duration,informational_p101_d100,1020,INFORMATIONAL_CAMOUFLAGE,TRADITIONAL_MEDIA,FAKE_NEWS_SOURCE,101.0,200.0,,-1.0,0.33,1.0,5.0,1.0,COMPLETE,0.105615,0.12052,0.01066,0.0080399999999999,0.105615,0.01066,1.0,0.12052,0.00804,200000,21123,0.7025,440,303,314,348,368,1.0,0.05352,0.12928,188603,4028,2132,5237,7,11,68
news-source-strategies,RQ2,E2-timing-duration,informational_p101_d100,1021,INFORMATIONAL_CAMOUFLAGE,TRADITIONAL_MEDIA,FAKE_NEWS_SOURCE,101.0,200.0,,-1.0,0.33,1.0,5.0,1.0,COMPLETE,0.10712,0.1547599999999999,0.012345,0.0159,0.10712,0.012345,1.0,0.15476,0.0159,200000,21424,0.685,466,307,316,337,391,1.0,0.10966,0.06364,187192,6071,2469,4268,6,15,122
news-source-strategies,RQ2,E2-timing-duration,informational_p101_d100,1022,INFORMATIONAL_CAMOUFLAGE,TRADITIONAL_MEDIA,FAKE_NEWS_SOURCE,101.0,200.0,,-1.0,0.33,1.0,5.0,1.0,COMPLETE,0.119795,0.11986,0.0110099999999999,0.01202,0.119795,0.01101,1.0,0.11986,0.01202,200000,23959,0.675,448,201,208,275,359,1.0,0.12192,0.09724,191281,3789,2202,2728,5,60,171
news-source-strategies,RQ2,E2-timing-duration,informational_p101_d100,1023,INFORMATIONAL_CAMOUFLAGE,TRADITIONAL_MEDIA,FAKE_NEWS_SOURCE,101.0,200.0,,-1.0,0.33,1.0,5.0,1.0,COMPLETE,0.13435,0.12536,0.012765,0.01056,0.13435,0.012765,1.0,0.12536,0.01056,200000,26870,0.6625,461,211,249,280,383,1.0,0.13754,0.1519799999999999,189810,4020,2553,3617,3,43,152
news-source-strategies,RQ2,E2-timing-duration,informational_p101_d100,1024,INFORMATIONAL_CAMOUFLAGE,TRADITIONAL_MEDIA,FAKE_NEWS_SOURCE,101.0,200.0,,-1.0,0.33,1.0,5.0,1.0,COMPLETE,0.108315,0.1212999999999999,0.0093949999999999,0.00968,0.108315,0.009395,1.0,0.1213,0.00968,200000,21663,0.67,432,157,184,247,339,1.0,0.12176,0.08676,191922,3369,1879,2830,6,59,180
news-source-strategies,RQ2,E2-timing-duration,informational_p101_d100,1025,INFORMATIONAL_CAMOUFLAGE,TRADITIONAL_MEDIA,FAKE_NEWS_SOURCE,101.0,200.0,,-1.0,0.33,1.0,5.0,1.0,COMPLETE,0.115835,0.0970999999999999,0.011695,0.00588,0.115835,0.011695,1.0,0.0971,0.00588,200000,23167,0.6525,463,330,348,379,431,1.0,0.13276,0.1095,187471,4138,2339,6052,9,16,46
news-source-strategies,RQ2,E2-timing-duration,informational_p101_d100,1026,INFORMATIONAL_CAMOUFLAGE,TRADITIONAL_MEDIA,FAKE_NEWS_SOURCE,101.0,200.0,,-1.0,0.33,1.0,5.0,1.0,COMPLETE,0.09444,0.04406,0.012105,0.0022,0.09444,0.012105,1.0,0.04406,0.0022,200000,18888,0.6775,464,388,413,431,456,1.0,0.0896,0.08434,190261,4101,2421,3217,3,7,13
news-source-strategies,RQ2,E2-timing-duration,informational_p101_d100,1027,INFORMATIONAL_CAMOUFLAGE,TRADITIONAL_MEDIA,FAKE_NEWS_SOURCE,101.0,200.0,,-1.0,0.33,1.0,5.0,1.0,COMPLETE,0.10417,0.0784599999999999,0.01258,0.0066,0.10417,0.01258,1.0,0.07846,0.0066,200000,20834,0.65,465,344,384,401,429,1.0,0.10782,0.08506,189463,4536,2516,3485,4,8,36
news-source-strategies,RQ2,E2-timing-duration,informational_p101_d100,1028,INFORMATIONAL_CAMOUFLAGE,TRADITIONAL_MEDIA,FAKE_NEWS_SOURCE,101.0,200.0,,-1.0,0.33,1.0,5.0,1.0,COMPLETE,0.13205,0.18018,0.015855,0.0237,0.13205,0.015855,1.0,0.18018,0.0237,200000,26410,0.6325,475,289,351,377,401,1.0,0.07554,0.11862,187238,5222,3171,4369,4,8,54
news-source-strategies,RQ2,E2-timing-duration,informational_p101_d100,1029,INFORMATIONAL_CAMOUFLAGE,TRADITIONAL_MEDIA,FAKE_NEWS_SOURCE,101.0,200.0,,-1.0,0.33,1.0,5.0,1.0,COMPLETE,0.099885,0.13196,0.009605,0.0141199999999999,0.099885,0.009605,1.0,0.13196,0.01412,200000,19977,0.6725,436,160,187,208,281,1.0,0.08626,0.11054,192068,3364,1921,2647,4,135,238
news-source-strategies,RQ2,E2-timing-duration,informational_p101_d100,1030,INFORMATIONAL_CAMOUFLAGE,TRADITIONAL_MEDIA,FAKE_NEWS_SOURCE,101.0,200.0,,-1.0,0.33,1.0,5.0,1.0,COMPLETE,0.09144,0.0915199999999999,0.010345,0.00658,0.09144,0.010345,1.0,0.09152,0.00658,200000,18288,0.68,445,272,279,287,381,1.0,0.1195,0.0767,191111,4286,2069,2534,4,14,171
news-source-strategies,RQ2,E2-timing-duration,informational_p101_permanent,1001,INFORMATIONAL_CAMOUFLAGE,TRADITIONAL_MEDIA,FAKE_NEWS_SOURCE,101.0,-1.0,,-1.0,0.33,1.0,5.0,1.0,COMPLETE,0.1051749999999999,0.1243799999999999,0.0115649999999999,0.0118599999999999,0.105175,0.011565,1.0,0.12438,0.01186,200000,21035,0.6875,453,252,252,329,390,1.0,0.1004333333333333,,191382,3356,2313,2949,3,11,127
news-source-strategies,RQ2,E2-timing-duration,informational_p101_permanent,1002,INFORMATIONAL_CAMOUFLAGE,TRADITIONAL_MEDIA,FAKE_NEWS_SOURCE,101.0,-1.0,,-1.0,0.33,1.0,5.0,1.0,COMPLETE,0.08181,0.04342,0.00874,0.0026,0.08181,0.00874,1.0,0.04342,0.0026,200000,16362,0.6875,432,264,275,311,341,1.0,0.0771066666666666,,192732,3011,1748,2509,3,8,158
news-source-strategies,RQ2,E2-timing-duration,informational_p101_permanent,1003,INFORMATIONAL_CAMOUFLAGE,TRADITIONAL_MEDIA,FAKE_NEWS_SOURCE,101.0,-1.0,,-1.0,0.33,1.0,5.0,1.0,COMPLETE,0.10815,0.1316399999999999,0.011835,0.0121,0.10815,0.011835,1.0,0.13164,0.0121,200000,21630,0.66,459,202,252,334,383,1.0,0.0989599999999999,,190207,4529,2367,2897,7,39,134
news-source-strategies,RQ2,E2-timing-duration,informational_p101_permanent,1004,INFORMATIONAL_CAMOUFLAGE,TRADITIONAL_MEDIA,FAKE_NEWS_SOURCE,101.0,-1.0,,-1.0,0.33,1.0,5.0,1.0,COMPLETE,0.12106,0.0654,0.01573,0.00546,0.12106,0.01573,1.0,0.0654,0.00546,200000,24212,0.6775,492,267,278,396,466,1.0,0.1171866666666666,,187463,5104,3146,4287,3,14,89
news-source-strategies,RQ2,E2-timing-duration,informational_p101_permanent,1005,INFORMATIONAL_CAMOUFLAGE,TRADITIONAL_MEDIA,FAKE_NEWS_SOURCE,101.0,-1.0,,-1.0,0.33,1.0,5.0,1.0,COMPLETE,0.132,0.122,0.016355,0.01416,0.132,0.016355,1.0,0.122,0.01416,200000,26400,0.65,484,344,371,409,422,1.0,0.12088,,186741,5547,3271,4441,3,9,38
news-source-strategies,RQ2,E2-timing-duration,informational_p101_permanent,1006,INFORMATIONAL_CAMOUFLAGE,TRADITIONAL_MEDIA,FAKE_NEWS_SOURCE,101.0,-1.0,,-1.0,0.33,1.0,5.0,1.0,COMPLETE,0.10618,0.07934,0.0136199999999999,0.00856,0.10618,0.01362,1.0,0.07934,0.00856,200000,21236,0.6675,477,351,385,426,448,1.0,0.08486,,186991,3919,2724,6366,8,13,34
news-source-strategies,RQ2,E2-timing-duration,informational_p101_permanent,1007,INFORMATIONAL_CAMOUFLAGE,TRADITIONAL_MEDIA,FAKE_NEWS_SOURCE,101.0,-1.0,,-1.0,0.33,1.0,5.0,1.0,COMPLETE,0.14866,0.05728,0.025875,0.00632,0.14866,0.025875,1.0,0.05728,0.00632,200000,29732,0.6975,498,377,462,489,495,1.0,0.1138533333333333,,168214,19625,5175,6986,4,10,25
news-source-strategies,RQ2,E2-timing-duration,informational_p101_permanent,1008,INFORMATIONAL_CAMOUFLAGE,TRADITIONAL_MEDIA,FAKE_NEWS_SOURCE,101.0,-1.0,,-1.0,0.33,1.0,5.0,1.0,COMPLETE,0.12409,0.11704,0.01651,0.01366,0.12409,0.01651,1.0,0.11704,0.01366,200000,24818,0.6625,491,360,397,411,459,1.0,0.1186933333333333,,186822,5407,3302,4469,3,8,33
news-source-strategies,RQ2,E2-timing-duration,informational_p101_permanent,1009,INFORMATIONAL_CAMOUFLAGE,TRADITIONAL_MEDIA,FAKE_NEWS_SOURCE,101.0,-1.0,,-1.0,0.33,1.0,5.0,1.0,COMPLETE,0.15859,0.07698,0.02707,0.01182,0.15859,0.02707,1.0,0.07698,0.01182,200000,31718,0.6775,499,280,310,469,485,1.0,0.1404266666666666,,151250,36853,5414,6483,3,17,70
news-source-strategies,RQ2,E2-timing-duration,informational_p101_permanent,1010,INFORMATIONAL_CAMOUFLAGE,TRADITIONAL_MEDIA,FAKE_NEWS_SOURCE,101.0,-1.0,,-1.0,0.33,1.0,5.0,1.0,COMPLETE,0.151705,0.07586,0.02787,0.00434,0.151705,0.02787,1.0,0.07586,0.00434,200000,30341,0.64,497,320,353,451,496,1.0,0.1403466666666666,,117094,70127,5574,7205,4,9,67
news-source-strategies,RQ2,E2-timing-duration,informational_p101_permanent,1011,INFORMATIONAL_CAMOUFLAGE,TRADITIONAL_MEDIA,FAKE_NEWS_SOURCE,101.0,-1.0,,-1.0,0.33,1.0,5.0,1.0,COMPLETE,0.089045,0.05472,0.009255,0.00276,0.089045,0.009255,1.0,0.05472,0.00276,200000,17809,0.695,426,235,252,340,368,1.0,0.0730933333333333,,192507,2933,1851,2709,3,11,78
news-source-strategies,RQ2,E2-timing-duration,informational_p101_permanent,1012,INFORMATIONAL_CAMOUFLAGE,TRADITIONAL_MEDIA,FAKE_NEWS_SOURCE,101.0,-1.0,,-1.0,0.33,1.0,5.0,1.0,COMPLETE,0.126945,0.13968,0.01349,0.01364,0.126945,0.01349,1.0,0.13968,0.01364,200000,25389,0.64,474,249,279,334,403,1.0,0.12198,,186879,4231,2698,6192,9,17,146
news-source-strategies,RQ2,E2-timing-duration,informational_p101_permanent,1013,INFORMATIONAL_CAMOUFLAGE,TRADITIONAL_MEDIA,FAKE_NEWS_SOURCE,101.0,-1.0,,-1.0,0.33,1.0,5.0,1.0,COMPLETE,0.088025,0.08702,0.008525,0.00802,0.088025,0.008525,1.0,0.08702,0.00802,200000,17605,0.6725,414,163,205,278,356,1.0,0.0823666666666666,,193183,2934,1705,2178,4,74,128
news-source-strategies,RQ2,E2-timing-duration,informational_p101_permanent,1014,INFORMATIONAL_CAMOUFLAGE,TRADITIONAL_MEDIA,FAKE_NEWS_SOURCE,101.0,-1.0,,-1.0,0.33,1.0,5.0,1.0,COMPLETE,0.11458,0.05312,0.012025,0.0029,0.11458,0.012025,1.0,0.05312,0.0029,200000,22916,0.7075,461,275,306,326,395,1.0,0.1094599999999999,,189938,4216,2405,3441,3,13,148
news-source-strategies,RQ2,E2-timing-duration,informational_p101_permanent,1015,INFORMATIONAL_CAMOUFLAGE,TRADITIONAL_MEDIA,FAKE_NEWS_SOURCE,101.0,-1.0,,-1.0,0.33,1.0,5.0,1.0,COMPLETE,0.13005,0.13278,0.015985,0.01168,0.13005,0.015985,1.0,0.13278,0.01168,200000,26010,0.6525,484,163,171,284,468,1.0,0.1215333333333333,,187255,5703,3197,3845,11,74,123
news-source-strategies,RQ2,E2-timing-duration,informational_p101_permanent,1016,INFORMATIONAL_CAMOUFLAGE,TRADITIONAL_MEDIA,FAKE_NEWS_SOURCE,101.0,-1.0,,-1.0,0.33,1.0,5.0,1.0,COMPLETE,0.109065,0.11878,0.012515,0.00934,0.109065,0.012515,1.0,0.11878,0.00934,200000,21813,0.66,454,316,319,343,368,1.0,0.1048666666666666,,189780,3504,2503,4213,5,9,94
news-source-strategies,RQ2,E2-timing-duration,informational_p101_permanent,1017,INFORMATIONAL_CAMOUFLAGE,TRADITIONAL_MEDIA,FAKE_NEWS_SOURCE,101.0,-1.0,,-1.0,0.33,1.0,5.0,1.0,COMPLETE,0.114155,0.1296999999999999,0.01259,0.0096,0.114155,0.01259,1.0,0.1297,0.0096,200000,22831,0.665,461,339,359,384,414,1.0,0.10502,,190068,3921,2518,3493,4,8,30
news-source-strategies,RQ2,E2-timing-duration,informational_p101_permanent,1018,INFORMATIONAL_CAMOUFLAGE,TRADITIONAL_MEDIA,FAKE_NEWS_SOURCE,101.0,-1.0,,-1.0,0.33,1.0,5.0,1.0,COMPLETE,0.11791,0.08746,0.01222,0.00548,0.11791,0.01222,1.0,0.08746,0.00548,200000,23582,0.6625,456,304,306,334,430,1.0,0.1206066666666666,,189977,4497,2444,3082,4,8,105
news-source-strategies,RQ2,E2-timing-duration,informational_p101_permanent,1019,INFORMATIONAL_CAMOUFLAGE,TRADITIONAL_MEDIA,FAKE_NEWS_SOURCE,101.0,-1.0,,-1.0,0.33,1.0,5.0,1.0,COMPLETE,0.096105,0.05452,0.009205,0.00324,0.096105,0.009205,1.0,0.05452,0.00324,200000,19221,0.6825,438,226,234,279,363,1.0,0.0851,,192008,3633,1841,2518,4,18,179
news-source-strategies,RQ2,E2-timing-duration,informational_p101_permanent,1020,INFORMATIONAL_CAMOUFLAGE,TRADITIONAL_MEDIA,FAKE_NEWS_SOURCE,101.0,-1.0,,-1.0,0.33,1.0,5.0,1.0,COMPLETE,0.1059249999999999,0.12118,0.01131,0.0095,0.105925,0.01131,1.0,0.12118,0.0095,200000,21185,0.7025,445,303,314,348,368,1.0,0.10152,,188618,3948,2262,5172,7,11,72
news-source-strategies,RQ2,E2-timing-duration,informational_p101_permanent,1021,INFORMATIONAL_CAMOUFLAGE,TRADITIONAL_MEDIA,FAKE_NEWS_SOURCE,101.0,-1.0,,-1.0,0.33,1.0,5.0,1.0,COMPLETE,0.10728,0.15572,0.012945,0.01808,0.10728,0.012945,1.0,0.15572,0.01808,200000,21456,0.685,466,307,316,337,391,1.0,0.1095666666666666,,187343,5919,2589,4149,6,15,122
news-source-strategies,RQ2,E2-timing-duration,informational_p101_permanent,1022,INFORMATIONAL_CAMOUFLAGE,TRADITIONAL_MEDIA,FAKE_NEWS_SOURCE,101.0,-1.0,,-1.0,0.33,1.0,5.0,1.0,COMPLETE,0.12031,0.1204399999999999,0.01189,0.0134399999999999,0.12031,0.01189,1.0,0.12044,0.01344,200000,24062,0.675,456,201,208,275,359,1.0,0.1136933333333333,,191143,3783,2378,2696,5,60,186
news-source-strategies,RQ2,E2-timing-duration,informational_p101_permanent,1023,INFORMATIONAL_CAMOUFLAGE,TRADITIONAL_MEDIA,FAKE_NEWS_SOURCE,101.0,-1.0,,-1.0,0.33,1.0,5.0,1.0,COMPLETE,0.13409,0.125,0.013025,0.01114,0.13409,0.013025,1.0,0.125,0.01114,200000,26818,0.6625,462,211,249,280,383,1.0,0.1379466666666666,,190118,3782,2605,3495,3,43,152
news-source-strategies,RQ2,E2-timing-duration,informational_p101_permanent,1024,INFORMATIONAL_CAMOUFLAGE,TRADITIONAL_MEDIA,FAKE_NEWS_SOURCE,101.0,-1.0,,-1.0,0.33,1.0,5.0,1.0,COMPLETE,0.108165,0.12126,0.00955,0.0105,0.108165,0.00955,1.0,0.12126,0.0105,200000,21633,0.67,429,157,184,247,339,1.0,0.1097399999999999,,192112,3215,1910,2763,6,59,179
news-source-strategies,RQ2,E2-timing-duration,informational_p101_permanent,1025,INFORMATIONAL_CAMOUFLAGE,TRADITIONAL_MEDIA,FAKE_NEWS_SOURCE,101.0,-1.0,,-1.0,0.33,1.0,5.0,1.0,COMPLETE,0.115905,0.0975,0.011955,0.0065,0.115905,0.011955,1.0,0.0975,0.0065,200000,23181,0.6525,465,330,348,379,431,1.0,0.1132133333333333,,187545,4064,2391,6000,9,16,55
news-source-strategies,RQ2,E2-timing-duration,informational_p101_permanent,1026,INFORMATIONAL_CAMOUFLAGE,TRADITIONAL_MEDIA,FAKE_NEWS_SOURCE,101.0,-1.0,,-1.0,0.33,1.0,5.0,1.0,COMPLETE,0.0945,0.04412,0.01225,0.0023599999999999,0.0945,0.01225,1.0,0.04412,0.00236,200000,18900,0.6775,465,388,413,431,456,1.0,0.0727466666666666,,190289,4077,2450,3184,4,7,13
news-source-strategies,RQ2,E2-timing-duration,informational_p101_permanent,1027,INFORMATIONAL_CAMOUFLAGE,TRADITIONAL_MEDIA,FAKE_NEWS_SOURCE,101.0,-1.0,,-1.0,0.33,1.0,5.0,1.0,COMPLETE,0.10401,0.07778,0.012655,0.00622,0.10401,0.012655,1.0,0.07778,0.00622,200000,20802,0.65,466,344,384,401,429,1.0,0.0902333333333333,,189632,4454,2531,3383,4,8,36
news-source-strategies,RQ2,E2-timing-duration,informational_p101_permanent,1028,INFORMATIONAL_CAMOUFLAGE,TRADITIONAL_MEDIA,FAKE_NEWS_SOURCE,101.0,-1.0,,-1.0,0.33,1.0,5.0,1.0,COMPLETE,0.13203,0.18,0.01635,0.02544,0.13203,0.01635,1.0,0.18,0.02544,200000,26406,0.6325,476,289,351,377,401,1.0,0.1247533333333333,,187438,5087,3270,4205,4,8,54
news-source-strategies,RQ2,E2-timing-duration,informational_p101_permanent,1029,INFORMATIONAL_CAMOUFLAGE,TRADITIONAL_MEDIA,FAKE_NEWS_SOURCE,101.0,-1.0,,-1.0,0.33,1.0,5.0,1.0,COMPLETE,0.100455,0.13334,0.010605,0.0165,0.100455,0.010605,1.0,0.13334,0.0165,200000,20091,0.6725,447,160,187,208,281,1.0,0.1103466666666666,,191915,3367,2121,2597,5,148,239
news-source-strategies,RQ2,E2-timing-duration,informational_p101_permanent,1030,INFORMATIONAL_CAMOUFLAGE,TRADITIONAL_MEDIA,FAKE_NEWS_SOURCE,101.0,-1.0,,-1.0,0.33,1.0,5.0,1.0,COMPLETE,0.091155,0.09068,0.010345,0.00646,0.091155,0.010345,1.0,0.09068,0.00646,200000,18231,0.68,447,272,279,287,381,1.0,0.0955266666666666,,191302,4185,2069,2444,4,15,171
news-source-strategies,RQ2,E2-timing-duration,informational_p201_d25,1001,INFORMATIONAL_CAMOUFLAGE,TRADITIONAL_MEDIA,FAKE_NEWS_SOURCE,201.0,225.0,,-1.0,0.33,1.0,5.0,1.0,COMPLETE,0.105345,0.1243,0.011245,0.01126,0.105345,0.011245,1.0,0.1243,0.01126,200000,21069,0.6875,452,252,252,329,389,1.0,0.0915199999999999,0.08142,191086,3566,2249,3099,3,11,127
news-source-strategies,RQ2,E2-timing-duration,informational_p201_d25,1002,INFORMATIONAL_CAMOUFLAGE,TRADITIONAL_MEDIA,FAKE_NEWS_SOURCE,201.0,225.0,,-1.0,0.33,1.0,5.0,1.0,COMPLETE,0.08212,0.04372,0.00877,0.00262,0.08212,0.00877,1.0,0.04372,0.00262,200000,16424,0.6875,433,264,275,311,341,1.0,0.22896,0.0885,192542,3111,1754,2593,3,8,166
news-source-strategies,RQ2,E2-timing-duration,informational_p201_d25,1003,INFORMATIONAL_CAMOUFLAGE,TRADITIONAL_MEDIA,FAKE_NEWS_SOURCE,201.0,225.0,,-1.0,0.33,1.0,5.0,1.0,COMPLETE,0.107925,0.13006,0.011235,0.00964,0.107925,0.011235,1.0,0.13006,0.00964,200000,21585,0.66,455,202,252,334,384,1.0,0.04136,0.08792,190277,4531,2247,2945,7,38,131
news-source-strategies,RQ2,E2-timing-duration,informational_p201_d25,1004,INFORMATIONAL_CAMOUFLAGE,TRADITIONAL_MEDIA,FAKE_NEWS_SOURCE,201.0,225.0,,-1.0,0.33,1.0,5.0,1.0,COMPLETE,0.121715,0.06578,0.015715,0.00538,0.121715,0.015715,1.0,0.06578,0.00538,200000,24343,0.6775,490,267,278,396,467,1.0,0.08712,0.14442,186855,5534,3143,4468,3,13,89
news-source-strategies,RQ2,E2-timing-duration,informational_p201_d25,1005,INFORMATIONAL_CAMOUFLAGE,TRADITIONAL_MEDIA,FAKE_NEWS_SOURCE,201.0,225.0,,-1.0,0.33,1.0,5.0,1.0,COMPLETE,0.131675,0.1216,0.015605,0.01264,0.131675,0.015605,1.0,0.1216,0.01264,200000,26335,0.65,481,344,371,409,421,1.0,0.2171999999999999,0.15512,186790,5595,3121,4494,3,9,36
news-source-strategies,RQ2,E2-timing-duration,informational_p201_d25,1006,INFORMATIONAL_CAMOUFLAGE,TRADITIONAL_MEDIA,FAKE_NEWS_SOURCE,201.0,225.0,,-1.0,0.33,1.0,5.0,1.0,COMPLETE,0.1061599999999999,0.0788199999999999,0.013375,0.0085,0.10616,0.013375,1.0,0.07882,0.0085,200000,21232,0.6675,478,351,385,426,444,1.0,0.12592,0.1015,186902,4004,2675,6419,8,13,34
news-source-strategies,RQ2,E2-timing-duration,informational_p201_d25,1007,INFORMATIONAL_CAMOUFLAGE,TRADITIONAL_MEDIA,FAKE_NEWS_SOURCE,201.0,225.0,,-1.0,0.33,1.0,5.0,1.0,COMPLETE,0.148675,0.05736,0.025285,0.0059,0.148675,0.025285,1.0,0.05736,0.0059,200000,29735,0.6975,499,377,462,489,495,1.0,0.17184,0.12568,168056,19732,5057,7155,4,10,25
news-source-strategies,RQ2,E2-timing-duration,informational_p201_d25,1008,INFORMATIONAL_CAMOUFLAGE,TRADITIONAL_MEDIA,FAKE_NEWS_SOURCE,201.0,225.0,,-1.0,0.33,1.0,5.0,1.0,COMPLETE,0.124075,0.11724,0.01584,0.01206,0.124075,0.01584,1.0,0.11724,0.01206,200000,24815,0.6625,488,360,397,411,455,1.0,0.0969599999999999,0.12248,186704,5597,3168,4531,3,8,33
news-source-strategies,RQ2,E2-timing-duration,informational_p201_d25,1009,INFORMATIONAL_CAMOUFLAGE,TRADITIONAL_MEDIA,FAKE_NEWS_SOURCE,201.0,225.0,,-1.0,0.33,1.0,5.0,1.0,COMPLETE,0.1589,0.0778199999999999,0.02658,0.01198,0.1589,0.02658,1.0,0.07782,0.01198,200000,31780,0.6775,499,280,310,469,484,1.0,0.31056,0.171,150938,37008,5316,6738,3,17,70
news-source-strategies,RQ2,E2-timing-duration,informational_p201_d25,1010,INFORMATIONAL_CAMOUFLAGE,TRADITIONAL_MEDIA,FAKE_NEWS_SOURCE,201.0,225.0,,-1.0,0.33,1.0,5.0,1.0,COMPLETE,0.15377,0.07576,0.02658,0.0040199999999999,0.15377,0.02658,1.0,0.07576,0.00402,200000,30754,0.64,497,320,353,451,497,1.0,0.10072,0.07814,114408,72934,5316,7342,4,9,67
news-source-strategies,RQ2,E2-timing-duration,informational_p201_d25,1011,INFORMATIONAL_CAMOUFLAGE,TRADITIONAL_MEDIA,FAKE_NEWS_SOURCE,201.0,225.0,,-1.0,0.33,1.0,5.0,1.0,COMPLETE,0.08912,0.0547999999999999,0.0092249999999999,0.00282,0.08912,0.009225,1.0,0.0548,0.00282,200000,17824,0.695,426,235,252,340,368,1.0,0.08656,0.0692,192367,2998,1845,2790,3,11,78
news-source-strategies,RQ2,E2-timing-duration,informational_p201_d25,1012,INFORMATIONAL_CAMOUFLAGE,TRADITIONAL_MEDIA,FAKE_NEWS_SOURCE,201.0,225.0,,-1.0,0.33,1.0,5.0,1.0,COMPLETE,0.126865,0.14018,0.01298,0.0134399999999999,0.126865,0.01298,1.0,0.14018,0.01344,200000,25373,0.64,467,249,279,334,398,1.0,0.084,0.10332,186785,4339,2596,6280,9,17,142
news-source-strategies,RQ2,E2-timing-duration,informational_p201_d25,1013,INFORMATIONAL_CAMOUFLAGE,TRADITIONAL_MEDIA,FAKE_NEWS_SOURCE,201.0,225.0,,-1.0,0.33,1.0,5.0,1.0,COMPLETE,0.08813,0.08674,0.00831,0.00708,0.08813,0.00831,1.0,0.08674,0.00708,200000,17626,0.6725,412,163,205,278,357,1.0,0.00056,0.07562,192870,3135,1662,2333,4,74,128
news-source-strategies,RQ2,E2-timing-duration,informational_p201_d25,1014,INFORMATIONAL_CAMOUFLAGE,TRADITIONAL_MEDIA,FAKE_NEWS_SOURCE,201.0,225.0,,-1.0,0.33,1.0,5.0,1.0,COMPLETE,0.11454,0.0533,0.011695,0.0028399999999999,0.11454,0.011695,1.0,0.0533,0.00284,200000,22908,0.7075,458,275,306,326,392,1.0,0.04728,0.1408,189690,4405,2339,3566,3,13,148
news-source-strategies,RQ2,E2-timing-duration,informational_p201_d25,1015,INFORMATIONAL_CAMOUFLAGE,TRADITIONAL_MEDIA,FAKE_NEWS_SOURCE,201.0,225.0,,-1.0,0.33,1.0,5.0,1.0,COMPLETE,0.129495,0.1321999999999999,0.014735,0.01062,0.129495,0.014735,1.0,0.1322,0.01062,200000,25899,0.6525,484,163,171,284,462,1.0,0.09008,0.06454,187492,5685,2947,3876,11,74,123
news-source-strategies,RQ2,E2-timing-duration,informational_p201_d25,1016,INFORMATIONAL_CAMOUFLAGE,TRADITIONAL_MEDIA,FAKE_NEWS_SOURCE,201.0,225.0,,-1.0,0.33,1.0,5.0,1.0,COMPLETE,0.10878,0.11852,0.011705,0.0083,0.10878,0.011705,1.0,0.11852,0.0083,200000,21756,0.66,448,316,319,343,372,1.0,0.08224,0.1112,189846,3568,2341,4245,5,9,93
news-source-strategies,RQ2,E2-timing-duration,informational_p201_d25,1017,INFORMATIONAL_CAMOUFLAGE,TRADITIONAL_MEDIA,FAKE_NEWS_SOURCE,201.0,225.0,,-1.0,0.33,1.0,5.0,1.0,COMPLETE,0.11434,0.13038,0.012405,0.00958,0.11434,0.012405,1.0,0.13038,0.00958,200000,22868,0.665,459,339,359,384,414,1.0,0.08832,0.13972,189816,4120,2481,3583,4,8,30
news-source-strategies,RQ2,E2-timing-duration,informational_p201_d25,1018,INFORMATIONAL_CAMOUFLAGE,TRADITIONAL_MEDIA,FAKE_NEWS_SOURCE,201.0,225.0,,-1.0,0.33,1.0,5.0,1.0,COMPLETE,0.118075,0.08768,0.01189,0.00554,0.118075,0.01189,1.0,0.08768,0.00554,200000,23615,0.6625,457,304,306,334,430,1.0,0.12944,0.06816,189580,4716,2378,3326,4,8,105
news-source-strategies,RQ2,E2-timing-duration,informational_p201_d25,1019,INFORMATIONAL_CAMOUFLAGE,TRADITIONAL_MEDIA,FAKE_NEWS_SOURCE,201.0,225.0,,-1.0,0.33,1.0,5.0,1.0,COMPLETE,0.0964899999999999,0.05504,0.00906,0.00332,0.09649,0.00906,1.0,0.05504,0.00332,200000,19298,0.6825,433,226,234,279,363,1.0,0.05088,0.1003199999999999,191740,3739,1812,2709,4,18,143
news-source-strategies,RQ2,E2-timing-duration,informational_p201_d25,1020,INFORMATIONAL_CAMOUFLAGE,TRADITIONAL_MEDIA,FAKE_NEWS_SOURCE,201.0,225.0,,-1.0,0.33,1.0,5.0,1.0,COMPLETE,0.1057849999999999,0.12052,0.010845,0.0080399999999999,0.105785,0.010845,1.0,0.12052,0.00804,200000,21157,0.7025,444,303,314,348,368,1.0,0.17352,0.1285,188534,4044,2169,5253,7,11,68
news-source-strategies,RQ2,E2-timing-duration,informational_p201_d25,1021,INFORMATIONAL_CAMOUFLAGE,TRADITIONAL_MEDIA,FAKE_NEWS_SOURCE,201.0,225.0,,-1.0,0.33,1.0,5.0,1.0,COMPLETE,0.106875,0.1547599999999999,0.012115,0.0159,0.106875,0.012115,1.0,0.15476,0.0159,200000,21375,0.685,464,307,316,337,386,1.0,0.04128,0.1216,187243,6068,2423,4266,6,15,122
news-source-strategies,RQ2,E2-timing-duration,informational_p201_d25,1022,INFORMATIONAL_CAMOUFLAGE,TRADITIONAL_MEDIA,FAKE_NEWS_SOURCE,201.0,225.0,,-1.0,0.33,1.0,5.0,1.0,COMPLETE,0.119875,0.11984,0.011115,0.01196,0.119875,0.011115,1.0,0.11984,0.01196,200000,23975,0.675,448,201,208,275,358,1.0,0.04808,0.11782,191120,3850,2223,2807,5,60,171
news-source-strategies,RQ2,E2-timing-duration,informational_p201_d25,1023,INFORMATIONAL_CAMOUFLAGE,TRADITIONAL_MEDIA,FAKE_NEWS_SOURCE,201.0,225.0,,-1.0,0.33,1.0,5.0,1.0,COMPLETE,0.13452,0.12538,0.01267,0.01058,0.13452,0.01267,1.0,0.12538,0.01058,200000,26904,0.6625,461,211,249,280,377,1.0,0.16368,0.122,189678,4098,2534,3690,3,43,152
news-source-strategies,RQ2,E2-timing-duration,informational_p201_d25,1024,INFORMATIONAL_CAMOUFLAGE,TRADITIONAL_MEDIA,FAKE_NEWS_SOURCE,201.0,225.0,,-1.0,0.33,1.0,5.0,1.0,COMPLETE,0.1081599999999999,0.1212999999999999,0.00921,0.00968,0.10816,0.00921,1.0,0.1213,0.00968,200000,21632,0.67,425,157,184,247,333,1.0,0.1268,0.07622,191995,3356,1842,2807,5,58,180
news-source-strategies,RQ2,E2-timing-duration,informational_p201_d25,1025,INFORMATIONAL_CAMOUFLAGE,TRADITIONAL_MEDIA,FAKE_NEWS_SOURCE,201.0,225.0,,-1.0,0.33,1.0,5.0,1.0,COMPLETE,0.11572,0.0970999999999999,0.01139,0.00588,0.11572,0.01139,1.0,0.0971,0.00588,200000,23144,0.6525,458,330,348,379,424,1.0,0.08704,0.1294799999999999,187481,4167,2278,6074,9,16,42
news-source-strategies,RQ2,E2-timing-duration,informational_p201_d25,1026,INFORMATIONAL_CAMOUFLAGE,TRADITIONAL_MEDIA,FAKE_NEWS_SOURCE,201.0,225.0,,-1.0,0.33,1.0,5.0,1.0,COMPLETE,0.094665,0.04406,0.01209,0.00222,0.094665,0.01209,1.0,0.04406,0.00222,200000,18933,0.6775,464,388,413,431,454,1.0,0.13008,0.06288,190127,4169,2418,3286,3,7,13
news-source-strategies,RQ2,E2-timing-duration,informational_p201_d25,1027,INFORMATIONAL_CAMOUFLAGE,TRADITIONAL_MEDIA,FAKE_NEWS_SOURCE,201.0,225.0,,-1.0,0.33,1.0,5.0,1.0,COMPLETE,0.104485,0.0784599999999999,0.012645,0.0066,0.104485,0.012645,1.0,0.07846,0.0066,200000,20897,0.65,465,344,384,401,429,1.0,0.04352,0.09816,189276,4614,2529,3581,4,8,36
news-source-strategies,RQ2,E2-timing-duration,informational_p201_d25,1028,INFORMATIONAL_CAMOUFLAGE,TRADITIONAL_MEDIA,FAKE_NEWS_SOURCE,201.0,225.0,,-1.0,0.33,1.0,5.0,1.0,COMPLETE,0.132015,0.1800999999999999,0.015755,0.02368,0.132015,0.015755,1.0,0.1801,0.02368,200000,26403,0.6325,475,289,351,377,400,1.0,0.12792,0.11996,187268,5213,3151,4368,4,8,54
news-source-strategies,RQ2,E2-timing-duration,informational_p201_d25,1029,INFORMATIONAL_CAMOUFLAGE,TRADITIONAL_MEDIA,FAKE_NEWS_SOURCE,201.0,225.0,,-1.0,0.33,1.0,5.0,1.0,COMPLETE,0.099875,0.13196,0.0095299999999999,0.0141199999999999,0.099875,0.00953,1.0,0.13196,0.01412,200000,19975,0.6725,433,160,187,208,277,1.0,0.08552,0.11056,192057,3384,1906,2653,4,135,238
news-source-strategies,RQ2,E2-timing-duration,informational_p201_d25,1030,INFORMATIONAL_CAMOUFLAGE,TRADITIONAL_MEDIA,FAKE_NEWS_SOURCE,201.0,225.0,,-1.0,0.33,1.0,5.0,1.0,COMPLETE,0.09133,0.0915,0.010015,0.0065,0.09133,0.010015,1.0,0.0915,0.0065,200000,18266,0.68,444,272,279,287,377,1.0,0.09232,0.06466,191214,4259,2003,2524,4,13,171
news-source-strategies,RQ2,E2-timing-duration,informational_p201_d100,1001,INFORMATIONAL_CAMOUFLAGE,TRADITIONAL_MEDIA,FAKE_NEWS_SOURCE,201.0,300.0,,-1.0,0.33,1.0,5.0,1.0,COMPLETE,0.105055,0.1238799999999999,0.01119,0.01106,0.105055,0.01119,1.0,0.12388,0.01106,200000,21011,0.6875,453,252,252,329,389,1.0,0.0679599999999999,0.1238799999999999,191250,3485,2238,3027,3,11,127
news-source-strategies,RQ2,E2-timing-duration,informational_p201_d100,1002,INFORMATIONAL_CAMOUFLAGE,TRADITIONAL_MEDIA,FAKE_NEWS_SOURCE,201.0,300.0,,-1.0,0.33,1.0,5.0,1.0,COMPLETE,0.082145,0.04372,0.008825,0.00262,0.082145,0.008825,1.0,0.04372,0.00262,200000,16429,0.6875,433,264,275,311,341,1.0,0.12436,0.04372,192574,3084,1765,2577,3,8,166
news-source-strategies,RQ2,E2-timing-duration,informational_p201_d100,1003,INFORMATIONAL_CAMOUFLAGE,TRADITIONAL_MEDIA,FAKE_NEWS_SOURCE,201.0,300.0,,-1.0,0.33,1.0,5.0,1.0,COMPLETE,0.107875,0.13004,0.011265,0.00962,0.107875,0.011265,1.0,0.13004,0.00962,200000,21575,0.66,455,202,252,334,384,1.0,0.0760199999999999,0.13004,190315,4508,2253,2924,7,38,131
news-source-strategies,RQ2,E2-timing-duration,informational_p201_d100,1004,INFORMATIONAL_CAMOUFLAGE,TRADITIONAL_MEDIA,FAKE_NEWS_SOURCE,201.0,300.0,,-1.0,0.33,1.0,5.0,1.0,COMPLETE,0.12164,0.0658199999999999,0.015885,0.00536,0.12164,0.015885,1.0,0.06582,0.00536,200000,24328,0.6775,491,267,278,396,467,1.0,0.14366,0.0658199999999999,186960,5457,3177,4406,3,14,89
news-source-strategies,RQ2,E2-timing-duration,informational_p201_d100,1005,INFORMATIONAL_CAMOUFLAGE,TRADITIONAL_MEDIA,FAKE_NEWS_SOURCE,201.0,300.0,,-1.0,0.33,1.0,5.0,1.0,COMPLETE,0.1318899999999999,0.12142,0.01597,0.01268,0.13189,0.01597,1.0,0.12142,0.01268,200000,26378,0.65,481,344,371,409,421,1.0,0.16556,0.12142,186751,5578,3194,4477,3,9,36
news-source-strategies,RQ2,E2-timing-duration,informational_p201_d100,1006,INFORMATIONAL_CAMOUFLAGE,TRADITIONAL_MEDIA,FAKE_NEWS_SOURCE,201.0,300.0,,-1.0,0.33,1.0,5.0,1.0,COMPLETE,0.105985,0.07876,0.0133149999999999,0.00842,0.105985,0.013315,1.0,0.07876,0.00842,200000,21197,0.6675,477,351,385,426,444,1.0,0.08794,0.07876,187007,3960,2663,6370,8,13,34
news-source-strategies,RQ2,E2-timing-duration,informational_p201_d100,1007,INFORMATIONAL_CAMOUFLAGE,TRADITIONAL_MEDIA,FAKE_NEWS_SOURCE,201.0,300.0,,-1.0,0.33,1.0,5.0,1.0,COMPLETE,0.148895,0.0572,0.02563,0.00574,0.148895,0.02563,1.0,0.0572,0.00574,200000,29779,0.6975,498,377,462,489,495,1.0,0.14694,0.0572,168061,19705,5126,7108,4,10,25
news-source-strategies,RQ2,E2-timing-duration,informational_p201_d100,1008,INFORMATIONAL_CAMOUFLAGE,TRADITIONAL_MEDIA,FAKE_NEWS_SOURCE,201.0,300.0,,-1.0,0.33,1.0,5.0,1.0,COMPLETE,0.12414,0.11776,0.015945,0.01238,0.12414,0.015945,1.0,0.11776,0.01238,200000,24828,0.6625,488,360,397,411,455,1.0,0.11864,0.11776,186662,5573,3189,4576,3,8,33
news-source-strategies,RQ2,E2-timing-duration,informational_p201_d100,1009,INFORMATIONAL_CAMOUFLAGE,TRADITIONAL_MEDIA,FAKE_NEWS_SOURCE,201.0,300.0,,-1.0,0.33,1.0,5.0,1.0,COMPLETE,0.15909,0.07814,0.0269499999999999,0.01224,0.15909,0.02695,1.0,0.07814,0.01224,200000,31818,0.6775,499,280,310,469,484,1.0,0.23666,0.07814,150880,37053,5390,6677,3,17,70
news-source-strategies,RQ2,E2-timing-duration,informational_p201_d100,1010,INFORMATIONAL_CAMOUFLAGE,TRADITIONAL_MEDIA,FAKE_NEWS_SOURCE,201.0,300.0,,-1.0,0.33,1.0,5.0,1.0,COMPLETE,0.15396,0.07582,0.027065,0.0042,0.15396,0.027065,1.0,0.07582,0.0042,200000,30792,0.64,497,320,353,451,497,1.0,0.10354,0.07582,114293,72964,5413,7330,4,9,67
news-source-strategies,RQ2,E2-timing-duration,informational_p201_d100,1011,INFORMATIONAL_CAMOUFLAGE,TRADITIONAL_MEDIA,FAKE_NEWS_SOURCE,201.0,300.0,,-1.0,0.33,1.0,5.0,1.0,COMPLETE,0.089245,0.05492,0.009315,0.0028399999999999,0.089245,0.009315,1.0,0.05492,0.00284,200000,17849,0.695,426,235,252,340,368,1.0,0.09104,0.05492,192362,2992,1863,2783,3,11,78
news-source-strategies,RQ2,E2-timing-duration,informational_p201_d100,1012,INFORMATIONAL_CAMOUFLAGE,TRADITIONAL_MEDIA,FAKE_NEWS_SOURCE,201.0,300.0,,-1.0,0.33,1.0,5.0,1.0,COMPLETE,0.12689,0.14008,0.013205,0.01342,0.12689,0.013205,1.0,0.14008,0.01342,200000,25378,0.64,469,249,279,334,398,1.0,0.09258,0.14008,186766,4317,2641,6276,9,17,142
news-source-strategies,RQ2,E2-timing-duration,informational_p201_d100,1013,INFORMATIONAL_CAMOUFLAGE,TRADITIONAL_MEDIA,FAKE_NEWS_SOURCE,201.0,300.0,,-1.0,0.33,1.0,5.0,1.0,COMPLETE,0.0881,0.08642,0.008395,0.00686,0.0881,0.008395,1.0,0.08642,0.00686,200000,17620,0.6725,413,163,205,278,357,1.0,0.0435,0.08642,192920,3097,1679,2304,4,74,128
news-source-strategies,RQ2,E2-timing-duration,informational_p201_d100,1014,INFORMATIONAL_CAMOUFLAGE,TRADITIONAL_MEDIA,FAKE_NEWS_SOURCE,201.0,300.0,,-1.0,0.33,1.0,5.0,1.0,COMPLETE,0.114575,0.05312,0.0119849999999999,0.00274,0.114575,0.011985,1.0,0.05312,0.00274,200000,22915,0.7075,458,275,306,326,392,1.0,0.1522,0.05312,189692,4343,2397,3568,3,13,148
news-source-strategies,RQ2,E2-timing-duration,informational_p201_d100,1015,INFORMATIONAL_CAMOUFLAGE,TRADITIONAL_MEDIA,FAKE_NEWS_SOURCE,201.0,300.0,,-1.0,0.33,1.0,5.0,1.0,COMPLETE,0.12946,0.1321999999999999,0.014735,0.0106,0.12946,0.014735,1.0,0.1322,0.0106,200000,25892,0.6525,484,163,171,284,462,1.0,0.04362,0.1321999999999999,187510,5676,2947,3867,11,74,123
news-source-strategies,RQ2,E2-timing-duration,informational_p201_d100,1016,INFORMATIONAL_CAMOUFLAGE,TRADITIONAL_MEDIA,FAKE_NEWS_SOURCE,201.0,300.0,,-1.0,0.33,1.0,5.0,1.0,COMPLETE,0.10903,0.11832,0.01223,0.00822,0.10903,0.01223,1.0,0.11832,0.00822,200000,21806,0.66,454,316,319,343,372,1.0,0.12108,0.11832,189696,3571,2446,4287,5,9,94
news-source-strategies,RQ2,E2-timing-duration,informational_p201_d100,1017,INFORMATIONAL_CAMOUFLAGE,TRADITIONAL_MEDIA,FAKE_NEWS_SOURCE,201.0,300.0,,-1.0,0.33,1.0,5.0,1.0,COMPLETE,0.11438,0.13022,0.012535,0.00948,0.11438,0.012535,1.0,0.13022,0.00948,200000,22876,0.665,460,339,359,384,414,1.0,0.0988,0.13022,189839,4086,2507,3568,4,8,30
news-source-strategies,RQ2,E2-timing-duration,informational_p201_d100,1018,INFORMATIONAL_CAMOUFLAGE,TRADITIONAL_MEDIA,FAKE_NEWS_SOURCE,201.0,300.0,,-1.0,0.33,1.0,5.0,1.0,COMPLETE,0.11801,0.0878,0.0119049999999999,0.0055,0.11801,0.011905,1.0,0.0878,0.0055,200000,23602,0.6625,457,304,306,334,430,1.0,0.0982,0.0878,189635,4679,2381,3305,4,8,105
news-source-strategies,RQ2,E2-timing-duration,informational_p201_d100,1019,INFORMATIONAL_CAMOUFLAGE,TRADITIONAL_MEDIA,FAKE_NEWS_SOURCE,201.0,300.0,,-1.0,0.33,1.0,5.0,1.0,COMPLETE,0.09647,0.05496,0.0093,0.0033,0.09647,0.0093,1.0,0.05496,0.0033,200000,19294,0.6825,436,226,234,279,363,1.0,0.10264,0.05496,191790,3726,1860,2624,4,18,145
news-source-strategies,RQ2,E2-timing-duration,informational_p201_d100,1020,INFORMATIONAL_CAMOUFLAGE,TRADITIONAL_MEDIA,FAKE_NEWS_SOURCE,201.0,300.0,,-1.0,0.33,1.0,5.0,1.0,COMPLETE,0.105845,0.12052,0.01097,0.0080399999999999,0.105845,0.01097,1.0,0.12052,0.00804,200000,21169,0.7025,443,303,314,348,368,1.0,0.12986,0.12052,188556,4028,2194,5222,7,11,68
news-source-strategies,RQ2,E2-timing-duration,informational_p201_d100,1021,INFORMATIONAL_CAMOUFLAGE,TRADITIONAL_MEDIA,FAKE_NEWS_SOURCE,201.0,300.0,,-1.0,0.33,1.0,5.0,1.0,COMPLETE,0.10681,0.1547599999999999,0.012145,0.01578,0.10681,0.012145,1.0,0.15476,0.01578,200000,21362,0.685,464,307,316,337,386,1.0,0.06326,0.1547599999999999,187313,6033,2429,4225,6,15,122
news-source-strategies,RQ2,E2-timing-duration,informational_p201_d100,1022,INFORMATIONAL_CAMOUFLAGE,TRADITIONAL_MEDIA,FAKE_NEWS_SOURCE,201.0,300.0,,-1.0,0.33,1.0,5.0,1.0,COMPLETE,0.12028,0.1200799999999999,0.0116999999999999,0.0124,0.12028,0.0117,1.0,0.12008,0.0124,200000,24056,0.675,454,201,208,275,358,1.0,0.09892,0.1200799999999999,190884,3928,2340,2848,5,60,186
news-source-strategies,RQ2,E2-timing-duration,informational_p201_d100,1023,INFORMATIONAL_CAMOUFLAGE,TRADITIONAL_MEDIA,FAKE_NEWS_SOURCE,201.0,300.0,,-1.0,0.33,1.0,5.0,1.0,COMPLETE,0.134305,0.1252,0.012755,0.0105,0.134305,0.012755,1.0,0.1252,0.0105,200000,26861,0.6625,459,211,249,280,377,1.0,0.15138,0.1252,189929,3938,2551,3582,3,43,152
news-source-strategies,RQ2,E2-timing-duration,informational_p201_d100,1024,INFORMATIONAL_CAMOUFLAGE,TRADITIONAL_MEDIA,FAKE_NEWS_SOURCE,201.0,300.0,,-1.0,0.33,1.0,5.0,1.0,COMPLETE,0.108125,0.12126,0.00919,0.00968,0.108125,0.00919,1.0,0.12126,0.00968,200000,21625,0.67,425,157,184,247,333,1.0,0.08626,0.12126,192031,3332,1838,2799,5,58,180
news-source-strategies,RQ2,E2-timing-duration,informational_p201_d100,1025,INFORMATIONAL_CAMOUFLAGE,TRADITIONAL_MEDIA,FAKE_NEWS_SOURCE,201.0,300.0,,-1.0,0.33,1.0,5.0,1.0,COMPLETE,0.115625,0.09686,0.011425,0.0056799999999999,0.115625,0.011425,1.0,0.09686,0.00568,200000,23125,0.6525,458,330,348,379,424,1.0,0.1094599999999999,0.09686,187569,4117,2285,6029,9,16,42
news-source-strategies,RQ2,E2-timing-duration,informational_p201_d100,1026,INFORMATIONAL_CAMOUFLAGE,TRADITIONAL_MEDIA,FAKE_NEWS_SOURCE,201.0,300.0,,-1.0,0.33,1.0,5.0,1.0,COMPLETE,0.0946949999999999,0.04396,0.012145,0.00214,0.094695,0.012145,1.0,0.04396,0.00214,200000,18939,0.6775,464,388,413,431,454,1.0,0.08456,0.04396,190147,4153,2429,3271,3,7,13
news-source-strategies,RQ2,E2-timing-duration,informational_p201_d100,1027,INFORMATIONAL_CAMOUFLAGE,TRADITIONAL_MEDIA,FAKE_NEWS_SOURCE,201.0,300.0,,-1.0,0.33,1.0,5.0,1.0,COMPLETE,0.104475,0.07834,0.012805,0.00656,0.104475,0.012805,1.0,0.07834,0.00656,200000,20895,0.65,466,344,384,401,429,1.0,0.08526,0.07834,189334,4581,2561,3524,4,8,36
news-source-strategies,RQ2,E2-timing-duration,informational_p201_d100,1028,INFORMATIONAL_CAMOUFLAGE,TRADITIONAL_MEDIA,FAKE_NEWS_SOURCE,201.0,300.0,,-1.0,0.33,1.0,5.0,1.0,COMPLETE,0.13194,0.17918,0.015525,0.0220199999999999,0.13194,0.015525,1.0,0.17918,0.02202,200000,26388,0.6325,475,289,351,377,400,1.0,0.11886,0.17918,187311,5199,3105,4385,4,8,54
news-source-strategies,RQ2,E2-timing-duration,informational_p201_d100,1029,INFORMATIONAL_CAMOUFLAGE,TRADITIONAL_MEDIA,FAKE_NEWS_SOURCE,201.0,300.0,,-1.0,0.33,1.0,5.0,1.0,COMPLETE,0.100095,0.13188,0.00996,0.0141199999999999,0.100095,0.00996,1.0,0.13188,0.01412,200000,20019,0.6725,438,160,187,208,277,1.0,0.1114599999999999,0.13188,192041,3363,1992,2604,5,135,239
news-source-strategies,RQ2,E2-timing-duration,informational_p201_d100,1030,INFORMATIONAL_CAMOUFLAGE,TRADITIONAL_MEDIA,FAKE_NEWS_SOURCE,201.0,300.0,,-1.0,0.33,1.0,5.0,1.0,COMPLETE,0.091185,0.09112,0.0099949999999999,0.00626,0.091185,0.009995,1.0,0.09112,0.00626,200000,18237,0.68,446,272,279,287,377,1.0,0.07648,0.09112,191314,4201,1999,2486,4,14,171
news-source-strategies,RQ2,E2-timing-duration,informational_p201_permanent,1001,INFORMATIONAL_CAMOUFLAGE,TRADITIONAL_MEDIA,FAKE_NEWS_SOURCE,201.0,-1.0,,-1.0,0.33,1.0,5.0,1.0,COMPLETE,0.10518,0.1243799999999999,0.01139,0.0118599999999999,0.10518,0.01139,1.0,0.12438,0.01186,200000,21036,0.6875,453,252,252,329,389,1.0,0.09617,,191331,3399,2278,2992,3,11,127
news-source-strategies,RQ2,E2-timing-duration,informational_p201_permanent,1002,INFORMATIONAL_CAMOUFLAGE,TRADITIONAL_MEDIA,FAKE_NEWS_SOURCE,201.0,-1.0,,-1.0,0.33,1.0,5.0,1.0,COMPLETE,0.082065,0.0434,0.00882,0.0026,0.082065,0.00882,1.0,0.0434,0.0026,200000,16413,0.6875,433,264,275,311,341,1.0,0.08388,,192610,3066,1764,2560,3,8,166
news-source-strategies,RQ2,E2-timing-duration,informational_p201_permanent,1003,INFORMATIONAL_CAMOUFLAGE,TRADITIONAL_MEDIA,FAKE_NEWS_SOURCE,201.0,-1.0,,-1.0,0.33,1.0,5.0,1.0,COMPLETE,0.108275,0.1316399999999999,0.011885,0.0121,0.108275,0.011885,1.0,0.13164,0.0121,200000,21655,0.66,459,202,252,334,384,1.0,0.1038299999999999,,190121,4563,2377,2939,7,39,134
news-source-strategies,RQ2,E2-timing-duration,informational_p201_permanent,1004,INFORMATIONAL_CAMOUFLAGE,TRADITIONAL_MEDIA,FAKE_NEWS_SOURCE,201.0,-1.0,,-1.0,0.33,1.0,5.0,1.0,COMPLETE,0.1215199999999999,0.06534,0.01589,0.00538,0.12152,0.01589,1.0,0.06534,0.00538,200000,24304,0.6775,491,267,278,396,467,1.0,0.1045,,187038,5421,3178,4363,3,14,89
news-source-strategies,RQ2,E2-timing-duration,informational_p201_permanent,1005,INFORMATIONAL_CAMOUFLAGE,TRADITIONAL_MEDIA,FAKE_NEWS_SOURCE,201.0,-1.0,,-1.0,0.33,1.0,5.0,1.0,COMPLETE,0.1320349999999999,0.122,0.01634,0.01416,0.132035,0.01634,1.0,0.122,0.01416,200000,26407,0.65,484,344,371,409,421,1.0,0.14378,,186697,5572,3268,4463,3,9,38
news-source-strategies,RQ2,E2-timing-duration,informational_p201_permanent,1006,INFORMATIONAL_CAMOUFLAGE,TRADITIONAL_MEDIA,FAKE_NEWS_SOURCE,201.0,-1.0,,-1.0,0.33,1.0,5.0,1.0,COMPLETE,0.10613,0.07934,0.0133499999999999,0.00856,0.10613,0.01335,1.0,0.07934,0.00856,200000,21226,0.6675,475,351,385,426,444,1.0,0.08364,,187035,3923,2670,6372,8,13,31
news-source-strategies,RQ2,E2-timing-duration,informational_p201_permanent,1007,INFORMATIONAL_CAMOUFLAGE,TRADITIONAL_MEDIA,FAKE_NEWS_SOURCE,201.0,-1.0,,-1.0,0.33,1.0,5.0,1.0,COMPLETE,0.148915,0.05728,0.025775,0.00632,0.148915,0.025775,1.0,0.05728,0.00632,200000,29783,0.6975,498,377,462,489,495,1.0,0.10211,,168125,19655,5155,7065,4,10,25
news-source-strategies,RQ2,E2-timing-duration,informational_p201_permanent,1008,INFORMATIONAL_CAMOUFLAGE,TRADITIONAL_MEDIA,FAKE_NEWS_SOURCE,201.0,-1.0,,-1.0,0.33,1.0,5.0,1.0,COMPLETE,0.1239599999999999,0.11704,0.016265,0.01366,0.12396,0.016265,1.0,0.11704,0.01366,200000,24792,0.6625,488,360,397,411,455,1.0,0.11784,,186813,5440,3253,4494,3,8,33
news-source-strategies,RQ2,E2-timing-duration,informational_p201_permanent,1009,INFORMATIONAL_CAMOUFLAGE,TRADITIONAL_MEDIA,FAKE_NEWS_SOURCE,201.0,-1.0,,-1.0,0.33,1.0,5.0,1.0,COMPLETE,0.1588,0.07698,0.0268449999999999,0.01182,0.1588,0.026845,1.0,0.07698,0.01182,200000,31760,0.6775,499,280,310,469,484,1.0,0.15682,,151077,36955,5369,6599,3,17,70
news-source-strategies,RQ2,E2-timing-duration,informational_p201_permanent,1010,INFORMATIONAL_CAMOUFLAGE,TRADITIONAL_MEDIA,FAKE_NEWS_SOURCE,201.0,-1.0,,-1.0,0.33,1.0,5.0,1.0,COMPLETE,0.15397,0.07586,0.0271,0.00434,0.15397,0.0271,1.0,0.07586,0.00434,200000,30794,0.64,497,320,353,451,497,1.0,0.0897,,114305,72955,5420,7320,4,9,67
news-source-strategies,RQ2,E2-timing-duration,informational_p201_permanent,1011,INFORMATIONAL_CAMOUFLAGE,TRADITIONAL_MEDIA,FAKE_NEWS_SOURCE,201.0,-1.0,,-1.0,0.33,1.0,5.0,1.0,COMPLETE,0.089185,0.05468,0.009295,0.00276,0.089185,0.009295,1.0,0.05468,0.00276,200000,17837,0.695,426,235,252,340,368,1.0,0.07286,,192427,2970,1859,2744,3,11,78
news-source-strategies,RQ2,E2-timing-duration,informational_p201_permanent,1012,INFORMATIONAL_CAMOUFLAGE,TRADITIONAL_MEDIA,FAKE_NEWS_SOURCE,201.0,-1.0,,-1.0,0.33,1.0,5.0,1.0,COMPLETE,0.12679,0.13968,0.01326,0.01364,0.12679,0.01326,1.0,0.13968,0.01364,200000,25358,0.64,473,249,279,334,398,1.0,0.11613,,186880,4259,2652,6209,9,17,146
news-source-strategies,RQ2,E2-timing-duration,informational_p201_permanent,1013,INFORMATIONAL_CAMOUFLAGE,TRADITIONAL_MEDIA,FAKE_NEWS_SOURCE,201.0,-1.0,,-1.0,0.33,1.0,5.0,1.0,COMPLETE,0.08823,0.08694,0.00867,0.00796,0.08823,0.00867,1.0,0.08694,0.00796,200000,17646,0.6725,415,163,205,278,357,1.0,0.06522,,192888,3093,1734,2285,4,74,128
news-source-strategies,RQ2,E2-timing-duration,informational_p201_permanent,1014,INFORMATIONAL_CAMOUFLAGE,TRADITIONAL_MEDIA,FAKE_NEWS_SOURCE,201.0,-1.0,,-1.0,0.33,1.0,5.0,1.0,COMPLETE,0.114575,0.05312,0.0120299999999999,0.00292,0.114575,0.01203,1.0,0.05312,0.00292,200000,22915,0.7075,458,275,306,326,392,1.0,0.10266,,189706,4337,2406,3551,3,13,148
news-source-strategies,RQ2,E2-timing-duration,informational_p201_permanent,1015,INFORMATIONAL_CAMOUFLAGE,TRADITIONAL_MEDIA,FAKE_NEWS_SOURCE,201.0,-1.0,,-1.0,0.33,1.0,5.0,1.0,COMPLETE,0.129605,0.13278,0.015005,0.01168,0.129605,0.015005,1.0,0.13278,0.01168,200000,25921,0.6525,484,163,171,284,462,1.0,0.0882,,187452,5706,3001,3841,11,74,123
news-source-strategies,RQ2,E2-timing-duration,informational_p201_permanent,1016,INFORMATIONAL_CAMOUFLAGE,TRADITIONAL_MEDIA,FAKE_NEWS_SOURCE,201.0,-1.0,,-1.0,0.33,1.0,5.0,1.0,COMPLETE,0.1091449999999999,0.11878,0.01251,0.00934,0.109145,0.01251,1.0,0.11878,0.00934,200000,21829,0.66,455,316,319,343,372,1.0,0.11993,,189703,3539,2502,4256,5,9,95
news-source-strategies,RQ2,E2-timing-duration,informational_p201_permanent,1017,INFORMATIONAL_CAMOUFLAGE,TRADITIONAL_MEDIA,FAKE_NEWS_SOURCE,201.0,-1.0,,-1.0,0.33,1.0,5.0,1.0,COMPLETE,0.11425,0.1296999999999999,0.012565,0.0096,0.11425,0.012565,1.0,0.1297,0.0096,200000,22850,0.665,461,339,359,384,414,1.0,0.11425,,190009,3954,2513,3524,4,8,30
news-source-strategies,RQ2,E2-timing-duration,informational_p201_permanent,1018,INFORMATIONAL_CAMOUFLAGE,TRADITIONAL_MEDIA,FAKE_NEWS_SOURCE,201.0,-1.0,,-1.0,0.33,1.0,5.0,1.0,COMPLETE,0.11788,0.08728,0.0119,0.00548,0.11788,0.0119,1.0,0.08728,0.00548,200000,23576,0.6625,457,304,306,334,430,1.0,0.0927399999999999,,189708,4643,2380,3269,4,8,105
news-source-strategies,RQ2,E2-timing-duration,informational_p201_permanent,1019,INFORMATIONAL_CAMOUFLAGE,TRADITIONAL_MEDIA,FAKE_NEWS_SOURCE,201.0,-1.0,,-1.0,0.33,1.0,5.0,1.0,COMPLETE,0.096315,0.05434,0.009275,0.0032,0.096315,0.009275,1.0,0.05434,0.0032,200000,19263,0.6825,436,226,234,279,363,1.0,0.0784899999999999,,191876,3679,1855,2590,4,18,145
news-source-strategies,RQ2,E2-timing-duration,informational_p201_permanent,1020,INFORMATIONAL_CAMOUFLAGE,TRADITIONAL_MEDIA,FAKE_NEWS_SOURCE,201.0,-1.0,,-1.0,0.33,1.0,5.0,1.0,COMPLETE,0.10601,0.12118,0.011335,0.0095,0.10601,0.011335,1.0,0.12118,0.0095,200000,21202,0.7025,445,303,314,348,368,1.0,0.12552,,188579,3973,2267,5181,7,11,72
news-source-strategies,RQ2,E2-timing-duration,informational_p201_permanent,1021,INFORMATIONAL_CAMOUFLAGE,TRADITIONAL_MEDIA,FAKE_NEWS_SOURCE,201.0,-1.0,,-1.0,0.33,1.0,5.0,1.0,COMPLETE,0.1070499999999999,0.15572,0.01272,0.01808,0.10705,0.01272,1.0,0.15572,0.01808,200000,21410,0.685,465,307,316,337,386,1.0,0.1094899999999999,,187378,5918,2544,4160,6,15,122
news-source-strategies,RQ2,E2-timing-duration,informational_p201_permanent,1022,INFORMATIONAL_CAMOUFLAGE,TRADITIONAL_MEDIA,FAKE_NEWS_SOURCE,201.0,-1.0,,-1.0,0.33,1.0,5.0,1.0,COMPLETE,0.120365,0.12042,0.011945,0.01338,0.120365,0.011945,1.0,0.12042,0.01338,200000,24073,0.675,456,201,208,275,358,1.0,0.10967,,190988,3843,2389,2780,5,60,186
news-source-strategies,RQ2,E2-timing-duration,informational_p201_permanent,1023,INFORMATIONAL_CAMOUFLAGE,TRADITIONAL_MEDIA,FAKE_NEWS_SOURCE,201.0,-1.0,,-1.0,0.33,1.0,5.0,1.0,COMPLETE,0.1342549999999999,0.125,0.012915,0.01114,0.134255,0.012915,1.0,0.125,0.01114,200000,26851,0.6625,462,211,249,280,377,1.0,0.13819,,189972,3870,2583,3575,3,43,152
news-source-strategies,RQ2,E2-timing-duration,informational_p201_permanent,1024,INFORMATIONAL_CAMOUFLAGE,TRADITIONAL_MEDIA,FAKE_NEWS_SOURCE,201.0,-1.0,,-1.0,0.33,1.0,5.0,1.0,COMPLETE,0.108125,0.12126,0.0093949999999999,0.0105,0.108125,0.009395,1.0,0.12126,0.0105,200000,21625,0.67,426,157,184,247,333,1.0,0.10376,,192113,3241,1879,2767,5,58,180
news-source-strategies,RQ2,E2-timing-duration,informational_p201_permanent,1025,INFORMATIONAL_CAMOUFLAGE,TRADITIONAL_MEDIA,FAKE_NEWS_SOURCE,201.0,-1.0,,-1.0,0.33,1.0,5.0,1.0,COMPLETE,0.115785,0.0975,0.01163,0.0065,0.115785,0.01163,1.0,0.0975,0.0065,200000,23157,0.6525,460,330,348,379,424,1.0,0.10348,,187553,4100,2326,6021,9,16,42
news-source-strategies,RQ2,E2-timing-duration,informational_p201_permanent,1026,INFORMATIONAL_CAMOUFLAGE,TRADITIONAL_MEDIA,FAKE_NEWS_SOURCE,201.0,-1.0,,-1.0,0.33,1.0,5.0,1.0,COMPLETE,0.094735,0.04412,0.012205,0.0023799999999999,0.094735,0.012205,1.0,0.04412,0.00238,200000,18947,0.6775,464,388,413,431,454,1.0,0.06434,,190150,4148,2441,3261,3,7,13
news-source-strategies,RQ2,E2-timing-duration,informational_p201_permanent,1027,INFORMATIONAL_CAMOUFLAGE,TRADITIONAL_MEDIA,FAKE_NEWS_SOURCE,201.0,-1.0,,-1.0,0.33,1.0,5.0,1.0,COMPLETE,0.104335,0.07778,0.01272,0.00622,0.104335,0.01272,1.0,0.07778,0.00622,200000,20867,0.65,466,344,384,401,429,1.0,0.08152,,189436,4536,2544,3484,4,8,36
news-source-strategies,RQ2,E2-timing-duration,informational_p201_permanent,1028,INFORMATIONAL_CAMOUFLAGE,TRADITIONAL_MEDIA,FAKE_NEWS_SOURCE,201.0,-1.0,,-1.0,0.33,1.0,5.0,1.0,COMPLETE,0.132145,0.18,0.01638,0.02544,0.132145,0.01638,1.0,0.18,0.02544,200000,26429,0.6325,476,289,351,377,400,1.0,0.14943,,187378,5113,3276,4233,4,8,54
news-source-strategies,RQ2,E2-timing-duration,informational_p201_permanent,1029,INFORMATIONAL_CAMOUFLAGE,TRADITIONAL_MEDIA,FAKE_NEWS_SOURCE,201.0,-1.0,,-1.0,0.33,1.0,5.0,1.0,COMPLETE,0.10046,0.13334,0.010555,0.0165,0.10046,0.010555,1.0,0.13334,0.0165,200000,20092,0.6725,444,160,187,208,277,1.0,0.1224,,191879,3398,2111,2612,5,135,239
news-source-strategies,RQ2,E2-timing-duration,informational_p201_permanent,1030,INFORMATIONAL_CAMOUFLAGE,TRADITIONAL_MEDIA,FAKE_NEWS_SOURCE,201.0,-1.0,,-1.0,0.33,1.0,5.0,1.0,COMPLETE,0.09107,0.0906599999999999,0.010025,0.00638,0.09107,0.010025,1.0,0.09066,0.00638,200000,18214,0.68,446,272,279,287,377,1.0,0.0835699999999999,,191372,4169,2005,2454,4,14,171
news-source-strategies,RQ3,E3-reach-mitigation,control_reach14_7_wom0,1001,NONE,,,,,14.7,-1.0,0.33,0.0,5.0,1.0,COMPLETE,0.12538,0.0949599999999999,0.0116449999999999,0.01084,0.1368777292576419,0.0127128820960698,0.916,0.1036681222707423,0.0118340611353711,183200,25076,0.7075,37,20,24,29,31,1.0,0.12538,,113593,54131,2329,13147,1,19,70
news-source-strategies,RQ3,E3-reach-mitigation,control_reach14_7_wom0,1002,NONE,,,,,14.7,-1.0,0.33,0.0,5.0,1.0,COMPLETE,0.152025,0.13422,0.02085,0.0186999999999999,0.1648861171366594,0.0226138828633405,0.922,0.1455748373101952,0.0202819956616052,184400,30405,0.6475,35,27,28,29,32,1.0,0.152025,,117962,52098,4170,10170,1,1,21
news-source-strategies,RQ3,E3-reach-mitigation,control_reach14_7_wom0,1003,NONE,,,,,14.7,-1.0,0.33,0.0,5.0,1.0,COMPLETE,0.1641399999999999,0.14362,0.017005,0.01522,0.1772570194384449,0.0183639308855291,0.926,0.155097192224622,0.0164362850971922,185200,32828,0.6675,38,27,28,30,33,1.0,0.1641399999999999,,119583,55530,3401,6686,1,2,73
news-source-strategies,RQ3,E3-reach-mitigation,control_reach14_7_wom0,1004,NONE,,,,,14.7,-1.0,0.33,0.0,5.0,1.0,COMPLETE,0.124495,0.11268,0.0077599999999999,0.00466,0.1338655913978494,0.0083440860215053,0.93,0.1211612903225806,0.005010752688172,186000,24899,0.655,38,18,20,23,27,1.0,0.124495,,116296,55138,1552,13014,1,27,262
news-source-strategies,RQ3,E3-reach-mitigation,control_reach14_7_wom0,1005,NONE,,,,,14.7,-1.0,0.33,0.0,5.0,1.0,COMPLETE,0.160705,0.17482,0.018715,0.01744,0.1731734913793103,0.0201670258620689,0.928,0.1883836206896551,0.0187931034482758,185600,32141,0.6575,38,23,26,28,31,1.0,0.160705,,113583,55001,3743,13273,1,2,135
news-source-strategies,RQ3,E3-reach-mitigation,control_reach14_7_wom0,1006,NONE,,,,,14.7,-1.0,0.33,0.0,5.0,1.0,COMPLETE,0.140735,0.1409,0.021565,0.0207399999999999,0.1506798715203426,0.0230888650963597,0.934,0.1508565310492505,0.0222055674518201,186800,28147,0.63,44,26,29,31,36,1.0,0.140735,,120700,51138,4313,10649,1,2,115
news-source-strategies,RQ3,E3-reach-mitigation,control_reach14_7_wom0,1007,NONE,,,,,14.7,-1.0,0.33,0.0,5.0,1.0,COMPLETE,0.154965,0.19728,0.017375,0.01458,0.1634651898734177,0.0183280590717299,0.948,0.2081012658227848,0.015379746835443,189600,30993,0.6825,41,35,35,36,39,1.0,0.154965,,125221,48603,3475,12301,1,1,12
news-source-strategies,RQ3,E3-reach-mitigation,control_reach14_7_wom0,1008,NONE,,,,,14.7,-1.0,0.33,0.0,5.0,1.0,COMPLETE,0.14627,0.1062999999999999,0.02649,0.0221,0.1576185344827586,0.0285452586206896,0.928,0.1145474137931034,0.0238146551724137,185600,29254,0.635,48,35,38,39,44,1.0,0.14627,,112709,51831,5298,15762,1,1,32
news-source-strategies,RQ3,E3-reach-mitigation,control_reach14_7_wom0,1009,NONE,,,,,14.7,-1.0,0.33,0.0,5.0,1.0,COMPLETE,0.14325,0.16776,0.013065,0.01138,0.1540322580645161,0.0140483870967741,0.93,0.1803870967741935,0.0122365591397849,186000,28650,0.655,30,21,21,22,24,1.0,0.14325,,120234,51915,2613,11238,1,1,104
news-source-strategies,RQ3,E3-reach-mitigation,control_reach14_7_wom0,1010,NONE,,,,,14.7,-1.0,0.33,0.0,5.0,1.0,COMPLETE,0.15459,0.1591999999999999,0.0234349999999999,0.02176,0.1702533039647577,0.0258094713656387,0.908,0.1753303964757709,0.0239647577092511,181600,30918,0.6975,42,29,30,34,36,1.0,0.15459,,113169,52512,4687,11232,1,2,79
news-source-strategies,RQ3,E3-reach-mitigation,control_reach14_7_wom0,1011,NONE,,,,,14.7,-1.0,0.33,0.0,5.0,1.0,COMPLETE,0.144625,0.11406,0.02161,0.01864,0.1525580168776371,0.022795358649789,0.948,0.1203164556962025,0.0196624472573839,189600,28925,0.62,48,35,37,41,45,1.0,0.144625,,116954,51910,4322,16414,1,2,46
news-source-strategies,RQ3,E3-reach-mitigation,control_reach14_7_wom0,1012,NONE,,,,,14.7,-1.0,0.33,0.0,5.0,1.0,COMPLETE,0.1359,0.11762,0.01762,0.01436,0.1451923076923077,0.0188247863247863,0.936,0.1256623931623931,0.0153418803418803,187200,27180,0.6575,37,22,23,30,35,1.0,0.1359,,114047,56094,3524,13535,1,1,84
news-source-strategies,RQ3,E3-reach-mitigation,control_reach14_7_wom0,1013,NONE,,,,,14.7,-1.0,0.33,0.0,5.0,1.0,COMPLETE,0.133765,0.1351,0.01272,0.00832,0.1390488565488565,0.0132224532224532,0.962,0.1404365904365904,0.0086486486486486,192400,26753,0.6275,42,30,33,35,37,1.0,0.133765,,125213,50373,2544,14270,1,2,42
news-source-strategies,RQ3,E3-reach-mitigation,control_reach14_7_wom0,1014,NONE,,,,,14.7,-1.0,0.33,0.0,5.0,1.0,COMPLETE,0.150315,0.16062,0.020485,0.0214,0.1605929487179487,0.0218856837606837,0.936,0.1716025641025641,0.0228632478632478,187200,30063,0.6825,49,34,38,40,45,1.0,0.150315,,125205,45888,4097,12010,1,2,35
news-source-strategies,RQ3,E3-reach-mitigation,control_reach14_7_wom0,1015,NONE,,,,,14.7,-1.0,0.33,0.0,5.0,1.0,COMPLETE,0.152075,0.11408,0.022335,0.02232,0.1631706008583691,0.0239645922746781,0.932,0.1224034334763948,0.0239484978540772,186400,30415,0.675,47,30,31,36,38,1.0,0.152075,,113231,55957,4467,12745,1,2,82
news-source-strategies,RQ3,E3-reach-mitigation,control_reach14_7_wom0,1016,NONE,,,,,14.7,-1.0,0.33,0.0,5.0,1.0,COMPLETE,0.16993,0.20882,0.0215,0.019,0.1847065217391304,0.0233695652173913,0.92,0.2269782608695652,0.0206521739130434,184000,33986,0.67,44,35,37,38,40,1.0,0.16993,,124143,43739,4300,11818,1,2,4
news-source-strategies,RQ3,E3-reach-mitigation,control_reach14_7_wom0,1017,NONE,,,,,14.7,-1.0,0.33,0.0,5.0,1.0,COMPLETE,0.172195,0.16108,0.01994,0.0188,0.183969017094017,0.0213034188034188,0.936,0.1720940170940171,0.02008547008547,187200,34439,0.7125,37,23,26,28,32,1.0,0.172195,,118427,52170,3988,12615,1,2,89
news-source-strategies,RQ3,E3-reach-mitigation,control_reach14_7_wom0,1018,NONE,,,,,14.7,-1.0,0.33,0.0,5.0,1.0,COMPLETE,0.1559799999999999,0.19646,0.015875,0.0158,0.1721633554083885,0.0175220750551876,0.906,0.2168432671081677,0.0174392935982339,181200,31196,0.6625,42,26,27,31,34,1.0,0.1559799999999999,,107445,56704,3175,13876,1,2,125
news-source-strategies,RQ3,E3-reach-mitigation,control_reach14_7_wom0,1019,NONE,,,,,14.7,-1.0,0.33,0.0,5.0,1.0,COMPLETE,0.134085,0.11288,0.0091349999999999,0.00634,0.1448002159827214,0.009865010799136,0.926,0.1219006479481641,0.0068466522678185,185200,26817,0.675,40,27,30,31,35,1.0,0.134085,,123165,48860,1827,11348,1,2,48
news-source-strategies,RQ3,E3-reach-mitigation,control_reach14_7_wom0,1020,NONE,,,,,14.7,-1.0,0.33,0.0,5.0,1.0,COMPLETE,0.134565,0.12954,0.01039,0.0065,0.1428503184713375,0.0110297239915074,0.942,0.1375159235668789,0.006900212314225,188400,26913,0.6575,35,21,24,27,34,1.0,0.134565,,122119,50853,2078,13350,1,2,91
news-source-strategies,RQ3,E3-reach-mitigation,control_reach14_7_wom0,1021,NONE,,,,,14.7,-1.0,0.33,0.0,5.0,1.0,COMPLETE,0.117185,0.1035,0.014155,0.0111,0.1279312227074235,0.0154530567685589,0.916,0.1129912663755458,0.012117903930131,183200,23437,0.6575,44,29,32,36,38,1.0,0.117185,,119628,49029,2831,11712,1,2,62
news-source-strategies,RQ3,E3-reach-mitigation,control_reach14_7_wom0,1022,NONE,,,,,14.7,-1.0,0.33,0.0,5.0,1.0,COMPLETE,0.139845,0.13632,0.01848,0.01406,0.1484554140127388,0.0196178343949044,0.942,0.1447133757961783,0.0149256900212314,188400,27969,0.665,37,22,23,29,32,1.0,0.139845,,123607,48583,3696,12514,1,2,79
news-source-strategies,RQ3,E3-reach-mitigation,control_reach14_7_wom0,1023,NONE,,,,,14.7,-1.0,0.33,0.0,5.0,1.0,COMPLETE,0.17155,0.16156,0.0196849999999999,0.01772,0.1836723768736616,0.0210760171306209,0.934,0.1729764453961456,0.0189721627408993,186800,34310,0.7325,37,34,34,34,34,1.0,0.17155,,121260,47189,3937,14414,1,1,2
news-source-strategies,RQ3,E3-reach-mitigation,control_reach14_7_wom0,1024,NONE,,,,,14.7,-1.0,0.33,0.0,5.0,1.0,COMPLETE,0.145255,0.1500399999999999,0.0181449999999999,0.01604,0.1545265957446808,0.0193031914893617,0.94,0.1596170212765957,0.017063829787234,188000,29051,0.6525,48,32,33,34,41,1.0,0.145255,,120313,53413,3629,10645,1,2,159
news-source-strategies,RQ3,E3-reach-mitigation,control_reach14_7_wom0,1025,NONE,,,,,14.7,-1.0,0.33,0.0,5.0,1.0,COMPLETE,0.11535,0.13426,0.01394,0.00992,0.1248376623376623,0.01508658008658,0.924,0.1453030303030303,0.0107359307359307,184800,23070,0.625,36,18,23,27,31,1.0,0.11535,,119948,51205,2788,10859,1,17,79
news-source-strategies,RQ3,E3-reach-mitigation,control_reach14_7_wom0,1026,NONE,,,,,14.7,-1.0,0.33,0.0,5.0,1.0,COMPLETE,0.1433849999999999,0.1451599999999999,0.022675,0.01978,0.1551785714285714,0.0245400432900432,0.924,0.1570995670995671,0.0214069264069264,184800,28677,0.6825,39,28,29,30,33,1.0,0.1433849999999999,,119870,46690,4535,13705,1,2,97
news-source-strategies,RQ3,E3-reach-mitigation,control_reach14_7_wom0,1027,NONE,,,,,14.7,-1.0,0.33,0.0,5.0,1.0,COMPLETE,0.13933,0.13184,0.01655,0.0151799999999999,0.1501400862068965,0.0178340517241379,0.928,0.1420689655172413,0.0163577586206896,185600,27866,0.635,40,30,30,34,38,1.0,0.13933,,118721,54463,3310,9106,1,1,12
news-source-strategies,RQ3,E3-reach-mitigation,control_reach14_7_wom0,1028,NONE,,,,,14.7,-1.0,0.33,0.0,5.0,1.0,COMPLETE,0.13211,0.13374,0.005555,0.0014399999999999,0.1411431623931623,0.005934829059829,0.936,0.1428846153846154,0.0015384615384615,187200,26422,0.6675,35,24,28,28,31,1.0,0.13211,,125741,47653,1111,12695,1,2,45
news-source-strategies,RQ3,E3-reach-mitigation,control_reach14_7_wom0,1029,NONE,,,,,14.7,-1.0,0.33,0.0,5.0,1.0,COMPLETE,0.141975,0.12376,0.0165799999999999,0.0148,0.1513592750533049,0.0176759061833688,0.938,0.1319402985074627,0.0157782515991471,187600,28395,0.6675,46,27,28,31,36,1.0,0.141975,,115825,55849,3316,12610,1,2,146
news-source-strategies,RQ3,E3-reach-mitigation,control_reach14_7_wom0,1030,NONE,,,,,14.7,-1.0,0.33,0.0,5.0,1.0,COMPLETE,0.148985,0.16602,0.01297,0.01166,0.1640803964757709,0.0142841409691629,0.908,0.1828414096916299,0.0128414096916299,181600,29797,0.61,40,23,26,28,34,1.0,0.148985,,114939,53597,2594,10470,1,2,146
news-source-strategies,RQ3,E3-reach-mitigation,control_reach14_7_wom1,1001,NONE,,,,,14.7,-1.0,0.33,1.0,5.0,1.0,COMPLETE,0.09531,0.06358,0.002205,0.0004799999999999,0.0953300193040538,0.0022054631472609,0.99979,0.06358,0.00048,199958,19062,0.69,86,41,46,72,76,1.0,0.09531,,192114,5314,441,2089,3,27,69
news-source-strategies,RQ3,E3-reach-mitigation,control_reach14_7_wom1,1002,NONE,,,,,14.7,-1.0,0.33,1.0,5.0,1.0,COMPLETE,0.1070349999999999,0.10422,0.0019199999999999,0.00092,0.1070558758957996,0.0019203744730222,0.999805,0.10422,0.00092,199961,21407,0.6525,75,33,35,43,71,1.0,0.1070349999999999,,194569,2882,384,2126,2,81,136
news-source-strategies,RQ3,E3-reach-mitigation,control_reach14_7_wom1,1003,NONE,,,,,14.7,-1.0,0.33,1.0,5.0,1.0,COMPLETE,0.1375749999999999,0.17478,0.00438,0.0073,0.1376004560843756,0.0043808104499332,0.999815,0.17478,0.0073,199963,27515,0.6725,144,35,42,90,104,1.0,0.1375749999999999,,190501,5443,876,3143,26,71,284
news-source-strategies,RQ3,E3-reach-mitigation,control_reach14_7_wom1,1004,NONE,,,,,14.7,-1.0,0.33,1.0,5.0,1.0,COMPLETE,0.094275,0.05258,0.002245,0.0008,0.0942915010126772,0.0022453929437651,0.999825,0.05258,0.0008,199965,18855,0.66,105,40,43,68,98,1.0,0.094275,,194856,2885,449,1775,5,65,179
news-source-strategies,RQ3,E3-reach-mitigation,control_reach14_7_wom1,1005,NONE,,,,,14.7,-1.0,0.33,1.0,5.0,1.0,COMPLETE,0.112985,0.11596,0.00362,0.00302,0.113005340961373,0.0036206517173091,0.99982,0.11596,0.00302,199964,22597,0.7025,116,55,84,98,109,1.0,0.112985,,194020,2993,724,2227,12,26,52
news-source-strategies,RQ3,E3-reach-mitigation,control_reach14_7_wom1,1006,NONE,,,,,14.7,-1.0,0.33,1.0,5.0,1.0,COMPLETE,0.104735,0.1036,0.00235,0.00176,0.1047522841268809,0.0023503878139893,0.999835,0.1036,0.00176,199967,20947,0.6775,101,35,46,58,69,1.0,0.104735,,194957,2810,470,1730,3,59,263
news-source-strategies,RQ3,E3-reach-mitigation,control_reach14_7_wom1,1007,NONE,,,,,14.7,-1.0,0.33,1.0,5.0,1.0,COMPLETE,0.098825,0.10412,0.00182,0.00122,0.0988378489203596,0.0018202366307619,0.99987,0.10412,0.00122,199974,19765,0.6675,81,29,29,32,62,1.0,0.098825,,194437,3314,364,1859,1,115,172
news-source-strategies,RQ3,E3-reach-mitigation,control_reach14_7_wom1,1008,NONE,,,,,14.7,-1.0,0.33,1.0,5.0,1.0,COMPLETE,0.10674,0.1042,0.002345,0.00216,0.1067592166589986,0.0023454221759916,0.99982,0.1042,0.00216,199964,21348,0.655,76,47,50,60,65,1.0,0.10674,,194326,2853,469,2316,1,3,92
news-source-strategies,RQ3,E3-reach-mitigation,control_reach14_7_wom1,1009,NONE,,,,,14.7,-1.0,0.33,1.0,5.0,1.0,COMPLETE,0.09453,0.0742999999999999,0.002065,0.0018,0.0945465456454879,0.0020653614382516,0.999825,0.0743,0.0018,199965,18906,0.6975,69,31,34,35,58,1.0,0.09453,,192360,5106,413,2086,2,85,129
news-source-strategies,RQ3,E3-reach-mitigation,control_reach14_7_wom1,1010,NONE,,,,,14.7,-1.0,0.33,1.0,5.0,1.0,COMPLETE,0.1233949999999999,0.14862,0.0034649999999999,0.00368,0.1234233873790972,0.0034657971333406,0.99977,0.14862,0.00368,199954,24679,0.675,110,64,67,72,79,1.0,0.1233949999999999,,192887,4233,693,2141,2,21,228
news-source-strategies,RQ3,E3-reach-mitigation,control_reach14_7_wom1,1011,NONE,,,,,14.7,-1.0,0.33,1.0,5.0,1.0,COMPLETE,0.0952399999999999,0.07304,0.0027,0.00116,0.0952523828097652,0.0027003510456359,0.99987,0.07304,0.00116,199974,19048,0.675,110,60,66,79,99,1.0,0.0952399999999999,,193023,3757,540,2654,2,8,154
news-source-strategies,RQ3,E3-reach-mitigation,control_reach14_7_wom1,1012,NONE,,,,,14.7,-1.0,0.33,1.0,5.0,1.0,COMPLETE,0.0963349999999999,0.0852,0.00263,0.00136,0.0963504160665706,0.0026304208673387,0.99984,0.0852,0.00136,199968,19267,0.68,89,40,57,70,77,1.0,0.0963349999999999,,193059,3527,526,2856,2,30,94
news-source-strategies,RQ3,E3-reach-mitigation,control_reach14_7_wom1,1013,NONE,,,,,14.7,-1.0,0.33,1.0,5.0,1.0,COMPLETE,0.0825849999999999,0.0711,0.001485,0.00066,0.0825928463204004,0.0014851410884033,0.999905,0.0711,0.00066,199981,16517,0.6525,63,37,40,46,57,1.0,0.0825849999999999,,195887,2272,297,1525,1,4,131
news-source-strategies,RQ3,E3-reach-mitigation,control_reach14_7_wom1,1014,NONE,,,,,14.7,-1.0,0.33,1.0,5.0,1.0,COMPLETE,0.09984,0.1183,0.0025299999999999,0.0022,0.099855976956313,0.0025304048647783,0.99984,0.1183,0.0022,199968,19968,0.635,97,38,60,73,84,1.0,0.09984,,194586,3008,506,1868,2,39,93
news-source-strategies,RQ3,E3-reach-mitigation,control_reach14_7_wom1,1015,NONE,,,,,14.7,-1.0,0.33,1.0,5.0,1.0,COMPLETE,0.113285,0.14774,0.00324,0.00546,0.1133042617244931,0.0032405508936519,0.99983,0.14774,0.00546,199966,22657,0.6275,120,37,47,57,66,1.0,0.113285,,192060,4535,648,2723,2,127,321
news-source-strategies,RQ3,E3-reach-mitigation,control_reach14_7_wom1,1016,NONE,,,,,14.7,-1.0,0.33,1.0,5.0,1.0,COMPLETE,0.082895,0.05298,0.001715,0.00092,0.0829115823164633,0.0017153430686137,0.9998,0.05298,0.00092,199960,16579,0.6275,74,40,50,56,67,1.0,0.082895,,196112,2135,343,1370,1,6,96
news-source-strategies,RQ3,E3-reach-mitigation,control_reach14_7_wom1,1017,NONE,,,,,14.7,-1.0,0.33,1.0,5.0,1.0,COMPLETE,0.107475,0.16088,0.0019,0.00222,0.1074921987518002,0.0019003040486477,0.99984,0.16088,0.00222,199968,21495,0.6425,86,37,38,62,72,1.0,0.107475,,194005,3425,380,2158,5,73,117
news-source-strategies,RQ3,E3-reach-mitigation,control_reach14_7_wom1,1018,NONE,,,,,14.7,-1.0,0.33,1.0,5.0,1.0,COMPLETE,0.08034,0.0624799999999999,0.001545,0.00078,0.0803588843378193,0.0015453631603426,0.999765,0.06248,0.00078,199953,16068,0.68,72,29,33,43,60,1.0,0.08034,,195503,2298,309,1843,2,80,190
news-source-strategies,RQ3,E3-reach-mitigation,control_reach14_7_wom1,1019,NONE,,,,,14.7,-1.0,0.33,1.0,5.0,1.0,COMPLETE,0.09723,0.0953199999999999,0.001615,0.00146,0.0972479908783124,0.0016152988302836,0.999815,0.09532,0.00146,199963,19446,0.66,73,33,36,41,46,1.0,0.09723,,195263,2346,323,2031,2,70,239
news-source-strategies,RQ3,E3-reach-mitigation,control_reach14_7_wom1,1020,NONE,,,,,14.7,-1.0,0.33,1.0,5.0,1.0,COMPLETE,0.08641,0.11374,0.001685,0.00184,0.0864225312670337,0.0016852443604322,0.999855,0.11374,0.00184,199971,17282,0.6575,66,32,32,37,52,1.0,0.08641,,196286,1964,337,1384,2,58,172
news-source-strategies,RQ3,E3-reach-mitigation,control_reach14_7_wom1,1021,NONE,,,,,14.7,-1.0,0.33,1.0,5.0,1.0,COMPLETE,0.107825,0.0925199999999999,0.00177,0.00088,0.1078476480060812,0.0017703717780733,0.99979,0.09252,0.00088,199958,21565,0.6525,67,41,44,56,60,1.0,0.107825,,195514,2144,354,1946,1,5,72
news-source-strategies,RQ3,E3-reach-mitigation,control_reach14_7_wom1,1022,NONE,,,,,14.7,-1.0,0.33,1.0,5.0,1.0,COMPLETE,0.087505,0.0973199999999999,0.00178,0.00202,0.0875176900650594,0.0017802581374299,0.999855,0.09732,0.00202,199971,17501,0.675,83,27,27,34,61,1.0,0.087505,,195217,2846,356,1552,2,125,246
news-source-strategies,RQ3,E3-reach-mitigation,control_reach14_7_wom1,1023,NONE,,,,,14.7,-1.0,0.33,1.0,5.0,1.0,COMPLETE,0.08322,0.06246,0.001875,0.00076,0.0832337335660384,0.0018753094260552,0.999835,0.06246,0.00076,199967,16644,0.68,86,44,70,76,85,1.0,0.08322,,194778,2927,375,1887,1,20,42
news-source-strategies,RQ3,E3-reach-mitigation,control_reach14_7_wom1,1024,NONE,,,,,14.7,-1.0,0.33,1.0,5.0,1.0,COMPLETE,0.103495,0.0934599999999999,0.003,0.00198,0.1035105265789868,0.0030004500675101,0.99985,0.09346,0.00198,199970,20699,0.635,108,65,70,78,94,1.0,0.103495,,191222,5550,600,2598,6,14,102
news-source-strategies,RQ3,E3-reach-mitigation,control_reach14_7_wom1,1025,NONE,,,,,14.7,-1.0,0.33,1.0,5.0,1.0,COMPLETE,0.09528,0.15652,0.001645,0.0036,0.0952981066402616,0.0016453126093957,0.99981,0.15652,0.0036,199962,19056,0.69,77,14,14,24,32,1.0,0.09528,,195974,2137,329,1522,73,229,383
news-source-strategies,RQ3,E3-reach-mitigation,control_reach14_7_wom1,1026,NONE,,,,,14.7,-1.0,0.33,1.0,5.0,1.0,COMPLETE,0.105705,0.08588,0.002475,0.00162,0.1057250877666756,0.0024754703393644,0.99981,0.08588,0.00162,199962,21141,0.665,87,36,51,59,61,1.0,0.105705,,191997,4755,495,2715,2,34,266
news-source-strategies,RQ3,E3-reach-mitigation,control_reach14_7_wom1,1027,NONE,,,,,14.7,-1.0,0.33,1.0,5.0,1.0,COMPLETE,0.0896899999999999,0.02184,0.0019199999999999,0.00076,0.0897061471064791,0.0019203456622191,0.99982,0.02184,0.00076,199964,17938,0.6775,84,39,53,62,76,1.0,0.0896899999999999,,196511,1914,384,1155,2,42,104
news-source-strategies,RQ3,E3-reach-mitigation,control_reach14_7_wom1,1028,NONE,,,,,14.7,-1.0,0.33,1.0,5.0,1.0,COMPLETE,0.09439,0.10284,0.00102,0.00068,0.0944051048167706,0.0010201632261161,0.99984,0.10284,0.00068,199968,18878,0.665,50,23,27,29,38,1.0,0.09439,,196433,2030,204,1301,1,34,180
news-source-strategies,RQ3,E3-reach-mitigation,control_reach14_7_wom1,1029,NONE,,,,,14.7,-1.0,0.33,1.0,5.0,1.0,COMPLETE,0.0586,0.10524,0.00131,0.0009599999999999,0.0586090844080832,0.0013102030814776,0.999845,0.10524,0.00096,199969,11720,0.6775,76,50,52,55,64,1.0,0.0586,,196463,1945,262,1299,2,4,123
news-source-strategies,RQ3,E3-reach-mitigation,control_reach14_7_wom1,1030,NONE,,,,,14.7,-1.0,0.33,1.0,5.0,1.0,COMPLETE,0.1031,0.0726,0.00225,0.00108,0.1031237184552447,0.0022505176190523,0.99977,0.0726,0.00108,199954,20620,0.6575,90,33,62,67,81,1.0,0.1031,,192128,4961,450,2415,3,31,132
news-source-strategies,RQ3,E3-reach-mitigation,control_reach10_0_wom0,1001,NONE,,,,,10.0,-1.0,0.33,0.0,5.0,1.0,COMPLETE,0.169005,0.15208,0.009005,0.0066799999999999,0.1849070021881838,0.0098522975929978,0.914,0.1663894967177243,0.007308533916849,182800,33801,0.7,24,14,14,16,22,1.0,0.169005,,114252,55699,1801,11048,1,2,120
news-source-strategies,RQ3,E3-reach-mitigation,control_reach10_0_wom0,1002,NONE,,,,,10.0,-1.0,0.33,0.0,5.0,1.0,COMPLETE,0.1366349999999999,0.14524,0.009155,0.00846,0.1498190789473684,0.0100383771929824,0.912,0.1592543859649123,0.0092763157894736,182400,27327,0.6425,24,18,18,18,20,1.0,0.1366349999999999,,122530,47311,1831,10728,1,1,13
news-source-strategies,RQ3,E3-reach-mitigation,control_reach10_0_wom0,1003,NONE,,,,,10.0,-1.0,0.33,0.0,5.0,1.0,COMPLETE,0.1296999999999999,0.10864,0.0083249999999999,0.0077599999999999,0.1412854030501089,0.0090686274509803,0.918,0.1183442265795206,0.0084531590413943,183600,25940,0.67,27,15,17,20,23,1.0,0.1296999999999999,,118543,53447,1665,9945,2,3,114
news-source-strategies,RQ3,E3-reach-mitigation,control_reach10_0_wom0,1004,NONE,,,,,10.0,-1.0,0.33,0.0,5.0,1.0,COMPLETE,0.1236299999999999,0.11188,0.0066799999999999,0.0045,0.1329354838709677,0.0071827956989247,0.93,0.1203010752688172,0.0048387096774193,186000,24726,0.655,27,12,13,15,18,1.0,0.1236299999999999,,116524,55306,1336,12834,1,77,262
news-source-strategies,RQ3,E3-reach-mitigation,control_reach10_0_wom0,1005,NONE,,,,,10.0,-1.0,0.33,0.0,5.0,1.0,COMPLETE,0.145085,0.1725,0.011015,0.01082,0.1573590021691974,0.0119468546637744,0.922,0.1870932754880694,0.0117353579175704,184400,29017,0.6475,22,17,18,18,18,1.0,0.145085,,117048,52126,2203,13023,1,1,14
news-source-strategies,RQ3,E3-reach-mitigation,control_reach10_0_wom0,1006,NONE,,,,,10.0,-1.0,0.33,0.0,5.0,1.0,COMPLETE,0.13817,0.13526,0.016085,0.01826,0.1485698924731182,0.0172956989247311,0.93,0.1454408602150537,0.0196344086021505,186000,27634,0.705,36,24,27,29,34,1.0,0.13817,,118527,52077,3217,12179,1,3,43
news-source-strategies,RQ3,E3-reach-mitigation,control_reach10_0_wom0,1007,NONE,,,,,10.0,-1.0,0.33,0.0,5.0,1.0,COMPLETE,0.154055,0.19728,0.0151799999999999,0.0141999999999999,0.1625052742616033,0.0160126582278481,0.948,0.2081012658227848,0.0149789029535864,189600,30811,0.6825,27,24,24,24,27,1.0,0.154055,,125136,49119,3036,12309,1,1,3
news-source-strategies,RQ3,E3-reach-mitigation,control_reach10_0_wom0,1008,NONE,,,,,10.0,-1.0,0.33,0.0,5.0,1.0,COMPLETE,0.130095,0.12918,0.019135,0.01944,0.1407954545454545,0.0207088744588744,0.924,0.1398051948051948,0.021038961038961,184800,26019,0.64,35,25,27,28,32,1.0,0.130095,,119824,47869,3827,13280,1,1,41
news-source-strategies,RQ3,E3-reach-mitigation,control_reach10_0_wom0,1009,NONE,,,,,10.0,-1.0,0.33,0.0,5.0,1.0,COMPLETE,0.13275,0.14934,0.008275,0.00696,0.1433585313174946,0.0089362850971922,0.926,0.1612742980561555,0.0075161987041036,185200,26550,0.6475,23,19,19,19,21,1.0,0.13275,,121186,49109,1655,13250,1,2,3
news-source-strategies,RQ3,E3-reach-mitigation,control_reach10_0_wom0,1010,NONE,,,,,10.0,-1.0,0.33,0.0,5.0,1.0,COMPLETE,0.150445,0.16438,0.016625,0.01422,0.166790465631929,0.0184312638580931,0.902,0.1822394678492239,0.0157649667405764,180400,30089,0.6675,27,18,20,21,23,1.0,0.150445,,114902,50648,3325,11525,1,2,57
news-source-strategies,RQ3,E3-reach-mitigation,control_reach10_0_wom0,1011,NONE,,,,,10.0,-1.0,0.33,0.0,5.0,1.0,COMPLETE,0.163835,0.13932,0.01267,0.01104,0.1739225053078556,0.0134501061571125,0.942,0.1478980891719745,0.0117197452229299,188400,32767,0.68,28,21,23,25,26,1.0,0.163835,,121452,50955,2534,13459,1,2,24
news-source-strategies,RQ3,E3-reach-mitigation,control_reach10_0_wom0,1012,NONE,,,,,10.0,-1.0,0.33,0.0,5.0,1.0,COMPLETE,0.1552299999999999,0.13852,0.0119849999999999,0.0124,0.1665557939914163,0.0128594420600858,0.932,0.14862660944206,0.0133047210300429,186400,31046,0.6525,28,16,17,18,21,1.0,0.1552299999999999,,119819,51025,2397,13159,1,2,200
news-source-strategies,RQ3,E3-reach-mitigation,control_reach10_0_wom0,1013,NONE,,,,,10.0,-1.0,0.33,0.0,5.0,1.0,COMPLETE,0.1334,0.13522,0.0115649999999999,0.0077599999999999,0.1386694386694386,0.0120218295218295,0.962,0.1405613305613305,0.008066528066528,192400,26680,0.6275,32,22,25,27,28,1.0,0.1334,,125598,49959,2313,14530,1,2,42
news-source-strategies,RQ3,E3-reach-mitigation,control_reach10_0_wom0,1014,NONE,,,,,10.0,-1.0,0.33,0.0,5.0,1.0,COMPLETE,0.14339,0.13416,0.01452,0.01388,0.1538519313304721,0.0155793991416309,0.932,0.1439484978540772,0.0148927038626609,186400,28678,0.6725,35,23,24,26,31,1.0,0.14339,,123600,49073,2904,10823,1,2,110
news-source-strategies,RQ3,E3-reach-mitigation,control_reach10_0_wom0,1015,NONE,,,,,10.0,-1.0,0.33,0.0,5.0,1.0,COMPLETE,0.136115,0.1127399999999999,0.01621,0.01446,0.147310606060606,0.01754329004329,0.924,0.122012987012987,0.0156493506493506,184800,27223,0.6875,35,26,26,28,30,1.0,0.136115,,117663,49651,3242,14244,1,2,57
news-source-strategies,RQ3,E3-reach-mitigation,control_reach10_0_wom0,1016,NONE,,,,,10.0,-1.0,0.33,0.0,5.0,1.0,COMPLETE,0.136365,0.13524,0.014215,0.01242,0.1488700873362445,0.015518558951965,0.916,0.1476419213973799,0.0135589519650655,183200,27273,0.6675,32,24,25,25,28,1.0,0.136365,,124165,46248,2843,9944,1,1,3
news-source-strategies,RQ3,E3-reach-mitigation,control_reach10_0_wom0,1017,NONE,,,,,10.0,-1.0,0.33,0.0,5.0,1.0,COMPLETE,0.14134,0.1480999999999999,0.013925,0.01252,0.1516523605150214,0.0149409871244635,0.932,0.1589055793991416,0.0134334763948497,186400,28268,0.62,29,18,19,22,27,1.0,0.14134,,121321,50320,2785,11974,1,2,92
news-source-strategies,RQ3,E3-reach-mitigation,control_reach10_0_wom0,1018,NONE,,,,,10.0,-1.0,0.33,0.0,5.0,1.0,COMPLETE,0.155515,0.19622,0.0140749999999999,0.0141199999999999,0.1716501103752759,0.0155353200883002,0.906,0.2165783664459161,0.0155849889624724,181200,31103,0.6625,33,21,21,25,27,1.0,0.155515,,107492,56680,2815,14213,1,2,79
news-source-strategies,RQ3,E3-reach-mitigation,control_reach10_0_wom0,1019,NONE,,,,,10.0,-1.0,0.33,0.0,5.0,1.0,COMPLETE,0.125955,0.12476,0.001625,0.00116,0.1366106290672451,0.0017624728850325,0.922,0.1353145336225596,0.0012581344902386,184400,25191,0.6475,24,14,16,18,20,1.0,0.125955,,122112,50227,325,11736,1,2,52
news-source-strategies,RQ3,E3-reach-mitigation,control_reach10_0_wom0,1020,NONE,,,,,10.0,-1.0,0.33,0.0,5.0,1.0,COMPLETE,0.1262,0.1554199999999999,0.00517,0.00452,0.1345415778251599,0.0055117270788912,0.938,0.1656929637526652,0.004818763326226,187600,25240,0.6575,30,13,18,20,26,1.0,0.1262,,117750,55418,1034,13398,2,36,137
news-source-strategies,RQ3,E3-reach-mitigation,control_reach10_0_wom0,1021,NONE,,,,,10.0,-1.0,0.33,0.0,5.0,1.0,COMPLETE,0.137435,0.13794,0.00974,0.00834,0.1506962719298245,0.0106798245614035,0.912,0.15125,0.0091447368421052,182400,27487,0.6975,34,23,26,28,31,1.0,0.137435,,122347,46088,1948,12017,1,2,43
news-source-strategies,RQ3,E3-reach-mitigation,control_reach10_0_wom0,1022,NONE,,,,,10.0,-1.0,0.33,0.0,5.0,1.0,COMPLETE,0.142745,0.1805,0.012465,0.01106,0.1518563829787234,0.0132606382978723,0.94,0.1920212765957447,0.0117659574468085,188000,28549,0.7,23,16,18,18,21,1.0,0.142745,,128036,46946,2493,10525,1,2,34
news-source-strategies,RQ3,E3-reach-mitigation,control_reach10_0_wom0,1023,NONE,,,,,10.0,-1.0,0.33,0.0,5.0,1.0,COMPLETE,0.13244,0.13588,0.009345,0.00878,0.143023758099352,0.0100917926565874,0.926,0.1467386609071274,0.0094816414686825,185200,26488,0.6475,25,19,19,19,20,1.0,0.13244,,120627,49289,1869,13415,1,1,3
news-source-strategies,RQ3,E3-reach-mitigation,control_reach10_0_wom0,1024,NONE,,,,,10.0,-1.0,0.33,0.0,5.0,1.0,COMPLETE,0.143025,0.14352,0.013195,0.01232,0.1528044871794872,0.0140972222222222,0.936,0.1533333333333333,0.0131623931623931,187200,28605,0.64,34,26,28,30,33,1.0,0.143025,,117212,54983,2639,12366,1,1,5
news-source-strategies,RQ3,E3-reach-mitigation,control_reach10_0_wom0,1025,NONE,,,,,10.0,-1.0,0.33,0.0,5.0,1.0,COMPLETE,0.1151949999999999,0.13482,0.012555,0.0094,0.1246699134199134,0.0135876623376623,0.924,0.1459090909090909,0.0101731601731601,184800,23039,0.625,25,12,14,18,21,1.0,0.1151949999999999,,119527,51757,2511,11005,1,39,103
news-source-strategies,RQ3,E3-reach-mitigation,control_reach10_0_wom0,1026,NONE,,,,,10.0,-1.0,0.33,0.0,5.0,1.0,COMPLETE,0.12057,0.09136,0.01605,0.01432,0.1307700650759219,0.017407809110629,0.922,0.0990889370932754,0.0155314533622559,184400,24114,0.645,26,18,19,20,24,1.0,0.12057,,122591,46709,3210,11890,1,2,97
news-source-strategies,RQ3,E3-reach-mitigation,control_reach10_0_wom0,1027,NONE,,,,,10.0,-1.0,0.33,0.0,5.0,1.0,COMPLETE,0.134455,0.1054,0.013765,0.01338,0.1455140692640692,0.0148971861471861,0.924,0.114069264069264,0.0144805194805194,184800,26891,0.68,38,24,25,25,31,1.0,0.134455,,118076,53037,2753,10934,1,2,191
news-source-strategies,RQ3,E3-reach-mitigation,control_reach10_0_wom0,1028,NONE,,,,,10.0,-1.0,0.33,0.0,5.0,1.0,COMPLETE,0.130905,0.13328,0.00292,0.00112,0.1398557692307692,0.0031196581196581,0.936,0.1423931623931623,0.0011965811965811,187200,26181,0.6675,20,13,16,16,17,1.0,0.130905,,125807,48158,584,12651,1,2,40
news-source-strategies,RQ3,E3-reach-mitigation,control_reach10_0_wom0,1029,NONE,,,,,10.0,-1.0,0.33,0.0,5.0,1.0,COMPLETE,0.1381649999999999,0.10414,0.01019,0.0067599999999999,0.1485645161290322,0.0109569892473118,0.93,0.1119784946236559,0.007268817204301,186000,27633,0.705,29,19,19,21,24,1.0,0.1381649999999999,,122696,51061,2038,10205,1,3,114
news-source-strategies,RQ3,E3-reach-mitigation,control_reach10_0_wom0,1030,NONE,,,,,10.0,-1.0,0.33,0.0,5.0,1.0,COMPLETE,0.148115,0.1659199999999999,0.01139,0.0115199999999999,0.1631222466960352,0.0125440528634361,0.908,0.1827312775330396,0.0126872246696035,181600,29623,0.61,25,13,15,17,22,1.0,0.148115,,115209,53752,2278,10361,1,4,166
news-source-strategies,RQ3,E3-reach-mitigation,control_reach10_0_wom1,1001,NONE,,,,,10.0,-1.0,0.33,1.0,5.0,1.0,COMPLETE,0.140205,0.16522,0.003125,0.00582,0.1402351505573698,0.0031256720194841,0.999785,0.16522,0.00582,199957,28041,0.65,93,43,51,55,58,1.0,0.140205,,183390,11610,625,4332,9,33,292
news-source-strategies,RQ3,E3-reach-mitigation,control_reach10_0_wom1,1002,NONE,,,,,10.0,-1.0,0.33,1.0,5.0,1.0,COMPLETE,0.0937549999999999,0.0734399999999999,0.00141,0.00028,0.0937756306387405,0.001410310268259,0.99978,0.07344,0.00028,199956,18751,0.6725,61,36,38,45,52,1.0,0.0937549999999999,,193480,3794,282,2400,2,11,172
news-source-strategies,RQ3,E3-reach-mitigation,control_reach10_0_wom1,1003,NONE,,,,,10.0,-1.0,0.33,1.0,5.0,1.0,COMPLETE,0.121395,0.16504,0.00199,0.0048,0.1214198910776709,0.0019904080336468,0.999795,0.16504,0.0048,199959,24279,0.655,80,23,23,27,35,1.0,0.121395,,190791,6019,398,2751,11,225,344
news-source-strategies,RQ3,E3-reach-mitigation,control_reach10_0_wom1,1004,NONE,,,,,10.0,-1.0,0.33,1.0,5.0,1.0,COMPLETE,0.093825,0.05246,0.001655,0.00066,0.0938414222488935,0.0016552896756932,0.999825,0.05246,0.00066,199965,18765,0.66,80,30,32,52,75,1.0,0.093825,,195038,2853,331,1743,5,65,179
news-source-strategies,RQ3,E3-reach-mitigation,control_reach10_0_wom1,1005,NONE,,,,,10.0,-1.0,0.33,1.0,5.0,1.0,COMPLETE,0.09544,0.1061599999999999,0.001095,0.00112,0.0954586144298138,0.0010952135666454,0.999805,0.10616,0.00112,199961,19088,0.6825,47,30,31,33,36,1.0,0.09544,,194091,2980,219,2671,1,6,159
news-source-strategies,RQ3,E3-reach-mitigation,control_reach10_0_wom1,1006,NONE,,,,,10.0,-1.0,0.33,1.0,5.0,1.0,COMPLETE,0.07836,0.08272,0.000985,0.0006,0.078373715400195,0.0009851724051709,0.999825,0.08272,0.0006,199965,15672,0.6625,58,22,24,33,43,1.0,0.07836,,196659,1707,197,1402,1,58,211
news-source-strategies,RQ3,E3-reach-mitigation,control_reach10_0_wom1,1007,NONE,,,,,10.0,-1.0,0.33,1.0,5.0,1.0,COMPLETE,0.098615,0.10382,0.0014199999999999,0.0008399999999999,0.0986278216168101,0.0014201846240011,0.99987,0.10382,0.00084,199974,19723,0.6675,65,19,19,22,48,1.0,0.098615,,194527,3299,284,1864,2,116,229
news-source-strategies,RQ3,E3-reach-mitigation,control_reach10_0_wom1,1008,NONE,,,,,10.0,-1.0,0.33,1.0,5.0,1.0,COMPLETE,0.122025,0.13648,0.001895,0.0016,0.1220481891559396,0.0018953601184225,0.99981,0.13648,0.0016,199962,24405,0.68,61,42,44,50,53,1.0,0.122025,,192039,4615,379,2929,1,7,95
news-source-strategies,RQ3,E3-reach-mitigation,control_reach10_0_wom1,1009,NONE,,,,,10.0,-1.0,0.33,1.0,5.0,1.0,COMPLETE,0.07739,0.06344,0.001045,0.00108,0.0774043197991628,0.0010451933607717,0.999815,0.06344,0.00108,199963,15478,0.66,58,30,40,41,46,1.0,0.07739,,196094,2115,209,1545,2,25,152
news-source-strategies,RQ3,E3-reach-mitigation,control_reach10_0_wom1,1010,NONE,,,,,10.0,-1.0,0.33,1.0,5.0,1.0,COMPLETE,0.1035949999999999,0.09472,0.002145,0.00178,0.1036203869948137,0.0021455256537851,0.999755,0.09472,0.00178,199951,20719,0.6525,84,21,26,29,54,1.0,0.1035949999999999,,195568,2241,429,1713,19,164,227
news-source-strategies,RQ3,E3-reach-mitigation,control_reach10_0_wom1,1011,NONE,,,,,10.0,-1.0,0.33,1.0,5.0,1.0,COMPLETE,0.08174,0.0933799999999999,0.00123,0.0012,0.0817518540188327,0.0012301783758645,0.999855,0.09338,0.0012,199971,16348,0.6375,52,27,28,31,38,1.0,0.08174,,196311,1861,246,1553,2,7,204
news-source-strategies,RQ3,E3-reach-mitigation,control_reach10_0_wom1,1012,NONE,,,,,10.0,-1.0,0.33,1.0,5.0,1.0,COMPLETE,0.114045,0.11578,0.00258,0.0014399999999999,0.1140643909464609,0.0025804386745746,0.99983,0.11578,0.00144,199966,22809,0.7125,77,21,21,23,68,1.0,0.114045,,191733,4675,516,3042,11,184,190
news-source-strategies,RQ3,E3-reach-mitigation,control_reach10_0_wom1,1013,NONE,,,,,10.0,-1.0,0.33,1.0,5.0,1.0,COMPLETE,0.08237,0.07084,0.001065,0.00026,0.0823778258934598,0.0010651011846125,0.999905,0.07084,0.00026,199981,16474,0.6525,44,30,31,35,41,1.0,0.08237,,195944,2293,213,1531,1,3,56
news-source-strategies,RQ3,E3-reach-mitigation,control_reach10_0_wom1,1014,NONE,,,,,10.0,-1.0,0.33,1.0,5.0,1.0,COMPLETE,0.11564,0.14518,0.001615,0.00176,0.1156596621425642,0.0016152745966814,0.99983,0.14518,0.00176,199966,23128,0.605,67,24,28,36,62,1.0,0.11564,,195432,2533,323,1678,2,86,142
news-source-strategies,RQ3,E3-reach-mitigation,control_reach10_0_wom1,1015,NONE,,,,,10.0,-1.0,0.33,1.0,5.0,1.0,COMPLETE,0.069765,0.09584,0.000915,0.0007199999999999,0.0697782578689951,0.0009151738830377,0.99981,0.09584,0.00072,199962,13953,0.73,50,33,35,41,45,1.0,0.069765,,196955,1613,183,1211,1,2,88
news-source-strategies,RQ3,E3-reach-mitigation,control_reach10_0_wom1,1016,NONE,,,,,10.0,-1.0,0.33,1.0,5.0,1.0,COMPLETE,0.10385,0.08262,0.001465,0.00076,0.1038718130807469,0.00146530771462,0.99979,0.08262,0.00076,199958,20770,0.6725,65,34,34,36,55,1.0,0.10385,,195367,2457,293,1841,2,25,123
news-source-strategies,RQ3,E3-reach-mitigation,control_reach10_0_wom1,1017,NONE,,,,,10.0,-1.0,0.33,1.0,5.0,1.0,COMPLETE,0.09101,0.05154,0.00172,0.00078,0.0910254743306362,0.0017202924497164,0.99983,0.05154,0.00078,199966,18202,0.665,61,21,26,39,52,1.0,0.09101,,193278,4021,344,2323,2,90,124
news-source-strategies,RQ3,E3-reach-mitigation,control_reach10_0_wom1,1018,NONE,,,,,10.0,-1.0,0.33,1.0,5.0,1.0,COMPLETE,0.080235,0.06234,0.00133,0.0005,0.0802538596570194,0.0013303126234665,0.999765,0.06234,0.0005,199953,16047,0.68,58,23,27,34,48,1.0,0.080235,,195510,2313,266,1864,2,80,190
news-source-strategies,RQ3,E3-reach-mitigation,control_reach10_0_wom1,1019,NONE,,,,,10.0,-1.0,0.33,1.0,5.0,1.0,COMPLETE,0.1245699999999999,0.14642,0.001885,0.00148,0.1245942958876981,0.0018853676466911,0.999805,0.14642,0.00148,199961,24914,0.64,62,24,37,43,50,1.0,0.1245699999999999,,193309,3675,377,2600,2,45,171
news-source-strategies,RQ3,E3-reach-mitigation,control_reach10_0_wom1,1020,NONE,,,,,10.0,-1.0,0.33,1.0,5.0,1.0,COMPLETE,0.10371,0.12312,0.00153,0.00266,0.103726077542019,0.0015302371867639,0.999845,0.12312,0.00266,199969,20742,0.665,61,29,34,40,44,1.0,0.10371,,192562,4440,306,2661,10,30,223
news-source-strategies,RQ3,E3-reach-mitigation,control_reach10_0_wom1,1021,NONE,,,,,10.0,-1.0,0.33,1.0,5.0,1.0,COMPLETE,0.099105,0.062,0.001605,0.00054,0.0991268078977375,0.001605353177699,0.99978,0.062,0.00054,199956,19821,0.7225,61,38,39,44,57,1.0,0.099105,,193918,3625,321,2092,2,15,101
news-source-strategies,RQ3,E3-reach-mitigation,control_reach10_0_wom1,1022,NONE,,,,,10.0,-1.0,0.33,1.0,5.0,1.0,COMPLETE,0.074045,0.05288,0.00099,0.0004,0.0740561084162624,0.0009901485222783,0.99985,0.05288,0.0004,199970,14809,0.6875,71,22,22,28,58,1.0,0.074045,,195602,2692,198,1478,5,164,177
news-source-strategies,RQ3,E3-reach-mitigation,control_reach10_0_wom1,1023,NONE,,,,,10.0,-1.0,0.33,1.0,5.0,1.0,COMPLETE,0.1107549999999999,0.09282,0.00272,0.0011799999999999,0.1107754934662912,0.0027205032931092,0.999815,0.09282,0.00118,199963,22151,0.66,105,22,22,45,89,1.0,0.1107549999999999,,191806,4926,544,2687,81,122,176
news-source-strategies,RQ3,E3-reach-mitigation,control_reach10_0_wom1,1024,NONE,,,,,10.0,-1.0,0.33,1.0,5.0,1.0,COMPLETE,0.110825,0.11572,0.001995,0.00166,0.110842734837574,0.0019953192510801,0.99984,0.11572,0.00166,199968,22165,0.6675,88,25,27,54,67,1.0,0.110825,,192777,4767,399,2025,2,60,187
news-source-strategies,RQ3,E3-reach-mitigation,control_reach10_0_wom1,1025,NONE,,,,,10.0,-1.0,0.33,1.0,5.0,1.0,COMPLETE,0.0950849999999999,0.15616,0.0012,0.0029,0.0951030695832208,0.0012002280433282,0.99981,0.15616,0.0029,199962,19017,0.69,60,9,9,18,22,1.0,0.0950849999999999,,196023,2171,240,1528,96,275,386
news-source-strategies,RQ3,E3-reach-mitigation,control_reach10_0_wom1,1026,NONE,,,,,10.0,-1.0,0.33,1.0,5.0,1.0,COMPLETE,0.09478,0.11226,0.0012749999999999,0.0008,0.0947984857047124,0.0012752486734913,0.999805,0.11226,0.0008,199961,18956,0.695,53,18,19,36,48,1.0,0.09478,,195233,2603,255,1870,3,62,123
news-source-strategies,RQ3,E3-reach-mitigation,control_reach10_0_wom1,1027,NONE,,,,,10.0,-1.0,0.33,1.0,5.0,1.0,COMPLETE,0.070055,0.10368,0.001035,0.00122,0.0700683129794661,0.0010351966873706,0.99981,0.10368,0.00122,199962,14011,0.655,60,47,52,53,54,1.0,0.070055,,196359,2276,207,1120,1,3,20
news-source-strategies,RQ3,E3-reach-mitigation,control_reach10_0_wom1,1028,NONE,,,,,10.0,-1.0,0.33,1.0,5.0,1.0,COMPLETE,0.0941949999999999,0.10268,0.00065,0.00052,0.0942100736117778,0.0006501040166426,0.99984,0.10268,0.00052,199968,18839,0.665,31,14,17,17,21,1.0,0.0941949999999999,,196511,2004,130,1323,1,34,237
news-source-strategies,RQ3,E3-reach-mitigation,control_reach10_0_wom1,1029,NONE,,,,,10.0,-1.0,0.33,1.0,5.0,1.0,COMPLETE,0.1237,0.05088,0.001445,0.00062,0.1237216512889755,0.0014452529192608,0.999825,0.05088,0.00062,199965,24740,0.6325,54,28,30,32,46,1.0,0.1237,,193204,3643,289,2829,2,12,137
news-source-strategies,RQ3,E3-reach-mitigation,control_reach10_0_wom1,1030,NONE,,,,,10.0,-1.0,0.33,1.0,5.0,1.0,COMPLETE,0.10272,0.07256,0.0015149999999999,0.00074,0.102743631035138,0.0015153485301619,0.99977,0.07256,0.00074,199954,20544,0.6575,58,22,41,45,53,1.0,0.10272,,192198,5021,303,2432,4,32,75
news-source-strategies,RQ3,E3-reach-mitigation,control_reach5_0_wom0,1001,NONE,,,,,5.0,-1.0,0.33,0.0,5.0,1.0,COMPLETE,0.148805,0.14746,0.004065,0.0029,0.163521978021978,0.0044670329670329,0.91,0.162043956043956,0.0031868131868131,182000,29761,0.63,12,6,7,9,10,1.0,0.148805,,112613,54885,813,13689,1,2,100
news-source-strategies,RQ3,E3-reach-mitigation,control_reach5_0_wom0,1002,NONE,,,,,5.0,-1.0,0.33,0.0,5.0,1.0,COMPLETE,0.1349449999999999,0.13006,0.00309,0.0040599999999999,0.1489459161147903,0.00341059602649,0.906,0.1435540838852097,0.0044812362030905,181200,26989,0.635,11,7,7,7,9,1.0,0.1349449999999999,,119741,49274,618,11567,1,2,152
news-source-strategies,RQ3,E3-reach-mitigation,control_reach5_0_wom0,1003,NONE,,,,,5.0,-1.0,0.33,0.0,5.0,1.0,COMPLETE,0.12695,0.10694,0.00067,0.0004799999999999,0.1391995614035087,0.000734649122807,0.912,0.1172587719298245,0.0005263157894736,182400,25390,0.65,11,5,6,6,6,1.0,0.12695,,122853,51657,134,7756,1,47,297
news-source-strategies,RQ3,E3-reach-mitigation,control_reach5_0_wom0,1004,NONE,,,,,5.0,-1.0,0.33,0.0,5.0,1.0,COMPLETE,0.15095,0.1691399999999999,0.00207,0.0,0.1630129589632829,0.0022354211663066,0.926,0.1826565874730021,0.0,185200,30190,0.69,10,8,8,8,8,1.0,0.15095,,121824,50103,414,12859,1,1,2
news-source-strategies,RQ3,E3-reach-mitigation,control_reach5_0_wom0,1005,NONE,,,,,5.0,-1.0,0.33,0.0,5.0,1.0,COMPLETE,0.153905,0.14648,0.0049,0.0054,0.168018558951965,0.0053493449781659,0.916,0.1599126637554585,0.0058951965065502,183200,30781,0.6825,11,6,7,8,8,1.0,0.153905,,115786,54804,980,11630,1,2,232
news-source-strategies,RQ3,E3-reach-mitigation,control_reach5_0_wom0,1006,NONE,,,,,5.0,-1.0,0.33,0.0,5.0,1.0,COMPLETE,0.14113,0.15252,0.008605,0.00774,0.1530694143167028,0.0093329718004338,0.922,0.1654229934924078,0.0083947939262472,184400,28226,0.715,17,13,14,14,14,1.0,0.14113,,117782,55665,1721,9232,1,2,9
news-source-strategies,RQ3,E3-reach-mitigation,control_reach5_0_wom0,1007,NONE,,,,,5.0,-1.0,0.33,0.0,5.0,1.0,COMPLETE,0.158005,0.19802,0.007845,0.00818,0.1680904255319149,0.008345744680851,0.94,0.2106595744680851,0.0087021276595744,188000,31601,0.6825,15,8,8,10,13,1.0,0.158005,,123066,51277,1569,12088,1,2,121
news-source-strategies,RQ3,E3-reach-mitigation,control_reach5_0_wom0,1008,NONE,,,,,5.0,-1.0,0.33,0.0,5.0,1.0,COMPLETE,0.144725,0.13626,0.0077649999999999,0.00556,0.1586896929824561,0.0085142543859649,0.912,0.1494078947368421,0.0060964912280701,182400,28945,0.695,18,9,9,13,15,1.0,0.144725,,120337,48582,1553,11928,1,2,115
news-source-strategies,RQ3,E3-reach-mitigation,control_reach5_0_wom0,1009,NONE,,,,,5.0,-1.0,0.33,0.0,5.0,1.0,COMPLETE,0.13231,0.14934,0.007625,0.00696,0.1428833693304535,0.0082343412526997,0.926,0.1612742980561555,0.0075161987041036,185200,26462,0.6475,18,14,14,14,16,1.0,0.13231,,121327,49104,1525,13244,1,2,12
news-source-strategies,RQ3,E3-reach-mitigation,control_reach5_0_wom0,1010,NONE,,,,,5.0,-1.0,0.33,0.0,5.0,1.0,COMPLETE,0.1375,0.12314,0.0136649999999999,0.01214,0.1527777777777778,0.0151833333333333,0.9,0.1368222222222222,0.0134888888888888,180000,27500,0.62,18,13,15,15,16,1.0,0.1375,,117927,48244,2733,11096,1,1,30
news-source-strategies,RQ3,E3-reach-mitigation,control_reach5_0_wom0,1011,NONE,,,,,5.0,-1.0,0.33,0.0,5.0,1.0,COMPLETE,0.1505449999999999,0.1536,0.00132,0.00234,0.1615289699570815,0.0014163090128755,0.932,0.1648068669527897,0.0025107296137339,186400,30109,0.6675,11,7,7,8,10,1.0,0.1505449999999999,,122765,47759,264,15612,1,2,138
news-source-strategies,RQ3,E3-reach-mitigation,control_reach5_0_wom0,1012,NONE,,,,,5.0,-1.0,0.33,0.0,5.0,1.0,COMPLETE,0.1316399999999999,0.13018,0.00907,0.01036,0.1415483870967742,0.009752688172043,0.93,0.1399784946236559,0.0111397849462365,186000,26328,0.6325,14,9,10,11,12,1.0,0.1316399999999999,,117468,56495,1814,10223,1,2,93
news-source-strategies,RQ3,E3-reach-mitigation,control_reach5_0_wom0,1013,NONE,,,,,5.0,-1.0,0.33,0.0,5.0,1.0,COMPLETE,0.14575,0.14426,0.00397,0.00372,0.1521398747390396,0.0041440501043841,0.958,0.1505845511482254,0.0038830897703549,191600,29150,0.685,12,6,7,8,9,1.0,0.14575,,120790,54069,794,15947,1,3,110
news-source-strategies,RQ3,E3-reach-mitigation,control_reach5_0_wom0,1014,NONE,,,,,5.0,-1.0,0.33,0.0,5.0,1.0,COMPLETE,0.143195,0.12598,0.012085,0.01084,0.1539731182795699,0.0129946236559139,0.93,0.1354623655913978,0.0116559139784946,186000,28639,0.665,22,15,16,16,20,1.0,0.143195,,122265,50459,2417,10859,1,1,104
news-source-strategies,RQ3,E3-reach-mitigation,control_reach5_0_wom0,1015,NONE,,,,,5.0,-1.0,0.33,0.0,5.0,1.0,COMPLETE,0.13644,0.13572,0.00857,0.0080399999999999,0.1486274509803921,0.0093355119825708,0.918,0.1478431372549019,0.0087581699346405,183600,27288,0.6475,18,12,13,14,16,1.0,0.13644,,113710,55439,1714,12737,1,2,71
news-source-strategies,RQ3,E3-reach-mitigation,control_reach5_0_wom0,1016,NONE,,,,,5.0,-1.0,0.33,0.0,5.0,1.0,COMPLETE,0.13535,0.15824,0.008785,0.0081199999999999,0.1484100877192982,0.0096326754385964,0.912,0.1735087719298245,0.0089035087719298,182400,27070,0.675,16,10,10,12,15,1.0,0.13535,,120813,48152,1757,11678,1,1,93
news-source-strategies,RQ3,E3-reach-mitigation,control_reach5_0_wom0,1017,NONE,,,,,5.0,-1.0,0.33,0.0,5.0,1.0,COMPLETE,0.1190949999999999,0.12362,0.004085,0.00416,0.1291702819956616,0.0044305856832971,0.922,0.1340780911062906,0.0045119305856832,184400,23819,0.6575,17,9,10,13,16,1.0,0.1190949999999999,,124992,46137,817,12454,1,24,84
news-source-strategies,RQ3,E3-reach-mitigation,control_reach5_0_wom0,1018,NONE,,,,,5.0,-1.0,0.33,0.0,5.0,1.0,COMPLETE,0.125205,0.10028,0.003835,0.00328,0.1397377232142857,0.0042801339285714,0.896,0.1119196428571428,0.0036607142857142,179200,25041,0.6675,10,9,9,10,10,1.0,0.125205,,109156,57101,767,12176,1,1,3
news-source-strategies,RQ3,E3-reach-mitigation,control_reach5_0_wom0,1019,NONE,,,,,5.0,-1.0,0.33,0.0,5.0,1.0,COMPLETE,0.12581,0.12462,0.001355,0.00112,0.1364533622559653,0.0014696312364425,0.922,0.1351626898047722,0.0012147505422993,184400,25162,0.6475,12,7,7,8,10,1.0,0.12581,,122007,50442,271,11680,1,2,103
news-source-strategies,RQ3,E3-reach-mitigation,control_reach5_0_wom0,1020,NONE,,,,,5.0,-1.0,0.33,0.0,5.0,1.0,COMPLETE,0.125995,0.1554,0.00399,0.00272,0.1343230277185501,0.0042537313432835,0.938,0.1656716417910447,0.0028997867803837,187600,25199,0.6575,20,7,10,12,16,1.0,0.125995,,117399,55820,798,13583,2,44,143
news-source-strategies,RQ3,E3-reach-mitigation,control_reach5_0_wom0,1021,NONE,,,,,5.0,-1.0,0.33,0.0,5.0,1.0,COMPLETE,0.119645,0.10034,0.005215,0.00416,0.1314780219780219,0.0057307692307692,0.91,0.1102637362637362,0.0045714285714285,182000,23929,0.695,15,12,12,12,13,1.0,0.119645,,123870,45871,1043,11216,1,1,14
news-source-strategies,RQ3,E3-reach-mitigation,control_reach5_0_wom0,1022,NONE,,,,,5.0,-1.0,0.33,0.0,5.0,1.0,COMPLETE,0.134265,0.13926,0.00643,0.0067,0.1434455128205128,0.0068696581196581,0.936,0.1487820512820512,0.0071581196581196,187200,26853,0.6425,10,7,7,7,8,1.0,0.134265,,126432,46963,1286,12519,1,1,106
news-source-strategies,RQ3,E3-reach-mitigation,control_reach5_0_wom0,1023,NONE,,,,,5.0,-1.0,0.33,0.0,5.0,1.0,COMPLETE,0.125805,0.12822,0.00296,0.00212,0.1367445652173913,0.0032173913043478,0.92,0.1393695652173913,0.0023043478260869,184000,25161,0.7,11,7,8,9,9,1.0,0.125805,,116475,54916,592,12017,1,2,90
news-source-strategies,RQ3,E3-reach-mitigation,control_reach5_0_wom0,1024,NONE,,,,,5.0,-1.0,0.33,0.0,5.0,1.0,COMPLETE,0.134785,0.1045,0.008215,0.0075,0.1446190987124463,0.0088143776824034,0.932,0.1121244635193133,0.0080472103004291,186400,26957,0.6325,19,13,13,13,15,1.0,0.134785,,116704,56143,1643,11910,1,2,186
news-source-strategies,RQ3,E3-reach-mitigation,control_reach5_0_wom0,1025,NONE,,,,,5.0,-1.0,0.33,0.0,5.0,1.0,COMPLETE,0.142655,0.1495399999999999,0.004455,0.00404,0.1550597826086956,0.0048423913043478,0.92,0.1625434782608695,0.004391304347826,184000,28531,0.6675,11,8,8,8,9,1.0,0.142655,,119997,53859,891,9253,1,2,167
news-source-strategies,RQ3,E3-reach-mitigation,control_reach5_0_wom0,1026,NONE,,,,,5.0,-1.0,0.33,0.0,5.0,1.0,COMPLETE,0.140335,0.16058,0.012675,0.01308,0.1525380434782608,0.0137771739130434,0.92,0.1745434782608695,0.0142173913043478,184000,28067,0.67,12,9,10,10,11,1.0,0.140335,,118175,51615,2535,11675,1,1,3
news-source-strategies,RQ3,E3-reach-mitigation,control_reach5_0_wom0,1027,NONE,,,,,5.0,-1.0,0.33,0.0,5.0,1.0,COMPLETE,0.11928,0.104,0.001875,0.0008,0.1305032822757111,0.0020514223194748,0.914,0.1137855579868709,0.0008752735229759,182800,23856,0.645,16,11,12,14,15,1.0,0.11928,,123736,50875,375,7814,1,2,34
news-source-strategies,RQ3,E3-reach-mitigation,control_reach5_0_wom0,1028,NONE,,,,,5.0,-1.0,0.33,0.0,5.0,1.0,COMPLETE,0.129435,0.13326,0.001055,0.00108,0.1382852564102564,0.0011271367521367,0.936,0.1423717948717948,0.0011538461538461,187200,25887,0.6675,8,6,6,6,7,1.0,0.129435,,126419,48138,211,12432,1,1,2
news-source-strategies,RQ3,E3-reach-mitigation,control_reach5_0_wom0,1029,NONE,,,,,5.0,-1.0,0.33,0.0,5.0,1.0,COMPLETE,0.127965,0.13512,0.00411,0.00588,0.1378933189655172,0.0044288793103448,0.928,0.145603448275862,0.0063362068965517,185600,25593,0.625,17,6,6,7,12,1.0,0.127965,,123847,50145,822,10786,1,164,209
news-source-strategies,RQ3,E3-reach-mitigation,control_reach5_0_wom0,1030,NONE,,,,,5.0,-1.0,0.33,0.0,5.0,1.0,COMPLETE,0.1375749999999999,0.12398,0.0083,0.00852,0.1521847345132743,0.0091814159292035,0.904,0.137146017699115,0.0094247787610619,180800,27515,0.65,16,9,11,12,14,1.0,0.1375749999999999,,116174,50269,1660,12697,1,2,96
news-source-strategies,RQ3,E3-reach-mitigation,control_reach5_0_wom1,1001,NONE,,,,,5.0,-1.0,0.33,1.0,5.0,1.0,COMPLETE,0.09609,0.09518,0.000415,0.00038,0.096111625115651,0.0004150933960141,0.999775,0.09518,0.00038,199955,19218,0.67,23,9,9,12,21,1.0,0.09609,,195140,3271,83,1461,2,90,174
news-source-strategies,RQ3,E3-reach-mitigation,control_reach5_0_wom1,1002,NONE,,,,,5.0,-1.0,0.33,1.0,5.0,1.0,COMPLETE,0.111385,0.07284,0.00063,6e-05,0.1114111816276825,0.0006301480847999,0.999765,0.07284,6e-05,199953,22277,0.64,29,11,19,25,25,1.0,0.111385,,192899,4301,126,2627,3,31,77
news-source-strategies,RQ3,E3-reach-mitigation,control_reach5_0_wom1,1003,NONE,,,,,5.0,-1.0,0.33,1.0,5.0,1.0,COMPLETE,0.077565,0.06224,0.00066,0.0003599999999999,0.0775820680549721,0.000660145231951,0.99978,0.06224,0.00036,199956,15513,0.6775,28,7,12,13,27,1.0,0.077565,,194407,3875,132,1542,3,110,126
news-source-strategies,RQ3,E3-reach-mitigation,control_reach5_0_wom1,1004,NONE,,,,,5.0,-1.0,0.33,1.0,5.0,1.0,COMPLETE,0.1071449999999999,0.05258,0.000955,0.00046,0.1071648254927161,0.0009551767076909,0.999815,0.05258,0.00046,199963,21429,0.705,36,20,20,32,36,1.0,0.1071449999999999,,191323,5343,191,3106,3,21,86
news-source-strategies,RQ3,E3-reach-mitigation,control_reach5_0_wom1,1005,NONE,,,,,5.0,-1.0,0.33,1.0,5.0,1.0,COMPLETE,0.113095,0.13692,0.00087,0.00156,0.1131187549385371,0.000870182738375,0.99979,0.13692,0.00156,199958,22619,0.6675,31,6,6,18,20,1.0,0.113095,,193626,3886,174,2272,65,98,331
news-source-strategies,RQ3,E3-reach-mitigation,control_reach5_0_wom1,1006,NONE,,,,,5.0,-1.0,0.33,1.0,5.0,1.0,COMPLETE,0.087325,0.09354,0.000765,0.0011,0.0873420316961807,0.0007651492040947,0.999805,0.09354,0.0011,199961,17465,0.67,40,9,14,17,24,1.0,0.087325,,195911,2318,153,1579,26,127,318
news-source-strategies,RQ3,E3-reach-mitigation,control_reach5_0_wom1,1007,NONE,,,,,5.0,-1.0,0.33,1.0,5.0,1.0,COMPLETE,0.0776599999999999,0.06386,0.000645,0.00052,0.0776716507476121,0.0006450967645146,0.99985,0.06386,0.00052,199970,15532,0.635,36,14,17,17,27,1.0,0.0776599999999999,,196248,2161,129,1432,2,112,197
news-source-strategies,RQ3,E3-reach-mitigation,control_reach5_0_wom1,1008,NONE,,,,,5.0,-1.0,0.33,1.0,5.0,1.0,COMPLETE,0.08888,0.04214,0.00075,0.0004199999999999,0.0888995579027386,0.0007501650363079,0.99978,0.04214,0.00042,199956,17776,0.6225,28,20,22,24,28,1.0,0.08888,,195297,2383,150,2126,1,4,29
news-source-strategies,RQ3,E3-reach-mitigation,control_reach5_0_wom1,1009,NONE,,,,,5.0,-1.0,0.33,1.0,5.0,1.0,COMPLETE,0.07726,0.06314,0.000785,0.00068,0.0772742957447127,0.0007851452518715,0.999815,0.06314,0.00068,199963,15452,0.66,41,22,32,33,36,1.0,0.07726,,196121,2126,157,1559,4,25,29
news-source-strategies,RQ3,E3-reach-mitigation,control_reach5_0_wom1,1010,NONE,,,,,5.0,-1.0,0.33,1.0,5.0,1.0,COMPLETE,0.06885,0.05244,0.00049,0.00026,0.068867216804201,0.0004901225306326,0.99975,0.05244,0.00026,199950,13770,0.6725,24,14,15,17,22,1.0,0.06885,,196990,1645,98,1217,1,2,137
news-source-strategies,RQ3,E3-reach-mitigation,control_reach5_0_wom1,1011,NONE,,,,,5.0,-1.0,0.33,1.0,5.0,1.0,COMPLETE,0.111825,0.11518,0.000795,0.00026,0.1118440134822919,0.0007951351729794,0.99983,0.11518,0.00026,199966,22365,0.6525,24,19,23,23,24,1.0,0.111825,,188325,8298,159,3184,2,6,10
news-source-strategies,RQ3,E3-reach-mitigation,control_reach5_0_wom1,1012,NONE,,,,,5.0,-1.0,0.33,1.0,5.0,1.0,COMPLETE,0.08834,0.02064,0.00055,0.0001,0.088355462205886,0.0005500962668466,0.999825,0.02064,0.0001,199965,17668,0.6575,22,7,12,16,18,1.0,0.08834,,196001,2188,110,1666,2,34,156
news-source-strategies,RQ3,E3-reach-mitigation,control_reach5_0_wom1,1013,NONE,,,,,5.0,-1.0,0.33,1.0,5.0,1.0,COMPLETE,0.090405,0.12522,0.0004199999999999,0.00068,0.0904144935218198,0.0004200441046309,0.999895,0.12522,0.00068,199979,18081,0.6775,23,9,9,12,16,1.0,0.090405,,195870,2166,84,1859,2,99,224
news-source-strategies,RQ3,E3-reach-mitigation,control_reach5_0_wom1,1014,NONE,,,,,5.0,-1.0,0.33,1.0,5.0,1.0,COMPLETE,0.08977,0.1072399999999999,0.001155,0.00162,0.0897857124996874,0.001155202160378,0.999825,0.10724,0.00162,199965,17954,0.68,46,15,21,25,30,1.0,0.08977,,196350,2132,231,1252,2,71,205
news-source-strategies,RQ3,E3-reach-mitigation,control_reach5_0_wom1,1015,NONE,,,,,5.0,-1.0,0.33,1.0,5.0,1.0,COMPLETE,0.09336,0.1072399999999999,0.00069,0.00052,0.0933791427242584,0.0006901414790031,0.999795,0.10724,0.00052,199959,18672,0.66,24,15,15,19,19,1.0,0.09336,,194861,2751,138,2209,1,2,91
news-source-strategies,RQ3,E3-reach-mitigation,control_reach5_0_wom1,1016,NONE,,,,,5.0,-1.0,0.33,1.0,5.0,1.0,COMPLETE,0.06723,0.0407999999999999,0.000555,0.00026,0.067244793854648,0.0005551221268679,0.99978,0.0408,0.00026,199956,13446,0.67,25,18,20,20,23,1.0,0.06723,,196742,1756,111,1347,1,3,30
news-source-strategies,RQ3,E3-reach-mitigation,control_reach5_0_wom1,1017,NONE,,,,,5.0,-1.0,0.33,1.0,5.0,1.0,COMPLETE,0.10735,0.10796,0.001055,0.00104,0.1073709373327798,0.0010552057651241,0.999805,0.10796,0.00104,199961,21470,0.6625,43,10,12,13,30,1.0,0.10735,,194708,2696,211,2346,33,135,246
news-source-strategies,RQ3,E3-reach-mitigation,control_reach5_0_wom1,1018,NONE,,,,,5.0,-1.0,0.33,1.0,5.0,1.0,COMPLETE,0.083485,0.04356,0.00044,0.00026,0.0835067117450537,0.0004401144297517,0.99974,0.04356,0.00026,199948,16697,0.6775,20,9,11,14,19,1.0,0.083485,,192948,4663,88,2249,1,29,113
news-source-strategies,RQ3,E3-reach-mitigation,control_reach5_0_wom1,1019,NONE,,,,,5.0,-1.0,0.33,1.0,5.0,1.0,COMPLETE,0.12422,0.14608,0.0009,0.00068,0.1242442276243867,0.0009001755342291,0.999805,0.14608,0.00068,199961,24844,0.64,31,11,16,22,25,1.0,0.12422,,193393,3784,180,2604,6,48,117
news-source-strategies,RQ3,E3-reach-mitigation,control_reach5_0_wom1,1020,NONE,,,,,5.0,-1.0,0.33,1.0,5.0,1.0,COMPLETE,0.10404,0.12478,0.0009649999999999,0.00132,0.1040561286999484,0.0009651495981877,0.999845,0.12478,0.00132,199969,20808,0.665,39,22,25,29,31,1.0,0.10404,,192131,4961,193,2684,7,17,169
news-source-strategies,RQ3,E3-reach-mitigation,control_reach5_0_wom1,1021,NONE,,,,,5.0,-1.0,0.33,1.0,5.0,1.0,COMPLETE,0.141335,0.12392,0.00082,0.0004,0.1413668075316946,0.0008201845415218,0.999775,0.12392,0.0004,199955,28267,0.67,27,17,17,21,24,1.0,0.141335,,191941,4898,164,2952,1,13,87
news-source-strategies,RQ3,E3-reach-mitigation,control_reach5_0_wom1,1022,NONE,,,,,5.0,-1.0,0.33,1.0,5.0,1.0,COMPLETE,0.10981,0.13366,0.0006,0.0005,0.1098275724115858,0.0006000960153624,0.99984,0.13366,0.0005,199968,21962,0.66,26,11,12,14,16,1.0,0.10981,,194247,3072,120,2529,2,63,224
news-source-strategies,RQ3,E3-reach-mitigation,control_reach5_0_wom1,1023,NONE,,,,,5.0,-1.0,0.33,1.0,5.0,1.0,COMPLETE,0.123105,0.18086,0.0009599999999999,0.0011,0.123129625925185,0.0009601920384076,0.9998,0.18086,0.0011,199960,24621,0.6825,29,13,15,16,20,1.0,0.123105,,192485,4397,192,2886,2,41,208
news-source-strategies,RQ3,E3-reach-mitigation,control_reach5_0_wom1,1024,NONE,,,,,5.0,-1.0,0.33,1.0,5.0,1.0,COMPLETE,0.09929,0.10624,0.001165,0.0008,0.0993068821699689,0.0011651980836742,0.99983,0.10624,0.0008,199966,19858,0.6675,42,15,19,27,35,1.0,0.09929,,193895,3603,233,2235,2,72,149
news-source-strategies,RQ3,E3-reach-mitigation,control_reach5_0_wom1,1025,NONE,,,,,5.0,-1.0,0.33,1.0,5.0,1.0,COMPLETE,0.11602,0.07392,0.000585,4e-05,0.1160432086417283,0.0005851170234046,0.9998,0.07392,4e-05,199960,23204,0.6375,25,20,21,21,24,1.0,0.11602,,191921,5004,117,2918,2,5,6
news-source-strategies,RQ3,E3-reach-mitigation,control_reach5_0_wom1,1026,NONE,,,,,5.0,-1.0,0.33,1.0,5.0,1.0,COMPLETE,0.109245,0.0845,0.0006,0.00022,0.1092668533706741,0.0006001200240048,0.9998,0.0845,0.00022,199960,21849,0.7225,20,10,11,11,17,1.0,0.109245,,195082,2344,120,2414,1,7,154
news-source-strategies,RQ3,E3-reach-mitigation,control_reach5_0_wom1,1027,NONE,,,,,5.0,-1.0,0.33,1.0,5.0,1.0,COMPLETE,0.089195,0.12664,0.001385,0.00276,0.0892141810489255,0.0013852978390353,0.999785,0.12664,0.00276,199957,17839,0.6975,55,17,26,28,32,1.0,0.089195,,194709,3287,277,1684,3,61,367
news-source-strategies,RQ3,E3-reach-mitigation,control_reach5_0_wom1,1028,NONE,,,,,5.0,-1.0,0.33,1.0,5.0,1.0,COMPLETE,0.0939749999999999,0.1024,0.000215,6e-05,0.0939900384061449,0.0002150344055048,0.99984,0.1024,6e-05,199968,18795,0.665,12,6,8,8,9,1.0,0.0939749999999999,,196589,2009,43,1327,1,11,110
news-source-strategies,RQ3,E3-reach-mitigation,control_reach5_0_wom1,1029,NONE,,,,,5.0,-1.0,0.33,1.0,5.0,1.0,COMPLETE,0.09406,0.0613,0.00091,0.00054,0.0940769338480926,0.0009101638294893,0.99982,0.0613,0.00054,199964,18812,0.6825,38,14,20,22,26,1.0,0.09406,,194405,3626,182,1751,2,49,221
news-source-strategies,RQ3,E3-reach-mitigation,control_reach5_0_wom1,1030,NONE,,,,,5.0,-1.0,0.33,1.0,5.0,1.0,COMPLETE,0.08552,0.0742999999999999,0.00088,0.00064,0.0855405297271345,0.0008802112507001,0.99976,0.0743,0.00064,199952,17104,0.645,37,20,21,26,29,1.0,0.08552,,195862,2259,176,1655,4,19,147
news-source-strategies,RQ3,E3-reach-mitigation,control_reach1_0_wom0,1001,NONE,,,,,1.0,-1.0,0.33,0.0,5.0,1.0,COMPLETE,0.1302299999999999,0.0884,0.00043,2e-05,0.1434251101321585,0.0004735682819383,0.908,0.0973568281938326,2.202643171806168e-05,181600,26046,0.7075,6,4,4,4,4,1.0,0.1302299999999999,,117944,50523,86,13047,1,3,284
news-source-strategies,RQ3,E3-reach-mitigation,control_reach1_0_wom0,1002,NONE,,,,,1.0,-1.0,0.33,0.0,5.0,1.0,COMPLETE,0.13341,0.1127399999999999,0.0001,0.0002399999999999,0.1475774336283185,0.0001106194690265,0.904,0.1247123893805309,0.0002654867256637,180800,26682,0.6475,3,1,2,3,3,2.0,0.13341,,115930,52502,20,12348,2,30,91
news-source-strategies,RQ3,E3-reach-mitigation,control_reach1_0_wom0,1003,NONE,,,,,1.0,-1.0,0.33,0.0,5.0,1.0,COMPLETE,0.12652,0.10656,0.00016,0.00038,0.1387280701754386,0.0001754385964912,0.912,0.1168421052631579,0.0004166666666666,182400,25304,0.65,2,1,1,1,1,1.0,0.12652,,123071,51554,32,7743,1,1,306
news-source-strategies,RQ3,E3-reach-mitigation,control_reach1_0_wom0,1004,NONE,,,,,1.0,-1.0,0.33,0.0,5.0,1.0,COMPLETE,0.14997,0.1691399999999999,5e-06,0.0,0.1619546436285097,5.399568034557236e-06,0.926,0.1826565874730021,0.0,185200,29994,0.69,1,1,1,1,1,2.0,0.14997,,122088,50110,1,13001,2,2,2
news-source-strategies,RQ3,E3-reach-mitigation,control_reach1_0_wom0,1005,NONE,,,,,1.0,-1.0,0.33,0.0,5.0,1.0,COMPLETE,0.13261,0.1523199999999999,0.00208,0.002,0.1450875273522976,0.0022757111597374,0.914,0.166652078774617,0.0021881838074398,182800,26522,0.6425,2,2,2,2,2,1.0,0.13261,,116869,51916,416,13599,1,1,5
news-source-strategies,RQ3,E3-reach-mitigation,control_reach1_0_wom0,1006,NONE,,,,,1.0,-1.0,0.33,0.0,5.0,1.0,COMPLETE,0.141625,0.13334,0.00411,0.004,0.1539402173913043,0.0044673913043478,0.92,0.1449347826086956,0.0043478260869565,184000,28325,0.65,5,3,3,3,5,1.0,0.141625,,118877,52221,822,12080,1,1,125
news-source-strategies,RQ3,E3-reach-mitigation,control_reach1_0_wom0,1007,NONE,,,,,1.0,-1.0,0.33,0.0,5.0,1.0,COMPLETE,0.148385,0.17062,0.000925,0.0,0.1588704496788008,0.0009903640256959,0.934,0.1826766595289079,0.0,186800,29677,0.65,3,2,3,3,3,1.0,0.148385,,120314,53839,185,12462,1,2,39
news-source-strategies,RQ3,E3-reach-mitigation,control_reach1_0_wom0,1008,NONE,,,,,1.0,-1.0,0.33,0.0,5.0,1.0,COMPLETE,0.151245,0.1570399999999999,0.000335,0.0,0.1665693832599118,0.0003689427312775,0.908,0.1729515418502202,0.0,181600,30249,0.68,3,3,3,3,3,1.0,0.151245,,112439,52733,67,16361,1,1,1
news-source-strategies,RQ3,E3-reach-mitigation,control_reach1_0_wom0,1009,NONE,,,,,1.0,-1.0,0.33,0.0,5.0,1.0,COMPLETE,0.169425,0.15806,0.0002099999999999,0.0,0.1841576086956521,0.0002282608695652,0.92,0.1718043478260869,0.0,184000,33885,0.6825,1,1,1,1,1,2.0,0.169425,,118232,50843,42,14883,2,2,2
news-source-strategies,RQ3,E3-reach-mitigation,control_reach1_0_wom0,1010,NONE,,,,,1.0,-1.0,0.33,0.0,5.0,1.0,COMPLETE,0.126825,0.12678,0.002,0.002,0.1425,0.0022471910112359,0.89,0.1424494382022472,0.0022471910112359,178000,25365,0.67,1,1,1,1,1,1.0,0.126825,,116112,50072,400,11416,1,1,1
news-source-strategies,RQ3,E3-reach-mitigation,control_reach1_0_wom0,1011,NONE,,,,,1.0,-1.0,0.33,0.0,5.0,1.0,COMPLETE,0.150505,0.15396,0.000365,0.00138,0.1614860515021459,0.0003916309012875,0.932,0.1651931330472103,0.0014806866952789,186400,30101,0.6675,1,0,0,0,1,138.0,0.150505,,122472,48159,73,15696,138,138,138
news-source-strategies,RQ3,E3-reach-mitigation,control_reach1_0_wom0,1012,NONE,,,,,1.0,-1.0,0.33,0.0,5.0,1.0,COMPLETE,0.14428,0.1802,0.002,0.002,0.1561471861471861,0.0021645021645021,0.924,0.195021645021645,0.0021645021645021,184800,28856,0.7175,1,1,1,1,1,1.0,0.14428,,118203,54197,400,12000,1,1,1
news-source-strategies,RQ3,E3-reach-mitigation,control_reach1_0_wom0,1013,NONE,,,,,1.0,-1.0,0.33,0.0,5.0,1.0,COMPLETE,0.127135,0.1178599999999999,0.001045,4e-05,0.1329864016736401,0.0010930962343096,0.956,0.1232845188284518,4.184100418410042e-05,191200,25427,0.68,4,3,3,3,4,1.0,0.127135,,128065,51075,209,11851,1,2,2
news-source-strategies,RQ3,E3-reach-mitigation,control_reach1_0_wom0,1014,NONE,,,,,1.0,-1.0,0.33,0.0,5.0,1.0,COMPLETE,0.1301999999999999,0.14298,0.004475,0.00418,0.1409090909090909,0.0048430735930735,0.924,0.1547402597402597,0.0045238095238095,184800,26040,0.665,9,6,6,7,8,1.0,0.1301999999999999,,123740,49162,895,11003,1,2,61
news-source-strategies,RQ3,E3-reach-mitigation,control_reach1_0_wom0,1015,NONE,,,,,1.0,-1.0,0.33,0.0,5.0,1.0,COMPLETE,0.12557,0.13354,5e-06,0.0,0.1376864035087719,5.482456140350877e-06,0.912,0.1464254385964912,0.0,182400,25114,0.6775,1,0,0,0,1,199.0,0.12557,,113640,54274,1,14485,199,199,199
news-source-strategies,RQ3,E3-reach-mitigation,control_reach1_0_wom0,1016,NONE,,,,,1.0,-1.0,0.33,0.0,5.0,1.0,COMPLETE,0.143725,0.14844,0.0020099999999999,0.00202,0.1586368653421633,0.0022185430463576,0.906,0.163841059602649,0.0022295805739514,181200,28745,0.6825,2,2,2,2,2,1.0,0.143725,,120653,48931,402,11214,1,1,1
news-source-strategies,RQ3,E3-reach-mitigation,control_reach1_0_wom0,1017,NONE,,,,,1.0,-1.0,0.33,0.0,5.0,1.0,COMPLETE,0.1245699999999999,0.09778,0.00025,0.0,0.1354021739130435,0.0002717391304347,0.92,0.1062826086956521,0.0,184000,24914,0.6925,1,1,1,1,1,3.0,0.1245699999999999,,122875,46937,50,14138,3,3,3
news-source-strategies,RQ3,E3-reach-mitigation,control_reach1_0_wom0,1018,NONE,,,,,1.0,-1.0,0.33,0.0,5.0,1.0,COMPLETE,0.12548,0.09968,0.00017,0.0,0.1403579418344519,0.0001901565995525,0.894,0.1114988814317673,0.0,178800,25096,0.67,3,3,3,3,3,1.0,0.12548,,112318,53350,34,13098,1,1,3
news-source-strategies,RQ3,E3-reach-mitigation,control_reach1_0_wom0,1019,NONE,,,,,1.0,-1.0,0.33,0.0,5.0,1.0,COMPLETE,0.1249,0.12356,4.5e-05,0.0,0.135466377440347,4.880694143167029e-05,0.922,0.1340130151843817,0.0,184400,24980,0.6475,1,0,0,0,1,103.0,0.1249,,122399,50447,9,11545,103,103,103
news-source-strategies,RQ3,E3-reach-mitigation,control_reach1_0_wom0,1020,NONE,,,,,1.0,-1.0,0.33,0.0,5.0,1.0,COMPLETE,0.131435,0.12884,3.5000000000000004e-05,4e-05,0.1404220085470085,3.739316239316239e-05,0.936,0.1376495726495726,4.2735042735042735e-05,187200,26287,0.66,4,1,1,2,3,1.0,0.131435,,115708,57310,7,14175,1,75,103
news-source-strategies,RQ3,E3-reach-mitigation,control_reach1_0_wom0,1021,NONE,,,,,1.0,-1.0,0.33,0.0,5.0,1.0,COMPLETE,0.136985,0.11664,0.00078,0.00106,0.1511975717439293,0.0008609271523178,0.906,0.1287417218543046,0.0011699779249448,181200,27397,0.635,3,2,2,3,3,1.0,0.136985,,124919,44530,156,11595,1,2,73
news-source-strategies,RQ3,E3-reach-mitigation,control_reach1_0_wom0,1022,NONE,,,,,1.0,-1.0,0.33,0.0,5.0,1.0,COMPLETE,0.123445,0.1273,0.002365,0.0023799999999999,0.1324517167381974,0.0025375536480686,0.932,0.136587982832618,0.0025536480686695,186400,24689,0.6425,3,2,2,2,3,1.0,0.123445,,127828,47417,473,10682,1,1,163
news-source-strategies,RQ3,E3-reach-mitigation,control_reach1_0_wom0,1023,NONE,,,,,1.0,-1.0,0.33,0.0,5.0,1.0,COMPLETE,0.1229899999999999,0.0974599999999999,0.000405,0.0,0.1339760348583878,0.0004411764705882,0.918,0.1061655773420479,0.0,183600,24598,0.6525,3,2,2,2,2,1.0,0.1229899999999999,,122741,47488,81,13290,1,3,263
news-source-strategies,RQ3,E3-reach-mitigation,control_reach1_0_wom0,1024,NONE,,,,,1.0,-1.0,0.33,0.0,5.0,1.0,COMPLETE,0.1449,0.12694,0.002665,0.002,0.1561422413793103,0.0028717672413793,0.928,0.1367887931034482,0.0021551724137931,185600,28980,0.6525,3,3,3,3,3,1.0,0.1449,,116649,59243,533,9175,1,2,2
news-source-strategies,RQ3,E3-reach-mitigation,control_reach1_0_wom0,1025,NONE,,,,,1.0,-1.0,0.33,0.0,5.0,1.0,COMPLETE,0.15321,0.14126,0.000585,0.00174,0.1672598253275109,0.0006386462882096,0.916,0.1542139737991266,0.0018995633187772,183200,30642,0.6875,3,1,1,1,1,1.0,0.15321,,119632,50731,117,12720,1,260,321
news-source-strategies,RQ3,E3-reach-mitigation,control_reach1_0_wom0,1026,NONE,,,,,1.0,-1.0,0.33,0.0,5.0,1.0,COMPLETE,0.130355,0.1367,0.002035,0.002,0.1432472527472527,0.0022362637362637,0.91,0.1502197802197802,0.0021978021978021,182000,26071,0.685,3,1,1,3,3,1.0,0.130355,,119362,49447,407,12784,1,53,75
news-source-strategies,RQ3,E3-reach-mitigation,control_reach1_0_wom0,1027,NONE,,,,,1.0,-1.0,0.33,0.0,5.0,1.0,COMPLETE,0.118565,0.1036,0.00082,0.0,0.1297210065645514,0.0008971553610503,0.914,0.1133479212253829,0.0,182800,23713,0.645,3,3,3,3,3,1.0,0.118565,,123742,51208,164,7686,1,1,2
news-source-strategies,RQ3,E3-reach-mitigation,control_reach1_0_wom0,1028,NONE,,,,,1.0,-1.0,0.33,0.0,5.0,1.0,COMPLETE,0.1289,0.13244,4.5e-05,0.0,0.1377136752136752,4.807692307692308e-05,0.936,0.1414957264957265,0.0,187200,25780,0.6675,3,2,2,2,2,1.0,0.1289,,126589,48140,9,12462,1,1,228
news-source-strategies,RQ3,E3-reach-mitigation,control_reach1_0_wom0,1029,NONE,,,,,1.0,-1.0,0.33,0.0,5.0,1.0,COMPLETE,0.127025,0.13382,0.002055,0.00212,0.1368803879310345,0.0022144396551724,0.928,0.1442025862068965,0.0022844827586206,185600,25405,0.625,4,2,2,2,2,1.0,0.127025,,124119,50221,411,10849,1,1,209
news-source-strategies,RQ3,E3-reach-mitigation,control_reach1_0_wom0,1030,NONE,,,,,1.0,-1.0,0.33,0.0,5.0,1.0,COMPLETE,0.14306,0.14908,0.00038,0.0,0.1593095768374164,0.0004231625835189,0.898,0.1660133630289532,0.0,179600,28612,0.65,2,1,1,2,2,2.0,0.14306,,117160,48796,76,13568,2,2,75
news-source-strategies,RQ3,E3-reach-mitigation,control_reach1_0_wom1,1001,NONE,,,,,1.0,-1.0,0.33,1.0,5.0,1.0,COMPLETE,0.08148,0.04208,0.000265,0.00022,0.0814987447112836,0.0002650609640217,0.99977,0.04208,0.00022,199954,16296,0.6975,12,5,6,7,11,1.0,0.08148,,192797,5477,53,1627,2,44,122
news-source-strategies,RQ3,E3-reach-mitigation,control_reach1_0_wom1,1002,NONE,,,,,1.0,-1.0,0.33,1.0,5.0,1.0,COMPLETE,0.10466,0.12708,6e-05,6e-05,0.1046851244298631,6.001440345682964e-05,0.99976,0.12708,6e-05,199952,20932,0.635,5,1,1,2,3,2.0,0.10466,,194494,3198,12,2248,88,196,366
news-source-strategies,RQ3,E3-reach-mitigation,control_reach1_0_wom1,1003,NONE,,,,,1.0,-1.0,0.33,1.0,5.0,1.0,COMPLETE,0.077345,0.06214,0.00026,0.0001,0.0773620196443217,0.0002600572125867,0.99978,0.06214,0.0001,199956,15469,0.6775,10,1,2,2,9,1.0,0.077345,,194533,3840,52,1531,110,113,122
news-source-strategies,RQ3,E3-reach-mitigation,control_reach1_0_wom1,1004,NONE,,,,,1.0,-1.0,0.33,1.0,5.0,1.0,COMPLETE,0.10685,0.05248,0.000275,0.00016,0.1068697709076179,0.0002750508844136,0.999815,0.05248,0.00016,199963,21370,0.705,7,7,7,7,7,2.0,0.10685,,191592,5290,55,3026,2,4,23
news-source-strategies,RQ3,E3-reach-mitigation,control_reach1_0_wom1,1005,NONE,,,,,1.0,-1.0,0.33,1.0,5.0,1.0,COMPLETE,0.07546,0.08208,0.00016,0.00014,0.0754762273888886,0.0001600344073975,0.999785,0.08208,0.00014,199957,15092,0.6625,8,2,2,2,2,1.0,0.07546,,197399,1507,32,1019,11,246,247
news-source-strategies,RQ3,E3-reach-mitigation,control_reach1_0_wom1,1006,NONE,,,,,1.0,-1.0,0.33,1.0,5.0,1.0,COMPLETE,0.091235,0.14618,0.000315,0.00028,0.09125325065013,0.0003150630126025,0.9998,0.14618,0.00028,199960,18247,0.68,13,4,4,6,6,1.0,0.091235,,195875,2765,63,1257,15,214,216
news-source-strategies,RQ3,E3-reach-mitigation,control_reach1_0_wom1,1007,NONE,,,,,1.0,-1.0,0.33,1.0,5.0,1.0,COMPLETE,0.092295,0.0940199999999999,0.00049,0.00046,0.092310231188146,0.0004900808633424,0.999835,0.09402,0.00046,199967,18459,0.6625,20,11,14,18,18,1.0,0.092295,,195630,2380,98,1859,17,20,56
news-source-strategies,RQ3,E3-reach-mitigation,control_reach1_0_wom1,1008,NONE,,,,,1.0,-1.0,0.33,1.0,5.0,1.0,COMPLETE,0.092605,0.09666,0.0002399999999999,0.0004,0.0926263040499314,0.0002400552126989,0.99977,0.09666,0.0004,199954,18521,0.7075,8,5,5,6,7,1.0,0.092605,,193817,3408,48,2681,1,15,61
news-source-strategies,RQ3,E3-reach-mitigation,control_reach1_0_wom1,1009,NONE,,,,,1.0,-1.0,0.33,1.0,5.0,1.0,COMPLETE,0.10026,0.08484,5e-06,2e-05,0.1002800560112022,5.001000200040008e-06,0.9998,0.08484,2e-05,199960,20052,0.665,1,0,0,0,0,394.0,0.10026,,193971,3601,1,2387,394,394,394
news-source-strategies,RQ3,E3-reach-mitigation,control_reach1_0_wom1,1010,NONE,,,,,1.0,-1.0,0.33,1.0,5.0,1.0,COMPLETE,0.09294,0.12392,5e-05,0.00016,0.0929655655305208,5.001375378229013e-05,0.999725,0.12392,0.00016,199945,18588,0.64,3,2,2,2,2,1.0,0.09294,,195152,3049,10,1734,1,7,365
news-source-strategies,RQ3,E3-reach-mitigation,control_reach1_0_wom1,1011,NONE,,,,,1.0,-1.0,0.33,1.0,5.0,1.0,COMPLETE,0.113275,0.1154,0.0002399999999999,0.00014,0.1132942600242041,0.0002400408069371,0.99983,0.1154,0.00014,199966,22655,0.6525,10,4,8,8,10,2.0,0.113275,,186820,9467,48,3631,7,29,36
news-source-strategies,RQ3,E3-reach-mitigation,control_reach1_0_wom1,1012,NONE,,,,,1.0,-1.0,0.33,1.0,5.0,1.0,COMPLETE,0.09622,0.07452,6e-05,4e-05,0.0962382852742021,6.001140216641162e-05,0.99981,0.07452,4e-05,199962,19244,0.6675,2,1,1,1,2,1.0,0.09622,,193531,3835,12,2584,1,1,176
news-source-strategies,RQ3,E3-reach-mitigation,control_reach1_0_wom1,1013,NONE,,,,,1.0,-1.0,0.33,1.0,5.0,1.0,COMPLETE,0.10524,0.10496,0.000345,2e-05,0.1052515776735441,0.0003450379541749,0.99989,0.10496,2e-05,199978,21048,0.705,16,4,4,8,16,1.0,0.10524,,191530,5006,69,3373,4,92,191
news-source-strategies,RQ3,E3-reach-mitigation,control_reach1_0_wom1,1014,NONE,,,,,1.0,-1.0,0.33,1.0,5.0,1.0,COMPLETE,0.09095,0.10722,0.00121,0.00246,0.0909672837839189,0.0012102299436893,0.99981,0.10722,0.00246,199962,18190,0.67,55,5,5,13,20,1.0,0.09095,,195298,2552,242,1870,102,355,367
news-source-strategies,RQ3,E3-reach-mitigation,control_reach1_0_wom1,1015,NONE,,,,,1.0,-1.0,0.33,1.0,5.0,1.0,COMPLETE,0.087225,0.08272,5.5e-05,0.0,0.0872441937226189,5.501210266258577e-05,0.99978,0.08272,0.0,199956,17445,0.6575,2,0,2,2,2,33.0,0.087225,,196063,2030,11,1852,33,33,45
news-source-strategies,RQ3,E3-reach-mitigation,control_reach1_0_wom1,1016,NONE,,,,,1.0,-1.0,0.33,1.0,5.0,1.0,COMPLETE,0.101485,0.11622,0.000115,0.0001199999999999,0.1015088545808265,0.0001150270313523,0.999765,0.11622,0.00012,199953,20297,0.6725,4,3,3,3,4,1.0,0.101485,,194010,4005,23,1915,1,1,2
news-source-strategies,RQ3,E3-reach-mitigation,control_reach1_0_wom1,1017,NONE,,,,,1.0,-1.0,0.33,1.0,5.0,1.0,COMPLETE,0.086485,0.07518,0.00015,0.00034,0.086502300460092,0.0001500300060012,0.9998,0.07518,0.00034,199960,17297,0.6675,7,0,0,2,3,67.0,0.086485,,195012,3127,30,1791,86,219,387
news-source-strategies,RQ3,E3-reach-mitigation,control_reach1_0_wom1,1018,NONE,,,,,1.0,-1.0,0.33,1.0,5.0,1.0,COMPLETE,0.086655,0.168,6.500000000000001e-05,2e-05,0.0866779696619604,6.501722956583495e-05,0.999735,0.168,2e-05,199947,17331,0.68,3,3,3,3,3,1.0,0.086655,,196004,2242,13,1688,1,1,10
news-source-strategies,RQ3,E3-reach-mitigation,control_reach1_0_wom1,1019,NONE,,,,,1.0,-1.0,0.33,1.0,5.0,1.0,COMPLETE,0.1237849999999999,0.1456,8.5e-05,6e-05,0.1238091427828426,8.501657823275539e-05,0.999805,0.1456,6e-05,199961,24757,0.64,2,1,1,1,2,11.0,0.1237849999999999,,193397,3984,17,2563,11,11,171
news-source-strategies,RQ3,E3-reach-mitigation,control_reach1_0_wom1,1020,NONE,,,,,1.0,-1.0,0.33,1.0,5.0,1.0,COMPLETE,0.08601,0.07292,0.00013,8e-05,0.0860237638022083,0.0001300208033285,0.99984,0.07292,8e-05,199968,17202,0.6825,5,3,3,4,5,1.0,0.08601,,196028,2070,26,1844,2,19,77
news-source-strategies,RQ3,E3-reach-mitigation,control_reach1_0_wom1,1021,NONE,,,,,1.0,-1.0,0.33,1.0,5.0,1.0,COMPLETE,0.09729,0.105,8e-05,0.0001,0.0973128685241031,8.001880441903848e-05,0.999765,0.105,0.0001,199953,19458,0.6625,5,4,4,4,5,1.0,0.09729,,193367,3940,16,2630,3,4,17
news-source-strategies,RQ3,E3-reach-mitigation,control_reach1_0_wom1,1022,NONE,,,,,1.0,-1.0,0.33,1.0,5.0,1.0,COMPLETE,0.094455,0.1222999999999999,0.000115,0.0001799999999999,0.0944710600802136,0.000115019553324,0.99983,0.1223,0.00018,199966,18891,0.66,5,2,2,3,4,1.0,0.094455,,195446,2503,23,1994,1,82,146
news-source-strategies,RQ3,E3-reach-mitigation,control_reach1_0_wom1,1023,NONE,,,,,1.0,-1.0,0.33,1.0,5.0,1.0,COMPLETE,0.09631,0.08364,0.000235,0.0001,0.0963297475982576,0.0002350481848778,0.999795,0.08364,0.0001,199959,19262,0.6875,7,5,5,6,7,1.0,0.09631,,194791,3144,47,1977,2,3,81
news-source-strategies,RQ3,E3-reach-mitigation,control_reach1_0_wom1,1024,NONE,,,,,1.0,-1.0,0.33,1.0,5.0,1.0,COMPLETE,0.086025,0.1077999999999999,0.000215,0.0001199999999999,0.0860404872877117,0.0002150387069672,0.99982,0.1078,0.00012,199964,17205,0.69,7,4,6,7,7,1.0,0.086025,,193784,4304,43,1833,2,6,36
news-source-strategies,RQ3,E3-reach-mitigation,control_reach1_0_wom1,1025,NONE,,,,,1.0,-1.0,0.33,1.0,5.0,1.0,COMPLETE,0.081145,0.05122,6.500000000000001e-05,8e-05,0.0811620440292461,6.501365286710209e-05,0.99979,0.05122,8e-05,199958,16229,0.6875,3,1,2,2,2,1.0,0.081145,,192137,5275,13,2533,1,31,289
news-source-strategies,RQ3,E3-reach-mitigation,control_reach1_0_wom1,1026,NONE,,,,,1.0,-1.0,0.33,1.0,5.0,1.0,COMPLETE,0.084535,0.12642,0.0001049999999999,0.0002,0.0845540246555475,0.0001050236303168,0.999775,0.12642,0.0002,199955,16907,0.6675,6,2,3,4,5,1.0,0.084535,,196160,2007,21,1767,5,45,126
news-source-strategies,RQ3,E3-reach-mitigation,control_reach1_0_wom1,1027,NONE,,,,,1.0,-1.0,0.33,1.0,5.0,1.0,COMPLETE,0.08841,0.12478,0.000195,0.0002,0.0884290122376311,0.0001950419340158,0.999785,0.12478,0.0002,199957,17682,0.6975,7,3,4,4,5,1.0,0.08841,,194902,3223,39,1793,1,34,337
news-source-strategies,RQ3,E3-reach-mitigation,control_reach1_0_wom1,1028,NONE,,,,,1.0,-1.0,0.33,1.0,5.0,1.0,COMPLETE,0.09384,0.10238,5.5e-05,2e-05,0.0938550168026884,5.500880140822532e-05,0.99984,0.10238,2e-05,199968,18768,0.665,3,2,2,2,2,1.0,0.09384,,196629,2011,11,1317,1,1,344
news-source-strategies,RQ3,E3-reach-mitigation,control_reach1_0_wom1,1029,NONE,,,,,1.0,-1.0,0.33,1.0,5.0,1.0,COMPLETE,0.0938799999999999,0.06114,0.000155,0.0001799999999999,0.0938969014422596,0.0001550279050229,0.99982,0.06114,0.00018,199964,18776,0.6825,6,3,3,3,3,1.0,0.0938799999999999,,194179,3919,31,1835,1,3,224
news-source-strategies,RQ3,E3-reach-mitigation,control_reach1_0_wom1,1030,NONE,,,,,1.0,-1.0,0.33,1.0,5.0,1.0,COMPLETE,0.097395,0.1273,8.5e-05,0.0001,0.0974198420597252,8.502168052853478e-05,0.999745,0.1273,0.0001,199949,19479,0.7025,3,0,0,2,3,79.0,0.097395,,194410,3604,17,1918,79,84,172
news-source-strategies,RQ3,E3-reach-mitigation,control_reach0_0_wom0,1001,NONE,,,,,0.0,-1.0,0.33,0.0,5.0,1.0,COMPLETE,0.130685,0.0890799999999999,0.0,0.0,0.1439262114537444,0.0,0.908,0.0981057268722467,0.0,181600,26137,0.7075,0,0,0,0,0,,0.130685,,117632,50518,0,13450,1,1,1
news-source-strategies,RQ3,E3-reach-mitigation,control_reach0_0_wom0,1002,NONE,,,,,0.0,-1.0,0.33,0.0,5.0,1.0,COMPLETE,0.133285,0.11226,0.0,0.0,0.1474391592920354,0.0,0.904,0.1241814159292035,0.0,180800,26657,0.6475,0,0,0,0,0,,0.133285,,116003,52502,0,12295,1,1,1
news-source-strategies,RQ3,E3-reach-mitigation,control_reach0_0_wom0,1003,NONE,,,,,0.0,-1.0,0.33,0.0,5.0,1.0,COMPLETE,0.126315,0.10636,0.0,0.0,0.1385032894736842,0.0,0.912,0.1166228070175438,0.0,182400,25263,0.65,0,0,0,0,0,,0.126315,,122983,51873,0,7544,1,1,1
news-source-strategies,RQ3,E3-reach-mitigation,control_reach0_0_wom0,1004,NONE,,,,,0.0,-1.0,0.33,0.0,5.0,1.0,COMPLETE,0.14995,0.1691399999999999,0.0,0.0,0.1619330453563714,0.0,0.926,0.1826565874730021,0.0,185200,29990,0.69,0,0,0,0,0,,0.14995,,122099,50100,0,13001,1,1,1
news-source-strategies,RQ3,E3-reach-mitigation,control_reach0_0_wom0,1005,NONE,,,,,0.0,-1.0,0.33,0.0,5.0,1.0,COMPLETE,0.134425,0.1269,0.0,0.0,0.1473958333333333,0.0,0.912,0.1391447368421052,0.0,182400,26885,0.64,0,0,0,0,0,,0.134425,,115992,52699,0,13709,1,1,1
news-source-strategies,RQ3,E3-reach-mitigation,control_reach0_0_wom0,1006,NONE,,,,,0.0,-1.0,0.33,0.0,5.0,1.0,COMPLETE,0.136575,0.13566,0.0,0.0,0.1490993449781659,0.0,0.916,0.1481004366812227,0.0,183200,27315,0.6675,0,0,0,0,0,,0.136575,,122785,50067,0,10348,1,1,1
news-source-strategies,RQ3,E3-reach-mitigation,control_reach0_0_wom0,1007,NONE,,,,,0.0,-1.0,0.33,0.0,5.0,1.0,COMPLETE,0.148125,0.17094,0.0,0.0,0.1585920770877944,0.0,0.934,0.1830192719486081,0.0,186800,29625,0.65,0,0,0,0,0,,0.148125,,120035,54303,0,12462,1,1,1
news-source-strategies,RQ3,E3-reach-mitigation,control_reach0_0_wom0,1008,NONE,,,,,0.0,-1.0,0.33,0.0,5.0,1.0,COMPLETE,0.151055,0.1570399999999999,0.0,0.0,0.1663601321585903,0.0,0.908,0.1729515418502202,0.0,181600,30211,0.68,0,0,0,0,0,,0.151055,,112477,52762,0,16361,1,1,1
news-source-strategies,RQ3,E3-reach-mitigation,control_reach0_0_wom0,1009,NONE,,,,,0.0,-1.0,0.33,0.0,5.0,1.0,COMPLETE,0.16931,0.15806,0.0,0.0,0.1840326086956521,0.0,0.92,0.1718043478260869,0.0,184000,33862,0.6825,0,0,0,0,0,,0.16931,,118274,50843,0,14883,1,1,1
news-source-strategies,RQ3,E3-reach-mitigation,control_reach0_0_wom0,1010,NONE,,,,,0.0,-1.0,0.33,0.0,5.0,1.0,COMPLETE,0.1104899999999999,0.11292,0.0,0.0,0.1244256756756756,0.0,0.888,0.1271621621621621,0.0,177600,22098,0.6575,0,0,0,0,0,,0.1104899999999999,,115097,50183,0,12320,1,1,1
news-source-strategies,RQ3,E3-reach-mitigation,control_reach0_0_wom0,1011,NONE,,,,,0.0,-1.0,0.33,0.0,5.0,1.0,COMPLETE,0.15018,0.15346,0.0,0.0,0.161137339055794,0.0,0.932,0.164656652360515,0.0,186400,30036,0.6675,0,0,0,0,0,,0.15018,,122472,48403,0,15525,1,1,1
news-source-strategies,RQ3,E3-reach-mitigation,control_reach0_0_wom0,1012,NONE,,,,,0.0,-1.0,0.33,0.0,5.0,1.0,COMPLETE,0.15139,0.1422199999999999,0.0,0.0,0.1641973969631236,0.0,0.922,0.1542516268980477,0.0,184400,30278,0.635,0,0,0,0,0,,0.15139,,117127,57329,0,9944,1,1,1
news-source-strategies,RQ3,E3-reach-mitigation,control_reach0_0_wom0,1013,NONE,,,,,0.0,-1.0,0.33,0.0,5.0,1.0,COMPLETE,0.12684,0.11792,0.0,0.0,0.1326778242677824,0.0,0.956,0.123347280334728,0.0,191200,25368,0.68,0,0,0,0,0,,0.12684,,128310,50676,0,12214,1,1,1
news-source-strategies,RQ3,E3-reach-mitigation,control_reach0_0_wom0,1014,NONE,,,,,0.0,-1.0,0.33,0.0,5.0,1.0,COMPLETE,0.13358,0.10674,0.0,0.0,0.145195652173913,0.0,0.92,0.1160217391304347,0.0,184000,26716,0.67,0,0,0,0,0,,0.13358,,126022,48404,0,9574,1,1,1
news-source-strategies,RQ3,E3-reach-mitigation,control_reach0_0_wom0,1015,NONE,,,,,0.0,-1.0,0.33,0.0,5.0,1.0,COMPLETE,0.125565,0.13354,0.0,0.0,0.1376809210526315,0.0,0.912,0.1464254385964912,0.0,182400,25113,0.6775,0,0,0,0,0,,0.125565,,113640,54275,0,14485,1,1,1
news-source-strategies,RQ3,E3-reach-mitigation,control_reach0_0_wom0,1016,NONE,,,,,0.0,-1.0,0.33,0.0,5.0,1.0,COMPLETE,0.113155,0.095,0.0,0.0,0.1251714601769911,0.0,0.904,0.1050884955752212,0.0,180800,22631,0.66,0,0,0,0,0,,0.113155,,128225,40536,0,12039,1,1,1
news-source-strategies,RQ3,E3-reach-mitigation,control_reach0_0_wom0,1017,NONE,,,,,0.0,-1.0,0.33,0.0,5.0,1.0,COMPLETE,0.1244099999999999,0.09778,0.0,0.0,0.1352282608695652,0.0,0.92,0.1062826086956521,0.0,184000,24882,0.6925,0,0,0,0,0,,0.1244099999999999,,122925,46937,0,14138,1,1,1
news-source-strategies,RQ3,E3-reach-mitigation,control_reach0_0_wom0,1018,NONE,,,,,0.0,-1.0,0.33,0.0,5.0,1.0,COMPLETE,0.12538,0.09968,0.0,0.0,0.1402460850111856,0.0,0.894,0.1114988814317673,0.0,178800,25076,0.67,0,0,0,0,0,,0.12538,,112350,53352,0,13098,1,1,1
news-source-strategies,RQ3,E3-reach-mitigation,control_reach0_0_wom0,1019,NONE,,,,,0.0,-1.0,0.33,0.0,5.0,1.0,COMPLETE,0.1248799999999999,0.12356,0.0,0.0,0.1354446854663774,0.0,0.922,0.1340130151843817,0.0,184400,24976,0.6475,0,0,0,0,0,,0.1248799999999999,,122399,50456,0,11545,1,1,1
news-source-strategies,RQ3,E3-reach-mitigation,control_reach0_0_wom0,1020,NONE,,,,,0.0,-1.0,0.33,0.0,5.0,1.0,COMPLETE,0.1317299999999999,0.12958,0.0,0.0,0.1407371794871794,0.0,0.936,0.1384401709401709,0.0,187200,26346,0.66,0,0,0,0,0,,0.1317299999999999,,115557,57314,0,14329,1,1,1
news-source-strategies,RQ3,E3-reach-mitigation,control_reach0_0_wom0,1021,NONE,,,,,0.0,-1.0,0.33,0.0,5.0,1.0,COMPLETE,0.137295,0.11676,0.0,0.0,0.1515397350993377,0.0,0.906,0.1288741721854304,0.0,181200,27459,0.635,0,0,0,0,0,,0.137295,,124502,44710,0,11988,1,1,1
news-source-strategies,RQ3,E3-reach-mitigation,control_reach0_0_wom0,1022,NONE,,,,,0.0,-1.0,0.33,0.0,5.0,1.0,COMPLETE,0.128935,0.11584,0.0,0.0,0.1386397849462365,0.0,0.93,0.1245591397849462,0.0,186000,25787,0.675,0,0,0,0,0,,0.128935,,127457,47050,0,11493,1,1,1
news-source-strategies,RQ3,E3-reach-mitigation,control_reach0_0_wom0,1023,NONE,,,,,0.0,-1.0,0.33,0.0,5.0,1.0,COMPLETE,0.12332,0.09812,0.0,0.0,0.1343355119825708,0.0,0.918,0.1068845315904139,0.0,183600,24664,0.6525,0,0,0,0,0,,0.12332,,122479,47488,0,13633,1,1,1
news-source-strategies,RQ3,E3-reach-mitigation,control_reach0_0_wom0,1024,NONE,,,,,0.0,-1.0,0.33,0.0,5.0,1.0,COMPLETE,0.1322549999999999,0.1205,0.0,0.0,0.1428239740820734,0.0,0.926,0.1301295896328293,0.0,185200,26451,0.6975,0,0,0,0,0,,0.1322549999999999,,115808,58016,0,11376,1,1,1
news-source-strategies,RQ3,E3-reach-mitigation,control_reach0_0_wom0,1025,NONE,,,,,0.0,-1.0,0.33,0.0,5.0,1.0,COMPLETE,0.152965,0.14058,0.0,0.0,0.1669923580786026,0.0,0.916,0.153471615720524,0.0,183200,30593,0.6875,0,0,0,0,0,,0.152965,,119670,50810,0,12720,1,1,1
news-source-strategies,RQ3,E3-reach-mitigation,control_reach0_0_wom0,1026,NONE,,,,,0.0,-1.0,0.33,0.0,5.0,1.0,COMPLETE,0.116625,0.13356,0.0,0.0,0.1284416299559471,0.0,0.908,0.1470925110132158,0.0,181600,23325,0.67,0,0,0,0,0,,0.116625,,121330,46997,0,13273,1,1,1
news-source-strategies,RQ3,E3-reach-mitigation,control_reach0_0_wom0,1027,NONE,,,,,0.0,-1.0,0.33,0.0,5.0,1.0,COMPLETE,0.118095,0.1036,0.0,0.0,0.129206783369803,0.0,0.914,0.1133479212253829,0.0,182800,23619,0.645,0,0,0,0,0,,0.118095,,123899,51215,0,7686,1,1,1
news-source-strategies,RQ3,E3-reach-mitigation,control_reach0_0_wom0,1028,NONE,,,,,0.0,-1.0,0.33,0.0,5.0,1.0,COMPLETE,0.128885,0.13244,0.0,0.0,0.1376976495726495,0.0,0.936,0.1414957264957265,0.0,187200,25777,0.6675,0,0,0,0,0,,0.128885,,126589,48149,0,12462,1,1,1
news-source-strategies,RQ3,E3-reach-mitigation,control_reach0_0_wom0,1029,NONE,,,,,0.0,-1.0,0.33,0.0,5.0,1.0,COMPLETE,0.144815,0.13948,0.0,0.0,0.1563876889848812,0.0,0.926,0.1506263498920086,0.0,185200,28963,0.655,0,0,0,0,0,,0.144815,,123381,49134,0,12685,1,1,1
news-source-strategies,RQ3,E3-reach-mitigation,control_reach0_0_wom0,1030,NONE,,,,,0.0,-1.0,0.33,0.0,5.0,1.0,COMPLETE,0.143175,0.1493199999999999,0.0,0.0,0.1594376391982182,0.0,0.898,0.1662806236080178,0.0,179600,28635,0.65,0,0,0,0,0,,0.143175,,116531,49501,0,13568,1,1,1
news-source-strategies,RQ3,E3-reach-mitigation,control_reach0_0_wom1,1001,NONE,,,,,0.0,-1.0,0.33,1.0,5.0,1.0,COMPLETE,0.081395,0.04206,0.0,0.0,0.081413725156786,0.0,0.99977,0.04206,0.0,199954,16279,0.6975,0,0,0,0,0,,0.081395,,192805,5500,0,1649,1,1,1
news-source-strategies,RQ3,E3-reach-mitigation,control_reach0_0_wom1,1002,NONE,,,,,0.0,-1.0,0.33,1.0,5.0,1.0,COMPLETE,0.104645,0.1271,0.0,0.0,0.1046701208289989,0.0,0.99976,0.1271,0.0,199952,20929,0.635,0,0,0,0,0,,0.104645,,194491,3205,0,2256,1,1,1
news-source-strategies,RQ3,E3-reach-mitigation,control_reach0_0_wom1,1003,NONE,,,,,0.0,-1.0,0.33,1.0,5.0,1.0,COMPLETE,0.07745,0.0621199999999999,0.0,0.0,0.0774670427494048,0.0,0.99978,0.06212,0.0,199956,15490,0.6775,0,0,0,0,0,,0.07745,,194362,4010,0,1584,1,1,1
news-source-strategies,RQ3,E3-reach-mitigation,control_reach0_0_wom1,1004,NONE,,,,,0.0,-1.0,0.33,1.0,5.0,1.0,COMPLETE,0.106715,0.05236,0.0,0.0,0.1067347459279966,0.0,0.999815,0.05236,0.0,199963,21343,0.705,0,0,0,0,0,,0.106715,,191552,5312,0,3099,1,1,1
news-source-strategies,RQ3,E3-reach-mitigation,control_reach0_0_wom1,1005,NONE,,,,,0.0,-1.0,0.33,1.0,5.0,1.0,COMPLETE,0.094275,0.07392,0.0,0.0,0.094295745063914,0.0,0.99978,0.07392,0.0,199956,18855,0.6475,0,0,0,0,0,,0.094275,,193791,3399,0,2766,1,1,1
news-source-strategies,RQ3,E3-reach-mitigation,control_reach0_0_wom1,1006,NONE,,,,,0.0,-1.0,0.33,1.0,5.0,1.0,COMPLETE,0.097955,0.0957,0.0,0.0,0.0979755748707228,0.0,0.99979,0.0957,0.0,199958,19591,0.635,0,0,0,0,0,,0.097955,,195222,2996,0,1740,1,1,1
news-source-strategies,RQ3,E3-reach-mitigation,control_reach0_0_wom1,1007,NONE,,,,,0.0,-1.0,0.33,1.0,5.0,1.0,COMPLETE,0.0918949999999999,0.09368,0.0,0.0,0.0919101651772542,0.0,0.999835,0.09368,0.0,199967,18379,0.6625,0,0,0,0,0,,0.0918949999999999,,195717,2393,0,1857,1,1,1
news-source-strategies,RQ3,E3-reach-mitigation,control_reach0_0_wom1,1008,NONE,,,,,0.0,-1.0,0.33,1.0,5.0,1.0,COMPLETE,0.092495,0.0965,0.0,0.0,0.0925162787441111,0.0,0.99977,0.0965,0.0,199954,18499,0.7075,0,0,0,0,0,,0.092495,,193885,3393,0,2676,1,1,1
news-source-strategies,RQ3,E3-reach-mitigation,control_reach0_0_wom1,1009,NONE,,,,,0.0,-1.0,0.33,1.0,5.0,1.0,COMPLETE,0.100255,0.0848199999999999,0.0,0.0,0.1002750550110022,0.0,0.9998,0.08482,0.0,199960,20051,0.665,0,0,0,0,0,,0.100255,,193971,3602,0,2387,1,1,1
news-source-strategies,RQ3,E3-reach-mitigation,control_reach0_0_wom1,1010,NONE,,,,,0.0,-1.0,0.33,1.0,5.0,1.0,COMPLETE,0.110165,0.07454,0.0,0.0,0.110195854839355,0.0,0.99972,0.07454,0.0,199944,22033,0.6675,0,0,0,0,0,,0.110165,,193104,4664,0,2176,1,1,1
news-source-strategies,RQ3,E3-reach-mitigation,control_reach0_0_wom1,1011,NONE,,,,,0.0,-1.0,0.33,1.0,5.0,1.0,COMPLETE,0.11268,0.11544,0.0,0.0,0.1126991588570057,0.0,0.99983,0.11544,0.0,199966,22536,0.6525,0,0,0,0,0,,0.11268,,187225,9046,0,3695,1,1,1
news-source-strategies,RQ3,E3-reach-mitigation,control_reach0_0_wom1,1012,NONE,,,,,0.0,-1.0,0.33,1.0,5.0,1.0,COMPLETE,0.1123,0.08406,0.0,0.0,0.1123219027710403,0.0,0.999805,0.08406,0.0,199961,22460,0.675,0,0,0,0,0,,0.1123,,193676,3595,0,2690,1,1,1
news-source-strategies,RQ3,E3-reach-mitigation,control_reach0_0_wom1,1013,NONE,,,,,0.0,-1.0,0.33,1.0,5.0,1.0,COMPLETE,0.105025,0.10496,0.0,0.0,0.1050365540209423,0.0,0.99989,0.10496,0.0,199978,21005,0.705,0,0,0,0,0,,0.105025,,191603,5003,0,3372,1,1,1
news-source-strategies,RQ3,E3-reach-mitigation,control_reach0_0_wom1,1014,NONE,,,,,0.0,-1.0,0.33,1.0,5.0,1.0,COMPLETE,0.0788949999999999,0.06322,0.0,0.0,0.0789107821564312,0.0,0.9998,0.06322,0.0,199960,15779,0.6225,0,0,0,0,0,,0.0788949999999999,,197051,1750,0,1159,1,1,1
news-source-strategies,RQ3,E3-reach-mitigation,control_reach0_0_wom1,1015,NONE,,,,,0.0,-1.0,0.33,1.0,5.0,1.0,COMPLETE,0.08721,0.08272,0.0,0.0,0.0872291904218928,0.0,0.99978,0.08272,0.0,199956,17442,0.6575,0,0,0,0,0,,0.08721,,196073,2033,0,1850,1,1,1
news-source-strategies,RQ3,E3-reach-mitigation,control_reach0_0_wom1,1016,NONE,,,,,0.0,-1.0,0.33,1.0,5.0,1.0,COMPLETE,0.09486,0.11544,0.0,0.0,0.0948827718652476,0.0,0.99976,0.11544,0.0,199952,18972,0.6775,0,0,0,0,0,,0.09486,,195486,2386,0,2080,1,1,1
news-source-strategies,RQ3,E3-reach-mitigation,control_reach0_0_wom1,1017,NONE,,,,,0.0,-1.0,0.33,1.0,5.0,1.0,COMPLETE,0.08638,0.07492,0.0,0.0,0.0863972794558911,0.0,0.9998,0.07492,0.0,199960,17276,0.6675,0,0,0,0,0,,0.08638,,195023,3152,0,1785,1,1,1
news-source-strategies,RQ3,E3-reach-mitigation,control_reach0_0_wom1,1018,NONE,,,,,0.0,-1.0,0.33,1.0,5.0,1.0,COMPLETE,0.08665,0.16802,0.0,0.0,0.0866729683366092,0.0,0.999735,0.16802,0.0,199947,17330,0.68,0,0,0,0,0,,0.08665,,195964,2295,0,1688,1,1,1
news-source-strategies,RQ3,E3-reach-mitigation,control_reach0_0_wom1,1019,NONE,,,,,0.0,-1.0,0.33,1.0,5.0,1.0,COMPLETE,0.123765,0.14568,0.0,0.0,0.123789138882082,0.0,0.999805,0.14568,0.0,199961,24753,0.64,0,0,0,0,0,,0.123765,,193398,3988,0,2575,1,1,1
news-source-strategies,RQ3,E3-reach-mitigation,control_reach0_0_wom1,1020,NONE,,,,,0.0,-1.0,0.33,1.0,5.0,1.0,COMPLETE,0.08592,0.07286,0.0,0.0,0.0859337493999039,0.0,0.99984,0.07286,0.0,199968,17184,0.6825,0,0,0,0,0,,0.08592,,196052,2072,0,1844,1,1,1
news-source-strategies,RQ3,E3-reach-mitigation,control_reach0_0_wom1,1021,NONE,,,,,0.0,-1.0,0.33,1.0,5.0,1.0,COMPLETE,0.097565,0.10506,0.0,0.0,0.0975879331642936,0.0,0.999765,0.10506,0.0,199953,19513,0.6625,0,0,0,0,0,,0.097565,,193200,3968,0,2785,1,1,1
news-source-strategies,RQ3,E3-reach-mitigation,control_reach0_0_wom1,1022,NONE,,,,,0.0,-1.0,0.33,1.0,5.0,1.0,COMPLETE,0.0938199999999999,0.10402,0.0,0.0,0.0938364213737404,0.0,0.999825,0.10402,0.0,199965,18764,0.685,0,0,0,0,0,,0.0938199999999999,,196069,2369,0,1527,1,1,1
news-source-strategies,RQ3,E3-reach-mitigation,control_reach0_0_wom1,1023,NONE,,,,,0.0,-1.0,0.33,1.0,5.0,1.0,COMPLETE,0.0962099999999999,0.08362,0.0,0.0,0.0962297270940542,0.0,0.999795,0.08362,0.0,199959,19242,0.6875,0,0,0,0,0,,0.0962099999999999,,194812,3139,0,2008,1,1,1
news-source-strategies,RQ3,E3-reach-mitigation,control_reach0_0_wom1,1024,NONE,,,,,0.0,-1.0,0.33,1.0,5.0,1.0,COMPLETE,0.11097,0.11886,0.0,0.0,0.110990533248651,0.0,0.999815,0.11886,0.0,199963,22194,0.6825,0,0,0,0,0,,0.11097,,195178,3078,0,1707,1,1,1
news-source-strategies,RQ3,E3-reach-mitigation,control_reach0_0_wom1,1025,NONE,,,,,0.0,-1.0,0.33,1.0,5.0,1.0,COMPLETE,0.08115,0.05114,0.0,0.0,0.0811670450794666,0.0,0.99979,0.05114,0.0,199958,16230,0.6875,0,0,0,0,0,,0.08115,,192121,5301,0,2536,1,1,1
news-source-strategies,RQ3,E3-reach-mitigation,control_reach0_0_wom1,1026,NONE,,,,,0.0,-1.0,0.33,1.0,5.0,1.0,COMPLETE,0.092345,0.10326,0.0,0.0,0.0923662442361743,0.0,0.99977,0.10326,0.0,199954,18469,0.6575,0,0,0,0,0,,0.092345,,194000,3841,0,2113,1,1,1
news-source-strategies,RQ3,E3-reach-mitigation,control_reach0_0_wom1,1027,NONE,,,,,0.0,-1.0,0.33,1.0,5.0,1.0,COMPLETE,0.08834,0.12494,0.0,0.0,0.0883589971843946,0.0,0.999785,0.12494,0.0,199957,17668,0.6975,0,0,0,0,0,,0.08834,,194956,3225,0,1776,1,1,1
news-source-strategies,RQ3,E3-reach-mitigation,control_reach0_0_wom1,1028,NONE,,,,,0.0,-1.0,0.33,1.0,5.0,1.0,COMPLETE,0.093785,0.10224,0.0,0.0,0.0938000080012802,0.0,0.99984,0.10224,0.0,199968,18757,0.665,0,0,0,0,0,,0.093785,,196649,2002,0,1317,1,1,1
news-source-strategies,RQ3,E3-reach-mitigation,control_reach0_0_wom1,1029,NONE,,,,,0.0,-1.0,0.33,1.0,5.0,1.0,COMPLETE,0.08665,0.04228,0.0,0.0,0.0866660332161449,0.0,0.999815,0.04228,0.0,199963,17330,0.7,0,0,0,0,0,,0.08665,,195037,3030,0,1896,1,1,1
news-source-strategies,RQ3,E3-reach-mitigation,control_reach0_0_wom1,1030,NONE,,,,,0.0,-1.0,0.33,1.0,5.0,1.0,COMPLETE,0.09734,0.12724,0.0,0.0,0.0973648280311479,0.0,0.999745,0.12724,0.0,199949,19468,0.7025,0,0,0,0,0,,0.09734,,194360,3671,0,1918,1,1,1
news-source-strategies,RQ3,E3-reach-mitigation,credibility_reach14_7_wom0,1001,CREDIBILITY_CAMOUFLAGE,TRADITIONAL_MEDIA,FAKE_NEWS_SOURCE,1.0,-1.0,14.7,-1.0,0.33,0.0,5.0,1.0,COMPLETE,0.126525,0.09506,0.01333,0.01094,0.1381277292576419,0.0145524017467248,0.916,0.1037772925764192,0.011943231441048,183200,25305,0.7075,37,20,24,29,31,1.0,0.126525,,113173,54243,2666,13118,1,19,70
news-source-strategies,RQ3,E3-reach-mitigation,credibility_reach14_7_wom0,1002,CREDIBILITY_CAMOUFLAGE,TRADITIONAL_MEDIA,FAKE_NEWS_SOURCE,1.0,-1.0,14.7,-1.0,0.33,0.0,5.0,1.0,COMPLETE,0.155135,0.13744,0.02657,0.02404,0.1682592190889371,0.028817787418655,0.922,0.1490672451193058,0.0260737527114967,184400,31027,0.6475,35,27,28,29,32,1.0,0.155135,,117042,51746,5314,10298,1,1,21
news-source-strategies,RQ3,E3-reach-mitigation,credibility_reach14_7_wom0,1003,CREDIBILITY_CAMOUFLAGE,TRADITIONAL_MEDIA,FAKE_NEWS_SOURCE,1.0,-1.0,14.7,-1.0,0.33,0.0,5.0,1.0,COMPLETE,0.16676,0.1449,0.022085,0.01848,0.1800863930885529,0.0238498920086393,0.926,0.1564794816414687,0.0199568034557235,185200,33352,0.6675,38,27,28,30,33,1.0,0.16676,,118722,55434,4417,6627,1,2,73
news-source-strategies,RQ3,E3-reach-mitigation,credibility_reach14_7_wom0,1004,CREDIBILITY_CAMOUFLAGE,TRADITIONAL_MEDIA,FAKE_NEWS_SOURCE,1.0,-1.0,14.7,-1.0,0.33,0.0,5.0,1.0,COMPLETE,0.12643,0.11528,0.012085,0.01076,0.1359462365591398,0.0129946236559139,0.93,0.1239569892473118,0.0115698924731182,186000,25286,0.655,38,18,20,23,27,1.0,0.12643,,115913,54914,2417,12756,1,27,262
news-source-strategies,RQ3,E3-reach-mitigation,credibility_reach14_7_wom0,1005,CREDIBILITY_CAMOUFLAGE,TRADITIONAL_MEDIA,FAKE_NEWS_SOURCE,1.0,-1.0,14.7,-1.0,0.33,0.0,5.0,1.0,COMPLETE,0.1650049999999999,0.17668,0.0275799999999999,0.02348,0.1778071120689655,0.0297198275862068,0.928,0.1903879310344827,0.025301724137931,185600,33001,0.6575,38,23,26,28,31,1.0,0.1650049999999999,,113238,53384,5516,13462,1,2,135
news-source-strategies,RQ3,E3-reach-mitigation,credibility_reach14_7_wom0,1006,CREDIBILITY_CAMOUFLAGE,TRADITIONAL_MEDIA,FAKE_NEWS_SOURCE,1.0,-1.0,14.7,-1.0,0.33,0.0,5.0,1.0,COMPLETE,0.14439,0.14402,0.02789,0.0259,0.1545931477516059,0.0298608137044967,0.934,0.1541970021413276,0.027730192719486,186800,28878,0.63,44,26,29,31,36,1.0,0.14439,,119519,50647,5578,11056,1,2,115
news-source-strategies,RQ3,E3-reach-mitigation,credibility_reach14_7_wom0,1007,CREDIBILITY_CAMOUFLAGE,TRADITIONAL_MEDIA,FAKE_NEWS_SOURCE,1.0,-1.0,14.7,-1.0,0.33,0.0,5.0,1.0,COMPLETE,0.156605,0.1981399999999999,0.0208,0.01782,0.1651951476793249,0.0219409282700421,0.948,0.2090084388185654,0.0187974683544303,189600,31321,0.6825,41,35,35,36,39,1.0,0.156605,,124963,48232,4160,12245,1,1,12
news-source-strategies,RQ3,E3-reach-mitigation,credibility_reach14_7_wom0,1008,CREDIBILITY_CAMOUFLAGE,TRADITIONAL_MEDIA,FAKE_NEWS_SOURCE,1.0,-1.0,14.7,-1.0,0.33,0.0,5.0,1.0,COMPLETE,0.14967,0.10744,0.033985,0.02326,0.1612823275862069,0.0366217672413793,0.928,0.1157758620689655,0.0250646551724137,185600,29934,0.635,48,35,38,39,44,1.0,0.14967,,111850,51542,6797,15411,1,1,32
news-source-strategies,RQ3,E3-reach-mitigation,credibility_reach14_7_wom0,1009,CREDIBILITY_CAMOUFLAGE,TRADITIONAL_MEDIA,FAKE_NEWS_SOURCE,1.0,-1.0,14.7,-1.0,0.33,0.0,5.0,1.0,COMPLETE,0.14756,0.17138,0.0211,0.01968,0.1586666666666666,0.0226881720430107,0.93,0.1842795698924731,0.0211612903225806,186000,29512,0.655,30,21,21,22,24,1.0,0.14756,,118913,51651,4220,11216,1,1,104
news-source-strategies,RQ3,E3-reach-mitigation,credibility_reach14_7_wom0,1010,CREDIBILITY_CAMOUFLAGE,TRADITIONAL_MEDIA,FAKE_NEWS_SOURCE,1.0,-1.0,14.7,-1.0,0.33,0.0,5.0,1.0,COMPLETE,0.156215,0.15962,0.02723,0.0235599999999999,0.1720429515418502,0.0299889867841409,0.908,0.1757929515418502,0.0259471365638766,181600,31243,0.6975,42,29,30,34,36,1.0,0.156215,,113450,51671,5446,11033,1,2,79
news-source-strategies,RQ3,E3-reach-mitigation,credibility_reach14_7_wom0,1011,CREDIBILITY_CAMOUFLAGE,TRADITIONAL_MEDIA,FAKE_NEWS_SOURCE,1.0,-1.0,14.7,-1.0,0.33,0.0,5.0,1.0,COMPLETE,0.148495,0.1157,0.02918,0.02134,0.1566402953586498,0.0307805907172995,0.948,0.1220464135021097,0.0225105485232067,189600,29699,0.62,48,35,37,41,45,1.0,0.148495,,115658,51814,5836,16292,1,2,46
news-source-strategies,RQ3,E3-reach-mitigation,credibility_reach14_7_wom0,1012,CREDIBILITY_CAMOUFLAGE,TRADITIONAL_MEDIA,FAKE_NEWS_SOURCE,1.0,-1.0,14.7,-1.0,0.33,0.0,5.0,1.0,COMPLETE,0.13862,0.12136,0.021245,0.01858,0.1480982905982906,0.0226976495726495,0.936,0.1296581196581196,0.0198504273504273,187200,27724,0.6575,37,22,23,30,35,1.0,0.13862,,112973,56086,4249,13892,1,1,84
news-source-strategies,RQ3,E3-reach-mitigation,credibility_reach14_7_wom0,1013,CREDIBILITY_CAMOUFLAGE,TRADITIONAL_MEDIA,FAKE_NEWS_SOURCE,1.0,-1.0,14.7,-1.0,0.33,0.0,5.0,1.0,COMPLETE,0.13734,0.13804,0.020775,0.01282,0.1427650727650727,0.021595634095634,0.962,0.1434927234927235,0.0133264033264033,192400,27468,0.6275,42,30,33,35,37,1.0,0.13734,,124404,49909,4155,13932,1,2,42
news-source-strategies,RQ3,E3-reach-mitigation,credibility_reach14_7_wom0,1014,CREDIBILITY_CAMOUFLAGE,TRADITIONAL_MEDIA,FAKE_NEWS_SOURCE,1.0,-1.0,14.7,-1.0,0.33,0.0,5.0,1.0,COMPLETE,0.15347,0.16226,0.026835,0.02598,0.1639636752136752,0.0286698717948717,0.936,0.1733547008547008,0.0277564102564102,187200,30694,0.6825,49,34,38,40,45,1.0,0.15347,,124696,45265,5367,11872,1,2,35
news-source-strategies,RQ3,E3-reach-mitigation,credibility_reach14_7_wom0,1015,CREDIBILITY_CAMOUFLAGE,TRADITIONAL_MEDIA,FAKE_NEWS_SOURCE,1.0,-1.0,14.7,-1.0,0.33,0.0,5.0,1.0,COMPLETE,0.155395,0.11744,0.0301,0.029,0.1667328326180257,0.0322961373390557,0.932,0.1260085836909871,0.0311158798283261,186400,31079,0.675,47,30,31,36,38,1.0,0.155395,,112956,55104,6020,12320,1,2,82
news-source-strategies,RQ3,E3-reach-mitigation,credibility_reach14_7_wom0,1016,CREDIBILITY_CAMOUFLAGE,TRADITIONAL_MEDIA,FAKE_NEWS_SOURCE,1.0,-1.0,14.7,-1.0,0.33,0.0,5.0,1.0,COMPLETE,0.17272,0.2108199999999999,0.026195,0.02198,0.1877391304347826,0.0284728260869565,0.92,0.2291521739130435,0.023891304347826,184000,34544,0.67,44,35,37,38,40,1.0,0.17272,,123202,43557,5239,12002,1,2,4
news-source-strategies,RQ3,E3-reach-mitigation,credibility_reach14_7_wom0,1017,CREDIBILITY_CAMOUFLAGE,TRADITIONAL_MEDIA,FAKE_NEWS_SOURCE,1.0,-1.0,14.7,-1.0,0.33,0.0,5.0,1.0,COMPLETE,0.175975,0.16434,0.0270249999999999,0.02548,0.1880074786324786,0.0288728632478632,0.936,0.175576923076923,0.0272222222222222,187200,35195,0.7125,37,23,26,28,32,1.0,0.175975,,117571,51818,5405,12406,1,2,89
news-source-strategies,RQ3,E3-reach-mitigation,credibility_reach14_7_wom0,1018,CREDIBILITY_CAMOUFLAGE,TRADITIONAL_MEDIA,FAKE_NEWS_SOURCE,1.0,-1.0,14.7,-1.0,0.33,0.0,5.0,1.0,COMPLETE,0.159895,0.19996,0.02382,0.02388,0.1764845474613686,0.0262913907284768,0.906,0.2207064017660044,0.0263576158940397,181200,31979,0.6625,42,26,27,31,34,1.0,0.159895,,106609,56031,4764,13796,1,2,125
news-source-strategies,RQ3,E3-reach-mitigation,credibility_reach14_7_wom0,1019,CREDIBILITY_CAMOUFLAGE,TRADITIONAL_MEDIA,FAKE_NEWS_SOURCE,1.0,-1.0,14.7,-1.0,0.33,0.0,5.0,1.0,COMPLETE,0.1351649999999999,0.11494,0.01123,0.0089199999999999,0.1459665226781857,0.0121274298056155,0.926,0.1241252699784017,0.0096328293736501,185200,27033,0.675,40,27,30,31,35,1.0,0.1351649999999999,,122608,49353,2246,10993,1,2,48
news-source-strategies,RQ3,E3-reach-mitigation,credibility_reach14_7_wom0,1020,CREDIBILITY_CAMOUFLAGE,TRADITIONAL_MEDIA,FAKE_NEWS_SOURCE,1.0,-1.0,14.7,-1.0,0.33,0.0,5.0,1.0,COMPLETE,0.13807,0.13282,0.01659,0.0117799999999999,0.1465711252653928,0.0176114649681528,0.942,0.1409978768577494,0.0125053078556263,188400,27614,0.6575,35,21,24,27,34,1.0,0.13807,,120991,50692,3318,13399,1,2,91
news-source-strategies,RQ3,E3-reach-mitigation,credibility_reach14_7_wom0,1021,CREDIBILITY_CAMOUFLAGE,TRADITIONAL_MEDIA,FAKE_NEWS_SOURCE,1.0,-1.0,14.7,-1.0,0.33,0.0,5.0,1.0,COMPLETE,0.123215,0.10826,0.02447,0.01768,0.134514192139738,0.0267139737991266,0.916,0.1181877729257642,0.0193013100436681,183200,24643,0.6575,44,29,32,36,38,1.0,0.123215,,117457,49378,4894,11471,1,2,62
news-source-strategies,RQ3,E3-reach-mitigation,credibility_reach14_7_wom0,1022,CREDIBILITY_CAMOUFLAGE,TRADITIONAL_MEDIA,FAKE_NEWS_SOURCE,1.0,-1.0,14.7,-1.0,0.33,0.0,5.0,1.0,COMPLETE,0.141975,0.13906,0.022515,0.01908,0.1507165605095541,0.0239012738853503,0.942,0.1476220806794055,0.0202547770700636,188400,28395,0.665,37,22,23,29,32,1.0,0.141975,,123198,48228,4503,12471,1,2,79
news-source-strategies,RQ3,E3-reach-mitigation,credibility_reach14_7_wom0,1023,CREDIBILITY_CAMOUFLAGE,TRADITIONAL_MEDIA,FAKE_NEWS_SOURCE,1.0,-1.0,14.7,-1.0,0.33,0.0,5.0,1.0,COMPLETE,0.17474,0.1638,0.024815,0.02012,0.1870877944325482,0.02656852248394,0.934,0.1753747323340471,0.0215417558886509,186800,34948,0.7325,37,34,34,34,34,1.0,0.17474,,121030,46109,4963,14698,1,1,2
news-source-strategies,RQ3,E3-reach-mitigation,credibility_reach14_7_wom0,1024,CREDIBILITY_CAMOUFLAGE,TRADITIONAL_MEDIA,FAKE_NEWS_SOURCE,1.0,-1.0,14.7,-1.0,0.33,0.0,5.0,1.0,COMPLETE,0.1490149999999999,0.15158,0.024895,0.01852,0.1585265957446808,0.0264840425531914,0.94,0.1612553191489361,0.0197021276595744,188000,29803,0.6525,48,32,33,34,41,1.0,0.1490149999999999,,118982,53540,4979,10499,1,2,159
news-source-strategies,RQ3,E3-reach-mitigation,credibility_reach14_7_wom0,1025,CREDIBILITY_CAMOUFLAGE,TRADITIONAL_MEDIA,FAKE_NEWS_SOURCE,1.0,-1.0,14.7,-1.0,0.33,0.0,5.0,1.0,COMPLETE,0.1195949999999999,0.1388,0.020815,0.01604,0.1294318181818181,0.0225270562770562,0.924,0.1502164502164502,0.0173593073593073,184800,23919,0.625,36,18,23,27,31,1.0,0.1195949999999999,,118265,51372,4163,11000,1,17,79
news-source-strategies,RQ3,E3-reach-mitigation,credibility_reach14_7_wom0,1026,CREDIBILITY_CAMOUFLAGE,TRADITIONAL_MEDIA,FAKE_NEWS_SOURCE,1.0,-1.0,14.7,-1.0,0.33,0.0,5.0,1.0,COMPLETE,0.1467649999999999,0.14918,0.02842,0.02728,0.15883658008658,0.0307575757575757,0.924,0.1614502164502164,0.0295238095238095,184800,29353,0.6825,39,28,29,30,33,1.0,0.1467649999999999,,118513,47300,5684,13303,1,2,97
news-source-strategies,RQ3,E3-reach-mitigation,credibility_reach14_7_wom0,1027,CREDIBILITY_CAMOUFLAGE,TRADITIONAL_MEDIA,FAKE_NEWS_SOURCE,1.0,-1.0,14.7,-1.0,0.33,0.0,5.0,1.0,COMPLETE,0.1418549999999999,0.1336999999999999,0.022205,0.01886,0.1528609913793103,0.0239278017241379,0.928,0.1440732758620689,0.0203232758620689,185600,28371,0.635,40,30,30,34,38,1.0,0.1418549999999999,,118583,53491,4441,9085,1,1,12
news-source-strategies,RQ3,E3-reach-mitigation,credibility_reach14_7_wom0,1028,CREDIBILITY_CAMOUFLAGE,TRADITIONAL_MEDIA,FAKE_NEWS_SOURCE,1.0,-1.0,14.7,-1.0,0.33,0.0,5.0,1.0,COMPLETE,0.13515,0.13582,0.013865,0.00644,0.1443910256410256,0.0148130341880341,0.936,0.1451068376068376,0.0068803418803418,187200,27030,0.6675,35,24,28,28,31,1.0,0.13515,,125448,47100,2773,11879,1,2,45
news-source-strategies,RQ3,E3-reach-mitigation,credibility_reach14_7_wom0,1029,CREDIBILITY_CAMOUFLAGE,TRADITIONAL_MEDIA,FAKE_NEWS_SOURCE,1.0,-1.0,14.7,-1.0,0.33,0.0,5.0,1.0,COMPLETE,0.146405,0.12978,0.024215,0.0254,0.1560820895522388,0.0258155650319829,0.938,0.1383582089552238,0.0270788912579957,187600,29281,0.6675,46,27,28,31,36,1.0,0.146405,,114257,55873,4843,12627,1,2,146
news-source-strategies,RQ3,E3-reach-mitigation,credibility_reach14_7_wom0,1030,CREDIBILITY_CAMOUFLAGE,TRADITIONAL_MEDIA,FAKE_NEWS_SOURCE,1.0,-1.0,14.7,-1.0,0.33,0.0,5.0,1.0,COMPLETE,0.150825,0.16744,0.01579,0.01314,0.1661068281938326,0.0173898678414096,0.908,0.1844052863436123,0.0144713656387665,181600,30165,0.61,40,23,26,28,34,1.0,0.150825,,114022,53742,3158,10678,1,2,146
news-source-strategies,RQ3,E3-reach-mitigation,credibility_reach14_7_wom1,1001,CREDIBILITY_CAMOUFLAGE,TRADITIONAL_MEDIA,FAKE_NEWS_SOURCE,1.0,-1.0,14.7,-1.0,0.33,1.0,5.0,1.0,COMPLETE,0.0952399999999999,0.06358,0.0023599999999999,0.00056,0.0952600046009662,0.0023604957040978,0.99979,0.06358,0.00056,199958,19048,0.69,97,43,48,79,85,1.0,0.0952399999999999,,192268,5198,472,2020,3,53,77
news-source-strategies,RQ3,E3-reach-mitigation,credibility_reach14_7_wom1,1002,CREDIBILITY_CAMOUFLAGE,TRADITIONAL_MEDIA,FAKE_NEWS_SOURCE,1.0,-1.0,14.7,-1.0,0.33,1.0,5.0,1.0,COMPLETE,0.107295,0.10448,0.00242,0.00134,0.1073159266056881,0.0024204719920384,0.999805,0.10448,0.00134,199961,21459,0.6525,95,35,38,47,91,1.0,0.107295,,194485,2866,484,2126,15,111,145
news-source-strategies,RQ3,E3-reach-mitigation,credibility_reach14_7_wom1,1003,CREDIBILITY_CAMOUFLAGE,TRADITIONAL_MEDIA,FAKE_NEWS_SOURCE,1.0,-1.0,14.7,-1.0,0.33,1.0,5.0,1.0,COMPLETE,0.137045,0.1742199999999999,0.0041849999999999,0.0069,0.137070358016233,0.0041857743682581,0.999815,0.17422,0.0069,199963,27409,0.6725,151,36,45,101,112,1.0,0.137045,,191140,5142,837,2844,30,68,283
news-source-strategies,RQ3,E3-reach-mitigation,credibility_reach14_7_wom1,1004,CREDIBILITY_CAMOUFLAGE,TRADITIONAL_MEDIA,FAKE_NEWS_SOURCE,1.0,-1.0,14.7,-1.0,0.33,1.0,5.0,1.0,COMPLETE,0.094275,0.05262,0.002315,0.0009,0.0942915010126772,0.0023154051959092,0.999825,0.05262,0.0009,199965,18855,0.66,106,40,43,67,101,1.0,0.094275,,194902,2852,463,1748,5,65,179
news-source-strategies,RQ3,E3-reach-mitigation,credibility_reach14_7_wom1,1005,CREDIBILITY_CAMOUFLAGE,TRADITIONAL_MEDIA,FAKE_NEWS_SOURCE,1.0,-1.0,14.7,-1.0,0.33,1.0,5.0,1.0,COMPLETE,0.11311,0.11608,0.003805,0.0028,0.1131303634654237,0.0038056850233041,0.99982,0.11608,0.0028,199964,22622,0.7025,114,60,88,102,111,1.0,0.11311,,194026,2957,761,2220,12,24,46
news-source-strategies,RQ3,E3-reach-mitigation,credibility_reach14_7_wom1,1006,CREDIBILITY_CAMOUFLAGE,TRADITIONAL_MEDIA,FAKE_NEWS_SOURCE,1.0,-1.0,14.7,-1.0,0.33,1.0,5.0,1.0,COMPLETE,0.10531,0.10496,0.00327,0.00346,0.1053273790175379,0.0032705396390404,0.999835,0.10496,0.00346,199967,21062,0.6775,131,36,55,71,85,1.0,0.10531,,194767,2812,654,1734,4,62,279
news-source-strategies,RQ3,E3-reach-mitigation,credibility_reach14_7_wom1,1007,CREDIBILITY_CAMOUFLAGE,TRADITIONAL_MEDIA,FAKE_NEWS_SOURCE,1.0,-1.0,14.7,-1.0,0.33,1.0,5.0,1.0,COMPLETE,0.099155,0.10446,0.00241,0.00198,0.0991678918259373,0.0024103133407342,0.99987,0.10446,0.00198,199974,19831,0.6675,101,29,29,32,65,1.0,0.099155,,194417,3244,482,1831,3,119,264
news-source-strategies,RQ3,E3-reach-mitigation,credibility_reach14_7_wom1,1008,CREDIBILITY_CAMOUFLAGE,TRADITIONAL_MEDIA,FAKE_NEWS_SOURCE,1.0,-1.0,14.7,-1.0,0.33,1.0,5.0,1.0,COMPLETE,0.10675,0.10436,0.00245,0.0028399999999999,0.1067692184593226,0.0024504410793942,0.99982,0.10436,0.00284,199964,21350,0.655,83,47,50,60,64,1.0,0.10675,,194354,2823,490,2297,1,3,179
news-source-strategies,RQ3,E3-reach-mitigation,credibility_reach14_7_wom1,1009,CREDIBILITY_CAMOUFLAGE,TRADITIONAL_MEDIA,FAKE_NEWS_SOURCE,1.0,-1.0,14.7,-1.0,0.33,1.0,5.0,1.0,COMPLETE,0.094535,0.07426,0.00229,0.00222,0.0945515465206411,0.0022904008201435,0.999825,0.07426,0.00222,199965,18907,0.6975,84,32,35,37,67,1.0,0.094535,,192577,4850,458,2080,2,115,173
news-source-strategies,RQ3,E3-reach-mitigation,credibility_reach14_7_wom1,1010,CREDIBILITY_CAMOUFLAGE,TRADITIONAL_MEDIA,FAKE_NEWS_SOURCE,1.0,-1.0,14.7,-1.0,0.33,1.0,5.0,1.0,COMPLETE,0.1235199999999999,0.14916,0.00398,0.00512,0.1235484161357112,0.0039809156105904,0.99977,0.14916,0.00512,199954,24704,0.675,128,56,64,73,82,1.0,0.1235199999999999,,192878,4045,796,2235,4,34,266
news-source-strategies,RQ3,E3-reach-mitigation,credibility_reach14_7_wom1,1011,CREDIBILITY_CAMOUFLAGE,TRADITIONAL_MEDIA,FAKE_NEWS_SOURCE,1.0,-1.0,14.7,-1.0,0.33,1.0,5.0,1.0,COMPLETE,0.0954899999999999,0.07296,0.00335,0.00134,0.0955024153139908,0.0033504355566223,0.99987,0.07296,0.00134,199974,19098,0.675,136,74,85,107,125,1.0,0.0954899999999999,,193142,3627,670,2535,3,12,75
news-source-strategies,RQ3,E3-reach-mitigation,credibility_reach14_7_wom1,1012,CREDIBILITY_CAMOUFLAGE,TRADITIONAL_MEDIA,FAKE_NEWS_SOURCE,1.0,-1.0,14.7,-1.0,0.33,1.0,5.0,1.0,COMPLETE,0.096435,0.0852,0.003025,0.0012,0.096450432069131,0.0030254840774523,0.99984,0.0852,0.0012,199968,19287,0.68,118,37,60,88,97,1.0,0.096435,,193033,3588,605,2742,8,42,106
news-source-strategies,RQ3,E3-reach-mitigation,credibility_reach14_7_wom1,1013,CREDIBILITY_CAMOUFLAGE,TRADITIONAL_MEDIA,FAKE_NEWS_SOURCE,1.0,-1.0,14.7,-1.0,0.33,1.0,5.0,1.0,COMPLETE,0.082345,0.07106,0.001445,0.00074,0.0823528235182342,0.0014451372880423,0.999905,0.07106,0.00074,199981,16469,0.6525,66,37,40,47,60,1.0,0.082345,,196063,2146,289,1483,1,5,131
news-source-strategies,RQ3,E3-reach-mitigation,credibility_reach14_7_wom1,1014,CREDIBILITY_CAMOUFLAGE,TRADITIONAL_MEDIA,FAKE_NEWS_SOURCE,1.0,-1.0,14.7,-1.0,0.33,1.0,5.0,1.0,COMPLETE,0.099885,0.11832,0.00277,0.00242,0.0999009841574651,0.0027704432709233,0.99984,0.11832,0.00242,199968,19977,0.635,114,38,60,75,90,1.0,0.099885,,194562,3015,554,1837,2,44,181
news-source-strategies,RQ3,E3-reach-mitigation,credibility_reach14_7_wom1,1015,CREDIBILITY_CAMOUFLAGE,TRADITIONAL_MEDIA,FAKE_NEWS_SOURCE,1.0,-1.0,14.7,-1.0,0.33,1.0,5.0,1.0,COMPLETE,0.113355,0.14864,0.00398,0.0085399999999999,0.1133742736265165,0.0039806767150415,0.99983,0.14864,0.00854,199966,22671,0.6275,157,37,50,58,65,1.0,0.113355,,192383,4136,796,2651,27,215,376
news-source-strategies,RQ3,E3-reach-mitigation,credibility_reach14_7_wom1,1016,CREDIBILITY_CAMOUFLAGE,TRADITIONAL_MEDIA,FAKE_NEWS_SOURCE,1.0,-1.0,14.7,-1.0,0.33,1.0,5.0,1.0,COMPLETE,0.08289,0.0527,0.0017649999999999,0.0006,0.0829065813162632,0.0017653530706141,0.9998,0.0527,0.0006,199960,16578,0.6275,82,40,50,59,77,1.0,0.08289,,196124,2115,353,1368,2,26,125
news-source-strategies,RQ3,E3-reach-mitigation,credibility_reach14_7_wom1,1017,CREDIBILITY_CAMOUFLAGE,TRADITIONAL_MEDIA,FAKE_NEWS_SOURCE,1.0,-1.0,14.7,-1.0,0.33,1.0,5.0,1.0,COMPLETE,0.1077399999999999,0.16138,0.002375,0.00298,0.1077572411585853,0.0023753800608097,0.99984,0.16138,0.00298,199968,21548,0.6425,103,41,42,71,86,1.0,0.1077399999999999,,193925,3420,475,2148,12,86,118
news-source-strategies,RQ3,E3-reach-mitigation,credibility_reach14_7_wom1,1018,CREDIBILITY_CAMOUFLAGE,TRADITIONAL_MEDIA,FAKE_NEWS_SOURCE,1.0,-1.0,14.7,-1.0,0.33,1.0,5.0,1.0,COMPLETE,0.0804449999999999,0.0622599999999999,0.00186,0.0007199999999999,0.0804639090186193,0.0018604372027426,0.999765,0.06226,0.00072,199953,16089,0.68,93,29,36,46,67,1.0,0.0804449999999999,,195408,2349,372,1824,3,102,204
news-source-strategies,RQ3,E3-reach-mitigation,credibility_reach14_7_wom1,1019,CREDIBILITY_CAMOUFLAGE,TRADITIONAL_MEDIA,FAKE_NEWS_SOURCE,1.0,-1.0,14.7,-1.0,0.33,1.0,5.0,1.0,COMPLETE,0.09726,0.0953799999999999,0.001805,0.00186,0.0972779964293394,0.0018053339867875,0.999815,0.09538,0.00186,199963,19452,0.66,85,34,37,42,47,1.0,0.09726,,195246,2331,361,2025,3,110,244
news-source-strategies,RQ3,E3-reach-mitigation,credibility_reach14_7_wom1,1020,CREDIBILITY_CAMOUFLAGE,TRADITIONAL_MEDIA,FAKE_NEWS_SOURCE,1.0,-1.0,14.7,-1.0,0.33,1.0,5.0,1.0,COMPLETE,0.086515,0.11402,0.001905,0.00242,0.0865275464942416,0.0019052762650584,0.999855,0.11402,0.00242,199971,17303,0.6575,79,32,32,37,52,1.0,0.086515,,196316,1907,381,1367,2,125,255
news-source-strategies,RQ3,E3-reach-mitigation,credibility_reach14_7_wom1,1021,CREDIBILITY_CAMOUFLAGE,TRADITIONAL_MEDIA,FAKE_NEWS_SOURCE,1.0,-1.0,14.7,-1.0,0.33,1.0,5.0,1.0,COMPLETE,0.108065,0.0925199999999999,0.00206,0.00086,0.1080876984166675,0.002060432690865,0.99979,0.09252,0.00086,199958,21613,0.6525,76,41,44,62,66,1.0,0.108065,,195399,2173,412,1974,2,8,87
news-source-strategies,RQ3,E3-reach-mitigation,credibility_reach14_7_wom1,1022,CREDIBILITY_CAMOUFLAGE,TRADITIONAL_MEDIA,FAKE_NEWS_SOURCE,1.0,-1.0,14.7,-1.0,0.33,1.0,5.0,1.0,COMPLETE,0.08773,0.09722,0.002415,0.00274,0.0877427226947907,0.0024153502257827,0.999855,0.09722,0.00274,199971,17546,0.675,122,27,27,34,94,1.0,0.08773,,195149,2813,483,1526,68,138,160
news-source-strategies,RQ3,E3-reach-mitigation,credibility_reach14_7_wom1,1023,CREDIBILITY_CAMOUFLAGE,TRADITIONAL_MEDIA,FAKE_NEWS_SOURCE,1.0,-1.0,14.7,-1.0,0.33,1.0,5.0,1.0,COMPLETE,0.083235,0.06246,0.002005,0.0008399999999999,0.0832487360414468,0.0020053308795951,0.999835,0.06246,0.00084,199967,16647,0.68,93,46,73,79,88,1.0,0.083235,,194839,2766,401,1961,1,28,46
news-source-strategies,RQ3,E3-reach-mitigation,credibility_reach14_7_wom1,1024,CREDIBILITY_CAMOUFLAGE,TRADITIONAL_MEDIA,FAKE_NEWS_SOURCE,1.0,-1.0,14.7,-1.0,0.33,1.0,5.0,1.0,COMPLETE,0.10349,0.09366,0.003495,0.00244,0.1035055258288743,0.0034955243286492,0.99985,0.09366,0.00244,199970,20698,0.635,128,74,81,89,113,1.0,0.10349,,191192,5572,699,2507,7,18,108
news-source-strategies,RQ3,E3-reach-mitigation,credibility_reach14_7_wom1,1025,CREDIBILITY_CAMOUFLAGE,TRADITIONAL_MEDIA,FAKE_NEWS_SOURCE,1.0,-1.0,14.7,-1.0,0.33,1.0,5.0,1.0,COMPLETE,0.09569,0.15796,0.002325,0.00598,0.0957081845550654,0.0023254418339484,0.99981,0.15796,0.00598,199962,19138,0.69,112,14,14,27,35,1.0,0.09569,,195873,2105,465,1519,111,345,383
news-source-strategies,RQ3,E3-reach-mitigation,credibility_reach14_7_wom1,1026,CREDIBILITY_CAMOUFLAGE,TRADITIONAL_MEDIA,FAKE_NEWS_SOURCE,1.0,-1.0,14.7,-1.0,0.33,1.0,5.0,1.0,COMPLETE,0.105985,0.0859,0.00297,0.00196,0.1060051409767856,0.0029705644072373,0.99981,0.0859,0.00196,199962,21197,0.665,107,37,60,70,72,1.0,0.105985,,191895,4761,594,2712,5,43,267
news-source-strategies,RQ3,E3-reach-mitigation,credibility_reach14_7_wom1,1027,CREDIBILITY_CAMOUFLAGE,TRADITIONAL_MEDIA,FAKE_NEWS_SOURCE,1.0,-1.0,14.7,-1.0,0.33,1.0,5.0,1.0,COMPLETE,0.08984,0.0218,0.0022,0.00064,0.08985617411134,0.0022003960712928,0.99982,0.0218,0.00064,199964,17968,0.6775,99,40,55,67,80,1.0,0.08984,,196470,1887,440,1167,2,49,116
news-source-strategies,RQ3,E3-reach-mitigation,credibility_reach14_7_wom1,1028,CREDIBILITY_CAMOUFLAGE,TRADITIONAL_MEDIA,FAKE_NEWS_SOURCE,1.0,-1.0,14.7,-1.0,0.33,1.0,5.0,1.0,COMPLETE,0.094415,0.1029,0.00109,0.0008,0.0944301088174107,0.0010901744279084,0.99984,0.1029,0.0008,199968,18883,0.665,53,24,28,30,39,1.0,0.094415,,196421,2033,218,1296,2,35,225
news-source-strategies,RQ3,E3-reach-mitigation,credibility_reach14_7_wom1,1029,CREDIBILITY_CAMOUFLAGE,TRADITIONAL_MEDIA,FAKE_NEWS_SOURCE,1.0,-1.0,14.7,-1.0,0.33,1.0,5.0,1.0,COMPLETE,0.058595,0.10524,0.001405,0.00102,0.0586040836329631,0.0014052178087603,0.999845,0.10524,0.00102,199969,11719,0.6775,81,54,57,60,69,1.0,0.058595,,196489,1916,281,1283,2,5,123
news-source-strategies,RQ3,E3-reach-mitigation,credibility_reach14_7_wom1,1030,CREDIBILITY_CAMOUFLAGE,TRADITIONAL_MEDIA,FAKE_NEWS_SOURCE,1.0,-1.0,14.7,-1.0,0.33,1.0,5.0,1.0,COMPLETE,0.10313,0.07252,0.00263,0.00122,0.103153725356832,0.002630605039159,0.99977,0.07252,0.00122,199954,20626,0.6575,107,36,71,80,97,1.0,0.10313,,192159,4919,526,2350,4,34,132
news-source-strategies,RQ3,E3-reach-mitigation,credibility_reach10_0_wom0,1001,CREDIBILITY_CAMOUFLAGE,TRADITIONAL_MEDIA,FAKE_NEWS_SOURCE,1.0,-1.0,10.0,-1.0,0.33,0.0,5.0,1.0,COMPLETE,0.1723849999999999,0.1554799999999999,0.0151899999999999,0.01216,0.1886050328227571,0.0166192560175054,0.914,0.1701094091903719,0.0133041575492341,182800,34477,0.7,24,14,14,16,22,1.0,0.1723849999999999,,113376,55347,3038,11039,1,2,120
news-source-strategies,RQ3,E3-reach-mitigation,credibility_reach10_0_wom0,1002,CREDIBILITY_CAMOUFLAGE,TRADITIONAL_MEDIA,FAKE_NEWS_SOURCE,1.0,-1.0,10.0,-1.0,0.33,0.0,5.0,1.0,COMPLETE,0.1386349999999999,0.14742,0.013365,0.013,0.1520120614035087,0.0146546052631578,0.912,0.1616447368421052,0.0142543859649122,182400,27727,0.6425,24,18,18,18,20,1.0,0.1386349999999999,,121863,47250,2673,10614,1,1,13
news-source-strategies,RQ3,E3-reach-mitigation,credibility_reach10_0_wom0,1003,CREDIBILITY_CAMOUFLAGE,TRADITIONAL_MEDIA,FAKE_NEWS_SOURCE,1.0,-1.0,10.0,-1.0,0.33,0.0,5.0,1.0,COMPLETE,0.1327249999999999,0.11106,0.012505,0.01034,0.1445806100217865,0.0136220043572984,0.918,0.1209803921568627,0.0112636165577342,183600,26545,0.67,27,15,17,20,23,1.0,0.1327249999999999,,116876,54191,2501,10032,2,3,114
news-source-strategies,RQ3,E3-reach-mitigation,credibility_reach10_0_wom0,1004,CREDIBILITY_CAMOUFLAGE,TRADITIONAL_MEDIA,FAKE_NEWS_SOURCE,1.0,-1.0,10.0,-1.0,0.33,0.0,5.0,1.0,COMPLETE,0.124465,0.11342,0.00833,0.00682,0.1338333333333333,0.0089569892473118,0.93,0.1219569892473118,0.0073333333333333,186000,24893,0.655,27,12,13,15,18,1.0,0.124465,,116265,55298,1666,12771,1,77,262
news-source-strategies,RQ3,E3-reach-mitigation,credibility_reach10_0_wom0,1005,CREDIBILITY_CAMOUFLAGE,TRADITIONAL_MEDIA,FAKE_NEWS_SOURCE,1.0,-1.0,10.0,-1.0,0.33,0.0,5.0,1.0,COMPLETE,0.14639,0.1731,0.0133949999999999,0.01188,0.1587744034707158,0.0145281995661605,0.922,0.1877440347071583,0.0128850325379609,184400,29278,0.6475,22,17,18,18,18,1.0,0.14639,,116566,52128,2679,13027,1,1,14
news-source-strategies,RQ3,E3-reach-mitigation,credibility_reach10_0_wom0,1006,CREDIBILITY_CAMOUFLAGE,TRADITIONAL_MEDIA,FAKE_NEWS_SOURCE,1.0,-1.0,10.0,-1.0,0.33,0.0,5.0,1.0,COMPLETE,0.140745,0.1366399999999999,0.020665,0.02154,0.1513387096774193,0.0222204301075268,0.93,0.1469247311827957,0.0231612903225806,186000,28149,0.705,36,24,27,29,34,1.0,0.140745,,118087,51498,4133,12282,1,3,43
news-source-strategies,RQ3,E3-reach-mitigation,credibility_reach10_0_wom0,1007,CREDIBILITY_CAMOUFLAGE,TRADITIONAL_MEDIA,FAKE_NEWS_SOURCE,1.0,-1.0,10.0,-1.0,0.33,0.0,5.0,1.0,COMPLETE,0.15565,0.19812,0.01802,0.01576,0.1641877637130801,0.0190084388185654,0.948,0.2089873417721519,0.0166244725738396,189600,31130,0.6825,27,24,24,24,27,1.0,0.15565,,124690,48967,3604,12339,1,1,3
news-source-strategies,RQ3,E3-reach-mitigation,credibility_reach10_0_wom0,1008,CREDIBILITY_CAMOUFLAGE,TRADITIONAL_MEDIA,FAKE_NEWS_SOURCE,1.0,-1.0,10.0,-1.0,0.33,0.0,5.0,1.0,COMPLETE,0.132965,0.13128,0.0238,0.02352,0.1439015151515151,0.0257575757575757,0.924,0.142077922077922,0.0254545454545454,184800,26593,0.64,35,25,27,28,32,1.0,0.132965,,118573,48162,4760,13305,1,1,41
news-source-strategies,RQ3,E3-reach-mitigation,credibility_reach10_0_wom0,1009,CREDIBILITY_CAMOUFLAGE,TRADITIONAL_MEDIA,FAKE_NEWS_SOURCE,1.0,-1.0,10.0,-1.0,0.33,0.0,5.0,1.0,COMPLETE,0.13688,0.15192,0.015595,0.01164,0.1478185745140388,0.016841252699784,0.926,0.164060475161987,0.0125701943844492,185200,27376,0.6475,23,19,19,19,21,1.0,0.13688,,119761,48997,3119,13323,1,2,3
news-source-strategies,RQ3,E3-reach-mitigation,credibility_reach10_0_wom0,1010,CREDIBILITY_CAMOUFLAGE,TRADITIONAL_MEDIA,FAKE_NEWS_SOURCE,1.0,-1.0,10.0,-1.0,0.33,0.0,5.0,1.0,COMPLETE,0.153635,0.1682,0.02177,0.01994,0.1703270509977827,0.0241352549889135,0.902,0.1864745011086474,0.0221064301552106,180400,30727,0.6675,27,18,20,21,23,1.0,0.153635,,114166,50067,4354,11813,1,2,57
news-source-strategies,RQ3,E3-reach-mitigation,credibility_reach10_0_wom0,1011,CREDIBILITY_CAMOUFLAGE,TRADITIONAL_MEDIA,FAKE_NEWS_SOURCE,1.0,-1.0,10.0,-1.0,0.33,0.0,5.0,1.0,COMPLETE,0.1661,0.14178,0.01661,0.01504,0.1763269639065817,0.0176326963906581,0.942,0.1505095541401274,0.0159660297239915,188400,33220,0.68,28,21,23,25,26,1.0,0.1661,,121018,50316,3322,13744,1,2,24
news-source-strategies,RQ3,E3-reach-mitigation,credibility_reach10_0_wom0,1012,CREDIBILITY_CAMOUFLAGE,TRADITIONAL_MEDIA,FAKE_NEWS_SOURCE,1.0,-1.0,10.0,-1.0,0.33,0.0,5.0,1.0,COMPLETE,0.1566,0.1393,0.015015,0.01498,0.1680257510729613,0.0161105150214592,0.932,0.1494635193133047,0.0160729613733905,186400,31320,0.6525,28,16,17,18,21,1.0,0.1566,,119378,51084,3003,12935,1,2,200
news-source-strategies,RQ3,E3-reach-mitigation,credibility_reach10_0_wom0,1013,CREDIBILITY_CAMOUFLAGE,TRADITIONAL_MEDIA,FAKE_NEWS_SOURCE,1.0,-1.0,10.0,-1.0,0.33,0.0,5.0,1.0,COMPLETE,0.135855,0.1376,0.017075,0.01112,0.1412214137214137,0.0177494802494802,0.962,0.143035343035343,0.0115592515592515,192400,27171,0.6275,32,22,25,27,28,1.0,0.135855,,124756,50024,3415,14205,1,2,42
news-source-strategies,RQ3,E3-reach-mitigation,credibility_reach10_0_wom0,1014,CREDIBILITY_CAMOUFLAGE,TRADITIONAL_MEDIA,FAKE_NEWS_SOURCE,1.0,-1.0,10.0,-1.0,0.33,0.0,5.0,1.0,COMPLETE,0.14892,0.13832,0.02473,0.0220199999999999,0.1597854077253218,0.0265343347639484,0.932,0.1484120171673819,0.02362660944206,186400,29784,0.6725,35,23,24,26,31,1.0,0.14892,,122153,48622,4946,10679,1,2,110
news-source-strategies,RQ3,E3-reach-mitigation,credibility_reach10_0_wom0,1015,CREDIBILITY_CAMOUFLAGE,TRADITIONAL_MEDIA,FAKE_NEWS_SOURCE,1.0,-1.0,10.0,-1.0,0.33,0.0,5.0,1.0,COMPLETE,0.1366049999999999,0.11216,0.01677,0.0126,0.147840909090909,0.0181493506493506,0.924,0.1213852813852813,0.0136363636363636,184800,27321,0.6875,35,26,26,28,30,1.0,0.1366049999999999,,117417,49706,3354,14323,1,2,57
news-source-strategies,RQ3,E3-reach-mitigation,credibility_reach10_0_wom0,1016,CREDIBILITY_CAMOUFLAGE,TRADITIONAL_MEDIA,FAKE_NEWS_SOURCE,1.0,-1.0,10.0,-1.0,0.33,0.0,5.0,1.0,COMPLETE,0.13907,0.1365,0.018275,0.01432,0.1518231441048035,0.0199508733624454,0.916,0.1490174672489083,0.0156331877729257,183200,27814,0.6675,32,24,25,25,28,1.0,0.13907,,123390,45894,3655,10261,1,1,3
news-source-strategies,RQ3,E3-reach-mitigation,credibility_reach10_0_wom0,1017,CREDIBILITY_CAMOUFLAGE,TRADITIONAL_MEDIA,FAKE_NEWS_SOURCE,1.0,-1.0,10.0,-1.0,0.33,0.0,5.0,1.0,COMPLETE,0.142175,0.14828,0.016815,0.01428,0.1525482832618026,0.0180418454935622,0.932,0.1590987124463519,0.0153218884120171,186400,28435,0.62,29,18,19,22,27,1.0,0.142175,,121380,49983,3363,11674,1,2,92
news-source-strategies,RQ3,E3-reach-mitigation,credibility_reach10_0_wom0,1018,CREDIBILITY_CAMOUFLAGE,TRADITIONAL_MEDIA,FAKE_NEWS_SOURCE,1.0,-1.0,10.0,-1.0,0.33,0.0,5.0,1.0,COMPLETE,0.157005,0.19728,0.017185,0.0160799999999999,0.1732947019867549,0.0189679911699779,0.906,0.2177483443708609,0.0177483443708609,181200,31401,0.6625,33,21,21,25,27,1.0,0.157005,,107230,56304,3437,14229,1,2,79
news-source-strategies,RQ3,E3-reach-mitigation,credibility_reach10_0_wom0,1019,CREDIBILITY_CAMOUFLAGE,TRADITIONAL_MEDIA,FAKE_NEWS_SOURCE,1.0,-1.0,10.0,-1.0,0.33,0.0,5.0,1.0,COMPLETE,0.1263,0.1245,0.00228,0.00038,0.1369848156182212,0.0024728850325379,0.922,0.1350325379609544,0.0004121475054229,184400,25260,0.6475,24,14,16,18,20,1.0,0.1263,,122022,50148,456,11774,1,2,52
news-source-strategies,RQ3,E3-reach-mitigation,credibility_reach10_0_wom0,1020,CREDIBILITY_CAMOUFLAGE,TRADITIONAL_MEDIA,FAKE_NEWS_SOURCE,1.0,-1.0,10.0,-1.0,0.33,0.0,5.0,1.0,COMPLETE,0.127475,0.1559799999999999,0.007895,0.0066,0.1359008528784648,0.0084168443496801,0.938,0.1662899786780383,0.0070362473347547,187600,25495,0.6575,30,13,18,20,26,1.0,0.127475,,117778,54868,1579,13375,2,36,137
news-source-strategies,RQ3,E3-reach-mitigation,credibility_reach10_0_wom0,1021,CREDIBILITY_CAMOUFLAGE,TRADITIONAL_MEDIA,FAKE_NEWS_SOURCE,1.0,-1.0,10.0,-1.0,0.33,0.0,5.0,1.0,COMPLETE,0.1403549999999999,0.1415,0.015535,0.01448,0.1538980263157894,0.0170339912280701,0.912,0.1551535087719298,0.0158771929824561,182400,28071,0.6975,34,23,26,28,31,1.0,0.1403549999999999,,121513,46166,3107,11614,1,2,43
news-source-strategies,RQ3,E3-reach-mitigation,credibility_reach10_0_wom0,1022,CREDIBILITY_CAMOUFLAGE,TRADITIONAL_MEDIA,FAKE_NEWS_SOURCE,1.0,-1.0,10.0,-1.0,0.33,0.0,5.0,1.0,COMPLETE,0.14462,0.1812,0.015035,0.01262,0.1538510638297872,0.0159946808510638,0.94,0.1927659574468085,0.0134255319148936,188000,28924,0.7,23,16,18,18,21,1.0,0.14462,,127057,47266,3007,10670,1,2,34
news-source-strategies,RQ3,E3-reach-mitigation,credibility_reach10_0_wom0,1023,CREDIBILITY_CAMOUFLAGE,TRADITIONAL_MEDIA,FAKE_NEWS_SOURCE,1.0,-1.0,10.0,-1.0,0.33,0.0,5.0,1.0,COMPLETE,0.1345049999999999,0.1384,0.013085,0.0134399999999999,0.1452537796976241,0.0141306695464362,0.926,0.1494600431965442,0.0145140388768898,185200,26901,0.6475,25,19,19,19,20,1.0,0.1345049999999999,,119969,49200,2617,13414,1,1,3
news-source-strategies,RQ3,E3-reach-mitigation,credibility_reach10_0_wom0,1024,CREDIBILITY_CAMOUFLAGE,TRADITIONAL_MEDIA,FAKE_NEWS_SOURCE,1.0,-1.0,10.0,-1.0,0.33,0.0,5.0,1.0,COMPLETE,0.145565,0.14434,0.01726,0.01196,0.1555181623931624,0.0184401709401709,0.936,0.1542094017094017,0.0127777777777777,187200,29113,0.64,34,26,28,30,33,1.0,0.145565,,116634,54323,3452,12791,1,1,5
news-source-strategies,RQ3,E3-reach-mitigation,credibility_reach10_0_wom0,1025,CREDIBILITY_CAMOUFLAGE,TRADITIONAL_MEDIA,FAKE_NEWS_SOURCE,1.0,-1.0,10.0,-1.0,0.33,0.0,5.0,1.0,COMPLETE,0.11681,0.13698,0.0152,0.01284,0.1264177489177489,0.0164502164502164,0.924,0.1482467532467532,0.0138961038961038,184800,23362,0.625,25,12,14,18,21,1.0,0.11681,,118806,51951,3040,11003,1,39,103
news-source-strategies,RQ3,E3-reach-mitigation,credibility_reach10_0_wom0,1026,CREDIBILITY_CAMOUFLAGE,TRADITIONAL_MEDIA,FAKE_NEWS_SOURCE,1.0,-1.0,10.0,-1.0,0.33,0.0,5.0,1.0,COMPLETE,0.1219099999999999,0.09354,0.017785,0.01716,0.1322234273318872,0.0192895878524945,0.922,0.1014533622559653,0.0186117136659436,184400,24382,0.645,26,18,19,20,24,1.0,0.1219099999999999,,121994,46689,3557,12160,1,2,97
news-source-strategies,RQ3,E3-reach-mitigation,credibility_reach10_0_wom0,1027,CREDIBILITY_CAMOUFLAGE,TRADITIONAL_MEDIA,FAKE_NEWS_SOURCE,1.0,-1.0,10.0,-1.0,0.33,0.0,5.0,1.0,COMPLETE,0.137045,0.10636,0.0186099999999999,0.01646,0.1483170995670995,0.0201406926406926,0.924,0.1151082251082251,0.0178138528138528,184800,27409,0.68,38,24,25,25,31,1.0,0.137045,,117560,52728,3722,10790,1,2,191
news-source-strategies,RQ3,E3-reach-mitigation,credibility_reach10_0_wom0,1028,CREDIBILITY_CAMOUFLAGE,TRADITIONAL_MEDIA,FAKE_NEWS_SOURCE,1.0,-1.0,10.0,-1.0,0.33,0.0,5.0,1.0,COMPLETE,0.13179,0.13384,0.00562,0.00272,0.140801282051282,0.0060042735042735,0.936,0.142991452991453,0.0029059829059829,187200,26358,0.6675,20,13,16,16,17,1.0,0.13179,,125793,47979,1124,12304,1,2,40
news-source-strategies,RQ3,E3-reach-mitigation,credibility_reach10_0_wom0,1029,CREDIBILITY_CAMOUFLAGE,TRADITIONAL_MEDIA,FAKE_NEWS_SOURCE,1.0,-1.0,10.0,-1.0,0.33,0.0,5.0,1.0,COMPLETE,0.14116,0.10614,0.01589,0.01126,0.1517849462365591,0.0170860215053763,0.93,0.1141290322580645,0.0121075268817204,186000,28232,0.705,29,19,19,21,24,1.0,0.14116,,122023,50801,3178,9998,1,3,114
news-source-strategies,RQ3,E3-reach-mitigation,credibility_reach10_0_wom0,1030,CREDIBILITY_CAMOUFLAGE,TRADITIONAL_MEDIA,FAKE_NEWS_SOURCE,1.0,-1.0,10.0,-1.0,0.33,0.0,5.0,1.0,COMPLETE,0.1489,0.16662,0.012945,0.01294,0.1639867841409691,0.0142566079295154,0.908,0.1835022026431718,0.0142511013215859,181600,29780,0.61,25,13,15,17,22,1.0,0.1489,,114825,53826,2589,10360,1,4,166
news-source-strategies,RQ3,E3-reach-mitigation,credibility_reach10_0_wom1,1001,CREDIBILITY_CAMOUFLAGE,TRADITIONAL_MEDIA,FAKE_NEWS_SOURCE,1.0,-1.0,10.0,-1.0,0.33,1.0,5.0,1.0,COMPLETE,0.14032,0.16474,0.003755,0.0067199999999999,0.1403501752876868,0.0037558074986122,0.999785,0.16474,0.00672,199957,28064,0.65,114,40,47,51,53,1.0,0.14032,,183566,11408,751,4232,21,271,331
news-source-strategies,RQ3,E3-reach-mitigation,credibility_reach10_0_wom1,1002,CREDIBILITY_CAMOUFLAGE,TRADITIONAL_MEDIA,FAKE_NEWS_SOURCE,1.0,-1.0,10.0,-1.0,0.33,1.0,5.0,1.0,COMPLETE,0.093715,0.0734399999999999,0.001455,0.0003,0.0937356218368041,0.0014553201704374,0.99978,0.07344,0.0003,199956,18743,0.6725,60,37,39,46,54,1.0,0.093715,,193581,3711,291,2373,2,10,73
news-source-strategies,RQ3,E3-reach-mitigation,credibility_reach10_0_wom1,1003,CREDIBILITY_CAMOUFLAGE,TRADITIONAL_MEDIA,FAKE_NEWS_SOURCE,1.0,-1.0,10.0,-1.0,0.33,1.0,5.0,1.0,COMPLETE,0.121235,0.1645,0.00231,0.00622,0.1212598582709455,0.0023104736470976,0.999795,0.1645,0.00622,199959,24247,0.655,100,23,23,27,36,1.0,0.121235,,190908,5926,462,2663,64,339,346
news-source-strategies,RQ3,E3-reach-mitigation,credibility_reach10_0_wom1,1004,CREDIBILITY_CAMOUFLAGE,TRADITIONAL_MEDIA,FAKE_NEWS_SOURCE,1.0,-1.0,10.0,-1.0,0.33,1.0,5.0,1.0,COMPLETE,0.0937399999999999,0.05244,0.001635,0.0007,0.0937564073712899,0.0016352861750806,0.999825,0.05244,0.0007,199965,18748,0.66,79,30,32,50,76,1.0,0.0937399999999999,,195095,2825,327,1718,5,64,179
news-source-strategies,RQ3,E3-reach-mitigation,credibility_reach10_0_wom1,1005,CREDIBILITY_CAMOUFLAGE,TRADITIONAL_MEDIA,FAKE_NEWS_SOURCE,1.0,-1.0,10.0,-1.0,0.33,1.0,5.0,1.0,COMPLETE,0.0954749999999999,0.1062,0.00108,0.00108,0.0954936212561449,0.001080210641075,0.999805,0.1062,0.00108,199961,19095,0.6825,49,32,34,36,38,1.0,0.0954749999999999,,194088,2972,216,2685,1,6,110
news-source-strategies,RQ3,E3-reach-mitigation,credibility_reach10_0_wom1,1006,CREDIBILITY_CAMOUFLAGE,TRADITIONAL_MEDIA,FAKE_NEWS_SOURCE,1.0,-1.0,10.0,-1.0,0.33,1.0,5.0,1.0,COMPLETE,0.078665,0.0828199999999999,0.00151,0.0008,0.0786787687845372,0.0015102642962518,0.999825,0.08282,0.0008,199965,15733,0.6625,76,22,24,45,55,1.0,0.078665,,196541,1703,302,1419,2,64,211
news-source-strategies,RQ3,E3-reach-mitigation,credibility_reach10_0_wom1,1007,CREDIBILITY_CAMOUFLAGE,TRADITIONAL_MEDIA,FAKE_NEWS_SOURCE,1.0,-1.0,10.0,-1.0,0.33,1.0,5.0,1.0,COMPLETE,0.09868,0.10382,0.0016899999999999,0.00112,0.0986928300679088,0.0016902197285647,0.99987,0.10382,0.00112,199974,19736,0.6675,72,19,19,22,51,1.0,0.09868,,194599,3193,338,1844,3,117,238
news-source-strategies,RQ3,E3-reach-mitigation,credibility_reach10_0_wom1,1008,CREDIBILITY_CAMOUFLAGE,TRADITIONAL_MEDIA,FAKE_NEWS_SOURCE,1.0,-1.0,10.0,-1.0,0.33,1.0,5.0,1.0,COMPLETE,0.1221299999999999,0.13676,0.002075,0.0019199999999999,0.1221532091097308,0.0020753943249217,0.99981,0.13676,0.00192,199962,24426,0.68,69,48,51,57,60,1.0,0.1221299999999999,,191958,4643,415,2946,1,11,66
news-source-strategies,RQ3,E3-reach-mitigation,credibility_reach10_0_wom1,1009,CREDIBILITY_CAMOUFLAGE,TRADITIONAL_MEDIA,FAKE_NEWS_SOURCE,1.0,-1.0,10.0,-1.0,0.33,1.0,5.0,1.0,COMPLETE,0.077635,0.06384,0.00141,0.0016799999999999,0.0776493651325495,0.0014102608982661,0.999815,0.06384,0.00168,199963,15527,0.66,79,30,46,47,57,1.0,0.077635,,196034,2086,282,1561,6,29,299
news-source-strategies,RQ3,E3-reach-mitigation,credibility_reach10_0_wom1,1010,CREDIBILITY_CAMOUFLAGE,TRADITIONAL_MEDIA,FAKE_NEWS_SOURCE,1.0,-1.0,10.0,-1.0,0.33,1.0,5.0,1.0,COMPLETE,0.10374,0.09478,0.0024,0.00186,0.1037654225285194,0.0024005881440953,0.999755,0.09478,0.00186,199951,20748,0.6525,100,21,26,29,62,1.0,0.10374,,195541,2225,480,1705,46,168,235
news-source-strategies,RQ3,E3-reach-mitigation,credibility_reach10_0_wom1,1011,CREDIBILITY_CAMOUFLAGE,TRADITIONAL_MEDIA,FAKE_NEWS_SOURCE,1.0,-1.0,10.0,-1.0,0.33,1.0,5.0,1.0,COMPLETE,0.081735,0.0933799999999999,0.00124,0.00124,0.0817468532937275,0.0012401798260747,0.999855,0.09338,0.00124,199971,16347,0.6375,54,28,29,32,39,1.0,0.081735,,196348,1818,248,1557,2,7,216
news-source-strategies,RQ3,E3-reach-mitigation,credibility_reach10_0_wom1,1012,CREDIBILITY_CAMOUFLAGE,TRADITIONAL_MEDIA,FAKE_NEWS_SOURCE,1.0,-1.0,10.0,-1.0,0.33,1.0,5.0,1.0,COMPLETE,0.114265,0.11602,0.0028599999999999,0.00178,0.1142844283528199,0.002860486282668,0.99983,0.11602,0.00178,199966,22853,0.7125,92,21,21,23,79,1.0,0.114265,,191770,4544,572,3080,97,185,192
news-source-strategies,RQ3,E3-reach-mitigation,credibility_reach10_0_wom1,1013,CREDIBILITY_CAMOUFLAGE,TRADITIONAL_MEDIA,FAKE_NEWS_SOURCE,1.0,-1.0,10.0,-1.0,0.33,1.0,5.0,1.0,COMPLETE,0.082125,0.07084,0.000985,0.0003,0.0821328026162485,0.0009850935838904,0.999905,0.07084,0.0003,199981,16425,0.6525,45,30,31,35,42,1.0,0.082125,,196117,2174,197,1493,1,3,56
news-source-strategies,RQ3,E3-reach-mitigation,credibility_reach10_0_wom1,1014,CREDIBILITY_CAMOUFLAGE,TRADITIONAL_MEDIA,FAKE_NEWS_SOURCE,1.0,-1.0,10.0,-1.0,0.33,1.0,5.0,1.0,COMPLETE,0.11597,0.14636,0.002105,0.00348,0.1159897182521028,0.0021053579108448,0.99983,0.14636,0.00348,199966,23194,0.605,91,24,28,35,65,1.0,0.11597,,195344,2504,421,1697,13,138,313
news-source-strategies,RQ3,E3-reach-mitigation,credibility_reach10_0_wom1,1015,CREDIBILITY_CAMOUFLAGE,TRADITIONAL_MEDIA,FAKE_NEWS_SOURCE,1.0,-1.0,10.0,-1.0,0.33,1.0,5.0,1.0,COMPLETE,0.069825,0.0959,0.0010149999999999,0.00078,0.0698382692711615,0.0010151928866484,0.99981,0.0959,0.00078,199962,13965,0.73,50,33,35,41,45,1.0,0.069825,,196944,1613,203,1202,1,2,88
news-source-strategies,RQ3,E3-reach-mitigation,credibility_reach10_0_wom1,1016,CREDIBILITY_CAMOUFLAGE,TRADITIONAL_MEDIA,FAKE_NEWS_SOURCE,1.0,-1.0,10.0,-1.0,0.33,1.0,5.0,1.0,COMPLETE,0.103995,0.0828199999999999,0.001825,0.0009599999999999,0.1040168435371428,0.0018253833304994,0.99979,0.08282,0.00096,199958,20799,0.6725,78,34,34,36,65,1.0,0.103995,,195310,2404,365,1879,3,114,126
news-source-strategies,RQ3,E3-reach-mitigation,credibility_reach10_0_wom1,1017,CREDIBILITY_CAMOUFLAGE,TRADITIONAL_MEDIA,FAKE_NEWS_SOURCE,1.0,-1.0,10.0,-1.0,0.33,1.0,5.0,1.0,COMPLETE,0.09115,0.05164,0.00199,0.00094,0.0911654981346829,0.0019903383575207,0.99983,0.05164,0.00094,199966,18230,0.665,75,22,27,43,61,1.0,0.09115,,193256,4014,398,2298,3,96,131
news-source-strategies,RQ3,E3-reach-mitigation,credibility_reach10_0_wom1,1018,CREDIBILITY_CAMOUFLAGE,TRADITIONAL_MEDIA,FAKE_NEWS_SOURCE,1.0,-1.0,10.0,-1.0,0.33,1.0,5.0,1.0,COMPLETE,0.08033,0.06234,0.00162,0.00064,0.080348881987267,0.0016203807894855,0.999765,0.06234,0.00064,199953,16066,0.68,79,23,30,37,56,1.0,0.08033,,195419,2358,324,1852,3,120,206
news-source-strategies,RQ3,E3-reach-mitigation,credibility_reach10_0_wom1,1019,CREDIBILITY_CAMOUFLAGE,TRADITIONAL_MEDIA,FAKE_NEWS_SOURCE,1.0,-1.0,10.0,-1.0,0.33,1.0,5.0,1.0,COMPLETE,0.1246599999999999,0.14656,0.002175,0.002,0.124684313441121,0.0021754242077205,0.999805,0.14656,0.002,199961,24932,0.64,76,24,41,47,58,1.0,0.1246599999999999,,193239,3720,435,2567,6,48,185
news-source-strategies,RQ3,E3-reach-mitigation,credibility_reach10_0_wom1,1020,CREDIBILITY_CAMOUFLAGE,TRADITIONAL_MEDIA,FAKE_NEWS_SOURCE,1.0,-1.0,10.0,-1.0,0.33,1.0,5.0,1.0,COMPLETE,0.103575,0.12228,0.001715,0.0028799999999999,0.1035910566137751,0.0017152658662092,0.999845,0.12228,0.00288,199969,20715,0.665,73,39,44,49,53,1.0,0.103575,,192702,4331,343,2593,11,19,223
news-source-strategies,RQ3,E3-reach-mitigation,credibility_reach10_0_wom1,1021,CREDIBILITY_CAMOUFLAGE,TRADITIONAL_MEDIA,FAKE_NEWS_SOURCE,1.0,-1.0,10.0,-1.0,0.33,1.0,5.0,1.0,COMPLETE,0.099105,0.06222,0.00178,0.00092,0.0991268078977375,0.0017803916861709,0.99978,0.06222,0.00092,199956,19821,0.7225,70,36,37,44,66,1.0,0.099105,,193909,3628,356,2063,3,21,106
news-source-strategies,RQ3,E3-reach-mitigation,credibility_reach10_0_wom1,1022,CREDIBILITY_CAMOUFLAGE,TRADITIONAL_MEDIA,FAKE_NEWS_SOURCE,1.0,-1.0,10.0,-1.0,0.33,1.0,5.0,1.0,COMPLETE,0.07414,0.05302,0.001165,0.00056,0.0741511226684002,0.0011651747762164,0.99985,0.05302,0.00056,199970,14828,0.6875,76,22,22,28,63,1.0,0.07414,,195584,2675,233,1478,5,164,173
news-source-strategies,RQ3,E3-reach-mitigation,credibility_reach10_0_wom1,1023,CREDIBILITY_CAMOUFLAGE,TRADITIONAL_MEDIA,FAKE_NEWS_SOURCE,1.0,-1.0,10.0,-1.0,0.33,1.0,5.0,1.0,COMPLETE,0.110825,0.09268,0.002915,0.00102,0.1108455064186874,0.0029155393747843,0.999815,0.09268,0.00102,199963,22165,0.66,110,22,22,57,94,1.0,0.110825,,191952,4785,583,2643,70,95,177
news-source-strategies,RQ3,E3-reach-mitigation,credibility_reach10_0_wom1,1024,CREDIBILITY_CAMOUFLAGE,TRADITIONAL_MEDIA,FAKE_NEWS_SOURCE,1.0,-1.0,10.0,-1.0,0.33,1.0,5.0,1.0,COMPLETE,0.11125,0.11596,0.0024449999999999,0.00226,0.1112678028484557,0.002445391262602,0.99984,0.11596,0.00226,199968,22250,0.6675,104,25,27,68,81,1.0,0.11125,,192669,4741,489,2069,43,63,130
news-source-strategies,RQ3,E3-reach-mitigation,credibility_reach10_0_wom1,1025,CREDIBILITY_CAMOUFLAGE,TRADITIONAL_MEDIA,FAKE_NEWS_SOURCE,1.0,-1.0,10.0,-1.0,0.33,1.0,5.0,1.0,COMPLETE,0.09523,0.1566,0.00137,0.0034,0.0952480971384563,0.0013702603494663,0.99981,0.1566,0.0034,199962,19046,0.69,66,9,9,21,25,1.0,0.09523,,195983,2182,274,1523,73,275,385
news-source-strategies,RQ3,E3-reach-mitigation,credibility_reach10_0_wom1,1026,CREDIBILITY_CAMOUFLAGE,TRADITIONAL_MEDIA,FAKE_NEWS_SOURCE,1.0,-1.0,10.0,-1.0,0.33,1.0,5.0,1.0,COMPLETE,0.094895,0.11238,0.001565,0.001,0.0949135081340861,0.0015653052345207,0.999805,0.11238,0.001,199961,18979,0.695,63,18,19,38,56,1.0,0.094895,,195312,2510,313,1826,3,74,124
news-source-strategies,RQ3,E3-reach-mitigation,credibility_reach10_0_wom1,1027,CREDIBILITY_CAMOUFLAGE,TRADITIONAL_MEDIA,FAKE_NEWS_SOURCE,1.0,-1.0,10.0,-1.0,0.33,1.0,5.0,1.0,COMPLETE,0.070205,0.10384,0.0012649999999999,0.0014399999999999,0.0702183414848821,0.0012652403956751,0.99981,0.10384,0.00144,199962,14041,0.655,68,52,57,58,59,1.0,0.070205,,196335,2255,253,1119,1,4,20
news-source-strategies,RQ3,E3-reach-mitigation,credibility_reach10_0_wom1,1028,CREDIBILITY_CAMOUFLAGE,TRADITIONAL_MEDIA,FAKE_NEWS_SOURCE,1.0,-1.0,10.0,-1.0,0.33,1.0,5.0,1.0,COMPLETE,0.09425,0.1027,0.000745,0.0006,0.0942650824131861,0.000745119219075,0.99984,0.1027,0.0006,199968,18850,0.665,34,15,18,18,22,1.0,0.09425,,196492,2007,149,1320,2,34,237
news-source-strategies,RQ3,E3-reach-mitigation,credibility_reach10_0_wom1,1029,CREDIBILITY_CAMOUFLAGE,TRADITIONAL_MEDIA,FAKE_NEWS_SOURCE,1.0,-1.0,10.0,-1.0,0.33,1.0,5.0,1.0,COMPLETE,0.12379,0.05092,0.00161,0.0007,0.1238116670417323,0.0016102817993148,0.999825,0.05092,0.0007,199965,24758,0.6325,62,28,30,34,52,1.0,0.12379,,193199,3604,322,2840,2,51,145
news-source-strategies,RQ3,E3-reach-mitigation,credibility_reach10_0_wom1,1030,CREDIBILITY_CAMOUFLAGE,TRADITIONAL_MEDIA,FAKE_NEWS_SOURCE,1.0,-1.0,10.0,-1.0,0.33,1.0,5.0,1.0,COMPLETE,0.102835,0.0724,0.001815,0.00074,0.1028586574912229,0.0018154175460355,0.99977,0.0724,0.00074,199954,20567,0.6575,68,25,45,49,63,1.0,0.102835,,192175,4994,363,2422,4,32,143
news-source-strategies,RQ3,E3-reach-mitigation,credibility_reach5_0_wom0,1001,CREDIBILITY_CAMOUFLAGE,TRADITIONAL_MEDIA,FAKE_NEWS_SOURCE,1.0,-1.0,5.0,-1.0,0.33,0.0,5.0,1.0,COMPLETE,0.148705,0.14644,0.004465,0.00218,0.1634120879120879,0.0049065934065934,0.91,0.1609230769230769,0.0023956043956043,182000,29741,0.63,12,6,7,9,10,1.0,0.148705,,112838,54674,893,13595,1,2,100
news-source-strategies,RQ3,E3-reach-mitigation,credibility_reach5_0_wom0,1002,CREDIBILITY_CAMOUFLAGE,TRADITIONAL_MEDIA,FAKE_NEWS_SOURCE,1.0,-1.0,5.0,-1.0,0.33,0.0,5.0,1.0,COMPLETE,0.13523,0.1306399999999999,0.003205,0.00378,0.1492604856512141,0.0035375275938189,0.906,0.1441942604856512,0.0041721854304635,181200,27046,0.635,11,7,7,7,9,1.0,0.13523,,119578,49292,641,11689,1,2,152
news-source-strategies,RQ3,E3-reach-mitigation,credibility_reach5_0_wom0,1003,CREDIBILITY_CAMOUFLAGE,TRADITIONAL_MEDIA,FAKE_NEWS_SOURCE,1.0,-1.0,5.0,-1.0,0.33,0.0,5.0,1.0,COMPLETE,0.12866,0.1083,0.00434,0.00332,0.1410745614035087,0.0047587719298245,0.912,0.11875,0.0036403508771929,182400,25732,0.65,11,5,6,6,6,1.0,0.12866,,122280,51711,868,7541,1,47,297
news-source-strategies,RQ3,E3-reach-mitigation,credibility_reach5_0_wom0,1004,CREDIBILITY_CAMOUFLAGE,TRADITIONAL_MEDIA,FAKE_NEWS_SOURCE,1.0,-1.0,5.0,-1.0,0.33,0.0,5.0,1.0,COMPLETE,0.152955,0.17136,0.0061449999999999,0.00538,0.1651781857451404,0.0066360691144708,0.926,0.1850539956803455,0.0058099352051835,185200,30591,0.69,10,8,8,8,8,1.0,0.152955,,121229,50103,1229,12639,1,1,2
news-source-strategies,RQ3,E3-reach-mitigation,credibility_reach5_0_wom0,1005,CREDIBILITY_CAMOUFLAGE,TRADITIONAL_MEDIA,FAKE_NEWS_SOURCE,1.0,-1.0,5.0,-1.0,0.33,0.0,5.0,1.0,COMPLETE,0.154875,0.14762,0.006915,0.00748,0.1690775109170305,0.0075491266375545,0.916,0.1611572052401746,0.0081659388646288,183200,30975,0.6825,11,6,7,8,8,1.0,0.154875,,115654,54534,1383,11629,1,2,232
news-source-strategies,RQ3,E3-reach-mitigation,credibility_reach5_0_wom0,1006,CREDIBILITY_CAMOUFLAGE,TRADITIONAL_MEDIA,FAKE_NEWS_SOURCE,1.0,-1.0,5.0,-1.0,0.33,0.0,5.0,1.0,COMPLETE,0.14423,0.1555,0.01348,0.0124,0.1564316702819956,0.0146203904555314,0.922,0.1686550976138828,0.0134490238611713,184400,28846,0.715,17,13,14,14,14,1.0,0.14423,,116533,55941,2696,9230,1,2,9
news-source-strategies,RQ3,E3-reach-mitigation,credibility_reach5_0_wom0,1007,CREDIBILITY_CAMOUFLAGE,TRADITIONAL_MEDIA,FAKE_NEWS_SOURCE,1.0,-1.0,5.0,-1.0,0.33,0.0,5.0,1.0,COMPLETE,0.1591,0.19856,0.009725,0.00988,0.1692553191489361,0.010345744680851,0.94,0.2112340425531914,0.0105106382978723,188000,31820,0.6825,15,8,8,10,13,1.0,0.1591,,122739,51274,1945,12042,1,2,121
news-source-strategies,RQ3,E3-reach-mitigation,credibility_reach5_0_wom0,1008,CREDIBILITY_CAMOUFLAGE,TRADITIONAL_MEDIA,FAKE_NEWS_SOURCE,1.0,-1.0,5.0,-1.0,0.33,0.0,5.0,1.0,COMPLETE,0.147405,0.14044,0.012655,0.0137799999999999,0.1616282894736842,0.013876096491228,0.912,0.1539912280701754,0.015109649122807,182400,29481,0.695,18,9,9,13,15,1.0,0.147405,,119761,48118,2531,11990,1,2,115
news-source-strategies,RQ3,E3-reach-mitigation,credibility_reach5_0_wom0,1009,CREDIBILITY_CAMOUFLAGE,TRADITIONAL_MEDIA,FAKE_NEWS_SOURCE,1.0,-1.0,5.0,-1.0,0.33,0.0,5.0,1.0,COMPLETE,0.135505,0.15094,0.01323,0.00992,0.1463336933045356,0.0142872570194384,0.926,0.1630021598272138,0.0107127429805615,185200,27101,0.6475,18,14,14,14,16,1.0,0.135505,,120186,49070,2646,13298,1,2,12
news-source-strategies,RQ3,E3-reach-mitigation,credibility_reach5_0_wom0,1010,CREDIBILITY_CAMOUFLAGE,TRADITIONAL_MEDIA,FAKE_NEWS_SOURCE,1.0,-1.0,5.0,-1.0,0.33,0.0,5.0,1.0,COMPLETE,0.13783,0.12314,0.01423,0.01214,0.1531444444444444,0.0158111111111111,0.9,0.1368222222222222,0.0134888888888888,180000,27566,0.62,18,13,15,15,16,1.0,0.13783,,117705,48343,2846,11106,1,1,30
news-source-strategies,RQ3,E3-reach-mitigation,credibility_reach5_0_wom0,1011,CREDIBILITY_CAMOUFLAGE,TRADITIONAL_MEDIA,FAKE_NEWS_SOURCE,1.0,-1.0,5.0,-1.0,0.33,0.0,5.0,1.0,COMPLETE,0.150425,0.1530999999999999,0.00257,0.00282,0.1614002145922747,0.0027575107296137,0.932,0.1642703862660944,0.0030257510729613,186400,30085,0.6675,11,7,7,8,10,1.0,0.150425,,123031,47683,514,15172,1,2,138
news-source-strategies,RQ3,E3-reach-mitigation,credibility_reach5_0_wom0,1012,CREDIBILITY_CAMOUFLAGE,TRADITIONAL_MEDIA,FAKE_NEWS_SOURCE,1.0,-1.0,5.0,-1.0,0.33,0.0,5.0,1.0,COMPLETE,0.1319499999999999,0.13018,0.009605,0.00968,0.1418817204301075,0.0103279569892473,0.93,0.1399784946236559,0.0104086021505376,186000,26390,0.6325,14,9,10,11,12,1.0,0.1319499999999999,,117290,56538,1921,10251,1,2,93
news-source-strategies,RQ3,E3-reach-mitigation,credibility_reach5_0_wom0,1013,CREDIBILITY_CAMOUFLAGE,TRADITIONAL_MEDIA,FAKE_NEWS_SOURCE,1.0,-1.0,5.0,-1.0,0.33,0.0,5.0,1.0,COMPLETE,0.14682,0.14468,0.005995,0.00456,0.1532567849686847,0.0062578288100208,0.958,0.1510229645093945,0.0047599164926931,191600,29364,0.685,12,6,7,8,9,1.0,0.14682,,120652,53829,1199,15920,1,3,110
news-source-strategies,RQ3,E3-reach-mitigation,credibility_reach5_0_wom0,1014,CREDIBILITY_CAMOUFLAGE,TRADITIONAL_MEDIA,FAKE_NEWS_SOURCE,1.0,-1.0,5.0,-1.0,0.33,0.0,5.0,1.0,COMPLETE,0.1441899999999999,0.12788,0.01402,0.0133,0.1550430107526881,0.0150752688172043,0.93,0.137505376344086,0.0143010752688172,186000,28838,0.665,22,15,16,16,20,1.0,0.1441899999999999,,122801,49408,2804,10987,1,1,104
news-source-strategies,RQ3,E3-reach-mitigation,credibility_reach5_0_wom0,1015,CREDIBILITY_CAMOUFLAGE,TRADITIONAL_MEDIA,FAKE_NEWS_SOURCE,1.0,-1.0,5.0,-1.0,0.33,0.0,5.0,1.0,COMPLETE,0.137205,0.13646,0.010285,0.00976,0.1494607843137255,0.0112037037037037,0.918,0.1486492374727668,0.0106318082788671,183600,27441,0.6475,18,12,13,14,16,1.0,0.137205,,113437,55469,2057,12637,1,2,71
news-source-strategies,RQ3,E3-reach-mitigation,credibility_reach5_0_wom0,1016,CREDIBILITY_CAMOUFLAGE,TRADITIONAL_MEDIA,FAKE_NEWS_SOURCE,1.0,-1.0,5.0,-1.0,0.33,0.0,5.0,1.0,COMPLETE,0.13723,0.16002,0.012455,0.01196,0.1504714912280702,0.013656798245614,0.912,0.1754605263157894,0.0131140350877192,182400,27446,0.675,16,10,10,12,15,1.0,0.13723,,120460,47771,2491,11678,1,1,93
news-source-strategies,RQ3,E3-reach-mitigation,credibility_reach5_0_wom0,1017,CREDIBILITY_CAMOUFLAGE,TRADITIONAL_MEDIA,FAKE_NEWS_SOURCE,1.0,-1.0,5.0,-1.0,0.33,0.0,5.0,1.0,COMPLETE,0.120755,0.12426,0.00718,0.00596,0.130970715835141,0.0077874186550976,0.922,0.1347722342733188,0.0064642082429501,184400,24151,0.6575,17,9,10,13,16,1.0,0.120755,,124419,46159,1436,12386,1,24,84
news-source-strategies,RQ3,E3-reach-mitigation,credibility_reach5_0_wom0,1018,CREDIBILITY_CAMOUFLAGE,TRADITIONAL_MEDIA,FAKE_NEWS_SOURCE,1.0,-1.0,5.0,-1.0,0.33,0.0,5.0,1.0,COMPLETE,0.12668,0.09992,0.00652,0.0028599999999999,0.1413839285714285,0.0072767857142857,0.896,0.1115178571428571,0.0031919642857142,179200,25336,0.6675,10,9,9,10,10,1.0,0.12668,,109128,56587,1304,12181,1,1,3
news-source-strategies,RQ3,E3-reach-mitigation,credibility_reach5_0_wom0,1019,CREDIBILITY_CAMOUFLAGE,TRADITIONAL_MEDIA,FAKE_NEWS_SOURCE,1.0,-1.0,5.0,-1.0,0.33,0.0,5.0,1.0,COMPLETE,0.12604,0.12436,0.00174,0.00034,0.136702819956616,0.0018872017353579,0.922,0.134880694143167,0.0003687635574837,184400,25208,0.6475,12,7,7,8,10,1.0,0.12604,,121919,50414,348,11719,1,2,103
news-source-strategies,RQ3,E3-reach-mitigation,credibility_reach5_0_wom0,1020,CREDIBILITY_CAMOUFLAGE,TRADITIONAL_MEDIA,FAKE_NEWS_SOURCE,1.0,-1.0,5.0,-1.0,0.33,0.0,5.0,1.0,COMPLETE,0.12615,0.1549799999999999,0.004705,0.00256,0.1344882729211087,0.0050159914712153,0.938,0.1652238805970149,0.00272921108742,187600,25230,0.6575,20,7,10,12,16,1.0,0.12615,,117809,55266,941,13584,2,44,143
news-source-strategies,RQ3,E3-reach-mitigation,credibility_reach5_0_wom0,1021,CREDIBILITY_CAMOUFLAGE,TRADITIONAL_MEDIA,FAKE_NEWS_SOURCE,1.0,-1.0,5.0,-1.0,0.33,0.0,5.0,1.0,COMPLETE,0.12036,0.10008,0.0066349999999999,0.00414,0.1322637362637362,0.0072912087912087,0.91,0.1099780219780219,0.0045494505494505,182000,24072,0.695,15,12,12,12,13,1.0,0.12036,,124006,45451,1327,11216,1,1,14
news-source-strategies,RQ3,E3-reach-mitigation,credibility_reach5_0_wom0,1022,CREDIBILITY_CAMOUFLAGE,TRADITIONAL_MEDIA,FAKE_NEWS_SOURCE,1.0,-1.0,5.0,-1.0,0.33,0.0,5.0,1.0,COMPLETE,0.13499,0.13938,0.00683,0.00608,0.1442200854700854,0.0072970085470085,0.936,0.1489102564102564,0.0064957264957264,187200,26998,0.6425,10,7,7,7,8,1.0,0.13499,,125638,47674,1366,12522,1,1,106
news-source-strategies,RQ3,E3-reach-mitigation,credibility_reach5_0_wom0,1023,CREDIBILITY_CAMOUFLAGE,TRADITIONAL_MEDIA,FAKE_NEWS_SOURCE,1.0,-1.0,5.0,-1.0,0.33,0.0,5.0,1.0,COMPLETE,0.126715,0.13,0.003685,0.0033399999999999,0.1377336956521739,0.0040054347826086,0.92,0.1413043478260869,0.0036304347826086,184000,25343,0.7,11,7,8,9,9,1.0,0.126715,,116084,54916,737,12263,1,2,90
news-source-strategies,RQ3,E3-reach-mitigation,credibility_reach5_0_wom0,1024,CREDIBILITY_CAMOUFLAGE,TRADITIONAL_MEDIA,FAKE_NEWS_SOURCE,1.0,-1.0,5.0,-1.0,0.33,0.0,5.0,1.0,COMPLETE,0.13705,0.10686,0.012575,0.0116999999999999,0.1470493562231759,0.0134924892703862,0.932,0.114656652360515,0.0125536480686695,186400,27410,0.6325,19,13,13,13,15,1.0,0.13705,,116151,55824,2515,11910,1,2,186
news-source-strategies,RQ3,E3-reach-mitigation,credibility_reach5_0_wom0,1025,CREDIBILITY_CAMOUFLAGE,TRADITIONAL_MEDIA,FAKE_NEWS_SOURCE,1.0,-1.0,5.0,-1.0,0.33,0.0,5.0,1.0,COMPLETE,0.143655,0.1507,0.0062699999999999,0.00608,0.1561467391304347,0.0068152173913043,0.92,0.1638043478260869,0.0066086956521739,184000,28731,0.6675,11,8,8,8,9,1.0,0.143655,,119655,53836,1254,9255,1,2,167
news-source-strategies,RQ3,E3-reach-mitigation,credibility_reach5_0_wom0,1026,CREDIBILITY_CAMOUFLAGE,TRADITIONAL_MEDIA,FAKE_NEWS_SOURCE,1.0,-1.0,5.0,-1.0,0.33,0.0,5.0,1.0,COMPLETE,0.140235,0.16016,0.012495,0.0123,0.1524293478260869,0.0135815217391304,0.92,0.1740869565217391,0.0133695652173913,184000,28047,0.67,12,9,10,10,11,1.0,0.140235,,118169,51612,2499,11720,1,1,3
news-source-strategies,RQ3,E3-reach-mitigation,credibility_reach5_0_wom0,1027,CREDIBILITY_CAMOUFLAGE,TRADITIONAL_MEDIA,FAKE_NEWS_SOURCE,1.0,-1.0,5.0,-1.0,0.33,0.0,5.0,1.0,COMPLETE,0.119665,0.10374,0.00345,0.0014,0.1309245076586433,0.0037746170678336,0.914,0.1135010940919037,0.0015317286652078,182800,23933,0.645,16,11,12,14,15,1.0,0.119665,,123874,50644,690,7592,1,2,34
news-source-strategies,RQ3,E3-reach-mitigation,credibility_reach5_0_wom0,1028,CREDIBILITY_CAMOUFLAGE,TRADITIONAL_MEDIA,FAKE_NEWS_SOURCE,1.0,-1.0,5.0,-1.0,0.33,0.0,5.0,1.0,COMPLETE,0.12899,0.13268,0.00121,0.0008399999999999,0.137809829059829,0.001292735042735,0.936,0.1417521367521367,0.0008974358974358,187200,25798,0.6675,8,6,6,6,7,1.0,0.12899,,126684,48188,242,12086,1,1,2
news-source-strategies,RQ3,E3-reach-mitigation,credibility_reach5_0_wom0,1029,CREDIBILITY_CAMOUFLAGE,TRADITIONAL_MEDIA,FAKE_NEWS_SOURCE,1.0,-1.0,5.0,-1.0,0.33,0.0,5.0,1.0,COMPLETE,0.12976,0.13594,0.007445,0.0073,0.1398275862068965,0.0080226293103448,0.928,0.1464870689655172,0.0078663793103448,185600,25952,0.625,17,6,6,7,12,1.0,0.12976,,123307,50020,1489,10784,1,164,209
news-source-strategies,RQ3,E3-reach-mitigation,credibility_reach5_0_wom0,1030,CREDIBILITY_CAMOUFLAGE,TRADITIONAL_MEDIA,FAKE_NEWS_SOURCE,1.0,-1.0,5.0,-1.0,0.33,0.0,5.0,1.0,COMPLETE,0.13935,0.12456,0.01255,0.01084,0.1541482300884955,0.0138827433628318,0.904,0.137787610619469,0.0119911504424778,180800,27870,0.65,16,9,11,12,14,1.0,0.13935,,116215,49461,2510,12614,1,2,96
news-source-strategies,RQ3,E3-reach-mitigation,credibility_reach5_0_wom1,1001,CREDIBILITY_CAMOUFLAGE,TRADITIONAL_MEDIA,FAKE_NEWS_SOURCE,1.0,-1.0,5.0,-1.0,0.33,1.0,5.0,1.0,COMPLETE,0.09609,0.09518,0.000425,0.00038,0.096111625115651,0.0004250956465204,0.999775,0.09518,0.00038,199955,19218,0.67,23,9,9,12,21,1.0,0.09609,,195142,3270,85,1458,2,90,174
news-source-strategies,RQ3,E3-reach-mitigation,credibility_reach5_0_wom1,1002,CREDIBILITY_CAMOUFLAGE,TRADITIONAL_MEDIA,FAKE_NEWS_SOURCE,1.0,-1.0,5.0,-1.0,0.33,1.0,5.0,1.0,COMPLETE,0.1113799999999999,0.07284,0.000665,8e-05,0.1114061804524063,0.0006651563117332,0.999765,0.07284,8e-05,199953,22276,0.64,31,11,21,27,27,1.0,0.1113799999999999,,192916,4285,133,2619,3,32,77
news-source-strategies,RQ3,E3-reach-mitigation,credibility_reach5_0_wom1,1003,CREDIBILITY_CAMOUFLAGE,TRADITIONAL_MEDIA,FAKE_NEWS_SOURCE,1.0,-1.0,5.0,-1.0,0.33,1.0,5.0,1.0,COMPLETE,0.07773,0.0622999999999999,0.000775,0.00044,0.0777471043629598,0.0007751705375182,0.99978,0.0623,0.00044,199956,15546,0.6775,35,7,12,13,34,1.0,0.07773,,194201,4050,155,1550,33,115,170
news-source-strategies,RQ3,E3-reach-mitigation,credibility_reach5_0_wom1,1004,CREDIBILITY_CAMOUFLAGE,TRADITIONAL_MEDIA,FAKE_NEWS_SOURCE,1.0,-1.0,5.0,-1.0,0.33,1.0,5.0,1.0,COMPLETE,0.1070049999999999,0.05274,0.001065,0.00056,0.1070247995879237,0.0010651970614563,0.999815,0.05274,0.00056,199963,21401,0.705,36,21,21,25,30,1.0,0.1070049999999999,,191571,5166,213,3013,3,20,126
news-source-strategies,RQ3,E3-reach-mitigation,credibility_reach5_0_wom1,1005,CREDIBILITY_CAMOUFLAGE,TRADITIONAL_MEDIA,FAKE_NEWS_SOURCE,1.0,-1.0,5.0,-1.0,0.33,1.0,5.0,1.0,COMPLETE,0.11283,0.1359,0.0008,0.00124,0.1128536992768481,0.0008001680352874,0.99979,0.1359,0.00124,199958,22566,0.6675,28,6,6,15,17,1.0,0.11283,,193911,3558,160,2329,65,78,331
news-source-strategies,RQ3,E3-reach-mitigation,credibility_reach5_0_wom1,1006,CREDIBILITY_CAMOUFLAGE,TRADITIONAL_MEDIA,FAKE_NEWS_SOURCE,1.0,-1.0,5.0,-1.0,0.33,1.0,5.0,1.0,COMPLETE,0.08737,0.09362,0.00091,0.0011799999999999,0.0873870404728922,0.0009101774846094,0.999805,0.09362,0.00118,199961,17474,0.67,45,10,19,22,29,1.0,0.08737,,195903,2311,182,1565,27,108,317
news-source-strategies,RQ3,E3-reach-mitigation,credibility_reach5_0_wom1,1007,CREDIBILITY_CAMOUFLAGE,TRADITIONAL_MEDIA,FAKE_NEWS_SOURCE,1.0,-1.0,5.0,-1.0,0.33,1.0,5.0,1.0,COMPLETE,0.077735,0.06392,0.00073,0.00064,0.0777466619992999,0.0007301095164274,0.99985,0.06392,0.00064,199970,15547,0.635,38,14,17,17,28,1.0,0.077735,,196236,2154,146,1434,5,112,212
news-source-strategies,RQ3,E3-reach-mitigation,credibility_reach5_0_wom1,1008,CREDIBILITY_CAMOUFLAGE,TRADITIONAL_MEDIA,FAKE_NEWS_SOURCE,1.0,-1.0,5.0,-1.0,0.33,1.0,5.0,1.0,COMPLETE,0.088875,0.04202,0.000815,0.0003,0.0888945568024965,0.0008151793394546,0.99978,0.04202,0.0003,199956,17775,0.6225,30,20,24,26,30,1.0,0.088875,,195313,2364,163,2116,2,5,40
news-source-strategies,RQ3,E3-reach-mitigation,credibility_reach5_0_wom1,1009,CREDIBILITY_CAMOUFLAGE,TRADITIONAL_MEDIA,FAKE_NEWS_SOURCE,1.0,-1.0,5.0,-1.0,0.33,1.0,5.0,1.0,COMPLETE,0.07733,0.06338,0.00091,0.00104,0.0773443086971089,0.0009101683811505,0.999815,0.06338,0.00104,199963,15466,0.66,51,22,36,37,40,1.0,0.07733,,196104,2111,182,1566,6,28,158
news-source-strategies,RQ3,E3-reach-mitigation,credibility_reach5_0_wom1,1010,CREDIBILITY_CAMOUFLAGE,TRADITIONAL_MEDIA,FAKE_NEWS_SOURCE,1.0,-1.0,5.0,-1.0,0.33,1.0,5.0,1.0,COMPLETE,0.068855,0.05246,0.000505,0.0003,0.0688722180545136,0.0005051262815703,0.99975,0.05246,0.0003,199950,13771,0.6725,27,14,15,17,22,1.0,0.068855,,196989,1641,101,1219,1,20,196
news-source-strategies,RQ3,E3-reach-mitigation,credibility_reach5_0_wom1,1011,CREDIBILITY_CAMOUFLAGE,TRADITIONAL_MEDIA,FAKE_NEWS_SOURCE,1.0,-1.0,5.0,-1.0,0.33,1.0,5.0,1.0,COMPLETE,0.112,0.1154,0.00108,0.0004,0.1120190432373503,0.0010801836312173,0.99983,0.1154,0.0004,199966,22400,0.6525,34,23,29,29,33,1.0,0.112,,188354,8193,216,3203,3,8,29
news-source-strategies,RQ3,E3-reach-mitigation,credibility_reach5_0_wom1,1012,CREDIBILITY_CAMOUFLAGE,TRADITIONAL_MEDIA,FAKE_NEWS_SOURCE,1.0,-1.0,5.0,-1.0,0.33,1.0,5.0,1.0,COMPLETE,0.08834,0.02064,0.00056,0.0001199999999999,0.088355462205886,0.000560098017153,0.999825,0.02064,0.00012,199965,17668,0.6575,23,7,13,17,19,1.0,0.08834,,196006,2184,112,1663,2,34,156
news-source-strategies,RQ3,E3-reach-mitigation,credibility_reach5_0_wom1,1013,CREDIBILITY_CAMOUFLAGE,TRADITIONAL_MEDIA,FAKE_NEWS_SOURCE,1.0,-1.0,5.0,-1.0,0.33,1.0,5.0,1.0,COMPLETE,0.0903949999999999,0.12518,0.00041,0.00068,0.0904044924717095,0.0004100430545207,0.999895,0.12518,0.00068,199979,18079,0.6775,24,10,10,13,17,1.0,0.0903949999999999,,195877,2164,82,1856,2,73,221
news-source-strategies,RQ3,E3-reach-mitigation,credibility_reach5_0_wom1,1014,CREDIBILITY_CAMOUFLAGE,TRADITIONAL_MEDIA,FAKE_NEWS_SOURCE,1.0,-1.0,5.0,-1.0,0.33,1.0,5.0,1.0,COMPLETE,0.08992,0.1077,0.001575,0.00292,0.089935738754282,0.0015752756732428,0.999825,0.1077,0.00292,199965,17984,0.68,67,15,21,25,30,1.0,0.08992,,196273,2138,315,1239,41,205,296
news-source-strategies,RQ3,E3-reach-mitigation,credibility_reach5_0_wom1,1015,CREDIBILITY_CAMOUFLAGE,TRADITIONAL_MEDIA,FAKE_NEWS_SOURCE,1.0,-1.0,5.0,-1.0,0.33,1.0,5.0,1.0,COMPLETE,0.093425,0.1072,0.000765,0.00046,0.0934441560519906,0.0007651568571557,0.999795,0.1072,0.00046,199959,18685,0.66,24,15,15,19,19,1.0,0.093425,,194851,2746,153,2209,1,2,91
news-source-strategies,RQ3,E3-reach-mitigation,credibility_reach5_0_wom1,1016,CREDIBILITY_CAMOUFLAGE,TRADITIONAL_MEDIA,FAKE_NEWS_SOURCE,1.0,-1.0,5.0,-1.0,0.33,1.0,5.0,1.0,COMPLETE,0.067295,0.04092,0.000655,0.00038,0.0673098081577947,0.0006551441317089,0.99978,0.04092,0.00038,199956,13459,0.67,29,18,20,20,27,1.0,0.067295,,196716,1760,131,1349,1,16,154
news-source-strategies,RQ3,E3-reach-mitigation,credibility_reach5_0_wom1,1017,CREDIBILITY_CAMOUFLAGE,TRADITIONAL_MEDIA,FAKE_NEWS_SOURCE,1.0,-1.0,5.0,-1.0,0.33,1.0,5.0,1.0,COMPLETE,0.1075049999999999,0.1080999999999999,0.0014,0.0014399999999999,0.1075259675636749,0.0014002730532453,0.999805,0.1081,0.00144,199961,21501,0.6625,58,10,12,13,42,1.0,0.1075049999999999,,194703,2651,280,2327,128,166,231
news-source-strategies,RQ3,E3-reach-mitigation,credibility_reach5_0_wom1,1018,CREDIBILITY_CAMOUFLAGE,TRADITIONAL_MEDIA,FAKE_NEWS_SOURCE,1.0,-1.0,5.0,-1.0,0.33,1.0,5.0,1.0,COMPLETE,0.0834,0.0434,0.000435,0.0002,0.0834216896393062,0.0004351131294136,0.99974,0.0434,0.0002,199948,16680,0.6775,20,9,11,14,19,1.0,0.0834,,192999,4632,87,2230,1,29,113
news-source-strategies,RQ3,E3-reach-mitigation,credibility_reach5_0_wom1,1019,CREDIBILITY_CAMOUFLAGE,TRADITIONAL_MEDIA,FAKE_NEWS_SOURCE,1.0,-1.0,5.0,-1.0,0.33,1.0,5.0,1.0,COMPLETE,0.12417,0.14598,0.000855,0.0007,0.1241942178724851,0.0008551667575177,0.999805,0.14598,0.0007,199961,24834,0.64,31,11,16,22,25,1.0,0.12417,,193394,3805,171,2591,6,48,117
news-source-strategies,RQ3,E3-reach-mitigation,credibility_reach5_0_wom1,1020,CREDIBILITY_CAMOUFLAGE,TRADITIONAL_MEDIA,FAKE_NEWS_SOURCE,1.0,-1.0,5.0,-1.0,0.33,1.0,5.0,1.0,COMPLETE,0.10404,0.1245999999999999,0.001155,0.00174,0.1040561286999484,0.0011551790527531,0.999845,0.1246,0.00174,199969,20808,0.665,47,30,33,37,39,1.0,0.10404,,192163,4893,231,2682,10,16,54
news-source-strategies,RQ3,E3-reach-mitigation,credibility_reach5_0_wom1,1021,CREDIBILITY_CAMOUFLAGE,TRADITIONAL_MEDIA,FAKE_NEWS_SOURCE,1.0,-1.0,5.0,-1.0,0.33,1.0,5.0,1.0,COMPLETE,0.14141,0.12392,0.00089,0.00046,0.1414418244104923,0.0008902002950663,0.999775,0.12392,0.00046,199955,28282,0.67,32,17,17,24,29,1.0,0.14141,,191932,4906,178,2939,1,17,95
news-source-strategies,RQ3,E3-reach-mitigation,credibility_reach5_0_wom1,1022,CREDIBILITY_CAMOUFLAGE,TRADITIONAL_MEDIA,FAKE_NEWS_SOURCE,1.0,-1.0,5.0,-1.0,0.33,1.0,5.0,1.0,COMPLETE,0.10992,0.13406,0.000885,0.001,0.1099375900144023,0.0008851416226596,0.99984,0.13406,0.001,199968,21984,0.66,35,13,14,16,18,1.0,0.10992,,194213,3038,177,2540,2,154,225
news-source-strategies,RQ3,E3-reach-mitigation,credibility_reach5_0_wom1,1023,CREDIBILITY_CAMOUFLAGE,TRADITIONAL_MEDIA,FAKE_NEWS_SOURCE,1.0,-1.0,5.0,-1.0,0.33,1.0,5.0,1.0,COMPLETE,0.12317,0.181,0.00106,0.00128,0.1231946389277855,0.0010602120424084,0.9998,0.181,0.00128,199960,24634,0.6825,32,13,15,16,20,1.0,0.12317,,192501,4380,212,2867,2,65,229
news-source-strategies,RQ3,E3-reach-mitigation,credibility_reach5_0_wom1,1024,CREDIBILITY_CAMOUFLAGE,TRADITIONAL_MEDIA,FAKE_NEWS_SOURCE,1.0,-1.0,5.0,-1.0,0.33,1.0,5.0,1.0,COMPLETE,0.09926,0.10628,0.0011899999999999,0.0008,0.0992768770691017,0.0011902023343968,0.99983,0.10628,0.0008,199966,19852,0.6675,47,15,18,28,37,1.0,0.09926,,193972,3587,238,2169,3,76,157
news-source-strategies,RQ3,E3-reach-mitigation,credibility_reach5_0_wom1,1025,CREDIBILITY_CAMOUFLAGE,TRADITIONAL_MEDIA,FAKE_NEWS_SOURCE,1.0,-1.0,5.0,-1.0,0.33,1.0,5.0,1.0,COMPLETE,0.116295,0.07402,0.001125,0.0002399999999999,0.1163182636527305,0.001125225045009,0.9998,0.07402,0.00024,199960,23259,0.6375,46,25,26,26,30,1.0,0.116295,,191883,4952,225,2900,4,12,216
news-source-strategies,RQ3,E3-reach-mitigation,credibility_reach5_0_wom1,1026,CREDIBILITY_CAMOUFLAGE,TRADITIONAL_MEDIA,FAKE_NEWS_SOURCE,1.0,-1.0,5.0,-1.0,0.33,1.0,5.0,1.0,COMPLETE,0.1093199999999999,0.08458,0.00069,0.00038,0.1093418683736747,0.0006901380276055,0.9998,0.08458,0.00038,199960,21864,0.7225,26,10,11,11,18,1.0,0.1093199999999999,,195056,2352,138,2414,1,129,294
news-source-strategies,RQ3,E3-reach-mitigation,credibility_reach5_0_wom1,1027,CREDIBILITY_CAMOUFLAGE,TRADITIONAL_MEDIA,FAKE_NEWS_SOURCE,1.0,-1.0,5.0,-1.0,0.33,1.0,5.0,1.0,COMPLETE,0.089305,0.12664,0.00163,0.00322,0.0893242047040113,0.0016303505253629,0.999785,0.12664,0.00322,199957,17861,0.6975,67,17,30,35,41,1.0,0.089305,,194685,3275,326,1671,23,64,367
news-source-strategies,RQ3,E3-reach-mitigation,credibility_reach5_0_wom1,1028,CREDIBILITY_CAMOUFLAGE,TRADITIONAL_MEDIA,FAKE_NEWS_SOURCE,1.0,-1.0,5.0,-1.0,0.33,1.0,5.0,1.0,COMPLETE,0.09398,0.10242,0.000225,8e-05,0.093995039206273,0.0002250360057609,0.99984,0.10242,8e-05,199968,18796,0.665,13,6,8,8,9,1.0,0.09398,,196589,2009,45,1325,1,33,236
news-source-strategies,RQ3,E3-reach-mitigation,credibility_reach5_0_wom1,1029,CREDIBILITY_CAMOUFLAGE,TRADITIONAL_MEDIA,FAKE_NEWS_SOURCE,1.0,-1.0,5.0,-1.0,0.33,1.0,5.0,1.0,COMPLETE,0.0943,0.06138,0.001245,0.00058,0.09431697705587,0.0012452241403452,0.99982,0.06138,0.00058,199964,18860,0.6825,54,14,20,22,26,1.0,0.0943,,194333,3619,249,1763,6,208,239
news-source-strategies,RQ3,E3-reach-mitigation,credibility_reach5_0_wom1,1030,CREDIBILITY_CAMOUFLAGE,TRADITIONAL_MEDIA,FAKE_NEWS_SOURCE,1.0,-1.0,5.0,-1.0,0.33,1.0,5.0,1.0,COMPLETE,0.085585,0.07434,0.00093,0.00064,0.0856055453308794,0.0009302232535808,0.99976,0.07434,0.00064,199952,17117,0.645,41,23,24,30,33,1.0,0.085585,,195857,2261,186,1648,4,18,102
news-source-strategies,RQ3,E3-reach-mitigation,credibility_reach1_0_wom0,1001,CREDIBILITY_CAMOUFLAGE,TRADITIONAL_MEDIA,FAKE_NEWS_SOURCE,1.0,-1.0,1.0,-1.0,0.33,0.0,5.0,1.0,COMPLETE,0.131145,0.08962,0.00189,0.00198,0.1444328193832599,0.0020814977973568,0.908,0.0987004405286343,0.0021806167400881,181600,26229,0.7075,6,4,4,4,4,1.0,0.131145,,117655,50521,378,13046,1,3,284
news-source-strategies,RQ3,E3-reach-mitigation,credibility_reach1_0_wom0,1002,CREDIBILITY_CAMOUFLAGE,TRADITIONAL_MEDIA,FAKE_NEWS_SOURCE,1.0,-1.0,1.0,-1.0,0.33,0.0,5.0,1.0,COMPLETE,0.133425,0.1128,0.0001049999999999,0.00026,0.1475940265486725,0.0001161504424778,0.904,0.1247787610619469,0.000287610619469,180800,26685,0.6475,3,1,2,3,3,2.0,0.133425,,115920,52502,21,12357,2,30,91
news-source-strategies,RQ3,E3-reach-mitigation,credibility_reach1_0_wom0,1003,CREDIBILITY_CAMOUFLAGE,TRADITIONAL_MEDIA,FAKE_NEWS_SOURCE,1.0,-1.0,1.0,-1.0,0.33,0.0,5.0,1.0,COMPLETE,0.126465,0.10694,0.000385,0.00146,0.1386677631578947,0.000422149122807,0.912,0.1172587719298245,0.0016008771929824,182400,25293,0.65,2,1,1,1,1,1.0,0.126465,,122988,51791,77,7544,1,1,306
news-source-strategies,RQ3,E3-reach-mitigation,credibility_reach1_0_wom0,1004,CREDIBILITY_CAMOUFLAGE,TRADITIONAL_MEDIA,FAKE_NEWS_SOURCE,1.0,-1.0,1.0,-1.0,0.33,0.0,5.0,1.0,COMPLETE,0.14997,0.1691399999999999,5e-06,0.0,0.1619546436285097,5.399568034557236e-06,0.926,0.1826565874730021,0.0,185200,29994,0.69,1,1,1,1,1,2.0,0.14997,,122088,50110,1,13001,2,2,2
news-source-strategies,RQ3,E3-reach-mitigation,credibility_reach1_0_wom0,1005,CREDIBILITY_CAMOUFLAGE,TRADITIONAL_MEDIA,FAKE_NEWS_SOURCE,1.0,-1.0,1.0,-1.0,0.33,0.0,5.0,1.0,COMPLETE,0.132845,0.1523199999999999,0.00252,0.002,0.1453446389496717,0.0027571115973741,0.914,0.166652078774617,0.0021881838074398,182800,26569,0.6425,2,2,2,2,2,1.0,0.132845,,116869,51822,504,13605,1,1,5
news-source-strategies,RQ3,E3-reach-mitigation,credibility_reach1_0_wom0,1006,CREDIBILITY_CAMOUFLAGE,TRADITIONAL_MEDIA,FAKE_NEWS_SOURCE,1.0,-1.0,1.0,-1.0,0.33,0.0,5.0,1.0,COMPLETE,0.14181,0.13334,0.0044599999999999,0.004,0.154141304347826,0.0048478260869565,0.92,0.1449347826086956,0.0043478260869565,184000,28362,0.65,5,3,3,3,5,1.0,0.14181,,118801,52218,892,12089,1,1,125
news-source-strategies,RQ3,E3-reach-mitigation,credibility_reach1_0_wom0,1007,CREDIBILITY_CAMOUFLAGE,TRADITIONAL_MEDIA,FAKE_NEWS_SOURCE,1.0,-1.0,1.0,-1.0,0.33,0.0,5.0,1.0,COMPLETE,0.149815,0.17152,0.0035499999999999,0.00174,0.1604014989293362,0.0038008565310492,0.934,0.1836402569593147,0.0018629550321199,186800,29963,0.65,3,2,3,3,3,1.0,0.149815,,119791,53837,710,12462,1,2,39
news-source-strategies,RQ3,E3-reach-mitigation,credibility_reach1_0_wom0,1008,CREDIBILITY_CAMOUFLAGE,TRADITIONAL_MEDIA,FAKE_NEWS_SOURCE,1.0,-1.0,1.0,-1.0,0.33,0.0,5.0,1.0,COMPLETE,0.15139,0.1570399999999999,0.000625,0.0,0.1667290748898678,0.0006883259911894,0.908,0.1729515418502202,0.0,181600,30278,0.68,3,3,3,3,3,1.0,0.15139,,112429,52685,125,16361,1,1,1
news-source-strategies,RQ3,E3-reach-mitigation,credibility_reach1_0_wom0,1009,CREDIBILITY_CAMOUFLAGE,TRADITIONAL_MEDIA,FAKE_NEWS_SOURCE,1.0,-1.0,1.0,-1.0,0.33,0.0,5.0,1.0,COMPLETE,0.17037,0.15912,0.00191,0.00188,0.1851847826086956,0.0020760869565217,0.92,0.1729565217391304,0.0020434782608695,184000,34074,0.6825,1,1,1,1,1,2.0,0.17037,,117892,50843,382,14883,2,2,2
news-source-strategies,RQ3,E3-reach-mitigation,credibility_reach1_0_wom0,1010,CREDIBILITY_CAMOUFLAGE,TRADITIONAL_MEDIA,FAKE_NEWS_SOURCE,1.0,-1.0,1.0,-1.0,0.33,0.0,5.0,1.0,COMPLETE,0.126825,0.12678,0.002,0.002,0.1425,0.0022471910112359,0.89,0.1424494382022472,0.0022471910112359,178000,25365,0.67,1,1,1,1,1,1.0,0.126825,,116112,50072,400,11416,1,1,1
news-source-strategies,RQ3,E3-reach-mitigation,credibility_reach1_0_wom0,1011,CREDIBILITY_CAMOUFLAGE,TRADITIONAL_MEDIA,FAKE_NEWS_SOURCE,1.0,-1.0,1.0,-1.0,0.33,0.0,5.0,1.0,COMPLETE,0.1505999999999999,0.15408,0.00065,0.00166,0.161587982832618,0.0006974248927038,0.932,0.1653218884120171,0.0017811158798283,186400,30120,0.6675,1,0,0,0,1,138.0,0.1505999999999999,,122472,48158,130,15640,138,138,138
news-source-strategies,RQ3,E3-reach-mitigation,credibility_reach1_0_wom0,1012,CREDIBILITY_CAMOUFLAGE,TRADITIONAL_MEDIA,FAKE_NEWS_SOURCE,1.0,-1.0,1.0,-1.0,0.33,0.0,5.0,1.0,COMPLETE,0.14428,0.1802,0.002,0.002,0.1561471861471861,0.0021645021645021,0.924,0.195021645021645,0.0021645021645021,184800,28856,0.7175,1,1,1,1,1,1.0,0.14428,,118203,54197,400,12000,1,1,1
news-source-strategies,RQ3,E3-reach-mitigation,credibility_reach1_0_wom0,1013,CREDIBILITY_CAMOUFLAGE,TRADITIONAL_MEDIA,FAKE_NEWS_SOURCE,1.0,-1.0,1.0,-1.0,0.33,0.0,5.0,1.0,COMPLETE,0.128285,0.11868,0.0030499999999999,0.00166,0.134189330543933,0.0031903765690376,0.956,0.1241422594142259,0.0017364016736401,191200,25657,0.68,4,3,3,3,4,1.0,0.128285,,127693,51067,610,11830,1,2,2
news-source-strategies,RQ3,E3-reach-mitigation,credibility_reach1_0_wom0,1014,CREDIBILITY_CAMOUFLAGE,TRADITIONAL_MEDIA,FAKE_NEWS_SOURCE,1.0,-1.0,1.0,-1.0,0.33,0.0,5.0,1.0,COMPLETE,0.13013,0.14294,0.0042699999999999,0.00408,0.1408333333333333,0.0046212121212121,0.924,0.1546969696969697,0.0044155844155844,184800,26026,0.665,9,6,6,7,8,1.0,0.13013,,123737,49206,854,11003,1,2,61
news-source-strategies,RQ3,E3-reach-mitigation,credibility_reach1_0_wom0,1015,CREDIBILITY_CAMOUFLAGE,TRADITIONAL_MEDIA,FAKE_NEWS_SOURCE,1.0,-1.0,1.0,-1.0,0.33,0.0,5.0,1.0,COMPLETE,0.12557,0.13354,5e-06,0.0,0.1376864035087719,5.482456140350877e-06,0.912,0.1464254385964912,0.0,182400,25114,0.6775,1,0,0,0,1,199.0,0.12557,,113640,54274,1,14485,199,199,199
news-source-strategies,RQ3,E3-reach-mitigation,credibility_reach1_0_wom0,1016,CREDIBILITY_CAMOUFLAGE,TRADITIONAL_MEDIA,FAKE_NEWS_SOURCE,1.0,-1.0,1.0,-1.0,0.33,0.0,5.0,1.0,COMPLETE,0.143725,0.14844,0.0020099999999999,0.00202,0.1586368653421633,0.0022185430463576,0.906,0.163841059602649,0.0022295805739514,181200,28745,0.6825,2,2,2,2,2,1.0,0.143725,,120653,48931,402,11214,1,1,1
news-source-strategies,RQ3,E3-reach-mitigation,credibility_reach1_0_wom0,1017,CREDIBILITY_CAMOUFLAGE,TRADITIONAL_MEDIA,FAKE_NEWS_SOURCE,1.0,-1.0,1.0,-1.0,0.33,0.0,5.0,1.0,COMPLETE,0.12551,0.09902,0.00181,0.0019,0.1364239130434782,0.0019673913043478,0.92,0.1076304347826087,0.0020652173913043,184000,25102,0.6925,1,1,1,1,1,3.0,0.12551,,122563,46937,362,14138,3,3,3
news-source-strategies,RQ3,E3-reach-mitigation,credibility_reach1_0_wom0,1018,CREDIBILITY_CAMOUFLAGE,TRADITIONAL_MEDIA,FAKE_NEWS_SOURCE,1.0,-1.0,1.0,-1.0,0.33,0.0,5.0,1.0,COMPLETE,0.12539,0.09968,2e-05,0.0,0.1402572706935123,2.237136465324385e-05,0.894,0.1114988814317673,0.0,178800,25078,0.67,3,3,3,3,3,1.0,0.12539,,112348,53350,4,13098,1,1,3
news-source-strategies,RQ3,E3-reach-mitigation,credibility_reach1_0_wom0,1019,CREDIBILITY_CAMOUFLAGE,TRADITIONAL_MEDIA,FAKE_NEWS_SOURCE,1.0,-1.0,1.0,-1.0,0.33,0.0,5.0,1.0,COMPLETE,0.1249,0.12356,4.5e-05,0.0,0.135466377440347,4.880694143167029e-05,0.922,0.1340130151843817,0.0,184400,24980,0.6475,1,0,0,0,1,103.0,0.1249,,122399,50447,9,11545,103,103,103
news-source-strategies,RQ3,E3-reach-mitigation,credibility_reach1_0_wom0,1020,CREDIBILITY_CAMOUFLAGE,TRADITIONAL_MEDIA,FAKE_NEWS_SOURCE,1.0,-1.0,1.0,-1.0,0.33,0.0,5.0,1.0,COMPLETE,0.13223,0.12884,0.001355,4e-05,0.1412713675213675,0.0014476495726495,0.936,0.1376495726495726,4.2735042735042735e-05,187200,26446,0.66,4,1,1,2,3,1.0,0.13223,,115447,57307,271,14175,1,75,103
news-source-strategies,RQ3,E3-reach-mitigation,credibility_reach1_0_wom0,1021,CREDIBILITY_CAMOUFLAGE,TRADITIONAL_MEDIA,FAKE_NEWS_SOURCE,1.0,-1.0,1.0,-1.0,0.33,0.0,5.0,1.0,COMPLETE,0.13779,0.11678,0.002345,0.0014199999999999,0.1520860927152318,0.0025883002207505,0.906,0.1288962472406181,0.0015673289183222,181200,27558,0.635,3,2,2,3,3,1.0,0.13779,,124621,44517,469,11593,1,2,73
news-source-strategies,RQ3,E3-reach-mitigation,credibility_reach1_0_wom0,1022,CREDIBILITY_CAMOUFLAGE,TRADITIONAL_MEDIA,FAKE_NEWS_SOURCE,1.0,-1.0,1.0,-1.0,0.33,0.0,5.0,1.0,COMPLETE,0.12337,0.12716,0.002275,0.002,0.1323712446351931,0.0024409871244635,0.932,0.1364377682403433,0.0021459227467811,186400,24674,0.6425,3,2,2,2,3,1.0,0.12337,,127896,47417,455,10632,1,1,163
news-source-strategies,RQ3,E3-reach-mitigation,credibility_reach1_0_wom0,1023,CREDIBILITY_CAMOUFLAGE,TRADITIONAL_MEDIA,FAKE_NEWS_SOURCE,1.0,-1.0,1.0,-1.0,0.33,0.0,5.0,1.0,COMPLETE,0.123435,0.09812,0.00022,0.0,0.1344607843137255,0.000239651416122,0.918,0.1068845315904139,0.0,183600,24687,0.6525,3,2,2,2,2,1.0,0.123435,,122438,47488,44,13630,1,3,263
news-source-strategies,RQ3,E3-reach-mitigation,credibility_reach1_0_wom0,1024,CREDIBILITY_CAMOUFLAGE,TRADITIONAL_MEDIA,FAKE_NEWS_SOURCE,1.0,-1.0,1.0,-1.0,0.33,0.0,5.0,1.0,COMPLETE,0.14571,0.12724,0.00423,0.00272,0.1570150862068965,0.0045581896551724,0.928,0.1371120689655172,0.0029310344827586,185600,29142,0.6525,3,3,3,3,3,1.0,0.14571,,116333,59246,846,9175,1,2,2
news-source-strategies,RQ3,E3-reach-mitigation,credibility_reach1_0_wom0,1025,CREDIBILITY_CAMOUFLAGE,TRADITIONAL_MEDIA,FAKE_NEWS_SOURCE,1.0,-1.0,1.0,-1.0,0.33,0.0,5.0,1.0,COMPLETE,0.1529799999999999,0.1406,3.5000000000000004e-05,4e-05,0.1670087336244541,3.8209606986899565e-05,0.916,0.1534934497816593,4.366812227074236e-05,183200,30596,0.6875,3,1,1,1,1,1.0,0.1529799999999999,,119665,50808,7,12720,1,260,321
news-source-strategies,RQ3,E3-reach-mitigation,credibility_reach1_0_wom0,1026,CREDIBILITY_CAMOUFLAGE,TRADITIONAL_MEDIA,FAKE_NEWS_SOURCE,1.0,-1.0,1.0,-1.0,0.33,0.0,5.0,1.0,COMPLETE,0.130355,0.1367,0.002035,0.002,0.1432472527472527,0.0022362637362637,0.91,0.1502197802197802,0.0021978021978021,182000,26071,0.685,3,1,1,3,3,1.0,0.130355,,119362,49447,407,12784,1,53,75
news-source-strategies,RQ3,E3-reach-mitigation,credibility_reach1_0_wom0,1027,CREDIBILITY_CAMOUFLAGE,TRADITIONAL_MEDIA,FAKE_NEWS_SOURCE,1.0,-1.0,1.0,-1.0,0.33,0.0,5.0,1.0,COMPLETE,0.11899,0.10438,0.00173,0.00132,0.1301859956236324,0.0018927789934354,0.914,0.1142013129102844,0.0014442013129102,182800,23798,0.645,3,3,3,3,3,1.0,0.11899,,123853,50915,346,7686,1,1,2
news-source-strategies,RQ3,E3-reach-mitigation,credibility_reach1_0_wom0,1028,CREDIBILITY_CAMOUFLAGE,TRADITIONAL_MEDIA,FAKE_NEWS_SOURCE,1.0,-1.0,1.0,-1.0,0.33,0.0,5.0,1.0,COMPLETE,0.1289,0.13244,4.5e-05,0.0,0.1377136752136752,4.807692307692308e-05,0.936,0.1414957264957265,0.0,187200,25780,0.6675,3,2,2,2,2,1.0,0.1289,,126589,48140,9,12462,1,1,228
news-source-strategies,RQ3,E3-reach-mitigation,credibility_reach1_0_wom0,1029,CREDIBILITY_CAMOUFLAGE,TRADITIONAL_MEDIA,FAKE_NEWS_SOURCE,1.0,-1.0,1.0,-1.0,0.33,0.0,5.0,1.0,COMPLETE,0.12703,0.1338,0.00208,0.00218,0.1368857758620689,0.0022413793103448,0.928,0.1441810344827586,0.0023491379310344,185600,25406,0.625,4,2,2,2,2,1.0,0.12703,,124119,50208,416,10857,1,1,209
news-source-strategies,RQ3,E3-reach-mitigation,credibility_reach1_0_wom0,1030,CREDIBILITY_CAMOUFLAGE,TRADITIONAL_MEDIA,FAKE_NEWS_SOURCE,1.0,-1.0,1.0,-1.0,0.33,0.0,5.0,1.0,COMPLETE,0.14303,0.1492,0.0001049999999999,0.0,0.1592761692650334,0.0001169265033407,0.898,0.1661469933184855,0.0,179600,28606,0.65,2,1,1,2,2,2.0,0.14303,,116911,49100,21,13568,2,2,75
news-source-strategies,RQ3,E3-reach-mitigation,credibility_reach1_0_wom1,1001,CREDIBILITY_CAMOUFLAGE,TRADITIONAL_MEDIA,FAKE_NEWS_SOURCE,1.0,-1.0,1.0,-1.0,0.33,1.0,5.0,1.0,COMPLETE,0.081495,0.0419799999999999,0.00034,0.00016,0.0815137481620772,0.0003400782179901,0.99977,0.04198,0.00016,199954,16299,0.6975,17,6,7,8,16,1.0,0.081495,,192799,5462,68,1625,5,122,124
news-source-strategies,RQ3,E3-reach-mitigation,credibility_reach1_0_wom1,1002,CREDIBILITY_CAMOUFLAGE,TRADITIONAL_MEDIA,FAKE_NEWS_SOURCE,1.0,-1.0,1.0,-1.0,0.33,1.0,5.0,1.0,COMPLETE,0.10466,0.12708,6e-05,6e-05,0.1046851244298631,6.001440345682964e-05,0.99976,0.12708,6e-05,199952,20932,0.635,5,1,1,2,3,2.0,0.10466,,194492,3200,12,2248,88,196,366
news-source-strategies,RQ3,E3-reach-mitigation,credibility_reach1_0_wom1,1003,CREDIBILITY_CAMOUFLAGE,TRADITIONAL_MEDIA,FAKE_NEWS_SOURCE,1.0,-1.0,1.0,-1.0,0.33,1.0,5.0,1.0,COMPLETE,0.0774099999999999,0.06216,0.0003,0.00014,0.0774270339474684,0.0003000660145231,0.99978,0.06216,0.00014,199956,15482,0.6775,14,1,2,2,13,1.0,0.0774099999999999,,194441,3923,60,1532,111,118,170
news-source-strategies,RQ3,E3-reach-mitigation,credibility_reach1_0_wom1,1004,CREDIBILITY_CAMOUFLAGE,TRADITIONAL_MEDIA,FAKE_NEWS_SOURCE,1.0,-1.0,1.0,-1.0,0.33,1.0,5.0,1.0,COMPLETE,0.10695,0.05266,0.000525,0.0004,0.106969789411041,0.0005250971429714,0.999815,0.05266,0.0004,199963,21390,0.705,16,9,9,11,11,2.0,0.10695,,191562,5266,105,3030,4,24,308
news-source-strategies,RQ3,E3-reach-mitigation,credibility_reach1_0_wom1,1005,CREDIBILITY_CAMOUFLAGE,TRADITIONAL_MEDIA,FAKE_NEWS_SOURCE,1.0,-1.0,1.0,-1.0,0.33,1.0,5.0,1.0,COMPLETE,0.075465,0.08216,0.00019,0.00028,0.0754812284641197,0.0001900408587846,0.999785,0.08216,0.00028,199957,15093,0.6625,8,2,2,2,2,1.0,0.075465,,197399,1504,38,1016,11,246,247
news-source-strategies,RQ3,E3-reach-mitigation,credibility_reach1_0_wom1,1006,CREDIBILITY_CAMOUFLAGE,TRADITIONAL_MEDIA,FAKE_NEWS_SOURCE,1.0,-1.0,1.0,-1.0,0.33,1.0,5.0,1.0,COMPLETE,0.0912849999999999,0.14626,0.000385,0.00038,0.0913032606521304,0.000385077015403,0.9998,0.14626,0.00038,199960,18257,0.68,19,4,4,6,6,1.0,0.0912849999999999,,195857,2770,77,1256,58,216,282
news-source-strategies,RQ3,E3-reach-mitigation,credibility_reach1_0_wom1,1007,CREDIBILITY_CAMOUFLAGE,TRADITIONAL_MEDIA,FAKE_NEWS_SOURCE,1.0,-1.0,1.0,-1.0,0.33,1.0,5.0,1.0,COMPLETE,0.09209,0.09386,0.000265,0.00026,0.0921051973575639,0.0002650437322158,0.999835,0.09386,0.00026,199967,18418,0.6625,12,7,9,12,12,1.0,0.09209,,195710,2347,53,1857,17,19,30
news-source-strategies,RQ3,E3-reach-mitigation,credibility_reach1_0_wom1,1008,CREDIBILITY_CAMOUFLAGE,TRADITIONAL_MEDIA,FAKE_NEWS_SOURCE,1.0,-1.0,1.0,-1.0,0.33,1.0,5.0,1.0,COMPLETE,0.092595,0.0965999999999999,0.00022,0.00032,0.0926163017494023,0.0002200506116406,0.99977,0.0966,0.00032,199954,18519,0.7075,8,5,5,6,7,1.0,0.092595,,193826,3408,44,2676,1,15,61
news-source-strategies,RQ3,E3-reach-mitigation,credibility_reach1_0_wom1,1009,CREDIBILITY_CAMOUFLAGE,TRADITIONAL_MEDIA,FAKE_NEWS_SOURCE,1.0,-1.0,1.0,-1.0,0.33,1.0,5.0,1.0,COMPLETE,0.10026,0.08484,5e-06,2e-05,0.1002800560112022,5.001000200040008e-06,0.9998,0.08484,2e-05,199960,20052,0.665,1,0,0,0,0,394.0,0.10026,,193971,3601,1,2387,394,394,394
news-source-strategies,RQ3,E3-reach-mitigation,credibility_reach1_0_wom1,1010,CREDIBILITY_CAMOUFLAGE,TRADITIONAL_MEDIA,FAKE_NEWS_SOURCE,1.0,-1.0,1.0,-1.0,0.33,1.0,5.0,1.0,COMPLETE,0.093,0.1240999999999999,0.000115,0.00034,0.0930255820350596,0.0001150316336992,0.999725,0.1241,0.00034,199945,18600,0.64,6,2,2,2,2,1.0,0.093,,195130,3055,23,1737,7,339,354
news-source-strategies,RQ3,E3-reach-mitigation,credibility_reach1_0_wom1,1011,CREDIBILITY_CAMOUFLAGE,TRADITIONAL_MEDIA,FAKE_NEWS_SOURCE,1.0,-1.0,1.0,-1.0,0.33,1.0,5.0,1.0,COMPLETE,0.11325,0.11536,0.00022,0.0001,0.1132692557734814,0.000220037406359,0.99983,0.11536,0.0001,199966,22650,0.6525,10,4,8,8,10,2.0,0.11325,,186811,9487,44,3624,7,29,36
news-source-strategies,RQ3,E3-reach-mitigation,credibility_reach1_0_wom1,1012,CREDIBILITY_CAMOUFLAGE,TRADITIONAL_MEDIA,FAKE_NEWS_SOURCE,1.0,-1.0,1.0,-1.0,0.33,1.0,5.0,1.0,COMPLETE,0.096205,0.07452,5e-05,4e-05,0.0962232824236604,5.000950180534301e-05,0.99981,0.07452,4e-05,199962,19241,0.6675,2,1,1,1,2,1.0,0.096205,,193539,3832,10,2581,1,1,176
news-source-strategies,RQ3,E3-reach-mitigation,credibility_reach1_0_wom1,1013,CREDIBILITY_CAMOUFLAGE,TRADITIONAL_MEDIA,FAKE_NEWS_SOURCE,1.0,-1.0,1.0,-1.0,0.33,1.0,5.0,1.0,COMPLETE,0.10522,0.10504,0.00041,0.00014,0.105231575473302,0.0004100451049615,0.99989,0.10504,0.00014,199978,21044,0.705,18,5,5,10,18,1.0,0.10522,,191564,4969,82,3363,8,96,191
news-source-strategies,RQ3,E3-reach-mitigation,credibility_reach1_0_wom1,1014,CREDIBILITY_CAMOUFLAGE,TRADITIONAL_MEDIA,FAKE_NEWS_SOURCE,1.0,-1.0,1.0,-1.0,0.33,1.0,5.0,1.0,COMPLETE,0.09109,0.10776,0.00134,0.00256,0.0911073103889739,0.0013402546483831,0.99981,0.10776,0.00256,199962,18218,0.67,60,5,5,13,23,1.0,0.09109,,195267,2546,268,1881,102,263,363
news-source-strategies,RQ3,E3-reach-mitigation,credibility_reach1_0_wom1,1015,CREDIBILITY_CAMOUFLAGE,TRADITIONAL_MEDIA,FAKE_NEWS_SOURCE,1.0,-1.0,1.0,-1.0,0.33,1.0,5.0,1.0,COMPLETE,0.087225,0.08272,5e-05,0.0,0.0872441937226189,5.001100242053252e-05,0.99978,0.08272,0.0,199956,17445,0.6575,2,0,2,2,2,33.0,0.087225,,196064,2031,10,1851,33,33,45
news-source-strategies,RQ3,E3-reach-mitigation,credibility_reach1_0_wom1,1016,CREDIBILITY_CAMOUFLAGE,TRADITIONAL_MEDIA,FAKE_NEWS_SOURCE,1.0,-1.0,1.0,-1.0,0.33,1.0,5.0,1.0,COMPLETE,0.10149,0.11624,0.0001199999999999,0.00014,0.1015138557561026,0.0001200282066285,0.999765,0.11624,0.00014,199953,20298,0.6725,4,3,3,3,4,1.0,0.10149,,194009,4005,24,1915,1,1,2
news-source-strategies,RQ3,E3-reach-mitigation,credibility_reach1_0_wom1,1017,CREDIBILITY_CAMOUFLAGE,TRADITIONAL_MEDIA,FAKE_NEWS_SOURCE,1.0,-1.0,1.0,-1.0,0.33,1.0,5.0,1.0,COMPLETE,0.08667,0.07574,0.00027,0.00056,0.0866873374674935,0.0002700540108021,0.9998,0.07574,0.00056,199960,17334,0.6675,14,0,0,2,3,67.0,0.08667,,194907,3206,54,1793,219,226,387
news-source-strategies,RQ3,E3-reach-mitigation,credibility_reach1_0_wom1,1018,CREDIBILITY_CAMOUFLAGE,TRADITIONAL_MEDIA,FAKE_NEWS_SOURCE,1.0,-1.0,1.0,-1.0,0.33,1.0,5.0,1.0,COMPLETE,0.08669,0.168,8.999999999999999e-05,2e-05,0.0867129789394189,9.00238563219253e-05,0.999735,0.168,2e-05,199947,17338,0.68,5,3,5,5,5,1.0,0.08669,,195983,2252,18,1694,1,10,26
news-source-strategies,RQ3,E3-reach-mitigation,credibility_reach1_0_wom1,1019,CREDIBILITY_CAMOUFLAGE,TRADITIONAL_MEDIA,FAKE_NEWS_SOURCE,1.0,-1.0,1.0,-1.0,0.33,1.0,5.0,1.0,COMPLETE,0.1237849999999999,0.1456,8.5e-05,6e-05,0.1238091427828426,8.501657823275539e-05,0.999805,0.1456,6e-05,199961,24757,0.64,2,1,1,1,2,11.0,0.1237849999999999,,193397,3984,17,2563,11,11,171
news-source-strategies,RQ3,E3-reach-mitigation,credibility_reach1_0_wom1,1020,CREDIBILITY_CAMOUFLAGE,TRADITIONAL_MEDIA,FAKE_NEWS_SOURCE,1.0,-1.0,1.0,-1.0,0.33,1.0,5.0,1.0,COMPLETE,0.08601,0.07292,0.00013,8e-05,0.0860237638022083,0.0001300208033285,0.99984,0.07292,8e-05,199968,17202,0.6825,5,3,3,4,5,1.0,0.08601,,196028,2070,26,1844,2,19,77
news-source-strategies,RQ3,E3-reach-mitigation,credibility_reach1_0_wom1,1021,CREDIBILITY_CAMOUFLAGE,TRADITIONAL_MEDIA,FAKE_NEWS_SOURCE,1.0,-1.0,1.0,-1.0,0.33,1.0,5.0,1.0,COMPLETE,0.097305,0.10502,9.5e-05,8e-05,0.0973278720499317,9.50223302476082e-05,0.999765,0.10502,8e-05,199953,19461,0.6625,5,4,4,4,5,1.0,0.097305,,193363,3936,19,2635,3,4,17
news-source-strategies,RQ3,E3-reach-mitigation,credibility_reach1_0_wom1,1022,CREDIBILITY_CAMOUFLAGE,TRADITIONAL_MEDIA,FAKE_NEWS_SOURCE,1.0,-1.0,1.0,-1.0,0.33,1.0,5.0,1.0,COMPLETE,0.0944599999999999,0.12228,0.0001199999999999,0.00014,0.0944760609303581,0.0001200204034685,0.99983,0.12228,0.00014,199966,18892,0.66,5,2,2,3,4,1.0,0.0944599999999999,,195445,2503,24,1994,1,82,146
news-source-strategies,RQ3,E3-reach-mitigation,credibility_reach1_0_wom1,1023,CREDIBILITY_CAMOUFLAGE,TRADITIONAL_MEDIA,FAKE_NEWS_SOURCE,1.0,-1.0,1.0,-1.0,0.33,1.0,5.0,1.0,COMPLETE,0.09633,0.08368,0.00027,0.0002,0.0963497516990983,0.000270055361349,0.999795,0.08368,0.0002,199959,19266,0.6875,8,5,5,6,7,1.0,0.09633,,194788,3143,54,1974,2,3,81
news-source-strategies,RQ3,E3-reach-mitigation,credibility_reach1_0_wom1,1024,CREDIBILITY_CAMOUFLAGE,TRADITIONAL_MEDIA,FAKE_NEWS_SOURCE,1.0,-1.0,1.0,-1.0,0.33,1.0,5.0,1.0,COMPLETE,0.086095,0.10782,0.000285,0.0001199999999999,0.0861104998899802,0.0002850513092356,0.99982,0.10782,0.00012,199964,17219,0.69,8,4,7,8,8,1.0,0.086095,,193762,4312,57,1833,2,6,36
news-source-strategies,RQ3,E3-reach-mitigation,credibility_reach1_0_wom1,1025,CREDIBILITY_CAMOUFLAGE,TRADITIONAL_MEDIA,FAKE_NEWS_SOURCE,1.0,-1.0,1.0,-1.0,0.33,1.0,5.0,1.0,COMPLETE,0.081155,0.05122,8e-05,8e-05,0.0811720461296872,8.001680352874104e-05,0.99979,0.05122,8e-05,199958,16231,0.6875,3,1,2,2,2,1.0,0.081155,,192134,5275,16,2533,1,31,289
news-source-strategies,RQ3,E3-reach-mitigation,credibility_reach1_0_wom1,1026,CREDIBILITY_CAMOUFLAGE,TRADITIONAL_MEDIA,FAKE_NEWS_SOURCE,1.0,-1.0,1.0,-1.0,0.33,1.0,5.0,1.0,COMPLETE,0.084505,0.1263,8e-05,0.0001,0.0845240179040284,8.001800405091145e-05,0.999775,0.1263,0.0001,199955,16901,0.6675,6,2,3,4,5,1.0,0.084505,,196177,2000,16,1762,5,45,126
news-source-strategies,RQ3,E3-reach-mitigation,credibility_reach1_0_wom1,1027,CREDIBILITY_CAMOUFLAGE,TRADITIONAL_MEDIA,FAKE_NEWS_SOURCE,1.0,-1.0,1.0,-1.0,0.33,1.0,5.0,1.0,COMPLETE,0.08839,0.12478,0.00017,0.0002,0.0884090079367063,0.0001700365578599,0.999785,0.12478,0.0002,199957,17678,0.6975,7,3,4,4,5,1.0,0.08839,,194909,3221,34,1793,1,34,337
news-source-strategies,RQ3,E3-reach-mitigation,credibility_reach1_0_wom1,1028,CREDIBILITY_CAMOUFLAGE,TRADITIONAL_MEDIA,FAKE_NEWS_SOURCE,1.0,-1.0,1.0,-1.0,0.33,1.0,5.0,1.0,COMPLETE,0.0938349999999999,0.10238,4.5e-05,2e-05,0.0938500160025604,4.500720115218435e-05,0.99984,0.10238,2e-05,199968,18767,0.665,3,2,2,2,2,1.0,0.0938349999999999,,196631,2011,9,1317,1,1,344
news-source-strategies,RQ3,E3-reach-mitigation,credibility_reach1_0_wom1,1029,CREDIBILITY_CAMOUFLAGE,TRADITIONAL_MEDIA,FAKE_NEWS_SOURCE,1.0,-1.0,1.0,-1.0,0.33,1.0,5.0,1.0,COMPLETE,0.0938799999999999,0.06114,0.00016,0.0001799999999999,0.0938969014422596,0.0001600288051849,0.99982,0.06114,0.00018,199964,18776,0.6825,6,3,3,3,3,1.0,0.0938799999999999,,194188,3915,32,1829,1,3,224
news-source-strategies,RQ3,E3-reach-mitigation,credibility_reach1_0_wom1,1030,CREDIBILITY_CAMOUFLAGE,TRADITIONAL_MEDIA,FAKE_NEWS_SOURCE,1.0,-1.0,1.0,-1.0,0.33,1.0,5.0,1.0,COMPLETE,0.097395,0.12732,9.5e-05,0.0001799999999999,0.0974198420597252,9.502423117895063e-05,0.999745,0.12732,0.00018,199949,19479,0.7025,3,0,0,2,3,79.0,0.097395,,194379,3607,19,1944,79,84,172
news-source-strategies,RQ3,E3-reach-mitigation,credibility_reach0_0_wom0,1001,CREDIBILITY_CAMOUFLAGE,TRADITIONAL_MEDIA,FAKE_NEWS_SOURCE,1.0,-1.0,0.0,-1.0,0.33,0.0,5.0,1.0,COMPLETE,0.130685,0.0890799999999999,0.0,0.0,0.1439262114537444,0.0,0.908,0.0981057268722467,0.0,181600,26137,0.7075,0,0,0,0,0,,0.130685,,117632,50518,0,13450,1,1,1
news-source-strategies,RQ3,E3-reach-mitigation,credibility_reach0_0_wom0,1002,CREDIBILITY_CAMOUFLAGE,TRADITIONAL_MEDIA,FAKE_NEWS_SOURCE,1.0,-1.0,0.0,-1.0,0.33,0.0,5.0,1.0,COMPLETE,0.133285,0.11226,0.0,0.0,0.1474391592920354,0.0,0.904,0.1241814159292035,0.0,180800,26657,0.6475,0,0,0,0,0,,0.133285,,116003,52502,0,12295,1,1,1
news-source-strategies,RQ3,E3-reach-mitigation,credibility_reach0_0_wom0,1003,CREDIBILITY_CAMOUFLAGE,TRADITIONAL_MEDIA,FAKE_NEWS_SOURCE,1.0,-1.0,0.0,-1.0,0.33,0.0,5.0,1.0,COMPLETE,0.126315,0.10636,0.0,0.0,0.1385032894736842,0.0,0.912,0.1166228070175438,0.0,182400,25263,0.65,0,0,0,0,0,,0.126315,,122983,51873,0,7544,1,1,1
news-source-strategies,RQ3,E3-reach-mitigation,credibility_reach0_0_wom0,1004,CREDIBILITY_CAMOUFLAGE,TRADITIONAL_MEDIA,FAKE_NEWS_SOURCE,1.0,-1.0,0.0,-1.0,0.33,0.0,5.0,1.0,COMPLETE,0.14995,0.1691399999999999,0.0,0.0,0.1619330453563714,0.0,0.926,0.1826565874730021,0.0,185200,29990,0.69,0,0,0,0,0,,0.14995,,122099,50100,0,13001,1,1,1
news-source-strategies,RQ3,E3-reach-mitigation,credibility_reach0_0_wom0,1005,CREDIBILITY_CAMOUFLAGE,TRADITIONAL_MEDIA,FAKE_NEWS_SOURCE,1.0,-1.0,0.0,-1.0,0.33,0.0,5.0,1.0,COMPLETE,0.134425,0.1269,0.0,0.0,0.1473958333333333,0.0,0.912,0.1391447368421052,0.0,182400,26885,0.64,0,0,0,0,0,,0.134425,,115992,52699,0,13709,1,1,1
news-source-strategies,RQ3,E3-reach-mitigation,credibility_reach0_0_wom0,1006,CREDIBILITY_CAMOUFLAGE,TRADITIONAL_MEDIA,FAKE_NEWS_SOURCE,1.0,-1.0,0.0,-1.0,0.33,0.0,5.0,1.0,COMPLETE,0.136575,0.13566,0.0,0.0,0.1490993449781659,0.0,0.916,0.1481004366812227,0.0,183200,27315,0.6675,0,0,0,0,0,,0.136575,,122785,50067,0,10348,1,1,1
news-source-strategies,RQ3,E3-reach-mitigation,credibility_reach0_0_wom0,1007,CREDIBILITY_CAMOUFLAGE,TRADITIONAL_MEDIA,FAKE_NEWS_SOURCE,1.0,-1.0,0.0,-1.0,0.33,0.0,5.0,1.0,COMPLETE,0.148125,0.17094,0.0,0.0,0.1585920770877944,0.0,0.934,0.1830192719486081,0.0,186800,29625,0.65,0,0,0,0,0,,0.148125,,120035,54303,0,12462,1,1,1
news-source-strategies,RQ3,E3-reach-mitigation,credibility_reach0_0_wom0,1008,CREDIBILITY_CAMOUFLAGE,TRADITIONAL_MEDIA,FAKE_NEWS_SOURCE,1.0,-1.0,0.0,-1.0,0.33,0.0,5.0,1.0,COMPLETE,0.151055,0.1570399999999999,0.0,0.0,0.1663601321585903,0.0,0.908,0.1729515418502202,0.0,181600,30211,0.68,0,0,0,0,0,,0.151055,,112477,52762,0,16361,1,1,1
news-source-strategies,RQ3,E3-reach-mitigation,credibility_reach0_0_wom0,1009,CREDIBILITY_CAMOUFLAGE,TRADITIONAL_MEDIA,FAKE_NEWS_SOURCE,1.0,-1.0,0.0,-1.0,0.33,0.0,5.0,1.0,COMPLETE,0.16931,0.15806,0.0,0.0,0.1840326086956521,0.0,0.92,0.1718043478260869,0.0,184000,33862,0.6825,0,0,0,0,0,,0.16931,,118274,50843,0,14883,1,1,1
news-source-strategies,RQ3,E3-reach-mitigation,credibility_reach0_0_wom0,1010,CREDIBILITY_CAMOUFLAGE,TRADITIONAL_MEDIA,FAKE_NEWS_SOURCE,1.0,-1.0,0.0,-1.0,0.33,0.0,5.0,1.0,COMPLETE,0.1104899999999999,0.11292,0.0,0.0,0.1244256756756756,0.0,0.888,0.1271621621621621,0.0,177600,22098,0.6575,0,0,0,0,0,,0.1104899999999999,,115097,50183,0,12320,1,1,1
news-source-strategies,RQ3,E3-reach-mitigation,credibility_reach0_0_wom0,1011,CREDIBILITY_CAMOUFLAGE,TRADITIONAL_MEDIA,FAKE_NEWS_SOURCE,1.0,-1.0,0.0,-1.0,0.33,0.0,5.0,1.0,COMPLETE,0.15018,0.15346,0.0,0.0,0.161137339055794,0.0,0.932,0.164656652360515,0.0,186400,30036,0.6675,0,0,0,0,0,,0.15018,,122472,48403,0,15525,1,1,1
news-source-strategies,RQ3,E3-reach-mitigation,credibility_reach0_0_wom0,1012,CREDIBILITY_CAMOUFLAGE,TRADITIONAL_MEDIA,FAKE_NEWS_SOURCE,1.0,-1.0,0.0,-1.0,0.33,0.0,5.0,1.0,COMPLETE,0.15139,0.1422199999999999,0.0,0.0,0.1641973969631236,0.0,0.922,0.1542516268980477,0.0,184400,30278,0.635,0,0,0,0,0,,0.15139,,117127,57329,0,9944,1,1,1
news-source-strategies,RQ3,E3-reach-mitigation,credibility_reach0_0_wom0,1013,CREDIBILITY_CAMOUFLAGE,TRADITIONAL_MEDIA,FAKE_NEWS_SOURCE,1.0,-1.0,0.0,-1.0,0.33,0.0,5.0,1.0,COMPLETE,0.12684,0.11792,0.0,0.0,0.1326778242677824,0.0,0.956,0.123347280334728,0.0,191200,25368,0.68,0,0,0,0,0,,0.12684,,128310,50676,0,12214,1,1,1
news-source-strategies,RQ3,E3-reach-mitigation,credibility_reach0_0_wom0,1014,CREDIBILITY_CAMOUFLAGE,TRADITIONAL_MEDIA,FAKE_NEWS_SOURCE,1.0,-1.0,0.0,-1.0,0.33,0.0,5.0,1.0,COMPLETE,0.13358,0.10674,0.0,0.0,0.145195652173913,0.0,0.92,0.1160217391304347,0.0,184000,26716,0.67,0,0,0,0,0,,0.13358,,126022,48404,0,9574,1,1,1
news-source-strategies,RQ3,E3-reach-mitigation,credibility_reach0_0_wom0,1015,CREDIBILITY_CAMOUFLAGE,TRADITIONAL_MEDIA,FAKE_NEWS_SOURCE,1.0,-1.0,0.0,-1.0,0.33,0.0,5.0,1.0,COMPLETE,0.125565,0.13354,0.0,0.0,0.1376809210526315,0.0,0.912,0.1464254385964912,0.0,182400,25113,0.6775,0,0,0,0,0,,0.125565,,113640,54275,0,14485,1,1,1
news-source-strategies,RQ3,E3-reach-mitigation,credibility_reach0_0_wom0,1016,CREDIBILITY_CAMOUFLAGE,TRADITIONAL_MEDIA,FAKE_NEWS_SOURCE,1.0,-1.0,0.0,-1.0,0.33,0.0,5.0,1.0,COMPLETE,0.113155,0.095,0.0,0.0,0.1251714601769911,0.0,0.904,0.1050884955752212,0.0,180800,22631,0.66,0,0,0,0,0,,0.113155,,128225,40536,0,12039,1,1,1
news-source-strategies,RQ3,E3-reach-mitigation,credibility_reach0_0_wom0,1017,CREDIBILITY_CAMOUFLAGE,TRADITIONAL_MEDIA,FAKE_NEWS_SOURCE,1.0,-1.0,0.0,-1.0,0.33,0.0,5.0,1.0,COMPLETE,0.1244099999999999,0.09778,0.0,0.0,0.1352282608695652,0.0,0.92,0.1062826086956521,0.0,184000,24882,0.6925,0,0,0,0,0,,0.1244099999999999,,122925,46937,0,14138,1,1,1
news-source-strategies,RQ3,E3-reach-mitigation,credibility_reach0_0_wom0,1018,CREDIBILITY_CAMOUFLAGE,TRADITIONAL_MEDIA,FAKE_NEWS_SOURCE,1.0,-1.0,0.0,-1.0,0.33,0.0,5.0,1.0,COMPLETE,0.12538,0.09968,0.0,0.0,0.1402460850111856,0.0,0.894,0.1114988814317673,0.0,178800,25076,0.67,0,0,0,0,0,,0.12538,,112350,53352,0,13098,1,1,1
news-source-strategies,RQ3,E3-reach-mitigation,credibility_reach0_0_wom0,1019,CREDIBILITY_CAMOUFLAGE,TRADITIONAL_MEDIA,FAKE_NEWS_SOURCE,1.0,-1.0,0.0,-1.0,0.33,0.0,5.0,1.0,COMPLETE,0.1248799999999999,0.12356,0.0,0.0,0.1354446854663774,0.0,0.922,0.1340130151843817,0.0,184400,24976,0.6475,0,0,0,0,0,,0.1248799999999999,,122399,50456,0,11545,1,1,1
news-source-strategies,RQ3,E3-reach-mitigation,credibility_reach0_0_wom0,1020,CREDIBILITY_CAMOUFLAGE,TRADITIONAL_MEDIA,FAKE_NEWS_SOURCE,1.0,-1.0,0.0,-1.0,0.33,0.0,5.0,1.0,COMPLETE,0.1317299999999999,0.12958,0.0,0.0,0.1407371794871794,0.0,0.936,0.1384401709401709,0.0,187200,26346,0.66,0,0,0,0,0,,0.1317299999999999,,115557,57314,0,14329,1,1,1
news-source-strategies,RQ3,E3-reach-mitigation,credibility_reach0_0_wom0,1021,CREDIBILITY_CAMOUFLAGE,TRADITIONAL_MEDIA,FAKE_NEWS_SOURCE,1.0,-1.0,0.0,-1.0,0.33,0.0,5.0,1.0,COMPLETE,0.137295,0.11676,0.0,0.0,0.1515397350993377,0.0,0.906,0.1288741721854304,0.0,181200,27459,0.635,0,0,0,0,0,,0.137295,,124502,44710,0,11988,1,1,1
news-source-strategies,RQ3,E3-reach-mitigation,credibility_reach0_0_wom0,1022,CREDIBILITY_CAMOUFLAGE,TRADITIONAL_MEDIA,FAKE_NEWS_SOURCE,1.0,-1.0,0.0,-1.0,0.33,0.0,5.0,1.0,COMPLETE,0.128935,0.11584,0.0,0.0,0.1386397849462365,0.0,0.93,0.1245591397849462,0.0,186000,25787,0.675,0,0,0,0,0,,0.128935,,127457,47050,0,11493,1,1,1
news-source-strategies,RQ3,E3-reach-mitigation,credibility_reach0_0_wom0,1023,CREDIBILITY_CAMOUFLAGE,TRADITIONAL_MEDIA,FAKE_NEWS_SOURCE,1.0,-1.0,0.0,-1.0,0.33,0.0,5.0,1.0,COMPLETE,0.12332,0.09812,0.0,0.0,0.1343355119825708,0.0,0.918,0.1068845315904139,0.0,183600,24664,0.6525,0,0,0,0,0,,0.12332,,122479,47488,0,13633,1,1,1
news-source-strategies,RQ3,E3-reach-mitigation,credibility_reach0_0_wom0,1024,CREDIBILITY_CAMOUFLAGE,TRADITIONAL_MEDIA,FAKE_NEWS_SOURCE,1.0,-1.0,0.0,-1.0,0.33,0.0,5.0,1.0,COMPLETE,0.1322549999999999,0.1205,0.0,0.0,0.1428239740820734,0.0,0.926,0.1301295896328293,0.0,185200,26451,0.6975,0,0,0,0,0,,0.1322549999999999,,115808,58016,0,11376,1,1,1
news-source-strategies,RQ3,E3-reach-mitigation,credibility_reach0_0_wom0,1025,CREDIBILITY_CAMOUFLAGE,TRADITIONAL_MEDIA,FAKE_NEWS_SOURCE,1.0,-1.0,0.0,-1.0,0.33,0.0,5.0,1.0,COMPLETE,0.152965,0.14058,0.0,0.0,0.1669923580786026,0.0,0.916,0.153471615720524,0.0,183200,30593,0.6875,0,0,0,0,0,,0.152965,,119670,50810,0,12720,1,1,1
news-source-strategies,RQ3,E3-reach-mitigation,credibility_reach0_0_wom0,1026,CREDIBILITY_CAMOUFLAGE,TRADITIONAL_MEDIA,FAKE_NEWS_SOURCE,1.0,-1.0,0.0,-1.0,0.33,0.0,5.0,1.0,COMPLETE,0.116625,0.13356,0.0,0.0,0.1284416299559471,0.0,0.908,0.1470925110132158,0.0,181600,23325,0.67,0,0,0,0,0,,0.116625,,121330,46997,0,13273,1,1,1
news-source-strategies,RQ3,E3-reach-mitigation,credibility_reach0_0_wom0,1027,CREDIBILITY_CAMOUFLAGE,TRADITIONAL_MEDIA,FAKE_NEWS_SOURCE,1.0,-1.0,0.0,-1.0,0.33,0.0,5.0,1.0,COMPLETE,0.118095,0.1036,0.0,0.0,0.129206783369803,0.0,0.914,0.1133479212253829,0.0,182800,23619,0.645,0,0,0,0,0,,0.118095,,123899,51215,0,7686,1,1,1
news-source-strategies,RQ3,E3-reach-mitigation,credibility_reach0_0_wom0,1028,CREDIBILITY_CAMOUFLAGE,TRADITIONAL_MEDIA,FAKE_NEWS_SOURCE,1.0,-1.0,0.0,-1.0,0.33,0.0,5.0,1.0,COMPLETE,0.128885,0.13244,0.0,0.0,0.1376976495726495,0.0,0.936,0.1414957264957265,0.0,187200,25777,0.6675,0,0,0,0,0,,0.128885,,126589,48149,0,12462,1,1,1
news-source-strategies,RQ3,E3-reach-mitigation,credibility_reach0_0_wom0,1029,CREDIBILITY_CAMOUFLAGE,TRADITIONAL_MEDIA,FAKE_NEWS_SOURCE,1.0,-1.0,0.0,-1.0,0.33,0.0,5.0,1.0,COMPLETE,0.144815,0.13948,0.0,0.0,0.1563876889848812,0.0,0.926,0.1506263498920086,0.0,185200,28963,0.655,0,0,0,0,0,,0.144815,,123381,49134,0,12685,1,1,1
news-source-strategies,RQ3,E3-reach-mitigation,credibility_reach0_0_wom0,1030,CREDIBILITY_CAMOUFLAGE,TRADITIONAL_MEDIA,FAKE_NEWS_SOURCE,1.0,-1.0,0.0,-1.0,0.33,0.0,5.0,1.0,COMPLETE,0.143175,0.1493199999999999,0.0,0.0,0.1594376391982182,0.0,0.898,0.1662806236080178,0.0,179600,28635,0.65,0,0,0,0,0,,0.143175,,116531,49501,0,13568,1,1,1
news-source-strategies,RQ3,E3-reach-mitigation,credibility_reach0_0_wom1,1001,CREDIBILITY_CAMOUFLAGE,TRADITIONAL_MEDIA,FAKE_NEWS_SOURCE,1.0,-1.0,0.0,-1.0,0.33,1.0,5.0,1.0,COMPLETE,0.081395,0.04206,0.0,0.0,0.081413725156786,0.0,0.99977,0.04206,0.0,199954,16279,0.6975,0,0,0,0,0,,0.081395,,192805,5500,0,1649,1,1,1
news-source-strategies,RQ3,E3-reach-mitigation,credibility_reach0_0_wom1,1002,CREDIBILITY_CAMOUFLAGE,TRADITIONAL_MEDIA,FAKE_NEWS_SOURCE,1.0,-1.0,0.0,-1.0,0.33,1.0,5.0,1.0,COMPLETE,0.104645,0.1271,0.0,0.0,0.1046701208289989,0.0,0.99976,0.1271,0.0,199952,20929,0.635,0,0,0,0,0,,0.104645,,194491,3205,0,2256,1,1,1
news-source-strategies,RQ3,E3-reach-mitigation,credibility_reach0_0_wom1,1003,CREDIBILITY_CAMOUFLAGE,TRADITIONAL_MEDIA,FAKE_NEWS_SOURCE,1.0,-1.0,0.0,-1.0,0.33,1.0,5.0,1.0,COMPLETE,0.07745,0.0621199999999999,0.0,0.0,0.0774670427494048,0.0,0.99978,0.06212,0.0,199956,15490,0.6775,0,0,0,0,0,,0.07745,,194362,4010,0,1584,1,1,1
news-source-strategies,RQ3,E3-reach-mitigation,credibility_reach0_0_wom1,1004,CREDIBILITY_CAMOUFLAGE,TRADITIONAL_MEDIA,FAKE_NEWS_SOURCE,1.0,-1.0,0.0,-1.0,0.33,1.0,5.0,1.0,COMPLETE,0.106715,0.05236,0.0,0.0,0.1067347459279966,0.0,0.999815,0.05236,0.0,199963,21343,0.705,0,0,0,0,0,,0.106715,,191552,5312,0,3099,1,1,1
news-source-strategies,RQ3,E3-reach-mitigation,credibility_reach0_0_wom1,1005,CREDIBILITY_CAMOUFLAGE,TRADITIONAL_MEDIA,FAKE_NEWS_SOURCE,1.0,-1.0,0.0,-1.0,0.33,1.0,5.0,1.0,COMPLETE,0.094275,0.07392,0.0,0.0,0.094295745063914,0.0,0.99978,0.07392,0.0,199956,18855,0.6475,0,0,0,0,0,,0.094275,,193791,3399,0,2766,1,1,1
news-source-strategies,RQ3,E3-reach-mitigation,credibility_reach0_0_wom1,1006,CREDIBILITY_CAMOUFLAGE,TRADITIONAL_MEDIA,FAKE_NEWS_SOURCE,1.0,-1.0,0.0,-1.0,0.33,1.0,5.0,1.0,COMPLETE,0.097955,0.0957,0.0,0.0,0.0979755748707228,0.0,0.99979,0.0957,0.0,199958,19591,0.635,0,0,0,0,0,,0.097955,,195222,2996,0,1740,1,1,1
news-source-strategies,RQ3,E3-reach-mitigation,credibility_reach0_0_wom1,1007,CREDIBILITY_CAMOUFLAGE,TRADITIONAL_MEDIA,FAKE_NEWS_SOURCE,1.0,-1.0,0.0,-1.0,0.33,1.0,5.0,1.0,COMPLETE,0.0918949999999999,0.09368,0.0,0.0,0.0919101651772542,0.0,0.999835,0.09368,0.0,199967,18379,0.6625,0,0,0,0,0,,0.0918949999999999,,195717,2393,0,1857,1,1,1
news-source-strategies,RQ3,E3-reach-mitigation,credibility_reach0_0_wom1,1008,CREDIBILITY_CAMOUFLAGE,TRADITIONAL_MEDIA,FAKE_NEWS_SOURCE,1.0,-1.0,0.0,-1.0,0.33,1.0,5.0,1.0,COMPLETE,0.092495,0.0965,0.0,0.0,0.0925162787441111,0.0,0.99977,0.0965,0.0,199954,18499,0.7075,0,0,0,0,0,,0.092495,,193885,3393,0,2676,1,1,1
news-source-strategies,RQ3,E3-reach-mitigation,credibility_reach0_0_wom1,1009,CREDIBILITY_CAMOUFLAGE,TRADITIONAL_MEDIA,FAKE_NEWS_SOURCE,1.0,-1.0,0.0,-1.0,0.33,1.0,5.0,1.0,COMPLETE,0.100255,0.0848199999999999,0.0,0.0,0.1002750550110022,0.0,0.9998,0.08482,0.0,199960,20051,0.665,0,0,0,0,0,,0.100255,,193971,3602,0,2387,1,1,1
news-source-strategies,RQ3,E3-reach-mitigation,credibility_reach0_0_wom1,1010,CREDIBILITY_CAMOUFLAGE,TRADITIONAL_MEDIA,FAKE_NEWS_SOURCE,1.0,-1.0,0.0,-1.0,0.33,1.0,5.0,1.0,COMPLETE,0.110165,0.07454,0.0,0.0,0.110195854839355,0.0,0.99972,0.07454,0.0,199944,22033,0.6675,0,0,0,0,0,,0.110165,,193104,4664,0,2176,1,1,1
news-source-strategies,RQ3,E3-reach-mitigation,credibility_reach0_0_wom1,1011,CREDIBILITY_CAMOUFLAGE,TRADITIONAL_MEDIA,FAKE_NEWS_SOURCE,1.0,-1.0,0.0,-1.0,0.33,1.0,5.0,1.0,COMPLETE,0.11268,0.11544,0.0,0.0,0.1126991588570057,0.0,0.99983,0.11544,0.0,199966,22536,0.6525,0,0,0,0,0,,0.11268,,187225,9046,0,3695,1,1,1
news-source-strategies,RQ3,E3-reach-mitigation,credibility_reach0_0_wom1,1012,CREDIBILITY_CAMOUFLAGE,TRADITIONAL_MEDIA,FAKE_NEWS_SOURCE,1.0,-1.0,0.0,-1.0,0.33,1.0,5.0,1.0,COMPLETE,0.1123,0.08406,0.0,0.0,0.1123219027710403,0.0,0.999805,0.08406,0.0,199961,22460,0.675,0,0,0,0,0,,0.1123,,193676,3595,0,2690,1,1,1
news-source-strategies,RQ3,E3-reach-mitigation,credibility_reach0_0_wom1,1013,CREDIBILITY_CAMOUFLAGE,TRADITIONAL_MEDIA,FAKE_NEWS_SOURCE,1.0,-1.0,0.0,-1.0,0.33,1.0,5.0,1.0,COMPLETE,0.105025,0.10496,0.0,0.0,0.1050365540209423,0.0,0.99989,0.10496,0.0,199978,21005,0.705,0,0,0,0,0,,0.105025,,191603,5003,0,3372,1,1,1
news-source-strategies,RQ3,E3-reach-mitigation,credibility_reach0_0_wom1,1014,CREDIBILITY_CAMOUFLAGE,TRADITIONAL_MEDIA,FAKE_NEWS_SOURCE,1.0,-1.0,0.0,-1.0,0.33,1.0,5.0,1.0,COMPLETE,0.0788949999999999,0.06322,0.0,0.0,0.0789107821564312,0.0,0.9998,0.06322,0.0,199960,15779,0.6225,0,0,0,0,0,,0.0788949999999999,,197051,1750,0,1159,1,1,1
news-source-strategies,RQ3,E3-reach-mitigation,credibility_reach0_0_wom1,1015,CREDIBILITY_CAMOUFLAGE,TRADITIONAL_MEDIA,FAKE_NEWS_SOURCE,1.0,-1.0,0.0,-1.0,0.33,1.0,5.0,1.0,COMPLETE,0.08721,0.08272,0.0,0.0,0.0872291904218928,0.0,0.99978,0.08272,0.0,199956,17442,0.6575,0,0,0,0,0,,0.08721,,196073,2033,0,1850,1,1,1
news-source-strategies,RQ3,E3-reach-mitigation,credibility_reach0_0_wom1,1016,CREDIBILITY_CAMOUFLAGE,TRADITIONAL_MEDIA,FAKE_NEWS_SOURCE,1.0,-1.0,0.0,-1.0,0.33,1.0,5.0,1.0,COMPLETE,0.09486,0.11544,0.0,0.0,0.0948827718652476,0.0,0.99976,0.11544,0.0,199952,18972,0.6775,0,0,0,0,0,,0.09486,,195486,2386,0,2080,1,1,1
news-source-strategies,RQ3,E3-reach-mitigation,credibility_reach0_0_wom1,1017,CREDIBILITY_CAMOUFLAGE,TRADITIONAL_MEDIA,FAKE_NEWS_SOURCE,1.0,-1.0,0.0,-1.0,0.33,1.0,5.0,1.0,COMPLETE,0.08638,0.07492,0.0,0.0,0.0863972794558911,0.0,0.9998,0.07492,0.0,199960,17276,0.6675,0,0,0,0,0,,0.08638,,195023,3152,0,1785,1,1,1
news-source-strategies,RQ3,E3-reach-mitigation,credibility_reach0_0_wom1,1018,CREDIBILITY_CAMOUFLAGE,TRADITIONAL_MEDIA,FAKE_NEWS_SOURCE,1.0,-1.0,0.0,-1.0,0.33,1.0,5.0,1.0,COMPLETE,0.08665,0.16802,0.0,0.0,0.0866729683366092,0.0,0.999735,0.16802,0.0,199947,17330,0.68,0,0,0,0,0,,0.08665,,195964,2295,0,1688,1,1,1
news-source-strategies,RQ3,E3-reach-mitigation,credibility_reach0_0_wom1,1019,CREDIBILITY_CAMOUFLAGE,TRADITIONAL_MEDIA,FAKE_NEWS_SOURCE,1.0,-1.0,0.0,-1.0,0.33,1.0,5.0,1.0,COMPLETE,0.123765,0.14568,0.0,0.0,0.123789138882082,0.0,0.999805,0.14568,0.0,199961,24753,0.64,0,0,0,0,0,,0.123765,,193398,3988,0,2575,1,1,1
news-source-strategies,RQ3,E3-reach-mitigation,credibility_reach0_0_wom1,1020,CREDIBILITY_CAMOUFLAGE,TRADITIONAL_MEDIA,FAKE_NEWS_SOURCE,1.0,-1.0,0.0,-1.0,0.33,1.0,5.0,1.0,COMPLETE,0.08592,0.07286,0.0,0.0,0.0859337493999039,0.0,0.99984,0.07286,0.0,199968,17184,0.6825,0,0,0,0,0,,0.08592,,196052,2072,0,1844,1,1,1
news-source-strategies,RQ3,E3-reach-mitigation,credibility_reach0_0_wom1,1021,CREDIBILITY_CAMOUFLAGE,TRADITIONAL_MEDIA,FAKE_NEWS_SOURCE,1.0,-1.0,0.0,-1.0,0.33,1.0,5.0,1.0,COMPLETE,0.097565,0.10506,0.0,0.0,0.0975879331642936,0.0,0.999765,0.10506,0.0,199953,19513,0.6625,0,0,0,0,0,,0.097565,,193200,3968,0,2785,1,1,1
news-source-strategies,RQ3,E3-reach-mitigation,credibility_reach0_0_wom1,1022,CREDIBILITY_CAMOUFLAGE,TRADITIONAL_MEDIA,FAKE_NEWS_SOURCE,1.0,-1.0,0.0,-1.0,0.33,1.0,5.0,1.0,COMPLETE,0.0938199999999999,0.10402,0.0,0.0,0.0938364213737404,0.0,0.999825,0.10402,0.0,199965,18764,0.685,0,0,0,0,0,,0.0938199999999999,,196069,2369,0,1527,1,1,1
news-source-strategies,RQ3,E3-reach-mitigation,credibility_reach0_0_wom1,1023,CREDIBILITY_CAMOUFLAGE,TRADITIONAL_MEDIA,FAKE_NEWS_SOURCE,1.0,-1.0,0.0,-1.0,0.33,1.0,5.0,1.0,COMPLETE,0.0962099999999999,0.08362,0.0,0.0,0.0962297270940542,0.0,0.999795,0.08362,0.0,199959,19242,0.6875,0,0,0,0,0,,0.0962099999999999,,194812,3139,0,2008,1,1,1
news-source-strategies,RQ3,E3-reach-mitigation,credibility_reach0_0_wom1,1024,CREDIBILITY_CAMOUFLAGE,TRADITIONAL_MEDIA,FAKE_NEWS_SOURCE,1.0,-1.0,0.0,-1.0,0.33,1.0,5.0,1.0,COMPLETE,0.11097,0.11886,0.0,0.0,0.110990533248651,0.0,0.999815,0.11886,0.0,199963,22194,0.6825,0,0,0,0,0,,0.11097,,195178,3078,0,1707,1,1,1
news-source-strategies,RQ3,E3-reach-mitigation,credibility_reach0_0_wom1,1025,CREDIBILITY_CAMOUFLAGE,TRADITIONAL_MEDIA,FAKE_NEWS_SOURCE,1.0,-1.0,0.0,-1.0,0.33,1.0,5.0,1.0,COMPLETE,0.08115,0.05114,0.0,0.0,0.0811670450794666,0.0,0.99979,0.05114,0.0,199958,16230,0.6875,0,0,0,0,0,,0.08115,,192121,5301,0,2536,1,1,1
news-source-strategies,RQ3,E3-reach-mitigation,credibility_reach0_0_wom1,1026,CREDIBILITY_CAMOUFLAGE,TRADITIONAL_MEDIA,FAKE_NEWS_SOURCE,1.0,-1.0,0.0,-1.0,0.33,1.0,5.0,1.0,COMPLETE,0.092345,0.10326,0.0,0.0,0.0923662442361743,0.0,0.99977,0.10326,0.0,199954,18469,0.6575,0,0,0,0,0,,0.092345,,194000,3841,0,2113,1,1,1
news-source-strategies,RQ3,E3-reach-mitigation,credibility_reach0_0_wom1,1027,CREDIBILITY_CAMOUFLAGE,TRADITIONAL_MEDIA,FAKE_NEWS_SOURCE,1.0,-1.0,0.0,-1.0,0.33,1.0,5.0,1.0,COMPLETE,0.08834,0.12494,0.0,0.0,0.0883589971843946,0.0,0.999785,0.12494,0.0,199957,17668,0.6975,0,0,0,0,0,,0.08834,,194956,3225,0,1776,1,1,1
news-source-strategies,RQ3,E3-reach-mitigation,credibility_reach0_0_wom1,1028,CREDIBILITY_CAMOUFLAGE,TRADITIONAL_MEDIA,FAKE_NEWS_SOURCE,1.0,-1.0,0.0,-1.0,0.33,1.0,5.0,1.0,COMPLETE,0.093785,0.10224,0.0,0.0,0.0938000080012802,0.0,0.99984,0.10224,0.0,199968,18757,0.665,0,0,0,0,0,,0.093785,,196649,2002,0,1317,1,1,1
news-source-strategies,RQ3,E3-reach-mitigation,credibility_reach0_0_wom1,1029,CREDIBILITY_CAMOUFLAGE,TRADITIONAL_MEDIA,FAKE_NEWS_SOURCE,1.0,-1.0,0.0,-1.0,0.33,1.0,5.0,1.0,COMPLETE,0.08665,0.04228,0.0,0.0,0.0866660332161449,0.0,0.999815,0.04228,0.0,199963,17330,0.7,0,0,0,0,0,,0.08665,,195037,3030,0,1896,1,1,1
news-source-strategies,RQ3,E3-reach-mitigation,credibility_reach0_0_wom1,1030,CREDIBILITY_CAMOUFLAGE,TRADITIONAL_MEDIA,FAKE_NEWS_SOURCE,1.0,-1.0,0.0,-1.0,0.33,1.0,5.0,1.0,COMPLETE,0.09734,0.12724,0.0,0.0,0.0973648280311479,0.0,0.999745,0.12724,0.0,199949,19468,0.7025,0,0,0,0,0,,0.09734,,194360,3671,0,1918,1,1,1
news-source-strategies,RQ3,E3-reach-mitigation,informational_reach14_7_wom0,1001,INFORMATIONAL_CAMOUFLAGE,TRADITIONAL_MEDIA,FAKE_NEWS_SOURCE,1.0,-1.0,14.7,-1.0,0.33,0.0,5.0,1.0,COMPLETE,0.1306,0.10066,0.018475,0.01842,0.1425764192139738,0.0201692139737991,0.916,0.1098908296943231,0.0201091703056768,183200,26120,0.7075,37,20,24,29,31,1.0,0.1306,,111641,54395,3695,13469,1,19,70
news-source-strategies,RQ3,E3-reach-mitigation,informational_reach14_7_wom0,1002,INFORMATIONAL_CAMOUFLAGE,TRADITIONAL_MEDIA,FAKE_NEWS_SOURCE,1.0,-1.0,14.7,-1.0,0.33,0.0,5.0,1.0,COMPLETE,0.157995,0.14202,0.032045,0.03154,0.1713611713665943,0.0347559652928416,0.922,0.1540347071583514,0.0342082429501084,184400,31599,0.6475,35,27,28,29,32,1.0,0.157995,,116195,51609,6409,10187,1,1,21
news-source-strategies,RQ3,E3-reach-mitigation,informational_reach14_7_wom0,1003,INFORMATIONAL_CAMOUFLAGE,TRADITIONAL_MEDIA,FAKE_NEWS_SOURCE,1.0,-1.0,14.7,-1.0,0.33,0.0,5.0,1.0,COMPLETE,0.16747,0.14596,0.0235949999999999,0.0207,0.18085313174946,0.0254805615550755,0.926,0.1576241900647948,0.0223542116630669,185200,33494,0.6675,38,27,28,30,33,1.0,0.16747,,118550,55323,4719,6608,1,2,73
news-source-strategies,RQ3,E3-reach-mitigation,informational_reach14_7_wom0,1004,INFORMATIONAL_CAMOUFLAGE,TRADITIONAL_MEDIA,FAKE_NEWS_SOURCE,1.0,-1.0,14.7,-1.0,0.33,0.0,5.0,1.0,COMPLETE,0.128845,0.11754,0.01662,0.01424,0.1385430107526881,0.0178709677419354,0.93,0.1263870967741935,0.0153118279569892,186000,25769,0.655,38,18,20,23,27,1.0,0.128845,,115296,54662,3324,12718,1,27,262
news-source-strategies,RQ3,E3-reach-mitigation,informational_reach14_7_wom0,1005,INFORMATIONAL_CAMOUFLAGE,TRADITIONAL_MEDIA,FAKE_NEWS_SOURCE,1.0,-1.0,14.7,-1.0,0.33,0.0,5.0,1.0,COMPLETE,0.165405,0.17978,0.0279549999999999,0.02804,0.1782381465517241,0.0301239224137931,0.928,0.193728448275862,0.0302155172413793,185600,33081,0.6575,38,23,26,28,31,1.0,0.165405,,112428,54312,5591,13269,1,2,135
news-source-strategies,RQ3,E3-reach-mitigation,informational_reach14_7_wom0,1006,INFORMATIONAL_CAMOUFLAGE,TRADITIONAL_MEDIA,FAKE_NEWS_SOURCE,1.0,-1.0,14.7,-1.0,0.33,0.0,5.0,1.0,COMPLETE,0.1455,0.14382,0.02916,0.02612,0.1557815845824411,0.031220556745182,0.934,0.1539828693790149,0.0279657387580299,186800,29100,0.63,44,26,29,31,36,1.0,0.1455,,118991,50914,5832,11063,1,2,115
news-source-strategies,RQ3,E3-reach-mitigation,informational_reach14_7_wom0,1007,INFORMATIONAL_CAMOUFLAGE,TRADITIONAL_MEDIA,FAKE_NEWS_SOURCE,1.0,-1.0,14.7,-1.0,0.33,0.0,5.0,1.0,COMPLETE,0.158865,0.2016399999999999,0.02538,0.02578,0.1675791139240506,0.0267721518987341,0.948,0.2127004219409282,0.0271940928270042,189600,31773,0.6825,41,35,35,36,39,1.0,0.158865,,124600,47619,5076,12305,1,1,12
news-source-strategies,RQ3,E3-reach-mitigation,informational_reach14_7_wom0,1008,INFORMATIONAL_CAMOUFLAGE,TRADITIONAL_MEDIA,FAKE_NEWS_SOURCE,1.0,-1.0,14.7,-1.0,0.33,0.0,5.0,1.0,COMPLETE,0.15116,0.11328,0.037295,0.03694,0.1628879310344827,0.0401885775862069,0.928,0.1220689655172413,0.0398060344827586,185600,30232,0.635,48,35,38,39,44,1.0,0.15116,,111567,51332,7459,15242,1,1,32
news-source-strategies,RQ3,E3-reach-mitigation,informational_reach14_7_wom0,1009,INFORMATIONAL_CAMOUFLAGE,TRADITIONAL_MEDIA,FAKE_NEWS_SOURCE,1.0,-1.0,14.7,-1.0,0.33,0.0,5.0,1.0,COMPLETE,0.146685,0.1697,0.02036,0.01686,0.1577258064516129,0.0218924731182795,0.93,0.1824731182795698,0.0181290322580645,186000,29337,0.655,30,21,21,22,24,1.0,0.146685,,119610,51328,4072,10990,1,1,104
news-source-strategies,RQ3,E3-reach-mitigation,informational_reach14_7_wom0,1010,INFORMATIONAL_CAMOUFLAGE,TRADITIONAL_MEDIA,FAKE_NEWS_SOURCE,1.0,-1.0,14.7,-1.0,0.33,0.0,5.0,1.0,COMPLETE,0.15852,0.16394,0.0308999999999999,0.02992,0.1745814977973568,0.0340308370044052,0.908,0.1805506607929515,0.0329515418502202,181600,31704,0.6975,42,29,30,34,36,1.0,0.15852,,112621,51646,6180,11153,1,2,79
news-source-strategies,RQ3,E3-reach-mitigation,informational_reach14_7_wom0,1011,INFORMATIONAL_CAMOUFLAGE,TRADITIONAL_MEDIA,FAKE_NEWS_SOURCE,1.0,-1.0,14.7,-1.0,0.33,0.0,5.0,1.0,COMPLETE,0.15087,0.1199,0.0352,0.0307199999999999,0.1591455696202531,0.0371308016877637,0.948,0.1264767932489451,0.0324050632911392,189600,30174,0.62,48,35,37,41,45,1.0,0.15087,,115328,51285,7040,15947,1,2,46
news-source-strategies,RQ3,E3-reach-mitigation,informational_reach14_7_wom0,1012,INFORMATIONAL_CAMOUFLAGE,TRADITIONAL_MEDIA,FAKE_NEWS_SOURCE,1.0,-1.0,14.7,-1.0,0.33,0.0,5.0,1.0,COMPLETE,0.14171,0.12442,0.0266099999999999,0.02396,0.1513995726495726,0.0284294871794871,0.936,0.1329273504273504,0.0255982905982905,187200,28342,0.6575,37,22,23,30,35,1.0,0.14171,,111922,56061,5322,13895,1,1,84
news-source-strategies,RQ3,E3-reach-mitigation,informational_reach14_7_wom0,1013,INFORMATIONAL_CAMOUFLAGE,TRADITIONAL_MEDIA,FAKE_NEWS_SOURCE,1.0,-1.0,14.7,-1.0,0.33,0.0,5.0,1.0,COMPLETE,0.14116,0.1419,0.02831,0.02102,0.1467359667359667,0.0294282744282744,0.962,0.1475051975051975,0.0218503118503118,192400,28232,0.6275,42,30,33,35,37,1.0,0.14116,,123023,50046,5662,13669,1,2,42
news-source-strategies,RQ3,E3-reach-mitigation,informational_reach14_7_wom0,1014,INFORMATIONAL_CAMOUFLAGE,TRADITIONAL_MEDIA,FAKE_NEWS_SOURCE,1.0,-1.0,14.7,-1.0,0.33,0.0,5.0,1.0,COMPLETE,0.155695,0.16294,0.03066,0.02678,0.1663408119658119,0.0327564102564102,0.936,0.1740811965811965,0.0286111111111111,187200,31139,0.6825,49,34,38,40,45,1.0,0.155695,,123808,45404,6132,11856,1,2,35
news-source-strategies,RQ3,E3-reach-mitigation,informational_reach14_7_wom0,1015,INFORMATIONAL_CAMOUFLAGE,TRADITIONAL_MEDIA,FAKE_NEWS_SOURCE,1.0,-1.0,14.7,-1.0,0.33,0.0,5.0,1.0,COMPLETE,0.1568,0.11852,0.032515,0.0301,0.1682403433476395,0.0348873390557939,0.932,0.1271673819742489,0.0322961373390557,186400,31360,0.675,47,30,31,36,38,1.0,0.1568,,112557,54993,6503,12347,1,2,82
news-source-strategies,RQ3,E3-reach-mitigation,informational_reach14_7_wom0,1016,INFORMATIONAL_CAMOUFLAGE,TRADITIONAL_MEDIA,FAKE_NEWS_SOURCE,1.0,-1.0,14.7,-1.0,0.33,0.0,5.0,1.0,COMPLETE,0.17529,0.21446,0.03154,0.0296,0.1905326086956521,0.0342826086956521,0.92,0.2331086956521739,0.0321739130434782,184000,35058,0.67,44,35,37,38,40,1.0,0.17529,,122799,42868,6308,12025,1,2,4
news-source-strategies,RQ3,E3-reach-mitigation,informational_reach14_7_wom0,1017,INFORMATIONAL_CAMOUFLAGE,TRADITIONAL_MEDIA,FAKE_NEWS_SOURCE,1.0,-1.0,14.7,-1.0,0.33,0.0,5.0,1.0,COMPLETE,0.175455,0.16522,0.026185,0.02684,0.187451923076923,0.0279754273504273,0.936,0.176517094017094,0.0286752136752136,187200,35091,0.7125,37,23,26,28,32,1.0,0.175455,,117675,51753,5237,12535,1,2,89
news-source-strategies,RQ3,E3-reach-mitigation,informational_reach14_7_wom0,1018,INFORMATIONAL_CAMOUFLAGE,TRADITIONAL_MEDIA,FAKE_NEWS_SOURCE,1.0,-1.0,14.7,-1.0,0.33,0.0,5.0,1.0,COMPLETE,0.16374,0.20352,0.02975,0.02934,0.180728476821192,0.0328366445916114,0.906,0.224635761589404,0.0323841059602649,181200,32748,0.6625,42,26,27,31,34,1.0,0.16374,,104944,56325,5950,13981,1,2,125
news-source-strategies,RQ3,E3-reach-mitigation,informational_reach14_7_wom0,1019,INFORMATIONAL_CAMOUFLAGE,TRADITIONAL_MEDIA,FAKE_NEWS_SOURCE,1.0,-1.0,14.7,-1.0,0.33,0.0,5.0,1.0,COMPLETE,0.13722,0.11722,0.0138,0.0103,0.1481857451403887,0.0149028077753779,0.926,0.1265874730021598,0.0111231101511879,185200,27444,0.675,40,27,30,31,35,1.0,0.13722,,121957,48930,2760,11553,1,2,48
news-source-strategies,RQ3,E3-reach-mitigation,informational_reach14_7_wom0,1020,INFORMATIONAL_CAMOUFLAGE,TRADITIONAL_MEDIA,FAKE_NEWS_SOURCE,1.0,-1.0,14.7,-1.0,0.33,0.0,5.0,1.0,COMPLETE,0.14076,0.1357,0.02113,0.01612,0.1494267515923567,0.0224309978768577,0.942,0.1440552016985138,0.0171125265392781,188400,28152,0.6575,35,21,24,27,34,1.0,0.14076,,119777,51076,4226,13321,1,2,91
news-source-strategies,RQ3,E3-reach-mitigation,informational_reach14_7_wom0,1021,INFORMATIONAL_CAMOUFLAGE,TRADITIONAL_MEDIA,FAKE_NEWS_SOURCE,1.0,-1.0,14.7,-1.0,0.33,0.0,5.0,1.0,COMPLETE,0.12365,0.10992,0.026055,0.0217,0.1349890829694323,0.0284443231441048,0.916,0.12,0.0236899563318777,183200,24730,0.6575,44,29,32,36,38,1.0,0.12365,,117803,48736,5211,11450,1,2,62
news-source-strategies,RQ3,E3-reach-mitigation,informational_reach14_7_wom0,1022,INFORMATIONAL_CAMOUFLAGE,TRADITIONAL_MEDIA,FAKE_NEWS_SOURCE,1.0,-1.0,14.7,-1.0,0.33,0.0,5.0,1.0,COMPLETE,0.143955,0.141,0.025795,0.02168,0.1528184713375796,0.0273832271762208,0.942,0.1496815286624203,0.0230148619957537,188400,28791,0.665,37,22,23,29,32,1.0,0.143955,,122585,48101,5159,12555,1,2,79
news-source-strategies,RQ3,E3-reach-mitigation,informational_reach14_7_wom0,1023,INFORMATIONAL_CAMOUFLAGE,TRADITIONAL_MEDIA,FAKE_NEWS_SOURCE,1.0,-1.0,14.7,-1.0,0.33,0.0,5.0,1.0,COMPLETE,0.1785149999999999,0.1671399999999999,0.031505,0.02588,0.1911295503211991,0.0337312633832976,0.934,0.1789507494646681,0.0277087794432548,186800,35703,0.7325,37,34,34,34,34,1.0,0.1785149999999999,,120198,45663,6301,14638,1,1,2
news-source-strategies,RQ3,E3-reach-mitigation,informational_reach14_7_wom0,1024,INFORMATIONAL_CAMOUFLAGE,TRADITIONAL_MEDIA,FAKE_NEWS_SOURCE,1.0,-1.0,14.7,-1.0,0.33,0.0,5.0,1.0,COMPLETE,0.150195,0.15352,0.0273999999999999,0.02348,0.159781914893617,0.0291489361702127,0.94,0.1633191489361702,0.0249787234042553,188000,30039,0.6525,48,32,33,34,41,1.0,0.150195,,118830,53253,5480,10437,1,2,159
news-source-strategies,RQ3,E3-reach-mitigation,informational_reach14_7_wom0,1025,INFORMATIONAL_CAMOUFLAGE,TRADITIONAL_MEDIA,FAKE_NEWS_SOURCE,1.0,-1.0,14.7,-1.0,0.33,0.0,5.0,1.0,COMPLETE,0.119285,0.1388,0.019235,0.01488,0.1290963203463203,0.0208170995670995,0.924,0.1502164502164502,0.0161038961038961,184800,23857,0.625,36,18,23,27,31,1.0,0.119285,,117726,52225,3847,11002,1,17,79
news-source-strategies,RQ3,E3-reach-mitigation,informational_reach14_7_wom0,1026,INFORMATIONAL_CAMOUFLAGE,TRADITIONAL_MEDIA,FAKE_NEWS_SOURCE,1.0,-1.0,14.7,-1.0,0.33,0.0,5.0,1.0,COMPLETE,0.150135,0.15234,0.036345,0.03362,0.1624837662337662,0.0393344155844155,0.924,0.1648701298701298,0.0363852813852813,184800,30027,0.6825,39,28,29,30,33,1.0,0.150135,,118149,46358,7269,13024,1,2,97
news-source-strategies,RQ3,E3-reach-mitigation,informational_reach14_7_wom0,1027,INFORMATIONAL_CAMOUFLAGE,TRADITIONAL_MEDIA,FAKE_NEWS_SOURCE,1.0,-1.0,14.7,-1.0,0.33,0.0,5.0,1.0,COMPLETE,0.14535,0.13806,0.028225,0.02552,0.1566271551724138,0.0304148706896551,0.928,0.1487715517241379,0.0275,185600,29070,0.635,40,30,30,34,38,1.0,0.14535,,117135,53735,5645,9085,1,1,12
news-source-strategies,RQ3,E3-reach-mitigation,informational_reach14_7_wom0,1028,INFORMATIONAL_CAMOUFLAGE,TRADITIONAL_MEDIA,FAKE_NEWS_SOURCE,1.0,-1.0,14.7,-1.0,0.33,0.0,5.0,1.0,COMPLETE,0.136035,0.13688,0.01427,0.00736,0.1453365384615384,0.0152457264957264,0.936,0.1462393162393162,0.0078632478632478,187200,27207,0.6675,35,24,28,28,31,1.0,0.136035,,124937,46995,2854,12414,1,2,45
news-source-strategies,RQ3,E3-reach-mitigation,informational_reach14_7_wom0,1029,INFORMATIONAL_CAMOUFLAGE,TRADITIONAL_MEDIA,FAKE_NEWS_SOURCE,1.0,-1.0,14.7,-1.0,0.33,0.0,5.0,1.0,COMPLETE,0.148255,0.13032,0.02853,0.0266,0.1580543710021321,0.0304157782515991,0.938,0.1389339019189765,0.0283582089552238,187600,29651,0.6675,46,27,28,31,36,1.0,0.148255,,113962,55575,5706,12357,1,2,146
news-source-strategies,RQ3,E3-reach-mitigation,informational_reach14_7_wom0,1030,INFORMATIONAL_CAMOUFLAGE,TRADITIONAL_MEDIA,FAKE_NEWS_SOURCE,1.0,-1.0,14.7,-1.0,0.33,0.0,5.0,1.0,COMPLETE,0.152925,0.17,0.019985,0.01872,0.168419603524229,0.0220099118942731,0.908,0.1872246696035242,0.0206167400881057,181600,30585,0.61,40,23,26,28,34,1.0,0.152925,,113084,53843,3997,10676,1,2,146
news-source-strategies,RQ3,E3-reach-mitigation,informational_reach14_7_wom1,1001,INFORMATIONAL_CAMOUFLAGE,TRADITIONAL_MEDIA,FAKE_NEWS_SOURCE,1.0,-1.0,14.7,-1.0,0.33,1.0,5.0,1.0,COMPLETE,0.095415,0.06368,0.002785,0.00074,0.0954350413586853,0.0027855849728442,0.99979,0.06368,0.00074,199958,19083,0.69,113,49,68,94,101,1.0,0.095415,,192218,5168,557,2015,14,29,65
news-source-strategies,RQ3,E3-reach-mitigation,informational_reach14_7_wom1,1002,INFORMATIONAL_CAMOUFLAGE,TRADITIONAL_MEDIA,FAKE_NEWS_SOURCE,1.0,-1.0,14.7,-1.0,0.33,1.0,5.0,1.0,COMPLETE,0.10712,0.1042,0.00217,0.001,0.1071408924740324,0.0021704232325303,0.999805,0.1042,0.001,199961,21424,0.6525,84,35,38,51,80,1.0,0.10712,,194582,2830,434,2115,4,69,128
news-source-strategies,RQ3,E3-reach-mitigation,informational_reach14_7_wom1,1003,INFORMATIONAL_CAMOUFLAGE,TRADITIONAL_MEDIA,FAKE_NEWS_SOURCE,1.0,-1.0,14.7,-1.0,0.33,1.0,5.0,1.0,COMPLETE,0.13774,0.1764399999999999,0.005085,0.00924,0.1377654866150237,0.0050859408990663,0.999815,0.17644,0.00924,199963,27548,0.6725,177,40,55,113,121,1.0,0.13774,,190769,5220,1017,2957,31,70,320
news-source-strategies,RQ3,E3-reach-mitigation,informational_reach14_7_wom1,1004,INFORMATIONAL_CAMOUFLAGE,TRADITIONAL_MEDIA,FAKE_NEWS_SOURCE,1.0,-1.0,14.7,-1.0,0.33,1.0,5.0,1.0,COMPLETE,0.0942099999999999,0.05266,0.0024249999999999,0.00092,0.0942264896356862,0.0024254244492786,0.999825,0.05266,0.00092,199965,18842,0.66,113,40,43,65,104,1.0,0.0942099999999999,,194914,2824,485,1742,6,66,181
news-source-strategies,RQ3,E3-reach-mitigation,informational_reach14_7_wom1,1005,INFORMATIONAL_CAMOUFLAGE,TRADITIONAL_MEDIA,FAKE_NEWS_SOURCE,1.0,-1.0,14.7,-1.0,0.33,1.0,5.0,1.0,COMPLETE,0.112785,0.11588,0.0034249999999999,0.00262,0.1128053049548918,0.0034256166109899,0.99982,0.11588,0.00262,199964,22557,0.7025,106,56,80,94,102,1.0,0.112785,,194179,2903,685,2197,9,24,50
news-source-strategies,RQ3,E3-reach-mitigation,informational_reach14_7_wom1,1006,INFORMATIONAL_CAMOUFLAGE,TRADITIONAL_MEDIA,FAKE_NEWS_SOURCE,1.0,-1.0,14.7,-1.0,0.33,1.0,5.0,1.0,COMPLETE,0.10506,0.10442,0.0028799999999999,0.00276,0.1050773377607305,0.0028804752784209,0.999835,0.10442,0.00276,199967,21012,0.6775,121,37,50,65,79,1.0,0.10506,,194874,2817,576,1700,4,63,279
news-source-strategies,RQ3,E3-reach-mitigation,informational_reach14_7_wom1,1007,INFORMATIONAL_CAMOUFLAGE,TRADITIONAL_MEDIA,FAKE_NEWS_SOURCE,1.0,-1.0,14.7,-1.0,0.33,1.0,5.0,1.0,COMPLETE,0.0994,0.10472,0.002605,0.0023,0.0994129236800784,0.0026053386940302,0.99987,0.10472,0.0023,199974,19880,0.6675,108,29,29,32,71,1.0,0.0994,,194317,3226,521,1910,5,119,264
news-source-strategies,RQ3,E3-reach-mitigation,informational_reach14_7_wom1,1008,INFORMATIONAL_CAMOUFLAGE,TRADITIONAL_MEDIA,FAKE_NEWS_SOURCE,1.0,-1.0,14.7,-1.0,0.33,1.0,5.0,1.0,COMPLETE,0.10683,0.10438,0.002555,0.00266,0.1068492328619151,0.0025554599827969,0.99982,0.10438,0.00266,199964,21366,0.655,87,47,50,61,65,1.0,0.10683,,194357,2823,511,2273,1,4,211
news-source-strategies,RQ3,E3-reach-mitigation,informational_reach14_7_wom1,1009,INFORMATIONAL_CAMOUFLAGE,TRADITIONAL_MEDIA,FAKE_NEWS_SOURCE,1.0,-1.0,14.7,-1.0,0.33,1.0,5.0,1.0,COMPLETE,0.0947399999999999,0.07462,0.0023799999999999,0.00252,0.0947565824019203,0.0023804165729002,0.999825,0.07462,0.00252,199965,18948,0.6975,85,31,34,36,65,1.0,0.0947399999999999,,192355,5073,476,2061,2,115,162
news-source-strategies,RQ3,E3-reach-mitigation,informational_reach14_7_wom1,1010,INFORMATIONAL_CAMOUFLAGE,TRADITIONAL_MEDIA,FAKE_NEWS_SOURCE,1.0,-1.0,14.7,-1.0,0.33,1.0,5.0,1.0,COMPLETE,0.123375,0.14756,0.004175,0.00426,0.1234033827780389,0.0041759604709083,0.99977,0.14756,0.00426,199954,24675,0.675,131,59,66,81,89,1.0,0.123375,,193151,3899,835,2069,6,38,253
news-source-strategies,RQ3,E3-reach-mitigation,informational_reach14_7_wom1,1011,INFORMATIONAL_CAMOUFLAGE,TRADITIONAL_MEDIA,FAKE_NEWS_SOURCE,1.0,-1.0,14.7,-1.0,0.33,1.0,5.0,1.0,COMPLETE,0.09593,0.07304,0.004035,0.0016,0.0959424725214277,0.0040355246182003,0.99987,0.07304,0.0016,199974,19186,0.675,167,81,99,126,156,1.0,0.09593,,192999,3684,807,2484,5,27,89
news-source-strategies,RQ3,E3-reach-mitigation,informational_reach14_7_wom1,1012,INFORMATIONAL_CAMOUFLAGE,TRADITIONAL_MEDIA,FAKE_NEWS_SOURCE,1.0,-1.0,14.7,-1.0,0.33,1.0,5.0,1.0,COMPLETE,0.0965849999999999,0.08564,0.003535,0.00198,0.0966004560729716,0.0035355656905104,0.99984,0.08564,0.00198,199968,19317,0.68,133,40,62,93,104,1.0,0.0965849999999999,,193000,3579,707,2682,12,77,198
news-source-strategies,RQ3,E3-reach-mitigation,informational_reach14_7_wom1,1013,INFORMATIONAL_CAMOUFLAGE,TRADITIONAL_MEDIA,FAKE_NEWS_SOURCE,1.0,-1.0,14.7,-1.0,0.33,1.0,5.0,1.0,COMPLETE,0.08241,0.07104,0.001485,0.0007,0.0824178296938209,0.0014851410884033,0.999905,0.07104,0.0007,199981,16482,0.6525,72,38,42,48,65,1.0,0.08241,,195988,2200,297,1496,1,20,140
news-source-strategies,RQ3,E3-reach-mitigation,informational_reach14_7_wom1,1014,INFORMATIONAL_CAMOUFLAGE,TRADITIONAL_MEDIA,FAKE_NEWS_SOURCE,1.0,-1.0,14.7,-1.0,0.33,1.0,5.0,1.0,COMPLETE,0.10027,0.11858,0.00364,0.00368,0.1002860457673227,0.0036405824931989,0.99984,0.11858,0.00368,199968,20054,0.635,143,38,61,82,108,1.0,0.10027,,194457,2945,728,1838,23,80,192
news-source-strategies,RQ3,E3-reach-mitigation,informational_reach14_7_wom1,1015,INFORMATIONAL_CAMOUFLAGE,TRADITIONAL_MEDIA,FAKE_NEWS_SOURCE,1.0,-1.0,14.7,-1.0,0.33,1.0,5.0,1.0,COMPLETE,0.11352,0.1493,0.003895,0.00816,0.1135393016812858,0.0038956622625846,0.99983,0.1493,0.00816,199966,22704,0.6275,145,38,49,57,64,1.0,0.11352,,192242,4211,779,2734,6,212,381
news-source-strategies,RQ3,E3-reach-mitigation,informational_reach14_7_wom1,1016,INFORMATIONAL_CAMOUFLAGE,TRADITIONAL_MEDIA,FAKE_NEWS_SOURCE,1.0,-1.0,14.7,-1.0,0.33,1.0,5.0,1.0,COMPLETE,0.082915,0.05278,0.001815,0.00074,0.0829315863172634,0.0018153630726145,0.9998,0.05278,0.00074,199960,16583,0.6275,85,40,50,60,79,1.0,0.082915,,196122,2109,363,1366,2,26,164
news-source-strategies,RQ3,E3-reach-mitigation,informational_reach14_7_wom1,1017,INFORMATIONAL_CAMOUFLAGE,TRADITIONAL_MEDIA,FAKE_NEWS_SOURCE,1.0,-1.0,14.7,-1.0,0.33,1.0,5.0,1.0,COMPLETE,0.107555,0.1611,0.00222,0.0028599999999999,0.1075722115538486,0.002220355256841,0.99984,0.1611,0.00286,199968,21511,0.6425,100,43,45,69,78,1.0,0.107555,,194018,3367,444,2139,10,73,118
news-source-strategies,RQ3,E3-reach-mitigation,informational_reach14_7_wom1,1018,INFORMATIONAL_CAMOUFLAGE,TRADITIONAL_MEDIA,FAKE_NEWS_SOURCE,1.0,-1.0,14.7,-1.0,0.33,1.0,5.0,1.0,COMPLETE,0.0804599999999999,0.06228,0.00166,0.00068,0.0804789125444479,0.001660390191695,0.999765,0.06228,0.00068,199953,16092,0.68,83,29,37,53,67,1.0,0.0804599999999999,,195382,2372,332,1867,2,80,189
news-source-strategies,RQ3,E3-reach-mitigation,informational_reach14_7_wom1,1019,INFORMATIONAL_CAMOUFLAGE,TRADITIONAL_MEDIA,FAKE_NEWS_SOURCE,1.0,-1.0,14.7,-1.0,0.33,1.0,5.0,1.0,COMPLETE,0.09736,0.09522,0.001905,0.00152,0.0973780149327625,0.0019053524902106,0.999815,0.09522,0.00152,199963,19472,0.66,84,34,37,42,47,1.0,0.09736,,195217,2352,381,2013,3,87,245
news-source-strategies,RQ3,E3-reach-mitigation,informational_reach14_7_wom1,1020,INFORMATIONAL_CAMOUFLAGE,TRADITIONAL_MEDIA,FAKE_NEWS_SOURCE,1.0,-1.0,14.7,-1.0,0.33,1.0,5.0,1.0,COMPLETE,0.086555,0.1141,0.0019399999999999,0.00246,0.0865675522950827,0.0019402813407944,0.999855,0.1141,0.00246,199971,17311,0.6575,80,33,33,38,53,1.0,0.086555,,196246,1972,388,1365,2,123,255
news-source-strategies,RQ3,E3-reach-mitigation,informational_reach14_7_wom1,1021,INFORMATIONAL_CAMOUFLAGE,TRADITIONAL_MEDIA,FAKE_NEWS_SOURCE,1.0,-1.0,14.7,-1.0,0.33,1.0,5.0,1.0,COMPLETE,0.108125,0.09264,0.00232,0.00102,0.108147711019314,0.0023204873023334,0.99979,0.09264,0.00102,199958,21625,0.6525,89,51,54,68,77,1.0,0.108125,,195452,2114,464,1928,2,12,92
news-source-strategies,RQ3,E3-reach-mitigation,informational_reach14_7_wom1,1022,INFORMATIONAL_CAMOUFLAGE,TRADITIONAL_MEDIA,FAKE_NEWS_SOURCE,1.0,-1.0,14.7,-1.0,0.33,1.0,5.0,1.0,COMPLETE,0.08787,0.0973199999999999,0.00264,0.00314,0.0878827429977346,0.002640382855514,0.999855,0.09732,0.00314,199971,17574,0.675,124,27,27,34,100,1.0,0.08787,,195167,2732,528,1544,68,138,152
news-source-strategies,RQ3,E3-reach-mitigation,informational_reach14_7_wom1,1023,INFORMATIONAL_CAMOUFLAGE,TRADITIONAL_MEDIA,FAKE_NEWS_SOURCE,1.0,-1.0,14.7,-1.0,0.33,1.0,5.0,1.0,COMPLETE,0.0833349999999999,0.06242,0.002175,0.001,0.0833487525441697,0.0021753589342241,0.999835,0.06242,0.001,199967,16667,0.68,100,48,79,87,96,1.0,0.0833349999999999,,194802,2768,435,1962,2,28,46
news-source-strategies,RQ3,E3-reach-mitigation,informational_reach14_7_wom1,1024,INFORMATIONAL_CAMOUFLAGE,TRADITIONAL_MEDIA,FAKE_NEWS_SOURCE,1.0,-1.0,14.7,-1.0,0.33,1.0,5.0,1.0,COMPLETE,0.10391,0.09426,0.004105,0.00306,0.1039255888383257,0.0041056158423763,0.99985,0.09426,0.00306,199970,20782,0.635,154,79,92,101,130,1.0,0.10391,,191201,5336,821,2612,10,19,118
news-source-strategies,RQ3,E3-reach-mitigation,informational_reach14_7_wom1,1025,INFORMATIONAL_CAMOUFLAGE,TRADITIONAL_MEDIA,FAKE_NEWS_SOURCE,1.0,-1.0,14.7,-1.0,0.33,1.0,5.0,1.0,COMPLETE,0.09564,0.15766,0.002235,0.00546,0.0956581750532601,0.0022354247306988,0.99981,0.15766,0.00546,199962,19128,0.69,106,16,16,29,37,1.0,0.09564,,195896,2093,447,1526,96,272,385
news-source-strategies,RQ3,E3-reach-mitigation,informational_reach14_7_wom1,1026,INFORMATIONAL_CAMOUFLAGE,TRADITIONAL_MEDIA,FAKE_NEWS_SOURCE,1.0,-1.0,14.7,-1.0,0.33,1.0,5.0,1.0,COMPLETE,0.10574,0.08582,0.0028599999999999,0.0019,0.1057600944179394,0.0028605435032656,0.99981,0.08582,0.0019,199962,21148,0.665,98,38,62,71,73,1.0,0.10574,,192054,4638,572,2698,5,35,210
news-source-strategies,RQ3,E3-reach-mitigation,informational_reach14_7_wom1,1027,INFORMATIONAL_CAMOUFLAGE,TRADITIONAL_MEDIA,FAKE_NEWS_SOURCE,1.0,-1.0,14.7,-1.0,0.33,1.0,5.0,1.0,COMPLETE,0.0897999999999999,0.02182,0.00232,0.0008,0.0898161669100438,0.0023204176751815,0.99982,0.02182,0.0008,199964,17960,0.6775,106,39,54,70,89,1.0,0.0897999999999999,,196477,1864,464,1159,2,50,116
news-source-strategies,RQ3,E3-reach-mitigation,informational_reach14_7_wom1,1028,INFORMATIONAL_CAMOUFLAGE,TRADITIONAL_MEDIA,FAKE_NEWS_SOURCE,1.0,-1.0,14.7,-1.0,0.33,1.0,5.0,1.0,COMPLETE,0.09451,0.10276,0.0012649999999999,0.0008399999999999,0.0945251240198431,0.0012652024323891,0.99984,0.10276,0.00084,199968,18902,0.665,57,26,30,32,41,1.0,0.09451,,196400,2019,253,1296,3,35,233
news-source-strategies,RQ3,E3-reach-mitigation,informational_reach14_7_wom1,1029,INFORMATIONAL_CAMOUFLAGE,TRADITIONAL_MEDIA,FAKE_NEWS_SOURCE,1.0,-1.0,14.7,-1.0,0.33,1.0,5.0,1.0,COMPLETE,0.058655,0.10534,0.001475,0.00114,0.0586640929344048,0.0014752286604423,0.999845,0.10534,0.00114,199969,11731,0.6775,83,57,59,62,71,1.0,0.058655,,196469,1909,295,1296,2,6,123
news-source-strategies,RQ3,E3-reach-mitigation,informational_reach14_7_wom1,1030,INFORMATIONAL_CAMOUFLAGE,TRADITIONAL_MEDIA,FAKE_NEWS_SOURCE,1.0,-1.0,14.7,-1.0,0.33,1.0,5.0,1.0,COMPLETE,0.103775,0.07266,0.003645,0.00176,0.1037988737409604,0.0036458385428648,0.99977,0.07266,0.00176,199954,20755,0.6575,149,36,74,90,117,1.0,0.103775,,191808,4985,729,2432,26,52,173
news-source-strategies,RQ3,E3-reach-mitigation,informational_reach10_0_wom0,1001,INFORMATIONAL_CAMOUFLAGE,TRADITIONAL_MEDIA,FAKE_NEWS_SOURCE,1.0,-1.0,10.0,-1.0,0.33,0.0,5.0,1.0,COMPLETE,0.17447,0.1587599999999999,0.0188449999999999,0.018,0.1908862144420131,0.0206181619256017,0.914,0.1736980306345733,0.0196936542669584,182800,34894,0.7,24,14,14,16,22,1.0,0.17447,,112742,55258,3769,11031,1,2,120
news-source-strategies,RQ3,E3-reach-mitigation,informational_reach10_0_wom0,1002,INFORMATIONAL_CAMOUFLAGE,TRADITIONAL_MEDIA,FAKE_NEWS_SOURCE,1.0,-1.0,10.0,-1.0,0.33,0.0,5.0,1.0,COMPLETE,0.13848,0.14752,0.01313,0.0136199999999999,0.1518421052631579,0.0143969298245614,0.912,0.1617543859649123,0.0149342105263157,182400,27696,0.6425,24,18,18,18,20,1.0,0.13848,,121980,47239,2626,10555,1,1,13
news-source-strategies,RQ3,E3-reach-mitigation,informational_reach10_0_wom0,1003,INFORMATIONAL_CAMOUFLAGE,TRADITIONAL_MEDIA,FAKE_NEWS_SOURCE,1.0,-1.0,10.0,-1.0,0.33,0.0,5.0,1.0,COMPLETE,0.133435,0.11202,0.014145,0.0134399999999999,0.1453540305010893,0.0154084967320261,0.918,0.1220261437908496,0.0146405228758169,183600,26687,0.67,27,15,17,20,23,1.0,0.133435,,116743,54080,2829,9948,2,3,114
news-source-strategies,RQ3,E3-reach-mitigation,informational_reach10_0_wom0,1004,INFORMATIONAL_CAMOUFLAGE,TRADITIONAL_MEDIA,FAKE_NEWS_SOURCE,1.0,-1.0,10.0,-1.0,0.33,0.0,5.0,1.0,COMPLETE,0.12546,0.11406,0.01061,0.00838,0.1349032258064516,0.0114086021505376,0.93,0.1226451612903225,0.009010752688172,186000,25092,0.655,27,12,13,15,18,1.0,0.12546,,115898,55414,2122,12566,1,77,262
news-source-strategies,RQ3,E3-reach-mitigation,informational_reach10_0_wom0,1005,INFORMATIONAL_CAMOUFLAGE,TRADITIONAL_MEDIA,FAKE_NEWS_SOURCE,1.0,-1.0,10.0,-1.0,0.33,0.0,5.0,1.0,COMPLETE,0.1492649999999999,0.17756,0.01855,0.01988,0.1618926247288503,0.0201193058568329,0.922,0.1925813449023861,0.0215618221258134,184400,29853,0.6475,22,17,18,18,18,1.0,0.1492649999999999,,115540,52127,3710,13023,1,1,14
news-source-strategies,RQ3,E3-reach-mitigation,informational_reach10_0_wom0,1006,INFORMATIONAL_CAMOUFLAGE,TRADITIONAL_MEDIA,FAKE_NEWS_SOURCE,1.0,-1.0,10.0,-1.0,0.33,0.0,5.0,1.0,COMPLETE,0.1427199999999999,0.13808,0.02284,0.02248,0.1534623655913978,0.0245591397849462,0.93,0.1484731182795698,0.0241720430107526,186000,28544,0.705,36,24,27,29,34,1.0,0.1427199999999999,,117082,51978,4568,12372,1,3,43
news-source-strategies,RQ3,E3-reach-mitigation,informational_reach10_0_wom0,1007,INFORMATIONAL_CAMOUFLAGE,TRADITIONAL_MEDIA,FAKE_NEWS_SOURCE,1.0,-1.0,10.0,-1.0,0.33,0.0,5.0,1.0,COMPLETE,0.157445,0.20062,0.02177,0.0217,0.166081223628692,0.022964135021097,0.948,0.2116244725738396,0.0228902953586497,189600,31489,0.6825,27,24,24,24,27,1.0,0.157445,,124443,48465,4354,12338,1,1,3
news-source-strategies,RQ3,E3-reach-mitigation,informational_reach10_0_wom0,1008,INFORMATIONAL_CAMOUFLAGE,TRADITIONAL_MEDIA,FAKE_NEWS_SOURCE,1.0,-1.0,10.0,-1.0,0.33,0.0,5.0,1.0,COMPLETE,0.1346699999999999,0.13226,0.0268449999999999,0.02512,0.1457467532467532,0.0290530303030303,0.924,0.1431385281385281,0.0271861471861471,184800,26934,0.64,35,25,27,28,32,1.0,0.1346699999999999,,118143,47915,5369,13373,1,1,41
news-source-strategies,RQ3,E3-reach-mitigation,informational_reach10_0_wom0,1009,INFORMATIONAL_CAMOUFLAGE,TRADITIONAL_MEDIA,FAKE_NEWS_SOURCE,1.0,-1.0,10.0,-1.0,0.33,0.0,5.0,1.0,COMPLETE,0.13668,0.1507,0.0154049999999999,0.00922,0.1476025917926565,0.0166360691144708,0.926,0.162742980561555,0.0099568034557235,185200,27336,0.6475,23,19,19,19,21,1.0,0.13668,,119955,48881,3081,13283,1,2,3
news-source-strategies,RQ3,E3-reach-mitigation,informational_reach10_0_wom0,1010,INFORMATIONAL_CAMOUFLAGE,TRADITIONAL_MEDIA,FAKE_NEWS_SOURCE,1.0,-1.0,10.0,-1.0,0.33,0.0,5.0,1.0,COMPLETE,0.153275,0.16838,0.02209,0.0205,0.1699279379157428,0.024490022172949,0.902,0.1866740576496674,0.0227272727272727,180400,30655,0.6675,27,18,20,21,23,1.0,0.153275,,114183,50312,4418,11487,1,2,57
news-source-strategies,RQ3,E3-reach-mitigation,informational_reach10_0_wom0,1011,INFORMATIONAL_CAMOUFLAGE,TRADITIONAL_MEDIA,FAKE_NEWS_SOURCE,1.0,-1.0,10.0,-1.0,0.33,0.0,5.0,1.0,COMPLETE,0.16694,0.1436,0.018165,0.0186,0.1772186836518046,0.0192834394904458,0.942,0.1524416135881104,0.0197452229299363,188400,33388,0.68,28,21,23,25,26,1.0,0.16694,,120740,50313,3633,13714,1,2,24
news-source-strategies,RQ3,E3-reach-mitigation,informational_reach10_0_wom0,1012,INFORMATIONAL_CAMOUFLAGE,TRADITIONAL_MEDIA,FAKE_NEWS_SOURCE,1.0,-1.0,10.0,-1.0,0.33,0.0,5.0,1.0,COMPLETE,0.156405,0.13872,0.0139499999999999,0.01274,0.1678165236051502,0.0149678111587982,0.932,0.1488412017167382,0.0136695278969957,186400,31281,0.6525,28,16,17,18,21,1.0,0.156405,,119263,51219,2790,13128,1,2,200
news-source-strategies,RQ3,E3-reach-mitigation,informational_reach10_0_wom0,1013,INFORMATIONAL_CAMOUFLAGE,TRADITIONAL_MEDIA,FAKE_NEWS_SOURCE,1.0,-1.0,10.0,-1.0,0.33,0.0,5.0,1.0,COMPLETE,0.138035,0.13988,0.021815,0.01724,0.1434875259875259,0.0226767151767151,0.962,0.1454054054054054,0.0179209979209979,192400,27607,0.6275,32,22,25,27,28,1.0,0.138035,,124286,49703,4363,14048,1,2,42
news-source-strategies,RQ3,E3-reach-mitigation,informational_reach10_0_wom0,1014,INFORMATIONAL_CAMOUFLAGE,TRADITIONAL_MEDIA,FAKE_NEWS_SOURCE,1.0,-1.0,10.0,-1.0,0.33,0.0,5.0,1.0,COMPLETE,0.14953,0.1391,0.02567,0.02308,0.1604399141630901,0.0275429184549356,0.932,0.1492489270386266,0.024763948497854,186400,29906,0.6725,35,23,24,26,31,1.0,0.14953,,121935,48527,5134,10804,1,2,110
news-source-strategies,RQ3,E3-reach-mitigation,informational_reach10_0_wom0,1015,INFORMATIONAL_CAMOUFLAGE,TRADITIONAL_MEDIA,FAKE_NEWS_SOURCE,1.0,-1.0,10.0,-1.0,0.33,0.0,5.0,1.0,COMPLETE,0.13896,0.11642,0.020825,0.01976,0.1503896103896103,0.0225378787878787,0.924,0.125995670995671,0.0213852813852813,184800,27792,0.6875,35,26,26,28,30,1.0,0.13896,,116726,49612,4165,14297,1,2,57
news-source-strategies,RQ3,E3-reach-mitigation,informational_reach10_0_wom0,1016,INFORMATIONAL_CAMOUFLAGE,TRADITIONAL_MEDIA,FAKE_NEWS_SOURCE,1.0,-1.0,10.0,-1.0,0.33,0.0,5.0,1.0,COMPLETE,0.139365,0.13534,0.0198449999999999,0.01302,0.1521451965065502,0.021664847161572,0.916,0.1477510917030567,0.0142139737991266,183200,27873,0.6675,32,24,25,25,28,1.0,0.139365,,123586,45703,3969,9942,1,1,3
news-source-strategies,RQ3,E3-reach-mitigation,informational_reach10_0_wom0,1017,INFORMATIONAL_CAMOUFLAGE,TRADITIONAL_MEDIA,FAKE_NEWS_SOURCE,1.0,-1.0,10.0,-1.0,0.33,0.0,5.0,1.0,COMPLETE,0.142405,0.1488,0.017245,0.01598,0.1527950643776824,0.0185032188841201,0.932,0.159656652360515,0.0171459227467811,186400,28481,0.62,29,18,19,22,27,1.0,0.142405,,121216,50138,3449,11597,1,2,92
news-source-strategies,RQ3,E3-reach-mitigation,informational_reach10_0_wom0,1018,INFORMATIONAL_CAMOUFLAGE,TRADITIONAL_MEDIA,FAKE_NEWS_SOURCE,1.0,-1.0,10.0,-1.0,0.33,0.0,5.0,1.0,COMPLETE,0.159875,0.20004,0.02161,0.02062,0.176462472406181,0.0238520971302428,0.906,0.2207947019867549,0.0227593818984547,181200,31975,0.6625,33,21,21,25,27,1.0,0.159875,,106072,56383,4322,14423,1,2,79
news-source-strategies,RQ3,E3-reach-mitigation,informational_reach10_0_wom0,1019,INFORMATIONAL_CAMOUFLAGE,TRADITIONAL_MEDIA,FAKE_NEWS_SOURCE,1.0,-1.0,10.0,-1.0,0.33,0.0,5.0,1.0,COMPLETE,0.129515,0.12756,0.00814,0.0060199999999999,0.1404718004338394,0.0088286334056399,0.922,0.138351409978308,0.006529284164859,184400,25903,0.6475,24,14,16,18,20,1.0,0.129515,,121149,49849,1628,11774,1,2,52
news-source-strategies,RQ3,E3-reach-mitigation,informational_reach10_0_wom0,1020,INFORMATIONAL_CAMOUFLAGE,TRADITIONAL_MEDIA,FAKE_NEWS_SOURCE,1.0,-1.0,10.0,-1.0,0.33,0.0,5.0,1.0,COMPLETE,0.1299799999999999,0.15878,0.01358,0.01576,0.1385714285714285,0.0144776119402985,0.938,0.169275053304904,0.0168017057569296,187600,25996,0.6575,30,13,18,20,26,1.0,0.1299799999999999,,117217,54542,2716,13125,2,36,137
news-source-strategies,RQ3,E3-reach-mitigation,informational_reach10_0_wom0,1021,INFORMATIONAL_CAMOUFLAGE,TRADITIONAL_MEDIA,FAKE_NEWS_SOURCE,1.0,-1.0,10.0,-1.0,0.33,0.0,5.0,1.0,COMPLETE,0.14157,0.14232,0.017415,0.01644,0.1552302631578947,0.0190953947368421,0.912,0.1560526315789473,0.0180263157894736,182400,28314,0.6975,34,23,26,28,31,1.0,0.14157,,120941,46475,3483,11501,1,2,43
news-source-strategies,RQ3,E3-reach-mitigation,informational_reach10_0_wom0,1022,INFORMATIONAL_CAMOUFLAGE,TRADITIONAL_MEDIA,FAKE_NEWS_SOURCE,1.0,-1.0,10.0,-1.0,0.33,0.0,5.0,1.0,COMPLETE,0.14639,0.18312,0.0180549999999999,0.01576,0.1557340425531914,0.0192074468085106,0.94,0.1948085106382978,0.0167659574468085,188000,29278,0.7,23,16,18,18,21,1.0,0.14639,,127024,46563,3611,10802,1,2,34
news-source-strategies,RQ3,E3-reach-mitigation,informational_reach10_0_wom0,1023,INFORMATIONAL_CAMOUFLAGE,TRADITIONAL_MEDIA,FAKE_NEWS_SOURCE,1.0,-1.0,10.0,-1.0,0.33,0.0,5.0,1.0,COMPLETE,0.135755,0.13906,0.01568,0.01476,0.1466036717062635,0.0169330453563714,0.926,0.1501727861771058,0.0159395248380129,185200,27151,0.6475,25,19,19,19,20,1.0,0.135755,,119774,48883,3136,13407,1,1,3
news-source-strategies,RQ3,E3-reach-mitigation,informational_reach10_0_wom0,1024,INFORMATIONAL_CAMOUFLAGE,TRADITIONAL_MEDIA,FAKE_NEWS_SOURCE,1.0,-1.0,10.0,-1.0,0.33,0.0,5.0,1.0,COMPLETE,0.147985,0.14754,0.0225399999999999,0.01804,0.1581036324786325,0.0240811965811965,0.936,0.1576282051282051,0.0192735042735042,187200,29597,0.64,34,26,28,30,33,1.0,0.147985,,116095,53976,4508,12621,1,1,5
news-source-strategies,RQ3,E3-reach-mitigation,informational_reach10_0_wom0,1025,INFORMATIONAL_CAMOUFLAGE,TRADITIONAL_MEDIA,FAKE_NEWS_SOURCE,1.0,-1.0,10.0,-1.0,0.33,0.0,5.0,1.0,COMPLETE,0.117105,0.13678,0.01495,0.01134,0.1267370129870129,0.0161796536796536,0.924,0.148030303030303,0.0122727272727272,184800,23421,0.625,25,12,14,18,21,1.0,0.117105,,118215,52590,2990,11005,1,39,103
news-source-strategies,RQ3,E3-reach-mitigation,informational_reach10_0_wom0,1026,INFORMATIONAL_CAMOUFLAGE,TRADITIONAL_MEDIA,FAKE_NEWS_SOURCE,1.0,-1.0,10.0,-1.0,0.33,0.0,5.0,1.0,COMPLETE,0.12539,0.09808,0.02439,0.02436,0.135997830802603,0.0264533622559652,0.922,0.1063774403470715,0.0264208242950108,184400,25078,0.645,26,18,19,20,24,1.0,0.12539,,121188,46174,4878,12160,1,2,97
news-source-strategies,RQ3,E3-reach-mitigation,informational_reach10_0_wom0,1027,INFORMATIONAL_CAMOUFLAGE,TRADITIONAL_MEDIA,FAKE_NEWS_SOURCE,1.0,-1.0,10.0,-1.0,0.33,0.0,5.0,1.0,COMPLETE,0.13997,0.10944,0.024605,0.02214,0.1514826839826839,0.0266287878787878,0.924,0.1184415584415584,0.0239610389610389,184800,27994,0.68,38,24,25,25,31,1.0,0.13997,,117124,52087,4921,10668,1,2,191
news-source-strategies,RQ3,E3-reach-mitigation,informational_reach10_0_wom0,1028,INFORMATIONAL_CAMOUFLAGE,TRADITIONAL_MEDIA,FAKE_NEWS_SOURCE,1.0,-1.0,10.0,-1.0,0.33,0.0,5.0,1.0,COMPLETE,0.13203,0.13332,0.00567,0.00188,0.1410576923076923,0.0060576923076923,0.936,0.1424358974358974,0.002008547008547,187200,26406,0.6675,20,13,16,16,17,1.0,0.13203,,125724,47737,1134,12605,1,2,40
news-source-strategies,RQ3,E3-reach-mitigation,informational_reach10_0_wom0,1029,INFORMATIONAL_CAMOUFLAGE,TRADITIONAL_MEDIA,FAKE_NEWS_SOURCE,1.0,-1.0,10.0,-1.0,0.33,0.0,5.0,1.0,COMPLETE,0.144555,0.1104,0.021915,0.01776,0.1554354838709677,0.0235645161290322,0.93,0.1187096774193548,0.0190967741935483,186000,28911,0.705,29,19,19,21,24,1.0,0.144555,,121028,50764,4383,9825,1,3,114
news-source-strategies,RQ3,E3-reach-mitigation,informational_reach10_0_wom0,1030,INFORMATIONAL_CAMOUFLAGE,TRADITIONAL_MEDIA,FAKE_NEWS_SOURCE,1.0,-1.0,10.0,-1.0,0.33,0.0,5.0,1.0,COMPLETE,0.14887,0.16684,0.01242,0.01288,0.163953744493392,0.0136784140969163,0.908,0.1837444933920705,0.0141850220264317,181600,29774,0.61,25,13,15,17,22,1.0,0.14887,,114513,54245,2484,10358,1,4,166
news-source-strategies,RQ3,E3-reach-mitigation,informational_reach10_0_wom1,1001,INFORMATIONAL_CAMOUFLAGE,TRADITIONAL_MEDIA,FAKE_NEWS_SOURCE,1.0,-1.0,10.0,-1.0,0.33,1.0,5.0,1.0,COMPLETE,0.140645,0.16632,0.00504,0.01106,0.1406752451777132,0.0050410838330241,0.999785,0.16632,0.01106,199957,28129,0.65,168,46,57,63,66,1.0,0.140645,,183349,11288,1008,4312,24,276,348
news-source-strategies,RQ3,E3-reach-mitigation,informational_reach10_0_wom1,1002,INFORMATIONAL_CAMOUFLAGE,TRADITIONAL_MEDIA,FAKE_NEWS_SOURCE,1.0,-1.0,10.0,-1.0,0.33,1.0,5.0,1.0,COMPLETE,0.0937099999999999,0.07348,0.001455,0.00032,0.093730620736562,0.0014553201704374,0.99978,0.07348,0.00032,199956,18742,0.6725,66,38,41,42,50,1.0,0.0937099999999999,,193564,3723,291,2378,2,11,194
news-source-strategies,RQ3,E3-reach-mitigation,informational_reach10_0_wom1,1003,INFORMATIONAL_CAMOUFLAGE,TRADITIONAL_MEDIA,FAKE_NEWS_SOURCE,1.0,-1.0,10.0,-1.0,0.33,1.0,5.0,1.0,COMPLETE,0.12186,0.1661399999999999,0.00312,0.00828,0.1218849864222165,0.0031206397311448,0.999795,0.16614,0.00828,199959,24372,0.655,118,25,25,29,44,1.0,0.12186,,190709,5916,624,2710,103,340,347
news-source-strategies,RQ3,E3-reach-mitigation,informational_reach10_0_wom1,1004,INFORMATIONAL_CAMOUFLAGE,TRADITIONAL_MEDIA,FAKE_NEWS_SOURCE,1.0,-1.0,10.0,-1.0,0.33,1.0,5.0,1.0,COMPLETE,0.0936149999999999,0.0523999999999999,0.00158,0.00062,0.0936313854924611,0.0015802765483959,0.999825,0.0524,0.00062,199965,18723,0.66,79,30,32,48,73,1.0,0.0936149999999999,,195103,2827,316,1719,5,65,180
news-source-strategies,RQ3,E3-reach-mitigation,informational_reach10_0_wom1,1005,INFORMATIONAL_CAMOUFLAGE,TRADITIONAL_MEDIA,FAKE_NEWS_SOURCE,1.0,-1.0,10.0,-1.0,0.33,1.0,5.0,1.0,COMPLETE,0.095925,0.1070199999999999,0.0016899999999999,0.00228,0.0959437090232595,0.0016903296142747,0.999805,0.10702,0.00228,199961,19185,0.6825,75,42,43,45,47,1.0,0.095925,,193940,2970,338,2713,4,13,350
news-source-strategies,RQ3,E3-reach-mitigation,informational_reach10_0_wom1,1006,INFORMATIONAL_CAMOUFLAGE,TRADITIONAL_MEDIA,FAKE_NEWS_SOURCE,1.0,-1.0,10.0,-1.0,0.33,1.0,5.0,1.0,COMPLETE,0.078575,0.08312,0.00126,0.00106,0.0785887530317805,0.0012602205385942,0.999825,0.08312,0.00106,199965,15715,0.6625,67,22,24,35,46,1.0,0.078575,,196616,1696,252,1401,2,79,285
news-source-strategies,RQ3,E3-reach-mitigation,informational_reach10_0_wom1,1007,INFORMATIONAL_CAMOUFLAGE,TRADITIONAL_MEDIA,FAKE_NEWS_SOURCE,1.0,-1.0,10.0,-1.0,0.33,1.0,5.0,1.0,COMPLETE,0.09895,0.1040799999999999,0.001865,0.00128,0.0989628651724724,0.0018652424815225,0.99987,0.10408,0.00128,199974,19790,0.6675,73,19,19,22,56,1.0,0.09895,,194465,3198,373,1938,6,116,172
news-source-strategies,RQ3,E3-reach-mitigation,informational_reach10_0_wom1,1008,INFORMATIONAL_CAMOUFLAGE,TRADITIONAL_MEDIA,FAKE_NEWS_SOURCE,1.0,-1.0,10.0,-1.0,0.33,1.0,5.0,1.0,COMPLETE,0.1226,0.13692,0.0029049999999999,0.0025,0.122623298426701,0.0029055520548904,0.99981,0.13692,0.0025,199962,24520,0.68,103,52,55,72,85,1.0,0.1226,,192044,4451,581,2886,4,25,104
news-source-strategies,RQ3,E3-reach-mitigation,informational_reach10_0_wom1,1009,INFORMATIONAL_CAMOUFLAGE,TRADITIONAL_MEDIA,FAKE_NEWS_SOURCE,1.0,-1.0,10.0,-1.0,0.33,1.0,5.0,1.0,COMPLETE,0.07784,0.06378,0.001705,0.00166,0.0778544030645669,0.0017053154833644,0.999815,0.06378,0.00166,199963,15568,0.66,98,32,60,63,73,1.0,0.07784,,195937,2146,341,1539,12,30,263
news-source-strategies,RQ3,E3-reach-mitigation,informational_reach10_0_wom1,1010,INFORMATIONAL_CAMOUFLAGE,TRADITIONAL_MEDIA,FAKE_NEWS_SOURCE,1.0,-1.0,10.0,-1.0,0.33,1.0,5.0,1.0,COMPLETE,0.104155,0.09502,0.003035,0.00224,0.1041805242284359,0.0030357437572205,0.999755,0.09502,0.00224,199951,20831,0.6525,111,21,26,42,68,1.0,0.104155,,195390,2244,607,1710,77,164,235
news-source-strategies,RQ3,E3-reach-mitigation,informational_reach10_0_wom1,1011,INFORMATIONAL_CAMOUFLAGE,TRADITIONAL_MEDIA,FAKE_NEWS_SOURCE,1.0,-1.0,10.0,-1.0,0.33,1.0,5.0,1.0,COMPLETE,0.08189,0.09376,0.001535,0.00178,0.0819018757719869,0.001535222607278,0.999855,0.09376,0.00178,199971,16378,0.6375,69,27,28,31,38,1.0,0.08189,,196256,1848,307,1560,2,142,224
news-source-strategies,RQ3,E3-reach-mitigation,informational_reach10_0_wom1,1012,INFORMATIONAL_CAMOUFLAGE,TRADITIONAL_MEDIA,FAKE_NEWS_SOURCE,1.0,-1.0,10.0,-1.0,0.33,1.0,5.0,1.0,COMPLETE,0.114615,0.11646,0.00344,0.00254,0.1146344878629367,0.0034405848994329,0.99983,0.11646,0.00254,199966,22923,0.7125,130,21,21,23,98,1.0,0.114615,,191702,4536,688,3040,182,189,200
news-source-strategies,RQ3,E3-reach-mitigation,informational_reach10_0_wom1,1013,INFORMATIONAL_CAMOUFLAGE,TRADITIONAL_MEDIA,FAKE_NEWS_SOURCE,1.0,-1.0,10.0,-1.0,0.33,1.0,5.0,1.0,COMPLETE,0.08223,0.07084,0.00109,0.0003599999999999,0.0822378125921962,0.0010901035598381,0.999905,0.07084,0.00036,199981,16446,0.6525,53,31,33,37,49,1.0,0.08223,,196030,2230,218,1503,1,6,139
news-source-strategies,RQ3,E3-reach-mitigation,informational_reach10_0_wom1,1014,INFORMATIONAL_CAMOUFLAGE,TRADITIONAL_MEDIA,FAKE_NEWS_SOURCE,1.0,-1.0,10.0,-1.0,0.33,1.0,5.0,1.0,COMPLETE,0.1159,0.14594,0.001945,0.00276,0.1159197063500795,0.00194533070622,0.99983,0.14594,0.00276,199966,23180,0.605,85,24,28,35,62,1.0,0.1159,,195331,2556,389,1690,5,138,250
news-source-strategies,RQ3,E3-reach-mitigation,informational_reach10_0_wom1,1015,INFORMATIONAL_CAMOUFLAGE,TRADITIONAL_MEDIA,FAKE_NEWS_SOURCE,1.0,-1.0,10.0,-1.0,0.33,1.0,5.0,1.0,COMPLETE,0.069775,0.0959,0.000925,0.00076,0.0697882597693561,0.0009251757833988,0.99981,0.0959,0.00076,199962,13955,0.73,50,33,35,41,45,1.0,0.069775,,196964,1614,185,1199,1,2,88
news-source-strategies,RQ3,E3-reach-mitigation,informational_reach10_0_wom1,1016,INFORMATIONAL_CAMOUFLAGE,TRADITIONAL_MEDIA,FAKE_NEWS_SOURCE,1.0,-1.0,10.0,-1.0,0.33,1.0,5.0,1.0,COMPLETE,0.103875,0.08272,0.00158,0.00088,0.1038968183318496,0.0015803318696926,0.99979,0.08272,0.00088,199958,20775,0.6725,67,34,34,36,57,1.0,0.103875,,195344,2450,316,1848,2,25,123
news-source-strategies,RQ3,E3-reach-mitigation,informational_reach10_0_wom1,1017,INFORMATIONAL_CAMOUFLAGE,TRADITIONAL_MEDIA,FAKE_NEWS_SOURCE,1.0,-1.0,10.0,-1.0,0.33,1.0,5.0,1.0,COMPLETE,0.09107,0.05154,0.00198,0.0007199999999999,0.0910854845323705,0.0019803366572317,0.99983,0.05154,0.00072,199966,18214,0.665,82,22,27,43,65,1.0,0.09107,,193288,4011,396,2271,12,100,133
news-source-strategies,RQ3,E3-reach-mitigation,informational_reach10_0_wom1,1018,INFORMATIONAL_CAMOUFLAGE,TRADITIONAL_MEDIA,FAKE_NEWS_SOURCE,1.0,-1.0,10.0,-1.0,0.33,1.0,5.0,1.0,COMPLETE,0.080435,0.0622999999999999,0.001485,0.00054,0.080453906668067,0.0014853490570284,0.999765,0.0623,0.00054,199953,16087,0.68,68,23,31,44,55,1.0,0.080435,,195355,2363,297,1938,2,80,188
news-source-strategies,RQ3,E3-reach-mitigation,informational_reach10_0_wom1,1019,INFORMATIONAL_CAMOUFLAGE,TRADITIONAL_MEDIA,FAKE_NEWS_SOURCE,1.0,-1.0,10.0,-1.0,0.33,1.0,5.0,1.0,COMPLETE,0.12478,0.14704,0.0026,0.00248,0.1248043368456849,0.0026005070988842,0.999805,0.14704,0.00248,199961,24956,0.64,94,24,42,55,70,1.0,0.12478,,193295,3585,520,2561,11,58,212
news-source-strategies,RQ3,E3-reach-mitigation,informational_reach10_0_wom1,1020,INFORMATIONAL_CAMOUFLAGE,TRADITIONAL_MEDIA,FAKE_NEWS_SOURCE,1.0,-1.0,10.0,-1.0,0.33,1.0,5.0,1.0,COMPLETE,0.1038,0.1230199999999999,0.0020499999999999,0.00366,0.1038160914941816,0.0020503177992588,0.999845,0.12302,0.00366,199969,20760,0.665,88,42,50,55,59,1.0,0.1038,,192552,4367,410,2640,12,27,357
news-source-strategies,RQ3,E3-reach-mitigation,informational_reach10_0_wom1,1021,INFORMATIONAL_CAMOUFLAGE,TRADITIONAL_MEDIA,FAKE_NEWS_SOURCE,1.0,-1.0,10.0,-1.0,0.33,1.0,5.0,1.0,COMPLETE,0.09901,0.06214,0.00159,0.00076,0.0990317869931384,0.0015903498769729,0.99978,0.06214,0.00076,199956,19802,0.7225,62,36,37,42,58,1.0,0.09901,,193987,3592,318,2059,2,19,120
news-source-strategies,RQ3,E3-reach-mitigation,informational_reach10_0_wom1,1022,INFORMATIONAL_CAMOUFLAGE,TRADITIONAL_MEDIA,FAKE_NEWS_SOURCE,1.0,-1.0,10.0,-1.0,0.33,1.0,5.0,1.0,COMPLETE,0.074095,0.05294,0.00109,0.0004799999999999,0.0741061159173876,0.0010901635245286,0.99985,0.05294,0.00048,199970,14819,0.6875,73,22,22,28,59,1.0,0.074095,,195606,2681,218,1465,5,164,177
news-source-strategies,RQ3,E3-reach-mitigation,informational_reach10_0_wom1,1023,INFORMATIONAL_CAMOUFLAGE,TRADITIONAL_MEDIA,FAKE_NEWS_SOURCE,1.0,-1.0,10.0,-1.0,0.33,1.0,5.0,1.0,COMPLETE,0.110815,0.0925999999999999,0.002895,0.0012,0.1108355045683451,0.0028955356740997,0.999815,0.0926,0.0012,199963,22163,0.66,113,22,22,55,105,1.0,0.110815,,191960,4803,579,2621,70,106,179
news-source-strategies,RQ3,E3-reach-mitigation,informational_reach10_0_wom1,1024,INFORMATIONAL_CAMOUFLAGE,TRADITIONAL_MEDIA,FAKE_NEWS_SOURCE,1.0,-1.0,10.0,-1.0,0.33,1.0,5.0,1.0,COMPLETE,0.11129,0.11522,0.00281,0.00214,0.1113078092494799,0.0028104496719475,0.99984,0.11522,0.00214,199968,22258,0.6675,110,25,27,74,86,1.0,0.11129,,192641,4741,562,2024,55,71,130
news-source-strategies,RQ3,E3-reach-mitigation,informational_reach10_0_wom1,1025,INFORMATIONAL_CAMOUFLAGE,TRADITIONAL_MEDIA,FAKE_NEWS_SOURCE,1.0,-1.0,10.0,-1.0,0.33,1.0,5.0,1.0,COMPLETE,0.0953199999999999,0.15682,0.001585,0.00398,0.0953381142417059,0.0015853012072293,0.99981,0.15682,0.00398,199962,19064,0.69,74,11,11,23,27,1.0,0.0953199999999999,,195947,2165,317,1533,73,314,386
news-source-strategies,RQ3,E3-reach-mitigation,informational_reach10_0_wom1,1026,INFORMATIONAL_CAMOUFLAGE,TRADITIONAL_MEDIA,FAKE_NEWS_SOURCE,1.0,-1.0,10.0,-1.0,0.33,1.0,5.0,1.0,COMPLETE,0.0949899999999999,0.11234,0.00157,0.00112,0.0950085266626992,0.0015703062097108,0.999805,0.11234,0.00112,199961,18998,0.695,64,18,19,38,53,1.0,0.0949899999999999,,195276,2557,314,1814,3,74,124
news-source-strategies,RQ3,E3-reach-mitigation,informational_reach10_0_wom1,1027,INFORMATIONAL_CAMOUFLAGE,TRADITIONAL_MEDIA,FAKE_NEWS_SOURCE,1.0,-1.0,10.0,-1.0,0.33,1.0,5.0,1.0,COMPLETE,0.0701,0.10354,0.00114,0.00108,0.0701133215310909,0.0011402166411618,0.99981,0.10354,0.00108,199962,14020,0.655,64,51,56,57,58,1.0,0.0701,,196378,2236,228,1120,1,4,19
news-source-strategies,RQ3,E3-reach-mitigation,informational_reach10_0_wom1,1028,INFORMATIONAL_CAMOUFLAGE,TRADITIONAL_MEDIA,FAKE_NEWS_SOURCE,1.0,-1.0,10.0,-1.0,0.33,1.0,5.0,1.0,COMPLETE,0.094305,0.10256,0.00089,0.00064,0.0943200912145943,0.0008901424227876,0.99984,0.10256,0.00064,199968,18861,0.665,38,17,20,20,24,1.0,0.094305,,196478,1994,178,1318,3,34,238
news-source-strategies,RQ3,E3-reach-mitigation,informational_reach10_0_wom1,1029,INFORMATIONAL_CAMOUFLAGE,TRADITIONAL_MEDIA,FAKE_NEWS_SOURCE,1.0,-1.0,10.0,-1.0,0.33,1.0,5.0,1.0,COMPLETE,0.1238949999999999,0.05114,0.001825,0.00092,0.1239166854199484,0.0018253194309004,0.999825,0.05114,0.00092,199965,24779,0.6325,68,29,31,35,55,1.0,0.1238949999999999,,193166,3589,365,2845,2,63,156
news-source-strategies,RQ3,E3-reach-mitigation,informational_reach10_0_wom1,1030,INFORMATIONAL_CAMOUFLAGE,TRADITIONAL_MEDIA,FAKE_NEWS_SOURCE,1.0,-1.0,10.0,-1.0,0.33,1.0,5.0,1.0,COMPLETE,0.103215,0.07246,0.0026349999999999,0.0011799999999999,0.1032387449113296,0.0026356061894235,0.99977,0.07246,0.00118,199954,20643,0.6575,100,25,53,66,84,1.0,0.103215,,191987,4979,527,2461,23,42,164
news-source-strategies,RQ3,E3-reach-mitigation,informational_reach5_0_wom0,1001,INFORMATIONAL_CAMOUFLAGE,TRADITIONAL_MEDIA,FAKE_NEWS_SOURCE,1.0,-1.0,5.0,-1.0,0.33,0.0,5.0,1.0,COMPLETE,0.15086,0.14884,0.008235,0.00634,0.1657802197802197,0.0090494505494505,0.91,0.1635604395604395,0.0069670329670329,182000,30172,0.63,12,6,7,9,10,1.0,0.15086,,112110,54549,1647,13694,1,2,100
news-source-strategies,RQ3,E3-reach-mitigation,informational_reach5_0_wom0,1002,INFORMATIONAL_CAMOUFLAGE,TRADITIONAL_MEDIA,FAKE_NEWS_SOURCE,1.0,-1.0,5.0,-1.0,0.33,0.0,5.0,1.0,COMPLETE,0.135855,0.13038,0.005215,0.00424,0.1499503311258278,0.0057560706401766,0.906,0.1439072847682119,0.0046799116997792,181200,27171,0.635,11,7,7,7,9,1.0,0.135855,,119464,49358,1043,11335,1,2,152
news-source-strategies,RQ3,E3-reach-mitigation,informational_reach5_0_wom0,1003,INFORMATIONAL_CAMOUFLAGE,TRADITIONAL_MEDIA,FAKE_NEWS_SOURCE,1.0,-1.0,5.0,-1.0,0.33,0.0,5.0,1.0,COMPLETE,0.129725,0.1100999999999999,0.00599,0.0060999999999999,0.1422423245614035,0.0065679824561403,0.912,0.1207236842105263,0.006688596491228,182400,25945,0.65,11,5,6,6,6,1.0,0.129725,,122129,51333,1198,7740,1,47,297
news-source-strategies,RQ3,E3-reach-mitigation,informational_reach5_0_wom0,1004,INFORMATIONAL_CAMOUFLAGE,TRADITIONAL_MEDIA,FAKE_NEWS_SOURCE,1.0,-1.0,5.0,-1.0,0.33,0.0,5.0,1.0,COMPLETE,0.1527899999999999,0.17072,0.005055,0.0033599999999999,0.165,0.0054589632829373,0.926,0.1843628509719222,0.0036285097192224,185200,30558,0.69,10,8,8,8,8,1.0,0.1527899999999999,,121095,50103,1011,12991,1,1,2
news-source-strategies,RQ3,E3-reach-mitigation,informational_reach5_0_wom0,1005,INFORMATIONAL_CAMOUFLAGE,TRADITIONAL_MEDIA,FAKE_NEWS_SOURCE,1.0,-1.0,5.0,-1.0,0.33,0.0,5.0,1.0,COMPLETE,0.15621,0.14792,0.0092249999999999,0.00784,0.1705349344978166,0.0100709606986899,0.916,0.1614847161572052,0.0085589519650655,183200,31242,0.6825,11,6,7,8,8,1.0,0.15621,,114798,55034,1845,11523,1,2,232
news-source-strategies,RQ3,E3-reach-mitigation,informational_reach5_0_wom0,1006,INFORMATIONAL_CAMOUFLAGE,TRADITIONAL_MEDIA,FAKE_NEWS_SOURCE,1.0,-1.0,5.0,-1.0,0.33,0.0,5.0,1.0,COMPLETE,0.14522,0.15634,0.015705,0.015,0.1575054229934924,0.0170336225596529,0.922,0.1695661605206073,0.0162689804772234,184400,29044,0.715,17,13,14,14,14,1.0,0.14522,,117176,54851,3141,9232,1,2,9
news-source-strategies,RQ3,E3-reach-mitigation,informational_reach5_0_wom0,1007,INFORMATIONAL_CAMOUFLAGE,TRADITIONAL_MEDIA,FAKE_NEWS_SOURCE,1.0,-1.0,5.0,-1.0,0.33,0.0,5.0,1.0,COMPLETE,0.159515,0.19888,0.010525,0.0101,0.1696968085106383,0.0111968085106382,0.94,0.2115744680851063,0.0107446808510638,188000,31903,0.6825,15,8,8,10,13,1.0,0.159515,,122618,51227,2105,12050,1,2,121
news-source-strategies,RQ3,E3-reach-mitigation,informational_reach5_0_wom0,1008,INFORMATIONAL_CAMOUFLAGE,TRADITIONAL_MEDIA,FAKE_NEWS_SOURCE,1.0,-1.0,5.0,-1.0,0.33,0.0,5.0,1.0,COMPLETE,0.14744,0.14066,0.01264,0.01374,0.1616666666666666,0.013859649122807,0.912,0.1542324561403509,0.0150657894736842,182400,29488,0.695,18,9,9,13,15,1.0,0.14744,,119659,48312,2528,11901,1,2,115
news-source-strategies,RQ3,E3-reach-mitigation,informational_reach5_0_wom0,1009,INFORMATIONAL_CAMOUFLAGE,TRADITIONAL_MEDIA,FAKE_NEWS_SOURCE,1.0,-1.0,5.0,-1.0,0.33,0.0,5.0,1.0,COMPLETE,0.135515,0.1507,0.01341,0.00922,0.1463444924406047,0.0144816414686825,0.926,0.162742980561555,0.0099568034557235,185200,27103,0.6475,18,14,14,14,16,1.0,0.135515,,120282,48954,2682,13282,1,2,12
news-source-strategies,RQ3,E3-reach-mitigation,informational_reach5_0_wom0,1010,INFORMATIONAL_CAMOUFLAGE,TRADITIONAL_MEDIA,FAKE_NEWS_SOURCE,1.0,-1.0,5.0,-1.0,0.33,0.0,5.0,1.0,COMPLETE,0.1388849999999999,0.12464,0.014255,0.01216,0.1543166666666666,0.0158388888888888,0.9,0.1384888888888888,0.0135111111111111,180000,27777,0.62,18,13,15,15,16,1.0,0.1388849999999999,,116692,49066,2851,11391,1,1,30
news-source-strategies,RQ3,E3-reach-mitigation,informational_reach5_0_wom0,1011,INFORMATIONAL_CAMOUFLAGE,TRADITIONAL_MEDIA,FAKE_NEWS_SOURCE,1.0,-1.0,5.0,-1.0,0.33,0.0,5.0,1.0,COMPLETE,0.151005,0.1532599999999999,0.00312,0.00198,0.1620225321888412,0.0033476394849785,0.932,0.1644420600858369,0.0021244635193133,186400,30201,0.6675,11,7,7,8,10,1.0,0.151005,,122768,47748,624,15260,1,2,138
news-source-strategies,RQ3,E3-reach-mitigation,informational_reach5_0_wom0,1012,INFORMATIONAL_CAMOUFLAGE,TRADITIONAL_MEDIA,FAKE_NEWS_SOURCE,1.0,-1.0,5.0,-1.0,0.33,0.0,5.0,1.0,COMPLETE,0.132845,0.13122,0.01126,0.0116999999999999,0.1428440860215054,0.0121075268817204,0.93,0.1410967741935483,0.0125806451612903,186000,26569,0.6325,14,9,10,11,12,1.0,0.132845,,116946,56550,2252,10252,1,2,93
news-source-strategies,RQ3,E3-reach-mitigation,informational_reach5_0_wom0,1013,INFORMATIONAL_CAMOUFLAGE,TRADITIONAL_MEDIA,FAKE_NEWS_SOURCE,1.0,-1.0,5.0,-1.0,0.33,0.0,5.0,1.0,COMPLETE,0.1473249999999999,0.14562,0.00649,0.005,0.1537839248434238,0.0067745302713987,0.958,0.1520041753653444,0.0052192066805845,191600,29465,0.685,12,6,7,8,9,1.0,0.1473249999999999,,120486,53785,1298,16031,1,3,110
news-source-strategies,RQ3,E3-reach-mitigation,informational_reach5_0_wom0,1014,INFORMATIONAL_CAMOUFLAGE,TRADITIONAL_MEDIA,FAKE_NEWS_SOURCE,1.0,-1.0,5.0,-1.0,0.33,0.0,5.0,1.0,COMPLETE,0.1436349999999999,0.12712,0.012745,0.0120399999999999,0.1544462365591397,0.0137043010752688,0.93,0.1366881720430107,0.0129462365591397,186000,28727,0.665,22,15,16,16,20,1.0,0.1436349999999999,,122521,49941,2549,10989,1,1,104
news-source-strategies,RQ3,E3-reach-mitigation,informational_reach5_0_wom0,1015,INFORMATIONAL_CAMOUFLAGE,TRADITIONAL_MEDIA,FAKE_NEWS_SOURCE,1.0,-1.0,5.0,-1.0,0.33,0.0,5.0,1.0,COMPLETE,0.13815,0.1358,0.01206,0.00862,0.1504901960784313,0.0131372549019607,0.918,0.1479302832244008,0.0093899782135076,183600,27630,0.6475,18,12,13,14,16,1.0,0.13815,,112901,55669,2412,12618,1,2,71
news-source-strategies,RQ3,E3-reach-mitigation,informational_reach5_0_wom0,1016,INFORMATIONAL_CAMOUFLAGE,TRADITIONAL_MEDIA,FAKE_NEWS_SOURCE,1.0,-1.0,5.0,-1.0,0.33,0.0,5.0,1.0,COMPLETE,0.13759,0.15982,0.01185,0.01036,0.1508662280701754,0.0129934210526315,0.912,0.1752412280701754,0.011359649122807,182400,27518,0.675,16,10,10,12,15,1.0,0.13759,,119915,48152,2370,11963,1,1,93
news-source-strategies,RQ3,E3-reach-mitigation,informational_reach5_0_wom0,1017,INFORMATIONAL_CAMOUFLAGE,TRADITIONAL_MEDIA,FAKE_NEWS_SOURCE,1.0,-1.0,5.0,-1.0,0.33,0.0,5.0,1.0,COMPLETE,0.12206,0.12626,0.00828,0.00828,0.1323861171366594,0.0089804772234273,0.922,0.136941431670282,0.0089804772234273,184400,24412,0.6575,17,9,10,13,16,1.0,0.12206,,123842,46043,1656,12859,1,24,84
news-source-strategies,RQ3,E3-reach-mitigation,informational_reach5_0_wom0,1018,INFORMATIONAL_CAMOUFLAGE,TRADITIONAL_MEDIA,FAKE_NEWS_SOURCE,1.0,-1.0,5.0,-1.0,0.33,0.0,5.0,1.0,COMPLETE,0.12648,0.10124,0.005665,0.0045,0.1411607142857142,0.0063225446428571,0.896,0.1129910714285714,0.0050223214285714,179200,25296,0.6675,10,9,9,10,10,1.0,0.12648,,109090,56585,1133,12392,1,1,3
news-source-strategies,RQ3,E3-reach-mitigation,informational_reach5_0_wom0,1019,INFORMATIONAL_CAMOUFLAGE,TRADITIONAL_MEDIA,FAKE_NEWS_SOURCE,1.0,-1.0,5.0,-1.0,0.33,0.0,5.0,1.0,COMPLETE,0.127595,0.1263,0.004745,0.00404,0.1383893709327548,0.005146420824295,0.922,0.1369848156182212,0.0043817787418655,184400,25519,0.6475,12,7,7,8,10,1.0,0.127595,,121680,50052,949,11719,1,2,103
news-source-strategies,RQ3,E3-reach-mitigation,informational_reach5_0_wom0,1020,INFORMATIONAL_CAMOUFLAGE,TRADITIONAL_MEDIA,FAKE_NEWS_SOURCE,1.0,-1.0,5.0,-1.0,0.33,0.0,5.0,1.0,COMPLETE,0.12779,0.15712,0.00898,0.01032,0.1362366737739872,0.0095735607675906,0.938,0.1675053304904051,0.011002132196162,187600,25558,0.6575,20,7,10,12,16,1.0,0.12779,,117591,54948,1796,13265,2,44,143
news-source-strategies,RQ3,E3-reach-mitigation,informational_reach5_0_wom0,1021,INFORMATIONAL_CAMOUFLAGE,TRADITIONAL_MEDIA,FAKE_NEWS_SOURCE,1.0,-1.0,5.0,-1.0,0.33,0.0,5.0,1.0,COMPLETE,0.1221,0.10202,0.009335,0.00694,0.1341758241758242,0.0102582417582417,0.91,0.1121098901098901,0.0076263736263736,182000,24420,0.695,15,12,12,12,13,1.0,0.1221,,123328,45589,1867,11216,1,1,14
news-source-strategies,RQ3,E3-reach-mitigation,informational_reach5_0_wom0,1022,INFORMATIONAL_CAMOUFLAGE,TRADITIONAL_MEDIA,FAKE_NEWS_SOURCE,1.0,-1.0,5.0,-1.0,0.33,0.0,5.0,1.0,COMPLETE,0.1357,0.13918,0.00877,0.0060599999999999,0.1449786324786325,0.0093696581196581,0.936,0.1486965811965812,0.0064743589743589,187200,27140,0.6425,10,7,7,7,8,1.0,0.1357,,125874,47053,1754,12519,1,1,106
news-source-strategies,RQ3,E3-reach-mitigation,informational_reach5_0_wom0,1023,INFORMATIONAL_CAMOUFLAGE,TRADITIONAL_MEDIA,FAKE_NEWS_SOURCE,1.0,-1.0,5.0,-1.0,0.33,0.0,5.0,1.0,COMPLETE,0.128875,0.1304,0.0070999999999999,0.0040599999999999,0.1400815217391304,0.0077173913043478,0.92,0.1417391304347826,0.0044130434782608,184000,25775,0.7,11,7,8,9,9,1.0,0.128875,,115391,54913,1420,12276,1,2,90
news-source-strategies,RQ3,E3-reach-mitigation,informational_reach5_0_wom0,1024,INFORMATIONAL_CAMOUFLAGE,TRADITIONAL_MEDIA,FAKE_NEWS_SOURCE,1.0,-1.0,5.0,-1.0,0.33,0.0,5.0,1.0,COMPLETE,0.135855,0.10632,0.010675,0.01174,0.1457671673819742,0.0114538626609442,0.932,0.1140772532188841,0.0125965665236051,186400,27171,0.6325,19,13,13,13,15,1.0,0.135855,,116642,55722,2135,11901,1,2,186
news-source-strategies,RQ3,E3-reach-mitigation,informational_reach5_0_wom0,1025,INFORMATIONAL_CAMOUFLAGE,TRADITIONAL_MEDIA,FAKE_NEWS_SOURCE,1.0,-1.0,5.0,-1.0,0.33,0.0,5.0,1.0,COMPLETE,0.14534,0.15148,0.009095,0.00714,0.1579782608695652,0.0098858695652173,0.92,0.1646521739130435,0.0077608695652173,184000,29068,0.6675,11,8,8,8,9,1.0,0.14534,,118962,53966,1819,9253,1,2,167
news-source-strategies,RQ3,E3-reach-mitigation,informational_reach5_0_wom0,1026,INFORMATIONAL_CAMOUFLAGE,TRADITIONAL_MEDIA,FAKE_NEWS_SOURCE,1.0,-1.0,5.0,-1.0,0.33,0.0,5.0,1.0,COMPLETE,0.14188,0.1618,0.016385,0.0157,0.1542173913043478,0.0178097826086956,0.92,0.1758695652173913,0.0170652173913043,184000,28376,0.67,12,9,10,10,11,1.0,0.14188,,117836,51517,3277,11370,1,1,3
news-source-strategies,RQ3,E3-reach-mitigation,informational_reach5_0_wom0,1027,INFORMATIONAL_CAMOUFLAGE,TRADITIONAL_MEDIA,FAKE_NEWS_SOURCE,1.0,-1.0,5.0,-1.0,0.33,0.0,5.0,1.0,COMPLETE,0.121975,0.10654,0.00705,0.00526,0.1334518599562363,0.0077133479212253,0.914,0.1165645514223194,0.0057549234135667,182800,24395,0.645,16,11,12,14,15,1.0,0.121975,,123347,50220,1410,7823,1,2,34
news-source-strategies,RQ3,E3-reach-mitigation,informational_reach5_0_wom0,1028,INFORMATIONAL_CAMOUFLAGE,TRADITIONAL_MEDIA,FAKE_NEWS_SOURCE,1.0,-1.0,5.0,-1.0,0.33,0.0,5.0,1.0,COMPLETE,0.1291699999999999,0.13244,0.000855,0.0,0.1380021367521367,0.0009134615384615,0.936,0.1414957264957265,0.0,187200,25834,0.6675,8,6,6,6,7,1.0,0.1291699999999999,,126505,48137,171,12387,1,1,2
news-source-strategies,RQ3,E3-reach-mitigation,informational_reach5_0_wom0,1029,INFORMATIONAL_CAMOUFLAGE,TRADITIONAL_MEDIA,FAKE_NEWS_SOURCE,1.0,-1.0,5.0,-1.0,0.33,0.0,5.0,1.0,COMPLETE,0.1298,0.13582,0.00745,0.0069,0.1398706896551724,0.0080280172413793,0.928,0.1463577586206896,0.0074353448275862,185600,25960,0.625,17,6,6,7,12,1.0,0.1298,,123281,50015,1490,10814,1,164,209
news-source-strategies,RQ3,E3-reach-mitigation,informational_reach5_0_wom0,1030,INFORMATIONAL_CAMOUFLAGE,TRADITIONAL_MEDIA,FAKE_NEWS_SOURCE,1.0,-1.0,5.0,-1.0,0.33,0.0,5.0,1.0,COMPLETE,0.14029,0.12658,0.01411,0.01538,0.1551880530973451,0.015608407079646,0.904,0.1400221238938053,0.0170132743362831,180800,28058,0.65,16,9,11,12,14,1.0,0.14029,,115925,49385,2822,12668,1,2,96
news-source-strategies,RQ3,E3-reach-mitigation,informational_reach5_0_wom1,1001,INFORMATIONAL_CAMOUFLAGE,TRADITIONAL_MEDIA,FAKE_NEWS_SOURCE,1.0,-1.0,5.0,-1.0,0.33,1.0,5.0,1.0,COMPLETE,0.09609,0.09518,0.00045,0.00044,0.096111625115651,0.0004501012727863,0.999775,0.09518,0.00044,199955,19218,0.67,23,9,9,12,21,1.0,0.09609,,195164,3251,90,1450,2,90,174
news-source-strategies,RQ3,E3-reach-mitigation,informational_reach5_0_wom1,1002,INFORMATIONAL_CAMOUFLAGE,TRADITIONAL_MEDIA,FAKE_NEWS_SOURCE,1.0,-1.0,5.0,-1.0,0.33,1.0,5.0,1.0,COMPLETE,0.11148,0.07306,0.0010149999999999,0.00052,0.1115062039579301,0.0010152385810665,0.999765,0.07306,0.00052,199953,22296,0.64,53,11,19,26,26,1.0,0.11148,,192848,4323,203,2579,31,221,285
news-source-strategies,RQ3,E3-reach-mitigation,informational_reach5_0_wom1,1003,INFORMATIONAL_CAMOUFLAGE,TRADITIONAL_MEDIA,FAKE_NEWS_SOURCE,1.0,-1.0,5.0,-1.0,0.33,1.0,5.0,1.0,COMPLETE,0.077485,0.06224,0.00076,0.0004,0.0775020504510992,0.000760167236792,0.99978,0.06224,0.0004,199956,15497,0.6775,35,7,12,13,32,1.0,0.077485,,194514,3762,152,1528,33,115,169
news-source-strategies,RQ3,E3-reach-mitigation,informational_reach5_0_wom1,1004,INFORMATIONAL_CAMOUFLAGE,TRADITIONAL_MEDIA,FAKE_NEWS_SOURCE,1.0,-1.0,5.0,-1.0,0.33,1.0,5.0,1.0,COMPLETE,0.10712,0.05274,0.0013,0.00056,0.1071398208668603,0.0013002405445007,0.999815,0.05274,0.00056,199963,21424,0.705,40,27,28,33,38,1.0,0.10712,,191550,5143,260,3010,3,20,79
news-source-strategies,RQ3,E3-reach-mitigation,informational_reach5_0_wom1,1005,INFORMATIONAL_CAMOUFLAGE,TRADITIONAL_MEDIA,FAKE_NEWS_SOURCE,1.0,-1.0,5.0,-1.0,0.33,1.0,5.0,1.0,COMPLETE,0.112705,0.13584,0.00055,0.00104,0.1127286730213344,0.00055011552426,0.99979,0.13584,0.00104,199958,22541,0.6675,23,6,6,11,13,1.0,0.112705,,193931,3589,110,2328,16,104,331
news-source-strategies,RQ3,E3-reach-mitigation,informational_reach5_0_wom1,1006,INFORMATIONAL_CAMOUFLAGE,TRADITIONAL_MEDIA,FAKE_NEWS_SOURCE,1.0,-1.0,5.0,-1.0,0.33,1.0,5.0,1.0,COMPLETE,0.08741,0.0937399999999999,0.00088,0.0011799999999999,0.0874270482744135,0.0008801716334685,0.999805,0.09374,0.00118,199961,17482,0.67,47,10,17,20,27,1.0,0.08741,,195920,2297,176,1568,29,139,317
news-source-strategies,RQ3,E3-reach-mitigation,informational_reach5_0_wom1,1007,INFORMATIONAL_CAMOUFLAGE,TRADITIONAL_MEDIA,FAKE_NEWS_SOURCE,1.0,-1.0,5.0,-1.0,0.33,1.0,5.0,1.0,COMPLETE,0.0777399999999999,0.06396,0.0008,0.0007,0.0777516627494124,0.0008001200180027,0.99985,0.06396,0.0007,199970,15548,0.635,39,15,18,18,29,1.0,0.0777399999999999,,196229,2155,160,1426,5,112,212
news-source-strategies,RQ3,E3-reach-mitigation,informational_reach5_0_wom1,1008,INFORMATIONAL_CAMOUFLAGE,TRADITIONAL_MEDIA,FAKE_NEWS_SOURCE,1.0,-1.0,5.0,-1.0,0.33,1.0,5.0,1.0,COMPLETE,0.08884,0.04208,0.0007199999999999,0.00034,0.0888595491008021,0.0007201584348556,0.99978,0.04208,0.00034,199956,17768,0.6225,28,20,22,24,28,1.0,0.08884,,195325,2365,144,2122,1,4,29
news-source-strategies,RQ3,E3-reach-mitigation,informational_reach5_0_wom1,1009,INFORMATIONAL_CAMOUFLAGE,TRADITIONAL_MEDIA,FAKE_NEWS_SOURCE,1.0,-1.0,5.0,-1.0,0.33,1.0,5.0,1.0,COMPLETE,0.07759,0.0635,0.00128,0.0013,0.0776043568060091,0.0012802368438161,0.999815,0.0635,0.0013,199963,15518,0.66,73,25,47,50,54,1.0,0.07759,,196016,2143,256,1548,23,29,263
news-source-strategies,RQ3,E3-reach-mitigation,informational_reach5_0_wom1,1010,INFORMATIONAL_CAMOUFLAGE,TRADITIONAL_MEDIA,FAKE_NEWS_SOURCE,1.0,-1.0,5.0,-1.0,0.33,1.0,5.0,1.0,COMPLETE,0.06876,0.05244,0.000395,0.00028,0.0687771942985746,0.0003950987746936,0.99975,0.05244,0.00028,199950,13752,0.6725,24,14,15,17,22,1.0,0.06876,,197031,1628,79,1212,1,2,137
news-source-strategies,RQ3,E3-reach-mitigation,informational_reach5_0_wom1,1011,INFORMATIONAL_CAMOUFLAGE,TRADITIONAL_MEDIA,FAKE_NEWS_SOURCE,1.0,-1.0,5.0,-1.0,0.33,1.0,5.0,1.0,COMPLETE,0.11204,0.11578,0.001285,0.00066,0.1120590500385065,0.0012852184871428,0.99983,0.11578,0.00066,199966,22408,0.6525,43,30,40,40,43,1.0,0.11204,,188317,8149,257,3243,5,10,29
news-source-strategies,RQ3,E3-reach-mitigation,informational_reach5_0_wom1,1012,INFORMATIONAL_CAMOUFLAGE,TRADITIONAL_MEDIA,FAKE_NEWS_SOURCE,1.0,-1.0,5.0,-1.0,0.33,1.0,5.0,1.0,COMPLETE,0.0884,0.02054,0.00077,8e-05,0.0884154727077238,0.0007701347735853,0.999825,0.02054,8e-05,199965,17680,0.6575,32,8,15,19,21,1.0,0.0884,,196024,2101,154,1686,5,55,236
news-source-strategies,RQ3,E3-reach-mitigation,informational_reach5_0_wom1,1013,INFORMATIONAL_CAMOUFLAGE,TRADITIONAL_MEDIA,FAKE_NEWS_SOURCE,1.0,-1.0,5.0,-1.0,0.33,1.0,5.0,1.0,COMPLETE,0.090405,0.12514,0.00044,0.00068,0.0904144935218198,0.0004400462048515,0.999895,0.12514,0.00068,199979,18081,0.6775,23,9,9,12,16,1.0,0.090405,,195877,2163,88,1851,2,99,224
news-source-strategies,RQ3,E3-reach-mitigation,informational_reach5_0_wom1,1014,INFORMATIONAL_CAMOUFLAGE,TRADITIONAL_MEDIA,FAKE_NEWS_SOURCE,1.0,-1.0,5.0,-1.0,0.33,1.0,5.0,1.0,COMPLETE,0.090015,0.10786,0.00179,0.00306,0.0900307553821918,0.0017903133048283,0.999825,0.10786,0.00306,199965,18003,0.68,79,15,21,25,34,1.0,0.090015,,196237,2128,358,1242,44,205,301
news-source-strategies,RQ3,E3-reach-mitigation,informational_reach5_0_wom1,1015,INFORMATIONAL_CAMOUFLAGE,TRADITIONAL_MEDIA,FAKE_NEWS_SOURCE,1.0,-1.0,5.0,-1.0,0.33,1.0,5.0,1.0,COMPLETE,0.093345,0.1071599999999999,0.000665,0.00038,0.0933641396486279,0.0006651363529523,0.999795,0.10716,0.00038,199959,18669,0.66,24,15,15,19,19,1.0,0.093345,,194871,2746,133,2209,1,2,91
news-source-strategies,RQ3,E3-reach-mitigation,informational_reach5_0_wom1,1016,INFORMATIONAL_CAMOUFLAGE,TRADITIONAL_MEDIA,FAKE_NEWS_SOURCE,1.0,-1.0,5.0,-1.0,0.33,1.0,5.0,1.0,COMPLETE,0.06742,0.04094,0.000925,0.00044,0.067434835663846,0.0009252035447798,0.99978,0.04094,0.00044,199956,13484,0.67,46,18,23,27,43,1.0,0.06742,,196646,1768,185,1357,3,38,159
news-source-strategies,RQ3,E3-reach-mitigation,informational_reach5_0_wom1,1017,INFORMATIONAL_CAMOUFLAGE,TRADITIONAL_MEDIA,FAKE_NEWS_SOURCE,1.0,-1.0,5.0,-1.0,0.33,1.0,5.0,1.0,COMPLETE,0.10742,0.10772,0.00139,0.0011,0.1074409509854421,0.001390271102865,0.999805,0.10772,0.0011,199961,21484,0.6625,52,10,12,13,44,1.0,0.10742,,194710,2660,278,2313,97,144,169
news-source-strategies,RQ3,E3-reach-mitigation,informational_reach5_0_wom1,1018,INFORMATIONAL_CAMOUFLAGE,TRADITIONAL_MEDIA,FAKE_NEWS_SOURCE,1.0,-1.0,5.0,-1.0,0.33,1.0,5.0,1.0,COMPLETE,0.083395,0.04338,0.00043,0.0002,0.0834166883389681,0.0004301118290755,0.99974,0.04338,0.0002,199948,16679,0.6775,20,9,11,14,19,1.0,0.083395,,193005,4632,86,2225,1,29,113
news-source-strategies,RQ3,E3-reach-mitigation,informational_reach5_0_wom1,1019,INFORMATIONAL_CAMOUFLAGE,TRADITIONAL_MEDIA,FAKE_NEWS_SOURCE,1.0,-1.0,5.0,-1.0,0.33,1.0,5.0,1.0,COMPLETE,0.124295,0.14634,0.00122,0.00098,0.1243192422522391,0.0012202379463995,0.999805,0.14634,0.00098,199961,24859,0.64,50,11,18,32,37,1.0,0.124295,,193411,3713,244,2593,46,58,212
news-source-strategies,RQ3,E3-reach-mitigation,informational_reach5_0_wom1,1020,INFORMATIONAL_CAMOUFLAGE,TRADITIONAL_MEDIA,FAKE_NEWS_SOURCE,1.0,-1.0,5.0,-1.0,0.33,1.0,5.0,1.0,COMPLETE,0.104015,0.1244599999999999,0.001205,0.00186,0.1040311248243477,0.0012051868039546,0.999845,0.12446,0.00186,199969,20803,0.665,51,30,35,39,41,1.0,0.104015,,192173,4881,241,2674,12,17,87
news-source-strategies,RQ3,E3-reach-mitigation,informational_reach5_0_wom1,1021,INFORMATIONAL_CAMOUFLAGE,TRADITIONAL_MEDIA,FAKE_NEWS_SOURCE,1.0,-1.0,5.0,-1.0,0.33,1.0,5.0,1.0,COMPLETE,0.141435,0.12404,0.001065,0.00066,0.1414668300367582,0.0010652396789277,0.999775,0.12404,0.00066,199955,28287,0.67,41,18,18,25,34,1.0,0.141435,,192040,4785,213,2917,2,72,124
news-source-strategies,RQ3,E3-reach-mitigation,informational_reach5_0_wom1,1022,INFORMATIONAL_CAMOUFLAGE,TRADITIONAL_MEDIA,FAKE_NEWS_SOURCE,1.0,-1.0,5.0,-1.0,0.33,1.0,5.0,1.0,COMPLETE,0.110165,0.1344199999999999,0.001385,0.00154,0.1101826292206753,0.0013852216354616,0.99984,0.13442,0.00154,199968,22033,0.66,58,25,27,29,32,1.0,0.110165,,194194,3017,277,2480,6,88,229
news-source-strategies,RQ3,E3-reach-mitigation,informational_reach5_0_wom1,1023,INFORMATIONAL_CAMOUFLAGE,TRADITIONAL_MEDIA,FAKE_NEWS_SOURCE,1.0,-1.0,5.0,-1.0,0.33,1.0,5.0,1.0,COMPLETE,0.123345,0.18126,0.0011799999999999,0.0013,0.1233696739347869,0.0011802360472094,0.9998,0.18126,0.0013,199960,24669,0.6825,38,13,15,16,20,1.0,0.123345,,192399,4488,236,2837,3,116,287
news-source-strategies,RQ3,E3-reach-mitigation,informational_reach5_0_wom1,1024,INFORMATIONAL_CAMOUFLAGE,TRADITIONAL_MEDIA,FAKE_NEWS_SOURCE,1.0,-1.0,5.0,-1.0,0.33,1.0,5.0,1.0,COMPLETE,0.09915,0.10596,0.001195,0.00094,0.0991668583659222,0.0011952031845413,0.99983,0.10596,0.00094,199966,19830,0.6675,52,15,18,28,37,1.0,0.09915,,194028,3557,239,2142,4,79,257
news-source-strategies,RQ3,E3-reach-mitigation,informational_reach5_0_wom1,1025,INFORMATIONAL_CAMOUFLAGE,TRADITIONAL_MEDIA,FAKE_NEWS_SOURCE,1.0,-1.0,5.0,-1.0,0.33,1.0,5.0,1.0,COMPLETE,0.116315,0.07404,0.00113,0.00032,0.1163382676535307,0.001130226045209,0.9998,0.07404,0.00032,199960,23263,0.6375,45,30,32,32,36,1.0,0.116315,,191836,5011,226,2887,4,6,141
news-source-strategies,RQ3,E3-reach-mitigation,informational_reach5_0_wom1,1026,INFORMATIONAL_CAMOUFLAGE,TRADITIONAL_MEDIA,FAKE_NEWS_SOURCE,1.0,-1.0,5.0,-1.0,0.33,1.0,5.0,1.0,COMPLETE,0.109245,0.08458,0.00058,0.00032,0.1092668533706741,0.0005801160232046,0.9998,0.08458,0.00032,199960,21849,0.7225,21,10,11,11,18,1.0,0.109245,,195096,2337,116,2411,1,35,154
news-source-strategies,RQ3,E3-reach-mitigation,informational_reach5_0_wom1,1027,INFORMATIONAL_CAMOUFLAGE,TRADITIONAL_MEDIA,FAKE_NEWS_SOURCE,1.0,-1.0,5.0,-1.0,0.33,1.0,5.0,1.0,COMPLETE,0.08949,0.12752,0.00184,0.00396,0.0895092444875648,0.0018403956850722,0.999785,0.12752,0.00396,199957,17898,0.6975,71,17,31,33,39,1.0,0.08949,,194641,3270,368,1678,26,148,367
news-source-strategies,RQ3,E3-reach-mitigation,informational_reach5_0_wom1,1028,INFORMATIONAL_CAMOUFLAGE,TRADITIONAL_MEDIA,FAKE_NEWS_SOURCE,1.0,-1.0,5.0,-1.0,0.33,1.0,5.0,1.0,COMPLETE,0.093985,0.10242,0.000225,8e-05,0.094000040006401,0.0002250360057609,0.99984,0.10242,8e-05,199968,18797,0.665,13,6,8,8,9,1.0,0.093985,,196589,2009,45,1325,1,33,236
news-source-strategies,RQ3,E3-reach-mitigation,informational_reach5_0_wom1,1029,INFORMATIONAL_CAMOUFLAGE,TRADITIONAL_MEDIA,FAKE_NEWS_SOURCE,1.0,-1.0,5.0,-1.0,0.33,1.0,5.0,1.0,COMPLETE,0.094635,0.0615799999999999,0.00184,0.00088,0.094652037366726,0.0018403312596267,0.99982,0.06158,0.00088,199964,18927,0.6825,88,14,22,28,35,1.0,0.094635,,194185,3570,368,1841,49,217,244
news-source-strategies,RQ3,E3-reach-mitigation,informational_reach5_0_wom1,1030,INFORMATIONAL_CAMOUFLAGE,TRADITIONAL_MEDIA,FAKE_NEWS_SOURCE,1.0,-1.0,5.0,-1.0,0.33,1.0,5.0,1.0,COMPLETE,0.085535,0.07432,0.0008399999999999,0.00056,0.0855555333279987,0.0008402016483956,0.99976,0.07432,0.00056,199952,17107,0.645,36,21,22,27,30,1.0,0.085535,,195892,2248,168,1644,3,11,100
news-source-strategies,RQ3,E3-reach-mitigation,informational_reach1_0_wom0,1001,INFORMATIONAL_CAMOUFLAGE,TRADITIONAL_MEDIA,FAKE_NEWS_SOURCE,1.0,-1.0,1.0,-1.0,0.33,0.0,5.0,1.0,COMPLETE,0.132865,0.0909,0.0047199999999999,0.004,0.1463270925110132,0.0051982378854625,0.908,0.1001101321585903,0.0044052863436123,181600,26573,0.7075,6,4,4,4,4,1.0,0.132865,,117083,50519,944,13054,1,3,284
news-source-strategies,RQ3,E3-reach-mitigation,informational_reach1_0_wom0,1002,INFORMATIONAL_CAMOUFLAGE,TRADITIONAL_MEDIA,FAKE_NEWS_SOURCE,1.0,-1.0,1.0,-1.0,0.33,0.0,5.0,1.0,COMPLETE,0.13343,0.1128,0.00011,0.00026,0.1475995575221239,0.0001216814159292,0.904,0.1247787610619469,0.000287610619469,180800,26686,0.6475,3,1,2,3,3,2.0,0.13343,,115919,52502,22,12357,2,30,91
news-source-strategies,RQ3,E3-reach-mitigation,informational_reach1_0_wom0,1003,INFORMATIONAL_CAMOUFLAGE,TRADITIONAL_MEDIA,FAKE_NEWS_SOURCE,1.0,-1.0,1.0,-1.0,0.33,0.0,5.0,1.0,COMPLETE,0.12672,0.10676,0.000405,0.00016,0.1389473684210526,0.0004440789473684,0.912,0.1170614035087719,0.0001754385964912,182400,25344,0.65,2,1,1,1,1,1.0,0.12672,,122998,51578,81,7743,1,1,306
news-source-strategies,RQ3,E3-reach-mitigation,informational_reach1_0_wom0,1004,INFORMATIONAL_CAMOUFLAGE,TRADITIONAL_MEDIA,FAKE_NEWS_SOURCE,1.0,-1.0,1.0,-1.0,0.33,0.0,5.0,1.0,COMPLETE,0.14997,0.1691399999999999,5e-06,0.0,0.1619546436285097,5.399568034557236e-06,0.926,0.1826565874730021,0.0,185200,29994,0.69,1,1,1,1,1,2.0,0.14997,,122088,50110,1,13001,2,2,2
news-source-strategies,RQ3,E3-reach-mitigation,informational_reach1_0_wom0,1005,INFORMATIONAL_CAMOUFLAGE,TRADITIONAL_MEDIA,FAKE_NEWS_SOURCE,1.0,-1.0,1.0,-1.0,0.33,0.0,5.0,1.0,COMPLETE,0.13337,0.1530399999999999,0.003785,0.00352,0.1459190371991247,0.0041411378555798,0.914,0.1674398249452954,0.003851203501094,182800,26674,0.6425,2,2,2,2,2,1.0,0.13337,,116869,51553,757,13621,1,1,5
news-source-strategies,RQ3,E3-reach-mitigation,informational_reach1_0_wom0,1006,INFORMATIONAL_CAMOUFLAGE,TRADITIONAL_MEDIA,FAKE_NEWS_SOURCE,1.0,-1.0,1.0,-1.0,0.33,0.0,5.0,1.0,COMPLETE,0.1416349999999999,0.13334,0.004135,0.004,0.1539510869565217,0.0044945652173913,0.92,0.1449347826086956,0.0043478260869565,184000,28327,0.65,5,3,3,3,5,1.0,0.1416349999999999,,118875,52218,827,12080,1,1,125
news-source-strategies,RQ3,E3-reach-mitigation,informational_reach1_0_wom0,1007,INFORMATIONAL_CAMOUFLAGE,TRADITIONAL_MEDIA,FAKE_NEWS_SOURCE,1.0,-1.0,1.0,-1.0,0.33,0.0,5.0,1.0,COMPLETE,0.15016,0.1715,0.004265,0.00176,0.1607708779443254,0.0045663811563169,0.934,0.1836188436830835,0.0018843683083511,186800,30032,0.65,3,2,3,3,3,1.0,0.15016,,119796,53689,853,12462,1,2,39
news-source-strategies,RQ3,E3-reach-mitigation,informational_reach1_0_wom0,1008,INFORMATIONAL_CAMOUFLAGE,TRADITIONAL_MEDIA,FAKE_NEWS_SOURCE,1.0,-1.0,1.0,-1.0,0.33,0.0,5.0,1.0,COMPLETE,0.1520099999999999,0.1576399999999999,0.00212,0.00156,0.1674118942731277,0.0023348017621145,0.908,0.1736123348017621,0.0017180616740088,181600,30402,0.68,3,3,3,3,3,1.0,0.1520099999999999,,112428,52387,424,16361,1,1,1
news-source-strategies,RQ3,E3-reach-mitigation,informational_reach1_0_wom0,1009,INFORMATIONAL_CAMOUFLAGE,TRADITIONAL_MEDIA,FAKE_NEWS_SOURCE,1.0,-1.0,1.0,-1.0,0.33,0.0,5.0,1.0,COMPLETE,0.16944,0.15806,0.00023,0.0,0.1841739130434782,0.00025,0.92,0.1718043478260869,0.0,184000,33888,0.6825,1,1,1,1,1,2.0,0.16944,,118228,50843,46,14883,2,2,2
news-source-strategies,RQ3,E3-reach-mitigation,informational_reach1_0_wom0,1010,INFORMATIONAL_CAMOUFLAGE,TRADITIONAL_MEDIA,FAKE_NEWS_SOURCE,1.0,-1.0,1.0,-1.0,0.33,0.0,5.0,1.0,COMPLETE,0.126825,0.12678,0.002,0.002,0.1425,0.0022471910112359,0.89,0.1424494382022472,0.0022471910112359,178000,25365,0.67,1,1,1,1,1,1.0,0.126825,,116112,50072,400,11416,1,1,1
news-source-strategies,RQ3,E3-reach-mitigation,informational_reach1_0_wom0,1011,INFORMATIONAL_CAMOUFLAGE,TRADITIONAL_MEDIA,FAKE_NEWS_SOURCE,1.0,-1.0,1.0,-1.0,0.33,0.0,5.0,1.0,COMPLETE,0.150455,0.1537599999999999,5.5e-05,0.00014,0.1614324034334764,5.901287553648069e-05,0.932,0.1649785407725321,0.0001502145922746,186400,30091,0.6675,1,0,0,0,1,138.0,0.150455,,122472,48152,11,15765,138,138,138
news-source-strategies,RQ3,E3-reach-mitigation,informational_reach1_0_wom0,1012,INFORMATIONAL_CAMOUFLAGE,TRADITIONAL_MEDIA,FAKE_NEWS_SOURCE,1.0,-1.0,1.0,-1.0,0.33,0.0,5.0,1.0,COMPLETE,0.14428,0.1802,0.002,0.002,0.1561471861471861,0.0021645021645021,0.924,0.195021645021645,0.0021645021645021,184800,28856,0.7175,1,1,1,1,1,1.0,0.14428,,118203,54197,400,12000,1,1,1
news-source-strategies,RQ3,E3-reach-mitigation,informational_reach1_0_wom0,1013,INFORMATIONAL_CAMOUFLAGE,TRADITIONAL_MEDIA,FAKE_NEWS_SOURCE,1.0,-1.0,1.0,-1.0,0.33,0.0,5.0,1.0,COMPLETE,0.12765,0.1189,0.001965,0.00184,0.1335251046025104,0.0020554393305439,0.956,0.1243723849372385,0.0019246861924686,191200,25530,0.68,4,3,3,3,4,1.0,0.12765,,127905,51075,393,11827,1,2,2
news-source-strategies,RQ3,E3-reach-mitigation,informational_reach1_0_wom0,1014,INFORMATIONAL_CAMOUFLAGE,TRADITIONAL_MEDIA,FAKE_NEWS_SOURCE,1.0,-1.0,1.0,-1.0,0.33,0.0,5.0,1.0,COMPLETE,0.132,0.14508,0.0078099999999999,0.00798,0.1428571428571428,0.0084523809523809,0.924,0.157012987012987,0.0086363636363636,184800,26400,0.665,9,6,6,7,8,1.0,0.132,,123376,48859,1562,11003,1,2,61
news-source-strategies,RQ3,E3-reach-mitigation,informational_reach1_0_wom0,1015,INFORMATIONAL_CAMOUFLAGE,TRADITIONAL_MEDIA,FAKE_NEWS_SOURCE,1.0,-1.0,1.0,-1.0,0.33,0.0,5.0,1.0,COMPLETE,0.12557,0.13354,5e-06,0.0,0.1376864035087719,5.482456140350877e-06,0.912,0.1464254385964912,0.0,182400,25114,0.6775,1,0,0,0,1,199.0,0.12557,,113640,54274,1,14485,199,199,199
news-source-strategies,RQ3,E3-reach-mitigation,informational_reach1_0_wom0,1016,INFORMATIONAL_CAMOUFLAGE,TRADITIONAL_MEDIA,FAKE_NEWS_SOURCE,1.0,-1.0,1.0,-1.0,0.33,0.0,5.0,1.0,COMPLETE,0.14373,0.14846,0.002025,0.00208,0.1586423841059602,0.0022350993377483,0.906,0.1638631346578366,0.0022958057395143,181200,28746,0.6825,2,2,2,2,2,1.0,0.14373,,120650,48931,405,11214,1,1,1
news-source-strategies,RQ3,E3-reach-mitigation,informational_reach1_0_wom0,1017,INFORMATIONAL_CAMOUFLAGE,TRADITIONAL_MEDIA,FAKE_NEWS_SOURCE,1.0,-1.0,1.0,-1.0,0.33,0.0,5.0,1.0,COMPLETE,0.124595,0.09778,0.0002949999999999,0.0,0.1354293478260869,0.000320652173913,0.92,0.1062826086956521,0.0,184000,24919,0.6925,1,1,1,1,1,3.0,0.124595,,122866,46937,59,14138,3,3,3
news-source-strategies,RQ3,E3-reach-mitigation,informational_reach1_0_wom0,1018,INFORMATIONAL_CAMOUFLAGE,TRADITIONAL_MEDIA,FAKE_NEWS_SOURCE,1.0,-1.0,1.0,-1.0,0.33,0.0,5.0,1.0,COMPLETE,0.12539,0.09968,2e-05,0.0,0.1402572706935123,2.237136465324385e-05,0.894,0.1114988814317673,0.0,178800,25078,0.67,3,3,3,3,3,1.0,0.12539,,112348,53350,4,13098,1,1,3
news-source-strategies,RQ3,E3-reach-mitigation,informational_reach1_0_wom0,1019,INFORMATIONAL_CAMOUFLAGE,TRADITIONAL_MEDIA,FAKE_NEWS_SOURCE,1.0,-1.0,1.0,-1.0,0.33,0.0,5.0,1.0,COMPLETE,0.1249,0.12356,4.5e-05,0.0,0.135466377440347,4.880694143167029e-05,0.922,0.1340130151843817,0.0,184400,24980,0.6475,1,0,0,0,1,103.0,0.1249,,122399,50447,9,11545,103,103,103
news-source-strategies,RQ3,E3-reach-mitigation,informational_reach1_0_wom0,1020,INFORMATIONAL_CAMOUFLAGE,TRADITIONAL_MEDIA,FAKE_NEWS_SOURCE,1.0,-1.0,1.0,-1.0,0.33,0.0,5.0,1.0,COMPLETE,0.13144,0.12884,4e-05,4e-05,0.1404273504273504,4.2735042735042735e-05,0.936,0.1376495726495726,4.2735042735042735e-05,187200,26288,0.66,4,1,1,2,3,1.0,0.13144,,115708,57309,8,14175,1,75,103
news-source-strategies,RQ3,E3-reach-mitigation,informational_reach1_0_wom0,1021,INFORMATIONAL_CAMOUFLAGE,TRADITIONAL_MEDIA,FAKE_NEWS_SOURCE,1.0,-1.0,1.0,-1.0,0.33,0.0,5.0,1.0,COMPLETE,0.1380749999999999,0.11768,0.0028399999999999,0.00316,0.1524006622516556,0.0031346578366445,0.906,0.1298896247240618,0.0034878587196467,181200,27615,0.635,3,2,2,3,3,1.0,0.1380749999999999,,124527,44509,568,11596,1,2,73
news-source-strategies,RQ3,E3-reach-mitigation,informational_reach1_0_wom0,1022,INFORMATIONAL_CAMOUFLAGE,TRADITIONAL_MEDIA,FAKE_NEWS_SOURCE,1.0,-1.0,1.0,-1.0,0.33,0.0,5.0,1.0,COMPLETE,0.12353,0.12788,0.00212,0.00228,0.1325429184549356,0.0022746781115879,0.932,0.1372103004291845,0.0024463519313304,186400,24706,0.6425,3,2,2,2,3,1.0,0.12353,,127745,47417,424,10814,1,1,163
news-source-strategies,RQ3,E3-reach-mitigation,informational_reach1_0_wom0,1023,INFORMATIONAL_CAMOUFLAGE,TRADITIONAL_MEDIA,FAKE_NEWS_SOURCE,1.0,-1.0,1.0,-1.0,0.33,0.0,5.0,1.0,COMPLETE,0.1243649999999999,0.09914,0.001895,0.00182,0.1354738562091503,0.0020642701525054,0.918,0.107995642701525,0.0019825708061002,183600,24873,0.6525,3,2,2,2,2,1.0,0.1243649999999999,,122105,47488,379,13628,1,3,263
news-source-strategies,RQ3,E3-reach-mitigation,informational_reach1_0_wom0,1024,INFORMATIONAL_CAMOUFLAGE,TRADITIONAL_MEDIA,FAKE_NEWS_SOURCE,1.0,-1.0,1.0,-1.0,0.33,0.0,5.0,1.0,COMPLETE,0.14644,0.12828,0.005485,0.00456,0.157801724137931,0.0059105603448275,0.928,0.1382327586206896,0.0049137931034482,185600,29288,0.6525,3,3,3,3,3,1.0,0.14644,,116084,59244,1097,9175,1,2,2
news-source-strategies,RQ3,E3-reach-mitigation,informational_reach1_0_wom0,1025,INFORMATIONAL_CAMOUFLAGE,TRADITIONAL_MEDIA,FAKE_NEWS_SOURCE,1.0,-1.0,1.0,-1.0,0.33,0.0,5.0,1.0,COMPLETE,0.1529799999999999,0.1406,3.5000000000000004e-05,4e-05,0.1670087336244541,3.8209606986899565e-05,0.916,0.1534934497816593,4.366812227074236e-05,183200,30596,0.6875,3,1,1,1,1,1.0,0.1529799999999999,,119665,50808,7,12720,1,260,321
news-source-strategies,RQ3,E3-reach-mitigation,informational_reach1_0_wom0,1026,INFORMATIONAL_CAMOUFLAGE,TRADITIONAL_MEDIA,FAKE_NEWS_SOURCE,1.0,-1.0,1.0,-1.0,0.33,0.0,5.0,1.0,COMPLETE,0.13035,0.1367,0.00204,0.002,0.1432417582417582,0.0022417582417582,0.91,0.1502197802197802,0.0021978021978021,182000,26070,0.685,3,1,1,3,3,1.0,0.13035,,119362,49447,408,12783,1,53,75
news-source-strategies,RQ3,E3-reach-mitigation,informational_reach1_0_wom0,1027,INFORMATIONAL_CAMOUFLAGE,TRADITIONAL_MEDIA,FAKE_NEWS_SOURCE,1.0,-1.0,1.0,-1.0,0.33,0.0,5.0,1.0,COMPLETE,0.1201,0.10558,0.00385,0.00378,0.1314004376367614,0.0042122538293216,0.914,0.1155142231947483,0.0041356673960612,182800,24020,0.645,3,3,3,3,3,1.0,0.1201,,123520,50824,770,7686,1,1,2
news-source-strategies,RQ3,E3-reach-mitigation,informational_reach1_0_wom0,1028,INFORMATIONAL_CAMOUFLAGE,TRADITIONAL_MEDIA,FAKE_NEWS_SOURCE,1.0,-1.0,1.0,-1.0,0.33,0.0,5.0,1.0,COMPLETE,0.1289,0.13244,4.5e-05,0.0,0.1377136752136752,4.807692307692308e-05,0.936,0.1414957264957265,0.0,187200,25780,0.6675,3,2,2,2,2,1.0,0.1289,,126589,48140,9,12462,1,1,228
news-source-strategies,RQ3,E3-reach-mitigation,informational_reach1_0_wom0,1029,INFORMATIONAL_CAMOUFLAGE,TRADITIONAL_MEDIA,FAKE_NEWS_SOURCE,1.0,-1.0,1.0,-1.0,0.33,0.0,5.0,1.0,COMPLETE,0.127035,0.13382,0.00206,0.00212,0.1368911637931034,0.0022198275862068,0.928,0.1442025862068965,0.0022844827586206,185600,25407,0.625,4,2,2,2,2,1.0,0.127035,,124119,50212,412,10857,1,1,209
news-source-strategies,RQ3,E3-reach-mitigation,informational_reach1_0_wom0,1030,INFORMATIONAL_CAMOUFLAGE,TRADITIONAL_MEDIA,FAKE_NEWS_SOURCE,1.0,-1.0,1.0,-1.0,0.33,0.0,5.0,1.0,COMPLETE,0.14333,0.1493199999999999,0.00046,0.0,0.1596102449888641,0.0005122494432071,0.898,0.1662806236080178,0.0,179600,28666,0.65,2,1,1,2,2,2.0,0.14333,,116539,49401,92,13568,2,2,75
news-source-strategies,RQ3,E3-reach-mitigation,informational_reach1_0_wom1,1001,INFORMATIONAL_CAMOUFLAGE,TRADITIONAL_MEDIA,FAKE_NEWS_SOURCE,1.0,-1.0,1.0,-1.0,0.33,1.0,5.0,1.0,COMPLETE,0.08153,0.04212,0.000375,0.00034,0.0815487562139292,0.000375086269842,0.99977,0.04212,0.00034,199954,16306,0.6975,17,6,7,8,16,1.0,0.08153,,192794,5460,75,1625,5,122,124
news-source-strategies,RQ3,E3-reach-mitigation,informational_reach1_0_wom1,1002,INFORMATIONAL_CAMOUFLAGE,TRADITIONAL_MEDIA,FAKE_NEWS_SOURCE,1.0,-1.0,1.0,-1.0,0.33,1.0,5.0,1.0,COMPLETE,0.10466,0.12708,6e-05,6e-05,0.1046851244298631,6.001440345682964e-05,0.99976,0.12708,6e-05,199952,20932,0.635,5,1,1,2,3,2.0,0.10466,,194494,3198,12,2248,88,196,366
news-source-strategies,RQ3,E3-reach-mitigation,informational_reach1_0_wom1,1003,INFORMATIONAL_CAMOUFLAGE,TRADITIONAL_MEDIA,FAKE_NEWS_SOURCE,1.0,-1.0,1.0,-1.0,0.33,1.0,5.0,1.0,COMPLETE,0.07728,0.06218,0.000345,0.00014,0.077297005341175,0.0003450759167016,0.99978,0.06218,0.00014,199956,15456,0.6775,17,1,2,2,15,1.0,0.07728,,194618,3742,69,1527,113,126,173
news-source-strategies,RQ3,E3-reach-mitigation,informational_reach1_0_wom1,1004,INFORMATIONAL_CAMOUFLAGE,TRADITIONAL_MEDIA,FAKE_NEWS_SOURCE,1.0,-1.0,1.0,-1.0,0.33,1.0,5.0,1.0,COMPLETE,0.10687,0.05252,0.000375,0.00026,0.1068897746083025,0.0003750693878367,0.999815,0.05252,0.00026,199963,21374,0.705,10,8,8,8,8,2.0,0.10687,,191589,5269,75,3030,3,7,24
news-source-strategies,RQ3,E3-reach-mitigation,informational_reach1_0_wom1,1005,INFORMATIONAL_CAMOUFLAGE,TRADITIONAL_MEDIA,FAKE_NEWS_SOURCE,1.0,-1.0,1.0,-1.0,0.33,1.0,5.0,1.0,COMPLETE,0.07544,0.0820999999999999,0.000155,0.00016,0.0754562230879639,0.0001550333321664,0.999785,0.0821,0.00016,199957,15088,0.6625,8,2,2,2,2,1.0,0.07544,,197406,1504,31,1016,11,246,247
news-source-strategies,RQ3,E3-reach-mitigation,informational_reach1_0_wom1,1006,INFORMATIONAL_CAMOUFLAGE,TRADITIONAL_MEDIA,FAKE_NEWS_SOURCE,1.0,-1.0,1.0,-1.0,0.33,1.0,5.0,1.0,COMPLETE,0.09123,0.14618,0.000305,0.00028,0.0912482496499299,0.0003050610122024,0.9998,0.14618,0.00028,199960,18246,0.68,13,4,4,6,6,1.0,0.09123,,195880,2764,61,1255,15,214,216
news-source-strategies,RQ3,E3-reach-mitigation,informational_reach1_0_wom1,1007,INFORMATIONAL_CAMOUFLAGE,TRADITIONAL_MEDIA,FAKE_NEWS_SOURCE,1.0,-1.0,1.0,-1.0,0.33,1.0,5.0,1.0,COMPLETE,0.092075,0.09386,0.0002399999999999,0.00022,0.0920901948821555,0.000240039606535,0.999835,0.09386,0.00022,199967,18415,0.6625,12,7,9,12,12,1.0,0.092075,,195716,2348,48,1855,17,19,30
news-source-strategies,RQ3,E3-reach-mitigation,informational_reach1_0_wom1,1008,INFORMATIONAL_CAMOUFLAGE,TRADITIONAL_MEDIA,FAKE_NEWS_SOURCE,1.0,-1.0,1.0,-1.0,0.33,1.0,5.0,1.0,COMPLETE,0.092655,0.09688,0.000365,0.00082,0.092676315552577,0.0003650839693129,0.99977,0.09688,0.00082,199954,18531,0.7075,13,6,6,7,8,1.0,0.092655,,193792,3413,73,2676,13,61,365
news-source-strategies,RQ3,E3-reach-mitigation,informational_reach1_0_wom1,1009,INFORMATIONAL_CAMOUFLAGE,TRADITIONAL_MEDIA,FAKE_NEWS_SOURCE,1.0,-1.0,1.0,-1.0,0.33,1.0,5.0,1.0,COMPLETE,0.100265,0.08486,1e-05,4e-05,0.1002850570114022,1.0002000400080016e-05,0.9998,0.08486,4e-05,199960,20053,0.665,1,0,0,0,0,394.0,0.100265,,193969,3602,2,2387,394,394,394
news-source-strategies,RQ3,E3-reach-mitigation,informational_reach1_0_wom1,1010,INFORMATIONAL_CAMOUFLAGE,TRADITIONAL_MEDIA,FAKE_NEWS_SOURCE,1.0,-1.0,1.0,-1.0,0.33,1.0,5.0,1.0,COMPLETE,0.092955,0.12392,7.5e-05,0.0001799999999999,0.0929805696566555,7.50206306734352e-05,0.999725,0.12392,0.00018,199945,18591,0.64,4,2,2,2,2,1.0,0.092955,,195147,3049,15,1734,1,7,311
news-source-strategies,RQ3,E3-reach-mitigation,informational_reach1_0_wom1,1011,INFORMATIONAL_CAMOUFLAGE,TRADITIONAL_MEDIA,FAKE_NEWS_SOURCE,1.0,-1.0,1.0,-1.0,0.33,1.0,5.0,1.0,COMPLETE,0.113285,0.1154,0.000245,0.00016,0.1133042617244931,0.0002450416570817,0.99983,0.1154,0.00016,199966,22657,0.6525,10,4,8,8,10,2.0,0.113285,,186801,9490,49,3626,7,29,36
news-source-strategies,RQ3,E3-reach-mitigation,informational_reach1_0_wom1,1012,INFORMATIONAL_CAMOUFLAGE,TRADITIONAL_MEDIA,FAKE_NEWS_SOURCE,1.0,-1.0,1.0,-1.0,0.33,1.0,5.0,1.0,COMPLETE,0.096205,0.07452,4.5e-05,4e-05,0.0962232824236604,4.500855162480871e-05,0.99981,0.07452,4e-05,199962,19241,0.6675,2,1,1,1,2,1.0,0.096205,,193542,3830,9,2581,1,1,176
news-source-strategies,RQ3,E3-reach-mitigation,informational_reach1_0_wom1,1013,INFORMATIONAL_CAMOUFLAGE,TRADITIONAL_MEDIA,FAKE_NEWS_SOURCE,1.0,-1.0,1.0,-1.0,0.33,1.0,5.0,1.0,COMPLETE,0.105395,0.1054399999999999,0.0005949999999999,0.00074,0.1054065947254198,0.0005950654572002,0.99989,0.10544,0.00074,199978,21079,0.705,23,4,4,10,16,1.0,0.105395,,191452,5012,119,3395,89,109,370
news-source-strategies,RQ3,E3-reach-mitigation,informational_reach1_0_wom1,1014,INFORMATIONAL_CAMOUFLAGE,TRADITIONAL_MEDIA,FAKE_NEWS_SOURCE,1.0,-1.0,1.0,-1.0,0.33,1.0,5.0,1.0,COMPLETE,0.09121,0.10798,0.001455,0.003,0.0912273331933067,0.0014552765025354,0.99981,0.10798,0.003,199962,18242,0.67,68,5,5,13,20,1.0,0.09121,,195201,2592,291,1878,105,277,362
news-source-strategies,RQ3,E3-reach-mitigation,informational_reach1_0_wom1,1015,INFORMATIONAL_CAMOUFLAGE,TRADITIONAL_MEDIA,FAKE_NEWS_SOURCE,1.0,-1.0,1.0,-1.0,0.33,1.0,5.0,1.0,COMPLETE,0.087225,0.08272,5e-05,0.0,0.0872441937226189,5.001100242053252e-05,0.99978,0.08272,0.0,199956,17445,0.6575,2,0,2,2,2,33.0,0.087225,,196064,2031,10,1851,33,33,45
news-source-strategies,RQ3,E3-reach-mitigation,informational_reach1_0_wom1,1016,INFORMATIONAL_CAMOUFLAGE,TRADITIONAL_MEDIA,FAKE_NEWS_SOURCE,1.0,-1.0,1.0,-1.0,0.33,1.0,5.0,1.0,COMPLETE,0.101485,0.1162,0.000165,0.0003,0.1015088545808265,0.0001650387841142,0.999765,0.1162,0.0003,199953,20297,0.6725,6,3,3,3,4,1.0,0.101485,,194044,3962,33,1914,1,2,386
news-source-strategies,RQ3,E3-reach-mitigation,informational_reach1_0_wom1,1017,INFORMATIONAL_CAMOUFLAGE,TRADITIONAL_MEDIA,FAKE_NEWS_SOURCE,1.0,-1.0,1.0,-1.0,0.33,1.0,5.0,1.0,COMPLETE,0.08663,0.0756,0.0002949999999999,0.0007199999999999,0.0866473294658931,0.0002950590118023,0.9998,0.0756,0.00072,199960,17326,0.6675,16,0,0,2,3,67.0,0.08663,,194938,3174,59,1789,219,226,391
news-source-strategies,RQ3,E3-reach-mitigation,informational_reach1_0_wom1,1018,INFORMATIONAL_CAMOUFLAGE,TRADITIONAL_MEDIA,FAKE_NEWS_SOURCE,1.0,-1.0,1.0,-1.0,0.33,1.0,5.0,1.0,COMPLETE,0.086705,0.16798,0.00011,2e-05,0.0867279829154726,0.0001100291577267,0.999735,0.16798,2e-05,199947,17341,0.68,6,4,6,6,6,1.0,0.086705,,195985,2247,22,1693,1,10,26
news-source-strategies,RQ3,E3-reach-mitigation,informational_reach1_0_wom1,1019,INFORMATIONAL_CAMOUFLAGE,TRADITIONAL_MEDIA,FAKE_NEWS_SOURCE,1.0,-1.0,1.0,-1.0,0.33,1.0,5.0,1.0,COMPLETE,0.12383,0.14574,0.000135,0.00022,0.1238541515595541,0.0001350263301343,0.999805,0.14574,0.00022,199961,24766,0.64,5,1,1,1,2,11.0,0.12383,,193386,3986,27,2562,171,314,314
news-source-strategies,RQ3,E3-reach-mitigation,informational_reach1_0_wom1,1020,INFORMATIONAL_CAMOUFLAGE,TRADITIONAL_MEDIA,FAKE_NEWS_SOURCE,1.0,-1.0,1.0,-1.0,0.33,1.0,5.0,1.0,COMPLETE,0.086015,0.07292,0.000145,8e-05,0.0860287646023363,0.0001450232037125,0.99984,0.07292,8e-05,199968,17203,0.6825,5,3,3,4,5,1.0,0.086015,,196025,2070,29,1844,2,19,77
news-source-strategies,RQ3,E3-reach-mitigation,informational_reach1_0_wom1,1021,INFORMATIONAL_CAMOUFLAGE,TRADITIONAL_MEDIA,FAKE_NEWS_SOURCE,1.0,-1.0,1.0,-1.0,0.33,1.0,5.0,1.0,COMPLETE,0.097305,0.10502,0.0001,8e-05,0.0973278720499317,0.0001000235055237,0.999765,0.10502,8e-05,199953,19461,0.6625,6,5,5,5,6,1.0,0.097305,,193363,3935,20,2635,3,4,17
news-source-strategies,RQ3,E3-reach-mitigation,informational_reach1_0_wom1,1022,INFORMATIONAL_CAMOUFLAGE,TRADITIONAL_MEDIA,FAKE_NEWS_SOURCE,1.0,-1.0,1.0,-1.0,0.33,1.0,5.0,1.0,COMPLETE,0.0944599999999999,0.12236,0.00013,0.00026,0.0944760609303581,0.0001300221037576,0.99983,0.12236,0.00026,199966,18892,0.66,6,2,2,3,4,1.0,0.0944599999999999,,195444,2502,26,1994,1,82,379
news-source-strategies,RQ3,E3-reach-mitigation,informational_reach1_0_wom1,1023,INFORMATIONAL_CAMOUFLAGE,TRADITIONAL_MEDIA,FAKE_NEWS_SOURCE,1.0,-1.0,1.0,-1.0,0.33,1.0,5.0,1.0,COMPLETE,0.096315,0.08368,0.000265,0.0002,0.0963347486234678,0.0002650543361389,0.999795,0.08368,0.0002,199959,19263,0.6875,8,5,5,6,7,1.0,0.096315,,194793,3142,53,1971,2,3,81
news-source-strategies,RQ3,E3-reach-mitigation,informational_reach1_0_wom1,1024,INFORMATIONAL_CAMOUFLAGE,TRADITIONAL_MEDIA,FAKE_NEWS_SOURCE,1.0,-1.0,1.0,-1.0,0.33,1.0,5.0,1.0,COMPLETE,0.08608,0.10784,0.00026,0.00016,0.0860954971894941,0.0002600468084255,0.99982,0.10784,0.00016,199964,17216,0.69,8,4,7,8,8,1.0,0.08608,,193764,4315,52,1833,2,6,36
news-source-strategies,RQ3,E3-reach-mitigation,informational_reach1_0_wom1,1025,INFORMATIONAL_CAMOUFLAGE,TRADITIONAL_MEDIA,FAKE_NEWS_SOURCE,1.0,-1.0,1.0,-1.0,0.33,1.0,5.0,1.0,COMPLETE,0.081155,0.05122,8e-05,8e-05,0.0811720461296872,8.001680352874104e-05,0.99979,0.05122,8e-05,199958,16231,0.6875,3,1,2,2,2,1.0,0.081155,,192134,5275,16,2533,1,31,289
news-source-strategies,RQ3,E3-reach-mitigation,informational_reach1_0_wom1,1026,INFORMATIONAL_CAMOUFLAGE,TRADITIONAL_MEDIA,FAKE_NEWS_SOURCE,1.0,-1.0,1.0,-1.0,0.33,1.0,5.0,1.0,COMPLETE,0.084515,0.12632,0.0001,0.00014,0.0845340201545347,0.0001000225050636,0.999775,0.12632,0.00014,199955,16903,0.6675,6,2,3,4,5,1.0,0.084515,,196173,2000,20,1762,5,45,126
news-source-strategies,RQ3,E3-reach-mitigation,informational_reach1_0_wom1,1027,INFORMATIONAL_CAMOUFLAGE,TRADITIONAL_MEDIA,FAKE_NEWS_SOURCE,1.0,-1.0,1.0,-1.0,0.33,1.0,5.0,1.0,COMPLETE,0.08842,0.12472,0.000305,0.0004,0.0884390143880934,0.0003050655891016,0.999785,0.12472,0.0004,199957,17684,0.6975,10,3,7,7,8,1.0,0.08842,,194956,3161,61,1779,6,28,189
news-source-strategies,RQ3,E3-reach-mitigation,informational_reach1_0_wom1,1028,INFORMATIONAL_CAMOUFLAGE,TRADITIONAL_MEDIA,FAKE_NEWS_SOURCE,1.0,-1.0,1.0,-1.0,0.33,1.0,5.0,1.0,COMPLETE,0.093845,0.10238,5.5e-05,2e-05,0.0938600176028164,5.500880140822532e-05,0.99984,0.10238,2e-05,199968,18769,0.665,3,2,2,2,2,1.0,0.093845,,196629,2011,11,1317,1,1,344
news-source-strategies,RQ3,E3-reach-mitigation,informational_reach1_0_wom1,1029,INFORMATIONAL_CAMOUFLAGE,TRADITIONAL_MEDIA,FAKE_NEWS_SOURCE,1.0,-1.0,1.0,-1.0,0.33,1.0,5.0,1.0,COMPLETE,0.0938949999999999,0.0612,0.000185,0.0002399999999999,0.0939119041427457,0.000185033305995,0.99982,0.0612,0.00024,199964,18779,0.6825,8,3,3,3,3,1.0,0.0938949999999999,,194178,3914,37,1835,1,219,221
news-source-strategies,RQ3,E3-reach-mitigation,informational_reach1_0_wom1,1030,INFORMATIONAL_CAMOUFLAGE,TRADITIONAL_MEDIA,FAKE_NEWS_SOURCE,1.0,-1.0,1.0,-1.0,0.33,1.0,5.0,1.0,COMPLETE,0.0974,0.12732,8.999999999999999e-05,0.0001799999999999,0.0974248433350504,9.00229558537427e-05,0.999745,0.12732,0.00018,199949,19480,0.7025,3,0,0,2,3,79.0,0.0974,,194379,3607,18,1945,79,84,172
news-source-strategies,RQ3,E3-reach-mitigation,informational_reach0_0_wom0,1001,INFORMATIONAL_CAMOUFLAGE,TRADITIONAL_MEDIA,FAKE_NEWS_SOURCE,1.0,-1.0,0.0,-1.0,0.33,0.0,5.0,1.0,COMPLETE,0.130685,0.0890799999999999,0.0,0.0,0.1439262114537444,0.0,0.908,0.0981057268722467,0.0,181600,26137,0.7075,0,0,0,0,0,,0.130685,,117632,50518,0,13450,1,1,1
news-source-strategies,RQ3,E3-reach-mitigation,informational_reach0_0_wom0,1002,INFORMATIONAL_CAMOUFLAGE,TRADITIONAL_MEDIA,FAKE_NEWS_SOURCE,1.0,-1.0,0.0,-1.0,0.33,0.0,5.0,1.0,COMPLETE,0.133285,0.11226,0.0,0.0,0.1474391592920354,0.0,0.904,0.1241814159292035,0.0,180800,26657,0.6475,0,0,0,0,0,,0.133285,,116003,52502,0,12295,1,1,1
news-source-strategies,RQ3,E3-reach-mitigation,informational_reach0_0_wom0,1003,INFORMATIONAL_CAMOUFLAGE,TRADITIONAL_MEDIA,FAKE_NEWS_SOURCE,1.0,-1.0,0.0,-1.0,0.33,0.0,5.0,1.0,COMPLETE,0.126315,0.10636,0.0,0.0,0.1385032894736842,0.0,0.912,0.1166228070175438,0.0,182400,25263,0.65,0,0,0,0,0,,0.126315,,122983,51873,0,7544,1,1,1
news-source-strategies,RQ3,E3-reach-mitigation,informational_reach0_0_wom0,1004,INFORMATIONAL_CAMOUFLAGE,TRADITIONAL_MEDIA,FAKE_NEWS_SOURCE,1.0,-1.0,0.0,-1.0,0.33,0.0,5.0,1.0,COMPLETE,0.14995,0.1691399999999999,0.0,0.0,0.1619330453563714,0.0,0.926,0.1826565874730021,0.0,185200,29990,0.69,0,0,0,0,0,,0.14995,,122099,50100,0,13001,1,1,1
news-source-strategies,RQ3,E3-reach-mitigation,informational_reach0_0_wom0,1005,INFORMATIONAL_CAMOUFLAGE,TRADITIONAL_MEDIA,FAKE_NEWS_SOURCE,1.0,-1.0,0.0,-1.0,0.33,0.0,5.0,1.0,COMPLETE,0.134425,0.1269,0.0,0.0,0.1473958333333333,0.0,0.912,0.1391447368421052,0.0,182400,26885,0.64,0,0,0,0,0,,0.134425,,115992,52699,0,13709,1,1,1
news-source-strategies,RQ3,E3-reach-mitigation,informational_reach0_0_wom0,1006,INFORMATIONAL_CAMOUFLAGE,TRADITIONAL_MEDIA,FAKE_NEWS_SOURCE,1.0,-1.0,0.0,-1.0,0.33,0.0,5.0,1.0,COMPLETE,0.136575,0.13566,0.0,0.0,0.1490993449781659,0.0,0.916,0.1481004366812227,0.0,183200,27315,0.6675,0,0,0,0,0,,0.136575,,122785,50067,0,10348,1,1,1
news-source-strategies,RQ3,E3-reach-mitigation,informational_reach0_0_wom0,1007,INFORMATIONAL_CAMOUFLAGE,TRADITIONAL_MEDIA,FAKE_NEWS_SOURCE,1.0,-1.0,0.0,-1.0,0.33,0.0,5.0,1.0,COMPLETE,0.148125,0.17094,0.0,0.0,0.1585920770877944,0.0,0.934,0.1830192719486081,0.0,186800,29625,0.65,0,0,0,0,0,,0.148125,,120035,54303,0,12462,1,1,1
news-source-strategies,RQ3,E3-reach-mitigation,informational_reach0_0_wom0,1008,INFORMATIONAL_CAMOUFLAGE,TRADITIONAL_MEDIA,FAKE_NEWS_SOURCE,1.0,-1.0,0.0,-1.0,0.33,0.0,5.0,1.0,COMPLETE,0.151055,0.1570399999999999,0.0,0.0,0.1663601321585903,0.0,0.908,0.1729515418502202,0.0,181600,30211,0.68,0,0,0,0,0,,0.151055,,112477,52762,0,16361,1,1,1
news-source-strategies,RQ3,E3-reach-mitigation,informational_reach0_0_wom0,1009,INFORMATIONAL_CAMOUFLAGE,TRADITIONAL_MEDIA,FAKE_NEWS_SOURCE,1.0,-1.0,0.0,-1.0,0.33,0.0,5.0,1.0,COMPLETE,0.16931,0.15806,0.0,0.0,0.1840326086956521,0.0,0.92,0.1718043478260869,0.0,184000,33862,0.6825,0,0,0,0,0,,0.16931,,118274,50843,0,14883,1,1,1
news-source-strategies,RQ3,E3-reach-mitigation,informational_reach0_0_wom0,1010,INFORMATIONAL_CAMOUFLAGE,TRADITIONAL_MEDIA,FAKE_NEWS_SOURCE,1.0,-1.0,0.0,-1.0,0.33,0.0,5.0,1.0,COMPLETE,0.1104899999999999,0.11292,0.0,0.0,0.1244256756756756,0.0,0.888,0.1271621621621621,0.0,177600,22098,0.6575,0,0,0,0,0,,0.1104899999999999,,115097,50183,0,12320,1,1,1
news-source-strategies,RQ3,E3-reach-mitigation,informational_reach0_0_wom0,1011,INFORMATIONAL_CAMOUFLAGE,TRADITIONAL_MEDIA,FAKE_NEWS_SOURCE,1.0,-1.0,0.0,-1.0,0.33,0.0,5.0,1.0,COMPLETE,0.15018,0.15346,0.0,0.0,0.161137339055794,0.0,0.932,0.164656652360515,0.0,186400,30036,0.6675,0,0,0,0,0,,0.15018,,122472,48403,0,15525,1,1,1
news-source-strategies,RQ3,E3-reach-mitigation,informational_reach0_0_wom0,1012,INFORMATIONAL_CAMOUFLAGE,TRADITIONAL_MEDIA,FAKE_NEWS_SOURCE,1.0,-1.0,0.0,-1.0,0.33,0.0,5.0,1.0,COMPLETE,0.15139,0.1422199999999999,0.0,0.0,0.1641973969631236,0.0,0.922,0.1542516268980477,0.0,184400,30278,0.635,0,0,0,0,0,,0.15139,,117127,57329,0,9944,1,1,1
news-source-strategies,RQ3,E3-reach-mitigation,informational_reach0_0_wom0,1013,INFORMATIONAL_CAMOUFLAGE,TRADITIONAL_MEDIA,FAKE_NEWS_SOURCE,1.0,-1.0,0.0,-1.0,0.33,0.0,5.0,1.0,COMPLETE,0.12684,0.11792,0.0,0.0,0.1326778242677824,0.0,0.956,0.123347280334728,0.0,191200,25368,0.68,0,0,0,0,0,,0.12684,,128310,50676,0,12214,1,1,1
news-source-strategies,RQ3,E3-reach-mitigation,informational_reach0_0_wom0,1014,INFORMATIONAL_CAMOUFLAGE,TRADITIONAL_MEDIA,FAKE_NEWS_SOURCE,1.0,-1.0,0.0,-1.0,0.33,0.0,5.0,1.0,COMPLETE,0.13358,0.10674,0.0,0.0,0.145195652173913,0.0,0.92,0.1160217391304347,0.0,184000,26716,0.67,0,0,0,0,0,,0.13358,,126022,48404,0,9574,1,1,1
news-source-strategies,RQ3,E3-reach-mitigation,informational_reach0_0_wom0,1015,INFORMATIONAL_CAMOUFLAGE,TRADITIONAL_MEDIA,FAKE_NEWS_SOURCE,1.0,-1.0,0.0,-1.0,0.33,0.0,5.0,1.0,COMPLETE,0.125565,0.13354,0.0,0.0,0.1376809210526315,0.0,0.912,0.1464254385964912,0.0,182400,25113,0.6775,0,0,0,0,0,,0.125565,,113640,54275,0,14485,1,1,1
news-source-strategies,RQ3,E3-reach-mitigation,informational_reach0_0_wom0,1016,INFORMATIONAL_CAMOUFLAGE,TRADITIONAL_MEDIA,FAKE_NEWS_SOURCE,1.0,-1.0,0.0,-1.0,0.33,0.0,5.0,1.0,COMPLETE,0.113155,0.095,0.0,0.0,0.1251714601769911,0.0,0.904,0.1050884955752212,0.0,180800,22631,0.66,0,0,0,0,0,,0.113155,,128225,40536,0,12039,1,1,1
news-source-strategies,RQ3,E3-reach-mitigation,informational_reach0_0_wom0,1017,INFORMATIONAL_CAMOUFLAGE,TRADITIONAL_MEDIA,FAKE_NEWS_SOURCE,1.0,-1.0,0.0,-1.0,0.33,0.0,5.0,1.0,COMPLETE,0.1244099999999999,0.09778,0.0,0.0,0.1352282608695652,0.0,0.92,0.1062826086956521,0.0,184000,24882,0.6925,0,0,0,0,0,,0.1244099999999999,,122925,46937,0,14138,1,1,1
news-source-strategies,RQ3,E3-reach-mitigation,informational_reach0_0_wom0,1018,INFORMATIONAL_CAMOUFLAGE,TRADITIONAL_MEDIA,FAKE_NEWS_SOURCE,1.0,-1.0,0.0,-1.0,0.33,0.0,5.0,1.0,COMPLETE,0.12538,0.09968,0.0,0.0,0.1402460850111856,0.0,0.894,0.1114988814317673,0.0,178800,25076,0.67,0,0,0,0,0,,0.12538,,112350,53352,0,13098,1,1,1
news-source-strategies,RQ3,E3-reach-mitigation,informational_reach0_0_wom0,1019,INFORMATIONAL_CAMOUFLAGE,TRADITIONAL_MEDIA,FAKE_NEWS_SOURCE,1.0,-1.0,0.0,-1.0,0.33,0.0,5.0,1.0,COMPLETE,0.1248799999999999,0.12356,0.0,0.0,0.1354446854663774,0.0,0.922,0.1340130151843817,0.0,184400,24976,0.6475,0,0,0,0,0,,0.1248799999999999,,122399,50456,0,11545,1,1,1
news-source-strategies,RQ3,E3-reach-mitigation,informational_reach0_0_wom0,1020,INFORMATIONAL_CAMOUFLAGE,TRADITIONAL_MEDIA,FAKE_NEWS_SOURCE,1.0,-1.0,0.0,-1.0,0.33,0.0,5.0,1.0,COMPLETE,0.1317299999999999,0.12958,0.0,0.0,0.1407371794871794,0.0,0.936,0.1384401709401709,0.0,187200,26346,0.66,0,0,0,0,0,,0.1317299999999999,,115557,57314,0,14329,1,1,1
news-source-strategies,RQ3,E3-reach-mitigation,informational_reach0_0_wom0,1021,INFORMATIONAL_CAMOUFLAGE,TRADITIONAL_MEDIA,FAKE_NEWS_SOURCE,1.0,-1.0,0.0,-1.0,0.33,0.0,5.0,1.0,COMPLETE,0.137295,0.11676,0.0,0.0,0.1515397350993377,0.0,0.906,0.1288741721854304,0.0,181200,27459,0.635,0,0,0,0,0,,0.137295,,124502,44710,0,11988,1,1,1
news-source-strategies,RQ3,E3-reach-mitigation,informational_reach0_0_wom0,1022,INFORMATIONAL_CAMOUFLAGE,TRADITIONAL_MEDIA,FAKE_NEWS_SOURCE,1.0,-1.0,0.0,-1.0,0.33,0.0,5.0,1.0,COMPLETE,0.128935,0.11584,0.0,0.0,0.1386397849462365,0.0,0.93,0.1245591397849462,0.0,186000,25787,0.675,0,0,0,0,0,,0.128935,,127457,47050,0,11493,1,1,1
news-source-strategies,RQ3,E3-reach-mitigation,informational_reach0_0_wom0,1023,INFORMATIONAL_CAMOUFLAGE,TRADITIONAL_MEDIA,FAKE_NEWS_SOURCE,1.0,-1.0,0.0,-1.0,0.33,0.0,5.0,1.0,COMPLETE,0.12332,0.09812,0.0,0.0,0.1343355119825708,0.0,0.918,0.1068845315904139,0.0,183600,24664,0.6525,0,0,0,0,0,,0.12332,,122479,47488,0,13633,1,1,1
news-source-strategies,RQ3,E3-reach-mitigation,informational_reach0_0_wom0,1024,INFORMATIONAL_CAMOUFLAGE,TRADITIONAL_MEDIA,FAKE_NEWS_SOURCE,1.0,-1.0,0.0,-1.0,0.33,0.0,5.0,1.0,COMPLETE,0.1322549999999999,0.1205,0.0,0.0,0.1428239740820734,0.0,0.926,0.1301295896328293,0.0,185200,26451,0.6975,0,0,0,0,0,,0.1322549999999999,,115808,58016,0,11376,1,1,1
news-source-strategies,RQ3,E3-reach-mitigation,informational_reach0_0_wom0,1025,INFORMATIONAL_CAMOUFLAGE,TRADITIONAL_MEDIA,FAKE_NEWS_SOURCE,1.0,-1.0,0.0,-1.0,0.33,0.0,5.0,1.0,COMPLETE,0.152965,0.14058,0.0,0.0,0.1669923580786026,0.0,0.916,0.153471615720524,0.0,183200,30593,0.6875,0,0,0,0,0,,0.152965,,119670,50810,0,12720,1,1,1
news-source-strategies,RQ3,E3-reach-mitigation,informational_reach0_0_wom0,1026,INFORMATIONAL_CAMOUFLAGE,TRADITIONAL_MEDIA,FAKE_NEWS_SOURCE,1.0,-1.0,0.0,-1.0,0.33,0.0,5.0,1.0,COMPLETE,0.116625,0.13356,0.0,0.0,0.1284416299559471,0.0,0.908,0.1470925110132158,0.0,181600,23325,0.67,0,0,0,0,0,,0.116625,,121330,46997,0,13273,1,1,1
news-source-strategies,RQ3,E3-reach-mitigation,informational_reach0_0_wom0,1027,INFORMATIONAL_CAMOUFLAGE,TRADITIONAL_MEDIA,FAKE_NEWS_SOURCE,1.0,-1.0,0.0,-1.0,0.33,0.0,5.0,1.0,COMPLETE,0.118095,0.1036,0.0,0.0,0.129206783369803,0.0,0.914,0.1133479212253829,0.0,182800,23619,0.645,0,0,0,0,0,,0.118095,,123899,51215,0,7686,1,1,1
news-source-strategies,RQ3,E3-reach-mitigation,informational_reach0_0_wom0,1028,INFORMATIONAL_CAMOUFLAGE,TRADITIONAL_MEDIA,FAKE_NEWS_SOURCE,1.0,-1.0,0.0,-1.0,0.33,0.0,5.0,1.0,COMPLETE,0.128885,0.13244,0.0,0.0,0.1376976495726495,0.0,0.936,0.1414957264957265,0.0,187200,25777,0.6675,0,0,0,0,0,,0.128885,,126589,48149,0,12462,1,1,1
news-source-strategies,RQ3,E3-reach-mitigation,informational_reach0_0_wom0,1029,INFORMATIONAL_CAMOUFLAGE,TRADITIONAL_MEDIA,FAKE_NEWS_SOURCE,1.0,-1.0,0.0,-1.0,0.33,0.0,5.0,1.0,COMPLETE,0.144815,0.13948,0.0,0.0,0.1563876889848812,0.0,0.926,0.1506263498920086,0.0,185200,28963,0.655,0,0,0,0,0,,0.144815,,123381,49134,0,12685,1,1,1
news-source-strategies,RQ3,E3-reach-mitigation,informational_reach0_0_wom0,1030,INFORMATIONAL_CAMOUFLAGE,TRADITIONAL_MEDIA,FAKE_NEWS_SOURCE,1.0,-1.0,0.0,-1.0,0.33,0.0,5.0,1.0,COMPLETE,0.143175,0.1493199999999999,0.0,0.0,0.1594376391982182,0.0,0.898,0.1662806236080178,0.0,179600,28635,0.65,0,0,0,0,0,,0.143175,,116531,49501,0,13568,1,1,1
news-source-strategies,RQ3,E3-reach-mitigation,informational_reach0_0_wom1,1001,INFORMATIONAL_CAMOUFLAGE,TRADITIONAL_MEDIA,FAKE_NEWS_SOURCE,1.0,-1.0,0.0,-1.0,0.33,1.0,5.0,1.0,COMPLETE,0.081395,0.04206,0.0,0.0,0.081413725156786,0.0,0.99977,0.04206,0.0,199954,16279,0.6975,0,0,0,0,0,,0.081395,,192805,5500,0,1649,1,1,1
news-source-strategies,RQ3,E3-reach-mitigation,informational_reach0_0_wom1,1002,INFORMATIONAL_CAMOUFLAGE,TRADITIONAL_MEDIA,FAKE_NEWS_SOURCE,1.0,-1.0,0.0,-1.0,0.33,1.0,5.0,1.0,COMPLETE,0.104645,0.1271,0.0,0.0,0.1046701208289989,0.0,0.99976,0.1271,0.0,199952,20929,0.635,0,0,0,0,0,,0.104645,,194491,3205,0,2256,1,1,1
news-source-strategies,RQ3,E3-reach-mitigation,informational_reach0_0_wom1,1003,INFORMATIONAL_CAMOUFLAGE,TRADITIONAL_MEDIA,FAKE_NEWS_SOURCE,1.0,-1.0,0.0,-1.0,0.33,1.0,5.0,1.0,COMPLETE,0.07745,0.0621199999999999,0.0,0.0,0.0774670427494048,0.0,0.99978,0.06212,0.0,199956,15490,0.6775,0,0,0,0,0,,0.07745,,194362,4010,0,1584,1,1,1
news-source-strategies,RQ3,E3-reach-mitigation,informational_reach0_0_wom1,1004,INFORMATIONAL_CAMOUFLAGE,TRADITIONAL_MEDIA,FAKE_NEWS_SOURCE,1.0,-1.0,0.0,-1.0,0.33,1.0,5.0,1.0,COMPLETE,0.106715,0.05236,0.0,0.0,0.1067347459279966,0.0,0.999815,0.05236,0.0,199963,21343,0.705,0,0,0,0,0,,0.106715,,191552,5312,0,3099,1,1,1
news-source-strategies,RQ3,E3-reach-mitigation,informational_reach0_0_wom1,1005,INFORMATIONAL_CAMOUFLAGE,TRADITIONAL_MEDIA,FAKE_NEWS_SOURCE,1.0,-1.0,0.0,-1.0,0.33,1.0,5.0,1.0,COMPLETE,0.094275,0.07392,0.0,0.0,0.094295745063914,0.0,0.99978,0.07392,0.0,199956,18855,0.6475,0,0,0,0,0,,0.094275,,193791,3399,0,2766,1,1,1
news-source-strategies,RQ3,E3-reach-mitigation,informational_reach0_0_wom1,1006,INFORMATIONAL_CAMOUFLAGE,TRADITIONAL_MEDIA,FAKE_NEWS_SOURCE,1.0,-1.0,0.0,-1.0,0.33,1.0,5.0,1.0,COMPLETE,0.097955,0.0957,0.0,0.0,0.0979755748707228,0.0,0.99979,0.0957,0.0,199958,19591,0.635,0,0,0,0,0,,0.097955,,195222,2996,0,1740,1,1,1
news-source-strategies,RQ3,E3-reach-mitigation,informational_reach0_0_wom1,1007,INFORMATIONAL_CAMOUFLAGE,TRADITIONAL_MEDIA,FAKE_NEWS_SOURCE,1.0,-1.0,0.0,-1.0,0.33,1.0,5.0,1.0,COMPLETE,0.0918949999999999,0.09368,0.0,0.0,0.0919101651772542,0.0,0.999835,0.09368,0.0,199967,18379,0.6625,0,0,0,0,0,,0.0918949999999999,,195717,2393,0,1857,1,1,1
news-source-strategies,RQ3,E3-reach-mitigation,informational_reach0_0_wom1,1008,INFORMATIONAL_CAMOUFLAGE,TRADITIONAL_MEDIA,FAKE_NEWS_SOURCE,1.0,-1.0,0.0,-1.0,0.33,1.0,5.0,1.0,COMPLETE,0.092495,0.0965,0.0,0.0,0.0925162787441111,0.0,0.99977,0.0965,0.0,199954,18499,0.7075,0,0,0,0,0,,0.092495,,193885,3393,0,2676,1,1,1
news-source-strategies,RQ3,E3-reach-mitigation,informational_reach0_0_wom1,1009,INFORMATIONAL_CAMOUFLAGE,TRADITIONAL_MEDIA,FAKE_NEWS_SOURCE,1.0,-1.0,0.0,-1.0,0.33,1.0,5.0,1.0,COMPLETE,0.100255,0.0848199999999999,0.0,0.0,0.1002750550110022,0.0,0.9998,0.08482,0.0,199960,20051,0.665,0,0,0,0,0,,0.100255,,193971,3602,0,2387,1,1,1
news-source-strategies,RQ3,E3-reach-mitigation,informational_reach0_0_wom1,1010,INFORMATIONAL_CAMOUFLAGE,TRADITIONAL_MEDIA,FAKE_NEWS_SOURCE,1.0,-1.0,0.0,-1.0,0.33,1.0,5.0,1.0,COMPLETE,0.110165,0.07454,0.0,0.0,0.110195854839355,0.0,0.99972,0.07454,0.0,199944,22033,0.6675,0,0,0,0,0,,0.110165,,193104,4664,0,2176,1,1,1
news-source-strategies,RQ3,E3-reach-mitigation,informational_reach0_0_wom1,1011,INFORMATIONAL_CAMOUFLAGE,TRADITIONAL_MEDIA,FAKE_NEWS_SOURCE,1.0,-1.0,0.0,-1.0,0.33,1.0,5.0,1.0,COMPLETE,0.11268,0.11544,0.0,0.0,0.1126991588570057,0.0,0.99983,0.11544,0.0,199966,22536,0.6525,0,0,0,0,0,,0.11268,,187225,9046,0,3695,1,1,1
news-source-strategies,RQ3,E3-reach-mitigation,informational_reach0_0_wom1,1012,INFORMATIONAL_CAMOUFLAGE,TRADITIONAL_MEDIA,FAKE_NEWS_SOURCE,1.0,-1.0,0.0,-1.0,0.33,1.0,5.0,1.0,COMPLETE,0.1123,0.08406,0.0,0.0,0.1123219027710403,0.0,0.999805,0.08406,0.0,199961,22460,0.675,0,0,0,0,0,,0.1123,,193676,3595,0,2690,1,1,1
news-source-strategies,RQ3,E3-reach-mitigation,informational_reach0_0_wom1,1013,INFORMATIONAL_CAMOUFLAGE,TRADITIONAL_MEDIA,FAKE_NEWS_SOURCE,1.0,-1.0,0.0,-1.0,0.33,1.0,5.0,1.0,COMPLETE,0.105025,0.10496,0.0,0.0,0.1050365540209423,0.0,0.99989,0.10496,0.0,199978,21005,0.705,0,0,0,0,0,,0.105025,,191603,5003,0,3372,1,1,1
news-source-strategies,RQ3,E3-reach-mitigation,informational_reach0_0_wom1,1014,INFORMATIONAL_CAMOUFLAGE,TRADITIONAL_MEDIA,FAKE_NEWS_SOURCE,1.0,-1.0,0.0,-1.0,0.33,1.0,5.0,1.0,COMPLETE,0.0788949999999999,0.06322,0.0,0.0,0.0789107821564312,0.0,0.9998,0.06322,0.0,199960,15779,0.6225,0,0,0,0,0,,0.0788949999999999,,197051,1750,0,1159,1,1,1
news-source-strategies,RQ3,E3-reach-mitigation,informational_reach0_0_wom1,1015,INFORMATIONAL_CAMOUFLAGE,TRADITIONAL_MEDIA,FAKE_NEWS_SOURCE,1.0,-1.0,0.0,-1.0,0.33,1.0,5.0,1.0,COMPLETE,0.08721,0.08272,0.0,0.0,0.0872291904218928,0.0,0.99978,0.08272,0.0,199956,17442,0.6575,0,0,0,0,0,,0.08721,,196073,2033,0,1850,1,1,1
news-source-strategies,RQ3,E3-reach-mitigation,informational_reach0_0_wom1,1016,INFORMATIONAL_CAMOUFLAGE,TRADITIONAL_MEDIA,FAKE_NEWS_SOURCE,1.0,-1.0,0.0,-1.0,0.33,1.0,5.0,1.0,COMPLETE,0.09486,0.11544,0.0,0.0,0.0948827718652476,0.0,0.99976,0.11544,0.0,199952,18972,0.6775,0,0,0,0,0,,0.09486,,195486,2386,0,2080,1,1,1
news-source-strategies,RQ3,E3-reach-mitigation,informational_reach0_0_wom1,1017,INFORMATIONAL_CAMOUFLAGE,TRADITIONAL_MEDIA,FAKE_NEWS_SOURCE,1.0,-1.0,0.0,-1.0,0.33,1.0,5.0,1.0,COMPLETE,0.08638,0.07492,0.0,0.0,0.0863972794558911,0.0,0.9998,0.07492,0.0,199960,17276,0.6675,0,0,0,0,0,,0.08638,,195023,3152,0,1785,1,1,1
news-source-strategies,RQ3,E3-reach-mitigation,informational_reach0_0_wom1,1018,INFORMATIONAL_CAMOUFLAGE,TRADITIONAL_MEDIA,FAKE_NEWS_SOURCE,1.0,-1.0,0.0,-1.0,0.33,1.0,5.0,1.0,COMPLETE,0.08665,0.16802,0.0,0.0,0.0866729683366092,0.0,0.999735,0.16802,0.0,199947,17330,0.68,0,0,0,0,0,,0.08665,,195964,2295,0,1688,1,1,1
news-source-strategies,RQ3,E3-reach-mitigation,informational_reach0_0_wom1,1019,INFORMATIONAL_CAMOUFLAGE,TRADITIONAL_MEDIA,FAKE_NEWS_SOURCE,1.0,-1.0,0.0,-1.0,0.33,1.0,5.0,1.0,COMPLETE,0.123765,0.14568,0.0,0.0,0.123789138882082,0.0,0.999805,0.14568,0.0,199961,24753,0.64,0,0,0,0,0,,0.123765,,193398,3988,0,2575,1,1,1
news-source-strategies,RQ3,E3-reach-mitigation,informational_reach0_0_wom1,1020,INFORMATIONAL_CAMOUFLAGE,TRADITIONAL_MEDIA,FAKE_NEWS_SOURCE,1.0,-1.0,0.0,-1.0,0.33,1.0,5.0,1.0,COMPLETE,0.08592,0.07286,0.0,0.0,0.0859337493999039,0.0,0.99984,0.07286,0.0,199968,17184,0.6825,0,0,0,0,0,,0.08592,,196052,2072,0,1844,1,1,1
news-source-strategies,RQ3,E3-reach-mitigation,informational_reach0_0_wom1,1021,INFORMATIONAL_CAMOUFLAGE,TRADITIONAL_MEDIA,FAKE_NEWS_SOURCE,1.0,-1.0,0.0,-1.0,0.33,1.0,5.0,1.0,COMPLETE,0.097565,0.10506,0.0,0.0,0.0975879331642936,0.0,0.999765,0.10506,0.0,199953,19513,0.6625,0,0,0,0,0,,0.097565,,193200,3968,0,2785,1,1,1
news-source-strategies,RQ3,E3-reach-mitigation,informational_reach0_0_wom1,1022,INFORMATIONAL_CAMOUFLAGE,TRADITIONAL_MEDIA,FAKE_NEWS_SOURCE,1.0,-1.0,0.0,-1.0,0.33,1.0,5.0,1.0,COMPLETE,0.0938199999999999,0.10402,0.0,0.0,0.0938364213737404,0.0,0.999825,0.10402,0.0,199965,18764,0.685,0,0,0,0,0,,0.0938199999999999,,196069,2369,0,1527,1,1,1
news-source-strategies,RQ3,E3-reach-mitigation,informational_reach0_0_wom1,1023,INFORMATIONAL_CAMOUFLAGE,TRADITIONAL_MEDIA,FAKE_NEWS_SOURCE,1.0,-1.0,0.0,-1.0,0.33,1.0,5.0,1.0,COMPLETE,0.0962099999999999,0.08362,0.0,0.0,0.0962297270940542,0.0,0.999795,0.08362,0.0,199959,19242,0.6875,0,0,0,0,0,,0.0962099999999999,,194812,3139,0,2008,1,1,1
news-source-strategies,RQ3,E3-reach-mitigation,informational_reach0_0_wom1,1024,INFORMATIONAL_CAMOUFLAGE,TRADITIONAL_MEDIA,FAKE_NEWS_SOURCE,1.0,-1.0,0.0,-1.0,0.33,1.0,5.0,1.0,COMPLETE,0.11097,0.11886,0.0,0.0,0.110990533248651,0.0,0.999815,0.11886,0.0,199963,22194,0.6825,0,0,0,0,0,,0.11097,,195178,3078,0,1707,1,1,1
news-source-strategies,RQ3,E3-reach-mitigation,informational_reach0_0_wom1,1025,INFORMATIONAL_CAMOUFLAGE,TRADITIONAL_MEDIA,FAKE_NEWS_SOURCE,1.0,-1.0,0.0,-1.0,0.33,1.0,5.0,1.0,COMPLETE,0.08115,0.05114,0.0,0.0,0.0811670450794666,0.0,0.99979,0.05114,0.0,199958,16230,0.6875,0,0,0,0,0,,0.08115,,192121,5301,0,2536,1,1,1
news-source-strategies,RQ3,E3-reach-mitigation,informational_reach0_0_wom1,1026,INFORMATIONAL_CAMOUFLAGE,TRADITIONAL_MEDIA,FAKE_NEWS_SOURCE,1.0,-1.0,0.0,-1.0,0.33,1.0,5.0,1.0,COMPLETE,0.092345,0.10326,0.0,0.0,0.0923662442361743,0.0,0.99977,0.10326,0.0,199954,18469,0.6575,0,0,0,0,0,,0.092345,,194000,3841,0,2113,1,1,1
news-source-strategies,RQ3,E3-reach-mitigation,informational_reach0_0_wom1,1027,INFORMATIONAL_CAMOUFLAGE,TRADITIONAL_MEDIA,FAKE_NEWS_SOURCE,1.0,-1.0,0.0,-1.0,0.33,1.0,5.0,1.0,COMPLETE,0.08834,0.12494,0.0,0.0,0.0883589971843946,0.0,0.999785,0.12494,0.0,199957,17668,0.6975,0,0,0,0,0,,0.08834,,194956,3225,0,1776,1,1,1
news-source-strategies,RQ3,E3-reach-mitigation,informational_reach0_0_wom1,1028,INFORMATIONAL_CAMOUFLAGE,TRADITIONAL_MEDIA,FAKE_NEWS_SOURCE,1.0,-1.0,0.0,-1.0,0.33,1.0,5.0,1.0,COMPLETE,0.093785,0.10224,0.0,0.0,0.0938000080012802,0.0,0.99984,0.10224,0.0,199968,18757,0.665,0,0,0,0,0,,0.093785,,196649,2002,0,1317,1,1,1
news-source-strategies,RQ3,E3-reach-mitigation,informational_reach0_0_wom1,1029,INFORMATIONAL_CAMOUFLAGE,TRADITIONAL_MEDIA,FAKE_NEWS_SOURCE,1.0,-1.0,0.0,-1.0,0.33,1.0,5.0,1.0,COMPLETE,0.08665,0.04228,0.0,0.0,0.0866660332161449,0.0,0.999815,0.04228,0.0,199963,17330,0.7,0,0,0,0,0,,0.08665,,195037,3030,0,1896,1,1,1
news-source-strategies,RQ3,E3-reach-mitigation,informational_reach0_0_wom1,1030,INFORMATIONAL_CAMOUFLAGE,TRADITIONAL_MEDIA,FAKE_NEWS_SOURCE,1.0,-1.0,0.0,-1.0,0.33,1.0,5.0,1.0,COMPLETE,0.09734,0.12724,0.0,0.0,0.0973648280311479,0.0,0.999745,0.12724,0.0,199949,19468,0.7025,0,0,0,0,0,,0.09734,,194360,3671,0,1918,1,1,1
news-source-strategies,RQ4,E4-sensitivity-robustness,control_c3_window25,1001,NONE,,,,,,25.0,-1.0,1.0,3.0,1.0,COMPLETE,0.139935,0.0959,0.004285,2e-05,0.139935,0.004285,1.0,0.0959,2e-05,200000,27987,0.63,258,250,252,253,257,1.0,0.139935,,136800,51208,857,11135,2,5,10
news-source-strategies,RQ4,E4-sensitivity-robustness,control_c3_window25,1002,NONE,,,,,,25.0,-1.0,1.0,3.0,1.0,COMPLETE,0.13476,0.11134,0.004575,0.0,0.13476,0.004575,1.0,0.11134,0.0,200000,26952,0.715,289,276,280,286,289,1.0,0.13476,,156365,32326,915,10394,2,5,12
news-source-strategies,RQ4,E4-sensitivity-robustness,control_c3_window25,1003,NONE,,,,,,25.0,-1.0,1.0,3.0,1.0,COMPLETE,0.14244,0.10736,0.00415,0.0,0.14244,0.00415,1.0,0.10736,0.0,200000,28488,0.6975,270,260,263,267,269,1.0,0.14244,,150847,37649,830,10674,3,5,11
news-source-strategies,RQ4,E4-sensitivity-robustness,control_c3_window25,1004,NONE,,,,,,25.0,-1.0,1.0,3.0,1.0,COMPLETE,0.129995,0.09708,0.00391,0.0,0.129995,0.00391,1.0,0.09708,0.0,200000,25999,0.64,255,243,247,251,255,1.0,0.129995,,154805,33134,782,11279,2,6,13
news-source-strategies,RQ4,E4-sensitivity-robustness,control_c3_window25,1005,NONE,,,,,,25.0,-1.0,1.0,3.0,1.0,COMPLETE,0.14025,0.06986,0.00497,0.0,0.14025,0.00497,1.0,0.06986,0.0,200000,28050,0.6925,273,263,268,270,273,1.0,0.14025,,152118,37327,994,9561,2,5,11
news-source-strategies,RQ4,E4-sensitivity-robustness,control_c3_window25,1006,NONE,,,,,,25.0,-1.0,1.0,3.0,1.0,COMPLETE,0.110545,0.0973,0.004645,0.0,0.110545,0.004645,1.0,0.0973,0.0,200000,22109,0.705,261,256,258,259,261,1.0,0.110545,,153488,35631,929,9952,2,6,12
news-source-strategies,RQ4,E4-sensitivity-robustness,control_c3_window25,1007,NONE,,,,,,25.0,-1.0,1.0,3.0,1.0,COMPLETE,0.1219249999999999,0.068,0.004215,0.0,0.121925,0.004215,1.0,0.068,0.0,200000,24385,0.685,261,255,256,260,261,1.0,0.1219249999999999,,149635,39090,843,10432,2,5,12
news-source-strategies,RQ4,E4-sensitivity-robustness,control_c3_window25,1008,NONE,,,,,,25.0,-1.0,1.0,3.0,1.0,COMPLETE,0.12417,0.10582,0.004345,0.0,0.12417,0.004345,1.0,0.10582,0.0,200000,24834,0.64,270,265,269,269,270,1.0,0.12417,,155864,32728,869,10539,2,6,12
news-source-strategies,RQ4,E4-sensitivity-robustness,control_c3_window25,1009,NONE,,,,,,25.0,-1.0,1.0,3.0,1.0,COMPLETE,0.146215,0.13526,0.004615,0.0,0.146215,0.004615,1.0,0.13526,0.0,200000,29243,0.595,267,256,260,265,267,1.0,0.146215,,142338,46578,923,10161,2,6,12
news-source-strategies,RQ4,E4-sensitivity-robustness,control_c3_window25,1010,NONE,,,,,,25.0,-1.0,1.0,3.0,1.0,COMPLETE,0.13753,0.08444,0.00442,0.0,0.13753,0.00442,1.0,0.08444,0.0,200000,27506,0.71,268,258,259,266,268,1.0,0.13753,,156548,32829,884,9739,2,6,12
news-source-strategies,RQ4,E4-sensitivity-robustness,control_c3_window25,1011,NONE,,,,,,25.0,-1.0,1.0,3.0,1.0,COMPLETE,0.1100849999999999,0.05198,0.00491,0.0,0.110085,0.00491,1.0,0.05198,0.0,200000,22017,0.6375,260,254,255,256,260,1.0,0.1100849999999999,,145800,43300,982,9918,2,5,11
news-source-strategies,RQ4,E4-sensitivity-robustness,control_c3_window25,1012,NONE,,,,,,25.0,-1.0,1.0,3.0,1.0,COMPLETE,0.1599799999999999,0.20152,0.004325,0.0,0.15998,0.004325,1.0,0.20152,0.0,200000,31996,0.64,273,259,265,272,273,1.0,0.1599799999999999,,151517,38195,865,9423,2,7,13
news-source-strategies,RQ4,E4-sensitivity-robustness,control_c3_window25,1013,NONE,,,,,,25.0,-1.0,1.0,3.0,1.0,COMPLETE,0.143165,0.10578,0.004565,0.0,0.143165,0.004565,1.0,0.10578,0.0,200000,28633,0.67,275,269,273,274,275,1.0,0.143165,,145853,41588,913,11646,3,5,12
news-source-strategies,RQ4,E4-sensitivity-robustness,control_c3_window25,1014,NONE,,,,,,25.0,-1.0,1.0,3.0,1.0,COMPLETE,0.115375,0.10588,0.00393,0.0,0.115375,0.00393,1.0,0.10588,0.0,200000,23075,0.6825,271,264,264,268,270,1.0,0.115375,,150740,37297,786,11177,2,5,11
news-source-strategies,RQ4,E4-sensitivity-robustness,control_c3_window25,1015,NONE,,,,,,25.0,-1.0,1.0,3.0,1.0,COMPLETE,0.12742,0.0886,0.005095,0.0,0.12742,0.005095,1.0,0.0886,0.0,200000,25484,0.6375,275,266,269,272,275,1.0,0.12742,,149390,40142,1019,9449,2,5,11
news-source-strategies,RQ4,E4-sensitivity-robustness,credibility_c3_window25,1001,CREDIBILITY_CAMOUFLAGE,TRADITIONAL_MEDIA,FAKE_NEWS_SOURCE,1.0,-1.0,,25.0,-1.0,1.0,3.0,1.0,COMPLETE,0.1415,0.09572,0.007755,2e-05,0.1415,0.007755,1.0,0.09572,2e-05,200000,28300,0.63,263,252,254,257,262,1.0,0.1415,,136255,51148,1551,11046,2,5,10
news-source-strategies,RQ4,E4-sensitivity-robustness,credibility_c3_window25,1002,CREDIBILITY_CAMOUFLAGE,TRADITIONAL_MEDIA,FAKE_NEWS_SOURCE,1.0,-1.0,,25.0,-1.0,1.0,3.0,1.0,COMPLETE,0.13591,0.1113,0.006105,0.0,0.13591,0.006105,1.0,0.1113,0.0,200000,27182,0.715,285,273,276,282,285,1.0,0.13591,,155596,32921,1221,10262,2,5,11
news-source-strategies,RQ4,E4-sensitivity-robustness,credibility_c3_window25,1003,CREDIBILITY_CAMOUFLAGE,TRADITIONAL_MEDIA,FAKE_NEWS_SOURCE,1.0,-1.0,,25.0,-1.0,1.0,3.0,1.0,COMPLETE,0.14261,0.1056599999999999,0.006825,0.0,0.14261,0.006825,1.0,0.10566,0.0,200000,28522,0.6975,271,261,264,269,271,1.0,0.14261,,152740,35248,1365,10647,3,5,11
news-source-strategies,RQ4,E4-sensitivity-robustness,credibility_c3_window25,1004,CREDIBILITY_CAMOUFLAGE,TRADITIONAL_MEDIA,FAKE_NEWS_SOURCE,1.0,-1.0,,25.0,-1.0,1.0,3.0,1.0,COMPLETE,0.13203,0.09692,0.00662,0.0,0.13203,0.00662,1.0,0.09692,0.0,200000,26406,0.64,257,241,246,252,257,1.0,0.13203,,153989,33553,1324,11134,2,6,13
news-source-strategies,RQ4,E4-sensitivity-robustness,credibility_c3_window25,1005,CREDIBILITY_CAMOUFLAGE,TRADITIONAL_MEDIA,FAKE_NEWS_SOURCE,1.0,-1.0,,25.0,-1.0,1.0,3.0,1.0,COMPLETE,0.141875,0.07,0.00785,0.0,0.141875,0.00785,1.0,0.07,0.0,200000,28375,0.6925,270,261,265,267,270,1.0,0.141875,,151333,37626,1570,9471,2,5,11
news-source-strategies,RQ4,E4-sensitivity-robustness,credibility_c3_window25,1006,CREDIBILITY_CAMOUFLAGE,TRADITIONAL_MEDIA,FAKE_NEWS_SOURCE,1.0,-1.0,,25.0,-1.0,1.0,3.0,1.0,COMPLETE,0.1120999999999999,0.09704,0.0069749999999999,0.0,0.1121,0.006975,1.0,0.09704,0.0,200000,22420,0.705,259,256,256,257,259,1.0,0.1120999999999999,,152517,36280,1395,9808,2,6,12
news-source-strategies,RQ4,E4-sensitivity-robustness,credibility_c3_window25,1007,CREDIBILITY_CAMOUFLAGE,TRADITIONAL_MEDIA,FAKE_NEWS_SOURCE,1.0,-1.0,,25.0,-1.0,1.0,3.0,1.0,COMPLETE,0.12344,0.06784,0.0068499999999999,0.0,0.12344,0.00685,1.0,0.06784,0.0,200000,24688,0.685,261,254,256,259,261,1.0,0.12344,,149406,38820,1370,10404,2,5,12
news-source-strategies,RQ4,E4-sensitivity-robustness,credibility_c3_window25,1008,CREDIBILITY_CAMOUFLAGE,TRADITIONAL_MEDIA,FAKE_NEWS_SOURCE,1.0,-1.0,,25.0,-1.0,1.0,3.0,1.0,COMPLETE,0.125445,0.1056,0.00707,0.0,0.125445,0.00707,1.0,0.1056,0.0,200000,25089,0.64,271,265,268,270,271,1.0,0.125445,,155784,32277,1414,10525,2,6,12
news-source-strategies,RQ4,E4-sensitivity-robustness,credibility_c3_window25,1009,CREDIBILITY_CAMOUFLAGE,TRADITIONAL_MEDIA,FAKE_NEWS_SOURCE,1.0,-1.0,,25.0,-1.0,1.0,3.0,1.0,COMPLETE,0.148055,0.13584,0.00665,0.0,0.148055,0.00665,1.0,0.13584,0.0,200000,29611,0.595,266,252,257,262,266,1.0,0.148055,,140423,48251,1330,9996,2,6,12
news-source-strategies,RQ4,E4-sensitivity-robustness,credibility_c3_window25,1010,CREDIBILITY_CAMOUFLAGE,TRADITIONAL_MEDIA,FAKE_NEWS_SOURCE,1.0,-1.0,,25.0,-1.0,1.0,3.0,1.0,COMPLETE,0.13858,0.08436,0.0066349999999999,0.0,0.13858,0.006635,1.0,0.08436,0.0,200000,27716,0.71,269,257,258,266,269,1.0,0.13858,,156054,33027,1327,9592,2,6,12
news-source-strategies,RQ4,E4-sensitivity-robustness,credibility_c3_window25,1011,CREDIBILITY_CAMOUFLAGE,TRADITIONAL_MEDIA,FAKE_NEWS_SOURCE,1.0,-1.0,,25.0,-1.0,1.0,3.0,1.0,COMPLETE,0.11144,0.0518,0.0081549999999999,0.0,0.11144,0.008155,1.0,0.0518,0.0,200000,22288,0.6375,259,252,253,256,259,1.0,0.11144,,145585,42991,1631,9793,2,5,12
news-source-strategies,RQ4,E4-sensitivity-robustness,credibility_c3_window25,1012,CREDIBILITY_CAMOUFLAGE,TRADITIONAL_MEDIA,FAKE_NEWS_SOURCE,1.0,-1.0,,25.0,-1.0,1.0,3.0,1.0,COMPLETE,0.161725,0.2019,0.006695,0.0,0.161725,0.006695,1.0,0.2019,0.0,200000,32345,0.64,272,256,263,271,272,1.0,0.161725,,149396,39924,1339,9341,2,7,14
news-source-strategies,RQ4,E4-sensitivity-robustness,credibility_c3_window25,1013,CREDIBILITY_CAMOUFLAGE,TRADITIONAL_MEDIA,FAKE_NEWS_SOURCE,1.0,-1.0,,25.0,-1.0,1.0,3.0,1.0,COMPLETE,0.146215,0.1066599999999999,0.007435,0.0,0.146215,0.007435,1.0,0.10666,0.0,200000,29243,0.67,280,271,275,277,280,1.0,0.146215,,143166,43874,1487,11473,3,5,12
news-source-strategies,RQ4,E4-sensitivity-robustness,credibility_c3_window25,1014,CREDIBILITY_CAMOUFLAGE,TRADITIONAL_MEDIA,FAKE_NEWS_SOURCE,1.0,-1.0,,25.0,-1.0,1.0,3.0,1.0,COMPLETE,0.116185,0.10558,0.006945,0.0,0.116185,0.006945,1.0,0.10558,0.0,200000,23237,0.6825,274,266,266,272,273,1.0,0.116185,,151108,36509,1389,10994,2,5,12
news-source-strategies,RQ4,E4-sensitivity-robustness,credibility_c3_window25,1015,CREDIBILITY_CAMOUFLAGE,TRADITIONAL_MEDIA,FAKE_NEWS_SOURCE,1.0,-1.0,,25.0,-1.0,1.0,3.0,1.0,COMPLETE,0.12843,0.08806,0.00861,0.0,0.12843,0.00861,1.0,0.08806,0.0,200000,25686,0.6375,280,268,270,277,280,1.0,0.12843,,150112,38764,1722,9402,2,5,12
news-source-strategies,RQ4,E4-sensitivity-robustness,control_c3_half0_33,1001,NONE,,,,,,-1.0,0.33,1.0,3.0,1.0,COMPLETE,0.102375,0.08716,0.01305,0.00494,0.102375,0.01305,1.0,0.08716,0.00494,200000,20475,0.63,463,302,335,353,406,1.0,0.102375,,187680,5863,2610,3847,4,17,88
news-source-strategies,RQ4,E4-sensitivity-robustness,control_c3_half0_33,1002,NONE,,,,,,-1.0,0.33,1.0,3.0,1.0,COMPLETE,0.105945,0.11404,0.009625,0.0094399999999999,0.105945,0.009625,1.0,0.11404,0.00944,200000,21189,0.715,437,273,300,324,356,1.0,0.105945,,191355,3521,1925,3199,3,11,113
news-source-strategies,RQ4,E4-sensitivity-robustness,control_c3_half0_33,1003,NONE,,,,,,-1.0,0.33,1.0,3.0,1.0,COMPLETE,0.117855,0.10718,0.011755,0.0063,0.117855,0.011755,1.0,0.10718,0.0063,200000,23571,0.6975,451,245,289,307,404,1.0,0.117855,,189903,4140,2351,3606,4,16,138
news-source-strategies,RQ4,E4-sensitivity-robustness,control_c3_half0_33,1004,NONE,,,,,,-1.0,0.33,1.0,3.0,1.0,COMPLETE,0.098475,0.09864,0.011965,0.00666,0.098475,0.011965,1.0,0.09864,0.00666,200000,19695,0.64,461,363,369,375,417,1.0,0.098475,,188017,4733,2393,4857,7,10,21
news-source-strategies,RQ4,E4-sensitivity-robustness,control_c3_half0_33,1005,NONE,,,,,,-1.0,0.33,1.0,3.0,1.0,COMPLETE,0.10411,0.06872,0.01076,0.00494,0.10411,0.01076,1.0,0.06872,0.00494,200000,20822,0.6925,447,298,312,330,374,1.0,0.10411,,191126,3712,2152,3010,4,9,108
news-source-strategies,RQ4,E4-sensitivity-robustness,control_c3_half0_33,1006,NONE,,,,,,-1.0,0.33,1.0,3.0,1.0,COMPLETE,0.0794899999999999,0.0975,0.00619,0.0052,0.07949,0.00619,1.0,0.0975,0.0052,200000,15898,0.705,375,143,154,164,249,1.0,0.0794899999999999,,193247,2714,1238,2801,6,109,234
news-source-strategies,RQ4,E4-sensitivity-robustness,control_c3_half0_33,1007,NONE,,,,,,-1.0,0.33,1.0,3.0,1.0,COMPLETE,0.08522,0.06426,0.007405,0.00332,0.08522,0.007405,1.0,0.06426,0.00332,200000,17044,0.685,391,180,201,262,351,1.0,0.08522,,192665,3285,1481,2569,4,43,152
news-source-strategies,RQ4,E4-sensitivity-robustness,control_c3_half0_33,1008,NONE,,,,,,-1.0,0.33,1.0,3.0,1.0,COMPLETE,0.0917699999999999,0.1083799999999999,0.009375,0.00694,0.09177,0.009375,1.0,0.10838,0.00694,200000,18354,0.64,432,310,313,327,381,1.0,0.0917699999999999,,191667,3479,1875,2979,3,10,84
news-source-strategies,RQ4,E4-sensitivity-robustness,control_c3_half0_33,1009,NONE,,,,,,-1.0,0.33,1.0,3.0,1.0,COMPLETE,0.1299499999999999,0.14462,0.019965,0.01486,0.12995,0.019965,1.0,0.14462,0.01486,200000,25990,0.595,494,446,479,484,485,1.0,0.1299499999999999,,182696,7773,3993,5538,4,11,17
news-source-strategies,RQ4,E4-sensitivity-robustness,control_c3_half0_33,1010,NONE,,,,,,-1.0,0.33,1.0,3.0,1.0,COMPLETE,0.117265,0.08786,0.0130549999999999,0.00622,0.117265,0.013055,1.0,0.08786,0.00622,200000,23453,0.71,465,299,348,368,425,1.0,0.117265,,189768,4101,2611,3520,4,10,68
news-source-strategies,RQ4,E4-sensitivity-robustness,control_c3_half0_33,1011,NONE,,,,,,-1.0,0.33,1.0,3.0,1.0,COMPLETE,0.077685,0.0435,0.00901,0.0028599999999999,0.077685,0.00901,1.0,0.0435,0.00286,200000,15537,0.6375,432,340,357,365,390,1.0,0.077685,,192771,3115,1802,2312,3,5,14
news-source-strategies,RQ4,E4-sensitivity-robustness,control_c3_half0_33,1012,NONE,,,,,,-1.0,0.33,1.0,3.0,1.0,COMPLETE,0.143615,0.22146,0.019635,0.03694,0.143615,0.019635,1.0,0.22146,0.03694,200000,28723,0.64,488,229,261,311,394,1.0,0.143615,,182244,8030,3927,5799,4,50,149
news-source-strategies,RQ4,E4-sensitivity-robustness,control_c3_half0_33,1013,NONE,,,,,,-1.0,0.33,1.0,3.0,1.0,COMPLETE,0.116405,0.1112399999999999,0.0173299999999999,0.0095,0.116405,0.01733,1.0,0.11124,0.0095,200000,23281,0.67,489,404,457,466,472,1.0,0.116405,,185009,6234,3466,5291,7,12,22
news-source-strategies,RQ4,E4-sensitivity-robustness,control_c3_half0_33,1014,NONE,,,,,,-1.0,0.33,1.0,3.0,1.0,COMPLETE,0.0839449999999999,0.11126,0.01031,0.00714,0.083945,0.01031,1.0,0.11126,0.00714,200000,16789,0.6825,449,326,337,370,388,1.0,0.0839449999999999,,191308,3514,2062,3116,3,8,49
news-source-strategies,RQ4,E4-sensitivity-robustness,control_c3_half0_33,1015,NONE,,,,,,-1.0,0.33,1.0,3.0,1.0,COMPLETE,0.107435,0.08674,0.012895,0.00514,0.107435,0.012895,1.0,0.08674,0.00514,200000,21487,0.6375,480,402,417,431,458,1.0,0.107435,,188957,5093,2579,3371,4,9,15
news-source-strategies,RQ4,E4-sensitivity-robustness,credibility_c3_half0_33,1001,CREDIBILITY_CAMOUFLAGE,TRADITIONAL_MEDIA,FAKE_NEWS_SOURCE,1.0,-1.0,,-1.0,0.33,1.0,3.0,1.0,COMPLETE,0.102455,0.08654,0.0134849999999999,0.0049,0.102455,0.013485,1.0,0.08654,0.0049,200000,20491,0.63,473,317,356,372,430,1.0,0.102455,,187684,5893,2697,3726,4,17,49
news-source-strategies,RQ4,E4-sensitivity-robustness,credibility_c3_half0_33,1002,CREDIBILITY_CAMOUFLAGE,TRADITIONAL_MEDIA,FAKE_NEWS_SOURCE,1.0,-1.0,,-1.0,0.33,1.0,3.0,1.0,COMPLETE,0.105685,0.11462,0.00965,0.00988,0.105685,0.00965,1.0,0.11462,0.00988,200000,21137,0.715,439,274,302,325,357,1.0,0.105685,,191781,3269,1930,3020,3,11,113
news-source-strategies,RQ4,E4-sensitivity-robustness,credibility_c3_half0_33,1003,CREDIBILITY_CAMOUFLAGE,TRADITIONAL_MEDIA,FAKE_NEWS_SOURCE,1.0,-1.0,,-1.0,0.33,1.0,3.0,1.0,COMPLETE,0.117205,0.107,0.011545,0.0063,0.117205,0.011545,1.0,0.107,0.0063,200000,23441,0.6975,454,244,283,301,399,1.0,0.117205,,190519,3853,2309,3319,4,17,139
news-source-strategies,RQ4,E4-sensitivity-robustness,credibility_c3_half0_33,1004,CREDIBILITY_CAMOUFLAGE,TRADITIONAL_MEDIA,FAKE_NEWS_SOURCE,1.0,-1.0,,-1.0,0.33,1.0,3.0,1.0,COMPLETE,0.09859,0.09862,0.01247,0.00694,0.09859,0.01247,1.0,0.09862,0.00694,200000,19718,0.64,464,363,372,378,421,1.0,0.09859,,188153,4608,2494,4745,7,10,20
news-source-strategies,RQ4,E4-sensitivity-robustness,credibility_c3_half0_33,1005,CREDIBILITY_CAMOUFLAGE,TRADITIONAL_MEDIA,FAKE_NEWS_SOURCE,1.0,-1.0,,-1.0,0.33,1.0,3.0,1.0,COMPLETE,0.10377,0.06812,0.0109,0.00462,0.10377,0.0109,1.0,0.06812,0.00462,200000,20754,0.6925,449,301,315,334,380,1.0,0.10377,,191375,3641,2180,2804,4,9,108
news-source-strategies,RQ4,E4-sensitivity-robustness,credibility_c3_half0_33,1006,CREDIBILITY_CAMOUFLAGE,TRADITIONAL_MEDIA,FAKE_NEWS_SOURCE,1.0,-1.0,,-1.0,0.33,1.0,3.0,1.0,COMPLETE,0.07933,0.0974599999999999,0.006425,0.0058,0.07933,0.006425,1.0,0.09746,0.0058,200000,15866,0.705,380,143,155,165,249,1.0,0.07933,,193411,2580,1285,2724,6,112,234
news-source-strategies,RQ4,E4-sensitivity-robustness,credibility_c3_half0_33,1007,CREDIBILITY_CAMOUFLAGE,TRADITIONAL_MEDIA,FAKE_NEWS_SOURCE,1.0,-1.0,,-1.0,0.33,1.0,3.0,1.0,COMPLETE,0.084925,0.0642399999999999,0.00756,0.0034,0.084925,0.00756,1.0,0.06424,0.0034,200000,16985,0.685,395,184,202,263,354,1.0,0.084925,,192816,3184,1512,2488,4,43,152
news-source-strategies,RQ4,E4-sensitivity-robustness,credibility_c3_half0_33,1008,CREDIBILITY_CAMOUFLAGE,TRADITIONAL_MEDIA,FAKE_NEWS_SOURCE,1.0,-1.0,,-1.0,0.33,1.0,3.0,1.0,COMPLETE,0.09194,0.10892,0.010135,0.0081199999999999,0.09194,0.010135,1.0,0.10892,0.00812,200000,18388,0.64,431,325,328,341,386,1.0,0.09194,,191747,3366,2027,2860,3,10,25
news-source-strategies,RQ4,E4-sensitivity-robustness,credibility_c3_half0_33,1009,CREDIBILITY_CAMOUFLAGE,TRADITIONAL_MEDIA,FAKE_NEWS_SOURCE,1.0,-1.0,,-1.0,0.33,1.0,3.0,1.0,COMPLETE,0.13021,0.1443,0.021525,0.01486,0.13021,0.021525,1.0,0.1443,0.01486,200000,26042,0.595,497,465,489,491,492,1.0,0.13021,,183222,6935,4305,5538,4,10,16
news-source-strategies,RQ4,E4-sensitivity-robustness,credibility_c3_half0_33,1010,CREDIBILITY_CAMOUFLAGE,TRADITIONAL_MEDIA,FAKE_NEWS_SOURCE,1.0,-1.0,,-1.0,0.33,1.0,3.0,1.0,COMPLETE,0.11667,0.08746,0.013545,0.00632,0.11667,0.013545,1.0,0.08746,0.00632,200000,23334,0.71,469,307,359,378,436,1.0,0.11667,,190300,3768,2709,3223,4,10,45
news-source-strategies,RQ4,E4-sensitivity-robustness,credibility_c3_half0_33,1011,CREDIBILITY_CAMOUFLAGE,TRADITIONAL_MEDIA,FAKE_NEWS_SOURCE,1.0,-1.0,,-1.0,0.33,1.0,3.0,1.0,COMPLETE,0.07792,0.04368,0.009155,0.00294,0.07792,0.009155,1.0,0.04368,0.00294,200000,15584,0.6375,438,350,367,374,398,1.0,0.07792,,192800,3142,1831,2227,3,5,13
news-source-strategies,RQ4,E4-sensitivity-robustness,credibility_c3_half0_33,1012,CREDIBILITY_CAMOUFLAGE,TRADITIONAL_MEDIA,FAKE_NEWS_SOURCE,1.0,-1.0,,-1.0,0.33,1.0,3.0,1.0,COMPLETE,0.14349,0.2222599999999999,0.020315,0.03932,0.14349,0.020315,1.0,0.22226,0.03932,200000,28698,0.64,494,239,270,322,402,1.0,0.14349,,182248,8069,4063,5620,4,49,148
news-source-strategies,RQ4,E4-sensitivity-robustness,credibility_c3_half0_33,1013,CREDIBILITY_CAMOUFLAGE,TRADITIONAL_MEDIA,FAKE_NEWS_SOURCE,1.0,-1.0,,-1.0,0.33,1.0,3.0,1.0,COMPLETE,0.115875,0.11156,0.017685,0.01016,0.115875,0.017685,1.0,0.11156,0.01016,200000,23175,0.67,486,386,445,453,460,1.0,0.115875,,185289,6047,3537,5127,6,11,23
news-source-strategies,RQ4,E4-sensitivity-robustness,credibility_c3_half0_33,1014,CREDIBILITY_CAMOUFLAGE,TRADITIONAL_MEDIA,FAKE_NEWS_SOURCE,1.0,-1.0,,-1.0,0.33,1.0,3.0,1.0,COMPLETE,0.084015,0.11186,0.01078,0.008,0.084015,0.01078,1.0,0.11186,0.008,200000,16803,0.6825,460,345,358,388,406,1.0,0.084015,,191324,3457,2156,3063,3,8,25
news-source-strategies,RQ4,E4-sensitivity-robustness,credibility_c3_half0_33,1015,CREDIBILITY_CAMOUFLAGE,TRADITIONAL_MEDIA,FAKE_NEWS_SOURCE,1.0,-1.0,,-1.0,0.33,1.0,3.0,1.0,COMPLETE,0.1077,0.08618,0.01364,0.00492,0.1077,0.01364,1.0,0.08618,0.00492,200000,21540,0.6375,478,422,436,447,464,1.0,0.1077,,189042,4975,2728,3255,4,9,14
news-source-strategies,RQ4,E4-sensitivity-robustness,control_c3_half1,1001,NONE,,,,,,-1.0,1.0,1.0,3.0,1.0,COMPLETE,0.100705,0.08,0.005035,0.0,0.100705,0.005035,1.0,0.08,0.0,200000,20141,0.63,261,182,226,251,261,1.0,0.100705,,182703,12509,1007,3781,2,14,30
news-source-strategies,RQ4,E4-sensitivity-robustness,control_c3_half1,1002,NONE,,,,,,-1.0,1.0,1.0,3.0,1.0,COMPLETE,0.10776,0.11,0.00447,0.0,0.10776,0.00447,1.0,0.11,0.0,200000,21552,0.715,266,212,250,266,266,1.0,0.10776,,188892,7263,894,2951,2,4,20
news-source-strategies,RQ4,E4-sensitivity-robustness,control_c3_half1,1003,NONE,,,,,,-1.0,1.0,1.0,3.0,1.0,COMPLETE,0.116485,0.1,0.004965,0.0,0.116485,0.004965,1.0,0.1,0.0,200000,23297,0.6975,273,189,245,271,273,1.0,0.116485,,186316,8944,993,3747,3,10,30
news-source-strategies,RQ4,E4-sensitivity-robustness,control_c3_half1,1004,NONE,,,,,,-1.0,1.0,1.0,3.0,1.0,COMPLETE,0.100065,0.09,0.00619,0.0,0.100065,0.00619,1.0,0.09,0.0,200000,20013,0.64,310,225,274,306,310,1.0,0.100065,,185484,9284,1238,3994,3,10,29
news-source-strategies,RQ4,E4-sensitivity-robustness,control_c3_half1,1005,NONE,,,,,,-1.0,1.0,1.0,3.0,1.0,COMPLETE,0.10481,0.06,0.006045,0.0,0.10481,0.006045,1.0,0.06,0.0,200000,20962,0.6925,295,234,279,293,295,1.0,0.10481,,188760,6660,1209,3371,2,8,21
news-source-strategies,RQ4,E4-sensitivity-robustness,control_c3_half1,1006,NONE,,,,,,-1.0,1.0,1.0,3.0,1.0,COMPLETE,0.080165,0.09,0.00296,0.0,0.080165,0.00296,1.0,0.09,0.0,200000,16033,0.705,192,160,184,192,192,1.0,0.080165,,189236,7604,592,2568,2,4,19
news-source-strategies,RQ4,E4-sensitivity-robustness,control_c3_half1,1007,NONE,,,,,,-1.0,1.0,1.0,3.0,1.0,COMPLETE,0.08724,0.06,0.003725,0.0,0.08724,0.003725,1.0,0.06,0.0,200000,17448,0.685,217,162,202,217,217,1.0,0.08724,,190062,6011,745,3182,2,11,26
news-source-strategies,RQ4,E4-sensitivity-robustness,control_c3_half1,1008,NONE,,,,,,-1.0,1.0,1.0,3.0,1.0,COMPLETE,0.09107,0.1,0.00375,0.0,0.09107,0.00375,1.0,0.1,0.0,200000,18214,0.64,232,199,225,232,232,1.0,0.09107,,190252,5972,750,3026,2,6,18
news-source-strategies,RQ4,E4-sensitivity-robustness,control_c3_half1,1009,NONE,,,,,,-1.0,1.0,1.0,3.0,1.0,COMPLETE,0.11879,0.13004,0.00704,0.0,0.11879,0.00704,1.0,0.13004,0.0,200000,23758,0.595,333,261,313,328,332,1.0,0.11879,,184043,10549,1408,4000,3,13,24
news-source-strategies,RQ4,E4-sensitivity-robustness,control_c3_half1,1010,NONE,,,,,,-1.0,1.0,1.0,3.0,1.0,COMPLETE,0.11315,0.08,0.004625,0.0,0.11315,0.004625,1.0,0.08,0.0,200000,22630,0.71,247,162,232,243,247,1.0,0.11315,,188608,7121,925,3346,2,8,30
news-source-strategies,RQ4,E4-sensitivity-robustness,control_c3_half1,1011,NONE,,,,,,-1.0,1.0,1.0,3.0,1.0,COMPLETE,0.0762,0.04,0.00428,0.0,0.0762,0.00428,1.0,0.04,0.0,200000,15240,0.6375,238,209,229,236,238,1.0,0.0762,,191494,5041,856,2609,2,5,10
news-source-strategies,RQ4,E4-sensitivity-robustness,control_c3_half1,1012,NONE,,,,,,-1.0,1.0,1.0,3.0,1.0,COMPLETE,0.13426,0.2,0.003005,0.0,0.13426,0.003005,1.0,0.2,0.0,200000,26852,0.64,194,174,188,192,194,1.0,0.13426,,192028,4400,601,2971,2,4,12
news-source-strategies,RQ4,E4-sensitivity-robustness,control_c3_half1,1013,NONE,,,,,,-1.0,1.0,1.0,3.0,1.0,COMPLETE,0.110135,0.1,0.0069,0.0,0.110135,0.0069,1.0,0.1,0.0,200000,22027,0.67,324,232,293,320,324,1.0,0.110135,,185443,8408,1380,4769,3,14,29
news-source-strategies,RQ4,E4-sensitivity-robustness,control_c3_half1,1014,NONE,,,,,,-1.0,1.0,1.0,3.0,1.0,COMPLETE,0.08459,0.1,0.00546,0.0,0.08459,0.00546,1.0,0.1,0.0,200000,16918,0.6825,290,238,273,288,290,1.0,0.08459,,188618,6911,1092,3379,2,8,19
news-source-strategies,RQ4,E4-sensitivity-robustness,control_c3_half1,1015,NONE,,,,,,-1.0,1.0,1.0,3.0,1.0,COMPLETE,0.105985,0.08,0.006175,0.0,0.105985,0.006175,1.0,0.08,0.0,200000,21197,0.6375,303,227,271,298,303,1.0,0.105985,,186274,8782,1235,3709,2,10,28
news-source-strategies,RQ4,E4-sensitivity-robustness,credibility_c3_half1,1001,CREDIBILITY_CAMOUFLAGE,TRADITIONAL_MEDIA,FAKE_NEWS_SOURCE,1.0,-1.0,,-1.0,1.0,1.0,3.0,1.0,COMPLETE,0.10211,0.08,0.00716,0.0,0.10211,0.00716,1.0,0.08,0.0,200000,20422,0.63,287,186,233,277,287,1.0,0.10211,,181441,13513,1432,3614,2,15,34
news-source-strategies,RQ4,E4-sensitivity-robustness,credibility_c3_half1,1002,CREDIBILITY_CAMOUFLAGE,TRADITIONAL_MEDIA,FAKE_NEWS_SOURCE,1.0,-1.0,,-1.0,1.0,1.0,3.0,1.0,COMPLETE,0.10742,0.11,0.005415,0.0,0.10742,0.005415,1.0,0.11,0.0,200000,21484,0.715,271,217,257,271,271,1.0,0.10742,,189872,6307,1083,2738,2,5,20
news-source-strategies,RQ4,E4-sensitivity-robustness,credibility_c3_half1,1003,CREDIBILITY_CAMOUFLAGE,TRADITIONAL_MEDIA,FAKE_NEWS_SOURCE,1.0,-1.0,,-1.0,1.0,1.0,3.0,1.0,COMPLETE,0.117435,0.1,0.006835,0.0,0.117435,0.006835,1.0,0.1,0.0,200000,23487,0.6975,288,191,256,284,288,1.0,0.117435,,186048,9031,1367,3554,3,10,34
news-source-strategies,RQ4,E4-sensitivity-robustness,credibility_c3_half1,1004,CREDIBILITY_CAMOUFLAGE,TRADITIONAL_MEDIA,FAKE_NEWS_SOURCE,1.0,-1.0,,-1.0,1.0,1.0,3.0,1.0,COMPLETE,0.098955,0.09,0.007615,0.0,0.098955,0.007615,1.0,0.09,0.0,200000,19791,0.64,301,234,275,297,301,1.0,0.098955,,186535,8336,1523,3606,3,10,21
news-source-strategies,RQ4,E4-sensitivity-robustness,credibility_c3_half1,1005,CREDIBILITY_CAMOUFLAGE,TRADITIONAL_MEDIA,FAKE_NEWS_SOURCE,1.0,-1.0,,-1.0,1.0,1.0,3.0,1.0,COMPLETE,0.105245,0.06,0.00797,0.0,0.105245,0.00797,1.0,0.06,0.0,200000,21049,0.6925,304,240,290,304,304,1.0,0.105245,,188911,6282,1594,3213,2,8,21
news-source-strategies,RQ4,E4-sensitivity-robustness,credibility_c3_half1,1006,CREDIBILITY_CAMOUFLAGE,TRADITIONAL_MEDIA,FAKE_NEWS_SOURCE,1.0,-1.0,,-1.0,1.0,1.0,3.0,1.0,COMPLETE,0.080995,0.09,0.003925,0.0,0.080995,0.003925,1.0,0.09,0.0,200000,16199,0.705,204,168,194,204,204,1.0,0.080995,,188525,8186,785,2504,2,5,19
news-source-strategies,RQ4,E4-sensitivity-robustness,credibility_c3_half1,1007,CREDIBILITY_CAMOUFLAGE,TRADITIONAL_MEDIA,FAKE_NEWS_SOURCE,1.0,-1.0,,-1.0,1.0,1.0,3.0,1.0,COMPLETE,0.0882199999999999,0.06,0.004595,0.0,0.08822,0.004595,1.0,0.06,0.0,200000,17644,0.685,244,174,222,242,244,1.0,0.0882199999999999,,189350,6521,919,3210,2,13,28
news-source-strategies,RQ4,E4-sensitivity-robustness,credibility_c3_half1,1008,CREDIBILITY_CAMOUFLAGE,TRADITIONAL_MEDIA,FAKE_NEWS_SOURCE,1.0,-1.0,,-1.0,1.0,1.0,3.0,1.0,COMPLETE,0.0921299999999999,0.1,0.00529,0.0,0.09213,0.00529,1.0,0.1,0.0,200000,18426,0.64,253,207,237,252,253,1.0,0.0921299999999999,,189892,6059,1058,2991,2,8,19
news-source-strategies,RQ4,E4-sensitivity-robustness,credibility_c3_half1,1009,CREDIBILITY_CAMOUFLAGE,TRADITIONAL_MEDIA,FAKE_NEWS_SOURCE,1.0,-1.0,,-1.0,1.0,1.0,3.0,1.0,COMPLETE,0.11873,0.13004,0.009045,0.0,0.11873,0.009045,1.0,0.13004,0.0,200000,23746,0.595,338,260,314,335,338,1.0,0.11873,,185037,9352,1809,3802,3,13,25
news-source-strategies,RQ4,E4-sensitivity-robustness,credibility_c3_half1,1010,CREDIBILITY_CAMOUFLAGE,TRADITIONAL_MEDIA,FAKE_NEWS_SOURCE,1.0,-1.0,,-1.0,1.0,1.0,3.0,1.0,COMPLETE,0.11324,0.08,0.00504,0.0,0.11324,0.00504,1.0,0.08,0.0,200000,22648,0.71,258,163,238,253,258,1.0,0.11324,,188631,7142,1008,3219,2,10,32
news-source-strategies,RQ4,E4-sensitivity-robustness,credibility_c3_half1,1011,CREDIBILITY_CAMOUFLAGE,TRADITIONAL_MEDIA,FAKE_NEWS_SOURCE,1.0,-1.0,,-1.0,1.0,1.0,3.0,1.0,COMPLETE,0.0767,0.04,0.004955,0.0,0.0767,0.004955,1.0,0.04,0.0,200000,15340,0.6375,254,210,242,253,254,1.0,0.0767,,191084,5311,991,2614,2,5,15
news-source-strategies,RQ4,E4-sensitivity-robustness,credibility_c3_half1,1012,CREDIBILITY_CAMOUFLAGE,TRADITIONAL_MEDIA,FAKE_NEWS_SOURCE,1.0,-1.0,,-1.0,1.0,1.0,3.0,1.0,COMPLETE,0.134575,0.2,0.0037,0.0,0.134575,0.0037,1.0,0.2,0.0,200000,26915,0.64,198,175,192,196,198,1.0,0.134575,,192170,4185,740,2905,2,4,13
news-source-strategies,RQ4,E4-sensitivity-robustness,credibility_c3_half1,1013,CREDIBILITY_CAMOUFLAGE,TRADITIONAL_MEDIA,FAKE_NEWS_SOURCE,1.0,-1.0,,-1.0,1.0,1.0,3.0,1.0,COMPLETE,0.11005,0.1,0.00898,0.0,0.11005,0.00898,1.0,0.1,0.0,200000,22010,0.67,343,242,315,341,343,1.0,0.11005,,185927,7730,1796,4547,4,14,29
news-source-strategies,RQ4,E4-sensitivity-robustness,credibility_c3_half1,1014,CREDIBILITY_CAMOUFLAGE,TRADITIONAL_MEDIA,FAKE_NEWS_SOURCE,1.0,-1.0,,-1.0,1.0,1.0,3.0,1.0,COMPLETE,0.084805,0.1,0.006615,0.0,0.084805,0.006615,1.0,0.1,0.0,200000,16961,0.6825,294,240,280,294,294,1.0,0.084805,,188957,6162,1323,3558,2,9,21
news-source-strategies,RQ4,E4-sensitivity-robustness,credibility_c3_half1,1015,CREDIBILITY_CAMOUFLAGE,TRADITIONAL_MEDIA,FAKE_NEWS_SOURCE,1.0,-1.0,,-1.0,1.0,1.0,3.0,1.0,COMPLETE,0.10632,0.08,0.008465,0.0,0.10632,0.008465,1.0,0.08,0.0,200000,21264,0.6375,312,236,288,309,312,1.0,0.10632,,187114,7551,1693,3642,2,10,24
news-source-strategies,RQ4,E4-sensitivity-robustness,control_c3_half5,1001,NONE,,,,,,-1.0,5.0,1.0,3.0,1.0,COMPLETE,0.12181,0.0834,0.003455,6e-05,0.12181,0.003455,1.0,0.0834,6e-05,200000,24362,0.63,237,214,220,228,236,1.0,0.12181,,159419,32187,691,7703,2,4,9
news-source-strategies,RQ4,E4-sensitivity-robustness,control_c3_half5,1002,NONE,,,,,,-1.0,5.0,1.0,3.0,1.0,COMPLETE,0.1222999999999999,0.11066,0.004245,0.0001799999999999,0.1223,0.004245,1.0,0.11066,0.00018,200000,24460,0.715,245,224,232,238,244,1.0,0.1222999999999999,,171626,20890,849,6635,2,4,9
news-source-strategies,RQ4,E4-sensitivity-robustness,control_c3_half5,1003,NONE,,,,,,-1.0,5.0,1.0,3.0,1.0,COMPLETE,0.12879,0.10146,0.003525,0.0003599999999999,0.12879,0.003525,1.0,0.10146,0.00036,200000,25758,0.6975,229,215,220,224,227,1.0,0.12879,,168549,23552,705,7194,2,4,9
news-source-strategies,RQ4,E4-sensitivity-robustness,control_c3_half5,1004,NONE,,,,,,-1.0,5.0,1.0,3.0,1.0,COMPLETE,0.11579,0.09124,0.003435,0.0001199999999999,0.11579,0.003435,1.0,0.09124,0.00012,200000,23158,0.64,216,192,200,205,212,1.0,0.11579,,169196,22109,687,8008,2,5,10
news-source-strategies,RQ4,E4-sensitivity-robustness,control_c3_half5,1005,NONE,,,,,,-1.0,5.0,1.0,3.0,1.0,COMPLETE,0.125245,0.06288,0.004445,0.00046,0.125245,0.004445,1.0,0.06288,0.00046,200000,25049,0.6925,249,214,225,236,246,1.0,0.125245,,168468,24199,889,6444,2,4,10
news-source-strategies,RQ4,E4-sensitivity-robustness,control_c3_half5,1006,NONE,,,,,,-1.0,5.0,1.0,3.0,1.0,COMPLETE,0.096605,0.0912,0.00362,0.00028,0.096605,0.00362,1.0,0.0912,0.00028,200000,19321,0.705,226,212,218,221,223,1.0,0.096605,,170702,21714,724,6860,2,5,9
news-source-strategies,RQ4,E4-sensitivity-robustness,control_c3_half5,1007,NONE,,,,,,-1.0,5.0,1.0,3.0,1.0,COMPLETE,0.10532,0.0616199999999999,0.0031,0.00044,0.10532,0.0031,1.0,0.06162,0.00044,200000,21064,0.685,213,194,201,207,211,1.0,0.10532,,168410,23973,620,6997,2,4,9
news-source-strategies,RQ4,E4-sensitivity-robustness,control_c3_half5,1008,NONE,,,,,,-1.0,5.0,1.0,3.0,1.0,COMPLETE,0.1087549999999999,0.1011,0.00361,0.0001,0.108755,0.00361,1.0,0.1011,0.0001,200000,21751,0.64,241,222,231,238,241,1.0,0.1087549999999999,,170711,21689,722,6878,2,5,10
news-source-strategies,RQ4,E4-sensitivity-robustness,control_c3_half5,1009,NONE,,,,,,-1.0,5.0,1.0,3.0,1.0,COMPLETE,0.132385,0.1314199999999999,0.003955,0.00032,0.132385,0.003955,1.0,0.13142,0.00032,200000,26477,0.595,241,213,218,228,239,1.0,0.132385,,161041,31408,791,6760,2,5,11
news-source-strategies,RQ4,E4-sensitivity-robustness,control_c3_half5,1010,NONE,,,,,,-1.0,5.0,1.0,3.0,1.0,COMPLETE,0.1281399999999999,0.08134,0.003175,0.0001799999999999,0.12814,0.003175,1.0,0.08134,0.00018,200000,25628,0.71,216,190,199,209,214,1.0,0.1281399999999999,,167803,25098,635,6464,2,4,9
news-source-strategies,RQ4,E4-sensitivity-robustness,control_c3_half5,1011,NONE,,,,,,-1.0,5.0,1.0,3.0,1.0,COMPLETE,0.09229,0.04214,0.0038799999999999,0.00054,0.09229,0.00388,1.0,0.04214,0.00054,200000,18458,0.6375,246,223,230,237,241,1.0,0.09229,,168122,24536,776,6566,2,5,9
news-source-strategies,RQ4,E4-sensitivity-robustness,control_c3_half5,1012,NONE,,,,,,-1.0,5.0,1.0,3.0,1.0,COMPLETE,0.149335,0.20068,0.003265,6e-05,0.149335,0.003265,1.0,0.20068,6e-05,200000,29867,0.64,225,202,210,217,223,1.0,0.149335,,168923,23774,653,6650,2,5,10
news-source-strategies,RQ4,E4-sensitivity-robustness,control_c3_half5,1013,NONE,,,,,,-1.0,5.0,1.0,3.0,1.0,COMPLETE,0.12662,0.10134,0.00385,0.0003,0.12662,0.00385,1.0,0.10134,0.0003,200000,25324,0.67,240,207,216,230,236,1.0,0.12662,,165071,25493,770,8666,2,5,12
news-source-strategies,RQ4,E4-sensitivity-robustness,control_c3_half5,1014,NONE,,,,,,-1.0,5.0,1.0,3.0,1.0,COMPLETE,0.10003,0.10154,0.00356,0.0004799999999999,0.10003,0.00356,1.0,0.10154,0.00048,200000,20006,0.6825,231,217,223,226,230,1.0,0.10003,,167954,23795,712,7539,2,4,9
news-source-strategies,RQ4,E4-sensitivity-robustness,control_c3_half5,1015,NONE,,,,,,-1.0,5.0,1.0,3.0,1.0,COMPLETE,0.11534,0.0832,0.00343,0.0001799999999999,0.11534,0.00343,1.0,0.0832,0.00018,200000,23068,0.6375,217,199,203,211,216,1.0,0.11534,,166027,27074,686,6213,2,3,8
news-source-strategies,RQ4,E4-sensitivity-robustness,credibility_c3_half5,1001,CREDIBILITY_CAMOUFLAGE,TRADITIONAL_MEDIA,FAKE_NEWS_SOURCE,1.0,-1.0,,-1.0,5.0,1.0,3.0,1.0,COMPLETE,0.12282,0.08358,0.006405,0.0002399999999999,0.12282,0.006405,1.0,0.08358,0.00024,200000,24564,0.63,244,212,220,228,238,1.0,0.12282,,159636,31352,1281,7731,2,4,10
news-source-strategies,RQ4,E4-sensitivity-robustness,credibility_c3_half5,1002,CREDIBILITY_CAMOUFLAGE,TRADITIONAL_MEDIA,FAKE_NEWS_SOURCE,1.0,-1.0,,-1.0,5.0,1.0,3.0,1.0,COMPLETE,0.1234249999999999,0.11064,0.00652,0.00034,0.123425,0.00652,1.0,0.11064,0.00034,200000,24685,0.715,257,225,233,242,254,1.0,0.1234249999999999,,171139,21180,1304,6377,2,4,11
news-source-strategies,RQ4,E4-sensitivity-robustness,credibility_c3_half5,1003,CREDIBILITY_CAMOUFLAGE,TRADITIONAL_MEDIA,FAKE_NEWS_SOURCE,1.0,-1.0,,-1.0,5.0,1.0,3.0,1.0,COMPLETE,0.130265,0.10202,0.00505,0.0004799999999999,0.130265,0.00505,1.0,0.10202,0.00048,200000,26053,0.6975,242,218,226,229,238,1.0,0.130265,,166998,24738,1010,7254,2,4,9
news-source-strategies,RQ4,E4-sensitivity-robustness,credibility_c3_half5,1004,CREDIBILITY_CAMOUFLAGE,TRADITIONAL_MEDIA,FAKE_NEWS_SOURCE,1.0,-1.0,,-1.0,5.0,1.0,3.0,1.0,COMPLETE,0.116835,0.09124,0.0058449999999999,4e-05,0.116835,0.005845,1.0,0.09124,4e-05,200000,23367,0.64,233,195,207,217,227,1.0,0.116835,,168984,22015,1169,7832,2,5,14
news-source-strategies,RQ4,E4-sensitivity-robustness,credibility_c3_half5,1005,CREDIBILITY_CAMOUFLAGE,TRADITIONAL_MEDIA,FAKE_NEWS_SOURCE,1.0,-1.0,,-1.0,5.0,1.0,3.0,1.0,COMPLETE,0.12478,0.0617999999999999,0.006435,0.00034,0.12478,0.006435,1.0,0.0618,0.00034,200000,24956,0.6925,245,207,218,229,242,1.0,0.12478,,169814,22647,1287,6252,2,4,10
news-source-strategies,RQ4,E4-sensitivity-robustness,credibility_c3_half5,1006,CREDIBILITY_CAMOUFLAGE,TRADITIONAL_MEDIA,FAKE_NEWS_SOURCE,1.0,-1.0,,-1.0,5.0,1.0,3.0,1.0,COMPLETE,0.09853,0.09164,0.005375,0.0003599999999999,0.09853,0.005375,1.0,0.09164,0.00036,200000,19706,0.705,233,212,220,224,228,1.0,0.09853,,169008,23177,1075,6740,2,5,10
news-source-strategies,RQ4,E4-sensitivity-robustness,credibility_c3_half5,1007,CREDIBILITY_CAMOUFLAGE,TRADITIONAL_MEDIA,FAKE_NEWS_SOURCE,1.0,-1.0,,-1.0,5.0,1.0,3.0,1.0,COMPLETE,0.10637,0.0610799999999999,0.005045,0.00016,0.10637,0.005045,1.0,0.06108,0.00016,200000,21274,0.685,222,193,201,213,220,1.0,0.10637,,167670,24400,1009,6921,2,5,10
news-source-strategies,RQ4,E4-sensitivity-robustness,credibility_c3_half5,1008,CREDIBILITY_CAMOUFLAGE,TRADITIONAL_MEDIA,FAKE_NEWS_SOURCE,1.0,-1.0,,-1.0,5.0,1.0,3.0,1.0,COMPLETE,0.10929,0.10096,0.005685,8e-05,0.10929,0.005685,1.0,0.10096,8e-05,200000,21858,0.64,247,223,229,239,246,1.0,0.10929,,171369,20854,1137,6640,2,5,11
news-source-strategies,RQ4,E4-sensitivity-robustness,credibility_c3_half5,1009,CREDIBILITY_CAMOUFLAGE,TRADITIONAL_MEDIA,FAKE_NEWS_SOURCE,1.0,-1.0,,-1.0,5.0,1.0,3.0,1.0,COMPLETE,0.13176,0.13116,0.006255,0.0001199999999999,0.13176,0.006255,1.0,0.13116,0.00012,200000,26352,0.595,244,212,220,236,242,1.0,0.13176,,162997,29124,1251,6628,2,5,11
news-source-strategies,RQ4,E4-sensitivity-robustness,credibility_c3_half5,1010,CREDIBILITY_CAMOUFLAGE,TRADITIONAL_MEDIA,FAKE_NEWS_SOURCE,1.0,-1.0,,-1.0,5.0,1.0,3.0,1.0,COMPLETE,0.12888,0.08154,0.004985,0.00038,0.12888,0.004985,1.0,0.08154,0.00038,200000,25776,0.71,226,192,204,218,224,1.0,0.12888,,167746,24808,997,6449,2,4,11
news-source-strategies,RQ4,E4-sensitivity-robustness,credibility_c3_half5,1011,CREDIBILITY_CAMOUFLAGE,TRADITIONAL_MEDIA,FAKE_NEWS_SOURCE,1.0,-1.0,,-1.0,5.0,1.0,3.0,1.0,COMPLETE,0.09287,0.04204,0.006455,0.00046,0.09287,0.006455,1.0,0.04204,0.00046,200000,18574,0.6375,257,229,238,247,254,1.0,0.09287,,169366,22886,1291,6457,2,5,10
news-source-strategies,RQ4,E4-sensitivity-robustness,credibility_c3_half5,1012,CREDIBILITY_CAMOUFLAGE,TRADITIONAL_MEDIA,FAKE_NEWS_SOURCE,1.0,-1.0,,-1.0,5.0,1.0,3.0,1.0,COMPLETE,0.14992,0.2004,0.00601,0.0002399999999999,0.14992,0.00601,1.0,0.2004,0.00024,200000,29984,0.64,233,205,214,222,229,1.0,0.14992,,169700,22571,1202,6527,2,5,11
news-source-strategies,RQ4,E4-sensitivity-robustness,credibility_c3_half5,1013,CREDIBILITY_CAMOUFLAGE,TRADITIONAL_MEDIA,FAKE_NEWS_SOURCE,1.0,-1.0,,-1.0,5.0,1.0,3.0,1.0,COMPLETE,0.126525,0.10116,0.0058899999999999,0.00052,0.126525,0.00589,1.0,0.10116,0.00052,200000,25305,0.67,258,214,226,244,254,1.0,0.126525,,165498,25034,1178,8290,3,5,14
news-source-strategies,RQ4,E4-sensitivity-robustness,credibility_c3_half5,1014,CREDIBILITY_CAMOUFLAGE,TRADITIONAL_MEDIA,FAKE_NEWS_SOURCE,1.0,-1.0,,-1.0,5.0,1.0,3.0,1.0,COMPLETE,0.101305,0.10136,0.005075,4e-05,0.101305,0.005075,1.0,0.10136,4e-05,200000,20261,0.6825,240,216,226,230,239,1.0,0.101305,,166474,25193,1015,7318,2,4,10
news-source-strategies,RQ4,E4-sensitivity-robustness,credibility_c3_half5,1015,CREDIBILITY_CAMOUFLAGE,TRADITIONAL_MEDIA,FAKE_NEWS_SOURCE,1.0,-1.0,,-1.0,5.0,1.0,3.0,1.0,COMPLETE,0.116675,0.0829,0.006445,0.00014,0.116675,0.006445,1.0,0.0829,0.00014,200000,23335,0.6375,228,199,209,215,222,1.0,0.116675,,165940,26644,1289,6127,2,4,11
news-source-strategies,RQ4,E4-sensitivity-robustness,control_c5_window25,1001,NONE,,,,,,25.0,-1.0,1.0,5.0,1.0,COMPLETE,0.1326,0.1135,0.005205,0.0,0.1326,0.005205,1.0,0.1135,0.0,200000,26520,0.6875,287,284,285,286,287,1.0,0.1326,,161806,27432,1041,9721,2,5,11
news-source-strategies,RQ4,E4-sensitivity-robustness,control_c5_window25,1002,NONE,,,,,,25.0,-1.0,1.0,5.0,1.0,COMPLETE,0.107495,0.04606,0.0042699999999999,0.0,0.107495,0.00427,1.0,0.04606,0.0,200000,21499,0.6875,268,267,268,268,268,1.0,0.107495,,159044,29377,854,10725,2,5,12
news-source-strategies,RQ4,E4-sensitivity-robustness,control_c5_window25,1003,NONE,,,,,,25.0,-1.0,1.0,5.0,1.0,COMPLETE,0.13097,0.1239,0.003915,0.0,0.13097,0.003915,1.0,0.1239,0.0,200000,26194,0.66,268,266,267,267,268,1.0,0.13097,,151260,37681,783,10276,2,5,12
news-source-strategies,RQ4,E4-sensitivity-robustness,control_c5_window25,1004,NONE,,,,,,25.0,-1.0,1.0,5.0,1.0,COMPLETE,0.13615,0.0649,0.003975,4e-05,0.13615,0.003975,1.0,0.0649,4e-05,200000,27230,0.6775,258,256,257,257,258,1.0,0.13615,,149461,38562,795,11182,2,5,10
news-source-strategies,RQ4,E4-sensitivity-robustness,control_c5_window25,1005,NONE,,,,,,25.0,-1.0,1.0,5.0,1.0,COMPLETE,0.148415,0.11366,0.00477,0.0,0.148415,0.00477,1.0,0.11366,0.0,200000,29683,0.65,260,253,257,260,260,1.0,0.148415,,156079,33057,954,9910,2,4,9
news-source-strategies,RQ4,E4-sensitivity-robustness,control_c5_window25,1006,NONE,,,,,,25.0,-1.0,1.0,5.0,1.0,COMPLETE,0.1287299999999999,0.07352,0.00367,0.0,0.12873,0.00367,1.0,0.07352,0.0,200000,25746,0.6675,250,247,247,250,250,1.0,0.1287299999999999,,154134,33038,734,12094,2,4,10
news-source-strategies,RQ4,E4-sensitivity-robustness,control_c5_window25,1007,NONE,,,,,,25.0,-1.0,1.0,5.0,1.0,COMPLETE,0.144155,0.0610799999999999,0.004825,0.0,0.144155,0.004825,1.0,0.06108,0.0,200000,28831,0.6975,279,274,277,278,279,1.0,0.144155,,145216,43576,965,10243,2,5,10
news-source-strategies,RQ4,E4-sensitivity-robustness,control_c5_window25,1008,NONE,,,,,,25.0,-1.0,1.0,5.0,1.0,COMPLETE,0.137075,0.1047,0.00448,0.0,0.137075,0.00448,1.0,0.1047,0.0,200000,27415,0.6625,279,272,272,276,278,1.0,0.137075,,153698,34062,896,11344,2,5,12
news-source-strategies,RQ4,E4-sensitivity-robustness,control_c5_window25,1009,NONE,,,,,,25.0,-1.0,1.0,5.0,1.0,COMPLETE,0.16402,0.08192,0.005045,0.0,0.16402,0.005045,1.0,0.08192,0.0,200000,32804,0.6775,270,266,267,269,269,1.0,0.16402,,139933,49965,1009,9093,2,5,10
news-source-strategies,RQ4,E4-sensitivity-robustness,control_c5_window25,1010,NONE,,,,,,25.0,-1.0,1.0,5.0,1.0,COMPLETE,0.125565,0.07712,0.004745,0.0,0.125565,0.004745,1.0,0.07712,0.0,200000,25113,0.64,282,276,277,281,282,1.0,0.125565,,150096,38391,949,10564,2,5,10
news-source-strategies,RQ4,E4-sensitivity-robustness,control_c5_window25,1011,NONE,,,,,,25.0,-1.0,1.0,5.0,1.0,COMPLETE,0.1095849999999999,0.05458,0.0048449999999999,0.0,0.109585,0.004845,1.0,0.05458,0.0,200000,21917,0.695,274,269,270,273,274,1.0,0.1095849999999999,,160012,29053,969,9966,2,5,12
news-source-strategies,RQ4,E4-sensitivity-robustness,control_c5_window25,1012,NONE,,,,,,25.0,-1.0,1.0,5.0,1.0,COMPLETE,0.1458,0.13166,0.004125,2e-05,0.1458,0.004125,1.0,0.13166,2e-05,200000,29160,0.64,272,266,267,269,269,1.0,0.1458,,155731,32662,825,10782,2,5,12
news-source-strategies,RQ4,E4-sensitivity-robustness,control_c5_window25,1013,NONE,,,,,,25.0,-1.0,1.0,5.0,1.0,COMPLETE,0.110705,0.08866,0.0047649999999999,0.0,0.110705,0.004765,1.0,0.08866,0.0,200000,22141,0.6725,270,262,265,269,270,1.0,0.110705,,152581,37712,953,8754,2,5,12
news-source-strategies,RQ4,E4-sensitivity-robustness,control_c5_window25,1014,NONE,,,,,,25.0,-1.0,1.0,5.0,1.0,COMPLETE,0.13615,0.06038,0.00449,2e-05,0.13615,0.00449,1.0,0.06038,2e-05,200000,27230,0.7075,294,286,287,291,293,1.0,0.13615,,147159,41176,898,10767,2,6,12
news-source-strategies,RQ4,E4-sensitivity-robustness,control_c5_window25,1015,NONE,,,,,,25.0,-1.0,1.0,5.0,1.0,COMPLETE,0.14052,0.12344,0.00451,0.0,0.14052,0.00451,1.0,0.12344,0.0,200000,28104,0.6525,270,260,262,268,269,1.0,0.14052,,152332,38120,902,8646,3,6,13
news-source-strategies,RQ4,E4-sensitivity-robustness,credibility_c5_window25,1001,CREDIBILITY_CAMOUFLAGE,TRADITIONAL_MEDIA,FAKE_NEWS_SOURCE,1.0,-1.0,,25.0,-1.0,1.0,5.0,1.0,COMPLETE,0.13465,0.11372,0.00851,0.0,0.13465,0.00851,1.0,0.11372,0.0,200000,26930,0.6875,286,284,286,286,286,1.0,0.13465,,161024,27543,1702,9731,2,5,11
news-source-strategies,RQ4,E4-sensitivity-robustness,credibility_c5_window25,1002,CREDIBILITY_CAMOUFLAGE,TRADITIONAL_MEDIA,FAKE_NEWS_SOURCE,1.0,-1.0,,25.0,-1.0,1.0,5.0,1.0,COMPLETE,0.1090349999999999,0.04566,0.007205,0.0,0.109035,0.007205,1.0,0.04566,0.0,200000,21807,0.6875,269,265,268,269,269,1.0,0.1090349999999999,,159253,28630,1441,10676,2,5,13
news-source-strategies,RQ4,E4-sensitivity-robustness,credibility_c5_window25,1003,CREDIBILITY_CAMOUFLAGE,TRADITIONAL_MEDIA,FAKE_NEWS_SOURCE,1.0,-1.0,,25.0,-1.0,1.0,5.0,1.0,COMPLETE,0.1309799999999999,0.1235199999999999,0.007255,0.0,0.13098,0.007255,1.0,0.12352,0.0,200000,26196,0.66,268,266,268,268,268,1.0,0.1309799999999999,,152689,36002,1451,9858,2,5,12
news-source-strategies,RQ4,E4-sensitivity-robustness,credibility_c5_window25,1004,CREDIBILITY_CAMOUFLAGE,TRADITIONAL_MEDIA,FAKE_NEWS_SOURCE,1.0,-1.0,,25.0,-1.0,1.0,5.0,1.0,COMPLETE,0.1369149999999999,0.0645,0.00626,4e-05,0.136915,0.00626,1.0,0.0645,4e-05,200000,27383,0.6775,258,256,256,256,258,1.0,0.1369149999999999,,149621,38087,1252,11040,2,5,10
news-source-strategies,RQ4,E4-sensitivity-robustness,credibility_c5_window25,1005,CREDIBILITY_CAMOUFLAGE,TRADITIONAL_MEDIA,FAKE_NEWS_SOURCE,1.0,-1.0,,25.0,-1.0,1.0,5.0,1.0,COMPLETE,0.149785,0.11416,0.007525,0.0,0.149785,0.007525,1.0,0.11416,0.0,200000,29957,0.65,262,254,258,262,262,1.0,0.149785,,155692,32984,1505,9819,2,4,9
news-source-strategies,RQ4,E4-sensitivity-robustness,credibility_c5_window25,1006,CREDIBILITY_CAMOUFLAGE,TRADITIONAL_MEDIA,FAKE_NEWS_SOURCE,1.0,-1.0,,25.0,-1.0,1.0,5.0,1.0,COMPLETE,0.12966,0.0734399999999999,0.00562,0.0,0.12966,0.00562,1.0,0.07344,0.0,200000,25932,0.6675,253,249,249,252,253,1.0,0.12966,,153909,32939,1124,12028,2,5,10
news-source-strategies,RQ4,E4-sensitivity-robustness,credibility_c5_window25,1007,CREDIBILITY_CAMOUFLAGE,TRADITIONAL_MEDIA,FAKE_NEWS_SOURCE,1.0,-1.0,,25.0,-1.0,1.0,5.0,1.0,COMPLETE,0.1462949999999999,0.06132,0.007975,0.0,0.146295,0.007975,1.0,0.06132,0.0,200000,29259,0.6975,279,272,276,278,279,1.0,0.1462949999999999,,144338,43913,1595,10154,2,5,10
news-source-strategies,RQ4,E4-sensitivity-robustness,credibility_c5_window25,1008,CREDIBILITY_CAMOUFLAGE,TRADITIONAL_MEDIA,FAKE_NEWS_SOURCE,1.0,-1.0,,25.0,-1.0,1.0,5.0,1.0,COMPLETE,0.138085,0.1047999999999999,0.006595,0.0,0.138085,0.006595,1.0,0.1048,0.0,200000,27617,0.6625,277,272,272,276,277,1.0,0.138085,,153615,33906,1319,11160,2,5,12
news-source-strategies,RQ4,E4-sensitivity-robustness,credibility_c5_window25,1009,CREDIBILITY_CAMOUFLAGE,TRADITIONAL_MEDIA,FAKE_NEWS_SOURCE,1.0,-1.0,,25.0,-1.0,1.0,5.0,1.0,COMPLETE,0.1644449999999999,0.08028,0.00853,0.0,0.164445,0.00853,1.0,0.08028,0.0,200000,32889,0.6775,273,267,270,272,272,1.0,0.1644449999999999,,140877,48586,1706,8831,2,5,11
news-source-strategies,RQ4,E4-sensitivity-robustness,credibility_c5_window25,1010,CREDIBILITY_CAMOUFLAGE,TRADITIONAL_MEDIA,FAKE_NEWS_SOURCE,1.0,-1.0,,25.0,-1.0,1.0,5.0,1.0,COMPLETE,0.127765,0.0775999999999999,0.0078049999999999,0.0,0.127765,0.007805,1.0,0.0776,0.0,200000,25553,0.64,286,279,280,284,286,1.0,0.127765,,148546,39451,1561,10442,2,5,11
news-source-strategies,RQ4,E4-sensitivity-robustness,credibility_c5_window25,1011,CREDIBILITY_CAMOUFLAGE,TRADITIONAL_MEDIA,FAKE_NEWS_SOURCE,1.0,-1.0,,25.0,-1.0,1.0,5.0,1.0,COMPLETE,0.11191,0.0549399999999999,0.008185,0.0,0.11191,0.008185,1.0,0.05494,0.0,200000,22382,0.695,276,271,272,275,276,1.0,0.11191,,159302,29168,1637,9893,2,5,12
news-source-strategies,RQ4,E4-sensitivity-robustness,credibility_c5_window25,1012,CREDIBILITY_CAMOUFLAGE,TRADITIONAL_MEDIA,FAKE_NEWS_SOURCE,1.0,-1.0,,25.0,-1.0,1.0,5.0,1.0,COMPLETE,0.146895,0.1316399999999999,0.0072699999999999,2e-05,0.146895,0.00727,1.0,0.13164,2e-05,200000,29379,0.64,271,266,267,268,269,1.0,0.146895,,156332,31639,1454,10575,2,5,11
news-source-strategies,RQ4,E4-sensitivity-robustness,credibility_c5_window25,1013,CREDIBILITY_CAMOUFLAGE,TRADITIONAL_MEDIA,FAKE_NEWS_SOURCE,1.0,-1.0,,25.0,-1.0,1.0,5.0,1.0,COMPLETE,0.111885,0.08776,0.00806,0.0,0.111885,0.00806,1.0,0.08776,0.0,200000,22377,0.6725,272,264,267,272,272,1.0,0.111885,,152611,37117,1612,8660,2,5,12
news-source-strategies,RQ4,E4-sensitivity-robustness,credibility_c5_window25,1014,CREDIBILITY_CAMOUFLAGE,TRADITIONAL_MEDIA,FAKE_NEWS_SOURCE,1.0,-1.0,,25.0,-1.0,1.0,5.0,1.0,COMPLETE,0.13813,0.06012,0.007345,2e-05,0.13813,0.007345,1.0,0.06012,2e-05,200000,27626,0.7075,297,288,290,295,296,1.0,0.13813,,145598,42284,1469,10649,3,6,12
news-source-strategies,RQ4,E4-sensitivity-robustness,credibility_c5_window25,1015,CREDIBILITY_CAMOUFLAGE,TRADITIONAL_MEDIA,FAKE_NEWS_SOURCE,1.0,-1.0,,25.0,-1.0,1.0,5.0,1.0,COMPLETE,0.14236,0.12356,0.0078099999999999,0.0,0.14236,0.00781,1.0,0.12356,0.0,200000,28472,0.6525,268,258,261,265,267,1.0,0.14236,,151173,38800,1562,8465,3,6,12
news-source-strategies,RQ4,E4-sensitivity-robustness,control_c5_half0_33,1001,NONE,,,,,,-1.0,0.33,1.0,5.0,1.0,COMPLETE,0.10526,0.1243,0.01116,0.01126,0.10526,0.01116,1.0,0.1243,0.01126,200000,21052,0.6875,452,252,252,329,389,1.0,0.10526,,191104,3564,2232,3100,3,11,127
news-source-strategies,RQ4,E4-sensitivity-robustness,control_c5_half0_33,1002,NONE,,,,,,-1.0,0.33,1.0,5.0,1.0,COMPLETE,0.0818199999999999,0.04374,0.0084949999999999,0.00262,0.08182,0.008495,1.0,0.04374,0.00262,200000,16364,0.6875,425,264,275,311,341,1.0,0.0818199999999999,,192626,3137,1699,2538,3,8,152
news-source-strategies,RQ4,E4-sensitivity-robustness,control_c5_half0_33,1003,NONE,,,,,,-1.0,0.33,1.0,5.0,1.0,COMPLETE,0.107925,0.13006,0.01123,0.00964,0.107925,0.01123,1.0,0.13006,0.00964,200000,21585,0.66,455,202,252,334,384,1.0,0.107925,,190277,4532,2246,2945,7,38,131
news-source-strategies,RQ4,E4-sensitivity-robustness,control_c5_half0_33,1004,NONE,,,,,,-1.0,0.33,1.0,5.0,1.0,COMPLETE,0.12174,0.06578,0.015715,0.00538,0.12174,0.015715,1.0,0.06578,0.00538,200000,24348,0.6775,490,267,278,396,467,1.0,0.12174,,186843,5540,3143,4474,3,13,89
news-source-strategies,RQ4,E4-sensitivity-robustness,control_c5_half0_33,1005,NONE,,,,,,-1.0,0.33,1.0,5.0,1.0,COMPLETE,0.131575,0.1216,0.015335,0.01264,0.131575,0.015335,1.0,0.1216,0.01264,200000,26315,0.65,480,344,371,409,421,1.0,0.131575,,186839,5615,3067,4479,3,9,35
news-source-strategies,RQ4,E4-sensitivity-robustness,control_c5_half0_33,1006,NONE,,,,,,-1.0,0.33,1.0,5.0,1.0,COMPLETE,0.1061599999999999,0.0788199999999999,0.01337,0.0085,0.10616,0.01337,1.0,0.07882,0.0085,200000,21232,0.6675,478,351,385,426,444,1.0,0.1061599999999999,,186884,4016,2674,6426,8,13,34
news-source-strategies,RQ4,E4-sensitivity-robustness,control_c5_half0_33,1007,NONE,,,,,,-1.0,0.33,1.0,5.0,1.0,COMPLETE,0.1485749999999999,0.05736,0.025145,0.0059,0.148575,0.025145,1.0,0.05736,0.0059,200000,29715,0.6975,499,377,462,489,495,1.0,0.1485749999999999,,168057,19746,5029,7168,4,10,25
news-source-strategies,RQ4,E4-sensitivity-robustness,control_c5_half0_33,1008,NONE,,,,,,-1.0,0.33,1.0,5.0,1.0,COMPLETE,0.1240849999999999,0.11724,0.015875,0.01206,0.124085,0.015875,1.0,0.11724,0.01206,200000,24817,0.6625,488,360,397,411,455,1.0,0.1240849999999999,,186705,5583,3175,4537,3,8,33
news-source-strategies,RQ4,E4-sensitivity-robustness,control_c5_half0_33,1009,NONE,,,,,,-1.0,0.33,1.0,5.0,1.0,COMPLETE,0.15888,0.0776599999999999,0.026355,0.01194,0.15888,0.026355,1.0,0.07766,0.01194,200000,31776,0.6775,499,280,310,469,484,1.0,0.15888,,150729,37150,5271,6850,3,17,70
news-source-strategies,RQ4,E4-sensitivity-robustness,control_c5_half0_33,1010,NONE,,,,,,-1.0,0.33,1.0,5.0,1.0,COMPLETE,0.15375,0.07576,0.0264849999999999,0.0040199999999999,0.15375,0.026485,1.0,0.07576,0.00402,200000,30750,0.64,497,320,353,451,497,1.0,0.15375,,114359,72960,5297,7384,4,9,67
news-source-strategies,RQ4,E4-sensitivity-robustness,control_c5_half0_33,1011,NONE,,,,,,-1.0,0.33,1.0,5.0,1.0,COMPLETE,0.08911,0.0547999999999999,0.00922,0.00282,0.08911,0.00922,1.0,0.0548,0.00282,200000,17822,0.695,426,235,252,340,368,1.0,0.08911,,192359,3004,1844,2793,3,11,78
news-source-strategies,RQ4,E4-sensitivity-robustness,control_c5_half0_33,1012,NONE,,,,,,-1.0,0.33,1.0,5.0,1.0,COMPLETE,0.12685,0.14018,0.01298,0.0134399999999999,0.12685,0.01298,1.0,0.14018,0.01344,200000,25370,0.64,467,249,279,334,398,1.0,0.12685,,186774,4347,2596,6283,9,17,142
news-source-strategies,RQ4,E4-sensitivity-robustness,control_c5_half0_33,1013,NONE,,,,,,-1.0,0.33,1.0,5.0,1.0,COMPLETE,0.08813,0.08674,0.00831,0.00708,0.08813,0.00831,1.0,0.08674,0.00708,200000,17626,0.6725,412,163,205,278,357,1.0,0.08813,,192870,3135,1662,2333,4,74,128
news-source-strategies,RQ4,E4-sensitivity-robustness,control_c5_half0_33,1014,NONE,,,,,,-1.0,0.33,1.0,5.0,1.0,COMPLETE,0.114545,0.0533,0.0116899999999999,0.0028399999999999,0.114545,0.01169,1.0,0.0533,0.00284,200000,22909,0.7075,457,275,306,326,392,1.0,0.114545,,189667,4425,2338,3570,3,13,148
news-source-strategies,RQ4,E4-sensitivity-robustness,control_c5_half0_33,1015,NONE,,,,,,-1.0,0.33,1.0,5.0,1.0,COMPLETE,0.12946,0.1321999999999999,0.01469,0.01062,0.12946,0.01469,1.0,0.1322,0.01062,200000,25892,0.6525,484,163,171,284,462,1.0,0.12946,,187496,5689,2938,3877,11,74,123
news-source-strategies,RQ4,E4-sensitivity-robustness,credibility_c5_half0_33,1001,CREDIBILITY_CAMOUFLAGE,TRADITIONAL_MEDIA,FAKE_NEWS_SOURCE,1.0,-1.0,,-1.0,0.33,1.0,5.0,1.0,COMPLETE,0.105265,0.1248799999999999,0.0116199999999999,0.01208,0.105265,0.01162,1.0,0.12488,0.01208,200000,21053,0.6875,459,262,263,345,404,1.0,0.105265,,191275,3437,2324,2964,3,11,98
news-source-strategies,RQ4,E4-sensitivity-robustness,credibility_c5_half0_33,1002,CREDIBILITY_CAMOUFLAGE,TRADITIONAL_MEDIA,FAKE_NEWS_SOURCE,1.0,-1.0,,-1.0,0.33,1.0,5.0,1.0,COMPLETE,0.081615,0.0437,0.008605,0.00276,0.081615,0.008605,1.0,0.0437,0.00276,200000,16323,0.6875,432,272,283,318,348,1.0,0.081615,,192966,2842,1721,2471,3,8,152
news-source-strategies,RQ4,E4-sensitivity-robustness,credibility_c5_half0_33,1003,CREDIBILITY_CAMOUFLAGE,TRADITIONAL_MEDIA,FAKE_NEWS_SOURCE,1.0,-1.0,,-1.0,0.33,1.0,5.0,1.0,COMPLETE,0.10817,0.13066,0.01202,0.01076,0.10817,0.01202,1.0,0.13066,0.01076,200000,21634,0.66,459,208,269,346,393,1.0,0.10817,,190129,4536,2404,2931,7,38,98
news-source-strategies,RQ4,E4-sensitivity-robustness,credibility_c5_half0_33,1004,CREDIBILITY_CAMOUFLAGE,TRADITIONAL_MEDIA,FAKE_NEWS_SOURCE,1.0,-1.0,,-1.0,0.33,1.0,5.0,1.0,COMPLETE,0.1219249999999999,0.06516,0.01669,0.00508,0.121925,0.01669,1.0,0.06516,0.00508,200000,24385,0.6775,494,281,292,410,473,1.0,0.1219249999999999,,186817,5432,3338,4413,3,11,89
news-source-strategies,RQ4,E4-sensitivity-robustness,credibility_c5_half0_33,1005,CREDIBILITY_CAMOUFLAGE,TRADITIONAL_MEDIA,FAKE_NEWS_SOURCE,1.0,-1.0,,-1.0,0.33,1.0,5.0,1.0,COMPLETE,0.1316999999999999,0.12212,0.0160599999999999,0.01396,0.1317,0.01606,1.0,0.12212,0.01396,200000,26340,0.65,479,344,375,419,430,1.0,0.1316999999999999,,187145,5338,3212,4305,3,9,36
news-source-strategies,RQ4,E4-sensitivity-robustness,credibility_c5_half0_33,1006,CREDIBILITY_CAMOUFLAGE,TRADITIONAL_MEDIA,FAKE_NEWS_SOURCE,1.0,-1.0,,-1.0,0.33,1.0,5.0,1.0,COMPLETE,0.106815,0.07904,0.01441,0.00826,0.106815,0.01441,1.0,0.07904,0.00826,200000,21363,0.6675,479,363,403,444,459,1.0,0.106815,,186678,4014,2882,6426,8,13,24
news-source-strategies,RQ4,E4-sensitivity-robustness,credibility_c5_half0_33,1007,CREDIBILITY_CAMOUFLAGE,TRADITIONAL_MEDIA,FAKE_NEWS_SOURCE,1.0,-1.0,,-1.0,0.33,1.0,5.0,1.0,COMPLETE,0.14661,0.05678,0.025715,0.00566,0.14661,0.025715,1.0,0.05678,0.00566,200000,29322,0.6975,499,397,476,492,497,1.0,0.14661,,170183,18048,5143,6626,4,9,18
news-source-strategies,RQ4,E4-sensitivity-robustness,credibility_c5_half0_33,1008,CREDIBILITY_CAMOUFLAGE,TRADITIONAL_MEDIA,FAKE_NEWS_SOURCE,1.0,-1.0,,-1.0,0.33,1.0,5.0,1.0,COMPLETE,0.12403,0.11664,0.016545,0.01312,0.12403,0.016545,1.0,0.11664,0.01312,200000,24806,0.6625,496,370,416,432,470,1.0,0.12403,,187305,5068,3309,4318,3,8,26
news-source-strategies,RQ4,E4-sensitivity-robustness,credibility_c5_half0_33,1009,CREDIBILITY_CAMOUFLAGE,TRADITIONAL_MEDIA,FAKE_NEWS_SOURCE,1.0,-1.0,,-1.0,0.33,1.0,5.0,1.0,COMPLETE,0.15887,0.07764,0.02717,0.01182,0.15887,0.02717,1.0,0.07764,0.01182,200000,31774,0.6775,499,285,315,478,489,1.0,0.15887,,150721,37253,5434,6592,3,16,70
news-source-strategies,RQ4,E4-sensitivity-robustness,credibility_c5_half0_33,1010,CREDIBILITY_CAMOUFLAGE,TRADITIONAL_MEDIA,FAKE_NEWS_SOURCE,1.0,-1.0,,-1.0,0.33,1.0,5.0,1.0,COMPLETE,0.157585,0.0758799999999999,0.030125,0.00424,0.157585,0.030125,1.0,0.07588,0.00424,200000,31517,0.64,499,328,359,466,499,1.0,0.157585,,113508,72772,6025,7695,4,9,62
news-source-strategies,RQ4,E4-sensitivity-robustness,credibility_c5_half0_33,1011,CREDIBILITY_CAMOUFLAGE,TRADITIONAL_MEDIA,FAKE_NEWS_SOURCE,1.0,-1.0,,-1.0,0.33,1.0,5.0,1.0,COMPLETE,0.08866,0.0546599999999999,0.008915,0.0028599999999999,0.08866,0.008915,1.0,0.05466,0.00286,200000,17732,0.695,426,238,256,341,368,1.0,0.08866,,192817,2803,1783,2597,3,11,78
news-source-strategies,RQ4,E4-sensitivity-robustness,credibility_c5_half0_33,1012,CREDIBILITY_CAMOUFLAGE,TRADITIONAL_MEDIA,FAKE_NEWS_SOURCE,1.0,-1.0,,-1.0,0.33,1.0,5.0,1.0,COMPLETE,0.127185,0.14074,0.0136999999999999,0.01428,0.127185,0.0137,1.0,0.14074,0.01428,200000,25437,0.64,473,253,280,339,406,1.0,0.127185,,186830,4230,2740,6200,9,17,120
news-source-strategies,RQ4,E4-sensitivity-robustness,credibility_c5_half0_33,1013,CREDIBILITY_CAMOUFLAGE,TRADITIONAL_MEDIA,FAKE_NEWS_SOURCE,1.0,-1.0,,-1.0,0.33,1.0,5.0,1.0,COMPLETE,0.08791,0.08666,0.008535,0.00752,0.08791,0.008535,1.0,0.08666,0.00752,200000,17582,0.6725,414,166,201,280,363,1.0,0.08791,,193128,2979,1707,2186,4,74,128
news-source-strategies,RQ4,E4-sensitivity-robustness,credibility_c5_half0_33,1014,CREDIBILITY_CAMOUFLAGE,TRADITIONAL_MEDIA,FAKE_NEWS_SOURCE,1.0,-1.0,,-1.0,0.33,1.0,5.0,1.0,COMPLETE,0.115185,0.0531,0.012695,0.00274,0.115185,0.012695,1.0,0.0531,0.00274,200000,23037,0.7075,466,293,325,345,405,1.0,0.115185,,189757,4211,2539,3493,3,11,129
news-source-strategies,RQ4,E4-sensitivity-robustness,credibility_c5_half0_33,1015,CREDIBILITY_CAMOUFLAGE,TRADITIONAL_MEDIA,FAKE_NEWS_SOURCE,1.0,-1.0,,-1.0,0.33,1.0,5.0,1.0,COMPLETE,0.12988,0.1329199999999999,0.016,0.01168,0.12988,0.016,1.0,0.13292,0.01168,200000,25976,0.6525,486,169,177,294,466,1.0,0.12988,,187254,5729,3200,3817,11,73,121
news-source-strategies,RQ4,E4-sensitivity-robustness,control_c5_half1,1001,NONE,,,,,,-1.0,1.0,1.0,5.0,1.0,COMPLETE,0.09996,0.11006,0.0034049999999999,0.0,0.09996,0.003405,1.0,0.11006,0.0,200000,19992,0.6875,207,184,198,204,206,1.0,0.09996,,192170,4630,681,2519,2,4,12
news-source-strategies,RQ4,E4-sensitivity-robustness,control_c5_half1,1002,NONE,,,,,,-1.0,1.0,1.0,5.0,1.0,COMPLETE,0.080285,0.04,0.00359,0.0,0.080285,0.00359,1.0,0.04,0.0,200000,16057,0.6875,220,191,211,219,220,1.0,0.080285,,190642,5711,718,2929,2,4,12
news-source-strategies,RQ4,E4-sensitivity-robustness,control_c5_half1,1003,NONE,,,,,,-1.0,1.0,1.0,5.0,1.0,COMPLETE,0.099665,0.12,0.00327,0.0,0.099665,0.00327,1.0,0.12,0.0,200000,19933,0.66,204,153,190,204,204,1.0,0.099665,,189122,7604,654,2620,2,4,25
news-source-strategies,RQ4,E4-sensitivity-robustness,control_c5_half1,1004,NONE,,,,,,-1.0,1.0,1.0,5.0,1.0,COMPLETE,0.10943,0.06,0.002915,0.0,0.10943,0.002915,1.0,0.06,0.0,200000,21886,0.6775,186,174,183,186,186,1.0,0.10943,,191032,5634,583,2751,1,3,8
news-source-strategies,RQ4,E4-sensitivity-robustness,control_c5_half1,1005,NONE,,,,,,-1.0,1.0,1.0,5.0,1.0,COMPLETE,0.1249,0.11,0.00537,0.0,0.1249,0.00537,1.0,0.11,0.0,200000,24980,0.65,276,208,238,271,276,1.0,0.1249,,187253,8195,1074,3478,2,9,25
news-source-strategies,RQ4,E4-sensitivity-robustness,control_c5_half1,1006,NONE,,,,,,-1.0,1.0,1.0,5.0,1.0,COMPLETE,0.095815,0.07,0.003935,0.0,0.095815,0.003935,1.0,0.07,0.0,200000,19163,0.6675,235,191,218,233,235,1.0,0.095815,,190882,4618,787,3713,2,7,20
news-source-strategies,RQ4,E4-sensitivity-robustness,control_c5_half1,1007,NONE,,,,,,-1.0,1.0,1.0,5.0,1.0,COMPLETE,0.122715,0.05,0.00565,0.0,0.122715,0.00565,1.0,0.05,0.0,200000,24543,0.6975,297,218,270,295,297,1.0,0.122715,,185788,9654,1130,3428,2,10,28
news-source-strategies,RQ4,E4-sensitivity-robustness,control_c5_half1,1008,NONE,,,,,,-1.0,1.0,1.0,5.0,1.0,COMPLETE,0.112295,0.1,0.003345,0.0,0.112295,0.003345,1.0,0.1,0.0,200000,22459,0.6625,227,189,214,227,227,1.0,0.112295,,190132,6019,669,3180,2,4,15
news-source-strategies,RQ4,E4-sensitivity-robustness,control_c5_half1,1009,NONE,,,,,,-1.0,1.0,1.0,5.0,1.0,COMPLETE,0.13845,0.06,0.007395,0.0,0.13845,0.007395,1.0,0.06,0.0,200000,27690,0.6775,353,193,250,343,353,1.0,0.13845,,172060,22897,1479,3564,3,19,57
news-source-strategies,RQ4,E4-sensitivity-robustness,control_c5_half1,1010,NONE,,,,,,-1.0,1.0,1.0,5.0,1.0,COMPLETE,0.08879,0.07,0.00354,0.0,0.08879,0.00354,1.0,0.07,0.0,200000,17758,0.64,232,199,223,231,232,1.0,0.08879,,188899,7668,708,2725,2,4,19
news-source-strategies,RQ4,E4-sensitivity-robustness,control_c5_half1,1011,NONE,,,,,,-1.0,1.0,1.0,5.0,1.0,COMPLETE,0.0864,0.05,0.003585,0.0,0.0864,0.003585,1.0,0.05,0.0,200000,17280,0.695,195,158,181,191,195,1.0,0.0864,,191746,4607,717,2930,1,4,20
news-source-strategies,RQ4,E4-sensitivity-robustness,control_c5_half1,1012,NONE,,,,,,-1.0,1.0,1.0,5.0,1.0,COMPLETE,0.11788,0.13,0.003435,0.0,0.11788,0.003435,1.0,0.13,0.0,200000,23576,0.64,207,180,202,207,207,1.0,0.11788,,191552,4364,687,3397,2,4,14
news-source-strategies,RQ4,E4-sensitivity-robustness,control_c5_half1,1013,NONE,,,,,,-1.0,1.0,1.0,5.0,1.0,COMPLETE,0.08705,0.08,0.003255,0.0,0.08705,0.003255,1.0,0.08,0.0,200000,17410,0.6725,189,148,180,188,189,1.0,0.08705,,191025,5804,651,2520,2,3,22
news-source-strategies,RQ4,E4-sensitivity-robustness,control_c5_half1,1014,NONE,,,,,,-1.0,1.0,1.0,5.0,1.0,COMPLETE,0.1104899999999999,0.05,0.005215,0.0,0.11049,0.005215,1.0,0.05,0.0,200000,22098,0.7075,279,220,261,274,279,1.0,0.1104899999999999,,185933,9347,1043,3677,2,10,21
news-source-strategies,RQ4,E4-sensitivity-robustness,control_c5_half1,1015,NONE,,,,,,-1.0,1.0,1.0,5.0,1.0,COMPLETE,0.12433,0.12,0.004275,0.0,0.12433,0.004275,1.0,0.12,0.0,200000,24866,0.6525,239,193,213,232,239,1.0,0.12433,,189067,7580,855,2498,2,9,21
news-source-strategies,RQ4,E4-sensitivity-robustness,credibility_c5_half1,1001,CREDIBILITY_CAMOUFLAGE,TRADITIONAL_MEDIA,FAKE_NEWS_SOURCE,1.0,-1.0,,-1.0,1.0,1.0,5.0,1.0,COMPLETE,0.09963,0.11006,0.00369,0.0,0.09963,0.00369,1.0,0.11006,0.0,200000,19926,0.6875,206,181,198,204,206,1.0,0.09963,,192761,4084,738,2417,2,4,12
news-source-strategies,RQ4,E4-sensitivity-robustness,credibility_c5_half1,1002,CREDIBILITY_CAMOUFLAGE,TRADITIONAL_MEDIA,FAKE_NEWS_SOURCE,1.0,-1.0,,-1.0,1.0,1.0,5.0,1.0,COMPLETE,0.081175,0.04,0.00504,0.0,0.081175,0.00504,1.0,0.04,0.0,200000,16235,0.6875,239,199,224,236,239,1.0,0.081175,,190549,5526,1008,2917,2,4,15
news-source-strategies,RQ4,E4-sensitivity-robustness,credibility_c5_half1,1003,CREDIBILITY_CAMOUFLAGE,TRADITIONAL_MEDIA,FAKE_NEWS_SOURCE,1.0,-1.0,,-1.0,1.0,1.0,5.0,1.0,COMPLETE,0.100165,0.12,0.00437,0.0,0.100165,0.00437,1.0,0.12,0.0,200000,20033,0.66,217,158,196,216,217,1.0,0.100165,,188871,7607,874,2648,2,4,30
news-source-strategies,RQ4,E4-sensitivity-robustness,credibility_c5_half1,1004,CREDIBILITY_CAMOUFLAGE,TRADITIONAL_MEDIA,FAKE_NEWS_SOURCE,1.0,-1.0,,-1.0,1.0,1.0,5.0,1.0,COMPLETE,0.10979,0.06,0.00367,0.0,0.10979,0.00367,1.0,0.06,0.0,200000,21958,0.6775,199,184,196,199,199,1.0,0.10979,,191366,5233,734,2667,1,3,9
news-source-strategies,RQ4,E4-sensitivity-robustness,credibility_c5_half1,1005,CREDIBILITY_CAMOUFLAGE,TRADITIONAL_MEDIA,FAKE_NEWS_SOURCE,1.0,-1.0,,-1.0,1.0,1.0,5.0,1.0,COMPLETE,0.124935,0.11,0.00643,0.0,0.124935,0.00643,1.0,0.11,0.0,200000,24987,0.65,268,210,241,265,268,1.0,0.124935,,188037,7402,1286,3275,2,9,24
news-source-strategies,RQ4,E4-sensitivity-robustness,credibility_c5_half1,1006,CREDIBILITY_CAMOUFLAGE,TRADITIONAL_MEDIA,FAKE_NEWS_SOURCE,1.0,-1.0,,-1.0,1.0,1.0,5.0,1.0,COMPLETE,0.09658,0.07,0.00469,0.0,0.09658,0.00469,1.0,0.07,0.0,200000,19316,0.6675,238,189,224,237,238,1.0,0.09658,,190669,4712,938,3681,2,7,21
news-source-strategies,RQ4,E4-sensitivity-robustness,credibility_c5_half1,1007,CREDIBILITY_CAMOUFLAGE,TRADITIONAL_MEDIA,FAKE_NEWS_SOURCE,1.0,-1.0,,-1.0,1.0,1.0,5.0,1.0,COMPLETE,0.12323,0.05,0.00745,0.0,0.12323,0.00745,1.0,0.05,0.0,200000,24646,0.6975,300,218,278,299,300,1.0,0.12323,,186003,9229,1490,3278,2,10,28
news-source-strategies,RQ4,E4-sensitivity-robustness,credibility_c5_half1,1008,CREDIBILITY_CAMOUFLAGE,TRADITIONAL_MEDIA,FAKE_NEWS_SOURCE,1.0,-1.0,,-1.0,1.0,1.0,5.0,1.0,COMPLETE,0.1133,0.1,0.005205,0.0,0.1133,0.005205,1.0,0.1,0.0,200000,22660,0.6625,241,199,230,241,241,1.0,0.1133,,190044,5713,1041,3202,2,4,16
news-source-strategies,RQ4,E4-sensitivity-robustness,credibility_c5_half1,1009,CREDIBILITY_CAMOUFLAGE,TRADITIONAL_MEDIA,FAKE_NEWS_SOURCE,1.0,-1.0,,-1.0,1.0,1.0,5.0,1.0,COMPLETE,0.13823,0.06,0.009935,0.0,0.13823,0.009935,1.0,0.06,0.0,200000,27646,0.6775,346,199,245,342,346,1.0,0.13823,,174319,20161,1987,3533,3,18,57
news-source-strategies,RQ4,E4-sensitivity-robustness,credibility_c5_half1,1010,CREDIBILITY_CAMOUFLAGE,TRADITIONAL_MEDIA,FAKE_NEWS_SOURCE,1.0,-1.0,,-1.0,1.0,1.0,5.0,1.0,COMPLETE,0.090365,0.07,0.00495,0.0,0.090365,0.00495,1.0,0.07,0.0,200000,18073,0.64,259,215,245,257,259,1.0,0.090365,,187501,8680,990,2829,2,5,21
news-source-strategies,RQ4,E4-sensitivity-robustness,credibility_c5_half1,1011,CREDIBILITY_CAMOUFLAGE,TRADITIONAL_MEDIA,FAKE_NEWS_SOURCE,1.0,-1.0,,-1.0,1.0,1.0,5.0,1.0,COMPLETE,0.08666,0.05,0.00491,0.0,0.08666,0.00491,1.0,0.05,0.0,200000,17332,0.695,212,166,191,208,212,1.0,0.08666,,191951,4356,982,2711,2,5,24
news-source-strategies,RQ4,E4-sensitivity-robustness,credibility_c5_half1,1012,CREDIBILITY_CAMOUFLAGE,TRADITIONAL_MEDIA,FAKE_NEWS_SOURCE,1.0,-1.0,,-1.0,1.0,1.0,5.0,1.0,COMPLETE,0.11832,0.13,0.00389,0.0,0.11832,0.00389,1.0,0.13,0.0,200000,23664,0.64,226,187,213,225,226,1.0,0.11832,,191343,4505,778,3374,2,4,18
news-source-strategies,RQ4,E4-sensitivity-robustness,credibility_c5_half1,1013,CREDIBILITY_CAMOUFLAGE,TRADITIONAL_MEDIA,FAKE_NEWS_SOURCE,1.0,-1.0,,-1.0,1.0,1.0,5.0,1.0,COMPLETE,0.08743,0.08,0.00403,0.0,0.08743,0.00403,1.0,0.08,0.0,200000,17486,0.6725,203,153,188,202,203,1.0,0.08743,,190903,5793,806,2498,2,4,24
news-source-strategies,RQ4,E4-sensitivity-robustness,credibility_c5_half1,1014,CREDIBILITY_CAMOUFLAGE,TRADITIONAL_MEDIA,FAKE_NEWS_SOURCE,1.0,-1.0,,-1.0,1.0,1.0,5.0,1.0,COMPLETE,0.111145,0.05,0.00638,0.0,0.111145,0.00638,1.0,0.05,0.0,200000,22229,0.7075,286,230,271,284,286,1.0,0.111145,,186577,8653,1276,3494,2,11,21
news-source-strategies,RQ4,E4-sensitivity-robustness,credibility_c5_half1,1015,CREDIBILITY_CAMOUFLAGE,TRADITIONAL_MEDIA,FAKE_NEWS_SOURCE,1.0,-1.0,,-1.0,1.0,1.0,5.0,1.0,COMPLETE,0.12565,0.1201,0.006525,6e-05,0.12565,0.006525,1.0,0.1201,6e-05,200000,25130,0.6525,257,199,231,248,257,1.0,0.12565,,188534,7601,1305,2560,2,11,24
news-source-strategies,RQ4,E4-sensitivity-robustness,control_c5_half5,1001,NONE,,,,,,-1.0,5.0,1.0,5.0,1.0,COMPLETE,0.118185,0.1107399999999999,0.00408,4e-05,0.118185,0.00408,1.0,0.11074,4e-05,200000,23637,0.6875,247,232,234,240,245,1.0,0.118185,,175223,17494,816,6467,2,4,8
news-source-strategies,RQ4,E4-sensitivity-robustness,control_c5_half5,1002,NONE,,,,,,-1.0,5.0,1.0,5.0,1.0,COMPLETE,0.094345,0.04082,0.003,8e-05,0.094345,0.003,1.0,0.04082,8e-05,200000,18869,0.6875,208,203,207,207,208,1.0,0.094345,,174089,18127,600,7184,2,3,7
news-source-strategies,RQ4,E4-sensitivity-robustness,control_c5_half5,1003,NONE,,,,,,-1.0,5.0,1.0,5.0,1.0,COMPLETE,0.1145,0.12098,0.00309,4e-05,0.1145,0.00309,1.0,0.12098,4e-05,200000,22900,0.66,221,211,218,219,221,1.0,0.1145,,167877,25059,618,6446,2,4,8
news-source-strategies,RQ4,E4-sensitivity-robustness,control_c5_half5,1004,NONE,,,,,,-1.0,5.0,1.0,5.0,1.0,COMPLETE,0.123025,0.06146,0.003815,0.0003,0.123025,0.003815,1.0,0.06146,0.0003,200000,24605,0.6775,222,209,214,218,220,1.0,0.123025,,170031,21569,763,7637,2,4,8
news-source-strategies,RQ4,E4-sensitivity-robustness,control_c5_half5,1005,NONE,,,,,,-1.0,5.0,1.0,5.0,1.0,COMPLETE,0.13576,0.11056,0.00344,6e-05,0.13576,0.00344,1.0,0.11056,6e-05,200000,27152,0.65,214,199,205,208,213,1.0,0.13576,,171178,21832,688,6302,2,4,8
news-source-strategies,RQ4,E4-sensitivity-robustness,control_c5_half5,1006,NONE,,,,,,-1.0,5.0,1.0,5.0,1.0,COMPLETE,0.11329,0.07044,0.002675,2e-05,0.11329,0.002675,1.0,0.07044,2e-05,200000,22658,0.6675,225,209,219,222,225,1.0,0.11329,,171842,19061,535,8562,2,4,9
news-source-strategies,RQ4,E4-sensitivity-robustness,control_c5_half5,1007,NONE,,,,,,-1.0,5.0,1.0,5.0,1.0,COMPLETE,0.13315,0.0528999999999999,0.00418,0.00058,0.13315,0.00418,1.0,0.0529,0.00058,200000,26630,0.6975,235,221,228,232,233,1.0,0.13315,,164122,28128,836,6914,2,4,8
news-source-strategies,RQ4,E4-sensitivity-robustness,control_c5_half5,1008,NONE,,,,,,-1.0,5.0,1.0,5.0,1.0,COMPLETE,0.12454,0.10048,0.0034,0.00016,0.12454,0.0034,1.0,0.10048,0.00016,200000,24908,0.6625,236,223,232,235,236,1.0,0.12454,,170009,21932,680,7379,2,4,9
news-source-strategies,RQ4,E4-sensitivity-robustness,control_c5_half5,1009,NONE,,,,,,-1.0,5.0,1.0,5.0,1.0,COMPLETE,0.149865,0.06616,0.003655,0.0003,0.149865,0.003655,1.0,0.06616,0.0003,200000,29973,0.6775,230,212,223,225,229,1.0,0.149865,,154619,38121,731,6529,2,4,9
news-source-strategies,RQ4,E4-sensitivity-robustness,control_c5_half5,1010,NONE,,,,,,-1.0,5.0,1.0,5.0,1.0,COMPLETE,0.1092399999999999,0.07106,0.003745,0.0001199999999999,0.10924,0.003745,1.0,0.07106,0.00012,200000,21848,0.64,236,223,226,231,236,1.0,0.1092399999999999,,167028,24653,749,7570,2,4,7
news-source-strategies,RQ4,E4-sensitivity-robustness,control_c5_half5,1011,NONE,,,,,,-1.0,5.0,1.0,5.0,1.0,COMPLETE,0.096635,0.0511,0.00358,2e-05,0.096635,0.00358,1.0,0.0511,2e-05,200000,19327,0.695,231,214,224,229,231,1.0,0.096635,,177101,15623,716,6560,2,4,9
news-source-strategies,RQ4,E4-sensitivity-robustness,control_c5_half5,1012,NONE,,,,,,-1.0,5.0,1.0,5.0,1.0,COMPLETE,0.13175,0.13034,0.00316,0.00016,0.13175,0.00316,1.0,0.13034,0.00016,200000,26350,0.64,222,208,214,217,221,1.0,0.13175,,175453,16732,632,7183,2,4,8
news-source-strategies,RQ4,E4-sensitivity-robustness,control_c5_half5,1013,NONE,,,,,,-1.0,5.0,1.0,5.0,1.0,COMPLETE,0.099035,0.0819599999999999,0.00321,0.00026,0.099035,0.00321,1.0,0.08196,0.00026,200000,19807,0.6725,225,216,220,222,224,1.0,0.099035,,167219,26530,642,5609,2,4,8
news-source-strategies,RQ4,E4-sensitivity-robustness,control_c5_half5,1014,NONE,,,,,,-1.0,5.0,1.0,5.0,1.0,COMPLETE,0.122455,0.05232,0.00391,0.0003,0.122455,0.00391,1.0,0.05232,0.0003,200000,24491,0.7075,238,215,224,233,235,1.0,0.122455,,165927,25816,782,7475,2,4,9
news-source-strategies,RQ4,E4-sensitivity-robustness,control_c5_half5,1015,NONE,,,,,,-1.0,5.0,1.0,5.0,1.0,COMPLETE,0.133155,0.12156,0.003735,0.00028,0.133155,0.003735,1.0,0.12156,0.00028,200000,26631,0.6525,213,201,205,208,212,1.0,0.133155,,166548,26756,747,5949,2,5,9
news-source-strategies,RQ4,E4-sensitivity-robustness,credibility_c5_half5,1001,CREDIBILITY_CAMOUFLAGE,TRADITIONAL_MEDIA,FAKE_NEWS_SOURCE,1.0,-1.0,,-1.0,5.0,1.0,5.0,1.0,COMPLETE,0.11915,0.11092,0.00629,8e-05,0.11915,0.00629,1.0,0.11092,8e-05,200000,23830,0.6875,251,231,238,245,249,1.0,0.11915,,175035,17337,1258,6370,2,4,9
news-source-strategies,RQ4,E4-sensitivity-robustness,credibility_c5_half5,1002,CREDIBILITY_CAMOUFLAGE,TRADITIONAL_MEDIA,FAKE_NEWS_SOURCE,1.0,-1.0,,-1.0,5.0,1.0,5.0,1.0,COMPLETE,0.095055,0.04068,0.004875,0.0,0.095055,0.004875,1.0,0.04068,0.0,200000,19011,0.6875,214,203,211,212,214,1.0,0.095055,,174153,17975,975,6897,2,4,7
news-source-strategies,RQ4,E4-sensitivity-robustness,credibility_c5_half5,1003,CREDIBILITY_CAMOUFLAGE,TRADITIONAL_MEDIA,FAKE_NEWS_SOURCE,1.0,-1.0,,-1.0,5.0,1.0,5.0,1.0,COMPLETE,0.114725,0.12106,0.005385,0.0001199999999999,0.114725,0.005385,1.0,0.12106,0.00012,200000,22945,0.66,220,211,214,216,220,1.0,0.114725,,168580,23939,1077,6404,2,4,8
news-source-strategies,RQ4,E4-sensitivity-robustness,credibility_c5_half5,1004,CREDIBILITY_CAMOUFLAGE,TRADITIONAL_MEDIA,FAKE_NEWS_SOURCE,1.0,-1.0,,-1.0,5.0,1.0,5.0,1.0,COMPLETE,0.123465,0.0614399999999999,0.005605,0.00028,0.123465,0.005605,1.0,0.06144,0.00028,200000,24693,0.6775,224,210,215,219,222,1.0,0.123465,,169492,22244,1121,7143,2,4,8
news-source-strategies,RQ4,E4-sensitivity-robustness,credibility_c5_half5,1005,CREDIBILITY_CAMOUFLAGE,TRADITIONAL_MEDIA,FAKE_NEWS_SOURCE,1.0,-1.0,,-1.0,5.0,1.0,5.0,1.0,COMPLETE,0.138,0.11128,0.005265,0.00038,0.138,0.005265,1.0,0.11128,0.00038,200000,27600,0.65,219,197,203,207,214,1.0,0.138,,167923,24868,1053,6156,2,4,9
news-source-strategies,RQ4,E4-sensitivity-robustness,credibility_c5_half5,1006,CREDIBILITY_CAMOUFLAGE,TRADITIONAL_MEDIA,FAKE_NEWS_SOURCE,1.0,-1.0,,-1.0,5.0,1.0,5.0,1.0,COMPLETE,0.11397,0.07052,0.00385,2e-05,0.11397,0.00385,1.0,0.07052,2e-05,200000,22794,0.6675,222,208,216,220,222,1.0,0.11397,,171259,19541,770,8430,2,4,9
news-source-strategies,RQ4,E4-sensitivity-robustness,credibility_c5_half5,1007,CREDIBILITY_CAMOUFLAGE,TRADITIONAL_MEDIA,FAKE_NEWS_SOURCE,1.0,-1.0,,-1.0,5.0,1.0,5.0,1.0,COMPLETE,0.134235,0.0527199999999999,0.006855,0.00092,0.134235,0.006855,1.0,0.05272,0.00092,200000,26847,0.6975,247,223,231,238,244,1.0,0.134235,,164487,27457,1371,6685,2,4,9
news-source-strategies,RQ4,E4-sensitivity-robustness,credibility_c5_half5,1008,CREDIBILITY_CAMOUFLAGE,TRADITIONAL_MEDIA,FAKE_NEWS_SOURCE,1.0,-1.0,,-1.0,5.0,1.0,5.0,1.0,COMPLETE,0.125595,0.10076,0.0048,0.00034,0.125595,0.0048,1.0,0.10076,0.00034,200000,25119,0.6625,243,222,234,240,242,1.0,0.125595,,168830,22888,960,7322,2,4,10
news-source-strategies,RQ4,E4-sensitivity-robustness,credibility_c5_half5,1009,CREDIBILITY_CAMOUFLAGE,TRADITIONAL_MEDIA,FAKE_NEWS_SOURCE,1.0,-1.0,,-1.0,5.0,1.0,5.0,1.0,COMPLETE,0.1514,0.06672,0.00584,0.0003599999999999,0.1514,0.00584,1.0,0.06672,0.00036,200000,30280,0.6775,236,214,225,228,234,1.0,0.1514,,153908,38517,1168,6407,2,5,9
news-source-strategies,RQ4,E4-sensitivity-robustness,credibility_c5_half5,1010,CREDIBILITY_CAMOUFLAGE,TRADITIONAL_MEDIA,FAKE_NEWS_SOURCE,1.0,-1.0,,-1.0,5.0,1.0,5.0,1.0,COMPLETE,0.1101449999999999,0.07092,0.005905,0.0001,0.110145,0.005905,1.0,0.07092,0.0001,200000,22029,0.64,246,226,233,238,246,1.0,0.1101449999999999,,166187,25159,1181,7473,2,4,8
news-source-strategies,RQ4,E4-sensitivity-robustness,credibility_c5_half5,1011,CREDIBILITY_CAMOUFLAGE,TRADITIONAL_MEDIA,FAKE_NEWS_SOURCE,1.0,-1.0,,-1.0,5.0,1.0,5.0,1.0,COMPLETE,0.097205,0.05094,0.005345,8e-05,0.097205,0.005345,1.0,0.05094,8e-05,200000,19441,0.695,233,213,226,231,233,1.0,0.097205,,177244,15213,1069,6474,2,4,9
news-source-strategies,RQ4,E4-sensitivity-robustness,credibility_c5_half5,1012,CREDIBILITY_CAMOUFLAGE,TRADITIONAL_MEDIA,FAKE_NEWS_SOURCE,1.0,-1.0,,-1.0,5.0,1.0,5.0,1.0,COMPLETE,0.13237,0.13046,0.0042699999999999,0.00016,0.13237,0.00427,1.0,0.13046,0.00016,200000,26474,0.64,221,209,214,216,220,1.0,0.13237,,174819,17326,854,7001,2,4,8
news-source-strategies,RQ4,E4-sensitivity-robustness,credibility_c5_half5,1013,CREDIBILITY_CAMOUFLAGE,TRADITIONAL_MEDIA,FAKE_NEWS_SOURCE,1.0,-1.0,,-1.0,5.0,1.0,5.0,1.0,COMPLETE,0.100155,0.08204,0.005495,0.00046,0.100155,0.005495,1.0,0.08204,0.00046,200000,20031,0.6725,226,215,219,221,225,1.0,0.100155,,166603,26768,1099,5530,2,4,8
news-source-strategies,RQ4,E4-sensitivity-robustness,credibility_c5_half5,1014,CREDIBILITY_CAMOUFLAGE,TRADITIONAL_MEDIA,FAKE_NEWS_SOURCE,1.0,-1.0,,-1.0,5.0,1.0,5.0,1.0,COMPLETE,0.125245,0.05268,0.00642,0.00046,0.125245,0.00642,1.0,0.05268,0.00046,200000,25049,0.7075,239,212,219,230,236,1.0,0.125245,,162573,28430,1284,7713,2,4,9
news-source-strategies,RQ4,E4-sensitivity-robustness,credibility_c5_half5,1015,CREDIBILITY_CAMOUFLAGE,TRADITIONAL_MEDIA,FAKE_NEWS_SOURCE,1.0,-1.0,,-1.0,5.0,1.0,5.0,1.0,COMPLETE,0.13381,0.12146,0.005335,8e-05,0.13381,0.005335,1.0,0.12146,8e-05,200000,26762,0.6525,219,206,209,212,217,1.0,0.13381,,166142,27099,1067,5692,2,5,10
news-source-strategies,RQ4,E4-sensitivity-robustness,control_c10_window25,1001,NONE,,,,,,25.0,-1.0,1.0,10.0,1.0,COMPLETE,0.13972,0.14334,0.00394,0.0,0.13972,0.00394,1.0,0.14334,0.0,200000,27944,0.635,265,263,264,265,265,1.0,0.13972,,156518,33523,788,9171,2,5,10
news-source-strategies,RQ4,E4-sensitivity-robustness,control_c10_window25,1002,NONE,,,,,,25.0,-1.0,1.0,10.0,1.0,COMPLETE,0.117905,0.0642,0.00464,0.0,0.117905,0.00464,1.0,0.0642,0.0,200000,23581,0.645,272,269,271,271,272,1.0,0.117905,,158208,31534,928,9330,2,5,10
news-source-strategies,RQ4,E4-sensitivity-robustness,control_c10_window25,1003,NONE,,,,,,25.0,-1.0,1.0,10.0,1.0,COMPLETE,0.128275,0.1235999999999999,0.004795,0.0,0.128275,0.004795,1.0,0.1236,0.0,200000,25655,0.66,267,264,264,266,267,1.0,0.128275,,161249,27204,959,10588,3,5,11
news-source-strategies,RQ4,E4-sensitivity-robustness,control_c10_window25,1004,NONE,,,,,,25.0,-1.0,1.0,10.0,1.0,COMPLETE,0.090515,0.05876,0.004115,0.0,0.090515,0.004115,1.0,0.05876,0.0,200000,18103,0.6675,255,251,251,254,255,1.0,0.090515,,152829,37868,823,8480,2,5,11
news-source-strategies,RQ4,E4-sensitivity-robustness,control_c10_window25,1005,NONE,,,,,,25.0,-1.0,1.0,10.0,1.0,COMPLETE,0.141215,0.18308,0.00481,0.0,0.141215,0.00481,1.0,0.18308,0.0,200000,28243,0.66,275,272,273,273,275,1.0,0.141215,,161029,27734,962,10275,2,5,12
news-source-strategies,RQ4,E4-sensitivity-robustness,control_c10_window25,1006,NONE,,,,,,25.0,-1.0,1.0,10.0,1.0,COMPLETE,0.12147,0.0884,0.004915,0.0,0.12147,0.004915,1.0,0.0884,0.0,200000,24294,0.635,281,280,281,281,281,1.0,0.12147,,155201,34756,983,9060,2,5,10
news-source-strategies,RQ4,E4-sensitivity-robustness,control_c10_window25,1007,NONE,,,,,,25.0,-1.0,1.0,10.0,1.0,COMPLETE,0.09725,0.0528999999999999,0.00383,0.0,0.09725,0.00383,1.0,0.0529,0.0,200000,19450,0.6875,248,245,245,248,248,1.0,0.09725,,158948,31437,766,8849,2,5,11
news-source-strategies,RQ4,E4-sensitivity-robustness,control_c10_window25,1008,NONE,,,,,,25.0,-1.0,1.0,10.0,1.0,COMPLETE,0.120505,0.08438,0.004505,0.0,0.120505,0.004505,1.0,0.08438,0.0,200000,24101,0.6625,281,278,278,280,281,1.0,0.120505,,159442,29199,901,10458,2,5,11
news-source-strategies,RQ4,E4-sensitivity-robustness,control_c10_window25,1009,NONE,,,,,,25.0,-1.0,1.0,10.0,1.0,COMPLETE,0.12368,0.08214,0.00424,0.0,0.12368,0.00424,1.0,0.08214,0.0,200000,24736,0.6225,267,263,265,266,266,1.0,0.12368,,160929,27126,848,11097,2,5,11
news-source-strategies,RQ4,E4-sensitivity-robustness,control_c10_window25,1010,NONE,,,,,,25.0,-1.0,1.0,10.0,1.0,COMPLETE,0.13572,0.1519799999999999,0.004315,0.0,0.13572,0.004315,1.0,0.15198,0.0,200000,27144,0.67,266,260,263,265,266,1.0,0.13572,,158467,30637,863,10033,2,5,12
news-source-strategies,RQ4,E4-sensitivity-robustness,control_c10_window25,1011,NONE,,,,,,25.0,-1.0,1.0,10.0,1.0,COMPLETE,0.118625,0.10524,0.00414,0.0,0.118625,0.00414,1.0,0.10524,0.0,200000,23725,0.665,262,259,260,262,262,1.0,0.118625,,156119,31129,828,11924,2,6,11
news-source-strategies,RQ4,E4-sensitivity-robustness,control_c10_window25,1012,NONE,,,,,,25.0,-1.0,1.0,10.0,1.0,COMPLETE,0.148485,0.0911,0.00429,0.0,0.148485,0.00429,1.0,0.0911,0.0,200000,29697,0.6725,263,260,261,263,263,1.0,0.148485,,148395,40755,858,9992,2,6,14
news-source-strategies,RQ4,E4-sensitivity-robustness,control_c10_window25,1013,NONE,,,,,,25.0,-1.0,1.0,10.0,1.0,COMPLETE,0.113645,0.1119599999999999,0.00501,0.0,0.113645,0.00501,1.0,0.11196,0.0,200000,22729,0.6875,279,271,274,278,279,1.0,0.113645,,165434,23503,1002,10061,3,6,11
news-source-strategies,RQ4,E4-sensitivity-robustness,control_c10_window25,1014,NONE,,,,,,25.0,-1.0,1.0,10.0,1.0,COMPLETE,0.139275,0.09542,0.00463,0.0,0.139275,0.00463,1.0,0.09542,0.0,200000,27855,0.6125,266,265,266,266,266,1.0,0.139275,,158769,30838,926,9467,2,4,10
news-source-strategies,RQ4,E4-sensitivity-robustness,control_c10_window25,1015,NONE,,,,,,25.0,-1.0,1.0,10.0,1.0,COMPLETE,0.12887,0.08462,0.00423,0.0,0.12887,0.00423,1.0,0.08462,0.0,200000,25774,0.6825,256,251,253,254,256,1.0,0.12887,,159263,30706,846,9185,2,6,10
news-source-strategies,RQ4,E4-sensitivity-robustness,credibility_c10_window25,1001,CREDIBILITY_CAMOUFLAGE,TRADITIONAL_MEDIA,FAKE_NEWS_SOURCE,1.0,-1.0,,25.0,-1.0,1.0,10.0,1.0,COMPLETE,0.14078,0.14312,0.00622,0.0,0.14078,0.00622,1.0,0.14312,0.0,200000,28156,0.635,266,264,265,266,266,1.0,0.14078,,156561,33176,1244,9019,2,5,11
news-source-strategies,RQ4,E4-sensitivity-robustness,credibility_c10_window25,1002,CREDIBILITY_CAMOUFLAGE,TRADITIONAL_MEDIA,FAKE_NEWS_SOURCE,1.0,-1.0,,25.0,-1.0,1.0,10.0,1.0,COMPLETE,0.119635,0.06426,0.008565,8e-05,0.119635,0.008565,1.0,0.06426,8e-05,200000,23927,0.645,271,270,270,270,271,1.0,0.119635,,157674,31590,1713,9023,2,5,10
news-source-strategies,RQ4,E4-sensitivity-robustness,credibility_c10_window25,1003,CREDIBILITY_CAMOUFLAGE,TRADITIONAL_MEDIA,FAKE_NEWS_SOURCE,1.0,-1.0,,25.0,-1.0,1.0,10.0,1.0,COMPLETE,0.1299199999999999,0.1238,0.00752,0.0,0.12992,0.00752,1.0,0.1238,0.0,200000,25984,0.66,267,263,263,266,267,1.0,0.1299199999999999,,160283,27676,1504,10537,3,5,11
news-source-strategies,RQ4,E4-sensitivity-robustness,credibility_c10_window25,1004,CREDIBILITY_CAMOUFLAGE,TRADITIONAL_MEDIA,FAKE_NEWS_SOURCE,1.0,-1.0,,25.0,-1.0,1.0,10.0,1.0,COMPLETE,0.0911749999999999,0.0573,0.00677,0.0,0.091175,0.00677,1.0,0.0573,0.0,200000,18235,0.6675,255,253,253,254,255,1.0,0.0911749999999999,,154190,36002,1354,8454,2,5,11
news-source-strategies,RQ4,E4-sensitivity-robustness,credibility_c10_window25,1005,CREDIBILITY_CAMOUFLAGE,TRADITIONAL_MEDIA,FAKE_NEWS_SOURCE,1.0,-1.0,,25.0,-1.0,1.0,10.0,1.0,COMPLETE,0.142625,0.1829799999999999,0.0078099999999999,0.0,0.142625,0.00781,1.0,0.18298,0.0,200000,28525,0.66,274,271,272,272,274,1.0,0.142625,,160404,27931,1562,10103,2,5,12
news-source-strategies,RQ4,E4-sensitivity-robustness,credibility_c10_window25,1006,CREDIBILITY_CAMOUFLAGE,TRADITIONAL_MEDIA,FAKE_NEWS_SOURCE,1.0,-1.0,,25.0,-1.0,1.0,10.0,1.0,COMPLETE,0.122655,0.0888,0.007485,0.0,0.122655,0.007485,1.0,0.0888,0.0,200000,24531,0.635,281,280,281,281,281,1.0,0.122655,,154836,34751,1497,8916,2,5,11
news-source-strategies,RQ4,E4-sensitivity-robustness,credibility_c10_window25,1007,CREDIBILITY_CAMOUFLAGE,TRADITIONAL_MEDIA,FAKE_NEWS_SOURCE,1.0,-1.0,,25.0,-1.0,1.0,10.0,1.0,COMPLETE,0.09831,0.05328,0.005755,0.0,0.09831,0.005755,1.0,0.05328,0.0,200000,19662,0.6875,249,246,246,249,249,1.0,0.09831,,158511,31566,1151,8772,2,5,11
news-source-strategies,RQ4,E4-sensitivity-robustness,credibility_c10_window25,1008,CREDIBILITY_CAMOUFLAGE,TRADITIONAL_MEDIA,FAKE_NEWS_SOURCE,1.0,-1.0,,25.0,-1.0,1.0,10.0,1.0,COMPLETE,0.1224,0.08458,0.006825,0.0,0.1224,0.006825,1.0,0.08458,0.0,200000,24480,0.6625,279,278,278,279,279,1.0,0.1224,,158348,29861,1365,10426,2,5,11
news-source-strategies,RQ4,E4-sensitivity-robustness,credibility_c10_window25,1009,CREDIBILITY_CAMOUFLAGE,TRADITIONAL_MEDIA,FAKE_NEWS_SOURCE,1.0,-1.0,,25.0,-1.0,1.0,10.0,1.0,COMPLETE,0.12445,0.0820999999999999,0.00682,0.0,0.12445,0.00682,1.0,0.0821,0.0,200000,24890,0.6225,263,259,261,262,262,1.0,0.12445,,160788,26945,1364,10903,2,5,11
news-source-strategies,RQ4,E4-sensitivity-robustness,credibility_c10_window25,1010,CREDIBILITY_CAMOUFLAGE,TRADITIONAL_MEDIA,FAKE_NEWS_SOURCE,1.0,-1.0,,25.0,-1.0,1.0,10.0,1.0,COMPLETE,0.13697,0.15202,0.007245,0.0,0.13697,0.007245,1.0,0.15202,0.0,200000,27394,0.67,264,259,261,263,264,1.0,0.13697,,158877,29713,1449,9961,2,5,11
news-source-strategies,RQ4,E4-sensitivity-robustness,credibility_c10_window25,1011,CREDIBILITY_CAMOUFLAGE,TRADITIONAL_MEDIA,FAKE_NEWS_SOURCE,1.0,-1.0,,25.0,-1.0,1.0,10.0,1.0,COMPLETE,0.12018,0.1050799999999999,0.006665,0.0,0.12018,0.006665,1.0,0.10508,0.0,200000,24036,0.665,261,258,259,261,261,1.0,0.12018,,155343,31384,1333,11940,2,6,11
news-source-strategies,RQ4,E4-sensitivity-robustness,credibility_c10_window25,1012,CREDIBILITY_CAMOUFLAGE,TRADITIONAL_MEDIA,FAKE_NEWS_SOURCE,1.0,-1.0,,25.0,-1.0,1.0,10.0,1.0,COMPLETE,0.14922,0.0911599999999999,0.006835,0.0,0.14922,0.006835,1.0,0.09116,0.0,200000,29844,0.6725,262,258,259,262,262,1.0,0.14922,,148424,40397,1367,9812,2,6,13
news-source-strategies,RQ4,E4-sensitivity-robustness,credibility_c10_window25,1013,CREDIBILITY_CAMOUFLAGE,TRADITIONAL_MEDIA,FAKE_NEWS_SOURCE,1.0,-1.0,,25.0,-1.0,1.0,10.0,1.0,COMPLETE,0.11543,0.1118199999999999,0.00789,0.0,0.11543,0.00789,1.0,0.11182,0.0,200000,23086,0.6875,278,270,273,277,278,1.0,0.11543,,164887,23562,1578,9973,3,6,11
news-source-strategies,RQ4,E4-sensitivity-robustness,credibility_c10_window25,1014,CREDIBILITY_CAMOUFLAGE,TRADITIONAL_MEDIA,FAKE_NEWS_SOURCE,1.0,-1.0,,25.0,-1.0,1.0,10.0,1.0,COMPLETE,0.14055,0.09584,0.00748,0.0,0.14055,0.00748,1.0,0.09584,0.0,200000,28110,0.6125,264,264,264,264,264,1.0,0.14055,,158231,30916,1496,9357,2,4,10
news-source-strategies,RQ4,E4-sensitivity-robustness,credibility_c10_window25,1015,CREDIBILITY_CAMOUFLAGE,TRADITIONAL_MEDIA,FAKE_NEWS_SOURCE,1.0,-1.0,,25.0,-1.0,1.0,10.0,1.0,COMPLETE,0.129935,0.08458,0.00764,0.0,0.129935,0.00764,1.0,0.08458,0.0,200000,25987,0.6825,256,252,254,254,256,1.0,0.129935,,159603,29878,1528,8991,2,6,10
news-source-strategies,RQ4,E4-sensitivity-robustness,control_c10_half0_33,1001,NONE,,,,,,-1.0,0.33,1.0,10.0,1.0,COMPLETE,0.12351,0.16008,0.01857,0.02154,0.12351,0.01857,1.0,0.16008,0.02154,200000,24702,0.635,492,371,372,381,413,1.0,0.12351,,184277,7095,3714,4914,3,6,22
news-source-strategies,RQ4,E4-sensitivity-robustness,control_c10_half0_33,1002,NONE,,,,,,-1.0,0.33,1.0,10.0,1.0,COMPLETE,0.088285,0.07112,0.0097799999999999,0.00722,0.088285,0.00978,1.0,0.07112,0.00722,200000,17657,0.645,420,198,237,349,368,1.0,0.088285,,192383,3229,1956,2432,3,39,94
news-source-strategies,RQ4,E4-sensitivity-robustness,control_c10_half0_33,1003,NONE,,,,,,-1.0,0.33,1.0,10.0,1.0,COMPLETE,0.1059399999999999,0.13662,0.012865,0.0121,0.10594,0.012865,1.0,0.13662,0.0121,200000,21188,0.66,467,335,345,364,406,1.0,0.1059399999999999,,188787,4399,2573,4241,5,9,75
news-source-strategies,RQ4,E4-sensitivity-robustness,control_c10_half0_33,1004,NONE,,,,,,-1.0,0.33,1.0,10.0,1.0,COMPLETE,0.07271,0.05492,0.00796,0.0033,0.07271,0.00796,1.0,0.05492,0.0033,200000,14542,0.6675,408,240,297,350,375,1.0,0.07271,,192650,3358,1592,2400,3,8,52
news-source-strategies,RQ4,E4-sensitivity-robustness,control_c10_half0_33,1005,NONE,,,,,,-1.0,0.33,1.0,10.0,1.0,COMPLETE,0.12932,0.22518,0.016965,0.0377599999999999,0.12932,0.016965,1.0,0.22518,0.03776,200000,25864,0.66,487,266,290,306,363,1.0,0.12932,,185409,6678,3393,4520,4,21,231
news-source-strategies,RQ4,E4-sensitivity-robustness,control_c10_half0_33,1006,NONE,,,,,,-1.0,0.33,1.0,10.0,1.0,COMPLETE,0.124295,0.08738,0.020145,0.00556,0.124295,0.020145,1.0,0.08738,0.00556,200000,24859,0.635,493,352,451,488,490,1.0,0.124295,,163181,27786,4029,5004,8,13,27
news-source-strategies,RQ4,E4-sensitivity-robustness,control_c10_half0_33,1007,NONE,,,,,,-1.0,0.33,1.0,10.0,1.0,COMPLETE,0.07013,0.05484,0.00853,0.0028,0.07013,0.00853,1.0,0.05484,0.0028,200000,14026,0.6875,421,177,348,358,375,1.0,0.07013,,176369,19605,1706,2320,10,39,44
news-source-strategies,RQ4,E4-sensitivity-robustness,control_c10_half0_33,1008,NONE,,,,,,-1.0,0.33,1.0,10.0,1.0,COMPLETE,0.1059,0.0863,0.012635,0.0045,0.1059,0.012635,1.0,0.0863,0.0045,200000,21180,0.6625,468,368,388,424,440,1.0,0.1059,,188031,5768,2527,3674,3,9,16
news-source-strategies,RQ4,E4-sensitivity-robustness,control_c10_half0_33,1009,NONE,,,,,,-1.0,0.33,1.0,10.0,1.0,COMPLETE,0.10209,0.08688,0.01262,0.00464,0.10209,0.01262,1.0,0.08688,0.00464,200000,20418,0.6225,467,309,356,384,432,1.0,0.10209,,189244,4139,2524,4093,4,9,38
news-source-strategies,RQ4,E4-sensitivity-robustness,control_c10_half0_33,1010,NONE,,,,,,-1.0,0.33,1.0,10.0,1.0,COMPLETE,0.133425,0.18272,0.02285,0.04024,0.133425,0.02285,1.0,0.18272,0.04024,200000,26685,0.67,498,369,386,408,445,1.0,0.133425,,179317,9131,4570,6982,6,8,34
news-source-strategies,RQ4,E4-sensitivity-robustness,control_c10_half0_33,1011,NONE,,,,,,-1.0,0.33,1.0,10.0,1.0,COMPLETE,0.137595,0.1123,0.02184,0.0085,0.137595,0.02184,1.0,0.1123,0.0085,200000,27519,0.665,494,311,376,462,489,1.0,0.137595,,135204,53184,4368,7244,7,12,50
news-source-strategies,RQ4,E4-sensitivity-robustness,control_c10_half0_33,1012,NONE,,,,,,-1.0,0.33,1.0,10.0,1.0,COMPLETE,0.12561,0.08972,0.019325,0.00616,0.12561,0.019325,1.0,0.08972,0.00616,200000,25122,0.6725,497,383,414,424,466,1.0,0.12561,,176449,13980,3865,5706,4,7,24
news-source-strategies,RQ4,E4-sensitivity-robustness,control_c10_half0_33,1013,NONE,,,,,,-1.0,0.33,1.0,10.0,1.0,COMPLETE,0.090125,0.13434,0.01199,0.01678,0.090125,0.01199,1.0,0.13434,0.01678,200000,18025,0.6875,453,306,313,317,378,1.0,0.090125,,190331,4151,2398,3120,3,6,106
news-source-strategies,RQ4,E4-sensitivity-robustness,control_c10_half0_33,1014,NONE,,,,,,-1.0,0.33,1.0,10.0,1.0,COMPLETE,0.12577,0.10302,0.01448,0.01088,0.12577,0.01448,1.0,0.10302,0.01088,200000,25154,0.6125,466,174,234,272,399,1.0,0.12577,,188843,4456,2896,3805,4,45,155
news-source-strategies,RQ4,E4-sensitivity-robustness,control_c10_half0_33,1015,NONE,,,,,,-1.0,0.33,1.0,10.0,1.0,COMPLETE,0.10482,0.08826,0.012185,0.00634,0.10482,0.012185,1.0,0.08826,0.00634,200000,20964,0.6825,464,226,246,299,391,1.0,0.10482,,189651,4754,2437,3158,7,27,169
news-source-strategies,RQ4,E4-sensitivity-robustness,credibility_c10_half0_33,1001,CREDIBILITY_CAMOUFLAGE,TRADITIONAL_MEDIA,FAKE_NEWS_SOURCE,1.0,-1.0,,-1.0,0.33,1.0,10.0,1.0,COMPLETE,0.122775,0.1589,0.019545,0.02204,0.122775,0.019545,1.0,0.1589,0.02204,200000,24555,0.635,491,394,397,404,428,1.0,0.122775,,184895,6587,3909,4609,3,6,18
news-source-strategies,RQ4,E4-sensitivity-robustness,credibility_c10_half0_33,1002,CREDIBILITY_CAMOUFLAGE,TRADITIONAL_MEDIA,FAKE_NEWS_SOURCE,1.0,-1.0,,-1.0,0.33,1.0,10.0,1.0,COMPLETE,0.089015,0.07166,0.01069,0.00794,0.089015,0.01069,1.0,0.07166,0.00794,200000,17803,0.645,439,199,239,373,396,1.0,0.089015,,191958,3367,2138,2537,3,48,93
news-source-strategies,RQ4,E4-sensitivity-robustness,credibility_c10_half0_33,1003,CREDIBILITY_CAMOUFLAGE,TRADITIONAL_MEDIA,FAKE_NEWS_SOURCE,1.0,-1.0,,-1.0,0.33,1.0,10.0,1.0,COMPLETE,0.10599,0.13762,0.01351,0.01358,0.10599,0.01351,1.0,0.13762,0.01358,200000,21198,0.66,470,347,356,374,411,1.0,0.10599,,188878,4263,2702,4157,5,9,44
news-source-strategies,RQ4,E4-sensitivity-robustness,credibility_c10_half0_33,1004,CREDIBILITY_CAMOUFLAGE,TRADITIONAL_MEDIA,FAKE_NEWS_SOURCE,1.0,-1.0,,-1.0,0.33,1.0,10.0,1.0,COMPLETE,0.07327,0.05504,0.00861,0.00348,0.07327,0.00861,1.0,0.05504,0.00348,200000,14654,0.6675,420,240,300,364,389,1.0,0.07327,,192343,3446,1722,2489,3,9,53
news-source-strategies,RQ4,E4-sensitivity-robustness,credibility_c10_half0_33,1005,CREDIBILITY_CAMOUFLAGE,TRADITIONAL_MEDIA,FAKE_NEWS_SOURCE,1.0,-1.0,,-1.0,0.33,1.0,10.0,1.0,COMPLETE,0.130555,0.23124,0.01907,0.04536,0.130555,0.01907,1.0,0.23124,0.04536,200000,26111,0.66,494,272,301,318,372,1.0,0.130555,,184829,6631,3814,4726,4,21,196
news-source-strategies,RQ4,E4-sensitivity-robustness,credibility_c10_half0_33,1006,CREDIBILITY_CAMOUFLAGE,TRADITIONAL_MEDIA,FAKE_NEWS_SOURCE,1.0,-1.0,,-1.0,0.33,1.0,10.0,1.0,COMPLETE,0.147435,0.08738,0.028875,0.00586,0.147435,0.028875,1.0,0.08738,0.00586,200000,29487,0.635,499,359,469,494,499,1.0,0.147435,,146741,40992,5775,6492,8,13,27
news-source-strategies,RQ4,E4-sensitivity-robustness,credibility_c10_half0_33,1007,CREDIBILITY_CAMOUFLAGE,TRADITIONAL_MEDIA,FAKE_NEWS_SOURCE,1.0,-1.0,,-1.0,0.33,1.0,10.0,1.0,COMPLETE,0.069615,0.0549399999999999,0.008725,0.00282,0.069615,0.008725,1.0,0.05494,0.00282,200000,13923,0.6875,423,167,345,363,376,1.0,0.069615,,176803,19226,1745,2226,10,39,47
news-source-strategies,RQ4,E4-sensitivity-robustness,credibility_c10_half0_33,1008,CREDIBILITY_CAMOUFLAGE,TRADITIONAL_MEDIA,FAKE_NEWS_SOURCE,1.0,-1.0,,-1.0,0.33,1.0,10.0,1.0,COMPLETE,0.107205,0.08644,0.014125,0.00508,0.107205,0.014125,1.0,0.08644,0.00508,200000,21441,0.6625,472,376,411,443,457,1.0,0.107205,,187709,5733,2825,3733,3,9,16
news-source-strategies,RQ4,E4-sensitivity-robustness,credibility_c10_half0_33,1009,CREDIBILITY_CAMOUFLAGE,TRADITIONAL_MEDIA,FAKE_NEWS_SOURCE,1.0,-1.0,,-1.0,0.33,1.0,10.0,1.0,COMPLETE,0.100875,0.08674,0.01174,0.0044599999999999,0.100875,0.01174,1.0,0.08674,0.00446,200000,20175,0.6225,466,303,337,370,429,1.0,0.100875,,190317,3637,2348,3698,4,8,76
news-source-strategies,RQ4,E4-sensitivity-robustness,credibility_c10_half0_33,1010,CREDIBILITY_CAMOUFLAGE,TRADITIONAL_MEDIA,FAKE_NEWS_SOURCE,1.0,-1.0,,-1.0,0.33,1.0,10.0,1.0,COMPLETE,0.13432,0.18478,0.02506,0.04514,0.13432,0.02506,1.0,0.18478,0.04514,200000,26864,0.67,500,386,402,423,457,1.0,0.13432,,179368,8684,5012,6936,6,8,21
news-source-strategies,RQ4,E4-sensitivity-robustness,credibility_c10_half0_33,1011,CREDIBILITY_CAMOUFLAGE,TRADITIONAL_MEDIA,FAKE_NEWS_SOURCE,1.0,-1.0,,-1.0,0.33,1.0,10.0,1.0,COMPLETE,0.116215,0.11034,0.017705,0.00842,0.116215,0.017705,1.0,0.11034,0.00842,200000,23243,0.665,492,325,408,466,475,1.0,0.116215,,166348,24075,3541,6036,7,12,31
news-source-strategies,RQ4,E4-sensitivity-robustness,credibility_c10_half0_33,1012,CREDIBILITY_CAMOUFLAGE,TRADITIONAL_MEDIA,FAKE_NEWS_SOURCE,1.0,-1.0,,-1.0,0.33,1.0,10.0,1.0,COMPLETE,0.125,0.0892999999999999,0.019895,0.00622,0.125,0.019895,1.0,0.0893,0.00622,200000,25000,0.6725,497,401,434,441,481,1.0,0.125,,177956,12694,3979,5371,4,7,23
news-source-strategies,RQ4,E4-sensitivity-robustness,credibility_c10_half0_33,1013,CREDIBILITY_CAMOUFLAGE,TRADITIONAL_MEDIA,FAKE_NEWS_SOURCE,1.0,-1.0,,-1.0,0.33,1.0,10.0,1.0,COMPLETE,0.09049,0.1376399999999999,0.01338,0.02168,0.09049,0.01338,1.0,0.13764,0.02168,200000,18098,0.6875,471,325,331,335,390,1.0,0.09049,,190077,4090,2676,3157,3,6,106
news-source-strategies,RQ4,E4-sensitivity-robustness,credibility_c10_half0_33,1014,CREDIBILITY_CAMOUFLAGE,TRADITIONAL_MEDIA,FAKE_NEWS_SOURCE,1.0,-1.0,,-1.0,0.33,1.0,10.0,1.0,COMPLETE,0.126195,0.10092,0.015515,0.0091799999999999,0.126195,0.015515,1.0,0.10092,0.00918,200000,25239,0.6125,468,175,247,290,416,1.0,0.126195,,188707,4544,3103,3646,4,36,152
news-source-strategies,RQ4,E4-sensitivity-robustness,credibility_c10_half0_33,1015,CREDIBILITY_CAMOUFLAGE,TRADITIONAL_MEDIA,FAKE_NEWS_SOURCE,1.0,-1.0,,-1.0,0.33,1.0,10.0,1.0,COMPLETE,0.10354,0.08872,0.0117799999999999,0.0070999999999999,0.10354,0.01178,1.0,0.08872,0.0071,200000,20708,0.6825,467,223,241,304,394,1.0,0.10354,,190580,4331,2356,2733,7,32,169
news-source-strategies,RQ4,E4-sensitivity-robustness,control_c10_half1,1001,NONE,,,,,,-1.0,1.0,1.0,10.0,1.0,COMPLETE,0.111595,0.14,0.00344,0.0,0.111595,0.00344,1.0,0.14,0.0,200000,22319,0.635,209,195,206,209,209,1.0,0.111595,,191376,5554,688,2382,2,4,12
news-source-strategies,RQ4,E4-sensitivity-robustness,control_c10_half1,1002,NONE,,,,,,-1.0,1.0,1.0,10.0,1.0,COMPLETE,0.085485,0.06,0.00319,0.0,0.085485,0.00319,1.0,0.06,0.0,200000,17097,0.645,213,197,205,213,213,1.0,0.085485,,192636,4572,638,2154,1,3,8
news-source-strategies,RQ4,E4-sensitivity-robustness,control_c10_half1,1003,NONE,,,,,,-1.0,1.0,1.0,10.0,1.0,COMPLETE,0.098785,0.12,0.004205,0.0,0.098785,0.004205,1.0,0.12,0.0,200000,19757,0.66,229,213,226,229,229,1.0,0.098785,,191505,4692,841,2962,2,5,11
news-source-strategies,RQ4,E4-sensitivity-robustness,control_c10_half1,1004,NONE,,,,,,-1.0,1.0,1.0,10.0,1.0,COMPLETE,0.0691949999999999,0.05,0.00299,0.0,0.069195,0.00299,1.0,0.05,0.0,200000,13839,0.6675,188,168,184,188,188,1.0,0.0691949999999999,,192369,4975,598,2058,2,3,11
news-source-strategies,RQ4,E4-sensitivity-robustness,control_c10_half1,1005,NONE,,,,,,-1.0,1.0,1.0,10.0,1.0,COMPLETE,0.11692,0.18,0.003515,0.0,0.11692,0.003515,1.0,0.18,0.0,200000,23384,0.66,215,193,213,215,215,1.0,0.11692,,191584,4959,703,2754,2,5,12
news-source-strategies,RQ4,E4-sensitivity-robustness,control_c10_half1,1006,NONE,,,,,,-1.0,1.0,1.0,10.0,1.0,COMPLETE,0.09788,0.08,0.00416,0.0,0.09788,0.00416,1.0,0.08,0.0,200000,19576,0.635,225,189,215,224,225,1.0,0.09788,,188157,8550,832,2461,2,5,17
news-source-strategies,RQ4,E4-sensitivity-robustness,control_c10_half1,1007,NONE,,,,,,-1.0,1.0,1.0,10.0,1.0,COMPLETE,0.053765,0.05,0.00308,0.0,0.053765,0.00308,1.0,0.05,0.0,200000,10753,0.6875,208,179,202,208,208,1.0,0.053765,,190418,6488,616,2478,2,4,12
news-source-strategies,RQ4,E4-sensitivity-robustness,control_c10_half1,1008,NONE,,,,,,-1.0,1.0,1.0,10.0,1.0,COMPLETE,0.09661,0.08,0.004055,0.0,0.09661,0.004055,1.0,0.08,0.0,200000,19322,0.6625,222,191,208,220,222,1.0,0.09661,,192085,4533,811,2571,2,4,12
news-source-strategies,RQ4,E4-sensitivity-robustness,control_c10_half1,1009,NONE,,,,,,-1.0,1.0,1.0,10.0,1.0,COMPLETE,0.09531,0.08,0.00403,0.0,0.09531,0.00403,1.0,0.08,0.0,200000,19062,0.6225,244,201,238,242,244,1.0,0.09531,,190934,5422,806,2838,2,5,17
news-source-strategies,RQ4,E4-sensitivity-robustness,control_c10_half1,1010,NONE,,,,,,-1.0,1.0,1.0,10.0,1.0,COMPLETE,0.117515,0.15,0.003965,0.0,0.117515,0.003965,1.0,0.15,0.0,200000,23503,0.67,224,198,222,224,224,1.0,0.117515,,191450,4568,793,3189,2,5,15
news-source-strategies,RQ4,E4-sensitivity-robustness,control_c10_half1,1011,NONE,,,,,,-1.0,1.0,1.0,10.0,1.0,COMPLETE,0.0974449999999999,0.1,0.004375,0.0,0.097445,0.004375,1.0,0.1,0.0,200000,19489,0.665,222,171,209,219,222,1.0,0.0974449999999999,,189096,6810,875,3219,2,6,21
news-source-strategies,RQ4,E4-sensitivity-robustness,control_c10_half1,1012,NONE,,,,,,-1.0,1.0,1.0,10.0,1.0,COMPLETE,0.111075,0.08,0.00436,0.0,0.111075,0.00436,1.0,0.08,0.0,200000,22215,0.6725,241,210,227,237,241,1.0,0.111075,,185346,10646,872,3136,2,6,16
news-source-strategies,RQ4,E4-sensitivity-robustness,control_c10_half1,1013,NONE,,,,,,-1.0,1.0,1.0,10.0,1.0,COMPLETE,0.0839449999999999,0.11,0.00335,0.0,0.083945,0.00335,1.0,0.11,0.0,200000,16789,0.6875,191,184,188,191,191,1.0,0.0839449999999999,,193200,3416,670,2714,2,4,10
news-source-strategies,RQ4,E4-sensitivity-robustness,control_c10_half1,1014,NONE,,,,,,-1.0,1.0,1.0,10.0,1.0,COMPLETE,0.11622,0.09,0.00308,0.0,0.11622,0.00308,1.0,0.09,0.0,200000,23244,0.6125,184,167,179,180,184,1.0,0.11622,,193022,3924,616,2438,2,3,8
news-source-strategies,RQ4,E4-sensitivity-robustness,control_c10_half1,1015,NONE,,,,,,-1.0,1.0,1.0,10.0,1.0,COMPLETE,0.10098,0.08,0.0046749999999999,0.0,0.10098,0.004675,1.0,0.08,0.0,200000,20196,0.6825,251,204,239,250,251,1.0,0.10098,,190388,5955,935,2722,2,9,24
news-source-strategies,RQ4,E4-sensitivity-robustness,credibility_c10_half1,1001,CREDIBILITY_CAMOUFLAGE,TRADITIONAL_MEDIA,FAKE_NEWS_SOURCE,1.0,-1.0,,-1.0,1.0,1.0,10.0,1.0,COMPLETE,0.11137,0.14,0.004125,0.0,0.11137,0.004125,1.0,0.14,0.0,200000,22274,0.635,207,192,203,207,207,1.0,0.11137,,192029,4921,825,2225,2,4,11
news-source-strategies,RQ4,E4-sensitivity-robustness,credibility_c10_half1,1002,CREDIBILITY_CAMOUFLAGE,TRADITIONAL_MEDIA,FAKE_NEWS_SOURCE,1.0,-1.0,,-1.0,1.0,1.0,10.0,1.0,COMPLETE,0.08591,0.06,0.004285,0.0,0.08591,0.004285,1.0,0.06,0.0,200000,17182,0.645,224,204,211,223,224,1.0,0.08591,,193007,4079,857,2057,2,3,12
news-source-strategies,RQ4,E4-sensitivity-robustness,credibility_c10_half1,1003,CREDIBILITY_CAMOUFLAGE,TRADITIONAL_MEDIA,FAKE_NEWS_SOURCE,1.0,-1.0,,-1.0,1.0,1.0,10.0,1.0,COMPLETE,0.0995,0.12,0.005265,0.0,0.0995,0.005265,1.0,0.12,0.0,200000,19900,0.66,249,226,245,248,249,1.0,0.0995,,191323,4680,1053,2944,2,6,12
news-source-strategies,RQ4,E4-sensitivity-robustness,credibility_c10_half1,1004,CREDIBILITY_CAMOUFLAGE,TRADITIONAL_MEDIA,FAKE_NEWS_SOURCE,1.0,-1.0,,-1.0,1.0,1.0,10.0,1.0,COMPLETE,0.06944,0.05,0.003665,0.0,0.06944,0.003665,1.0,0.05,0.0,200000,13888,0.6675,191,171,186,191,191,1.0,0.06944,,192523,4819,733,1925,2,3,11
news-source-strategies,RQ4,E4-sensitivity-robustness,credibility_c10_half1,1005,CREDIBILITY_CAMOUFLAGE,TRADITIONAL_MEDIA,FAKE_NEWS_SOURCE,1.0,-1.0,,-1.0,1.0,1.0,10.0,1.0,COMPLETE,0.116745,0.18,0.00422,0.0,0.116745,0.00422,1.0,0.18,0.0,200000,23349,0.66,215,197,214,215,215,1.0,0.116745,,191950,4637,844,2569,2,5,12
news-source-strategies,RQ4,E4-sensitivity-robustness,credibility_c10_half1,1006,CREDIBILITY_CAMOUFLAGE,TRADITIONAL_MEDIA,FAKE_NEWS_SOURCE,1.0,-1.0,,-1.0,1.0,1.0,10.0,1.0,COMPLETE,0.098875,0.08,0.00539,0.0,0.098875,0.00539,1.0,0.08,0.0,200000,19775,0.635,242,198,229,241,242,1.0,0.098875,,187646,8898,1078,2378,2,6,20
news-source-strategies,RQ4,E4-sensitivity-robustness,credibility_c10_half1,1007,CREDIBILITY_CAMOUFLAGE,TRADITIONAL_MEDIA,FAKE_NEWS_SOURCE,1.0,-1.0,,-1.0,1.0,1.0,10.0,1.0,COMPLETE,0.05373,0.05,0.0038599999999999,0.0,0.05373,0.00386,1.0,0.05,0.0,200000,10746,0.6875,205,177,199,205,205,1.0,0.05373,,190710,6077,772,2441,2,4,12
news-source-strategies,RQ4,E4-sensitivity-robustness,credibility_c10_half1,1008,CREDIBILITY_CAMOUFLAGE,TRADITIONAL_MEDIA,FAKE_NEWS_SOURCE,1.0,-1.0,,-1.0,1.0,1.0,10.0,1.0,COMPLETE,0.096745,0.08,0.00483,0.0,0.096745,0.00483,1.0,0.08,0.0,200000,19349,0.6625,219,195,213,219,219,1.0,0.096745,,192628,4021,966,2385,2,4,11
news-source-strategies,RQ4,E4-sensitivity-robustness,credibility_c10_half1,1009,CREDIBILITY_CAMOUFLAGE,TRADITIONAL_MEDIA,FAKE_NEWS_SOURCE,1.0,-1.0,,-1.0,1.0,1.0,10.0,1.0,COMPLETE,0.095785,0.08,0.005325,0.0,0.095785,0.005325,1.0,0.08,0.0,200000,19157,0.6225,243,199,235,242,243,1.0,0.095785,,190757,5455,1065,2723,2,5,17
news-source-strategies,RQ4,E4-sensitivity-robustness,credibility_c10_half1,1010,CREDIBILITY_CAMOUFLAGE,TRADITIONAL_MEDIA,FAKE_NEWS_SOURCE,1.0,-1.0,,-1.0,1.0,1.0,10.0,1.0,COMPLETE,0.11814,0.15,0.005365,0.0,0.11814,0.005365,1.0,0.15,0.0,200000,23628,0.67,234,200,230,233,234,1.0,0.11814,,191213,4672,1073,3042,2,5,18
news-source-strategies,RQ4,E4-sensitivity-robustness,credibility_c10_half1,1011,CREDIBILITY_CAMOUFLAGE,TRADITIONAL_MEDIA,FAKE_NEWS_SOURCE,1.0,-1.0,,-1.0,1.0,1.0,10.0,1.0,COMPLETE,0.09775,0.1,0.00544,0.0,0.09775,0.00544,1.0,0.1,0.0,200000,19550,0.665,222,168,207,219,222,1.0,0.09775,,189872,6057,1088,2983,2,6,25
news-source-strategies,RQ4,E4-sensitivity-robustness,credibility_c10_half1,1012,CREDIBILITY_CAMOUFLAGE,TRADITIONAL_MEDIA,FAKE_NEWS_SOURCE,1.0,-1.0,,-1.0,1.0,1.0,10.0,1.0,COMPLETE,0.111165,0.08,0.00537,0.0,0.111165,0.00537,1.0,0.08,0.0,200000,22233,0.6725,245,211,234,243,245,1.0,0.111165,,185429,10516,1074,2981,2,6,17
news-source-strategies,RQ4,E4-sensitivity-robustness,credibility_c10_half1,1013,CREDIBILITY_CAMOUFLAGE,TRADITIONAL_MEDIA,FAKE_NEWS_SOURCE,1.0,-1.0,,-1.0,1.0,1.0,10.0,1.0,COMPLETE,0.08445,0.11,0.004105,0.0,0.08445,0.004105,1.0,0.11,0.0,200000,16890,0.6875,201,186,198,201,201,1.0,0.08445,,192937,3466,821,2776,2,4,12
news-source-strategies,RQ4,E4-sensitivity-robustness,credibility_c10_half1,1014,CREDIBILITY_CAMOUFLAGE,TRADITIONAL_MEDIA,FAKE_NEWS_SOURCE,1.0,-1.0,,-1.0,1.0,1.0,10.0,1.0,COMPLETE,0.11644,0.09,0.003735,0.0,0.11644,0.003735,1.0,0.09,0.0,200000,23288,0.6125,179,164,177,179,179,1.0,0.11644,,193218,3837,747,2198,2,3,6
news-source-strategies,RQ4,E4-sensitivity-robustness,credibility_c10_half1,1015,CREDIBILITY_CAMOUFLAGE,TRADITIONAL_MEDIA,FAKE_NEWS_SOURCE,1.0,-1.0,,-1.0,1.0,1.0,10.0,1.0,COMPLETE,0.101765,0.08,0.005925,0.0,0.101765,0.005925,1.0,0.08,0.0,200000,20353,0.6825,269,210,248,266,269,1.0,0.101765,,190156,6028,1185,2631,3,9,24
news-source-strategies,RQ4,E4-sensitivity-robustness,control_c10_half5,1001,NONE,,,,,,-1.0,5.0,1.0,10.0,1.0,COMPLETE,0.12558,0.14042,0.00299,4e-05,0.12558,0.00299,1.0,0.14042,4e-05,200000,25116,0.635,229,225,228,228,229,1.0,0.12558,,174667,18555,598,6180,2,4,7
news-source-strategies,RQ4,E4-sensitivity-robustness,control_c10_half5,1002,NONE,,,,,,-1.0,5.0,1.0,10.0,1.0,COMPLETE,0.101535,0.06082,0.00318,0.00022,0.101535,0.00318,1.0,0.06082,0.00022,200000,20307,0.645,227,218,224,225,227,1.0,0.101535,,175644,17489,636,6231,2,3,8
news-source-strategies,RQ4,E4-sensitivity-robustness,control_c10_half5,1003,NONE,,,,,,-1.0,5.0,1.0,10.0,1.0,COMPLETE,0.112185,0.12066,0.00319,0.0,0.112185,0.00319,1.0,0.12066,0.0,200000,22437,0.66,213,204,208,210,213,1.0,0.112185,,178012,14562,638,6788,2,4,9
news-source-strategies,RQ4,E4-sensitivity-robustness,control_c10_half5,1004,NONE,,,,,,-1.0,5.0,1.0,10.0,1.0,COMPLETE,0.076605,0.05108,0.003365,0.0003,0.076605,0.003365,1.0,0.05108,0.0003,200000,15321,0.6675,219,215,217,217,219,1.0,0.076605,,175321,18861,673,5145,2,4,7
news-source-strategies,RQ4,E4-sensitivity-robustness,control_c10_half5,1005,NONE,,,,,,-1.0,5.0,1.0,10.0,1.0,COMPLETE,0.12858,0.18052,0.003525,0.00026,0.12858,0.003525,1.0,0.18052,0.00026,200000,25716,0.66,224,211,220,221,224,1.0,0.12858,,176328,16272,705,6695,2,4,9
news-source-strategies,RQ4,E4-sensitivity-robustness,control_c10_half5,1006,NONE,,,,,,-1.0,5.0,1.0,10.0,1.0,COMPLETE,0.1096299999999999,0.08116,0.00348,0.0001,0.10963,0.00348,1.0,0.08116,0.0001,200000,21926,0.635,228,213,223,223,227,1.0,0.1096299999999999,,170745,22468,696,6091,2,4,8
news-source-strategies,RQ4,E4-sensitivity-robustness,control_c10_half5,1007,NONE,,,,,,-1.0,5.0,1.0,10.0,1.0,COMPLETE,0.07631,0.05072,0.00342,0.00044,0.07631,0.00342,1.0,0.05072,0.00044,200000,15262,0.6875,225,209,213,221,225,1.0,0.07631,,174974,18411,684,5931,2,4,9
news-source-strategies,RQ4,E4-sensitivity-robustness,control_c10_half5,1008,NONE,,,,,,-1.0,5.0,1.0,10.0,1.0,COMPLETE,0.1093199999999999,0.08088,0.00324,0.0001199999999999,0.10932,0.00324,1.0,0.08088,0.00012,200000,21864,0.6625,225,215,219,222,224,1.0,0.1093199999999999,,173270,19514,648,6568,2,3,7
news-source-strategies,RQ4,E4-sensitivity-robustness,control_c10_half5,1009,NONE,,,,,,-1.0,5.0,1.0,10.0,1.0,COMPLETE,0.1104599999999999,0.0809599999999999,0.00306,0.0,0.11046,0.00306,1.0,0.08096,0.0,200000,22092,0.6225,220,211,213,218,220,1.0,0.1104599999999999,,174462,17524,612,7402,2,4,8
news-source-strategies,RQ4,E4-sensitivity-robustness,control_c10_half5,1010,NONE,,,,,,-1.0,5.0,1.0,10.0,1.0,COMPLETE,0.126275,0.15042,0.0029049999999999,0.0,0.126275,0.002905,1.0,0.15042,0.0,200000,25255,0.67,210,203,208,210,210,1.0,0.126275,,175065,17782,581,6572,2,4,8
news-source-strategies,RQ4,E4-sensitivity-robustness,control_c10_half5,1011,NONE,,,,,,-1.0,5.0,1.0,10.0,1.0,COMPLETE,0.1094,0.10146,0.002725,4e-05,0.1094,0.002725,1.0,0.10146,4e-05,200000,21880,0.665,192,184,185,190,191,1.0,0.1094,,167205,24377,545,7873,2,4,8
news-source-strategies,RQ4,E4-sensitivity-robustness,control_c10_half5,1012,NONE,,,,,,-1.0,5.0,1.0,10.0,1.0,COMPLETE,0.1301999999999999,0.08222,0.00366,0.00014,0.1302,0.00366,1.0,0.08222,0.00014,200000,26040,0.6725,216,202,206,209,216,1.0,0.1301999999999999,,168389,24182,732,6697,2,5,10
news-source-strategies,RQ4,E4-sensitivity-robustness,control_c10_half5,1013,NONE,,,,,,-1.0,5.0,1.0,10.0,1.0,COMPLETE,0.09996,0.11064,0.003845,0.00016,0.09996,0.003845,1.0,0.11064,0.00016,200000,19992,0.6875,226,212,220,224,225,1.0,0.09996,,178805,13792,769,6634,2,4,8
news-source-strategies,RQ4,E4-sensitivity-robustness,control_c10_half5,1014,NONE,,,,,,-1.0,5.0,1.0,10.0,1.0,COMPLETE,0.128745,0.09126,0.00311,0.0,0.128745,0.00311,1.0,0.09126,0.0,200000,25749,0.6125,218,208,214,217,218,1.0,0.128745,,174699,18494,622,6185,2,3,7
news-source-strategies,RQ4,E4-sensitivity-robustness,control_c10_half5,1015,NONE,,,,,,-1.0,5.0,1.0,10.0,1.0,COMPLETE,0.116345,0.0815999999999999,0.00335,0.00028,0.116345,0.00335,1.0,0.0816,0.00028,200000,23269,0.6825,221,207,210,218,219,1.0,0.116345,,174511,18538,670,6281,2,5,9
news-source-strategies,RQ4,E4-sensitivity-robustness,credibility_c10_half5,1001,CREDIBILITY_CAMOUFLAGE,TRADITIONAL_MEDIA,FAKE_NEWS_SOURCE,1.0,-1.0,,-1.0,5.0,1.0,10.0,1.0,COMPLETE,0.12641,0.14042,0.004685,4e-05,0.12641,0.004685,1.0,0.14042,4e-05,200000,25282,0.635,227,224,226,227,227,1.0,0.12641,,174572,18491,937,6000,2,4,7
news-source-strategies,RQ4,E4-sensitivity-robustness,credibility_c10_half5,1002,CREDIBILITY_CAMOUFLAGE,TRADITIONAL_MEDIA,FAKE_NEWS_SOURCE,1.0,-1.0,,-1.0,5.0,1.0,10.0,1.0,COMPLETE,0.102575,0.0605799999999999,0.005645,8e-05,0.102575,0.005645,1.0,0.06058,8e-05,200000,20515,0.645,224,214,220,221,223,1.0,0.102575,,175928,16752,1129,6191,2,3,8
news-source-strategies,RQ4,E4-sensitivity-robustness,credibility_c10_half5,1003,CREDIBILITY_CAMOUFLAGE,TRADITIONAL_MEDIA,FAKE_NEWS_SOURCE,1.0,-1.0,,-1.0,5.0,1.0,10.0,1.0,COMPLETE,0.1134,0.12096,0.00464,4e-05,0.1134,0.00464,1.0,0.12096,4e-05,200000,22680,0.66,213,204,208,210,213,1.0,0.1134,,177201,15134,928,6737,2,4,9
news-source-strategies,RQ4,E4-sensitivity-robustness,credibility_c10_half5,1004,CREDIBILITY_CAMOUFLAGE,TRADITIONAL_MEDIA,FAKE_NEWS_SOURCE,1.0,-1.0,,-1.0,5.0,1.0,10.0,1.0,COMPLETE,0.077525,0.0513,0.005265,0.0005,0.077525,0.005265,1.0,0.0513,0.0005,200000,15505,0.6675,227,222,223,224,227,1.0,0.077525,,175524,18363,1053,5060,2,4,8
news-source-strategies,RQ4,E4-sensitivity-robustness,credibility_c10_half5,1005,CREDIBILITY_CAMOUFLAGE,TRADITIONAL_MEDIA,FAKE_NEWS_SOURCE,1.0,-1.0,,-1.0,5.0,1.0,10.0,1.0,COMPLETE,0.12924,0.18052,0.00588,0.00028,0.12924,0.00588,1.0,0.18052,0.00028,200000,25848,0.66,223,211,219,220,223,1.0,0.12924,,176949,15092,1176,6783,2,4,9
news-source-strategies,RQ4,E4-sensitivity-robustness,credibility_c10_half5,1006,CREDIBILITY_CAMOUFLAGE,TRADITIONAL_MEDIA,FAKE_NEWS_SOURCE,1.0,-1.0,,-1.0,5.0,1.0,10.0,1.0,COMPLETE,0.11025,0.0813199999999999,0.005625,0.0001,0.11025,0.005625,1.0,0.08132,0.0001,200000,22050,0.635,229,212,221,223,228,1.0,0.11025,,171253,21789,1125,5833,2,4,8
news-source-strategies,RQ4,E4-sensitivity-robustness,credibility_c10_half5,1007,CREDIBILITY_CAMOUFLAGE,TRADITIONAL_MEDIA,FAKE_NEWS_SOURCE,1.0,-1.0,,-1.0,5.0,1.0,10.0,1.0,COMPLETE,0.0772849999999999,0.05076,0.005055,0.00044,0.077285,0.005055,1.0,0.05076,0.00044,200000,15457,0.6875,226,209,214,223,226,1.0,0.0772849999999999,,174694,18563,1011,5732,2,4,9
news-source-strategies,RQ4,E4-sensitivity-robustness,credibility_c10_half5,1008,CREDIBILITY_CAMOUFLAGE,TRADITIONAL_MEDIA,FAKE_NEWS_SOURCE,1.0,-1.0,,-1.0,5.0,1.0,10.0,1.0,COMPLETE,0.1099449999999999,0.08076,0.005,0.0001199999999999,0.109945,0.005,1.0,0.08076,0.00012,200000,21989,0.6625,226,216,219,222,225,1.0,0.1099449999999999,,173708,18745,1000,6547,2,3,7
news-source-strategies,RQ4,E4-sensitivity-robustness,credibility_c10_half5,1009,CREDIBILITY_CAMOUFLAGE,TRADITIONAL_MEDIA,FAKE_NEWS_SOURCE,1.0,-1.0,,-1.0,5.0,1.0,10.0,1.0,COMPLETE,0.1102399999999999,0.08052,0.004525,8e-05,0.11024,0.004525,1.0,0.08052,8e-05,200000,22048,0.6225,224,214,217,222,224,1.0,0.1102399999999999,,175324,16658,905,7113,2,4,9
news-source-strategies,RQ4,E4-sensitivity-robustness,credibility_c10_half5,1010,CREDIBILITY_CAMOUFLAGE,TRADITIONAL_MEDIA,FAKE_NEWS_SOURCE,1.0,-1.0,,-1.0,5.0,1.0,10.0,1.0,COMPLETE,0.1273,0.15036,0.0046749999999999,0.0,0.1273,0.004675,1.0,0.15036,0.0,200000,25460,0.67,207,200,205,207,207,1.0,0.1273,,174970,17479,935,6616,2,4,7
news-source-strategies,RQ4,E4-sensitivity-robustness,credibility_c10_half5,1011,CREDIBILITY_CAMOUFLAGE,TRADITIONAL_MEDIA,FAKE_NEWS_SOURCE,1.0,-1.0,,-1.0,5.0,1.0,10.0,1.0,COMPLETE,0.110165,0.10144,0.0047599999999999,0.00022,0.110165,0.00476,1.0,0.10144,0.00022,200000,22033,0.665,195,185,188,192,194,1.0,0.110165,,167350,23885,952,7813,2,4,8
news-source-strategies,RQ4,E4-sensitivity-robustness,credibility_c10_half5,1012,CREDIBILITY_CAMOUFLAGE,TRADITIONAL_MEDIA,FAKE_NEWS_SOURCE,1.0,-1.0,,-1.0,5.0,1.0,10.0,1.0,COMPLETE,0.1304799999999999,0.08208,0.004925,0.00038,0.13048,0.004925,1.0,0.08208,0.00038,200000,26096,0.6725,210,198,203,206,210,1.0,0.1304799999999999,,168377,23943,985,6695,2,5,9
news-source-strategies,RQ4,E4-sensitivity-robustness,credibility_c10_half5,1013,CREDIBILITY_CAMOUFLAGE,TRADITIONAL_MEDIA,FAKE_NEWS_SOURCE,1.0,-1.0,,-1.0,5.0,1.0,10.0,1.0,COMPLETE,0.101165,0.11068,0.005735,0.0001199999999999,0.101165,0.005735,1.0,0.11068,0.00012,200000,20233,0.6875,224,211,219,222,223,1.0,0.101165,,178361,13990,1147,6502,2,4,8
news-source-strategies,RQ4,E4-sensitivity-robustness,credibility_c10_half5,1014,CREDIBILITY_CAMOUFLAGE,TRADITIONAL_MEDIA,FAKE_NEWS_SOURCE,1.0,-1.0,,-1.0,5.0,1.0,10.0,1.0,COMPLETE,0.129505,0.09124,0.0048449999999999,0.0,0.129505,0.004845,1.0,0.09124,0.0,200000,25901,0.6125,217,206,212,216,217,1.0,0.129505,,174488,18356,969,6187,2,3,7
news-source-strategies,RQ4,E4-sensitivity-robustness,credibility_c10_half5,1015,CREDIBILITY_CAMOUFLAGE,TRADITIONAL_MEDIA,FAKE_NEWS_SOURCE,1.0,-1.0,,-1.0,5.0,1.0,10.0,1.0,COMPLETE,0.11653,0.0810999999999999,0.004985,0.0001799999999999,0.11653,0.004985,1.0,0.0811,0.00018,200000,23306,0.6825,218,207,211,215,216,1.0,0.11653,,175077,17799,997,6127,2,5,9
