study,research_question,experiment,condition,seed,strategy,from,to,start_period,end_period,target_reach,memory,memory_half_life,wom,contacts,friends,status,target_share_decisions_final100,total_decisions,target_unique_reposters_p25,target_unique_reposters_p50,target_unique_reposters_p100,target_unique_reposters_p200,target_first_repost_period,selections_traditional_media_all,selections_unknown_media_all,selections_fake_news_source_all,selections_mixed_source_all,target_time_to_25pct_final,target_time_to_50pct_final,target_time_to_75pct_final
news-source-strategies,RQ1,E1-strategy-comparison,control,1001,NONE,,,,,,-1.0,0.33,1.0,5.0,1.0,COMPLETE,0.01126,200000,252,252,329,389,1.0,191104,3564,2232,3100,3,11,127
news-source-strategies,RQ1,E1-strategy-comparison,control,1002,NONE,,,,,,-1.0,0.33,1.0,5.0,1.0,COMPLETE,0.00262,200000,264,275,311,341,1.0,192626,3137,1699,2538,3,8,152
news-source-strategies,RQ1,E1-strategy-comparison,control,1003,NONE,,,,,,-1.0,0.33,1.0,5.0,1.0,COMPLETE,0.00964,200000,202,252,334,384,1.0,190277,4532,2246,2945,7,38,131
news-source-strategies,RQ1,E1-strategy-comparison,control,1004,NONE,,,,,,-1.0,0.33,1.0,5.0,1.0,COMPLETE,0.00538,200000,267,278,396,467,1.0,186843,5540,3143,4474,3,13,89
news-source-strategies,RQ1,E1-strategy-comparison,control,1005,NONE,,,,,,-1.0,0.33,1.0,5.0,1.0,COMPLETE,0.01264,200000,344,371,409,421,1.0,186839,5615,3067,4479,3,9,35
news-source-strategies,RQ1,E1-strategy-comparison,control,1006,NONE,,,,,,-1.0,0.33,1.0,5.0,1.0,COMPLETE,0.0085,200000,351,385,426,444,1.0,186884,4016,2674,6426,8,13,34
news-source-strategies,RQ1,E1-strategy-comparison,control,1007,NONE,,,,,,-1.0,0.33,1.0,5.0,1.0,COMPLETE,0.0059,200000,377,462,489,495,1.0,168057,19746,5029,7168,4,10,25
news-source-strategies,RQ1,E1-strategy-comparison,control,1008,NONE,,,,,,-1.0,0.33,1.0,5.0,1.0,COMPLETE,0.01206,200000,360,397,411,455,1.0,186705,5583,3175,4537,3,8,33
news-source-strategies,RQ1,E1-strategy-comparison,control,1009,NONE,,,,,,-1.0,0.33,1.0,5.0,1.0,COMPLETE,0.01194,200000,280,310,469,484,1.0,150729,37150,5271,6850,3,17,70
news-source-strategies,RQ1,E1-strategy-comparison,control,1010,NONE,,,,,,-1.0,0.33,1.0,5.0,1.0,COMPLETE,0.00402,200000,320,353,451,497,1.0,114359,72960,5297,7384,4,9,67
news-source-strategies,RQ1,E1-strategy-comparison,control,1011,NONE,,,,,,-1.0,0.33,1.0,5.0,1.0,COMPLETE,0.00282,200000,235,252,340,368,1.0,192359,3004,1844,2793,3,11,78
news-source-strategies,RQ1,E1-strategy-comparison,control,1012,NONE,,,,,,-1.0,0.33,1.0,5.0,1.0,COMPLETE,0.01344,200000,249,279,334,398,1.0,186774,4347,2596,6283,9,17,142
news-source-strategies,RQ1,E1-strategy-comparison,control,1013,NONE,,,,,,-1.0,0.33,1.0,5.0,1.0,COMPLETE,0.00708,200000,163,205,278,357,1.0,192870,3135,1662,2333,4,74,128
news-source-strategies,RQ1,E1-strategy-comparison,control,1014,NONE,,,,,,-1.0,0.33,1.0,5.0,1.0,COMPLETE,0.00284,200000,275,306,326,392,1.0,189667,4425,2338,3570,3,13,148
news-source-strategies,RQ1,E1-strategy-comparison,control,1015,NONE,,,,,,-1.0,0.33,1.0,5.0,1.0,COMPLETE,0.01062,200000,163,171,284,462,1.0,187496,5689,2938,3877,11,74,123
news-source-strategies,RQ1,E1-strategy-comparison,control,1016,NONE,,,,,,-1.0,0.33,1.0,5.0,1.0,COMPLETE,0.0083,200000,316,319,343,372,1.0,189810,3587,2349,4254,5,9,93
news-source-strategies,RQ1,E1-strategy-comparison,control,1017,NONE,,,,,,-1.0,0.33,1.0,5.0,1.0,COMPLETE,0.00958,200000,339,359,384,414,1.0,189824,4120,2471,3585,4,8,30
news-source-strategies,RQ1,E1-strategy-comparison,control,1018,NONE,,,,,,-1.0,0.33,1.0,5.0,1.0,COMPLETE,0.00554,200000,304,306,334,430,1.0,189529,4727,2390,3354,4,8,105
news-source-strategies,RQ1,E1-strategy-comparison,control,1019,NONE,,,,,,-1.0,0.33,1.0,5.0,1.0,COMPLETE,0.00332,200000,226,234,279,363,1.0,191720,3743,1818,2719,4,18,143
news-source-strategies,RQ1,E1-strategy-comparison,control,1020,NONE,,,,,,-1.0,0.33,1.0,5.0,1.0,COMPLETE,0.00804,200000,303,314,348,368,1.0,188564,4053,2137,5246,7,11,68
news-source-strategies,RQ1,E1-strategy-comparison,control,1021,NONE,,,,,,-1.0,0.33,1.0,5.0,1.0,COMPLETE,0.0159,200000,307,316,337,386,1.0,187213,6078,2425,4284,6,15,122
news-source-strategies,RQ1,E1-strategy-comparison,control,1022,NONE,,,,,,-1.0,0.33,1.0,5.0,1.0,COMPLETE,0.01196,200000,201,208,275,358,1.0,191124,3849,2212,2815,5,60,171
news-source-strategies,RQ1,E1-strategy-comparison,control,1023,NONE,,,,,,-1.0,0.33,1.0,5.0,1.0,COMPLETE,0.01056,200000,211,249,280,377,1.0,189664,4108,2531,3697,3,43,152
news-source-strategies,RQ1,E1-strategy-comparison,control,1024,NONE,,,,,,-1.0,0.33,1.0,5.0,1.0,COMPLETE,0.00968,200000,157,184,247,333,1.0,191922,3395,1848,2835,5,59,180
news-source-strategies,RQ1,E1-strategy-comparison,control,1025,NONE,,,,,,-1.0,0.33,1.0,5.0,1.0,COMPLETE,0.00588,200000,330,348,379,424,1.0,187477,4174,2275,6074,9,16,42
news-source-strategies,RQ1,E1-strategy-comparison,control,1026,NONE,,,,,,-1.0,0.33,1.0,5.0,1.0,COMPLETE,0.00222,200000,388,413,431,454,1.0,190120,4175,2411,3294,3,7,13
news-source-strategies,RQ1,E1-strategy-comparison,control,1027,NONE,,,,,,-1.0,0.33,1.0,5.0,1.0,COMPLETE,0.0066,200000,344,384,401,429,1.0,189267,4618,2529,3586,4,8,36
news-source-strategies,RQ1,E1-strategy-comparison,control,1028,NONE,,,,,,-1.0,0.33,1.0,5.0,1.0,COMPLETE,0.0237,200000,289,351,377,400,1.0,187173,5249,3176,4402,4,8,54
news-source-strategies,RQ1,E1-strategy-comparison,control,1029,NONE,,,,,,-1.0,0.33,1.0,5.0,1.0,COMPLETE,0.01412,200000,160,187,208,277,1.0,192024,3400,1912,2664,4,135,238
news-source-strategies,RQ1,E1-strategy-comparison,control,1030,NONE,,,,,,-1.0,0.33,1.0,5.0,1.0,COMPLETE,0.0065,200000,272,279,287,377,1.0,191190,4276,1998,2536,4,13,171
news-source-strategies,RQ1,E1-strategy-comparison,engagement,1001,ENGAGEMENT,TRADITIONAL_MEDIA,FAKE_NEWS_SOURCE,1.0,-1.0,,-1.0,0.33,1.0,5.0,1.0,COMPLETE,0.01142,200000,247,248,324,385,1.0,190966,3600,2312,3122,3,11,127
news-source-strategies,RQ1,E1-strategy-comparison,engagement,1002,ENGAGEMENT,TRADITIONAL_MEDIA,FAKE_NEWS_SOURCE,1.0,-1.0,,-1.0,0.33,1.0,5.0,1.0,COMPLETE,0.0028,200000,260,270,306,338,1.0,192078,3365,1794,2763,3,8,158
news-source-strategies,RQ1,E1-strategy-comparison,engagement,1003,ENGAGEMENT,TRADITIONAL_MEDIA,FAKE_NEWS_SOURCE,1.0,-1.0,,-1.0,0.33,1.0,5.0,1.0,COMPLETE,0.01,200000,203,253,332,383,1.0,189672,4889,2278,3161,7,39,134
news-source-strategies,RQ1,E1-strategy-comparison,engagement,1004,ENGAGEMENT,TRADITIONAL_MEDIA,FAKE_NEWS_SOURCE,1.0,-1.0,,-1.0,0.33,1.0,5.0,1.0,COMPLETE,0.00466,200000,263,274,391,462,1.0,186703,5497,3139,4661,3,14,89
news-source-strategies,RQ1,E1-strategy-comparison,engagement,1005,ENGAGEMENT,TRADITIONAL_MEDIA,FAKE_NEWS_SOURCE,1.0,-1.0,,-1.0,0.33,1.0,5.0,1.0,COMPLETE,0.0124,200000,337,363,395,412,1.0,186732,5704,2987,4577,3,9,45
news-source-strategies,RQ1,E1-strategy-comparison,engagement,1006,ENGAGEMENT,TRADITIONAL_MEDIA,FAKE_NEWS_SOURCE,1.0,-1.0,,-1.0,0.33,1.0,5.0,1.0,COMPLETE,0.00814,200000,348,379,422,440,1.0,186323,4277,2726,6674,8,13,34
news-source-strategies,RQ1,E1-strategy-comparison,engagement,1007,ENGAGEMENT,TRADITIONAL_MEDIA,FAKE_NEWS_SOURCE,1.0,-1.0,,-1.0,0.33,1.0,5.0,1.0,COMPLETE,0.0059,200000,386,469,487,495,1.0,169652,18226,5030,7092,4,10,22
news-source-strategies,RQ1,E1-strategy-comparison,engagement,1008,ENGAGEMENT,TRADITIONAL_MEDIA,FAKE_NEWS_SOURCE,1.0,-1.0,,-1.0,0.33,1.0,5.0,1.0,COMPLETE,0.01216,200000,335,386,401,450,1.0,186801,5621,3018,4560,3,8,36
news-source-strategies,RQ1,E1-strategy-comparison,engagement,1009,ENGAGEMENT,TRADITIONAL_MEDIA,FAKE_NEWS_SOURCE,1.0,-1.0,,-1.0,0.33,1.0,5.0,1.0,COMPLETE,0.01162,200000,272,306,468,480,1.0,150748,37414,4970,6868,3,18,70
news-source-strategies,RQ1,E1-strategy-comparison,engagement,1010,ENGAGEMENT,TRADITIONAL_MEDIA,FAKE_NEWS_SOURCE,1.0,-1.0,,-1.0,0.33,1.0,5.0,1.0,COMPLETE,0.00426,200000,319,340,451,494,1.0,126656,60761,5100,7483,4,9,68
news-source-strategies,RQ1,E1-strategy-comparison,engagement,1011,ENGAGEMENT,TRADITIONAL_MEDIA,FAKE_NEWS_SOURCE,1.0,-1.0,,-1.0,0.33,1.0,5.0,1.0,COMPLETE,0.00276,200000,234,252,344,370,1.0,192005,3145,1867,2983,3,11,78
news-source-strategies,RQ1,E1-strategy-comparison,engagement,1012,ENGAGEMENT,TRADITIONAL_MEDIA,FAKE_NEWS_SOURCE,1.0,-1.0,,-1.0,0.33,1.0,5.0,1.0,COMPLETE,0.01242,200000,246,274,330,397,1.0,186799,4362,2551,6288,9,17,142
news-source-strategies,RQ1,E1-strategy-comparison,engagement,1013,ENGAGEMENT,TRADITIONAL_MEDIA,FAKE_NEWS_SOURCE,1.0,-1.0,,-1.0,0.33,1.0,5.0,1.0,COMPLETE,0.00714,200000,163,199,267,352,1.0,192753,3225,1640,2382,4,74,128
news-source-strategies,RQ1,E1-strategy-comparison,engagement,1014,ENGAGEMENT,TRADITIONAL_MEDIA,FAKE_NEWS_SOURCE,1.0,-1.0,,-1.0,0.33,1.0,5.0,1.0,COMPLETE,0.0029,200000,268,297,318,388,1.0,189653,4440,2310,3597,3,13,148
news-source-strategies,RQ1,E1-strategy-comparison,engagement,1015,ENGAGEMENT,TRADITIONAL_MEDIA,FAKE_NEWS_SOURCE,1.0,-1.0,,-1.0,0.33,1.0,5.0,1.0,COMPLETE,0.01078,200000,158,166,282,454,1.0,187236,5886,2943,3935,11,76,126
news-source-strategies,RQ1,E1-strategy-comparison,engagement,1016,ENGAGEMENT,TRADITIONAL_MEDIA,FAKE_NEWS_SOURCE,1.0,-1.0,,-1.0,0.33,1.0,5.0,1.0,COMPLETE,0.0083,200000,311,313,339,368,1.0,189382,3826,2344,4448,5,9,93
news-source-strategies,RQ1,E1-strategy-comparison,engagement,1017,ENGAGEMENT,TRADITIONAL_MEDIA,FAKE_NEWS_SOURCE,1.0,-1.0,,-1.0,0.33,1.0,5.0,1.0,COMPLETE,0.00994,200000,335,355,382,415,1.0,189216,4407,2544,3833,4,8,35
news-source-strategies,RQ1,E1-strategy-comparison,engagement,1018,ENGAGEMENT,TRADITIONAL_MEDIA,FAKE_NEWS_SOURCE,1.0,-1.0,,-1.0,0.33,1.0,5.0,1.0,COMPLETE,0.005,200000,307,310,336,430,1.0,189549,4675,2321,3455,4,8,105
news-source-strategies,RQ1,E1-strategy-comparison,engagement,1019,ENGAGEMENT,TRADITIONAL_MEDIA,FAKE_NEWS_SOURCE,1.0,-1.0,,-1.0,0.33,1.0,5.0,1.0,COMPLETE,0.0034,200000,250,256,300,370,1.0,191488,3940,1794,2778,4,16,141
news-source-strategies,RQ1,E1-strategy-comparison,engagement,1020,ENGAGEMENT,TRADITIONAL_MEDIA,FAKE_NEWS_SOURCE,1.0,-1.0,,-1.0,0.33,1.0,5.0,1.0,COMPLETE,0.00882,200000,305,317,350,373,1.0,188394,4019,2160,5427,7,11,68
news-source-strategies,RQ1,E1-strategy-comparison,engagement,1021,ENGAGEMENT,TRADITIONAL_MEDIA,FAKE_NEWS_SOURCE,1.0,-1.0,,-1.0,0.33,1.0,5.0,1.0,COMPLETE,0.01384,200000,310,318,339,391,1.0,187132,6228,2324,4316,6,15,122
news-source-strategies,RQ1,E1-strategy-comparison,engagement,1022,ENGAGEMENT,TRADITIONAL_MEDIA,FAKE_NEWS_SOURCE,1.0,-1.0,,-1.0,0.33,1.0,5.0,1.0,COMPLETE,0.01256,200000,195,204,275,352,1.0,191287,3772,2106,2835,5,60,171
news-source-strategies,RQ1,E1-strategy-comparison,engagement,1023,ENGAGEMENT,TRADITIONAL_MEDIA,FAKE_NEWS_SOURCE,1.0,-1.0,,-1.0,0.33,1.0,5.0,1.0,COMPLETE,0.01044,200000,211,252,278,374,1.0,189631,4189,2434,3746,3,42,152
news-source-strategies,RQ1,E1-strategy-comparison,engagement,1024,ENGAGEMENT,TRADITIONAL_MEDIA,FAKE_NEWS_SOURCE,1.0,-1.0,,-1.0,0.33,1.0,5.0,1.0,COMPLETE,0.00918,200000,156,184,247,337,1.0,191636,3503,1868,2993,6,58,180
news-source-strategies,RQ1,E1-strategy-comparison,engagement,1025,ENGAGEMENT,TRADITIONAL_MEDIA,FAKE_NEWS_SOURCE,1.0,-1.0,,-1.0,0.33,1.0,5.0,1.0,COMPLETE,0.00646,200000,309,327,364,414,1.0,187054,4350,2370,6226,9,16,83
news-source-strategies,RQ1,E1-strategy-comparison,engagement,1026,ENGAGEMENT,TRADITIONAL_MEDIA,FAKE_NEWS_SOURCE,1.0,-1.0,,-1.0,0.33,1.0,5.0,1.0,COMPLETE,0.0024,200000,375,393,419,444,1.0,189914,4239,2429,3418,3,7,14
news-source-strategies,RQ1,E1-strategy-comparison,engagement,1027,ENGAGEMENT,TRADITIONAL_MEDIA,FAKE_NEWS_SOURCE,1.0,-1.0,,-1.0,0.33,1.0,5.0,1.0,COMPLETE,0.00722,200000,336,370,386,423,1.0,188945,4822,2513,3720,4,8,37
news-source-strategies,RQ1,E1-strategy-comparison,engagement,1028,ENGAGEMENT,TRADITIONAL_MEDIA,FAKE_NEWS_SOURCE,1.0,-1.0,,-1.0,0.33,1.0,5.0,1.0,COMPLETE,0.0211,200000,283,341,367,393,1.0,187634,5140,2900,4326,4,8,63
news-source-strategies,RQ1,E1-strategy-comparison,engagement,1029,ENGAGEMENT,TRADITIONAL_MEDIA,FAKE_NEWS_SOURCE,1.0,-1.0,,-1.0,0.33,1.0,5.0,1.0,COMPLETE,0.01456,200000,161,189,210,278,1.0,191797,3522,1907,2774,4,135,238
news-source-strategies,RQ1,E1-strategy-comparison,engagement,1030,ENGAGEMENT,TRADITIONAL_MEDIA,FAKE_NEWS_SOURCE,1.0,-1.0,,-1.0,0.33,1.0,5.0,1.0,COMPLETE,0.0065,200000,273,286,293,379,1.0,190838,4348,2011,2803,4,16,171
news-source-strategies,RQ1,E1-strategy-comparison,proximity,1001,PROXIMITY,TRADITIONAL_MEDIA,FAKE_NEWS_SOURCE,1.0,-1.0,,-1.0,0.33,1.0,5.0,1.0,COMPLETE,0.01234,200000,260,262,341,399,1.0,191263,3412,2374,2951,3,11,103
news-source-strategies,RQ1,E1-strategy-comparison,proximity,1002,PROXIMITY,TRADITIONAL_MEDIA,FAKE_NEWS_SOURCE,1.0,-1.0,,-1.0,0.33,1.0,5.0,1.0,COMPLETE,0.00262,200000,270,280,314,343,1.0,192935,2866,1749,2450,3,8,152
news-source-strategies,RQ1,E1-strategy-comparison,proximity,1003,PROXIMITY,TRADITIONAL_MEDIA,FAKE_NEWS_SOURCE,1.0,-1.0,,-1.0,0.33,1.0,5.0,1.0,COMPLETE,0.01042,200000,203,252,334,386,1.0,190388,4440,2320,2852,7,39,131
news-source-strategies,RQ1,E1-strategy-comparison,proximity,1004,PROXIMITY,TRADITIONAL_MEDIA,FAKE_NEWS_SOURCE,1.0,-1.0,,-1.0,0.33,1.0,5.0,1.0,COMPLETE,0.00578,200000,278,291,406,467,1.0,187125,5152,3333,4390,3,11,88
news-source-strategies,RQ1,E1-strategy-comparison,proximity,1005,PROXIMITY,TRADITIONAL_MEDIA,FAKE_NEWS_SOURCE,1.0,-1.0,,-1.0,0.33,1.0,5.0,1.0,COMPLETE,0.0126,200000,363,390,420,433,1.0,187446,5307,3063,4184,3,9,25
news-source-strategies,RQ1,E1-strategy-comparison,proximity,1006,PROXIMITY,TRADITIONAL_MEDIA,FAKE_NEWS_SOURCE,1.0,-1.0,,-1.0,0.33,1.0,5.0,1.0,COMPLETE,0.00836,200000,369,403,437,455,1.0,186936,3981,2804,6279,7,13,22
news-source-strategies,RQ1,E1-strategy-comparison,proximity,1007,PROXIMITY,TRADITIONAL_MEDIA,FAKE_NEWS_SOURCE,1.0,-1.0,,-1.0,0.33,1.0,5.0,1.0,COMPLETE,0.00634,200000,405,477,491,496,1.0,170786,17211,5189,6814,4,10,17
news-source-strategies,RQ1,E1-strategy-comparison,proximity,1008,PROXIMITY,TRADITIONAL_MEDIA,FAKE_NEWS_SOURCE,1.0,-1.0,,-1.0,0.33,1.0,5.0,1.0,COMPLETE,0.013,200000,376,421,431,468,1.0,187002,5262,3363,4373,3,8,22
news-source-strategies,RQ1,E1-strategy-comparison,proximity,1009,PROXIMITY,TRADITIONAL_MEDIA,FAKE_NEWS_SOURCE,1.0,-1.0,,-1.0,0.33,1.0,5.0,1.0,COMPLETE,0.01198,200000,290,316,472,483,1.0,152012,36308,5311,6369,3,16,70
news-source-strategies,RQ1,E1-strategy-comparison,proximity,1010,PROXIMITY,TRADITIONAL_MEDIA,FAKE_NEWS_SOURCE,1.0,-1.0,,-1.0,0.33,1.0,5.0,1.0,COMPLETE,0.00434,200000,333,363,467,498,1.0,116243,70705,5833,7219,4,9,62
news-source-strategies,RQ1,E1-strategy-comparison,proximity,1011,PROXIMITY,TRADITIONAL_MEDIA,FAKE_NEWS_SOURCE,1.0,-1.0,,-1.0,0.33,1.0,5.0,1.0,COMPLETE,0.0028,200000,243,262,338,367,1.0,192862,2733,1795,2610,3,10,78
news-source-strategies,RQ1,E1-strategy-comparison,proximity,1012,PROXIMITY,TRADITIONAL_MEDIA,FAKE_NEWS_SOURCE,1.0,-1.0,,-1.0,0.33,1.0,5.0,1.0,COMPLETE,0.013,200000,240,264,326,401,1.0,187524,3942,2565,5969,9,18,144
news-source-strategies,RQ1,E1-strategy-comparison,proximity,1013,PROXIMITY,TRADITIONAL_MEDIA,FAKE_NEWS_SOURCE,1.0,-1.0,,-1.0,0.33,1.0,5.0,1.0,COMPLETE,0.0074,200000,166,206,282,363,1.0,193347,2868,1672,2113,4,74,128
news-source-strategies,RQ1,E1-strategy-comparison,proximity,1014,PROXIMITY,TRADITIONAL_MEDIA,FAKE_NEWS_SOURCE,1.0,-1.0,,-1.0,0.33,1.0,5.0,1.0,COMPLETE,0.00266,200000,288,321,340,403,1.0,189979,4216,2399,3406,3,12,133
news-source-strategies,RQ1,E1-strategy-comparison,proximity,1015,PROXIMITY,TRADITIONAL_MEDIA,FAKE_NEWS_SOURCE,1.0,-1.0,,-1.0,0.33,1.0,5.0,1.0,COMPLETE,0.012,200000,170,178,293,460,1.0,187618,5518,3165,3699,11,73,122
news-source-strategies,RQ1,E1-strategy-comparison,proximity,1016,PROXIMITY,TRADITIONAL_MEDIA,FAKE_NEWS_SOURCE,1.0,-1.0,,-1.0,0.33,1.0,5.0,1.0,COMPLETE,0.009,200000,333,336,355,376,1.0,189663,3679,2505,4153,5,9,59
news-source-strategies,RQ1,E1-strategy-comparison,proximity,1017,PROXIMITY,TRADITIONAL_MEDIA,FAKE_NEWS_SOURCE,1.0,-1.0,,-1.0,0.33,1.0,5.0,1.0,COMPLETE,0.01054,200000,342,361,387,416,1.0,190190,3901,2496,3413,4,8,27
news-source-strategies,RQ1,E1-strategy-comparison,proximity,1018,PROXIMITY,TRADITIONAL_MEDIA,FAKE_NEWS_SOURCE,1.0,-1.0,,-1.0,0.33,1.0,5.0,1.0,COMPLETE,0.00532,200000,317,320,347,433,1.0,190196,4306,2389,3109,4,7,93
news-source-strategies,RQ1,E1-strategy-comparison,proximity,1019,PROXIMITY,TRADITIONAL_MEDIA,FAKE_NEWS_SOURCE,1.0,-1.0,,-1.0,0.33,1.0,5.0,1.0,COMPLETE,0.00304,200000,263,273,314,387,1.0,191380,3953,2004,2663,5,16,132
news-source-strategies,RQ1,E1-strategy-comparison,proximity,1020,PROXIMITY,TRADITIONAL_MEDIA,FAKE_NEWS_SOURCE,1.0,-1.0,,-1.0,0.33,1.0,5.0,1.0,COMPLETE,0.00894,200000,313,320,349,370,1.0,189094,3671,2155,5080,7,11,68
news-source-strategies,RQ1,E1-strategy-comparison,proximity,1021,PROXIMITY,TRADITIONAL_MEDIA,FAKE_NEWS_SOURCE,1.0,-1.0,,-1.0,0.33,1.0,5.0,1.0,COMPLETE,0.01358,200000,324,335,349,399,1.0,187528,6069,2422,3981,6,16,100
news-source-strategies,RQ1,E1-strategy-comparison,proximity,1022,PROXIMITY,TRADITIONAL_MEDIA,FAKE_NEWS_SOURCE,1.0,-1.0,,-1.0,0.33,1.0,5.0,1.0,COMPLETE,0.01284,200000,202,212,277,358,1.0,191912,3382,2210,2496,5,60,171
news-source-strategies,RQ1,E1-strategy-comparison,proximity,1023,PROXIMITY,TRADITIONAL_MEDIA,FAKE_NEWS_SOURCE,1.0,-1.0,,-1.0,0.33,1.0,5.0,1.0,COMPLETE,0.00994,200000,223,266,304,392,1.0,190224,3772,2572,3432,3,38,151
news-source-strategies,RQ1,E1-strategy-comparison,proximity,1024,PROXIMITY,TRADITIONAL_MEDIA,FAKE_NEWS_SOURCE,1.0,-1.0,,-1.0,0.33,1.0,5.0,1.0,COMPLETE,0.00972,200000,161,188,258,347,1.0,192165,3216,1907,2712,5,59,179
news-source-strategies,RQ1,E1-strategy-comparison,proximity,1025,PROXIMITY,TRADITIONAL_MEDIA,FAKE_NEWS_SOURCE,1.0,-1.0,,-1.0,0.33,1.0,5.0,1.0,COMPLETE,0.00634,200000,325,343,376,420,1.0,188144,3736,2318,5802,9,16,42
news-source-strategies,RQ1,E1-strategy-comparison,proximity,1026,PROXIMITY,TRADITIONAL_MEDIA,FAKE_NEWS_SOURCE,1.0,-1.0,,-1.0,0.33,1.0,5.0,1.0,COMPLETE,0.0026,200000,391,411,433,458,1.0,190983,3863,2254,2900,4,7,13
news-source-strategies,RQ1,E1-strategy-comparison,proximity,1027,PROXIMITY,TRADITIONAL_MEDIA,FAKE_NEWS_SOURCE,1.0,-1.0,,-1.0,0.33,1.0,5.0,1.0,COMPLETE,0.00602,200000,360,398,410,435,1.0,189668,4487,2510,3335,4,8,18
news-source-strategies,RQ1,E1-strategy-comparison,proximity,1028,PROXIMITY,TRADITIONAL_MEDIA,FAKE_NEWS_SOURCE,1.0,-1.0,,-1.0,0.33,1.0,5.0,1.0,COMPLETE,0.02652,200000,297,360,383,403,1.0,187733,4812,3350,4105,4,8,50
news-source-strategies,RQ1,E1-strategy-comparison,proximity,1029,PROXIMITY,TRADITIONAL_MEDIA,FAKE_NEWS_SOURCE,1.0,-1.0,,-1.0,0.33,1.0,5.0,1.0,COMPLETE,0.0157,200000,172,199,218,285,1.0,192125,3245,2034,2596,5,135,239
news-source-strategies,RQ1,E1-strategy-comparison,proximity,1030,PROXIMITY,TRADITIONAL_MEDIA,FAKE_NEWS_SOURCE,1.0,-1.0,,-1.0,0.33,1.0,5.0,1.0,COMPLETE,0.00608,200000,274,286,294,384,1.0,191506,4028,2000,2466,4,15,171
news-source-strategies,RQ1,E1-strategy-comparison,informational,1001,INFORMATIONAL_CAMOUFLAGE,TRADITIONAL_MEDIA,FAKE_NEWS_SOURCE,1.0,-1.0,,-1.0,0.33,1.0,5.0,1.0,COMPLETE,0.01194,200000,262,263,344,401,1.0,191498,3268,2363,2871,3,11,102
news-source-strategies,RQ1,E1-strategy-comparison,informational,1002,INFORMATIONAL_CAMOUFLAGE,TRADITIONAL_MEDIA,FAKE_NEWS_SOURCE,1.0,-1.0,,-1.0,0.33,1.0,5.0,1.0,COMPLETE,0.0026,200000,286,295,331,357,1.0,192715,2976,1807,2502,3,8,123
news-source-strategies,RQ1,E1-strategy-comparison,informational,1003,INFORMATIONAL_CAMOUFLAGE,TRADITIONAL_MEDIA,FAKE_NEWS_SOURCE,1.0,-1.0,,-1.0,0.33,1.0,5.0,1.0,COMPLETE,0.01208,200000,213,273,350,396,1.0,190156,4462,2494,2888,7,38,98
news-source-strategies,RQ1,E1-strategy-comparison,informational,1004,INFORMATIONAL_CAMOUFLAGE,TRADITIONAL_MEDIA,FAKE_NEWS_SOURCE,1.0,-1.0,,-1.0,0.33,1.0,5.0,1.0,COMPLETE,0.00546,200000,291,303,422,475,1.0,186999,5211,3395,4395,3,10,88
news-source-strategies,RQ1,E1-strategy-comparison,informational,1005,INFORMATIONAL_CAMOUFLAGE,TRADITIONAL_MEDIA,FAKE_NEWS_SOURCE,1.0,-1.0,,-1.0,0.33,1.0,5.0,1.0,COMPLETE,0.01414,200000,358,384,424,437,1.0,186906,5389,3391,4314,3,9,30
news-source-strategies,RQ1,E1-strategy-comparison,informational,1006,INFORMATIONAL_CAMOUFLAGE,TRADITIONAL_MEDIA,FAKE_NEWS_SOURCE,1.0,-1.0,,-1.0,0.33,1.0,5.0,1.0,COMPLETE,0.00858,200000,363,403,439,457,1.0,187089,3804,2832,6275,8,13,23
news-source-strategies,RQ1,E1-strategy-comparison,informational,1007,INFORMATIONAL_CAMOUFLAGE,TRADITIONAL_MEDIA,FAKE_NEWS_SOURCE,1.0,-1.0,,-1.0,0.33,1.0,5.0,1.0,COMPLETE,0.00632,200000,398,478,496,499,1.0,168869,18933,5428,6770,4,9,17
news-source-strategies,RQ1,E1-strategy-comparison,informational,1008,INFORMATIONAL_CAMOUFLAGE,TRADITIONAL_MEDIA,FAKE_NEWS_SOURCE,1.0,-1.0,,-1.0,0.33,1.0,5.0,1.0,COMPLETE,0.01366,200000,368,411,424,470,1.0,187506,4857,3347,4290,3,8,26
news-source-strategies,RQ1,E1-strategy-comparison,informational,1009,INFORMATIONAL_CAMOUFLAGE,TRADITIONAL_MEDIA,FAKE_NEWS_SOURCE,1.0,-1.0,,-1.0,0.33,1.0,5.0,1.0,COMPLETE,0.01182,200000,293,326,477,485,1.0,151855,36303,5533,6309,3,16,68
news-source-strategies,RQ1,E1-strategy-comparison,informational,1010,INFORMATIONAL_CAMOUFLAGE,TRADITIONAL_MEDIA,FAKE_NEWS_SOURCE,1.0,-1.0,,-1.0,0.33,1.0,5.0,1.0,COMPLETE,0.00434,200000,340,372,467,496,1.0,114982,71993,5860,7165,4,9,61
news-source-strategies,RQ1,E1-strategy-comparison,informational,1011,INFORMATIONAL_CAMOUFLAGE,TRADITIONAL_MEDIA,FAKE_NEWS_SOURCE,1.0,-1.0,,-1.0,0.33,1.0,5.0,1.0,COMPLETE,0.00264,200000,256,275,361,386,1.0,192567,2873,1910,2650,3,9,76
news-source-strategies,RQ1,E1-strategy-comparison,informational,1012,INFORMATIONAL_CAMOUFLAGE,TRADITIONAL_MEDIA,FAKE_NEWS_SOURCE,1.0,-1.0,,-1.0,0.33,1.0,5.0,1.0,COMPLETE,0.01364,200000,246,270,348,413,1.0,186993,4159,2772,6076,9,18,120
news-source-strategies,RQ1,E1-strategy-comparison,informational,1013,INFORMATIONAL_CAMOUFLAGE,TRADITIONAL_MEDIA,FAKE_NEWS_SOURCE,1.0,-1.0,,-1.0,0.33,1.0,5.0,1.0,COMPLETE,0.00754,200000,166,197,271,350,1.0,193562,2775,1628,2035,4,75,128
news-source-strategies,RQ1,E1-strategy-comparison,informational,1014,INFORMATIONAL_CAMOUFLAGE,TRADITIONAL_MEDIA,FAKE_NEWS_SOURCE,1.0,-1.0,,-1.0,0.33,1.0,5.0,1.0,COMPLETE,0.00282,200000,301,335,354,410,1.0,189745,4264,2508,3483,3,11,82
news-source-strategies,RQ1,E1-strategy-comparison,informational,1015,INFORMATIONAL_CAMOUFLAGE,TRADITIONAL_MEDIA,FAKE_NEWS_SOURCE,1.0,-1.0,,-1.0,0.33,1.0,5.0,1.0,COMPLETE,0.01204,200000,174,182,292,467,1.0,187289,5656,3252,3803,11,73,123
news-source-strategies,RQ1,E1-strategy-comparison,informational,1016,INFORMATIONAL_CAMOUFLAGE,TRADITIONAL_MEDIA,FAKE_NEWS_SOURCE,1.0,-1.0,,-1.0,0.33,1.0,5.0,1.0,COMPLETE,0.00924,200000,342,346,367,387,1.0,189748,3599,2533,4120,5,9,29
news-source-strategies,RQ1,E1-strategy-comparison,informational,1017,INFORMATIONAL_CAMOUFLAGE,TRADITIONAL_MEDIA,FAKE_NEWS_SOURCE,1.0,-1.0,,-1.0,0.33,1.0,5.0,1.0,COMPLETE,0.00966,200000,355,371,396,423,1.0,190172,3854,2536,3438,4,7,18
news-source-strategies,RQ1,E1-strategy-comparison,informational,1018,INFORMATIONAL_CAMOUFLAGE,TRADITIONAL_MEDIA,FAKE_NEWS_SOURCE,1.0,-1.0,,-1.0,0.33,1.0,5.0,1.0,COMPLETE,0.00554,200000,316,318,343,432,1.0,190266,4302,2460,2972,4,8,99
news-source-strategies,RQ1,E1-strategy-comparison,informational,1019,INFORMATIONAL_CAMOUFLAGE,TRADITIONAL_MEDIA,FAKE_NEWS_SOURCE,1.0,-1.0,,-1.0,0.33,1.0,5.0,1.0,COMPLETE,0.00314,200000,259,269,309,382,1.0,191632,3781,2007,2580,5,16,139
news-source-strategies,RQ1,E1-strategy-comparison,informational,1020,INFORMATIONAL_CAMOUFLAGE,TRADITIONAL_MEDIA,FAKE_NEWS_SOURCE,1.0,-1.0,,-1.0,0.33,1.0,5.0,1.0,COMPLETE,0.0095,200000,317,329,357,376,1.0,189151,3603,2233,5013,7,11,55
news-source-strategies,RQ1,E1-strategy-comparison,informational,1021,INFORMATIONAL_CAMOUFLAGE,TRADITIONAL_MEDIA,FAKE_NEWS_SOURCE,1.0,-1.0,,-1.0,0.33,1.0,5.0,1.0,COMPLETE,0.01816,200000,321,330,344,399,1.0,187522,5911,2604,3963,6,15,106
news-source-strategies,RQ1,E1-strategy-comparison,informational,1022,INFORMATIONAL_CAMOUFLAGE,TRADITIONAL_MEDIA,FAKE_NEWS_SOURCE,1.0,-1.0,,-1.0,0.33,1.0,5.0,1.0,COMPLETE,0.01342,200000,198,206,272,354,1.0,191465,3633,2332,2570,5,69,186
news-source-strategies,RQ1,E1-strategy-comparison,informational,1023,INFORMATIONAL_CAMOUFLAGE,TRADITIONAL_MEDIA,FAKE_NEWS_SOURCE,1.0,-1.0,,-1.0,0.33,1.0,5.0,1.0,COMPLETE,0.01114,200000,224,265,302,394,1.0,189993,3805,2692,3510,3,38,150
news-source-strategies,RQ1,E1-strategy-comparison,informational,1024,INFORMATIONAL_CAMOUFLAGE,TRADITIONAL_MEDIA,FAKE_NEWS_SOURCE,1.0,-1.0,,-1.0,0.33,1.0,5.0,1.0,COMPLETE,0.01048,200000,158,187,265,351,1.0,192197,3157,1977,2669,5,58,179
news-source-strategies,RQ1,E1-strategy-comparison,informational,1025,INFORMATIONAL_CAMOUFLAGE,TRADITIONAL_MEDIA,FAKE_NEWS_SOURCE,1.0,-1.0,,-1.0,0.33,1.0,5.0,1.0,COMPLETE,0.00648,200000,310,333,368,424,1.0,188309,3755,2393,5543,9,16,83
news-source-strategies,RQ1,E1-strategy-comparison,informational,1026,INFORMATIONAL_CAMOUFLAGE,TRADITIONAL_MEDIA,FAKE_NEWS_SOURCE,1.0,-1.0,,-1.0,0.33,1.0,5.0,1.0,COMPLETE,0.00232,200000,402,417,435,460,1.0,190688,3867,2434,3011,4,7,13
news-source-strategies,RQ1,E1-strategy-comparison,informational,1027,INFORMATIONAL_CAMOUFLAGE,TRADITIONAL_MEDIA,FAKE_NEWS_SOURCE,1.0,-1.0,,-1.0,0.33,1.0,5.0,1.0,COMPLETE,0.00614,200000,361,395,407,438,1.0,189807,4351,2587,3255,4,7,20
news-source-strategies,RQ1,E1-strategy-comparison,informational,1028,INFORMATIONAL_CAMOUFLAGE,TRADITIONAL_MEDIA,FAKE_NEWS_SOURCE,1.0,-1.0,,-1.0,0.33,1.0,5.0,1.0,COMPLETE,0.02544,200000,294,362,387,408,1.0,187916,4725,3327,4032,4,8,49
news-source-strategies,RQ1,E1-strategy-comparison,informational,1029,INFORMATIONAL_CAMOUFLAGE,TRADITIONAL_MEDIA,FAKE_NEWS_SOURCE,1.0,-1.0,,-1.0,0.33,1.0,5.0,1.0,COMPLETE,0.0165,200000,168,199,218,288,1.0,191917,3374,2137,2572,5,129,239
news-source-strategies,RQ1,E1-strategy-comparison,informational,1030,INFORMATIONAL_CAMOUFLAGE,TRADITIONAL_MEDIA,FAKE_NEWS_SOURCE,1.0,-1.0,,-1.0,0.33,1.0,5.0,1.0,COMPLETE,0.00652,200000,286,298,305,393,1.0,191315,4061,2135,2489,4,14,136
news-source-strategies,RQ1,E1-strategy-comparison,credibility,1001,CREDIBILITY_CAMOUFLAGE,TRADITIONAL_MEDIA,FAKE_NEWS_SOURCE,1.0,-1.0,,-1.0,0.33,1.0,5.0,1.0,COMPLETE,0.01208,200000,262,263,345,404,1.0,191275,3437,2324,2964,3,11,98
news-source-strategies,RQ1,E1-strategy-comparison,credibility,1002,CREDIBILITY_CAMOUFLAGE,TRADITIONAL_MEDIA,FAKE_NEWS_SOURCE,1.0,-1.0,,-1.0,0.33,1.0,5.0,1.0,COMPLETE,0.00276,200000,272,283,318,348,1.0,192966,2842,1721,2471,3,8,152
news-source-strategies,RQ1,E1-strategy-comparison,credibility,1003,CREDIBILITY_CAMOUFLAGE,TRADITIONAL_MEDIA,FAKE_NEWS_SOURCE,1.0,-1.0,,-1.0,0.33,1.0,5.0,1.0,COMPLETE,0.01076,200000,208,269,346,393,1.0,190129,4536,2404,2931,7,38,98
news-source-strategies,RQ1,E1-strategy-comparison,credibility,1004,CREDIBILITY_CAMOUFLAGE,TRADITIONAL_MEDIA,FAKE_NEWS_SOURCE,1.0,-1.0,,-1.0,0.33,1.0,5.0,1.0,COMPLETE,0.00508,200000,281,292,410,473,1.0,186817,5432,3338,4413,3,11,89
news-source-strategies,RQ1,E1-strategy-comparison,credibility,1005,CREDIBILITY_CAMOUFLAGE,TRADITIONAL_MEDIA,FAKE_NEWS_SOURCE,1.0,-1.0,,-1.0,0.33,1.0,5.0,1.0,COMPLETE,0.01396,200000,344,375,419,430,1.0,187145,5338,3212,4305,3,9,36
news-source-strategies,RQ1,E1-strategy-comparison,credibility,1006,CREDIBILITY_CAMOUFLAGE,TRADITIONAL_MEDIA,FAKE_NEWS_SOURCE,1.0,-1.0,,-1.0,0.33,1.0,5.0,1.0,COMPLETE,0.00826,200000,363,403,444,459,1.0,186678,4014,2882,6426,8,13,24
news-source-strategies,RQ1,E1-strategy-comparison,credibility,1007,CREDIBILITY_CAMOUFLAGE,TRADITIONAL_MEDIA,FAKE_NEWS_SOURCE,1.0,-1.0,,-1.0,0.33,1.0,5.0,1.0,COMPLETE,0.00566,200000,397,476,492,497,1.0,170183,18048,5143,6626,4,9,18
news-source-strategies,RQ1,E1-strategy-comparison,credibility,1008,CREDIBILITY_CAMOUFLAGE,TRADITIONAL_MEDIA,FAKE_NEWS_SOURCE,1.0,-1.0,,-1.0,0.33,1.0,5.0,1.0,COMPLETE,0.01312,200000,370,416,432,470,1.0,187305,5068,3309,4318,3,8,26
news-source-strategies,RQ1,E1-strategy-comparison,credibility,1009,CREDIBILITY_CAMOUFLAGE,TRADITIONAL_MEDIA,FAKE_NEWS_SOURCE,1.0,-1.0,,-1.0,0.33,1.0,5.0,1.0,COMPLETE,0.01182,200000,285,315,478,489,1.0,150721,37253,5434,6592,3,16,70
news-source-strategies,RQ1,E1-strategy-comparison,credibility,1010,CREDIBILITY_CAMOUFLAGE,TRADITIONAL_MEDIA,FAKE_NEWS_SOURCE,1.0,-1.0,,-1.0,0.33,1.0,5.0,1.0,COMPLETE,0.00424,200000,328,359,466,499,1.0,113508,72772,6025,7695,4,9,62
news-source-strategies,RQ1,E1-strategy-comparison,credibility,1011,CREDIBILITY_CAMOUFLAGE,TRADITIONAL_MEDIA,FAKE_NEWS_SOURCE,1.0,-1.0,,-1.0,0.33,1.0,5.0,1.0,COMPLETE,0.00286,200000,238,256,341,368,1.0,192817,2803,1783,2597,3,11,78
news-source-strategies,RQ1,E1-strategy-comparison,credibility,1012,CREDIBILITY_CAMOUFLAGE,TRADITIONAL_MEDIA,FAKE_NEWS_SOURCE,1.0,-1.0,,-1.0,0.33,1.0,5.0,1.0,COMPLETE,0.01428,200000,253,280,339,406,1.0,186830,4230,2740,6200,9,17,120
news-source-strategies,RQ1,E1-strategy-comparison,credibility,1013,CREDIBILITY_CAMOUFLAGE,TRADITIONAL_MEDIA,FAKE_NEWS_SOURCE,1.0,-1.0,,-1.0,0.33,1.0,5.0,1.0,COMPLETE,0.00752,200000,166,201,280,363,1.0,193128,2979,1707,2186,4,74,128
news-source-strategies,RQ1,E1-strategy-comparison,credibility,1014,CREDIBILITY_CAMOUFLAGE,TRADITIONAL_MEDIA,FAKE_NEWS_SOURCE,1.0,-1.0,,-1.0,0.33,1.0,5.0,1.0,COMPLETE,0.00274,200000,293,325,345,405,1.0,189757,4211,2539,3493,3,11,129
news-source-strategies,RQ1,E1-strategy-comparison,credibility,1015,CREDIBILITY_CAMOUFLAGE,TRADITIONAL_MEDIA,FAKE_NEWS_SOURCE,1.0,-1.0,,-1.0,0.33,1.0,5.0,1.0,COMPLETE,0.01168,200000,169,177,294,466,1.0,187254,5729,3200,3817,11,73,121
news-source-strategies,RQ1,E1-strategy-comparison,credibility,1016,CREDIBILITY_CAMOUFLAGE,TRADITIONAL_MEDIA,FAKE_NEWS_SOURCE,1.0,-1.0,,-1.0,0.33,1.0,5.0,1.0,COMPLETE,0.00876,200000,318,321,343,369,1.0,190166,3440,2318,4076,5,9,93
news-source-strategies,RQ1,E1-strategy-comparison,credibility,1017,CREDIBILITY_CAMOUFLAGE,TRADITIONAL_MEDIA,FAKE_NEWS_SOURCE,1.0,-1.0,,-1.0,0.33,1.0,5.0,1.0,COMPLETE,0.00952,200000,343,358,386,415,1.0,190201,3853,2495,3451,4,8,29
news-source-strategies,RQ1,E1-strategy-comparison,credibility,1018,CREDIBILITY_CAMOUFLAGE,TRADITIONAL_MEDIA,FAKE_NEWS_SOURCE,1.0,-1.0,,-1.0,0.33,1.0,5.0,1.0,COMPLETE,0.00508,200000,314,317,341,433,1.0,189909,4506,2389,3196,4,8,104
news-source-strategies,RQ1,E1-strategy-comparison,credibility,1019,CREDIBILITY_CAMOUFLAGE,TRADITIONAL_MEDIA,FAKE_NEWS_SOURCE,1.0,-1.0,,-1.0,0.33,1.0,5.0,1.0,COMPLETE,0.00314,200000,237,245,286,368,1.0,191970,3664,1840,2526,5,17,178
news-source-strategies,RQ1,E1-strategy-comparison,credibility,1020,CREDIBILITY_CAMOUFLAGE,TRADITIONAL_MEDIA,FAKE_NEWS_SOURCE,1.0,-1.0,,-1.0,0.33,1.0,5.0,1.0,COMPLETE,0.0092,200000,316,323,357,375,1.0,188914,3758,2174,5154,7,11,63
news-source-strategies,RQ1,E1-strategy-comparison,credibility,1021,CREDIBILITY_CAMOUFLAGE,TRADITIONAL_MEDIA,FAKE_NEWS_SOURCE,1.0,-1.0,,-1.0,0.33,1.0,5.0,1.0,COMPLETE,0.01316,200000,322,335,353,406,1.0,187818,5717,2446,4019,6,15,98
news-source-strategies,RQ1,E1-strategy-comparison,credibility,1022,CREDIBILITY_CAMOUFLAGE,TRADITIONAL_MEDIA,FAKE_NEWS_SOURCE,1.0,-1.0,,-1.0,0.33,1.0,5.0,1.0,COMPLETE,0.01274,200000,199,206,272,359,1.0,191553,3584,2260,2603,5,69,174
news-source-strategies,RQ1,E1-strategy-comparison,credibility,1023,CREDIBILITY_CAMOUFLAGE,TRADITIONAL_MEDIA,FAKE_NEWS_SOURCE,1.0,-1.0,,-1.0,0.33,1.0,5.0,1.0,COMPLETE,0.00976,200000,219,259,292,381,1.0,190311,3829,2441,3419,3,38,151
news-source-strategies,RQ1,E1-strategy-comparison,credibility,1024,CREDIBILITY_CAMOUFLAGE,TRADITIONAL_MEDIA,FAKE_NEWS_SOURCE,1.0,-1.0,,-1.0,0.33,1.0,5.0,1.0,COMPLETE,0.0096,200000,155,184,253,343,1.0,192141,3229,1913,2717,6,59,180
news-source-strategies,RQ1,E1-strategy-comparison,credibility,1025,CREDIBILITY_CAMOUFLAGE,TRADITIONAL_MEDIA,FAKE_NEWS_SOURCE,1.0,-1.0,,-1.0,0.33,1.0,5.0,1.0,COMPLETE,0.0065,200000,317,337,375,425,1.0,188004,3813,2331,5852,9,16,83
news-source-strategies,RQ1,E1-strategy-comparison,credibility,1026,CREDIBILITY_CAMOUFLAGE,TRADITIONAL_MEDIA,FAKE_NEWS_SOURCE,1.0,-1.0,,-1.0,0.33,1.0,5.0,1.0,COMPLETE,0.00216,200000,397,412,432,457,1.0,190879,3850,2268,3003,4,6,13
news-source-strategies,RQ1,E1-strategy-comparison,credibility,1027,CREDIBILITY_CAMOUFLAGE,TRADITIONAL_MEDIA,FAKE_NEWS_SOURCE,1.0,-1.0,,-1.0,0.33,1.0,5.0,1.0,COMPLETE,0.00632,200000,364,401,413,438,1.0,189351,4553,2639,3457,4,8,18
news-source-strategies,RQ1,E1-strategy-comparison,credibility,1028,CREDIBILITY_CAMOUFLAGE,TRADITIONAL_MEDIA,FAKE_NEWS_SOURCE,1.0,-1.0,,-1.0,0.33,1.0,5.0,1.0,COMPLETE,0.02366,200000,297,361,384,405,1.0,187841,4842,3209,4108,4,8,47
news-source-strategies,RQ1,E1-strategy-comparison,credibility,1029,CREDIBILITY_CAMOUFLAGE,TRADITIONAL_MEDIA,FAKE_NEWS_SOURCE,1.0,-1.0,,-1.0,0.33,1.0,5.0,1.0,COMPLETE,0.01556,200000,173,199,217,286,1.0,192042,3302,2044,2612,4,129,236
news-source-strategies,RQ1,E1-strategy-comparison,credibility,1030,CREDIBILITY_CAMOUFLAGE,TRADITIONAL_MEDIA,FAKE_NEWS_SOURCE,1.0,-1.0,,-1.0,0.33,1.0,5.0,1.0,COMPLETE,0.00596,200000,283,298,304,387,1.0,191456,4020,2041,2483,4,13,136
news-source-strategies,RQ1,E1-strategy-comparison,all,1001,"ENGAGEMENT,PROXIMITY,INFORMATIONAL_CAMOUFLAGE,CREDIBILITY_CAMOUFLAGE",TRADITIONAL_MEDIA,FAKE_NEWS_SOURCE,1.0,-1.0,,-1.0,0.33,1.0,5.0,1.0,COMPLETE,0.01452,200000,279,281,363,416,1.0,190589,3433,2960,3018,3,10,97
news-source-strategies,RQ1,E1-strategy-comparison,all,1002,"ENGAGEMENT,PROXIMITY,INFORMATIONAL_CAMOUFLAGE,CREDIBILITY_CAMOUFLAGE",TRADITIONAL_MEDIA,FAKE_NEWS_SOURCE,1.0,-1.0,,-1.0,0.33,1.0,5.0,1.0,COMPLETE,0.0029,200000,293,304,334,367,1.0,192527,2844,2186,2443,3,8,123
news-source-strategies,RQ1,E1-strategy-comparison,all,1003,"ENGAGEMENT,PROXIMITY,INFORMATIONAL_CAMOUFLAGE,CREDIBILITY_CAMOUFLAGE",TRADITIONAL_MEDIA,FAKE_NEWS_SOURCE,1.0,-1.0,,-1.0,0.33,1.0,5.0,1.0,COMPLETE,0.01368,200000,234,302,371,423,1.0,189373,4576,3123,2928,7,28,86
news-source-strategies,RQ1,E1-strategy-comparison,all,1004,"ENGAGEMENT,PROXIMITY,INFORMATIONAL_CAMOUFLAGE,CREDIBILITY_CAMOUFLAGE",TRADITIONAL_MEDIA,FAKE_NEWS_SOURCE,1.0,-1.0,,-1.0,0.33,1.0,5.0,1.0,COMPLETE,0.00844,200000,312,327,448,487,1.0,184816,5648,4580,4956,3,10,86
news-source-strategies,RQ1,E1-strategy-comparison,all,1005,"ENGAGEMENT,PROXIMITY,INFORMATIONAL_CAMOUFLAGE,CREDIBILITY_CAMOUFLAGE",TRADITIONAL_MEDIA,FAKE_NEWS_SOURCE,1.0,-1.0,,-1.0,0.33,1.0,5.0,1.0,COMPLETE,0.0182,200000,371,398,433,448,1.0,186095,5426,4115,4364,3,9,26
news-source-strategies,RQ1,E1-strategy-comparison,all,1006,"ENGAGEMENT,PROXIMITY,INFORMATIONAL_CAMOUFLAGE,CREDIBILITY_CAMOUFLAGE",TRADITIONAL_MEDIA,FAKE_NEWS_SOURCE,1.0,-1.0,,-1.0,0.33,1.0,5.0,1.0,COMPLETE,0.01028,200000,399,441,461,477,1.0,185733,4156,3768,6343,8,13,20
news-source-strategies,RQ1,E1-strategy-comparison,all,1007,"ENGAGEMENT,PROXIMITY,INFORMATIONAL_CAMOUFLAGE,CREDIBILITY_CAMOUFLAGE",TRADITIONAL_MEDIA,FAKE_NEWS_SOURCE,1.0,-1.0,,-1.0,0.33,1.0,5.0,1.0,COMPLETE,0.00848,200000,437,487,492,498,1.0,172910,13769,6624,6697,4,9,16
news-source-strategies,RQ1,E1-strategy-comparison,all,1008,"ENGAGEMENT,PROXIMITY,INFORMATIONAL_CAMOUFLAGE,CREDIBILITY_CAMOUFLAGE",TRADITIONAL_MEDIA,FAKE_NEWS_SOURCE,1.0,-1.0,,-1.0,0.33,1.0,5.0,1.0,COMPLETE,0.01742,200000,394,439,451,477,1.0,186349,5072,4286,4293,3,7,18
news-source-strategies,RQ1,E1-strategy-comparison,all,1009,"ENGAGEMENT,PROXIMITY,INFORMATIONAL_CAMOUFLAGE,CREDIBILITY_CAMOUFLAGE",TRADITIONAL_MEDIA,FAKE_NEWS_SOURCE,1.0,-1.0,,-1.0,0.33,1.0,5.0,1.0,COMPLETE,0.01566,200000,321,355,494,497,1.0,150004,35710,7318,6968,3,14,58
news-source-strategies,RQ1,E1-strategy-comparison,all,1010,"ENGAGEMENT,PROXIMITY,INFORMATIONAL_CAMOUFLAGE,CREDIBILITY_CAMOUFLAGE",TRADITIONAL_MEDIA,FAKE_NEWS_SOURCE,1.0,-1.0,,-1.0,0.33,1.0,5.0,1.0,COMPLETE,0.00542,200000,363,391,477,500,1.0,139839,48353,5857,5951,4,8,33
news-source-strategies,RQ1,E1-strategy-comparison,all,1011,"ENGAGEMENT,PROXIMITY,INFORMATIONAL_CAMOUFLAGE,CREDIBILITY_CAMOUFLAGE",TRADITIONAL_MEDIA,FAKE_NEWS_SOURCE,1.0,-1.0,,-1.0,0.33,1.0,5.0,1.0,COMPLETE,0.00336,200000,266,287,376,399,1.0,192205,2812,2319,2664,3,10,76
news-source-strategies,RQ1,E1-strategy-comparison,all,1012,"ENGAGEMENT,PROXIMITY,INFORMATIONAL_CAMOUFLAGE,CREDIBILITY_CAMOUFLAGE",TRADITIONAL_MEDIA,FAKE_NEWS_SOURCE,1.0,-1.0,,-1.0,0.33,1.0,5.0,1.0,COMPLETE,0.02046,200000,260,288,387,452,1.0,185489,4308,3903,6300,9,18,88
news-source-strategies,RQ1,E1-strategy-comparison,all,1013,"ENGAGEMENT,PROXIMITY,INFORMATIONAL_CAMOUFLAGE,CREDIBILITY_CAMOUFLAGE",TRADITIONAL_MEDIA,FAKE_NEWS_SOURCE,1.0,-1.0,,-1.0,0.33,1.0,5.0,1.0,COMPLETE,0.00864,200000,179,208,297,376,1.0,192834,2910,2110,2146,4,74,122
news-source-strategies,RQ1,E1-strategy-comparison,all,1014,"ENGAGEMENT,PROXIMITY,INFORMATIONAL_CAMOUFLAGE,CREDIBILITY_CAMOUFLAGE",TRADITIONAL_MEDIA,FAKE_NEWS_SOURCE,1.0,-1.0,,-1.0,0.33,1.0,5.0,1.0,COMPLETE,0.003,200000,319,358,377,427,1.0,189355,4115,3066,3464,3,11,47
news-source-strategies,RQ1,E1-strategy-comparison,all,1015,"ENGAGEMENT,PROXIMITY,INFORMATIONAL_CAMOUFLAGE,CREDIBILITY_CAMOUFLAGE",TRADITIONAL_MEDIA,FAKE_NEWS_SOURCE,1.0,-1.0,,-1.0,0.33,1.0,5.0,1.0,COMPLETE,0.015,200000,178,186,313,481,1.0,185860,5878,4166,4096,11,73,119
news-source-strategies,RQ1,E1-strategy-comparison,all,1016,"ENGAGEMENT,PROXIMITY,INFORMATIONAL_CAMOUFLAGE,CREDIBILITY_CAMOUFLAGE",TRADITIONAL_MEDIA,FAKE_NEWS_SOURCE,1.0,-1.0,,-1.0,0.33,1.0,5.0,1.0,COMPLETE,0.0123,200000,362,366,386,407,1.0,189492,3506,3018,3984,5,8,23
news-source-strategies,RQ1,E1-strategy-comparison,all,1017,"ENGAGEMENT,PROXIMITY,INFORMATIONAL_CAMOUFLAGE,CREDIBILITY_CAMOUFLAGE",TRADITIONAL_MEDIA,FAKE_NEWS_SOURCE,1.0,-1.0,,-1.0,0.33,1.0,5.0,1.0,COMPLETE,0.01454,200000,386,411,434,450,1.0,189162,4095,3267,3476,5,8,17
news-source-strategies,RQ1,E1-strategy-comparison,all,1018,"ENGAGEMENT,PROXIMITY,INFORMATIONAL_CAMOUFLAGE,CREDIBILITY_CAMOUFLAGE",TRADITIONAL_MEDIA,FAKE_NEWS_SOURCE,1.0,-1.0,,-1.0,0.33,1.0,5.0,1.0,COMPLETE,0.00678,200000,354,361,386,458,1.0,189307,4320,3250,3123,4,8,27
news-source-strategies,RQ1,E1-strategy-comparison,all,1019,"ENGAGEMENT,PROXIMITY,INFORMATIONAL_CAMOUFLAGE,CREDIBILITY_CAMOUFLAGE",TRADITIONAL_MEDIA,FAKE_NEWS_SOURCE,1.0,-1.0,,-1.0,0.33,1.0,5.0,1.0,COMPLETE,0.00382,200000,274,294,327,405,1.0,191073,3759,2487,2681,5,16,131
news-source-strategies,RQ1,E1-strategy-comparison,all,1020,"ENGAGEMENT,PROXIMITY,INFORMATIONAL_CAMOUFLAGE,CREDIBILITY_CAMOUFLAGE",TRADITIONAL_MEDIA,FAKE_NEWS_SOURCE,1.0,-1.0,,-1.0,0.33,1.0,5.0,1.0,COMPLETE,0.0131,200000,339,353,378,396,1.0,187963,3839,2940,5258,7,11,51
news-source-strategies,RQ1,E1-strategy-comparison,all,1021,"ENGAGEMENT,PROXIMITY,INFORMATIONAL_CAMOUFLAGE,CREDIBILITY_CAMOUFLAGE",TRADITIONAL_MEDIA,FAKE_NEWS_SOURCE,1.0,-1.0,,-1.0,0.33,1.0,5.0,1.0,COMPLETE,0.02528,200000,325,342,358,421,1.0,186587,5720,3501,4192,7,15,106
news-source-strategies,RQ1,E1-strategy-comparison,all,1022,"ENGAGEMENT,PROXIMITY,INFORMATIONAL_CAMOUFLAGE,CREDIBILITY_CAMOUFLAGE",TRADITIONAL_MEDIA,FAKE_NEWS_SOURCE,1.0,-1.0,,-1.0,0.33,1.0,5.0,1.0,COMPLETE,0.01688,200000,203,213,277,370,1.0,190929,3542,2952,2577,5,69,171
news-source-strategies,RQ1,E1-strategy-comparison,all,1023,"ENGAGEMENT,PROXIMITY,INFORMATIONAL_CAMOUFLAGE,CREDIBILITY_CAMOUFLAGE",TRADITIONAL_MEDIA,FAKE_NEWS_SOURCE,1.0,-1.0,,-1.0,0.33,1.0,5.0,1.0,COMPLETE,0.0152,200000,259,303,338,423,1.0,188476,4169,3658,3697,3,18,129
news-source-strategies,RQ1,E1-strategy-comparison,all,1024,"ENGAGEMENT,PROXIMITY,INFORMATIONAL_CAMOUFLAGE,CREDIBILITY_CAMOUFLAGE",TRADITIONAL_MEDIA,FAKE_NEWS_SOURCE,1.0,-1.0,,-1.0,0.33,1.0,5.0,1.0,COMPLETE,0.01164,200000,172,201,291,381,1.0,191619,3208,2457,2716,5,57,151
news-source-strategies,RQ1,E1-strategy-comparison,all,1025,"ENGAGEMENT,PROXIMITY,INFORMATIONAL_CAMOUFLAGE,CREDIBILITY_CAMOUFLAGE",TRADITIONAL_MEDIA,FAKE_NEWS_SOURCE,1.0,-1.0,,-1.0,0.33,1.0,5.0,1.0,COMPLETE,0.00704,200000,327,346,392,440,1.0,187906,3649,2842,5603,9,16,70
news-source-strategies,RQ1,E1-strategy-comparison,all,1026,"ENGAGEMENT,PROXIMITY,INFORMATIONAL_CAMOUFLAGE,CREDIBILITY_CAMOUFLAGE",TRADITIONAL_MEDIA,FAKE_NEWS_SOURCE,1.0,-1.0,,-1.0,0.33,1.0,5.0,1.0,COMPLETE,0.00222,200000,431,444,462,476,1.0,189912,3934,3023,3131,4,7,12
news-source-strategies,RQ1,E1-strategy-comparison,all,1027,"ENGAGEMENT,PROXIMITY,INFORMATIONAL_CAMOUFLAGE,CREDIBILITY_CAMOUFLAGE",TRADITIONAL_MEDIA,FAKE_NEWS_SOURCE,1.0,-1.0,,-1.0,0.33,1.0,5.0,1.0,COMPLETE,0.00748,200000,387,425,436,456,1.0,188789,4400,3328,3483,4,7,16
news-source-strategies,RQ1,E1-strategy-comparison,all,1028,"ENGAGEMENT,PROXIMITY,INFORMATIONAL_CAMOUFLAGE,CREDIBILITY_CAMOUFLAGE",TRADITIONAL_MEDIA,FAKE_NEWS_SOURCE,1.0,-1.0,,-1.0,0.33,1.0,5.0,1.0,COMPLETE,0.0393,200000,328,404,424,442,1.0,185617,5137,4837,4409,4,8,36
news-source-strategies,RQ1,E1-strategy-comparison,all,1029,"ENGAGEMENT,PROXIMITY,INFORMATIONAL_CAMOUFLAGE,CREDIBILITY_CAMOUFLAGE",TRADITIONAL_MEDIA,FAKE_NEWS_SOURCE,1.0,-1.0,,-1.0,0.33,1.0,5.0,1.0,COMPLETE,0.02434,200000,196,225,246,318,1.0,190450,3694,3062,2794,5,74,232
news-source-strategies,RQ1,E1-strategy-comparison,all,1030,"ENGAGEMENT,PROXIMITY,INFORMATIONAL_CAMOUFLAGE,CREDIBILITY_CAMOUFLAGE",TRADITIONAL_MEDIA,FAKE_NEWS_SOURCE,1.0,-1.0,,-1.0,0.33,1.0,5.0,1.0,COMPLETE,0.00822,200000,323,342,349,428,1.0,189929,4395,2945,2731,5,10,124
news-source-strategies,RQ2,E2-timing-duration,control,1001,NONE,,,,,,-1.0,0.33,1.0,5.0,1.0,COMPLETE,0.01126,200000,252,252,329,389,1.0,191104,3564,2232,3100,3,11,127
news-source-strategies,RQ2,E2-timing-duration,control,1002,NONE,,,,,,-1.0,0.33,1.0,5.0,1.0,COMPLETE,0.00262,200000,264,275,311,341,1.0,192626,3137,1699,2538,3,8,152
news-source-strategies,RQ2,E2-timing-duration,control,1003,NONE,,,,,,-1.0,0.33,1.0,5.0,1.0,COMPLETE,0.00964,200000,202,252,334,384,1.0,190277,4532,2246,2945,7,38,131
news-source-strategies,RQ2,E2-timing-duration,control,1004,NONE,,,,,,-1.0,0.33,1.0,5.0,1.0,COMPLETE,0.00538,200000,267,278,396,467,1.0,186843,5540,3143,4474,3,13,89
news-source-strategies,RQ2,E2-timing-duration,control,1005,NONE,,,,,,-1.0,0.33,1.0,5.0,1.0,COMPLETE,0.01264,200000,344,371,409,421,1.0,186839,5615,3067,4479,3,9,35
news-source-strategies,RQ2,E2-timing-duration,control,1006,NONE,,,,,,-1.0,0.33,1.0,5.0,1.0,COMPLETE,0.0085,200000,351,385,426,444,1.0,186884,4016,2674,6426,8,13,34
news-source-strategies,RQ2,E2-timing-duration,control,1007,NONE,,,,,,-1.0,0.33,1.0,5.0,1.0,COMPLETE,0.0059,200000,377,462,489,495,1.0,168057,19746,5029,7168,4,10,25
news-source-strategies,RQ2,E2-timing-duration,control,1008,NONE,,,,,,-1.0,0.33,1.0,5.0,1.0,COMPLETE,0.01206,200000,360,397,411,455,1.0,186705,5583,3175,4537,3,8,33
news-source-strategies,RQ2,E2-timing-duration,control,1009,NONE,,,,,,-1.0,0.33,1.0,5.0,1.0,COMPLETE,0.01194,200000,280,310,469,484,1.0,150729,37150,5271,6850,3,17,70
news-source-strategies,RQ2,E2-timing-duration,control,1010,NONE,,,,,,-1.0,0.33,1.0,5.0,1.0,COMPLETE,0.00402,200000,320,353,451,497,1.0,114359,72960,5297,7384,4,9,67
news-source-strategies,RQ2,E2-timing-duration,control,1011,NONE,,,,,,-1.0,0.33,1.0,5.0,1.0,COMPLETE,0.00282,200000,235,252,340,368,1.0,192359,3004,1844,2793,3,11,78
news-source-strategies,RQ2,E2-timing-duration,control,1012,NONE,,,,,,-1.0,0.33,1.0,5.0,1.0,COMPLETE,0.01344,200000,249,279,334,398,1.0,186774,4347,2596,6283,9,17,142
news-source-strategies,RQ2,E2-timing-duration,control,1013,NONE,,,,,,-1.0,0.33,1.0,5.0,1.0,COMPLETE,0.00708,200000,163,205,278,357,1.0,192870,3135,1662,2333,4,74,128
news-source-strategies,RQ2,E2-timing-duration,control,1014,NONE,,,,,,-1.0,0.33,1.0,5.0,1.0,COMPLETE,0.00284,200000,275,306,326,392,1.0,189667,4425,2338,3570,3,13,148
news-source-strategies,RQ2,E2-timing-duration,control,1015,NONE,,,,,,-1.0,0.33,1.0,5.0,1.0,COMPLETE,0.01062,200000,163,171,284,462,1.0,187496,5689,2938,3877,11,74,123
news-source-strategies,RQ2,E2-timing-duration,control,1016,NONE,,,,,,-1.0,0.33,1.0,5.0,1.0,COMPLETE,0.0083,200000,316,319,343,372,1.0,189810,3587,2349,4254,5,9,93
news-source-strategies,RQ2,E2-timing-duration,control,1017,NONE,,,,,,-1.0,0.33,1.0,5.0,1.0,COMPLETE,0.00958,200000,339,359,384,414,1.0,189824,4120,2471,3585,4,8,30
news-source-strategies,RQ2,E2-timing-duration,control,1018,NONE,,,,,,-1.0,0.33,1.0,5.0,1.0,COMPLETE,0.00554,200000,304,306,334,430,1.0,189529,4727,2390,3354,4,8,105
news-source-strategies,RQ2,E2-timing-duration,control,1019,NONE,,,,,,-1.0,0.33,1.0,5.0,1.0,COMPLETE,0.00332,200000,226,234,279,363,1.0,191720,3743,1818,2719,4,18,143
news-source-strategies,RQ2,E2-timing-duration,control,1020,NONE,,,,,,-1.0,0.33,1.0,5.0,1.0,COMPLETE,0.00804,200000,303,314,348,368,1.0,188564,4053,2137,5246,7,11,68
news-source-strategies,RQ2,E2-timing-duration,control,1021,NONE,,,,,,-1.0,0.33,1.0,5.0,1.0,COMPLETE,0.0159,200000,307,316,337,386,1.0,187213,6078,2425,4284,6,15,122
news-source-strategies,RQ2,E2-timing-duration,control,1022,NONE,,,,,,-1.0,0.33,1.0,5.0,1.0,COMPLETE,0.01196,200000,201,208,275,358,1.0,191124,3849,2212,2815,5,60,171
news-source-strategies,RQ2,E2-timing-duration,control,1023,NONE,,,,,,-1.0,0.33,1.0,5.0,1.0,COMPLETE,0.01056,200000,211,249,280,377,1.0,189664,4108,2531,3697,3,43,152
news-source-strategies,RQ2,E2-timing-duration,control,1024,NONE,,,,,,-1.0,0.33,1.0,5.0,1.0,COMPLETE,0.00968,200000,157,184,247,333,1.0,191922,3395,1848,2835,5,59,180
news-source-strategies,RQ2,E2-timing-duration,control,1025,NONE,,,,,,-1.0,0.33,1.0,5.0,1.0,COMPLETE,0.00588,200000,330,348,379,424,1.0,187477,4174,2275,6074,9,16,42
news-source-strategies,RQ2,E2-timing-duration,control,1026,NONE,,,,,,-1.0,0.33,1.0,5.0,1.0,COMPLETE,0.00222,200000,388,413,431,454,1.0,190120,4175,2411,3294,3,7,13
news-source-strategies,RQ2,E2-timing-duration,control,1027,NONE,,,,,,-1.0,0.33,1.0,5.0,1.0,COMPLETE,0.0066,200000,344,384,401,429,1.0,189267,4618,2529,3586,4,8,36
news-source-strategies,RQ2,E2-timing-duration,control,1028,NONE,,,,,,-1.0,0.33,1.0,5.0,1.0,COMPLETE,0.0237,200000,289,351,377,400,1.0,187173,5249,3176,4402,4,8,54
news-source-strategies,RQ2,E2-timing-duration,control,1029,NONE,,,,,,-1.0,0.33,1.0,5.0,1.0,COMPLETE,0.01412,200000,160,187,208,277,1.0,192024,3400,1912,2664,4,135,238
news-source-strategies,RQ2,E2-timing-duration,control,1030,NONE,,,,,,-1.0,0.33,1.0,5.0,1.0,COMPLETE,0.0065,200000,272,279,287,377,1.0,191190,4276,1998,2536,4,13,171
news-source-strategies,RQ2,E2-timing-duration,credibility_p1_d25,1001,CREDIBILITY_CAMOUFLAGE,TRADITIONAL_MEDIA,FAKE_NEWS_SOURCE,1.0,25.0,,-1.0,0.33,1.0,5.0,1.0,COMPLETE,0.01132,200000,262,263,339,398,1.0,191027,3607,2272,3094,3,10,127
news-source-strategies,RQ2,E2-timing-duration,credibility_p1_d25,1002,CREDIBILITY_CAMOUFLAGE,TRADITIONAL_MEDIA,FAKE_NEWS_SOURCE,1.0,25.0,,-1.0,0.33,1.0,5.0,1.0,COMPLETE,0.00262,200000,272,284,318,348,1.0,192721,3024,1709,2546,3,7,123
news-source-strategies,RQ2,E2-timing-duration,credibility_p1_d25,1003,CREDIBILITY_CAMOUFLAGE,TRADITIONAL_MEDIA,FAKE_NEWS_SOURCE,1.0,25.0,,-1.0,0.33,1.0,5.0,1.0,COMPLETE,0.00964,200000,208,266,346,390,1.0,190117,4553,2335,2995,7,38,89
news-source-strategies,RQ2,E2-timing-duration,credibility_p1_d25,1004,CREDIBILITY_CAMOUFLAGE,TRADITIONAL_MEDIA,FAKE_NEWS_SOURCE,1.0,25.0,,-1.0,0.33,1.0,5.0,1.0,COMPLETE,0.00538,200000,281,292,401,469,1.0,186664,5580,3220,4536,3,11,89
news-source-strategies,RQ2,E2-timing-duration,credibility_p1_d25,1005,CREDIBILITY_CAMOUFLAGE,TRADITIONAL_MEDIA,FAKE_NEWS_SOURCE,1.0,25.0,,-1.0,0.33,1.0,5.0,1.0,COMPLETE,0.01262,200000,344,370,406,418,1.0,187191,5458,3003,4348,3,9,35
news-source-strategies,RQ2,E2-timing-duration,credibility_p1_d25,1006,CREDIBILITY_CAMOUFLAGE,TRADITIONAL_MEDIA,FAKE_NEWS_SOURCE,1.0,25.0,,-1.0,0.33,1.0,5.0,1.0,COMPLETE,0.00848,200000,363,396,436,451,1.0,186907,3974,2712,6407,8,13,24
news-source-strategies,RQ2,E2-timing-duration,credibility_p1_d25,1007,CREDIBILITY_CAMOUFLAGE,TRADITIONAL_MEDIA,FAKE_NEWS_SOURCE,1.0,25.0,,-1.0,0.33,1.0,5.0,1.0,COMPLETE,0.0059,200000,397,478,496,499,1.0,169263,18686,4986,7065,4,9,18
news-source-strategies,RQ2,E2-timing-duration,credibility_p1_d25,1008,CREDIBILITY_CAMOUFLAGE,TRADITIONAL_MEDIA,FAKE_NEWS_SOURCE,1.0,25.0,,-1.0,0.33,1.0,5.0,1.0,COMPLETE,0.01208,200000,370,415,430,466,1.0,187036,5308,3214,4442,3,8,26
news-source-strategies,RQ2,E2-timing-duration,credibility_p1_d25,1009,CREDIBILITY_CAMOUFLAGE,TRADITIONAL_MEDIA,FAKE_NEWS_SOURCE,1.0,25.0,,-1.0,0.33,1.0,5.0,1.0,COMPLETE,0.01194,200000,285,315,469,484,1.0,150720,37181,5280,6819,3,16,70
news-source-strategies,RQ2,E2-timing-duration,credibility_p1_d25,1010,CREDIBILITY_CAMOUFLAGE,TRADITIONAL_MEDIA,FAKE_NEWS_SOURCE,1.0,25.0,,-1.0,0.33,1.0,5.0,1.0,COMPLETE,0.00402,200000,328,359,451,497,1.0,114171,73239,5255,7335,4,9,62
news-source-strategies,RQ2,E2-timing-duration,credibility_p1_d25,1011,CREDIBILITY_CAMOUFLAGE,TRADITIONAL_MEDIA,FAKE_NEWS_SOURCE,1.0,25.0,,-1.0,0.33,1.0,5.0,1.0,COMPLETE,0.00278,200000,238,256,340,367,1.0,192438,2967,1848,2747,3,11,76
news-source-strategies,RQ2,E2-timing-duration,credibility_p1_d25,1012,CREDIBILITY_CAMOUFLAGE,TRADITIONAL_MEDIA,FAKE_NEWS_SOURCE,1.0,25.0,,-1.0,0.33,1.0,5.0,1.0,COMPLETE,0.01344,200000,253,281,336,399,1.0,186824,4324,2586,6266,9,16,142
news-source-strategies,RQ2,E2-timing-duration,credibility_p1_d25,1013,CREDIBILITY_CAMOUFLAGE,TRADITIONAL_MEDIA,FAKE_NEWS_SOURCE,1.0,25.0,,-1.0,0.33,1.0,5.0,1.0,COMPLETE,0.00696,200000,166,201,276,355,1.0,192970,3100,1614,2316,4,74,128
news-source-strategies,RQ2,E2-timing-duration,credibility_p1_d25,1014,CREDIBILITY_CAMOUFLAGE,TRADITIONAL_MEDIA,FAKE_NEWS_SOURCE,1.0,25.0,,-1.0,0.33,1.0,5.0,1.0,COMPLETE,0.00278,200000,293,325,345,405,1.0,189502,4419,2456,3623,3,11,129
news-source-strategies,RQ2,E2-timing-duration,credibility_p1_d25,1015,CREDIBILITY_CAMOUFLAGE,TRADITIONAL_MEDIA,FAKE_NEWS_SOURCE,1.0,25.0,,-1.0,0.33,1.0,5.0,1.0,COMPLETE,0.01062,200000,169,177,290,462,1.0,187390,5752,2963,3895,11,73,123
news-source-strategies,RQ2,E2-timing-duration,credibility_p1_d25,1016,CREDIBILITY_CAMOUFLAGE,TRADITIONAL_MEDIA,FAKE_NEWS_SOURCE,1.0,25.0,,-1.0,0.33,1.0,5.0,1.0,COMPLETE,0.00822,200000,318,321,343,373,1.0,189855,3630,2294,4221,5,9,93
news-source-strategies,RQ2,E2-timing-duration,credibility_p1_d25,1017,CREDIBILITY_CAMOUFLAGE,TRADITIONAL_MEDIA,FAKE_NEWS_SOURCE,1.0,25.0,,-1.0,0.33,1.0,5.0,1.0,COMPLETE,0.00966,200000,343,358,386,415,1.0,189875,4067,2485,3573,4,8,29
news-source-strategies,RQ2,E2-timing-duration,credibility_p1_d25,1018,CREDIBILITY_CAMOUFLAGE,TRADITIONAL_MEDIA,FAKE_NEWS_SOURCE,1.0,25.0,,-1.0,0.33,1.0,5.0,1.0,COMPLETE,0.00554,200000,314,317,341,433,1.0,189598,4636,2397,3369,4,8,105
news-source-strategies,RQ2,E2-timing-duration,credibility_p1_d25,1019,CREDIBILITY_CAMOUFLAGE,TRADITIONAL_MEDIA,FAKE_NEWS_SOURCE,1.0,25.0,,-1.0,0.33,1.0,5.0,1.0,COMPLETE,0.00348,200000,237,245,286,367,1.0,191690,3779,1838,2693,4,17,142
news-source-strategies,RQ2,E2-timing-duration,credibility_p1_d25,1020,CREDIBILITY_CAMOUFLAGE,TRADITIONAL_MEDIA,FAKE_NEWS_SOURCE,1.0,25.0,,-1.0,0.33,1.0,5.0,1.0,COMPLETE,0.00808,200000,316,323,356,374,1.0,188840,3865,2104,5191,7,11,55
news-source-strategies,RQ2,E2-timing-duration,credibility_p1_d25,1021,CREDIBILITY_CAMOUFLAGE,TRADITIONAL_MEDIA,FAKE_NEWS_SOURCE,1.0,25.0,,-1.0,0.33,1.0,5.0,1.0,COMPLETE,0.01588,200000,322,335,353,399,1.0,187194,5989,2500,4317,6,15,98
news-source-strategies,RQ2,E2-timing-duration,credibility_p1_d25,1022,CREDIBILITY_CAMOUFLAGE,TRADITIONAL_MEDIA,FAKE_NEWS_SOURCE,1.0,25.0,,-1.0,0.33,1.0,5.0,1.0,COMPLETE,0.0119,200000,199,206,273,357,1.0,191270,3776,2188,2766,5,60,171
news-source-strategies,RQ2,E2-timing-duration,credibility_p1_d25,1023,CREDIBILITY_CAMOUFLAGE,TRADITIONAL_MEDIA,FAKE_NEWS_SOURCE,1.0,25.0,,-1.0,0.33,1.0,5.0,1.0,COMPLETE,0.01056,200000,219,257,288,381,1.0,189643,4149,2556,3652,3,38,151
news-source-strategies,RQ2,E2-timing-duration,credibility_p1_d25,1024,CREDIBILITY_CAMOUFLAGE,TRADITIONAL_MEDIA,FAKE_NEWS_SOURCE,1.0,25.0,,-1.0,0.33,1.0,5.0,1.0,COMPLETE,0.00968,200000,155,184,246,333,1.0,192063,3340,1839,2758,5,59,180
news-source-strategies,RQ2,E2-timing-duration,credibility_p1_d25,1025,CREDIBILITY_CAMOUFLAGE,TRADITIONAL_MEDIA,FAKE_NEWS_SOURCE,1.0,25.0,,-1.0,0.33,1.0,5.0,1.0,COMPLETE,0.00592,200000,317,337,372,418,1.0,187798,4026,2235,5941,9,16,70
news-source-strategies,RQ2,E2-timing-duration,credibility_p1_d25,1026,CREDIBILITY_CAMOUFLAGE,TRADITIONAL_MEDIA,FAKE_NEWS_SOURCE,1.0,25.0,,-1.0,0.33,1.0,5.0,1.0,COMPLETE,0.00232,200000,397,411,430,458,1.0,190449,4067,2311,3173,4,6,13
news-source-strategies,RQ2,E2-timing-duration,credibility_p1_d25,1027,CREDIBILITY_CAMOUFLAGE,TRADITIONAL_MEDIA,FAKE_NEWS_SOURCE,1.0,25.0,,-1.0,0.33,1.0,5.0,1.0,COMPLETE,0.00662,200000,364,399,411,439,1.0,188989,4728,2639,3644,4,8,18
news-source-strategies,RQ2,E2-timing-duration,credibility_p1_d25,1028,CREDIBILITY_CAMOUFLAGE,TRADITIONAL_MEDIA,FAKE_NEWS_SOURCE,1.0,25.0,,-1.0,0.33,1.0,5.0,1.0,COMPLETE,0.0237,200000,297,354,379,400,1.0,187371,5130,3176,4323,4,8,52
news-source-strategies,RQ2,E2-timing-duration,credibility_p1_d25,1029,CREDIBILITY_CAMOUFLAGE,TRADITIONAL_MEDIA,FAKE_NEWS_SOURCE,1.0,25.0,,-1.0,0.33,1.0,5.0,1.0,COMPLETE,0.01412,200000,173,199,217,285,1.0,191991,3405,1946,2658,4,129,236
news-source-strategies,RQ2,E2-timing-duration,credibility_p1_d25,1030,CREDIBILITY_CAMOUFLAGE,TRADITIONAL_MEDIA,FAKE_NEWS_SOURCE,1.0,25.0,,-1.0,0.33,1.0,5.0,1.0,COMPLETE,0.00652,200000,283,298,304,382,1.0,191334,4103,2009,2554,4,13,136
news-source-strategies,RQ2,E2-timing-duration,credibility_p1_d100,1001,CREDIBILITY_CAMOUFLAGE,TRADITIONAL_MEDIA,FAKE_NEWS_SOURCE,1.0,100.0,,-1.0,0.33,1.0,5.0,1.0,COMPLETE,0.0113,200000,262,263,345,403,1.0,191054,3586,2293,3067,3,10,98
news-source-strategies,RQ2,E2-timing-duration,credibility_p1_d100,1002,CREDIBILITY_CAMOUFLAGE,TRADITIONAL_MEDIA,FAKE_NEWS_SOURCE,1.0,100.0,,-1.0,0.33,1.0,5.0,1.0,COMPLETE,0.00262,200000,272,283,318,348,1.0,192850,2972,1688,2490,3,7,123
news-source-strategies,RQ2,E2-timing-duration,credibility_p1_d100,1003,CREDIBILITY_CAMOUFLAGE,TRADITIONAL_MEDIA,FAKE_NEWS_SOURCE,1.0,100.0,,-1.0,0.33,1.0,5.0,1.0,COMPLETE,0.00964,200000,208,269,346,391,1.0,190169,4514,2355,2962,7,38,89
news-source-strategies,RQ2,E2-timing-duration,credibility_p1_d100,1004,CREDIBILITY_CAMOUFLAGE,TRADITIONAL_MEDIA,FAKE_NEWS_SOURCE,1.0,100.0,,-1.0,0.33,1.0,5.0,1.0,COMPLETE,0.00538,200000,281,292,410,469,1.0,185926,5931,3413,4730,3,11,89
news-source-strategies,RQ2,E2-timing-duration,credibility_p1_d100,1005,CREDIBILITY_CAMOUFLAGE,TRADITIONAL_MEDIA,FAKE_NEWS_SOURCE,1.0,100.0,,-1.0,0.33,1.0,5.0,1.0,COMPLETE,0.01262,200000,344,375,419,429,1.0,187096,5465,3093,4346,3,9,36
news-source-strategies,RQ2,E2-timing-duration,credibility_p1_d100,1006,CREDIBILITY_CAMOUFLAGE,TRADITIONAL_MEDIA,FAKE_NEWS_SOURCE,1.0,100.0,,-1.0,0.33,1.0,5.0,1.0,COMPLETE,0.00848,200000,363,403,444,459,1.0,186570,4087,2871,6472,8,13,24
news-source-strategies,RQ2,E2-timing-duration,credibility_p1_d100,1007,CREDIBILITY_CAMOUFLAGE,TRADITIONAL_MEDIA,FAKE_NEWS_SOURCE,1.0,100.0,,-1.0,0.33,1.0,5.0,1.0,COMPLETE,0.0059,200000,397,476,492,496,1.0,170107,18179,5011,6703,4,9,18
news-source-strategies,RQ2,E2-timing-duration,credibility_p1_d100,1008,CREDIBILITY_CAMOUFLAGE,TRADITIONAL_MEDIA,FAKE_NEWS_SOURCE,1.0,100.0,,-1.0,0.33,1.0,5.0,1.0,COMPLETE,0.01208,200000,370,416,432,467,1.0,187072,5257,3245,4426,3,8,26
news-source-strategies,RQ2,E2-timing-duration,credibility_p1_d100,1009,CREDIBILITY_CAMOUFLAGE,TRADITIONAL_MEDIA,FAKE_NEWS_SOURCE,1.0,100.0,,-1.0,0.33,1.0,5.0,1.0,COMPLETE,0.01194,200000,285,315,478,490,1.0,150497,37338,5346,6819,3,16,70
news-source-strategies,RQ2,E2-timing-duration,credibility_p1_d100,1010,CREDIBILITY_CAMOUFLAGE,TRADITIONAL_MEDIA,FAKE_NEWS_SOURCE,1.0,100.0,,-1.0,0.33,1.0,5.0,1.0,COMPLETE,0.00412,200000,328,359,466,498,1.0,114836,72266,5503,7395,4,9,62
news-source-strategies,RQ2,E2-timing-duration,credibility_p1_d100,1011,CREDIBILITY_CAMOUFLAGE,TRADITIONAL_MEDIA,FAKE_NEWS_SOURCE,1.0,100.0,,-1.0,0.33,1.0,5.0,1.0,COMPLETE,0.00278,200000,238,256,341,368,1.0,192670,2880,1784,2666,3,11,78
news-source-strategies,RQ2,E2-timing-duration,credibility_p1_d100,1012,CREDIBILITY_CAMOUFLAGE,TRADITIONAL_MEDIA,FAKE_NEWS_SOURCE,1.0,100.0,,-1.0,0.33,1.0,5.0,1.0,COMPLETE,0.01344,200000,253,280,339,404,1.0,186818,4310,2634,6238,9,16,120
news-source-strategies,RQ2,E2-timing-duration,credibility_p1_d100,1013,CREDIBILITY_CAMOUFLAGE,TRADITIONAL_MEDIA,FAKE_NEWS_SOURCE,1.0,100.0,,-1.0,0.33,1.0,5.0,1.0,COMPLETE,0.00698,200000,166,201,280,357,1.0,193052,3039,1629,2280,4,74,128
news-source-strategies,RQ2,E2-timing-duration,credibility_p1_d100,1014,CREDIBILITY_CAMOUFLAGE,TRADITIONAL_MEDIA,FAKE_NEWS_SOURCE,1.0,100.0,,-1.0,0.33,1.0,5.0,1.0,COMPLETE,0.00278,200000,293,325,345,405,1.0,189613,4368,2437,3582,3,11,129
news-source-strategies,RQ2,E2-timing-duration,credibility_p1_d100,1015,CREDIBILITY_CAMOUFLAGE,TRADITIONAL_MEDIA,FAKE_NEWS_SOURCE,1.0,100.0,,-1.0,0.33,1.0,5.0,1.0,COMPLETE,0.0107,200000,169,177,294,463,1.0,187407,5766,2992,3835,11,73,120
news-source-strategies,RQ2,E2-timing-duration,credibility_p1_d100,1016,CREDIBILITY_CAMOUFLAGE,TRADITIONAL_MEDIA,FAKE_NEWS_SOURCE,1.0,100.0,,-1.0,0.33,1.0,5.0,1.0,COMPLETE,0.00824,200000,318,321,343,373,1.0,189910,3595,2300,4195,5,9,93
news-source-strategies,RQ2,E2-timing-duration,credibility_p1_d100,1017,CREDIBILITY_CAMOUFLAGE,TRADITIONAL_MEDIA,FAKE_NEWS_SOURCE,1.0,100.0,,-1.0,0.33,1.0,5.0,1.0,COMPLETE,0.00966,200000,343,358,386,415,1.0,189965,4020,2476,3539,4,8,29
news-source-strategies,RQ2,E2-timing-duration,credibility_p1_d100,1018,CREDIBILITY_CAMOUFLAGE,TRADITIONAL_MEDIA,FAKE_NEWS_SOURCE,1.0,100.0,,-1.0,0.33,1.0,5.0,1.0,COMPLETE,0.00554,200000,314,317,341,433,1.0,189639,4621,2385,3355,4,8,105
news-source-strategies,RQ2,E2-timing-duration,credibility_p1_d100,1019,CREDIBILITY_CAMOUFLAGE,TRADITIONAL_MEDIA,FAKE_NEWS_SOURCE,1.0,100.0,,-1.0,0.33,1.0,5.0,1.0,COMPLETE,0.00354,200000,237,245,286,367,1.0,191736,3749,1850,2665,4,17,142
news-source-strategies,RQ2,E2-timing-duration,credibility_p1_d100,1020,CREDIBILITY_CAMOUFLAGE,TRADITIONAL_MEDIA,FAKE_NEWS_SOURCE,1.0,100.0,,-1.0,0.33,1.0,5.0,1.0,COMPLETE,0.00808,200000,316,323,357,375,1.0,188888,3842,2093,5177,7,11,55
news-source-strategies,RQ2,E2-timing-duration,credibility_p1_d100,1021,CREDIBILITY_CAMOUFLAGE,TRADITIONAL_MEDIA,FAKE_NEWS_SOURCE,1.0,100.0,,-1.0,0.33,1.0,5.0,1.0,COMPLETE,0.01588,200000,322,335,353,402,1.0,187224,5967,2520,4289,6,15,98
news-source-strategies,RQ2,E2-timing-duration,credibility_p1_d100,1022,CREDIBILITY_CAMOUFLAGE,TRADITIONAL_MEDIA,FAKE_NEWS_SOURCE,1.0,100.0,,-1.0,0.33,1.0,5.0,1.0,COMPLETE,0.0119,200000,199,206,272,357,1.0,191384,3703,2199,2714,5,60,171
news-source-strategies,RQ2,E2-timing-duration,credibility_p1_d100,1023,CREDIBILITY_CAMOUFLAGE,TRADITIONAL_MEDIA,FAKE_NEWS_SOURCE,1.0,100.0,,-1.0,0.33,1.0,5.0,1.0,COMPLETE,0.01056,200000,219,259,292,382,1.0,189654,4132,2556,3658,3,38,151
news-source-strategies,RQ2,E2-timing-duration,credibility_p1_d100,1024,CREDIBILITY_CAMOUFLAGE,TRADITIONAL_MEDIA,FAKE_NEWS_SOURCE,1.0,100.0,,-1.0,0.33,1.0,5.0,1.0,COMPLETE,0.00968,200000,155,184,253,337,1.0,192012,3338,1876,2774,5,58,180
news-source-strategies,RQ2,E2-timing-duration,credibility_p1_d100,1025,CREDIBILITY_CAMOUFLAGE,TRADITIONAL_MEDIA,FAKE_NEWS_SOURCE,1.0,100.0,,-1.0,0.33,1.0,5.0,1.0,COMPLETE,0.00592,200000,317,337,375,420,1.0,187944,3905,2238,5913,9,16,70
news-source-strategies,RQ2,E2-timing-duration,credibility_p1_d100,1026,CREDIBILITY_CAMOUFLAGE,TRADITIONAL_MEDIA,FAKE_NEWS_SOURCE,1.0,100.0,,-1.0,0.33,1.0,5.0,1.0,COMPLETE,0.00232,200000,397,412,432,460,1.0,190484,4035,2332,3149,4,7,13
news-source-strategies,RQ2,E2-timing-duration,credibility_p1_d100,1027,CREDIBILITY_CAMOUFLAGE,TRADITIONAL_MEDIA,FAKE_NEWS_SOURCE,1.0,100.0,,-1.0,0.33,1.0,5.0,1.0,COMPLETE,0.00662,200000,364,401,413,441,1.0,189026,4710,2651,3613,4,8,19
news-source-strategies,RQ2,E2-timing-duration,credibility_p1_d100,1028,CREDIBILITY_CAMOUFLAGE,TRADITIONAL_MEDIA,FAKE_NEWS_SOURCE,1.0,100.0,,-1.0,0.33,1.0,5.0,1.0,COMPLETE,0.0237,200000,297,361,384,405,1.0,187440,5061,3217,4282,4,8,47
news-source-strategies,RQ2,E2-timing-duration,credibility_p1_d100,1029,CREDIBILITY_CAMOUFLAGE,TRADITIONAL_MEDIA,FAKE_NEWS_SOURCE,1.0,100.0,,-1.0,0.33,1.0,5.0,1.0,COMPLETE,0.01412,200000,173,199,217,285,1.0,192063,3385,1930,2622,4,129,236
news-source-strategies,RQ2,E2-timing-duration,credibility_p1_d100,1030,CREDIBILITY_CAMOUFLAGE,TRADITIONAL_MEDIA,FAKE_NEWS_SOURCE,1.0,100.0,,-1.0,0.33,1.0,5.0,1.0,COMPLETE,0.00652,200000,283,298,304,382,1.0,191352,4090,2014,2544,4,13,136
news-source-strategies,RQ2,E2-timing-duration,credibility_p1_permanent,1001,CREDIBILITY_CAMOUFLAGE,TRADITIONAL_MEDIA,FAKE_NEWS_SOURCE,1.0,-1.0,,-1.0,0.33,1.0,5.0,1.0,COMPLETE,0.01208,200000,262,263,345,404,1.0,191275,3437,2324,2964,3,11,98
news-source-strategies,RQ2,E2-timing-duration,credibility_p1_permanent,1002,CREDIBILITY_CAMOUFLAGE,TRADITIONAL_MEDIA,FAKE_NEWS_SOURCE,1.0,-1.0,,-1.0,0.33,1.0,5.0,1.0,COMPLETE,0.00276,200000,272,283,318,348,1.0,192966,2842,1721,2471,3,8,152
news-source-strategies,RQ2,E2-timing-duration,credibility_p1_permanent,1003,CREDIBILITY_CAMOUFLAGE,TRADITIONAL_MEDIA,FAKE_NEWS_SOURCE,1.0,-1.0,,-1.0,0.33,1.0,5.0,1.0,COMPLETE,0.01076,200000,208,269,346,393,1.0,190129,4536,2404,2931,7,38,98
news-source-strategies,RQ2,E2-timing-duration,credibility_p1_permanent,1004,CREDIBILITY_CAMOUFLAGE,TRADITIONAL_MEDIA,FAKE_NEWS_SOURCE,1.0,-1.0,,-1.0,0.33,1.0,5.0,1.0,COMPLETE,0.00508,200000,281,292,410,473,1.0,186817,5432,3338,4413,3,11,89
news-source-strategies,RQ2,E2-timing-duration,credibility_p1_permanent,1005,CREDIBILITY_CAMOUFLAGE,TRADITIONAL_MEDIA,FAKE_NEWS_SOURCE,1.0,-1.0,,-1.0,0.33,1.0,5.0,1.0,COMPLETE,0.01396,200000,344,375,419,430,1.0,187145,5338,3212,4305,3,9,36
news-source-strategies,RQ2,E2-timing-duration,credibility_p1_permanent,1006,CREDIBILITY_CAMOUFLAGE,TRADITIONAL_MEDIA,FAKE_NEWS_SOURCE,1.0,-1.0,,-1.0,0.33,1.0,5.0,1.0,COMPLETE,0.00826,200000,363,403,444,459,1.0,186678,4014,2882,6426,8,13,24
news-source-strategies,RQ2,E2-timing-duration,credibility_p1_permanent,1007,CREDIBILITY_CAMOUFLAGE,TRADITIONAL_MEDIA,FAKE_NEWS_SOURCE,1.0,-1.0,,-1.0,0.33,1.0,5.0,1.0,COMPLETE,0.00566,200000,397,476,492,497,1.0,170183,18048,5143,6626,4,9,18
news-source-strategies,RQ2,E2-timing-duration,credibility_p1_permanent,1008,CREDIBILITY_CAMOUFLAGE,TRADITIONAL_MEDIA,FAKE_NEWS_SOURCE,1.0,-1.0,,-1.0,0.33,1.0,5.0,1.0,COMPLETE,0.01312,200000,370,416,432,470,1.0,187305,5068,3309,4318,3,8,26
news-source-strategies,RQ2,E2-timing-duration,credibility_p1_permanent,1009,CREDIBILITY_CAMOUFLAGE,TRADITIONAL_MEDIA,FAKE_NEWS_SOURCE,1.0,-1.0,,-1.0,0.33,1.0,5.0,1.0,COMPLETE,0.01182,200000,285,315,478,489,1.0,150721,37253,5434,6592,3,16,70
news-source-strategies,RQ2,E2-timing-duration,credibility_p1_permanent,1010,CREDIBILITY_CAMOUFLAGE,TRADITIONAL_MEDIA,FAKE_NEWS_SOURCE,1.0,-1.0,,-1.0,0.33,1.0,5.0,1.0,COMPLETE,0.00424,200000,328,359,466,499,1.0,113508,72772,6025,7695,4,9,62
news-source-strategies,RQ2,E2-timing-duration,credibility_p1_permanent,1011,CREDIBILITY_CAMOUFLAGE,TRADITIONAL_MEDIA,FAKE_NEWS_SOURCE,1.0,-1.0,,-1.0,0.33,1.0,5.0,1.0,COMPLETE,0.00286,200000,238,256,341,368,1.0,192817,2803,1783,2597,3,11,78
news-source-strategies,RQ2,E2-timing-duration,credibility_p1_permanent,1012,CREDIBILITY_CAMOUFLAGE,TRADITIONAL_MEDIA,FAKE_NEWS_SOURCE,1.0,-1.0,,-1.0,0.33,1.0,5.0,1.0,COMPLETE,0.01428,200000,253,280,339,406,1.0,186830,4230,2740,6200,9,17,120
news-source-strategies,RQ2,E2-timing-duration,credibility_p1_permanent,1013,CREDIBILITY_CAMOUFLAGE,TRADITIONAL_MEDIA,FAKE_NEWS_SOURCE,1.0,-1.0,,-1.0,0.33,1.0,5.0,1.0,COMPLETE,0.00752,200000,166,201,280,363,1.0,193128,2979,1707,2186,4,74,128
news-source-strategies,RQ2,E2-timing-duration,credibility_p1_permanent,1014,CREDIBILITY_CAMOUFLAGE,TRADITIONAL_MEDIA,FAKE_NEWS_SOURCE,1.0,-1.0,,-1.0,0.33,1.0,5.0,1.0,COMPLETE,0.00274,200000,293,325,345,405,1.0,189757,4211,2539,3493,3,11,129
news-source-strategies,RQ2,E2-timing-duration,credibility_p1_permanent,1015,CREDIBILITY_CAMOUFLAGE,TRADITIONAL_MEDIA,FAKE_NEWS_SOURCE,1.0,-1.0,,-1.0,0.33,1.0,5.0,1.0,COMPLETE,0.01168,200000,169,177,294,466,1.0,187254,5729,3200,3817,11,73,121
news-source-strategies,RQ2,E2-timing-duration,credibility_p1_permanent,1016,CREDIBILITY_CAMOUFLAGE,TRADITIONAL_MEDIA,FAKE_NEWS_SOURCE,1.0,-1.0,,-1.0,0.33,1.0,5.0,1.0,COMPLETE,0.00876,200000,318,321,343,369,1.0,190166,3440,2318,4076,5,9,93
news-source-strategies,RQ2,E2-timing-duration,credibility_p1_permanent,1017,CREDIBILITY_CAMOUFLAGE,TRADITIONAL_MEDIA,FAKE_NEWS_SOURCE,1.0,-1.0,,-1.0,0.33,1.0,5.0,1.0,COMPLETE,0.00952,200000,343,358,386,415,1.0,190201,3853,2495,3451,4,8,29
news-source-strategies,RQ2,E2-timing-duration,credibility_p1_permanent,1018,CREDIBILITY_CAMOUFLAGE,TRADITIONAL_MEDIA,FAKE_NEWS_SOURCE,1.0,-1.0,,-1.0,0.33,1.0,5.0,1.0,COMPLETE,0.00508,200000,314,317,341,433,1.0,189909,4506,2389,3196,4,8,104
news-source-strategies,RQ2,E2-timing-duration,credibility_p1_permanent,1019,CREDIBILITY_CAMOUFLAGE,TRADITIONAL_MEDIA,FAKE_NEWS_SOURCE,1.0,-1.0,,-1.0,0.33,1.0,5.0,1.0,COMPLETE,0.00314,200000,237,245,286,368,1.0,191970,3664,1840,2526,5,17,178
news-source-strategies,RQ2,E2-timing-duration,credibility_p1_permanent,1020,CREDIBILITY_CAMOUFLAGE,TRADITIONAL_MEDIA,FAKE_NEWS_SOURCE,1.0,-1.0,,-1.0,0.33,1.0,5.0,1.0,COMPLETE,0.0092,200000,316,323,357,375,1.0,188914,3758,2174,5154,7,11,63
news-source-strategies,RQ2,E2-timing-duration,credibility_p1_permanent,1021,CREDIBILITY_CAMOUFLAGE,TRADITIONAL_MEDIA,FAKE_NEWS_SOURCE,1.0,-1.0,,-1.0,0.33,1.0,5.0,1.0,COMPLETE,0.01316,200000,322,335,353,406,1.0,187818,5717,2446,4019,6,15,98
news-source-strategies,RQ2,E2-timing-duration,credibility_p1_permanent,1022,CREDIBILITY_CAMOUFLAGE,TRADITIONAL_MEDIA,FAKE_NEWS_SOURCE,1.0,-1.0,,-1.0,0.33,1.0,5.0,1.0,COMPLETE,0.01274,200000,199,206,272,359,1.0,191553,3584,2260,2603,5,69,174
news-source-strategies,RQ2,E2-timing-duration,credibility_p1_permanent,1023,CREDIBILITY_CAMOUFLAGE,TRADITIONAL_MEDIA,FAKE_NEWS_SOURCE,1.0,-1.0,,-1.0,0.33,1.0,5.0,1.0,COMPLETE,0.00976,200000,219,259,292,381,1.0,190311,3829,2441,3419,3,38,151
news-source-strategies,RQ2,E2-timing-duration,credibility_p1_permanent,1024,CREDIBILITY_CAMOUFLAGE,TRADITIONAL_MEDIA,FAKE_NEWS_SOURCE,1.0,-1.0,,-1.0,0.33,1.0,5.0,1.0,COMPLETE,0.0096,200000,155,184,253,343,1.0,192141,3229,1913,2717,6,59,180
news-source-strategies,RQ2,E2-timing-duration,credibility_p1_permanent,1025,CREDIBILITY_CAMOUFLAGE,TRADITIONAL_MEDIA,FAKE_NEWS_SOURCE,1.0,-1.0,,-1.0,0.33,1.0,5.0,1.0,COMPLETE,0.0065,200000,317,337,375,425,1.0,188004,3813,2331,5852,9,16,83
news-source-strategies,RQ2,E2-timing-duration,credibility_p1_permanent,1026,CREDIBILITY_CAMOUFLAGE,TRADITIONAL_MEDIA,FAKE_NEWS_SOURCE,1.0,-1.0,,-1.0,0.33,1.0,5.0,1.0,COMPLETE,0.00216,200000,397,412,432,457,1.0,190879,3850,2268,3003,4,6,13
news-source-strategies,RQ2,E2-timing-duration,credibility_p1_permanent,1027,CREDIBILITY_CAMOUFLAGE,TRADITIONAL_MEDIA,FAKE_NEWS_SOURCE,1.0,-1.0,,-1.0,0.33,1.0,5.0,1.0,COMPLETE,0.00632,200000,364,401,413,438,1.0,189351,4553,2639,3457,4,8,18
news-source-strategies,RQ2,E2-timing-duration,credibility_p1_permanent,1028,CREDIBILITY_CAMOUFLAGE,TRADITIONAL_MEDIA,FAKE_NEWS_SOURCE,1.0,-1.0,,-1.0,0.33,1.0,5.0,1.0,COMPLETE,0.02366,200000,297,361,384,405,1.0,187841,4842,3209,4108,4,8,47
news-source-strategies,RQ2,E2-timing-duration,credibility_p1_permanent,1029,CREDIBILITY_CAMOUFLAGE,TRADITIONAL_MEDIA,FAKE_NEWS_SOURCE,1.0,-1.0,,-1.0,0.33,1.0,5.0,1.0,COMPLETE,0.01556,200000,173,199,217,286,1.0,192042,3302,2044,2612,4,129,236
news-source-strategies,RQ2,E2-timing-duration,credibility_p1_permanent,1030,CREDIBILITY_CAMOUFLAGE,TRADITIONAL_MEDIA,FAKE_NEWS_SOURCE,1.0,-1.0,,-1.0,0.33,1.0,5.0,1.0,COMPLETE,0.00596,200000,283,298,304,387,1.0,191456,4020,2041,2483,4,13,136
news-source-strategies,RQ2,E2-timing-duration,credibility_p101_d25,1001,CREDIBILITY_CAMOUFLAGE,TRADITIONAL_MEDIA,FAKE_NEWS_SOURCE,101.0,125.0,,-1.0,0.33,1.0,5.0,1.0,COMPLETE,0.01126,200000,252,252,329,389,1.0,191098,3566,2232,3104,3,11,127
news-source-strategies,RQ2,E2-timing-duration,credibility_p101_d25,1002,CREDIBILITY_CAMOUFLAGE,TRADITIONAL_MEDIA,FAKE_NEWS_SOURCE,101.0,125.0,,-1.0,0.33,1.0,5.0,1.0,COMPLETE,0.00262,200000,264,275,311,341,1.0,192643,3129,1697,2531,3,8,152
news-source-strategies,RQ2,E2-timing-duration,credibility_p101_d25,1003,CREDIBILITY_CAMOUFLAGE,TRADITIONAL_MEDIA,FAKE_NEWS_SOURCE,101.0,125.0,,-1.0,0.33,1.0,5.0,1.0,COMPLETE,0.00964,200000,202,252,334,384,1.0,190281,4531,2245,2943,7,38,131
news-source-strategies,RQ2,E2-timing-duration,credibility_p101_d25,1004,CREDIBILITY_CAMOUFLAGE,TRADITIONAL_MEDIA,FAKE_NEWS_SOURCE,101.0,125.0,,-1.0,0.33,1.0,5.0,1.0,COMPLETE,0.00538,200000,267,278,396,468,1.0,186901,5440,3172,4487,3,14,89
news-source-strategies,RQ2,E2-timing-duration,credibility_p101_d25,1005,CREDIBILITY_CAMOUFLAGE,TRADITIONAL_MEDIA,FAKE_NEWS_SOURCE,101.0,125.0,,-1.0,0.33,1.0,5.0,1.0,COMPLETE,0.01264,200000,344,371,409,421,1.0,186845,5611,3067,4477,3,9,35
news-source-strategies,RQ2,E2-timing-duration,credibility_p101_d25,1006,CREDIBILITY_CAMOUFLAGE,TRADITIONAL_MEDIA,FAKE_NEWS_SOURCE,101.0,125.0,,-1.0,0.33,1.0,5.0,1.0,COMPLETE,0.0085,200000,351,385,426,444,1.0,186916,4002,2663,6419,8,13,34
news-source-strategies,RQ2,E2-timing-duration,credibility_p101_d25,1007,CREDIBILITY_CAMOUFLAGE,TRADITIONAL_MEDIA,FAKE_NEWS_SOURCE,101.0,125.0,,-1.0,0.33,1.0,5.0,1.0,COMPLETE,0.0059,200000,377,462,489,495,1.0,168109,19729,5020,7142,4,10,25
news-source-strategies,RQ2,E2-timing-duration,credibility_p101_d25,1008,CREDIBILITY_CAMOUFLAGE,TRADITIONAL_MEDIA,FAKE_NEWS_SOURCE,101.0,125.0,,-1.0,0.33,1.0,5.0,1.0,COMPLETE,0.01206,200000,360,397,411,455,1.0,186715,5576,3177,4532,3,8,33
news-source-strategies,RQ2,E2-timing-duration,credibility_p101_d25,1009,CREDIBILITY_CAMOUFLAGE,TRADITIONAL_MEDIA,FAKE_NEWS_SOURCE,101.0,125.0,,-1.0,0.33,1.0,5.0,1.0,COMPLETE,0.01194,200000,280,310,469,485,1.0,150596,37184,5340,6880,3,17,70
news-source-strategies,RQ2,E2-timing-duration,credibility_p101_d25,1010,CREDIBILITY_CAMOUFLAGE,TRADITIONAL_MEDIA,FAKE_NEWS_SOURCE,101.0,125.0,,-1.0,0.33,1.0,5.0,1.0,COMPLETE,0.00402,200000,320,353,451,497,1.0,113992,73136,5382,7490,4,9,67
news-source-strategies,RQ2,E2-timing-duration,credibility_p101_d25,1011,CREDIBILITY_CAMOUFLAGE,TRADITIONAL_MEDIA,FAKE_NEWS_SOURCE,101.0,125.0,,-1.0,0.33,1.0,5.0,1.0,COMPLETE,0.00282,200000,235,252,340,368,1.0,192363,3003,1842,2792,3,11,78
news-source-strategies,RQ2,E2-timing-duration,credibility_p101_d25,1012,CREDIBILITY_CAMOUFLAGE,TRADITIONAL_MEDIA,FAKE_NEWS_SOURCE,101.0,125.0,,-1.0,0.33,1.0,5.0,1.0,COMPLETE,0.01344,200000,249,279,334,398,1.0,186789,4329,2607,6275,9,17,142
news-source-strategies,RQ2,E2-timing-duration,credibility_p101_d25,1013,CREDIBILITY_CAMOUFLAGE,TRADITIONAL_MEDIA,FAKE_NEWS_SOURCE,101.0,125.0,,-1.0,0.33,1.0,5.0,1.0,COMPLETE,0.00708,200000,163,205,278,357,1.0,192854,3140,1673,2333,4,74,128
news-source-strategies,RQ2,E2-timing-duration,credibility_p101_d25,1014,CREDIBILITY_CAMOUFLAGE,TRADITIONAL_MEDIA,FAKE_NEWS_SOURCE,101.0,125.0,,-1.0,0.33,1.0,5.0,1.0,COMPLETE,0.00284,200000,275,306,326,392,1.0,189668,4425,2338,3569,3,13,148
news-source-strategies,RQ2,E2-timing-duration,credibility_p101_d25,1015,CREDIBILITY_CAMOUFLAGE,TRADITIONAL_MEDIA,FAKE_NEWS_SOURCE,101.0,125.0,,-1.0,0.33,1.0,5.0,1.0,COMPLETE,0.01062,200000,163,171,284,466,1.0,187539,5671,2954,3836,11,75,123
news-source-strategies,RQ2,E2-timing-duration,credibility_p101_d25,1016,CREDIBILITY_CAMOUFLAGE,TRADITIONAL_MEDIA,FAKE_NEWS_SOURCE,101.0,125.0,,-1.0,0.33,1.0,5.0,1.0,COMPLETE,0.0083,200000,316,319,343,372,1.0,189843,3576,2347,4234,5,9,93
news-source-strategies,RQ2,E2-timing-duration,credibility_p101_d25,1017,CREDIBILITY_CAMOUFLAGE,TRADITIONAL_MEDIA,FAKE_NEWS_SOURCE,101.0,125.0,,-1.0,0.33,1.0,5.0,1.0,COMPLETE,0.00958,200000,339,359,384,414,1.0,189813,4120,2478,3589,4,8,30
news-source-strategies,RQ2,E2-timing-duration,credibility_p101_d25,1018,CREDIBILITY_CAMOUFLAGE,TRADITIONAL_MEDIA,FAKE_NEWS_SOURCE,101.0,125.0,,-1.0,0.33,1.0,5.0,1.0,COMPLETE,0.00554,200000,304,306,334,432,1.0,189523,4742,2396,3339,4,8,105
news-source-strategies,RQ2,E2-timing-duration,credibility_p101_d25,1019,CREDIBILITY_CAMOUFLAGE,TRADITIONAL_MEDIA,FAKE_NEWS_SOURCE,101.0,125.0,,-1.0,0.33,1.0,5.0,1.0,COMPLETE,0.00332,200000,226,234,279,363,1.0,191728,3740,1816,2716,4,18,143
news-source-strategies,RQ2,E2-timing-duration,credibility_p101_d25,1020,CREDIBILITY_CAMOUFLAGE,TRADITIONAL_MEDIA,FAKE_NEWS_SOURCE,101.0,125.0,,-1.0,0.33,1.0,5.0,1.0,COMPLETE,0.00804,200000,303,314,348,368,1.0,188564,4053,2137,5246,7,11,68
news-source-strategies,RQ2,E2-timing-duration,credibility_p101_d25,1021,CREDIBILITY_CAMOUFLAGE,TRADITIONAL_MEDIA,FAKE_NEWS_SOURCE,101.0,125.0,,-1.0,0.33,1.0,5.0,1.0,COMPLETE,0.0159,200000,307,316,337,390,1.0,187140,6097,2458,4305,6,15,122
news-source-strategies,RQ2,E2-timing-duration,credibility_p101_d25,1022,CREDIBILITY_CAMOUFLAGE,TRADITIONAL_MEDIA,FAKE_NEWS_SOURCE,101.0,125.0,,-1.0,0.33,1.0,5.0,1.0,COMPLETE,0.01196,200000,201,208,275,358,1.0,191139,3839,2216,2806,5,60,171
news-source-strategies,RQ2,E2-timing-duration,credibility_p101_d25,1023,CREDIBILITY_CAMOUFLAGE,TRADITIONAL_MEDIA,FAKE_NEWS_SOURCE,101.0,125.0,,-1.0,0.33,1.0,5.0,1.0,COMPLETE,0.01056,200000,211,249,280,377,1.0,189713,4098,2505,3684,3,43,152
news-source-strategies,RQ2,E2-timing-duration,credibility_p101_d25,1024,CREDIBILITY_CAMOUFLAGE,TRADITIONAL_MEDIA,FAKE_NEWS_SOURCE,101.0,125.0,,-1.0,0.33,1.0,5.0,1.0,COMPLETE,0.00968,200000,157,184,247,334,1.0,191916,3398,1858,2828,5,59,180
news-source-strategies,RQ2,E2-timing-duration,credibility_p101_d25,1025,CREDIBILITY_CAMOUFLAGE,TRADITIONAL_MEDIA,FAKE_NEWS_SOURCE,101.0,125.0,,-1.0,0.33,1.0,5.0,1.0,COMPLETE,0.00588,200000,330,348,379,424,1.0,187487,4170,2270,6073,9,16,42
news-source-strategies,RQ2,E2-timing-duration,credibility_p101_d25,1026,CREDIBILITY_CAMOUFLAGE,TRADITIONAL_MEDIA,FAKE_NEWS_SOURCE,101.0,125.0,,-1.0,0.33,1.0,5.0,1.0,COMPLETE,0.00222,200000,388,413,431,454,1.0,190207,4139,2388,3266,3,7,13
news-source-strategies,RQ2,E2-timing-duration,credibility_p101_d25,1027,CREDIBILITY_CAMOUFLAGE,TRADITIONAL_MEDIA,FAKE_NEWS_SOURCE,101.0,125.0,,-1.0,0.33,1.0,5.0,1.0,COMPLETE,0.0066,200000,344,384,401,429,1.0,189344,4578,2535,3543,4,8,36
news-source-strategies,RQ2,E2-timing-duration,credibility_p101_d25,1028,CREDIBILITY_CAMOUFLAGE,TRADITIONAL_MEDIA,FAKE_NEWS_SOURCE,101.0,125.0,,-1.0,0.33,1.0,5.0,1.0,COMPLETE,0.0237,200000,289,351,377,400,1.0,187186,5239,3174,4401,4,8,54
news-source-strategies,RQ2,E2-timing-duration,credibility_p101_d25,1029,CREDIBILITY_CAMOUFLAGE,TRADITIONAL_MEDIA,FAKE_NEWS_SOURCE,101.0,125.0,,-1.0,0.33,1.0,5.0,1.0,COMPLETE,0.01412,200000,160,187,208,277,1.0,192024,3400,1912,2664,4,135,238
news-source-strategies,RQ2,E2-timing-duration,credibility_p101_d25,1030,CREDIBILITY_CAMOUFLAGE,TRADITIONAL_MEDIA,FAKE_NEWS_SOURCE,101.0,125.0,,-1.0,0.33,1.0,5.0,1.0,COMPLETE,0.0065,200000,272,279,287,377,1.0,191205,4269,1997,2529,4,13,171
news-source-strategies,RQ2,E2-timing-duration,credibility_p101_d100,1001,CREDIBILITY_CAMOUFLAGE,TRADITIONAL_MEDIA,FAKE_NEWS_SOURCE,101.0,200.0,,-1.0,0.33,1.0,5.0,1.0,COMPLETE,0.01126,200000,252,252,329,390,1.0,191138,3535,2240,3087,3,11,127
news-source-strategies,RQ2,E2-timing-duration,credibility_p101_d100,1002,CREDIBILITY_CAMOUFLAGE,TRADITIONAL_MEDIA,FAKE_NEWS_SOURCE,101.0,200.0,,-1.0,0.33,1.0,5.0,1.0,COMPLETE,0.00262,200000,264,275,311,341,1.0,192691,3107,1688,2514,3,8,152
news-source-strategies,RQ2,E2-timing-duration,credibility_p101_d100,1003,CREDIBILITY_CAMOUFLAGE,TRADITIONAL_MEDIA,FAKE_NEWS_SOURCE,101.0,200.0,,-1.0,0.33,1.0,5.0,1.0,COMPLETE,0.00964,200000,202,252,334,385,1.0,190349,4500,2232,2919,7,38,131
news-source-strategies,RQ2,E2-timing-duration,credibility_p101_d100,1004,CREDIBILITY_CAMOUFLAGE,TRADITIONAL_MEDIA,FAKE_NEWS_SOURCE,101.0,200.0,,-1.0,0.33,1.0,5.0,1.0,COMPLETE,0.00538,200000,267,278,396,468,1.0,187064,5367,3154,4415,3,14,89
news-source-strategies,RQ2,E2-timing-duration,credibility_p101_d100,1005,CREDIBILITY_CAMOUFLAGE,TRADITIONAL_MEDIA,FAKE_NEWS_SOURCE,101.0,200.0,,-1.0,0.33,1.0,5.0,1.0,COMPLETE,0.01264,200000,344,371,409,422,1.0,186867,5593,3070,4470,3,9,35
news-source-strategies,RQ2,E2-timing-duration,credibility_p101_d100,1006,CREDIBILITY_CAMOUFLAGE,TRADITIONAL_MEDIA,FAKE_NEWS_SOURCE,101.0,200.0,,-1.0,0.33,1.0,5.0,1.0,COMPLETE,0.0085,200000,351,385,426,446,1.0,186918,3985,2678,6419,8,13,34
news-source-strategies,RQ2,E2-timing-duration,credibility_p101_d100,1007,CREDIBILITY_CAMOUFLAGE,TRADITIONAL_MEDIA,FAKE_NEWS_SOURCE,101.0,200.0,,-1.0,0.33,1.0,5.0,1.0,COMPLETE,0.0059,200000,377,462,489,495,1.0,168144,19664,5055,7137,4,10,25
news-source-strategies,RQ2,E2-timing-duration,credibility_p101_d100,1008,CREDIBILITY_CAMOUFLAGE,TRADITIONAL_MEDIA,FAKE_NEWS_SOURCE,101.0,200.0,,-1.0,0.33,1.0,5.0,1.0,COMPLETE,0.01206,200000,360,397,411,458,1.0,186790,5517,3183,4510,3,8,33
news-source-strategies,RQ2,E2-timing-duration,credibility_p101_d100,1009,CREDIBILITY_CAMOUFLAGE,TRADITIONAL_MEDIA,FAKE_NEWS_SOURCE,101.0,200.0,,-1.0,0.33,1.0,5.0,1.0,COMPLETE,0.01194,200000,280,310,469,486,1.0,150956,37030,5278,6736,3,17,70
news-source-strategies,RQ2,E2-timing-duration,credibility_p101_d100,1010,CREDIBILITY_CAMOUFLAGE,TRADITIONAL_MEDIA,FAKE_NEWS_SOURCE,101.0,200.0,,-1.0,0.33,1.0,5.0,1.0,COMPLETE,0.00402,200000,320,353,451,497,1.0,114375,72945,5394,7286,4,9,67
news-source-strategies,RQ2,E2-timing-duration,credibility_p101_d100,1011,CREDIBILITY_CAMOUFLAGE,TRADITIONAL_MEDIA,FAKE_NEWS_SOURCE,101.0,200.0,,-1.0,0.33,1.0,5.0,1.0,COMPLETE,0.00282,200000,235,252,340,368,1.0,192409,2978,1839,2774,3,11,78
news-source-strategies,RQ2,E2-timing-duration,credibility_p101_d100,1012,CREDIBILITY_CAMOUFLAGE,TRADITIONAL_MEDIA,FAKE_NEWS_SOURCE,101.0,200.0,,-1.0,0.33,1.0,5.0,1.0,COMPLETE,0.01344,200000,249,279,334,400,1.0,186813,4281,2630,6276,9,17,142
news-source-strategies,RQ2,E2-timing-duration,credibility_p101_d100,1013,CREDIBILITY_CAMOUFLAGE,TRADITIONAL_MEDIA,FAKE_NEWS_SOURCE,101.0,200.0,,-1.0,0.33,1.0,5.0,1.0,COMPLETE,0.00702,200000,163,205,278,363,1.0,192862,3124,1716,2298,4,74,128
news-source-strategies,RQ2,E2-timing-duration,credibility_p101_d100,1014,CREDIBILITY_CAMOUFLAGE,TRADITIONAL_MEDIA,FAKE_NEWS_SOURCE,101.0,200.0,,-1.0,0.33,1.0,5.0,1.0,COMPLETE,0.00282,200000,275,306,326,392,1.0,189675,4354,2413,3558,3,13,140
news-source-strategies,RQ2,E2-timing-duration,credibility_p101_d100,1015,CREDIBILITY_CAMOUFLAGE,TRADITIONAL_MEDIA,FAKE_NEWS_SOURCE,101.0,200.0,,-1.0,0.33,1.0,5.0,1.0,COMPLETE,0.01062,200000,163,171,284,465,1.0,187403,5638,3088,3871,11,75,123
news-source-strategies,RQ2,E2-timing-duration,credibility_p101_d100,1016,CREDIBILITY_CAMOUFLAGE,TRADITIONAL_MEDIA,FAKE_NEWS_SOURCE,101.0,200.0,,-1.0,0.33,1.0,5.0,1.0,COMPLETE,0.0083,200000,316,319,343,368,1.0,189915,3544,2339,4202,5,9,93
news-source-strategies,RQ2,E2-timing-duration,credibility_p101_d100,1017,CREDIBILITY_CAMOUFLAGE,TRADITIONAL_MEDIA,FAKE_NEWS_SOURCE,101.0,200.0,,-1.0,0.33,1.0,5.0,1.0,COMPLETE,0.00958,200000,339,359,384,414,1.0,189862,4091,2484,3563,4,8,30
news-source-strategies,RQ2,E2-timing-duration,credibility_p101_d100,1018,CREDIBILITY_CAMOUFLAGE,TRADITIONAL_MEDIA,FAKE_NEWS_SOURCE,101.0,200.0,,-1.0,0.33,1.0,5.0,1.0,COMPLETE,0.00554,200000,304,306,334,432,1.0,189655,4677,2413,3255,4,8,105
news-source-strategies,RQ2,E2-timing-duration,credibility_p101_d100,1019,CREDIBILITY_CAMOUFLAGE,TRADITIONAL_MEDIA,FAKE_NEWS_SOURCE,101.0,200.0,,-1.0,0.33,1.0,5.0,1.0,COMPLETE,0.00338,200000,226,234,279,364,1.0,191748,3731,1839,2682,4,18,178
news-source-strategies,RQ2,E2-timing-duration,credibility_p101_d100,1020,CREDIBILITY_CAMOUFLAGE,TRADITIONAL_MEDIA,FAKE_NEWS_SOURCE,101.0,200.0,,-1.0,0.33,1.0,5.0,1.0,COMPLETE,0.00804,200000,303,314,348,368,1.0,188587,4040,2133,5240,7,11,68
news-source-strategies,RQ2,E2-timing-duration,credibility_p101_d100,1021,CREDIBILITY_CAMOUFLAGE,TRADITIONAL_MEDIA,FAKE_NEWS_SOURCE,101.0,200.0,,-1.0,0.33,1.0,5.0,1.0,COMPLETE,0.0159,200000,307,316,337,391,1.0,187118,6120,2477,4285,6,15,122
news-source-strategies,RQ2,E2-timing-duration,credibility_p101_d100,1022,CREDIBILITY_CAMOUFLAGE,TRADITIONAL_MEDIA,FAKE_NEWS_SOURCE,101.0,200.0,,-1.0,0.33,1.0,5.0,1.0,COMPLETE,0.01196,200000,201,208,275,360,1.0,191275,3773,2200,2752,5,60,171
news-source-strategies,RQ2,E2-timing-duration,credibility_p101_d100,1023,CREDIBILITY_CAMOUFLAGE,TRADITIONAL_MEDIA,FAKE_NEWS_SOURCE,101.0,200.0,,-1.0,0.33,1.0,5.0,1.0,COMPLETE,0.01056,200000,211,249,280,377,1.0,189879,4020,2482,3619,3,43,152
news-source-strategies,RQ2,E2-timing-duration,credibility_p101_d100,1024,CREDIBILITY_CAMOUFLAGE,TRADITIONAL_MEDIA,FAKE_NEWS_SOURCE,101.0,200.0,,-1.0,0.33,1.0,5.0,1.0,COMPLETE,0.00968,200000,157,184,247,339,1.0,191932,3359,1878,2831,6,59,180
news-source-strategies,RQ2,E2-timing-duration,credibility_p101_d100,1025,CREDIBILITY_CAMOUFLAGE,TRADITIONAL_MEDIA,FAKE_NEWS_SOURCE,101.0,200.0,,-1.0,0.33,1.0,5.0,1.0,COMPLETE,0.00588,200000,330,348,379,428,1.0,187491,4144,2308,6057,9,16,42
news-source-strategies,RQ2,E2-timing-duration,credibility_p101_d100,1026,CREDIBILITY_CAMOUFLAGE,TRADITIONAL_MEDIA,FAKE_NEWS_SOURCE,101.0,200.0,,-1.0,0.33,1.0,5.0,1.0,COMPLETE,0.0022,200000,388,413,431,453,1.0,190423,4043,2357,3177,3,6,13
news-source-strategies,RQ2,E2-timing-duration,credibility_p101_d100,1027,CREDIBILITY_CAMOUFLAGE,TRADITIONAL_MEDIA,FAKE_NEWS_SOURCE,101.0,200.0,,-1.0,0.33,1.0,5.0,1.0,COMPLETE,0.0066,200000,344,384,401,428,1.0,189472,4537,2506,3485,4,8,36
news-source-strategies,RQ2,E2-timing-duration,credibility_p101_d100,1028,CREDIBILITY_CAMOUFLAGE,TRADITIONAL_MEDIA,FAKE_NEWS_SOURCE,101.0,200.0,,-1.0,0.33,1.0,5.0,1.0,COMPLETE,0.0237,200000,289,351,377,400,1.0,187262,5214,3152,4372,4,8,54
news-source-strategies,RQ2,E2-timing-duration,credibility_p101_d100,1029,CREDIBILITY_CAMOUFLAGE,TRADITIONAL_MEDIA,FAKE_NEWS_SOURCE,101.0,200.0,,-1.0,0.33,1.0,5.0,1.0,COMPLETE,0.01412,200000,160,187,208,278,1.0,192059,3376,1911,2654,4,135,239
news-source-strategies,RQ2,E2-timing-duration,credibility_p101_d100,1030,CREDIBILITY_CAMOUFLAGE,TRADITIONAL_MEDIA,FAKE_NEWS_SOURCE,101.0,200.0,,-1.0,0.33,1.0,5.0,1.0,COMPLETE,0.00658,200000,272,279,287,381,1.0,191058,4307,2079,2556,4,15,171
news-source-strategies,RQ2,E2-timing-duration,credibility_p101_permanent,1001,CREDIBILITY_CAMOUFLAGE,TRADITIONAL_MEDIA,FAKE_NEWS_SOURCE,101.0,-1.0,,-1.0,0.33,1.0,5.0,1.0,COMPLETE,0.01204,200000,252,252,329,390,1.0,191318,3418,2265,2999,3,11,150
news-source-strategies,RQ2,E2-timing-duration,credibility_p101_permanent,1002,CREDIBILITY_CAMOUFLAGE,TRADITIONAL_MEDIA,FAKE_NEWS_SOURCE,101.0,-1.0,,-1.0,0.33,1.0,5.0,1.0,COMPLETE,0.00276,200000,264,275,311,341,1.0,192745,3008,1730,2517,3,8,158
news-source-strategies,RQ2,E2-timing-duration,credibility_p101_permanent,1003,CREDIBILITY_CAMOUFLAGE,TRADITIONAL_MEDIA,FAKE_NEWS_SOURCE,101.0,-1.0,,-1.0,0.33,1.0,5.0,1.0,COMPLETE,0.01076,200000,202,252,334,385,1.0,190237,4554,2295,2914,7,38,134
news-source-strategies,RQ2,E2-timing-duration,credibility_p101_permanent,1004,CREDIBILITY_CAMOUFLAGE,TRADITIONAL_MEDIA,FAKE_NEWS_SOURCE,101.0,-1.0,,-1.0,0.33,1.0,5.0,1.0,COMPLETE,0.00508,200000,267,278,396,468,1.0,187380,5214,3125,4281,3,14,89
news-source-strategies,RQ2,E2-timing-duration,credibility_p101_permanent,1005,CREDIBILITY_CAMOUFLAGE,TRADITIONAL_MEDIA,FAKE_NEWS_SOURCE,101.0,-1.0,,-1.0,0.33,1.0,5.0,1.0,COMPLETE,0.01398,200000,344,371,409,422,1.0,186896,5485,3181,4438,3,9,36
news-source-strategies,RQ2,E2-timing-duration,credibility_p101_permanent,1006,CREDIBILITY_CAMOUFLAGE,TRADITIONAL_MEDIA,FAKE_NEWS_SOURCE,101.0,-1.0,,-1.0,0.33,1.0,5.0,1.0,COMPLETE,0.00828,200000,351,385,426,446,1.0,186995,3942,2683,6380,8,13,34
news-source-strategies,RQ2,E2-timing-duration,credibility_p101_permanent,1007,CREDIBILITY_CAMOUFLAGE,TRADITIONAL_MEDIA,FAKE_NEWS_SOURCE,101.0,-1.0,,-1.0,0.33,1.0,5.0,1.0,COMPLETE,0.00566,200000,377,462,489,495,1.0,168166,19612,5146,7076,4,10,25
news-source-strategies,RQ2,E2-timing-duration,credibility_p101_permanent,1008,CREDIBILITY_CAMOUFLAGE,TRADITIONAL_MEDIA,FAKE_NEWS_SOURCE,101.0,-1.0,,-1.0,0.33,1.0,5.0,1.0,COMPLETE,0.0131,200000,360,397,411,458,1.0,186938,5394,3239,4429,3,8,33
news-source-strategies,RQ2,E2-timing-duration,credibility_p101_permanent,1009,CREDIBILITY_CAMOUFLAGE,TRADITIONAL_MEDIA,FAKE_NEWS_SOURCE,101.0,-1.0,,-1.0,0.33,1.0,5.0,1.0,COMPLETE,0.01182,200000,280,310,469,486,1.0,150971,37048,5356,6625,3,17,70
news-source-strategies,RQ2,E2-timing-duration,credibility_p101_permanent,1010,CREDIBILITY_CAMOUFLAGE,TRADITIONAL_MEDIA,FAKE_NEWS_SOURCE,101.0,-1.0,,-1.0,0.33,1.0,5.0,1.0,COMPLETE,0.00424,200000,320,353,451,497,1.0,114337,72923,5465,7275,4,9,67
news-source-strategies,RQ2,E2-timing-duration,credibility_p101_permanent,1011,CREDIBILITY_CAMOUFLAGE,TRADITIONAL_MEDIA,FAKE_NEWS_SOURCE,101.0,-1.0,,-1.0,0.33,1.0,5.0,1.0,COMPLETE,0.0029,200000,235,252,340,368,1.0,192502,2927,1846,2725,3,11,78
news-source-strategies,RQ2,E2-timing-duration,credibility_p101_permanent,1012,CREDIBILITY_CAMOUFLAGE,TRADITIONAL_MEDIA,FAKE_NEWS_SOURCE,101.0,-1.0,,-1.0,0.33,1.0,5.0,1.0,COMPLETE,0.01428,200000,249,279,334,400,1.0,186749,4289,2709,6253,9,17,146
news-source-strategies,RQ2,E2-timing-duration,credibility_p101_permanent,1013,CREDIBILITY_CAMOUFLAGE,TRADITIONAL_MEDIA,FAKE_NEWS_SOURCE,101.0,-1.0,,-1.0,0.33,1.0,5.0,1.0,COMPLETE,0.00754,200000,163,205,278,363,1.0,192957,3071,1736,2236,4,74,128
news-source-strategies,RQ2,E2-timing-duration,credibility_p101_permanent,1014,CREDIBILITY_CAMOUFLAGE,TRADITIONAL_MEDIA,FAKE_NEWS_SOURCE,101.0,-1.0,,-1.0,0.33,1.0,5.0,1.0,COMPLETE,0.0028,200000,275,306,326,392,1.0,189812,4268,2440,3480,3,12,140
news-source-strategies,RQ2,E2-timing-duration,credibility_p101_permanent,1015,CREDIBILITY_CAMOUFLAGE,TRADITIONAL_MEDIA,FAKE_NEWS_SOURCE,101.0,-1.0,,-1.0,0.33,1.0,5.0,1.0,COMPLETE,0.01164,200000,163,171,284,465,1.0,187372,5649,3139,3840,11,75,123
news-source-strategies,RQ2,E2-timing-duration,credibility_p101_permanent,1016,CREDIBILITY_CAMOUFLAGE,TRADITIONAL_MEDIA,FAKE_NEWS_SOURCE,101.0,-1.0,,-1.0,0.33,1.0,5.0,1.0,COMPLETE,0.00882,200000,316,319,343,368,1.0,190064,3432,2369,4135,5,9,93
news-source-strategies,RQ2,E2-timing-duration,credibility_p101_permanent,1017,CREDIBILITY_CAMOUFLAGE,TRADITIONAL_MEDIA,FAKE_NEWS_SOURCE,101.0,-1.0,,-1.0,0.33,1.0,5.0,1.0,COMPLETE,0.00944,200000,339,359,384,414,1.0,190059,3952,2492,3497,4,8,30
news-source-strategies,RQ2,E2-timing-duration,credibility_p101_permanent,1018,CREDIBILITY_CAMOUFLAGE,TRADITIONAL_MEDIA,FAKE_NEWS_SOURCE,101.0,-1.0,,-1.0,0.33,1.0,5.0,1.0,COMPLETE,0.00506,200000,304,306,334,432,1.0,189813,4605,2385,3197,4,8,105
news-source-strategies,RQ2,E2-timing-duration,credibility_p101_permanent,1019,CREDIBILITY_CAMOUFLAGE,TRADITIONAL_MEDIA,FAKE_NEWS_SOURCE,101.0,-1.0,,-1.0,0.33,1.0,5.0,1.0,COMPLETE,0.003,200000,226,234,279,364,1.0,191947,3661,1811,2581,4,18,178
news-source-strategies,RQ2,E2-timing-duration,credibility_p101_permanent,1020,CREDIBILITY_CAMOUFLAGE,TRADITIONAL_MEDIA,FAKE_NEWS_SOURCE,101.0,-1.0,,-1.0,0.33,1.0,5.0,1.0,COMPLETE,0.00922,200000,303,314,348,368,1.0,188566,3984,2221,5229,7,11,72
news-source-strategies,RQ2,E2-timing-duration,credibility_p101_permanent,1021,CREDIBILITY_CAMOUFLAGE,TRADITIONAL_MEDIA,FAKE_NEWS_SOURCE,101.0,-1.0,,-1.0,0.33,1.0,5.0,1.0,COMPLETE,0.01318,200000,307,316,337,391,1.0,187799,5833,2349,4019,6,15,122
news-source-strategies,RQ2,E2-timing-duration,credibility_p101_permanent,1022,CREDIBILITY_CAMOUFLAGE,TRADITIONAL_MEDIA,FAKE_NEWS_SOURCE,101.0,-1.0,,-1.0,0.33,1.0,5.0,1.0,COMPLETE,0.01274,200000,201,208,275,360,1.0,191303,3726,2269,2702,5,60,171
news-source-strategies,RQ2,E2-timing-duration,credibility_p101_permanent,1023,CREDIBILITY_CAMOUFLAGE,TRADITIONAL_MEDIA,FAKE_NEWS_SOURCE,101.0,-1.0,,-1.0,0.33,1.0,5.0,1.0,COMPLETE,0.00976,200000,211,249,280,377,1.0,190321,3805,2416,3458,3,43,152
news-source-strategies,RQ2,E2-timing-duration,credibility_p101_permanent,1024,CREDIBILITY_CAMOUFLAGE,TRADITIONAL_MEDIA,FAKE_NEWS_SOURCE,101.0,-1.0,,-1.0,0.33,1.0,5.0,1.0,COMPLETE,0.0096,200000,157,184,247,339,1.0,192051,3286,1885,2778,6,59,180
news-source-strategies,RQ2,E2-timing-duration,credibility_p101_permanent,1025,CREDIBILITY_CAMOUFLAGE,TRADITIONAL_MEDIA,FAKE_NEWS_SOURCE,101.0,-1.0,,-1.0,0.33,1.0,5.0,1.0,COMPLETE,0.00646,200000,330,348,379,428,1.0,187541,4082,2364,6013,9,16,55
news-source-strategies,RQ2,E2-timing-duration,credibility_p101_permanent,1026,CREDIBILITY_CAMOUFLAGE,TRADITIONAL_MEDIA,FAKE_NEWS_SOURCE,101.0,-1.0,,-1.0,0.33,1.0,5.0,1.0,COMPLETE,0.00204,200000,388,413,431,453,1.0,190528,3992,2346,3134,3,6,13
news-source-strategies,RQ2,E2-timing-duration,credibility_p101_permanent,1027,CREDIBILITY_CAMOUFLAGE,TRADITIONAL_MEDIA,FAKE_NEWS_SOURCE,101.0,-1.0,,-1.0,0.33,1.0,5.0,1.0,COMPLETE,0.0063,200000,344,384,401,428,1.0,189592,4461,2517,3430,4,8,36
news-source-strategies,RQ2,E2-timing-duration,credibility_p101_permanent,1028,CREDIBILITY_CAMOUFLAGE,TRADITIONAL_MEDIA,FAKE_NEWS_SOURCE,101.0,-1.0,,-1.0,0.33,1.0,5.0,1.0,COMPLETE,0.02366,200000,289,351,377,400,1.0,187587,5020,3166,4227,4,8,53
news-source-strategies,RQ2,E2-timing-duration,credibility_p101_permanent,1029,CREDIBILITY_CAMOUFLAGE,TRADITIONAL_MEDIA,FAKE_NEWS_SOURCE,101.0,-1.0,,-1.0,0.33,1.0,5.0,1.0,COMPLETE,0.01556,200000,160,187,208,278,1.0,192003,3317,2026,2654,5,135,239
news-source-strategies,RQ2,E2-timing-duration,credibility_p101_permanent,1030,CREDIBILITY_CAMOUFLAGE,TRADITIONAL_MEDIA,FAKE_NEWS_SOURCE,101.0,-1.0,,-1.0,0.33,1.0,5.0,1.0,COMPLETE,0.00598,200000,272,279,287,381,1.0,191291,4210,2027,2472,4,14,171
news-source-strategies,RQ2,E2-timing-duration,credibility_p201_d25,1001,CREDIBILITY_CAMOUFLAGE,TRADITIONAL_MEDIA,FAKE_NEWS_SOURCE,201.0,225.0,,-1.0,0.33,1.0,5.0,1.0,COMPLETE,0.01126,200000,252,252,329,389,1.0,191109,3564,2236,3091,3,11,127
news-source-strategies,RQ2,E2-timing-duration,credibility_p201_d25,1002,CREDIBILITY_CAMOUFLAGE,TRADITIONAL_MEDIA,FAKE_NEWS_SOURCE,201.0,225.0,,-1.0,0.33,1.0,5.0,1.0,COMPLETE,0.00262,200000,264,275,311,341,1.0,192607,3095,1734,2564,3,8,158
news-source-strategies,RQ2,E2-timing-duration,credibility_p201_d25,1003,CREDIBILITY_CAMOUFLAGE,TRADITIONAL_MEDIA,FAKE_NEWS_SOURCE,201.0,225.0,,-1.0,0.33,1.0,5.0,1.0,COMPLETE,0.00964,200000,202,252,334,384,1.0,190277,4532,2246,2945,7,38,131
news-source-strategies,RQ2,E2-timing-duration,credibility_p201_d25,1004,CREDIBILITY_CAMOUFLAGE,TRADITIONAL_MEDIA,FAKE_NEWS_SOURCE,201.0,225.0,,-1.0,0.33,1.0,5.0,1.0,COMPLETE,0.00538,200000,267,278,396,467,1.0,186868,5532,3136,4464,3,13,89
news-source-strategies,RQ2,E2-timing-duration,credibility_p201_d25,1005,CREDIBILITY_CAMOUFLAGE,TRADITIONAL_MEDIA,FAKE_NEWS_SOURCE,201.0,225.0,,-1.0,0.33,1.0,5.0,1.0,COMPLETE,0.01264,200000,344,371,409,421,1.0,186904,5561,3067,4468,3,9,35
news-source-strategies,RQ2,E2-timing-duration,credibility_p201_d25,1006,CREDIBILITY_CAMOUFLAGE,TRADITIONAL_MEDIA,FAKE_NEWS_SOURCE,201.0,225.0,,-1.0,0.33,1.0,5.0,1.0,COMPLETE,0.0085,200000,351,385,426,444,1.0,186892,4008,2681,6419,8,13,34
news-source-strategies,RQ2,E2-timing-duration,credibility_p201_d25,1007,CREDIBILITY_CAMOUFLAGE,TRADITIONAL_MEDIA,FAKE_NEWS_SOURCE,201.0,225.0,,-1.0,0.33,1.0,5.0,1.0,COMPLETE,0.0059,200000,377,462,489,495,1.0,168040,19739,5056,7165,4,10,25
news-source-strategies,RQ2,E2-timing-duration,credibility_p201_d25,1008,CREDIBILITY_CAMOUFLAGE,TRADITIONAL_MEDIA,FAKE_NEWS_SOURCE,201.0,225.0,,-1.0,0.33,1.0,5.0,1.0,COMPLETE,0.01206,200000,360,397,411,455,1.0,186689,5599,3178,4534,3,8,33
news-source-strategies,RQ2,E2-timing-duration,credibility_p201_d25,1009,CREDIBILITY_CAMOUFLAGE,TRADITIONAL_MEDIA,FAKE_NEWS_SOURCE,201.0,225.0,,-1.0,0.33,1.0,5.0,1.0,COMPLETE,0.01194,200000,280,310,469,484,1.0,150697,37169,5311,6823,3,17,70
news-source-strategies,RQ2,E2-timing-duration,credibility_p201_d25,1010,CREDIBILITY_CAMOUFLAGE,TRADITIONAL_MEDIA,FAKE_NEWS_SOURCE,201.0,225.0,,-1.0,0.33,1.0,5.0,1.0,COMPLETE,0.00402,200000,320,353,451,497,1.0,114367,72958,5312,7363,4,9,67
news-source-strategies,RQ2,E2-timing-duration,credibility_p201_d25,1011,CREDIBILITY_CAMOUFLAGE,TRADITIONAL_MEDIA,FAKE_NEWS_SOURCE,201.0,225.0,,-1.0,0.33,1.0,5.0,1.0,COMPLETE,0.00282,200000,235,252,340,368,1.0,192367,2998,1845,2790,3,11,78
news-source-strategies,RQ2,E2-timing-duration,credibility_p201_d25,1012,CREDIBILITY_CAMOUFLAGE,TRADITIONAL_MEDIA,FAKE_NEWS_SOURCE,201.0,225.0,,-1.0,0.33,1.0,5.0,1.0,COMPLETE,0.01344,200000,249,279,334,398,1.0,186785,4341,2593,6281,9,17,142
news-source-strategies,RQ2,E2-timing-duration,credibility_p201_d25,1013,CREDIBILITY_CAMOUFLAGE,TRADITIONAL_MEDIA,FAKE_NEWS_SOURCE,201.0,225.0,,-1.0,0.33,1.0,5.0,1.0,COMPLETE,0.00708,200000,163,205,278,357,1.0,192868,3135,1664,2333,4,74,128
news-source-strategies,RQ2,E2-timing-duration,credibility_p201_d25,1014,CREDIBILITY_CAMOUFLAGE,TRADITIONAL_MEDIA,FAKE_NEWS_SOURCE,201.0,225.0,,-1.0,0.33,1.0,5.0,1.0,COMPLETE,0.00284,200000,275,306,326,392,1.0,189667,4424,2340,3569,3,13,148
news-source-strategies,RQ2,E2-timing-duration,credibility_p201_d25,1015,CREDIBILITY_CAMOUFLAGE,TRADITIONAL_MEDIA,FAKE_NEWS_SOURCE,201.0,225.0,,-1.0,0.33,1.0,5.0,1.0,COMPLETE,0.01062,200000,163,171,284,462,1.0,187522,5664,2939,3875,11,74,123
news-source-strategies,RQ2,E2-timing-duration,credibility_p201_d25,1016,CREDIBILITY_CAMOUFLAGE,TRADITIONAL_MEDIA,FAKE_NEWS_SOURCE,201.0,225.0,,-1.0,0.33,1.0,5.0,1.0,COMPLETE,0.0083,200000,316,319,343,372,1.0,189823,3578,2345,4254,5,9,93
news-source-strategies,RQ2,E2-timing-duration,credibility_p201_d25,1017,CREDIBILITY_CAMOUFLAGE,TRADITIONAL_MEDIA,FAKE_NEWS_SOURCE,201.0,225.0,,-1.0,0.33,1.0,5.0,1.0,COMPLETE,0.00958,200000,339,359,384,414,1.0,189849,4113,2465,3573,4,8,30
news-source-strategies,RQ2,E2-timing-duration,credibility_p201_d25,1018,CREDIBILITY_CAMOUFLAGE,TRADITIONAL_MEDIA,FAKE_NEWS_SOURCE,201.0,225.0,,-1.0,0.33,1.0,5.0,1.0,COMPLETE,0.00554,200000,304,306,334,430,1.0,189532,4726,2388,3354,4,8,105
news-source-strategies,RQ2,E2-timing-duration,credibility_p201_d25,1019,CREDIBILITY_CAMOUFLAGE,TRADITIONAL_MEDIA,FAKE_NEWS_SOURCE,201.0,225.0,,-1.0,0.33,1.0,5.0,1.0,COMPLETE,0.00332,200000,226,234,279,363,1.0,191727,3744,1816,2713,4,18,143
news-source-strategies,RQ2,E2-timing-duration,credibility_p201_d25,1020,CREDIBILITY_CAMOUFLAGE,TRADITIONAL_MEDIA,FAKE_NEWS_SOURCE,201.0,225.0,,-1.0,0.33,1.0,5.0,1.0,COMPLETE,0.00804,200000,303,314,348,368,1.0,188533,4033,2157,5277,7,11,68
news-source-strategies,RQ2,E2-timing-duration,credibility_p201_d25,1021,CREDIBILITY_CAMOUFLAGE,TRADITIONAL_MEDIA,FAKE_NEWS_SOURCE,201.0,225.0,,-1.0,0.33,1.0,5.0,1.0,COMPLETE,0.0159,200000,307,316,337,386,1.0,187237,6069,2422,4272,6,15,122
news-source-strategies,RQ2,E2-timing-duration,credibility_p201_d25,1022,CREDIBILITY_CAMOUFLAGE,TRADITIONAL_MEDIA,FAKE_NEWS_SOURCE,201.0,225.0,,-1.0,0.33,1.0,5.0,1.0,COMPLETE,0.01196,200000,201,208,275,358,1.0,191116,3852,2227,2805,5,60,171
news-source-strategies,RQ2,E2-timing-duration,credibility_p201_d25,1023,CREDIBILITY_CAMOUFLAGE,TRADITIONAL_MEDIA,FAKE_NEWS_SOURCE,201.0,225.0,,-1.0,0.33,1.0,5.0,1.0,COMPLETE,0.01058,200000,211,249,280,377,1.0,189654,4114,2539,3693,3,43,152
news-source-strategies,RQ2,E2-timing-duration,credibility_p201_d25,1024,CREDIBILITY_CAMOUFLAGE,TRADITIONAL_MEDIA,FAKE_NEWS_SOURCE,201.0,225.0,,-1.0,0.33,1.0,5.0,1.0,COMPLETE,0.00968,200000,157,184,247,333,1.0,191930,3394,1857,2819,6,59,180
news-source-strategies,RQ2,E2-timing-duration,credibility_p201_d25,1025,CREDIBILITY_CAMOUFLAGE,TRADITIONAL_MEDIA,FAKE_NEWS_SOURCE,201.0,225.0,,-1.0,0.33,1.0,5.0,1.0,COMPLETE,0.00588,200000,330,348,379,424,1.0,187499,4158,2274,6069,9,16,42
news-source-strategies,RQ2,E2-timing-duration,credibility_p201_d25,1026,CREDIBILITY_CAMOUFLAGE,TRADITIONAL_MEDIA,FAKE_NEWS_SOURCE,201.0,225.0,,-1.0,0.33,1.0,5.0,1.0,COMPLETE,0.00222,200000,388,413,431,454,1.0,190137,4164,2408,3291,3,7,13
news-source-strategies,RQ2,E2-timing-duration,credibility_p201_d25,1027,CREDIBILITY_CAMOUFLAGE,TRADITIONAL_MEDIA,FAKE_NEWS_SOURCE,201.0,225.0,,-1.0,0.33,1.0,5.0,1.0,COMPLETE,0.0066,200000,344,384,401,429,1.0,189279,4614,2526,3581,4,8,36
news-source-strategies,RQ2,E2-timing-duration,credibility_p201_d25,1028,CREDIBILITY_CAMOUFLAGE,TRADITIONAL_MEDIA,FAKE_NEWS_SOURCE,201.0,225.0,,-1.0,0.33,1.0,5.0,1.0,COMPLETE,0.02368,200000,289,351,377,400,1.0,187258,5214,3156,4372,4,8,54
news-source-strategies,RQ2,E2-timing-duration,credibility_p201_d25,1029,CREDIBILITY_CAMOUFLAGE,TRADITIONAL_MEDIA,FAKE_NEWS_SOURCE,201.0,225.0,,-1.0,0.33,1.0,5.0,1.0,COMPLETE,0.01412,200000,160,187,208,277,1.0,192038,3393,1910,2659,4,135,238
news-source-strategies,RQ2,E2-timing-duration,credibility_p201_d25,1030,CREDIBILITY_CAMOUFLAGE,TRADITIONAL_MEDIA,FAKE_NEWS_SOURCE,201.0,225.0,,-1.0,0.33,1.0,5.0,1.0,COMPLETE,0.0065,200000,272,279,287,377,1.0,191227,4259,1990,2524,4,13,171
news-source-strategies,RQ2,E2-timing-duration,credibility_p201_d100,1001,CREDIBILITY_CAMOUFLAGE,TRADITIONAL_MEDIA,FAKE_NEWS_SOURCE,201.0,300.0,,-1.0,0.33,1.0,5.0,1.0,COMPLETE,0.01112,200000,252,252,329,389,1.0,191272,3490,2210,3028,3,11,127
news-source-strategies,RQ2,E2-timing-duration,credibility_p201_d100,1002,CREDIBILITY_CAMOUFLAGE,TRADITIONAL_MEDIA,FAKE_NEWS_SOURCE,201.0,300.0,,-1.0,0.33,1.0,5.0,1.0,COMPLETE,0.00262,200000,264,275,311,341,1.0,192668,3046,1734,2552,3,8,158
news-source-strategies,RQ2,E2-timing-duration,credibility_p201_d100,1003,CREDIBILITY_CAMOUFLAGE,TRADITIONAL_MEDIA,FAKE_NEWS_SOURCE,201.0,300.0,,-1.0,0.33,1.0,5.0,1.0,COMPLETE,0.00962,200000,202,252,334,384,1.0,190289,4518,2252,2941,7,38,131
news-source-strategies,RQ2,E2-timing-duration,credibility_p201_d100,1004,CREDIBILITY_CAMOUFLAGE,TRADITIONAL_MEDIA,FAKE_NEWS_SOURCE,201.0,300.0,,-1.0,0.33,1.0,5.0,1.0,COMPLETE,0.0051,200000,267,278,396,467,1.0,187108,5412,3114,4366,3,13,89
news-source-strategies,RQ2,E2-timing-duration,credibility_p201_d100,1005,CREDIBILITY_CAMOUFLAGE,TRADITIONAL_MEDIA,FAKE_NEWS_SOURCE,201.0,300.0,,-1.0,0.33,1.0,5.0,1.0,COMPLETE,0.01274,200000,344,371,409,421,1.0,186939,5507,3116,4438,3,9,35
news-source-strategies,RQ2,E2-timing-duration,credibility_p201_d100,1006,CREDIBILITY_CAMOUFLAGE,TRADITIONAL_MEDIA,FAKE_NEWS_SOURCE,201.0,300.0,,-1.0,0.33,1.0,5.0,1.0,COMPLETE,0.00842,200000,351,385,426,444,1.0,186962,3973,2685,6380,8,13,34
news-source-strategies,RQ2,E2-timing-duration,credibility_p201_d100,1007,CREDIBILITY_CAMOUFLAGE,TRADITIONAL_MEDIA,FAKE_NEWS_SOURCE,201.0,300.0,,-1.0,0.33,1.0,5.0,1.0,COMPLETE,0.00562,200000,377,462,489,495,1.0,167986,19746,5120,7148,4,10,25
news-source-strategies,RQ2,E2-timing-duration,credibility_p201_d100,1008,CREDIBILITY_CAMOUFLAGE,TRADITIONAL_MEDIA,FAKE_NEWS_SOURCE,201.0,300.0,,-1.0,0.33,1.0,5.0,1.0,COMPLETE,0.01208,200000,360,397,411,455,1.0,186761,5558,3181,4500,3,8,33
news-source-strategies,RQ2,E2-timing-duration,credibility_p201_d100,1009,CREDIBILITY_CAMOUFLAGE,TRADITIONAL_MEDIA,FAKE_NEWS_SOURCE,201.0,300.0,,-1.0,0.33,1.0,5.0,1.0,COMPLETE,0.01218,200000,280,310,469,484,1.0,150655,37207,5356,6782,3,17,70
news-source-strategies,RQ2,E2-timing-duration,credibility_p201_d100,1010,CREDIBILITY_CAMOUFLAGE,TRADITIONAL_MEDIA,FAKE_NEWS_SOURCE,201.0,300.0,,-1.0,0.33,1.0,5.0,1.0,COMPLETE,0.0043,200000,320,353,451,497,1.0,114307,72935,5377,7381,4,9,67
news-source-strategies,RQ2,E2-timing-duration,credibility_p201_d100,1011,CREDIBILITY_CAMOUFLAGE,TRADITIONAL_MEDIA,FAKE_NEWS_SOURCE,201.0,300.0,,-1.0,0.33,1.0,5.0,1.0,COMPLETE,0.0028,200000,235,252,340,368,1.0,192417,2964,1847,2772,3,11,78
news-source-strategies,RQ2,E2-timing-duration,credibility_p201_d100,1012,CREDIBILITY_CAMOUFLAGE,TRADITIONAL_MEDIA,FAKE_NEWS_SOURCE,201.0,300.0,,-1.0,0.33,1.0,5.0,1.0,COMPLETE,0.0135,200000,249,279,334,398,1.0,186695,4384,2633,6288,9,17,142
news-source-strategies,RQ2,E2-timing-duration,credibility_p201_d100,1013,CREDIBILITY_CAMOUFLAGE,TRADITIONAL_MEDIA,FAKE_NEWS_SOURCE,201.0,300.0,,-1.0,0.33,1.0,5.0,1.0,COMPLETE,0.00706,200000,163,205,278,357,1.0,192929,3108,1657,2306,4,74,128
news-source-strategies,RQ2,E2-timing-duration,credibility_p201_d100,1014,CREDIBILITY_CAMOUFLAGE,TRADITIONAL_MEDIA,FAKE_NEWS_SOURCE,201.0,300.0,,-1.0,0.33,1.0,5.0,1.0,COMPLETE,0.00272,200000,275,306,326,392,1.0,189798,4345,2356,3501,3,12,148
news-source-strategies,RQ2,E2-timing-duration,credibility_p201_d100,1015,CREDIBILITY_CAMOUFLAGE,TRADITIONAL_MEDIA,FAKE_NEWS_SOURCE,201.0,300.0,,-1.0,0.33,1.0,5.0,1.0,COMPLETE,0.0106,200000,163,171,284,462,1.0,187545,5655,2934,3866,11,74,123
news-source-strategies,RQ2,E2-timing-duration,credibility_p201_d100,1016,CREDIBILITY_CAMOUFLAGE,TRADITIONAL_MEDIA,FAKE_NEWS_SOURCE,201.0,300.0,,-1.0,0.33,1.0,5.0,1.0,COMPLETE,0.00796,200000,316,319,343,372,1.0,189951,3508,2336,4205,5,9,93
news-source-strategies,RQ2,E2-timing-duration,credibility_p201_d100,1017,CREDIBILITY_CAMOUFLAGE,TRADITIONAL_MEDIA,FAKE_NEWS_SOURCE,201.0,300.0,,-1.0,0.33,1.0,5.0,1.0,COMPLETE,0.00946,200000,339,359,384,414,1.0,189876,4097,2480,3547,4,8,30
news-source-strategies,RQ2,E2-timing-duration,credibility_p201_d100,1018,CREDIBILITY_CAMOUFLAGE,TRADITIONAL_MEDIA,FAKE_NEWS_SOURCE,201.0,300.0,,-1.0,0.33,1.0,5.0,1.0,COMPLETE,0.00512,200000,304,306,334,430,1.0,189641,4679,2361,3319,4,8,105
news-source-strategies,RQ2,E2-timing-duration,credibility_p201_d100,1019,CREDIBILITY_CAMOUFLAGE,TRADITIONAL_MEDIA,FAKE_NEWS_SOURCE,201.0,300.0,,-1.0,0.33,1.0,5.0,1.0,COMPLETE,0.00332,200000,226,234,279,363,1.0,191817,3723,1811,2649,4,18,143
news-source-strategies,RQ2,E2-timing-duration,credibility_p201_d100,1020,CREDIBILITY_CAMOUFLAGE,TRADITIONAL_MEDIA,FAKE_NEWS_SOURCE,201.0,300.0,,-1.0,0.33,1.0,5.0,1.0,COMPLETE,0.0079,200000,303,314,348,368,1.0,188582,4005,2159,5254,7,11,68
news-source-strategies,RQ2,E2-timing-duration,credibility_p201_d100,1021,CREDIBILITY_CAMOUFLAGE,TRADITIONAL_MEDIA,FAKE_NEWS_SOURCE,201.0,300.0,,-1.0,0.33,1.0,5.0,1.0,COMPLETE,0.01576,200000,307,316,337,386,1.0,187275,6046,2425,4254,6,15,122
news-source-strategies,RQ2,E2-timing-duration,credibility_p201_d100,1022,CREDIBILITY_CAMOUFLAGE,TRADITIONAL_MEDIA,FAKE_NEWS_SOURCE,201.0,300.0,,-1.0,0.33,1.0,5.0,1.0,COMPLETE,0.01206,200000,201,208,275,358,1.0,191086,3830,2258,2826,5,60,171
news-source-strategies,RQ2,E2-timing-duration,credibility_p201_d100,1023,CREDIBILITY_CAMOUFLAGE,TRADITIONAL_MEDIA,FAKE_NEWS_SOURCE,201.0,300.0,,-1.0,0.33,1.0,5.0,1.0,COMPLETE,0.01042,200000,211,249,280,377,1.0,189973,3952,2498,3577,3,43,152
news-source-strategies,RQ2,E2-timing-duration,credibility_p201_d100,1024,CREDIBILITY_CAMOUFLAGE,TRADITIONAL_MEDIA,FAKE_NEWS_SOURCE,201.0,300.0,,-1.0,0.33,1.0,5.0,1.0,COMPLETE,0.00968,200000,157,184,247,333,1.0,191945,3385,1860,2810,6,59,180
news-source-strategies,RQ2,E2-timing-duration,credibility_p201_d100,1025,CREDIBILITY_CAMOUFLAGE,TRADITIONAL_MEDIA,FAKE_NEWS_SOURCE,201.0,300.0,,-1.0,0.33,1.0,5.0,1.0,COMPLETE,0.00568,200000,330,348,379,424,1.0,187547,4127,2289,6037,9,16,42
news-source-strategies,RQ2,E2-timing-duration,credibility_p201_d100,1026,CREDIBILITY_CAMOUFLAGE,TRADITIONAL_MEDIA,FAKE_NEWS_SOURCE,201.0,300.0,,-1.0,0.33,1.0,5.0,1.0,COMPLETE,0.00214,200000,388,413,431,454,1.0,190187,4140,2405,3268,3,7,13
news-source-strategies,RQ2,E2-timing-duration,credibility_p201_d100,1027,CREDIBILITY_CAMOUFLAGE,TRADITIONAL_MEDIA,FAKE_NEWS_SOURCE,201.0,300.0,,-1.0,0.33,1.0,5.0,1.0,COMPLETE,0.0066,200000,344,384,401,429,1.0,189284,4599,2555,3562,4,8,36
news-source-strategies,RQ2,E2-timing-duration,credibility_p201_d100,1028,CREDIBILITY_CAMOUFLAGE,TRADITIONAL_MEDIA,FAKE_NEWS_SOURCE,201.0,300.0,,-1.0,0.33,1.0,5.0,1.0,COMPLETE,0.02206,200000,289,351,377,400,1.0,187370,5153,3109,4368,4,8,54
news-source-strategies,RQ2,E2-timing-duration,credibility_p201_d100,1029,CREDIBILITY_CAMOUFLAGE,TRADITIONAL_MEDIA,FAKE_NEWS_SOURCE,201.0,300.0,,-1.0,0.33,1.0,5.0,1.0,COMPLETE,0.01412,200000,160,187,208,277,1.0,192099,3319,1955,2627,4,135,239
news-source-strategies,RQ2,E2-timing-duration,credibility_p201_d100,1030,CREDIBILITY_CAMOUFLAGE,TRADITIONAL_MEDIA,FAKE_NEWS_SOURCE,201.0,300.0,,-1.0,0.33,1.0,5.0,1.0,COMPLETE,0.00632,200000,272,279,287,377,1.0,191331,4211,1970,2488,4,13,171
news-source-strategies,RQ2,E2-timing-duration,credibility_p201_permanent,1001,CREDIBILITY_CAMOUFLAGE,TRADITIONAL_MEDIA,FAKE_NEWS_SOURCE,201.0,-1.0,,-1.0,0.33,1.0,5.0,1.0,COMPLETE,0.01204,200000,252,252,329,389,1.0,191288,3446,2256,3010,3,11,127
news-source-strategies,RQ2,E2-timing-duration,credibility_p201_permanent,1002,CREDIBILITY_CAMOUFLAGE,TRADITIONAL_MEDIA,FAKE_NEWS_SOURCE,201.0,-1.0,,-1.0,0.33,1.0,5.0,1.0,COMPLETE,0.00276,200000,264,275,311,341,1.0,192680,3038,1741,2541,3,8,158
news-source-strategies,RQ2,E2-timing-duration,credibility_p201_permanent,1003,CREDIBILITY_CAMOUFLAGE,TRADITIONAL_MEDIA,FAKE_NEWS_SOURCE,201.0,-1.0,,-1.0,0.33,1.0,5.0,1.0,COMPLETE,0.01076,200000,202,252,334,384,1.0,190165,4586,2309,2940,7,38,134
news-source-strategies,RQ2,E2-timing-duration,credibility_p201_permanent,1004,CREDIBILITY_CAMOUFLAGE,TRADITIONAL_MEDIA,FAKE_NEWS_SOURCE,201.0,-1.0,,-1.0,0.33,1.0,5.0,1.0,COMPLETE,0.00508,200000,267,278,396,467,1.0,187160,5387,3113,4340,3,14,89
news-source-strategies,RQ2,E2-timing-duration,credibility_p201_permanent,1005,CREDIBILITY_CAMOUFLAGE,TRADITIONAL_MEDIA,FAKE_NEWS_SOURCE,201.0,-1.0,,-1.0,0.33,1.0,5.0,1.0,COMPLETE,0.01398,200000,344,371,409,421,1.0,186868,5507,3178,4447,3,9,36
news-source-strategies,RQ2,E2-timing-duration,credibility_p201_permanent,1006,CREDIBILITY_CAMOUFLAGE,TRADITIONAL_MEDIA,FAKE_NEWS_SOURCE,201.0,-1.0,,-1.0,0.33,1.0,5.0,1.0,COMPLETE,0.00828,200000,351,385,426,444,1.0,186962,3973,2678,6387,8,13,31
news-source-strategies,RQ2,E2-timing-duration,credibility_p201_permanent,1007,CREDIBILITY_CAMOUFLAGE,TRADITIONAL_MEDIA,FAKE_NEWS_SOURCE,201.0,-1.0,,-1.0,0.33,1.0,5.0,1.0,COMPLETE,0.00566,200000,377,462,489,495,1.0,168077,19693,5122,7108,4,10,25
news-source-strategies,RQ2,E2-timing-duration,credibility_p201_permanent,1008,CREDIBILITY_CAMOUFLAGE,TRADITIONAL_MEDIA,FAKE_NEWS_SOURCE,201.0,-1.0,,-1.0,0.33,1.0,5.0,1.0,COMPLETE,0.0131,200000,360,397,411,455,1.0,186848,5461,3232,4459,3,8,33
news-source-strategies,RQ2,E2-timing-duration,credibility_p201_permanent,1009,CREDIBILITY_CAMOUFLAGE,TRADITIONAL_MEDIA,FAKE_NEWS_SOURCE,201.0,-1.0,,-1.0,0.33,1.0,5.0,1.0,COMPLETE,0.01182,200000,280,310,469,484,1.0,150805,37142,5338,6715,3,17,70
news-source-strategies,RQ2,E2-timing-duration,credibility_p201_permanent,1010,CREDIBILITY_CAMOUFLAGE,TRADITIONAL_MEDIA,FAKE_NEWS_SOURCE,201.0,-1.0,,-1.0,0.33,1.0,5.0,1.0,COMPLETE,0.00424,200000,320,353,451,497,1.0,114322,72934,5374,7370,4,9,67
news-source-strategies,RQ2,E2-timing-duration,credibility_p201_permanent,1011,CREDIBILITY_CAMOUFLAGE,TRADITIONAL_MEDIA,FAKE_NEWS_SOURCE,201.0,-1.0,,-1.0,0.33,1.0,5.0,1.0,COMPLETE,0.0029,200000,235,252,340,368,1.0,192452,2952,1852,2744,3,11,78
news-source-strategies,RQ2,E2-timing-duration,credibility_p201_permanent,1012,CREDIBILITY_CAMOUFLAGE,TRADITIONAL_MEDIA,FAKE_NEWS_SOURCE,201.0,-1.0,,-1.0,0.33,1.0,5.0,1.0,COMPLETE,0.01428,200000,249,279,334,398,1.0,186713,4355,2672,6260,9,17,146
news-source-strategies,RQ2,E2-timing-duration,credibility_p201_permanent,1013,CREDIBILITY_CAMOUFLAGE,TRADITIONAL_MEDIA,FAKE_NEWS_SOURCE,201.0,-1.0,,-1.0,0.33,1.0,5.0,1.0,COMPLETE,0.0076,200000,163,205,278,357,1.0,192963,3082,1684,2271,4,74,128
news-source-strategies,RQ2,E2-timing-duration,credibility_p201_permanent,1014,CREDIBILITY_CAMOUFLAGE,TRADITIONAL_MEDIA,FAKE_NEWS_SOURCE,201.0,-1.0,,-1.0,0.33,1.0,5.0,1.0,COMPLETE,0.00282,200000,275,306,326,392,1.0,189805,4341,2361,3493,3,12,148
news-source-strategies,RQ2,E2-timing-duration,credibility_p201_permanent,1015,CREDIBILITY_CAMOUFLAGE,TRADITIONAL_MEDIA,FAKE_NEWS_SOURCE,201.0,-1.0,,-1.0,0.33,1.0,5.0,1.0,COMPLETE,0.01164,200000,163,171,284,462,1.0,187497,5669,2986,3848,11,75,124
news-source-strategies,RQ2,E2-timing-duration,credibility_p201_permanent,1016,CREDIBILITY_CAMOUFLAGE,TRADITIONAL_MEDIA,FAKE_NEWS_SOURCE,201.0,-1.0,,-1.0,0.33,1.0,5.0,1.0,COMPLETE,0.00882,200000,316,319,343,372,1.0,189959,3475,2379,4187,5,9,93
news-source-strategies,RQ2,E2-timing-duration,credibility_p201_permanent,1017,CREDIBILITY_CAMOUFLAGE,TRADITIONAL_MEDIA,FAKE_NEWS_SOURCE,201.0,-1.0,,-1.0,0.33,1.0,5.0,1.0,COMPLETE,0.00944,200000,339,359,384,414,1.0,190021,3981,2479,3519,4,8,30
news-source-strategies,RQ2,E2-timing-duration,credibility_p201_permanent,1018,CREDIBILITY_CAMOUFLAGE,TRADITIONAL_MEDIA,FAKE_NEWS_SOURCE,201.0,-1.0,,-1.0,0.33,1.0,5.0,1.0,COMPLETE,0.00506,200000,304,306,334,430,1.0,189699,4651,2358,3292,4,8,105
news-source-strategies,RQ2,E2-timing-duration,credibility_p201_permanent,1019,CREDIBILITY_CAMOUFLAGE,TRADITIONAL_MEDIA,FAKE_NEWS_SOURCE,201.0,-1.0,,-1.0,0.33,1.0,5.0,1.0,COMPLETE,0.00296,200000,226,234,279,363,1.0,191910,3678,1793,2619,4,18,143
news-source-strategies,RQ2,E2-timing-duration,credibility_p201_permanent,1020,CREDIBILITY_CAMOUFLAGE,TRADITIONAL_MEDIA,FAKE_NEWS_SOURCE,201.0,-1.0,,-1.0,0.33,1.0,5.0,1.0,COMPLETE,0.00922,200000,303,314,348,368,1.0,188543,3997,2225,5235,7,11,72
news-source-strategies,RQ2,E2-timing-duration,credibility_p201_permanent,1021,CREDIBILITY_CAMOUFLAGE,TRADITIONAL_MEDIA,FAKE_NEWS_SOURCE,201.0,-1.0,,-1.0,0.33,1.0,5.0,1.0,COMPLETE,0.01318,200000,307,316,337,386,1.0,187908,5783,2296,4013,6,15,106
news-source-strategies,RQ2,E2-timing-duration,credibility_p201_permanent,1022,CREDIBILITY_CAMOUFLAGE,TRADITIONAL_MEDIA,FAKE_NEWS_SOURCE,201.0,-1.0,,-1.0,0.33,1.0,5.0,1.0,COMPLETE,0.01274,200000,201,208,275,358,1.0,191133,3806,2292,2769,5,60,171
news-source-strategies,RQ2,E2-timing-duration,credibility_p201_permanent,1023,CREDIBILITY_CAMOUFLAGE,TRADITIONAL_MEDIA,FAKE_NEWS_SOURCE,201.0,-1.0,,-1.0,0.33,1.0,5.0,1.0,COMPLETE,0.00976,200000,211,249,280,377,1.0,190106,3893,2465,3536,3,43,152
news-source-strategies,RQ2,E2-timing-duration,credibility_p201_permanent,1024,CREDIBILITY_CAMOUFLAGE,TRADITIONAL_MEDIA,FAKE_NEWS_SOURCE,201.0,-1.0,,-1.0,0.33,1.0,5.0,1.0,COMPLETE,0.0096,200000,157,184,247,333,1.0,192040,3322,1856,2782,6,59,180
news-source-strategies,RQ2,E2-timing-duration,credibility_p201_permanent,1025,CREDIBILITY_CAMOUFLAGE,TRADITIONAL_MEDIA,FAKE_NEWS_SOURCE,201.0,-1.0,,-1.0,0.33,1.0,5.0,1.0,COMPLETE,0.00646,200000,330,348,379,424,1.0,187531,4112,2328,6029,9,16,42
news-source-strategies,RQ2,E2-timing-duration,credibility_p201_permanent,1026,CREDIBILITY_CAMOUFLAGE,TRADITIONAL_MEDIA,FAKE_NEWS_SOURCE,201.0,-1.0,,-1.0,0.33,1.0,5.0,1.0,COMPLETE,0.00206,200000,388,413,431,454,1.0,190225,4123,2401,3251,3,7,13
news-source-strategies,RQ2,E2-timing-duration,credibility_p201_permanent,1027,CREDIBILITY_CAMOUFLAGE,TRADITIONAL_MEDIA,FAKE_NEWS_SOURCE,201.0,-1.0,,-1.0,0.33,1.0,5.0,1.0,COMPLETE,0.0063,200000,344,384,401,429,1.0,189387,4542,2540,3531,4,8,36
news-source-strategies,RQ2,E2-timing-duration,credibility_p201_permanent,1028,CREDIBILITY_CAMOUFLAGE,TRADITIONAL_MEDIA,FAKE_NEWS_SOURCE,201.0,-1.0,,-1.0,0.33,1.0,5.0,1.0,COMPLETE,0.02366,200000,289,351,377,400,1.0,187500,5055,3189,4256,4,8,53
news-source-strategies,RQ2,E2-timing-duration,credibility_p201_permanent,1029,CREDIBILITY_CAMOUFLAGE,TRADITIONAL_MEDIA,FAKE_NEWS_SOURCE,201.0,-1.0,,-1.0,0.33,1.0,5.0,1.0,COMPLETE,0.01556,200000,160,187,208,277,1.0,191968,3341,2027,2664,5,135,239
news-source-strategies,RQ2,E2-timing-duration,credibility_p201_permanent,1030,CREDIBILITY_CAMOUFLAGE,TRADITIONAL_MEDIA,FAKE_NEWS_SOURCE,201.0,-1.0,,-1.0,0.33,1.0,5.0,1.0,COMPLETE,0.0059,200000,272,279,287,377,1.0,191422,4174,1949,2455,4,13,171
news-source-strategies,RQ2,E2-timing-duration,informational_p1_d25,1001,INFORMATIONAL_CAMOUFLAGE,TRADITIONAL_MEDIA,FAKE_NEWS_SOURCE,1.0,25.0,,-1.0,0.33,1.0,5.0,1.0,COMPLETE,0.01132,200000,262,263,337,396,1.0,191099,3553,2258,3090,3,10,127
news-source-strategies,RQ2,E2-timing-duration,informational_p1_d25,1002,INFORMATIONAL_CAMOUFLAGE,TRADITIONAL_MEDIA,FAKE_NEWS_SOURCE,1.0,25.0,,-1.0,0.33,1.0,5.0,1.0,COMPLETE,0.00262,200000,286,295,327,354,1.0,192557,3144,1741,2558,3,8,123
news-source-strategies,RQ2,E2-timing-duration,informational_p1_d25,1003,INFORMATIONAL_CAMOUFLAGE,TRADITIONAL_MEDIA,FAKE_NEWS_SOURCE,1.0,25.0,,-1.0,0.33,1.0,5.0,1.0,COMPLETE,0.00964,200000,213,266,346,393,1.0,190213,4511,2323,2953,7,36,98
news-source-strategies,RQ2,E2-timing-duration,informational_p1_d25,1004,INFORMATIONAL_CAMOUFLAGE,TRADITIONAL_MEDIA,FAKE_NEWS_SOURCE,1.0,25.0,,-1.0,0.33,1.0,5.0,1.0,COMPLETE,0.00538,200000,291,303,407,474,1.0,186550,5614,3281,4555,3,10,88
news-source-strategies,RQ2,E2-timing-duration,informational_p1_d25,1005,INFORMATIONAL_CAMOUFLAGE,TRADITIONAL_MEDIA,FAKE_NEWS_SOURCE,1.0,25.0,,-1.0,0.33,1.0,5.0,1.0,COMPLETE,0.01262,200000,358,380,413,427,1.0,187085,5472,3079,4364,3,9,29
news-source-strategies,RQ2,E2-timing-duration,informational_p1_d25,1006,INFORMATIONAL_CAMOUFLAGE,TRADITIONAL_MEDIA,FAKE_NEWS_SOURCE,1.0,25.0,,-1.0,0.33,1.0,5.0,1.0,COMPLETE,0.0085,200000,363,395,435,450,1.0,186964,3966,2717,6353,8,13,24
news-source-strategies,RQ2,E2-timing-duration,informational_p1_d25,1007,INFORMATIONAL_CAMOUFLAGE,TRADITIONAL_MEDIA,FAKE_NEWS_SOURCE,1.0,25.0,,-1.0,0.33,1.0,5.0,1.0,COMPLETE,0.0059,200000,398,469,490,496,1.0,168107,19952,5010,6931,4,9,17
news-source-strategies,RQ2,E2-timing-duration,informational_p1_d25,1008,INFORMATIONAL_CAMOUFLAGE,TRADITIONAL_MEDIA,FAKE_NEWS_SOURCE,1.0,25.0,,-1.0,0.33,1.0,5.0,1.0,COMPLETE,0.01206,200000,368,409,421,464,1.0,187307,5101,3183,4409,3,8,21
news-source-strategies,RQ2,E2-timing-duration,informational_p1_d25,1009,INFORMATIONAL_CAMOUFLAGE,TRADITIONAL_MEDIA,FAKE_NEWS_SOURCE,1.0,25.0,,-1.0,0.33,1.0,5.0,1.0,COMPLETE,0.01194,200000,293,326,471,484,1.0,150682,37222,5324,6772,3,16,69
news-source-strategies,RQ2,E2-timing-duration,informational_p1_d25,1010,INFORMATIONAL_CAMOUFLAGE,TRADITIONAL_MEDIA,FAKE_NEWS_SOURCE,1.0,25.0,,-1.0,0.33,1.0,5.0,1.0,COMPLETE,0.00402,200000,340,372,455,496,1.0,114219,73023,5380,7378,4,9,61
news-source-strategies,RQ2,E2-timing-duration,informational_p1_d25,1011,INFORMATIONAL_CAMOUFLAGE,TRADITIONAL_MEDIA,FAKE_NEWS_SOURCE,1.0,25.0,,-1.0,0.33,1.0,5.0,1.0,COMPLETE,0.0027,200000,256,275,353,377,1.0,192368,2979,1904,2749,3,9,75
news-source-strategies,RQ2,E2-timing-duration,informational_p1_d25,1012,INFORMATIONAL_CAMOUFLAGE,TRADITIONAL_MEDIA,FAKE_NEWS_SOURCE,1.0,25.0,,-1.0,0.33,1.0,5.0,1.0,COMPLETE,0.01344,200000,246,270,331,398,1.0,187141,4170,2570,6119,9,17,146
news-source-strategies,RQ2,E2-timing-duration,informational_p1_d25,1013,INFORMATIONAL_CAMOUFLAGE,TRADITIONAL_MEDIA,FAKE_NEWS_SOURCE,1.0,25.0,,-1.0,0.33,1.0,5.0,1.0,COMPLETE,0.00674,200000,166,197,271,354,1.0,193084,3059,1600,2257,4,75,128
news-source-strategies,RQ2,E2-timing-duration,informational_p1_d25,1014,INFORMATIONAL_CAMOUFLAGE,TRADITIONAL_MEDIA,FAKE_NEWS_SOURCE,1.0,25.0,,-1.0,0.33,1.0,5.0,1.0,COMPLETE,0.00278,200000,301,332,349,406,1.0,189427,4508,2428,3637,3,11,82
news-source-strategies,RQ2,E2-timing-duration,informational_p1_d25,1015,INFORMATIONAL_CAMOUFLAGE,TRADITIONAL_MEDIA,FAKE_NEWS_SOURCE,1.0,25.0,,-1.0,0.33,1.0,5.0,1.0,COMPLETE,0.01062,200000,174,182,292,462,1.0,187408,5736,2976,3880,11,73,123
news-source-strategies,RQ2,E2-timing-duration,informational_p1_d25,1016,INFORMATIONAL_CAMOUFLAGE,TRADITIONAL_MEDIA,FAKE_NEWS_SOURCE,1.0,25.0,,-1.0,0.33,1.0,5.0,1.0,COMPLETE,0.00822,200000,342,346,364,388,1.0,189710,3718,2374,4198,5,8,24
news-source-strategies,RQ2,E2-timing-duration,informational_p1_d25,1017,INFORMATIONAL_CAMOUFLAGE,TRADITIONAL_MEDIA,FAKE_NEWS_SOURCE,1.0,25.0,,-1.0,0.33,1.0,5.0,1.0,COMPLETE,0.00964,200000,355,371,395,422,1.0,189767,4129,2523,3581,4,7,18
news-source-strategies,RQ2,E2-timing-duration,informational_p1_d25,1018,INFORMATIONAL_CAMOUFLAGE,TRADITIONAL_MEDIA,FAKE_NEWS_SOURCE,1.0,25.0,,-1.0,0.33,1.0,5.0,1.0,COMPLETE,0.00556,200000,316,318,343,433,1.0,189799,4541,2401,3259,4,8,104
news-source-strategies,RQ2,E2-timing-duration,informational_p1_d25,1019,INFORMATIONAL_CAMOUFLAGE,TRADITIONAL_MEDIA,FAKE_NEWS_SOURCE,1.0,25.0,,-1.0,0.33,1.0,5.0,1.0,COMPLETE,0.00322,200000,259,268,307,378,1.0,191282,3931,1981,2806,5,15,139
news-source-strategies,RQ2,E2-timing-duration,informational_p1_d25,1020,INFORMATIONAL_CAMOUFLAGE,TRADITIONAL_MEDIA,FAKE_NEWS_SOURCE,1.0,25.0,,-1.0,0.33,1.0,5.0,1.0,COMPLETE,0.0081,200000,317,329,357,376,1.0,188996,3764,2127,5113,7,11,55
news-source-strategies,RQ2,E2-timing-duration,informational_p1_d25,1021,INFORMATIONAL_CAMOUFLAGE,TRADITIONAL_MEDIA,FAKE_NEWS_SOURCE,1.0,25.0,,-1.0,0.33,1.0,5.0,1.0,COMPLETE,0.01594,200000,321,330,344,392,1.0,187354,6090,2424,4132,6,15,106
news-source-strategies,RQ2,E2-timing-duration,informational_p1_d25,1022,INFORMATIONAL_CAMOUFLAGE,TRADITIONAL_MEDIA,FAKE_NEWS_SOURCE,1.0,25.0,,-1.0,0.33,1.0,5.0,1.0,COMPLETE,0.0119,200000,198,206,272,354,1.0,191375,3751,2146,2728,5,60,171
news-source-strategies,RQ2,E2-timing-duration,informational_p1_d25,1023,INFORMATIONAL_CAMOUFLAGE,TRADITIONAL_MEDIA,FAKE_NEWS_SOURCE,1.0,25.0,,-1.0,0.33,1.0,5.0,1.0,COMPLETE,0.01056,200000,224,260,291,384,1.0,189573,4159,2573,3695,3,38,151
news-source-strategies,RQ2,E2-timing-duration,informational_p1_d25,1024,INFORMATIONAL_CAMOUFLAGE,TRADITIONAL_MEDIA,FAKE_NEWS_SOURCE,1.0,25.0,,-1.0,0.33,1.0,5.0,1.0,COMPLETE,0.00968,200000,158,186,247,333,1.0,192058,3346,1856,2740,5,59,180
news-source-strategies,RQ2,E2-timing-duration,informational_p1_d25,1025,INFORMATIONAL_CAMOUFLAGE,TRADITIONAL_MEDIA,FAKE_NEWS_SOURCE,1.0,25.0,,-1.0,0.33,1.0,5.0,1.0,COMPLETE,0.00586,200000,310,333,367,419,1.0,188062,4009,2272,5657,9,16,70
news-source-strategies,RQ2,E2-timing-duration,informational_p1_d25,1026,INFORMATIONAL_CAMOUFLAGE,TRADITIONAL_MEDIA,FAKE_NEWS_SOURCE,1.0,25.0,,-1.0,0.33,1.0,5.0,1.0,COMPLETE,0.00224,200000,402,417,435,458,1.0,190298,4080,2412,3210,4,7,13
news-source-strategies,RQ2,E2-timing-duration,informational_p1_d25,1027,INFORMATIONAL_CAMOUFLAGE,TRADITIONAL_MEDIA,FAKE_NEWS_SOURCE,1.0,25.0,,-1.0,0.33,1.0,5.0,1.0,COMPLETE,0.00658,200000,361,396,405,436,1.0,189244,4659,2583,3514,4,7,19
news-source-strategies,RQ2,E2-timing-duration,informational_p1_d25,1028,INFORMATIONAL_CAMOUFLAGE,TRADITIONAL_MEDIA,FAKE_NEWS_SOURCE,1.0,25.0,,-1.0,0.33,1.0,5.0,1.0,COMPLETE,0.0237,200000,294,356,381,402,1.0,187575,4976,3165,4284,4,8,51
news-source-strategies,RQ2,E2-timing-duration,informational_p1_d25,1029,INFORMATIONAL_CAMOUFLAGE,TRADITIONAL_MEDIA,FAKE_NEWS_SOURCE,1.0,25.0,,-1.0,0.33,1.0,5.0,1.0,COMPLETE,0.01412,200000,168,197,216,283,1.0,191968,3437,1929,2666,4,129,236
news-source-strategies,RQ2,E2-timing-duration,informational_p1_d25,1030,INFORMATIONAL_CAMOUFLAGE,TRADITIONAL_MEDIA,FAKE_NEWS_SOURCE,1.0,25.0,,-1.0,0.33,1.0,5.0,1.0,COMPLETE,0.00654,200000,286,298,305,390,1.0,191160,4180,2059,2601,4,13,134
news-source-strategies,RQ2,E2-timing-duration,informational_p1_d100,1001,INFORMATIONAL_CAMOUFLAGE,TRADITIONAL_MEDIA,FAKE_NEWS_SOURCE,1.0,100.0,,-1.0,0.33,1.0,5.0,1.0,COMPLETE,0.0113,200000,262,263,344,400,1.0,191217,3479,2281,3023,3,10,98
news-source-strategies,RQ2,E2-timing-duration,informational_p1_d100,1002,INFORMATIONAL_CAMOUFLAGE,TRADITIONAL_MEDIA,FAKE_NEWS_SOURCE,1.0,100.0,,-1.0,0.33,1.0,5.0,1.0,COMPLETE,0.00262,200000,286,295,331,357,1.0,192611,3102,1759,2528,3,8,94
news-source-strategies,RQ2,E2-timing-duration,informational_p1_d100,1003,INFORMATIONAL_CAMOUFLAGE,TRADITIONAL_MEDIA,FAKE_NEWS_SOURCE,1.0,100.0,,-1.0,0.33,1.0,5.0,1.0,COMPLETE,0.00962,200000,213,273,350,397,1.0,190226,4465,2373,2936,7,36,89
news-source-strategies,RQ2,E2-timing-duration,informational_p1_d100,1004,INFORMATIONAL_CAMOUFLAGE,TRADITIONAL_MEDIA,FAKE_NEWS_SOURCE,1.0,100.0,,-1.0,0.33,1.0,5.0,1.0,COMPLETE,0.00538,200000,291,303,422,480,1.0,186241,5694,3434,4631,3,11,88
news-source-strategies,RQ2,E2-timing-duration,informational_p1_d100,1005,INFORMATIONAL_CAMOUFLAGE,TRADITIONAL_MEDIA,FAKE_NEWS_SOURCE,1.0,100.0,,-1.0,0.33,1.0,5.0,1.0,COMPLETE,0.01262,200000,358,384,424,436,1.0,187014,5453,3181,4352,3,9,29
news-source-strategies,RQ2,E2-timing-duration,informational_p1_d100,1006,INFORMATIONAL_CAMOUFLAGE,TRADITIONAL_MEDIA,FAKE_NEWS_SOURCE,1.0,100.0,,-1.0,0.33,1.0,5.0,1.0,COMPLETE,0.0085,200000,363,403,439,456,1.0,186981,3901,2783,6335,8,13,24
news-source-strategies,RQ2,E2-timing-duration,informational_p1_d100,1007,INFORMATIONAL_CAMOUFLAGE,TRADITIONAL_MEDIA,FAKE_NEWS_SOURCE,1.0,100.0,,-1.0,0.33,1.0,5.0,1.0,COMPLETE,0.0059,200000,398,478,496,499,1.0,168743,19043,5270,6944,4,9,17
news-source-strategies,RQ2,E2-timing-duration,informational_p1_d100,1008,INFORMATIONAL_CAMOUFLAGE,TRADITIONAL_MEDIA,FAKE_NEWS_SOURCE,1.0,100.0,,-1.0,0.33,1.0,5.0,1.0,COMPLETE,0.01206,200000,368,411,424,466,1.0,187389,5033,3220,4358,3,8,22
news-source-strategies,RQ2,E2-timing-duration,informational_p1_d100,1009,INFORMATIONAL_CAMOUFLAGE,TRADITIONAL_MEDIA,FAKE_NEWS_SOURCE,1.0,100.0,,-1.0,0.33,1.0,5.0,1.0,COMPLETE,0.01194,200000,293,326,477,484,1.0,151307,36596,5416,6681,3,16,68
news-source-strategies,RQ2,E2-timing-duration,informational_p1_d100,1010,INFORMATIONAL_CAMOUFLAGE,TRADITIONAL_MEDIA,FAKE_NEWS_SOURCE,1.0,100.0,,-1.0,0.33,1.0,5.0,1.0,COMPLETE,0.00412,200000,340,372,467,497,1.0,114071,73142,5485,7302,4,9,61
news-source-strategies,RQ2,E2-timing-duration,informational_p1_d100,1011,INFORMATIONAL_CAMOUFLAGE,TRADITIONAL_MEDIA,FAKE_NEWS_SOURCE,1.0,100.0,,-1.0,0.33,1.0,5.0,1.0,COMPLETE,0.0027,200000,256,275,361,386,1.0,192415,2944,1906,2735,3,9,76
news-source-strategies,RQ2,E2-timing-duration,informational_p1_d100,1012,INFORMATIONAL_CAMOUFLAGE,TRADITIONAL_MEDIA,FAKE_NEWS_SOURCE,1.0,100.0,,-1.0,0.33,1.0,5.0,1.0,COMPLETE,0.01344,200000,246,270,348,410,1.0,186849,4297,2681,6173,9,17,101
news-source-strategies,RQ2,E2-timing-duration,informational_p1_d100,1013,INFORMATIONAL_CAMOUFLAGE,TRADITIONAL_MEDIA,FAKE_NEWS_SOURCE,1.0,100.0,,-1.0,0.33,1.0,5.0,1.0,COMPLETE,0.00676,200000,166,197,271,352,1.0,193237,2979,1592,2192,4,75,128
news-source-strategies,RQ2,E2-timing-duration,informational_p1_d100,1014,INFORMATIONAL_CAMOUFLAGE,TRADITIONAL_MEDIA,FAKE_NEWS_SOURCE,1.0,100.0,,-1.0,0.33,1.0,5.0,1.0,COMPLETE,0.00278,200000,301,335,354,408,1.0,189474,4473,2442,3611,3,11,82
news-source-strategies,RQ2,E2-timing-duration,informational_p1_d100,1015,INFORMATIONAL_CAMOUFLAGE,TRADITIONAL_MEDIA,FAKE_NEWS_SOURCE,1.0,100.0,,-1.0,0.33,1.0,5.0,1.0,COMPLETE,0.0107,200000,174,182,292,464,1.0,187514,5705,2972,3809,11,73,123
news-source-strategies,RQ2,E2-timing-duration,informational_p1_d100,1016,INFORMATIONAL_CAMOUFLAGE,TRADITIONAL_MEDIA,FAKE_NEWS_SOURCE,1.0,100.0,,-1.0,0.33,1.0,5.0,1.0,COMPLETE,0.00824,200000,342,346,367,391,1.0,189774,3682,2383,4161,5,9,26
news-source-strategies,RQ2,E2-timing-duration,informational_p1_d100,1017,INFORMATIONAL_CAMOUFLAGE,TRADITIONAL_MEDIA,FAKE_NEWS_SOURCE,1.0,100.0,,-1.0,0.33,1.0,5.0,1.0,COMPLETE,0.00964,200000,355,371,396,423,1.0,189927,4056,2487,3530,4,7,18
news-source-strategies,RQ2,E2-timing-duration,informational_p1_d100,1018,INFORMATIONAL_CAMOUFLAGE,TRADITIONAL_MEDIA,FAKE_NEWS_SOURCE,1.0,100.0,,-1.0,0.33,1.0,5.0,1.0,COMPLETE,0.00556,200000,316,318,343,433,1.0,189831,4525,2403,3241,4,8,104
news-source-strategies,RQ2,E2-timing-duration,informational_p1_d100,1019,INFORMATIONAL_CAMOUFLAGE,TRADITIONAL_MEDIA,FAKE_NEWS_SOURCE,1.0,100.0,,-1.0,0.33,1.0,5.0,1.0,COMPLETE,0.00322,200000,259,269,309,381,1.0,191340,3891,1983,2786,5,15,132
news-source-strategies,RQ2,E2-timing-duration,informational_p1_d100,1020,INFORMATIONAL_CAMOUFLAGE,TRADITIONAL_MEDIA,FAKE_NEWS_SOURCE,1.0,100.0,,-1.0,0.33,1.0,5.0,1.0,COMPLETE,0.0081,200000,317,329,357,376,1.0,189074,3712,2121,5093,7,11,55
news-source-strategies,RQ2,E2-timing-duration,informational_p1_d100,1021,INFORMATIONAL_CAMOUFLAGE,TRADITIONAL_MEDIA,FAKE_NEWS_SOURCE,1.0,100.0,,-1.0,0.33,1.0,5.0,1.0,COMPLETE,0.01594,200000,321,330,344,398,1.0,187337,6095,2454,4114,6,15,106
news-source-strategies,RQ2,E2-timing-duration,informational_p1_d100,1022,INFORMATIONAL_CAMOUFLAGE,TRADITIONAL_MEDIA,FAKE_NEWS_SOURCE,1.0,100.0,,-1.0,0.33,1.0,5.0,1.0,COMPLETE,0.0119,200000,198,206,272,353,1.0,191449,3695,2168,2688,5,60,171
news-source-strategies,RQ2,E2-timing-duration,informational_p1_d100,1023,INFORMATIONAL_CAMOUFLAGE,TRADITIONAL_MEDIA,FAKE_NEWS_SOURCE,1.0,100.0,,-1.0,0.33,1.0,5.0,1.0,COMPLETE,0.01056,200000,224,265,302,389,1.0,189539,4131,2618,3712,3,38,151
news-source-strategies,RQ2,E2-timing-duration,informational_p1_d100,1024,INFORMATIONAL_CAMOUFLAGE,TRADITIONAL_MEDIA,FAKE_NEWS_SOURCE,1.0,100.0,,-1.0,0.33,1.0,5.0,1.0,COMPLETE,0.00966,200000,158,187,265,345,1.0,192007,3337,1915,2741,5,57,179
news-source-strategies,RQ2,E2-timing-duration,informational_p1_d100,1025,INFORMATIONAL_CAMOUFLAGE,TRADITIONAL_MEDIA,FAKE_NEWS_SOURCE,1.0,100.0,,-1.0,0.33,1.0,5.0,1.0,COMPLETE,0.00586,200000,310,333,368,418,1.0,188241,3865,2278,5616,9,16,70
news-source-strategies,RQ2,E2-timing-duration,informational_p1_d100,1026,INFORMATIONAL_CAMOUFLAGE,TRADITIONAL_MEDIA,FAKE_NEWS_SOURCE,1.0,100.0,,-1.0,0.33,1.0,5.0,1.0,COMPLETE,0.00224,200000,402,417,435,458,1.0,190616,3932,2371,3081,4,7,13
news-source-strategies,RQ2,E2-timing-duration,informational_p1_d100,1027,INFORMATIONAL_CAMOUFLAGE,TRADITIONAL_MEDIA,FAKE_NEWS_SOURCE,1.0,100.0,,-1.0,0.33,1.0,5.0,1.0,COMPLETE,0.00658,200000,361,395,407,438,1.0,189439,4515,2588,3458,4,7,20
news-source-strategies,RQ2,E2-timing-duration,informational_p1_d100,1028,INFORMATIONAL_CAMOUFLAGE,TRADITIONAL_MEDIA,FAKE_NEWS_SOURCE,1.0,100.0,,-1.0,0.33,1.0,5.0,1.0,COMPLETE,0.0237,200000,294,362,387,407,1.0,187638,4890,3236,4236,4,8,47
news-source-strategies,RQ2,E2-timing-duration,informational_p1_d100,1029,INFORMATIONAL_CAMOUFLAGE,TRADITIONAL_MEDIA,FAKE_NEWS_SOURCE,1.0,100.0,,-1.0,0.33,1.0,5.0,1.0,COMPLETE,0.01412,200000,168,199,218,284,1.0,192024,3408,1928,2640,4,78,236
news-source-strategies,RQ2,E2-timing-duration,informational_p1_d100,1030,INFORMATIONAL_CAMOUFLAGE,TRADITIONAL_MEDIA,FAKE_NEWS_SOURCE,1.0,100.0,,-1.0,0.33,1.0,5.0,1.0,COMPLETE,0.00654,200000,286,298,305,390,1.0,191198,4158,2063,2581,4,13,134
news-source-strategies,RQ2,E2-timing-duration,informational_p1_permanent,1001,INFORMATIONAL_CAMOUFLAGE,TRADITIONAL_MEDIA,FAKE_NEWS_SOURCE,1.0,-1.0,,-1.0,0.33,1.0,5.0,1.0,COMPLETE,0.01194,200000,262,263,344,401,1.0,191498,3268,2363,2871,3,11,102
news-source-strategies,RQ2,E2-timing-duration,informational_p1_permanent,1002,INFORMATIONAL_CAMOUFLAGE,TRADITIONAL_MEDIA,FAKE_NEWS_SOURCE,1.0,-1.0,,-1.0,0.33,1.0,5.0,1.0,COMPLETE,0.0026,200000,286,295,331,357,1.0,192715,2976,1807,2502,3,8,123
news-source-strategies,RQ2,E2-timing-duration,informational_p1_permanent,1003,INFORMATIONAL_CAMOUFLAGE,TRADITIONAL_MEDIA,FAKE_NEWS_SOURCE,1.0,-1.0,,-1.0,0.33,1.0,5.0,1.0,COMPLETE,0.01208,200000,213,273,350,396,1.0,190156,4462,2494,2888,7,38,98
news-source-strategies,RQ2,E2-timing-duration,informational_p1_permanent,1004,INFORMATIONAL_CAMOUFLAGE,TRADITIONAL_MEDIA,FAKE_NEWS_SOURCE,1.0,-1.0,,-1.0,0.33,1.0,5.0,1.0,COMPLETE,0.00546,200000,291,303,422,475,1.0,186999,5211,3395,4395,3,10,88
news-source-strategies,RQ2,E2-timing-duration,informational_p1_permanent,1005,INFORMATIONAL_CAMOUFLAGE,TRADITIONAL_MEDIA,FAKE_NEWS_SOURCE,1.0,-1.0,,-1.0,0.33,1.0,5.0,1.0,COMPLETE,0.01414,200000,358,384,424,437,1.0,186906,5389,3391,4314,3,9,30
news-source-strategies,RQ2,E2-timing-duration,informational_p1_permanent,1006,INFORMATIONAL_CAMOUFLAGE,TRADITIONAL_MEDIA,FAKE_NEWS_SOURCE,1.0,-1.0,,-1.0,0.33,1.0,5.0,1.0,COMPLETE,0.00858,200000,363,403,439,457,1.0,187089,3804,2832,6275,8,13,23
news-source-strategies,RQ2,E2-timing-duration,informational_p1_permanent,1007,INFORMATIONAL_CAMOUFLAGE,TRADITIONAL_MEDIA,FAKE_NEWS_SOURCE,1.0,-1.0,,-1.0,0.33,1.0,5.0,1.0,COMPLETE,0.00632,200000,398,478,496,499,1.0,168869,18933,5428,6770,4,9,17
news-source-strategies,RQ2,E2-timing-duration,informational_p1_permanent,1008,INFORMATIONAL_CAMOUFLAGE,TRADITIONAL_MEDIA,FAKE_NEWS_SOURCE,1.0,-1.0,,-1.0,0.33,1.0,5.0,1.0,COMPLETE,0.01366,200000,368,411,424,470,1.0,187506,4857,3347,4290,3,8,26
news-source-strategies,RQ2,E2-timing-duration,informational_p1_permanent,1009,INFORMATIONAL_CAMOUFLAGE,TRADITIONAL_MEDIA,FAKE_NEWS_SOURCE,1.0,-1.0,,-1.0,0.33,1.0,5.0,1.0,COMPLETE,0.01182,200000,293,326,477,485,1.0,151855,36303,5533,6309,3,16,68
news-source-strategies,RQ2,E2-timing-duration,informational_p1_permanent,1010,INFORMATIONAL_CAMOUFLAGE,TRADITIONAL_MEDIA,FAKE_NEWS_SOURCE,1.0,-1.0,,-1.0,0.33,1.0,5.0,1.0,COMPLETE,0.00434,200000,340,372,467,496,1.0,114982,71993,5860,7165,4,9,61
news-source-strategies,RQ2,E2-timing-duration,informational_p1_permanent,1011,INFORMATIONAL_CAMOUFLAGE,TRADITIONAL_MEDIA,FAKE_NEWS_SOURCE,1.0,-1.0,,-1.0,0.33,1.0,5.0,1.0,COMPLETE,0.00264,200000,256,275,361,386,1.0,192567,2873,1910,2650,3,9,76
news-source-strategies,RQ2,E2-timing-duration,informational_p1_permanent,1012,INFORMATIONAL_CAMOUFLAGE,TRADITIONAL_MEDIA,FAKE_NEWS_SOURCE,1.0,-1.0,,-1.0,0.33,1.0,5.0,1.0,COMPLETE,0.01364,200000,246,270,348,413,1.0,186993,4159,2772,6076,9,18,120
news-source-strategies,RQ2,E2-timing-duration,informational_p1_permanent,1013,INFORMATIONAL_CAMOUFLAGE,TRADITIONAL_MEDIA,FAKE_NEWS_SOURCE,1.0,-1.0,,-1.0,0.33,1.0,5.0,1.0,COMPLETE,0.00754,200000,166,197,271,350,1.0,193562,2775,1628,2035,4,75,128
news-source-strategies,RQ2,E2-timing-duration,informational_p1_permanent,1014,INFORMATIONAL_CAMOUFLAGE,TRADITIONAL_MEDIA,FAKE_NEWS_SOURCE,1.0,-1.0,,-1.0,0.33,1.0,5.0,1.0,COMPLETE,0.00282,200000,301,335,354,410,1.0,189745,4264,2508,3483,3,11,82
news-source-strategies,RQ2,E2-timing-duration,informational_p1_permanent,1015,INFORMATIONAL_CAMOUFLAGE,TRADITIONAL_MEDIA,FAKE_NEWS_SOURCE,1.0,-1.0,,-1.0,0.33,1.0,5.0,1.0,COMPLETE,0.01204,200000,174,182,292,467,1.0,187289,5656,3252,3803,11,73,123
news-source-strategies,RQ2,E2-timing-duration,informational_p1_permanent,1016,INFORMATIONAL_CAMOUFLAGE,TRADITIONAL_MEDIA,FAKE_NEWS_SOURCE,1.0,-1.0,,-1.0,0.33,1.0,5.0,1.0,COMPLETE,0.00924,200000,342,346,367,387,1.0,189748,3599,2533,4120,5,9,29
news-source-strategies,RQ2,E2-timing-duration,informational_p1_permanent,1017,INFORMATIONAL_CAMOUFLAGE,TRADITIONAL_MEDIA,FAKE_NEWS_SOURCE,1.0,-1.0,,-1.0,0.33,1.0,5.0,1.0,COMPLETE,0.00966,200000,355,371,396,423,1.0,190172,3854,2536,3438,4,7,18
news-source-strategies,RQ2,E2-timing-duration,informational_p1_permanent,1018,INFORMATIONAL_CAMOUFLAGE,TRADITIONAL_MEDIA,FAKE_NEWS_SOURCE,1.0,-1.0,,-1.0,0.33,1.0,5.0,1.0,COMPLETE,0.00554,200000,316,318,343,432,1.0,190266,4302,2460,2972,4,8,99
news-source-strategies,RQ2,E2-timing-duration,informational_p1_permanent,1019,INFORMATIONAL_CAMOUFLAGE,TRADITIONAL_MEDIA,FAKE_NEWS_SOURCE,1.0,-1.0,,-1.0,0.33,1.0,5.0,1.0,COMPLETE,0.00314,200000,259,269,309,382,1.0,191632,3781,2007,2580,5,16,139
news-source-strategies,RQ2,E2-timing-duration,informational_p1_permanent,1020,INFORMATIONAL_CAMOUFLAGE,TRADITIONAL_MEDIA,FAKE_NEWS_SOURCE,1.0,-1.0,,-1.0,0.33,1.0,5.0,1.0,COMPLETE,0.0095,200000,317,329,357,376,1.0,189151,3603,2233,5013,7,11,55
news-source-strategies,RQ2,E2-timing-duration,informational_p1_permanent,1021,INFORMATIONAL_CAMOUFLAGE,TRADITIONAL_MEDIA,FAKE_NEWS_SOURCE,1.0,-1.0,,-1.0,0.33,1.0,5.0,1.0,COMPLETE,0.01816,200000,321,330,344,399,1.0,187522,5911,2604,3963,6,15,106
news-source-strategies,RQ2,E2-timing-duration,informational_p1_permanent,1022,INFORMATIONAL_CAMOUFLAGE,TRADITIONAL_MEDIA,FAKE_NEWS_SOURCE,1.0,-1.0,,-1.0,0.33,1.0,5.0,1.0,COMPLETE,0.01342,200000,198,206,272,354,1.0,191465,3633,2332,2570,5,69,186
news-source-strategies,RQ2,E2-timing-duration,informational_p1_permanent,1023,INFORMATIONAL_CAMOUFLAGE,TRADITIONAL_MEDIA,FAKE_NEWS_SOURCE,1.0,-1.0,,-1.0,0.33,1.0,5.0,1.0,COMPLETE,0.01114,200000,224,265,302,394,1.0,189993,3805,2692,3510,3,38,150
news-source-strategies,RQ2,E2-timing-duration,informational_p1_permanent,1024,INFORMATIONAL_CAMOUFLAGE,TRADITIONAL_MEDIA,FAKE_NEWS_SOURCE,1.0,-1.0,,-1.0,0.33,1.0,5.0,1.0,COMPLETE,0.01048,200000,158,187,265,351,1.0,192197,3157,1977,2669,5,58,179
news-source-strategies,RQ2,E2-timing-duration,informational_p1_permanent,1025,INFORMATIONAL_CAMOUFLAGE,TRADITIONAL_MEDIA,FAKE_NEWS_SOURCE,1.0,-1.0,,-1.0,0.33,1.0,5.0,1.0,COMPLETE,0.00648,200000,310,333,368,424,1.0,188309,3755,2393,5543,9,16,83
news-source-strategies,RQ2,E2-timing-duration,informational_p1_permanent,1026,INFORMATIONAL_CAMOUFLAGE,TRADITIONAL_MEDIA,FAKE_NEWS_SOURCE,1.0,-1.0,,-1.0,0.33,1.0,5.0,1.0,COMPLETE,0.00232,200000,402,417,435,460,1.0,190688,3867,2434,3011,4,7,13
news-source-strategies,RQ2,E2-timing-duration,informational_p1_permanent,1027,INFORMATIONAL_CAMOUFLAGE,TRADITIONAL_MEDIA,FAKE_NEWS_SOURCE,1.0,-1.0,,-1.0,0.33,1.0,5.0,1.0,COMPLETE,0.00614,200000,361,395,407,438,1.0,189807,4351,2587,3255,4,7,20
news-source-strategies,RQ2,E2-timing-duration,informational_p1_permanent,1028,INFORMATIONAL_CAMOUFLAGE,TRADITIONAL_MEDIA,FAKE_NEWS_SOURCE,1.0,-1.0,,-1.0,0.33,1.0,5.0,1.0,COMPLETE,0.02544,200000,294,362,387,408,1.0,187916,4725,3327,4032,4,8,49
news-source-strategies,RQ2,E2-timing-duration,informational_p1_permanent,1029,INFORMATIONAL_CAMOUFLAGE,TRADITIONAL_MEDIA,FAKE_NEWS_SOURCE,1.0,-1.0,,-1.0,0.33,1.0,5.0,1.0,COMPLETE,0.0165,200000,168,199,218,288,1.0,191917,3374,2137,2572,5,129,239
news-source-strategies,RQ2,E2-timing-duration,informational_p1_permanent,1030,INFORMATIONAL_CAMOUFLAGE,TRADITIONAL_MEDIA,FAKE_NEWS_SOURCE,1.0,-1.0,,-1.0,0.33,1.0,5.0,1.0,COMPLETE,0.00652,200000,286,298,305,393,1.0,191315,4061,2135,2489,4,14,136
news-source-strategies,RQ2,E2-timing-duration,informational_p101_d25,1001,INFORMATIONAL_CAMOUFLAGE,TRADITIONAL_MEDIA,FAKE_NEWS_SOURCE,101.0,125.0,,-1.0,0.33,1.0,5.0,1.0,COMPLETE,0.01126,200000,252,252,329,389,1.0,191104,3566,2234,3096,3,11,127
news-source-strategies,RQ2,E2-timing-duration,informational_p101_d25,1002,INFORMATIONAL_CAMOUFLAGE,TRADITIONAL_MEDIA,FAKE_NEWS_SOURCE,101.0,125.0,,-1.0,0.33,1.0,5.0,1.0,COMPLETE,0.00262,200000,264,275,311,341,1.0,192652,3126,1696,2526,3,8,152
news-source-strategies,RQ2,E2-timing-duration,informational_p101_d25,1003,INFORMATIONAL_CAMOUFLAGE,TRADITIONAL_MEDIA,FAKE_NEWS_SOURCE,101.0,125.0,,-1.0,0.33,1.0,5.0,1.0,COMPLETE,0.00964,200000,202,252,334,384,1.0,190282,4532,2246,2940,7,38,131
news-source-strategies,RQ2,E2-timing-duration,informational_p101_d25,1004,INFORMATIONAL_CAMOUFLAGE,TRADITIONAL_MEDIA,FAKE_NEWS_SOURCE,101.0,125.0,,-1.0,0.33,1.0,5.0,1.0,COMPLETE,0.00538,200000,267,278,396,461,1.0,187127,5301,3126,4446,3,13,89
news-source-strategies,RQ2,E2-timing-duration,informational_p101_d25,1005,INFORMATIONAL_CAMOUFLAGE,TRADITIONAL_MEDIA,FAKE_NEWS_SOURCE,101.0,125.0,,-1.0,0.33,1.0,5.0,1.0,COMPLETE,0.01264,200000,344,371,409,421,1.0,186887,5591,3060,4462,3,9,35
news-source-strategies,RQ2,E2-timing-duration,informational_p101_d25,1006,INFORMATIONAL_CAMOUFLAGE,TRADITIONAL_MEDIA,FAKE_NEWS_SOURCE,101.0,125.0,,-1.0,0.33,1.0,5.0,1.0,COMPLETE,0.0085,200000,351,385,426,445,1.0,186831,4035,2695,6439,8,13,34
news-source-strategies,RQ2,E2-timing-duration,informational_p101_d25,1007,INFORMATIONAL_CAMOUFLAGE,TRADITIONAL_MEDIA,FAKE_NEWS_SOURCE,101.0,125.0,,-1.0,0.33,1.0,5.0,1.0,COMPLETE,0.0059,200000,377,462,489,495,1.0,168143,19712,5007,7138,4,10,25
news-source-strategies,RQ2,E2-timing-duration,informational_p101_d25,1008,INFORMATIONAL_CAMOUFLAGE,TRADITIONAL_MEDIA,FAKE_NEWS_SOURCE,101.0,125.0,,-1.0,0.33,1.0,5.0,1.0,COMPLETE,0.01206,200000,360,397,411,455,1.0,186716,5574,3179,4531,3,8,33
news-source-strategies,RQ2,E2-timing-duration,informational_p101_d25,1009,INFORMATIONAL_CAMOUFLAGE,TRADITIONAL_MEDIA,FAKE_NEWS_SOURCE,101.0,125.0,,-1.0,0.33,1.0,5.0,1.0,COMPLETE,0.01194,200000,280,310,469,484,1.0,150682,37155,5321,6842,3,17,70
news-source-strategies,RQ2,E2-timing-duration,informational_p101_d25,1010,INFORMATIONAL_CAMOUFLAGE,TRADITIONAL_MEDIA,FAKE_NEWS_SOURCE,101.0,125.0,,-1.0,0.33,1.0,5.0,1.0,COMPLETE,0.00402,200000,320,353,451,498,1.0,115752,71433,5375,7440,4,9,67
news-source-strategies,RQ2,E2-timing-duration,informational_p101_d25,1011,INFORMATIONAL_CAMOUFLAGE,TRADITIONAL_MEDIA,FAKE_NEWS_SOURCE,101.0,125.0,,-1.0,0.33,1.0,5.0,1.0,COMPLETE,0.00282,200000,235,252,340,368,1.0,192380,3001,1840,2779,3,11,78
news-source-strategies,RQ2,E2-timing-duration,informational_p101_d25,1012,INFORMATIONAL_CAMOUFLAGE,TRADITIONAL_MEDIA,FAKE_NEWS_SOURCE,101.0,125.0,,-1.0,0.33,1.0,5.0,1.0,COMPLETE,0.01344,200000,249,279,334,398,1.0,186795,4324,2610,6271,9,17,142
news-source-strategies,RQ2,E2-timing-duration,informational_p101_d25,1013,INFORMATIONAL_CAMOUFLAGE,TRADITIONAL_MEDIA,FAKE_NEWS_SOURCE,101.0,125.0,,-1.0,0.33,1.0,5.0,1.0,COMPLETE,0.00708,200000,163,205,278,357,1.0,192856,3139,1674,2331,4,74,128
news-source-strategies,RQ2,E2-timing-duration,informational_p101_d25,1014,INFORMATIONAL_CAMOUFLAGE,TRADITIONAL_MEDIA,FAKE_NEWS_SOURCE,101.0,125.0,,-1.0,0.33,1.0,5.0,1.0,COMPLETE,0.00284,200000,275,306,326,392,1.0,189666,4425,2340,3569,3,13,148
news-source-strategies,RQ2,E2-timing-duration,informational_p101_d25,1015,INFORMATIONAL_CAMOUFLAGE,TRADITIONAL_MEDIA,FAKE_NEWS_SOURCE,101.0,125.0,,-1.0,0.33,1.0,5.0,1.0,COMPLETE,0.01062,200000,163,171,284,465,1.0,187508,5670,2964,3858,11,74,123
news-source-strategies,RQ2,E2-timing-duration,informational_p101_d25,1016,INFORMATIONAL_CAMOUFLAGE,TRADITIONAL_MEDIA,FAKE_NEWS_SOURCE,101.0,125.0,,-1.0,0.33,1.0,5.0,1.0,COMPLETE,0.0083,200000,316,319,343,372,1.0,189814,3584,2357,4245,5,9,93
news-source-strategies,RQ2,E2-timing-duration,informational_p101_d25,1017,INFORMATIONAL_CAMOUFLAGE,TRADITIONAL_MEDIA,FAKE_NEWS_SOURCE,101.0,125.0,,-1.0,0.33,1.0,5.0,1.0,COMPLETE,0.00958,200000,339,359,384,414,1.0,189810,4121,2481,3588,4,8,30
news-source-strategies,RQ2,E2-timing-duration,informational_p101_d25,1018,INFORMATIONAL_CAMOUFLAGE,TRADITIONAL_MEDIA,FAKE_NEWS_SOURCE,101.0,125.0,,-1.0,0.33,1.0,5.0,1.0,COMPLETE,0.00554,200000,304,306,334,429,1.0,189679,4673,2381,3267,4,8,105
news-source-strategies,RQ2,E2-timing-duration,informational_p101_d25,1019,INFORMATIONAL_CAMOUFLAGE,TRADITIONAL_MEDIA,FAKE_NEWS_SOURCE,101.0,125.0,,-1.0,0.33,1.0,5.0,1.0,COMPLETE,0.00332,200000,226,234,279,363,1.0,191722,3742,1818,2718,4,18,143
news-source-strategies,RQ2,E2-timing-duration,informational_p101_d25,1020,INFORMATIONAL_CAMOUFLAGE,TRADITIONAL_MEDIA,FAKE_NEWS_SOURCE,101.0,125.0,,-1.0,0.33,1.0,5.0,1.0,COMPLETE,0.00804,200000,303,314,348,368,1.0,188562,4045,2147,5246,7,11,68
news-source-strategies,RQ2,E2-timing-duration,informational_p101_d25,1021,INFORMATIONAL_CAMOUFLAGE,TRADITIONAL_MEDIA,FAKE_NEWS_SOURCE,101.0,125.0,,-1.0,0.33,1.0,5.0,1.0,COMPLETE,0.0159,200000,307,316,337,389,1.0,187175,6084,2442,4299,6,15,122
news-source-strategies,RQ2,E2-timing-duration,informational_p101_d25,1022,INFORMATIONAL_CAMOUFLAGE,TRADITIONAL_MEDIA,FAKE_NEWS_SOURCE,101.0,125.0,,-1.0,0.33,1.0,5.0,1.0,COMPLETE,0.01196,200000,201,208,275,358,1.0,191144,3835,2215,2806,5,60,171
news-source-strategies,RQ2,E2-timing-duration,informational_p101_d25,1023,INFORMATIONAL_CAMOUFLAGE,TRADITIONAL_MEDIA,FAKE_NEWS_SOURCE,101.0,125.0,,-1.0,0.33,1.0,5.0,1.0,COMPLETE,0.01056,200000,211,249,280,377,1.0,189701,4101,2514,3684,3,43,152
news-source-strategies,RQ2,E2-timing-duration,informational_p101_d25,1024,INFORMATIONAL_CAMOUFLAGE,TRADITIONAL_MEDIA,FAKE_NEWS_SOURCE,101.0,125.0,,-1.0,0.33,1.0,5.0,1.0,COMPLETE,0.00968,200000,157,184,247,334,1.0,191913,3400,1857,2830,5,59,180
news-source-strategies,RQ2,E2-timing-duration,informational_p101_d25,1025,INFORMATIONAL_CAMOUFLAGE,TRADITIONAL_MEDIA,FAKE_NEWS_SOURCE,101.0,125.0,,-1.0,0.33,1.0,5.0,1.0,COMPLETE,0.00588,200000,330,348,379,424,1.0,187477,4174,2275,6074,9,16,42
news-source-strategies,RQ2,E2-timing-duration,informational_p101_d25,1026,INFORMATIONAL_CAMOUFLAGE,TRADITIONAL_MEDIA,FAKE_NEWS_SOURCE,101.0,125.0,,-1.0,0.33,1.0,5.0,1.0,COMPLETE,0.00222,200000,388,413,431,454,1.0,190210,4138,2386,3266,3,7,13
news-source-strategies,RQ2,E2-timing-duration,informational_p101_d25,1027,INFORMATIONAL_CAMOUFLAGE,TRADITIONAL_MEDIA,FAKE_NEWS_SOURCE,101.0,125.0,,-1.0,0.33,1.0,5.0,1.0,COMPLETE,0.0066,200000,344,384,401,430,1.0,189343,4575,2537,3545,4,8,36
news-source-strategies,RQ2,E2-timing-duration,informational_p101_d25,1028,INFORMATIONAL_CAMOUFLAGE,TRADITIONAL_MEDIA,FAKE_NEWS_SOURCE,101.0,125.0,,-1.0,0.33,1.0,5.0,1.0,COMPLETE,0.0237,200000,289,351,377,400,1.0,187176,5247,3175,4402,4,8,54
news-source-strategies,RQ2,E2-timing-duration,informational_p101_d25,1029,INFORMATIONAL_CAMOUFLAGE,TRADITIONAL_MEDIA,FAKE_NEWS_SOURCE,101.0,125.0,,-1.0,0.33,1.0,5.0,1.0,COMPLETE,0.01412,200000,160,187,208,277,1.0,192024,3400,1912,2664,4,135,238
news-source-strategies,RQ2,E2-timing-duration,informational_p101_d25,1030,INFORMATIONAL_CAMOUFLAGE,TRADITIONAL_MEDIA,FAKE_NEWS_SOURCE,101.0,125.0,,-1.0,0.33,1.0,5.0,1.0,COMPLETE,0.0065,200000,272,279,287,377,1.0,191209,4267,1995,2529,4,13,171
news-source-strategies,RQ2,E2-timing-duration,informational_p101_d100,1001,INFORMATIONAL_CAMOUFLAGE,TRADITIONAL_MEDIA,FAKE_NEWS_SOURCE,101.0,200.0,,-1.0,0.33,1.0,5.0,1.0,COMPLETE,0.01126,200000,252,252,329,390,1.0,191165,3518,2266,3051,3,11,127
news-source-strategies,RQ2,E2-timing-duration,informational_p101_d100,1002,INFORMATIONAL_CAMOUFLAGE,TRADITIONAL_MEDIA,FAKE_NEWS_SOURCE,101.0,200.0,,-1.0,0.33,1.0,5.0,1.0,COMPLETE,0.00262,200000,264,275,311,341,1.0,192738,3085,1688,2489,3,8,152
news-source-strategies,RQ2,E2-timing-duration,informational_p101_d100,1003,INFORMATIONAL_CAMOUFLAGE,TRADITIONAL_MEDIA,FAKE_NEWS_SOURCE,101.0,200.0,,-1.0,0.33,1.0,5.0,1.0,COMPLETE,0.00964,200000,202,252,334,383,1.0,190363,4498,2236,2903,7,38,131
news-source-strategies,RQ2,E2-timing-duration,informational_p101_d100,1004,INFORMATIONAL_CAMOUFLAGE,TRADITIONAL_MEDIA,FAKE_NEWS_SOURCE,101.0,200.0,,-1.0,0.33,1.0,5.0,1.0,COMPLETE,0.0054,200000,267,278,396,466,1.0,187253,5225,3119,4403,3,13,89
news-source-strategies,RQ2,E2-timing-duration,informational_p101_d100,1005,INFORMATIONAL_CAMOUFLAGE,TRADITIONAL_MEDIA,FAKE_NEWS_SOURCE,101.0,200.0,,-1.0,0.33,1.0,5.0,1.0,COMPLETE,0.01264,200000,344,371,409,422,1.0,186881,5590,3070,4459,3,9,35
news-source-strategies,RQ2,E2-timing-duration,informational_p101_d100,1006,INFORMATIONAL_CAMOUFLAGE,TRADITIONAL_MEDIA,FAKE_NEWS_SOURCE,101.0,200.0,,-1.0,0.33,1.0,5.0,1.0,COMPLETE,0.0085,200000,351,385,426,448,1.0,186841,4012,2727,6420,8,13,34
news-source-strategies,RQ2,E2-timing-duration,informational_p101_d100,1007,INFORMATIONAL_CAMOUFLAGE,TRADITIONAL_MEDIA,FAKE_NEWS_SOURCE,101.0,200.0,,-1.0,0.33,1.0,5.0,1.0,COMPLETE,0.0059,200000,377,462,489,495,1.0,168145,19715,5052,7088,4,10,25
news-source-strategies,RQ2,E2-timing-duration,informational_p101_d100,1008,INFORMATIONAL_CAMOUFLAGE,TRADITIONAL_MEDIA,FAKE_NEWS_SOURCE,101.0,200.0,,-1.0,0.33,1.0,5.0,1.0,COMPLETE,0.01206,200000,360,397,411,459,1.0,186713,5548,3224,4515,3,8,33
news-source-strategies,RQ2,E2-timing-duration,informational_p101_d100,1009,INFORMATIONAL_CAMOUFLAGE,TRADITIONAL_MEDIA,FAKE_NEWS_SOURCE,101.0,200.0,,-1.0,0.33,1.0,5.0,1.0,COMPLETE,0.01194,200000,280,310,469,485,1.0,150992,37017,5298,6693,3,17,70
news-source-strategies,RQ2,E2-timing-duration,informational_p101_d100,1010,INFORMATIONAL_CAMOUFLAGE,TRADITIONAL_MEDIA,FAKE_NEWS_SOURCE,101.0,200.0,,-1.0,0.33,1.0,5.0,1.0,COMPLETE,0.00402,200000,320,353,451,496,1.0,117152,70125,5471,7252,4,9,67
news-source-strategies,RQ2,E2-timing-duration,informational_p101_d100,1011,INFORMATIONAL_CAMOUFLAGE,TRADITIONAL_MEDIA,FAKE_NEWS_SOURCE,101.0,200.0,,-1.0,0.33,1.0,5.0,1.0,COMPLETE,0.00282,200000,235,252,340,368,1.0,192441,2966,1835,2758,3,11,78
news-source-strategies,RQ2,E2-timing-duration,informational_p101_d100,1012,INFORMATIONAL_CAMOUFLAGE,TRADITIONAL_MEDIA,FAKE_NEWS_SOURCE,101.0,200.0,,-1.0,0.33,1.0,5.0,1.0,COMPLETE,0.01344,200000,249,279,334,403,1.0,186722,4333,2660,6285,9,17,146
news-source-strategies,RQ2,E2-timing-duration,informational_p101_d100,1013,INFORMATIONAL_CAMOUFLAGE,TRADITIONAL_MEDIA,FAKE_NEWS_SOURCE,101.0,200.0,,-1.0,0.33,1.0,5.0,1.0,COMPLETE,0.0071,200000,163,205,278,356,1.0,193172,2973,1631,2224,4,74,128
news-source-strategies,RQ2,E2-timing-duration,informational_p101_d100,1014,INFORMATIONAL_CAMOUFLAGE,TRADITIONAL_MEDIA,FAKE_NEWS_SOURCE,101.0,200.0,,-1.0,0.33,1.0,5.0,1.0,COMPLETE,0.00282,200000,275,306,326,395,1.0,189901,4299,2335,3465,3,13,148
news-source-strategies,RQ2,E2-timing-duration,informational_p101_d100,1015,INFORMATIONAL_CAMOUFLAGE,TRADITIONAL_MEDIA,FAKE_NEWS_SOURCE,101.0,200.0,,-1.0,0.33,1.0,5.0,1.0,COMPLETE,0.01062,200000,163,171,284,468,1.0,187307,5685,3129,3879,11,75,123
news-source-strategies,RQ2,E2-timing-duration,informational_p101_d100,1016,INFORMATIONAL_CAMOUFLAGE,TRADITIONAL_MEDIA,FAKE_NEWS_SOURCE,101.0,200.0,,-1.0,0.33,1.0,5.0,1.0,COMPLETE,0.0083,200000,316,319,343,368,1.0,189891,3552,2346,4211,5,9,93
news-source-strategies,RQ2,E2-timing-duration,informational_p101_d100,1017,INFORMATIONAL_CAMOUFLAGE,TRADITIONAL_MEDIA,FAKE_NEWS_SOURCE,101.0,200.0,,-1.0,0.33,1.0,5.0,1.0,COMPLETE,0.00958,200000,339,359,384,414,1.0,189883,4087,2476,3554,4,8,30
news-source-strategies,RQ2,E2-timing-duration,informational_p101_d100,1018,INFORMATIONAL_CAMOUFLAGE,TRADITIONAL_MEDIA,FAKE_NEWS_SOURCE,101.0,200.0,,-1.0,0.33,1.0,5.0,1.0,COMPLETE,0.00554,200000,304,306,334,430,1.0,189798,4581,2454,3167,4,8,105
news-source-strategies,RQ2,E2-timing-duration,informational_p101_d100,1019,INFORMATIONAL_CAMOUFLAGE,TRADITIONAL_MEDIA,FAKE_NEWS_SOURCE,101.0,200.0,,-1.0,0.33,1.0,5.0,1.0,COMPLETE,0.00338,200000,226,234,279,363,1.0,191840,3707,1805,2648,4,18,178
news-source-strategies,RQ2,E2-timing-duration,informational_p101_d100,1020,INFORMATIONAL_CAMOUFLAGE,TRADITIONAL_MEDIA,FAKE_NEWS_SOURCE,101.0,200.0,,-1.0,0.33,1.0,5.0,1.0,COMPLETE,0.00804,200000,303,314,348,368,1.0,188603,4028,2132,5237,7,11,68
news-source-strategies,RQ2,E2-timing-duration,informational_p101_d100,1021,INFORMATIONAL_CAMOUFLAGE,TRADITIONAL_MEDIA,FAKE_NEWS_SOURCE,101.0,200.0,,-1.0,0.33,1.0,5.0,1.0,COMPLETE,0.0159,200000,307,316,337,391,1.0,187192,6071,2469,4268,6,15,122
news-source-strategies,RQ2,E2-timing-duration,informational_p101_d100,1022,INFORMATIONAL_CAMOUFLAGE,TRADITIONAL_MEDIA,FAKE_NEWS_SOURCE,101.0,200.0,,-1.0,0.33,1.0,5.0,1.0,COMPLETE,0.01202,200000,201,208,275,359,1.0,191281,3789,2202,2728,5,60,171
news-source-strategies,RQ2,E2-timing-duration,informational_p101_d100,1023,INFORMATIONAL_CAMOUFLAGE,TRADITIONAL_MEDIA,FAKE_NEWS_SOURCE,101.0,200.0,,-1.0,0.33,1.0,5.0,1.0,COMPLETE,0.01056,200000,211,249,280,383,1.0,189810,4020,2553,3617,3,43,152
news-source-strategies,RQ2,E2-timing-duration,informational_p101_d100,1024,INFORMATIONAL_CAMOUFLAGE,TRADITIONAL_MEDIA,FAKE_NEWS_SOURCE,101.0,200.0,,-1.0,0.33,1.0,5.0,1.0,COMPLETE,0.00968,200000,157,184,247,339,1.0,191922,3369,1879,2830,6,59,180
news-source-strategies,RQ2,E2-timing-duration,informational_p101_d100,1025,INFORMATIONAL_CAMOUFLAGE,TRADITIONAL_MEDIA,FAKE_NEWS_SOURCE,101.0,200.0,,-1.0,0.33,1.0,5.0,1.0,COMPLETE,0.00588,200000,330,348,379,431,1.0,187471,4138,2339,6052,9,16,46
news-source-strategies,RQ2,E2-timing-duration,informational_p101_d100,1026,INFORMATIONAL_CAMOUFLAGE,TRADITIONAL_MEDIA,FAKE_NEWS_SOURCE,101.0,200.0,,-1.0,0.33,1.0,5.0,1.0,COMPLETE,0.0022,200000,388,413,431,456,1.0,190261,4101,2421,3217,3,7,13
news-source-strategies,RQ2,E2-timing-duration,informational_p101_d100,1027,INFORMATIONAL_CAMOUFLAGE,TRADITIONAL_MEDIA,FAKE_NEWS_SOURCE,101.0,200.0,,-1.0,0.33,1.0,5.0,1.0,COMPLETE,0.0066,200000,344,384,401,429,1.0,189463,4536,2516,3485,4,8,36
news-source-strategies,RQ2,E2-timing-duration,informational_p101_d100,1028,INFORMATIONAL_CAMOUFLAGE,TRADITIONAL_MEDIA,FAKE_NEWS_SOURCE,101.0,200.0,,-1.0,0.33,1.0,5.0,1.0,COMPLETE,0.0237,200000,289,351,377,401,1.0,187238,5222,3171,4369,4,8,54
news-source-strategies,RQ2,E2-timing-duration,informational_p101_d100,1029,INFORMATIONAL_CAMOUFLAGE,TRADITIONAL_MEDIA,FAKE_NEWS_SOURCE,101.0,200.0,,-1.0,0.33,1.0,5.0,1.0,COMPLETE,0.01412,200000,160,187,208,281,1.0,192068,3364,1921,2647,4,135,238
news-source-strategies,RQ2,E2-timing-duration,informational_p101_d100,1030,INFORMATIONAL_CAMOUFLAGE,TRADITIONAL_MEDIA,FAKE_NEWS_SOURCE,101.0,200.0,,-1.0,0.33,1.0,5.0,1.0,COMPLETE,0.00658,200000,272,279,287,381,1.0,191111,4286,2069,2534,4,14,171
news-source-strategies,RQ2,E2-timing-duration,informational_p101_permanent,1001,INFORMATIONAL_CAMOUFLAGE,TRADITIONAL_MEDIA,FAKE_NEWS_SOURCE,101.0,-1.0,,-1.0,0.33,1.0,5.0,1.0,COMPLETE,0.01186,200000,252,252,329,390,1.0,191382,3356,2313,2949,3,11,127
news-source-strategies,RQ2,E2-timing-duration,informational_p101_permanent,1002,INFORMATIONAL_CAMOUFLAGE,TRADITIONAL_MEDIA,FAKE_NEWS_SOURCE,101.0,-1.0,,-1.0,0.33,1.0,5.0,1.0,COMPLETE,0.0026,200000,264,275,311,341,1.0,192732,3011,1748,2509,3,8,158
news-source-strategies,RQ2,E2-timing-duration,informational_p101_permanent,1003,INFORMATIONAL_CAMOUFLAGE,TRADITIONAL_MEDIA,FAKE_NEWS_SOURCE,101.0,-1.0,,-1.0,0.33,1.0,5.0,1.0,COMPLETE,0.0121,200000,202,252,334,383,1.0,190207,4529,2367,2897,7,39,134
news-source-strategies,RQ2,E2-timing-duration,informational_p101_permanent,1004,INFORMATIONAL_CAMOUFLAGE,TRADITIONAL_MEDIA,FAKE_NEWS_SOURCE,101.0,-1.0,,-1.0,0.33,1.0,5.0,1.0,COMPLETE,0.00546,200000,267,278,396,466,1.0,187463,5104,3146,4287,3,14,89
news-source-strategies,RQ2,E2-timing-duration,informational_p101_permanent,1005,INFORMATIONAL_CAMOUFLAGE,TRADITIONAL_MEDIA,FAKE_NEWS_SOURCE,101.0,-1.0,,-1.0,0.33,1.0,5.0,1.0,COMPLETE,0.01416,200000,344,371,409,422,1.0,186741,5547,3271,4441,3,9,38
news-source-strategies,RQ2,E2-timing-duration,informational_p101_permanent,1006,INFORMATIONAL_CAMOUFLAGE,TRADITIONAL_MEDIA,FAKE_NEWS_SOURCE,101.0,-1.0,,-1.0,0.33,1.0,5.0,1.0,COMPLETE,0.00856,200000,351,385,426,448,1.0,186991,3919,2724,6366,8,13,34
news-source-strategies,RQ2,E2-timing-duration,informational_p101_permanent,1007,INFORMATIONAL_CAMOUFLAGE,TRADITIONAL_MEDIA,FAKE_NEWS_SOURCE,101.0,-1.0,,-1.0,0.33,1.0,5.0,1.0,COMPLETE,0.00632,200000,377,462,489,495,1.0,168214,19625,5175,6986,4,10,25
news-source-strategies,RQ2,E2-timing-duration,informational_p101_permanent,1008,INFORMATIONAL_CAMOUFLAGE,TRADITIONAL_MEDIA,FAKE_NEWS_SOURCE,101.0,-1.0,,-1.0,0.33,1.0,5.0,1.0,COMPLETE,0.01366,200000,360,397,411,459,1.0,186822,5407,3302,4469,3,8,33
news-source-strategies,RQ2,E2-timing-duration,informational_p101_permanent,1009,INFORMATIONAL_CAMOUFLAGE,TRADITIONAL_MEDIA,FAKE_NEWS_SOURCE,101.0,-1.0,,-1.0,0.33,1.0,5.0,1.0,COMPLETE,0.01182,200000,280,310,469,485,1.0,151250,36853,5414,6483,3,17,70
news-source-strategies,RQ2,E2-timing-duration,informational_p101_permanent,1010,INFORMATIONAL_CAMOUFLAGE,TRADITIONAL_MEDIA,FAKE_NEWS_SOURCE,101.0,-1.0,,-1.0,0.33,1.0,5.0,1.0,COMPLETE,0.00434,200000,320,353,451,496,1.0,117094,70127,5574,7205,4,9,67
news-source-strategies,RQ2,E2-timing-duration,informational_p101_permanent,1011,INFORMATIONAL_CAMOUFLAGE,TRADITIONAL_MEDIA,FAKE_NEWS_SOURCE,101.0,-1.0,,-1.0,0.33,1.0,5.0,1.0,COMPLETE,0.00276,200000,235,252,340,368,1.0,192507,2933,1851,2709,3,11,78
news-source-strategies,RQ2,E2-timing-duration,informational_p101_permanent,1012,INFORMATIONAL_CAMOUFLAGE,TRADITIONAL_MEDIA,FAKE_NEWS_SOURCE,101.0,-1.0,,-1.0,0.33,1.0,5.0,1.0,COMPLETE,0.01364,200000,249,279,334,403,1.0,186879,4231,2698,6192,9,17,146
news-source-strategies,RQ2,E2-timing-duration,informational_p101_permanent,1013,INFORMATIONAL_CAMOUFLAGE,TRADITIONAL_MEDIA,FAKE_NEWS_SOURCE,101.0,-1.0,,-1.0,0.33,1.0,5.0,1.0,COMPLETE,0.00802,200000,163,205,278,356,1.0,193183,2934,1705,2178,4,74,128
news-source-strategies,RQ2,E2-timing-duration,informational_p101_permanent,1014,INFORMATIONAL_CAMOUFLAGE,TRADITIONAL_MEDIA,FAKE_NEWS_SOURCE,101.0,-1.0,,-1.0,0.33,1.0,5.0,1.0,COMPLETE,0.0029,200000,275,306,326,395,1.0,189938,4216,2405,3441,3,13,148
news-source-strategies,RQ2,E2-timing-duration,informational_p101_permanent,1015,INFORMATIONAL_CAMOUFLAGE,TRADITIONAL_MEDIA,FAKE_NEWS_SOURCE,101.0,-1.0,,-1.0,0.33,1.0,5.0,1.0,COMPLETE,0.01168,200000,163,171,284,468,1.0,187255,5703,3197,3845,11,74,123
news-source-strategies,RQ2,E2-timing-duration,informational_p101_permanent,1016,INFORMATIONAL_CAMOUFLAGE,TRADITIONAL_MEDIA,FAKE_NEWS_SOURCE,101.0,-1.0,,-1.0,0.33,1.0,5.0,1.0,COMPLETE,0.00934,200000,316,319,343,368,1.0,189780,3504,2503,4213,5,9,94
news-source-strategies,RQ2,E2-timing-duration,informational_p101_permanent,1017,INFORMATIONAL_CAMOUFLAGE,TRADITIONAL_MEDIA,FAKE_NEWS_SOURCE,101.0,-1.0,,-1.0,0.33,1.0,5.0,1.0,COMPLETE,0.0096,200000,339,359,384,414,1.0,190068,3921,2518,3493,4,8,30
news-source-strategies,RQ2,E2-timing-duration,informational_p101_permanent,1018,INFORMATIONAL_CAMOUFLAGE,TRADITIONAL_MEDIA,FAKE_NEWS_SOURCE,101.0,-1.0,,-1.0,0.33,1.0,5.0,1.0,COMPLETE,0.00548,200000,304,306,334,430,1.0,189977,4497,2444,3082,4,8,105
news-source-strategies,RQ2,E2-timing-duration,informational_p101_permanent,1019,INFORMATIONAL_CAMOUFLAGE,TRADITIONAL_MEDIA,FAKE_NEWS_SOURCE,101.0,-1.0,,-1.0,0.33,1.0,5.0,1.0,COMPLETE,0.00324,200000,226,234,279,363,1.0,192008,3633,1841,2518,4,18,179
news-source-strategies,RQ2,E2-timing-duration,informational_p101_permanent,1020,INFORMATIONAL_CAMOUFLAGE,TRADITIONAL_MEDIA,FAKE_NEWS_SOURCE,101.0,-1.0,,-1.0,0.33,1.0,5.0,1.0,COMPLETE,0.0095,200000,303,314,348,368,1.0,188618,3948,2262,5172,7,11,72
news-source-strategies,RQ2,E2-timing-duration,informational_p101_permanent,1021,INFORMATIONAL_CAMOUFLAGE,TRADITIONAL_MEDIA,FAKE_NEWS_SOURCE,101.0,-1.0,,-1.0,0.33,1.0,5.0,1.0,COMPLETE,0.01808,200000,307,316,337,391,1.0,187343,5919,2589,4149,6,15,122
news-source-strategies,RQ2,E2-timing-duration,informational_p101_permanent,1022,INFORMATIONAL_CAMOUFLAGE,TRADITIONAL_MEDIA,FAKE_NEWS_SOURCE,101.0,-1.0,,-1.0,0.33,1.0,5.0,1.0,COMPLETE,0.01344,200000,201,208,275,359,1.0,191143,3783,2378,2696,5,60,186
news-source-strategies,RQ2,E2-timing-duration,informational_p101_permanent,1023,INFORMATIONAL_CAMOUFLAGE,TRADITIONAL_MEDIA,FAKE_NEWS_SOURCE,101.0,-1.0,,-1.0,0.33,1.0,5.0,1.0,COMPLETE,0.01114,200000,211,249,280,383,1.0,190118,3782,2605,3495,3,43,152
news-source-strategies,RQ2,E2-timing-duration,informational_p101_permanent,1024,INFORMATIONAL_CAMOUFLAGE,TRADITIONAL_MEDIA,FAKE_NEWS_SOURCE,101.0,-1.0,,-1.0,0.33,1.0,5.0,1.0,COMPLETE,0.0105,200000,157,184,247,339,1.0,192112,3215,1910,2763,6,59,179
news-source-strategies,RQ2,E2-timing-duration,informational_p101_permanent,1025,INFORMATIONAL_CAMOUFLAGE,TRADITIONAL_MEDIA,FAKE_NEWS_SOURCE,101.0,-1.0,,-1.0,0.33,1.0,5.0,1.0,COMPLETE,0.0065,200000,330,348,379,431,1.0,187545,4064,2391,6000,9,16,55
news-source-strategies,RQ2,E2-timing-duration,informational_p101_permanent,1026,INFORMATIONAL_CAMOUFLAGE,TRADITIONAL_MEDIA,FAKE_NEWS_SOURCE,101.0,-1.0,,-1.0,0.33,1.0,5.0,1.0,COMPLETE,0.00236,200000,388,413,431,456,1.0,190289,4077,2450,3184,4,7,13
news-source-strategies,RQ2,E2-timing-duration,informational_p101_permanent,1027,INFORMATIONAL_CAMOUFLAGE,TRADITIONAL_MEDIA,FAKE_NEWS_SOURCE,101.0,-1.0,,-1.0,0.33,1.0,5.0,1.0,COMPLETE,0.00622,200000,344,384,401,429,1.0,189632,4454,2531,3383,4,8,36
news-source-strategies,RQ2,E2-timing-duration,informational_p101_permanent,1028,INFORMATIONAL_CAMOUFLAGE,TRADITIONAL_MEDIA,FAKE_NEWS_SOURCE,101.0,-1.0,,-1.0,0.33,1.0,5.0,1.0,COMPLETE,0.02544,200000,289,351,377,401,1.0,187438,5087,3270,4205,4,8,54
news-source-strategies,RQ2,E2-timing-duration,informational_p101_permanent,1029,INFORMATIONAL_CAMOUFLAGE,TRADITIONAL_MEDIA,FAKE_NEWS_SOURCE,101.0,-1.0,,-1.0,0.33,1.0,5.0,1.0,COMPLETE,0.0165,200000,160,187,208,281,1.0,191915,3367,2121,2597,5,148,239
news-source-strategies,RQ2,E2-timing-duration,informational_p101_permanent,1030,INFORMATIONAL_CAMOUFLAGE,TRADITIONAL_MEDIA,FAKE_NEWS_SOURCE,101.0,-1.0,,-1.0,0.33,1.0,5.0,1.0,COMPLETE,0.00646,200000,272,279,287,381,1.0,191302,4185,2069,2444,4,15,171
news-source-strategies,RQ2,E2-timing-duration,informational_p201_d25,1001,INFORMATIONAL_CAMOUFLAGE,TRADITIONAL_MEDIA,FAKE_NEWS_SOURCE,201.0,225.0,,-1.0,0.33,1.0,5.0,1.0,COMPLETE,0.01126,200000,252,252,329,389,1.0,191086,3566,2249,3099,3,11,127
news-source-strategies,RQ2,E2-timing-duration,informational_p201_d25,1002,INFORMATIONAL_CAMOUFLAGE,TRADITIONAL_MEDIA,FAKE_NEWS_SOURCE,201.0,225.0,,-1.0,0.33,1.0,5.0,1.0,COMPLETE,0.00262,200000,264,275,311,341,1.0,192542,3111,1754,2593,3,8,166
news-source-strategies,RQ2,E2-timing-duration,informational_p201_d25,1003,INFORMATIONAL_CAMOUFLAGE,TRADITIONAL_MEDIA,FAKE_NEWS_SOURCE,201.0,225.0,,-1.0,0.33,1.0,5.0,1.0,COMPLETE,0.00964,200000,202,252,334,384,1.0,190277,4531,2247,2945,7,38,131
news-source-strategies,RQ2,E2-timing-duration,informational_p201_d25,1004,INFORMATIONAL_CAMOUFLAGE,TRADITIONAL_MEDIA,FAKE_NEWS_SOURCE,201.0,225.0,,-1.0,0.33,1.0,5.0,1.0,COMPLETE,0.00538,200000,267,278,396,467,1.0,186855,5534,3143,4468,3,13,89
news-source-strategies,RQ2,E2-timing-duration,informational_p201_d25,1005,INFORMATIONAL_CAMOUFLAGE,TRADITIONAL_MEDIA,FAKE_NEWS_SOURCE,201.0,225.0,,-1.0,0.33,1.0,5.0,1.0,COMPLETE,0.01264,200000,344,371,409,421,1.0,186790,5595,3121,4494,3,9,36
news-source-strategies,RQ2,E2-timing-duration,informational_p201_d25,1006,INFORMATIONAL_CAMOUFLAGE,TRADITIONAL_MEDIA,FAKE_NEWS_SOURCE,201.0,225.0,,-1.0,0.33,1.0,5.0,1.0,COMPLETE,0.0085,200000,351,385,426,444,1.0,186902,4004,2675,6419,8,13,34
news-source-strategies,RQ2,E2-timing-duration,informational_p201_d25,1007,INFORMATIONAL_CAMOUFLAGE,TRADITIONAL_MEDIA,FAKE_NEWS_SOURCE,201.0,225.0,,-1.0,0.33,1.0,5.0,1.0,COMPLETE,0.0059,200000,377,462,489,495,1.0,168056,19732,5057,7155,4,10,25
news-source-strategies,RQ2,E2-timing-duration,informational_p201_d25,1008,INFORMATIONAL_CAMOUFLAGE,TRADITIONAL_MEDIA,FAKE_NEWS_SOURCE,201.0,225.0,,-1.0,0.33,1.0,5.0,1.0,COMPLETE,0.01206,200000,360,397,411,455,1.0,186704,5597,3168,4531,3,8,33
news-source-strategies,RQ2,E2-timing-duration,informational_p201_d25,1009,INFORMATIONAL_CAMOUFLAGE,TRADITIONAL_MEDIA,FAKE_NEWS_SOURCE,201.0,225.0,,-1.0,0.33,1.0,5.0,1.0,COMPLETE,0.01198,200000,280,310,469,484,1.0,150938,37008,5316,6738,3,17,70
news-source-strategies,RQ2,E2-timing-duration,informational_p201_d25,1010,INFORMATIONAL_CAMOUFLAGE,TRADITIONAL_MEDIA,FAKE_NEWS_SOURCE,201.0,225.0,,-1.0,0.33,1.0,5.0,1.0,COMPLETE,0.00402,200000,320,353,451,497,1.0,114408,72934,5316,7342,4,9,67
news-source-strategies,RQ2,E2-timing-duration,informational_p201_d25,1011,INFORMATIONAL_CAMOUFLAGE,TRADITIONAL_MEDIA,FAKE_NEWS_SOURCE,201.0,225.0,,-1.0,0.33,1.0,5.0,1.0,COMPLETE,0.00282,200000,235,252,340,368,1.0,192367,2998,1845,2790,3,11,78
news-source-strategies,RQ2,E2-timing-duration,informational_p201_d25,1012,INFORMATIONAL_CAMOUFLAGE,TRADITIONAL_MEDIA,FAKE_NEWS_SOURCE,201.0,225.0,,-1.0,0.33,1.0,5.0,1.0,COMPLETE,0.01344,200000,249,279,334,398,1.0,186785,4339,2596,6280,9,17,142
news-source-strategies,RQ2,E2-timing-duration,informational_p201_d25,1013,INFORMATIONAL_CAMOUFLAGE,TRADITIONAL_MEDIA,FAKE_NEWS_SOURCE,201.0,225.0,,-1.0,0.33,1.0,5.0,1.0,COMPLETE,0.00708,200000,163,205,278,357,1.0,192870,3135,1662,2333,4,74,128
news-source-strategies,RQ2,E2-timing-duration,informational_p201_d25,1014,INFORMATIONAL_CAMOUFLAGE,TRADITIONAL_MEDIA,FAKE_NEWS_SOURCE,201.0,225.0,,-1.0,0.33,1.0,5.0,1.0,COMPLETE,0.00284,200000,275,306,326,392,1.0,189690,4405,2339,3566,3,13,148
news-source-strategies,RQ2,E2-timing-duration,informational_p201_d25,1015,INFORMATIONAL_CAMOUFLAGE,TRADITIONAL_MEDIA,FAKE_NEWS_SOURCE,201.0,225.0,,-1.0,0.33,1.0,5.0,1.0,COMPLETE,0.01062,200000,163,171,284,462,1.0,187492,5685,2947,3876,11,74,123
news-source-strategies,RQ2,E2-timing-duration,informational_p201_d25,1016,INFORMATIONAL_CAMOUFLAGE,TRADITIONAL_MEDIA,FAKE_NEWS_SOURCE,201.0,225.0,,-1.0,0.33,1.0,5.0,1.0,COMPLETE,0.0083,200000,316,319,343,372,1.0,189846,3568,2341,4245,5,9,93
news-source-strategies,RQ2,E2-timing-duration,informational_p201_d25,1017,INFORMATIONAL_CAMOUFLAGE,TRADITIONAL_MEDIA,FAKE_NEWS_SOURCE,201.0,225.0,,-1.0,0.33,1.0,5.0,1.0,COMPLETE,0.00958,200000,339,359,384,414,1.0,189816,4120,2481,3583,4,8,30
news-source-strategies,RQ2,E2-timing-duration,informational_p201_d25,1018,INFORMATIONAL_CAMOUFLAGE,TRADITIONAL_MEDIA,FAKE_NEWS_SOURCE,201.0,225.0,,-1.0,0.33,1.0,5.0,1.0,COMPLETE,0.00554,200000,304,306,334,430,1.0,189580,4716,2378,3326,4,8,105
news-source-strategies,RQ2,E2-timing-duration,informational_p201_d25,1019,INFORMATIONAL_CAMOUFLAGE,TRADITIONAL_MEDIA,FAKE_NEWS_SOURCE,201.0,225.0,,-1.0,0.33,1.0,5.0,1.0,COMPLETE,0.00332,200000,226,234,279,363,1.0,191740,3739,1812,2709,4,18,143
news-source-strategies,RQ2,E2-timing-duration,informational_p201_d25,1020,INFORMATIONAL_CAMOUFLAGE,TRADITIONAL_MEDIA,FAKE_NEWS_SOURCE,201.0,225.0,,-1.0,0.33,1.0,5.0,1.0,COMPLETE,0.00804,200000,303,314,348,368,1.0,188534,4044,2169,5253,7,11,68
news-source-strategies,RQ2,E2-timing-duration,informational_p201_d25,1021,INFORMATIONAL_CAMOUFLAGE,TRADITIONAL_MEDIA,FAKE_NEWS_SOURCE,201.0,225.0,,-1.0,0.33,1.0,5.0,1.0,COMPLETE,0.0159,200000,307,316,337,386,1.0,187243,6068,2423,4266,6,15,122
news-source-strategies,RQ2,E2-timing-duration,informational_p201_d25,1022,INFORMATIONAL_CAMOUFLAGE,TRADITIONAL_MEDIA,FAKE_NEWS_SOURCE,201.0,225.0,,-1.0,0.33,1.0,5.0,1.0,COMPLETE,0.01196,200000,201,208,275,358,1.0,191120,3850,2223,2807,5,60,171
news-source-strategies,RQ2,E2-timing-duration,informational_p201_d25,1023,INFORMATIONAL_CAMOUFLAGE,TRADITIONAL_MEDIA,FAKE_NEWS_SOURCE,201.0,225.0,,-1.0,0.33,1.0,5.0,1.0,COMPLETE,0.01058,200000,211,249,280,377,1.0,189678,4098,2534,3690,3,43,152
news-source-strategies,RQ2,E2-timing-duration,informational_p201_d25,1024,INFORMATIONAL_CAMOUFLAGE,TRADITIONAL_MEDIA,FAKE_NEWS_SOURCE,201.0,225.0,,-1.0,0.33,1.0,5.0,1.0,COMPLETE,0.00968,200000,157,184,247,333,1.0,191995,3356,1842,2807,5,58,180
news-source-strategies,RQ2,E2-timing-duration,informational_p201_d25,1025,INFORMATIONAL_CAMOUFLAGE,TRADITIONAL_MEDIA,FAKE_NEWS_SOURCE,201.0,225.0,,-1.0,0.33,1.0,5.0,1.0,COMPLETE,0.00588,200000,330,348,379,424,1.0,187481,4167,2278,6074,9,16,42
news-source-strategies,RQ2,E2-timing-duration,informational_p201_d25,1026,INFORMATIONAL_CAMOUFLAGE,TRADITIONAL_MEDIA,FAKE_NEWS_SOURCE,201.0,225.0,,-1.0,0.33,1.0,5.0,1.0,COMPLETE,0.00222,200000,388,413,431,454,1.0,190127,4169,2418,3286,3,7,13
news-source-strategies,RQ2,E2-timing-duration,informational_p201_d25,1027,INFORMATIONAL_CAMOUFLAGE,TRADITIONAL_MEDIA,FAKE_NEWS_SOURCE,201.0,225.0,,-1.0,0.33,1.0,5.0,1.0,COMPLETE,0.0066,200000,344,384,401,429,1.0,189276,4614,2529,3581,4,8,36
news-source-strategies,RQ2,E2-timing-duration,informational_p201_d25,1028,INFORMATIONAL_CAMOUFLAGE,TRADITIONAL_MEDIA,FAKE_NEWS_SOURCE,201.0,225.0,,-1.0,0.33,1.0,5.0,1.0,COMPLETE,0.02368,200000,289,351,377,400,1.0,187268,5213,3151,4368,4,8,54
news-source-strategies,RQ2,E2-timing-duration,informational_p201_d25,1029,INFORMATIONAL_CAMOUFLAGE,TRADITIONAL_MEDIA,FAKE_NEWS_SOURCE,201.0,225.0,,-1.0,0.33,1.0,5.0,1.0,COMPLETE,0.01412,200000,160,187,208,277,1.0,192057,3384,1906,2653,4,135,238
news-source-strategies,RQ2,E2-timing-duration,informational_p201_d25,1030,INFORMATIONAL_CAMOUFLAGE,TRADITIONAL_MEDIA,FAKE_NEWS_SOURCE,201.0,225.0,,-1.0,0.33,1.0,5.0,1.0,COMPLETE,0.0065,200000,272,279,287,377,1.0,191214,4259,2003,2524,4,13,171
news-source-strategies,RQ2,E2-timing-duration,informational_p201_d100,1001,INFORMATIONAL_CAMOUFLAGE,TRADITIONAL_MEDIA,FAKE_NEWS_SOURCE,201.0,300.0,,-1.0,0.33,1.0,5.0,1.0,COMPLETE,0.01106,200000,252,252,329,389,1.0,191250,3485,2238,3027,3,11,127
news-source-strategies,RQ2,E2-timing-duration,informational_p201_d100,1002,INFORMATIONAL_CAMOUFLAGE,TRADITIONAL_MEDIA,FAKE_NEWS_SOURCE,201.0,300.0,,-1.0,0.33,1.0,5.0,1.0,COMPLETE,0.00262,200000,264,275,311,341,1.0,192574,3084,1765,2577,3,8,166
news-source-strategies,RQ2,E2-timing-duration,informational_p201_d100,1003,INFORMATIONAL_CAMOUFLAGE,TRADITIONAL_MEDIA,FAKE_NEWS_SOURCE,201.0,300.0,,-1.0,0.33,1.0,5.0,1.0,COMPLETE,0.00962,200000,202,252,334,384,1.0,190315,4508,2253,2924,7,38,131
news-source-strategies,RQ2,E2-timing-duration,informational_p201_d100,1004,INFORMATIONAL_CAMOUFLAGE,TRADITIONAL_MEDIA,FAKE_NEWS_SOURCE,201.0,300.0,,-1.0,0.33,1.0,5.0,1.0,COMPLETE,0.00536,200000,267,278,396,467,1.0,186960,5457,3177,4406,3,14,89
news-source-strategies,RQ2,E2-timing-duration,informational_p201_d100,1005,INFORMATIONAL_CAMOUFLAGE,TRADITIONAL_MEDIA,FAKE_NEWS_SOURCE,201.0,300.0,,-1.0,0.33,1.0,5.0,1.0,COMPLETE,0.01268,200000,344,371,409,421,1.0,186751,5578,3194,4477,3,9,36
news-source-strategies,RQ2,E2-timing-duration,informational_p201_d100,1006,INFORMATIONAL_CAMOUFLAGE,TRADITIONAL_MEDIA,FAKE_NEWS_SOURCE,201.0,300.0,,-1.0,0.33,1.0,5.0,1.0,COMPLETE,0.00842,200000,351,385,426,444,1.0,187007,3960,2663,6370,8,13,34
news-source-strategies,RQ2,E2-timing-duration,informational_p201_d100,1007,INFORMATIONAL_CAMOUFLAGE,TRADITIONAL_MEDIA,FAKE_NEWS_SOURCE,201.0,300.0,,-1.0,0.33,1.0,5.0,1.0,COMPLETE,0.00574,200000,377,462,489,495,1.0,168061,19705,5126,7108,4,10,25
news-source-strategies,RQ2,E2-timing-duration,informational_p201_d100,1008,INFORMATIONAL_CAMOUFLAGE,TRADITIONAL_MEDIA,FAKE_NEWS_SOURCE,201.0,300.0,,-1.0,0.33,1.0,5.0,1.0,COMPLETE,0.01238,200000,360,397,411,455,1.0,186662,5573,3189,4576,3,8,33
news-source-strategies,RQ2,E2-timing-duration,informational_p201_d100,1009,INFORMATIONAL_CAMOUFLAGE,TRADITIONAL_MEDIA,FAKE_NEWS_SOURCE,201.0,300.0,,-1.0,0.33,1.0,5.0,1.0,COMPLETE,0.01224,200000,280,310,469,484,1.0,150880,37053,5390,6677,3,17,70
news-source-strategies,RQ2,E2-timing-duration,informational_p201_d100,1010,INFORMATIONAL_CAMOUFLAGE,TRADITIONAL_MEDIA,FAKE_NEWS_SOURCE,201.0,300.0,,-1.0,0.33,1.0,5.0,1.0,COMPLETE,0.0042,200000,320,353,451,497,1.0,114293,72964,5413,7330,4,9,67
news-source-strategies,RQ2,E2-timing-duration,informational_p201_d100,1011,INFORMATIONAL_CAMOUFLAGE,TRADITIONAL_MEDIA,FAKE_NEWS_SOURCE,201.0,300.0,,-1.0,0.33,1.0,5.0,1.0,COMPLETE,0.00284,200000,235,252,340,368,1.0,192362,2992,1863,2783,3,11,78
news-source-strategies,RQ2,E2-timing-duration,informational_p201_d100,1012,INFORMATIONAL_CAMOUFLAGE,TRADITIONAL_MEDIA,FAKE_NEWS_SOURCE,201.0,300.0,,-1.0,0.33,1.0,5.0,1.0,COMPLETE,0.01342,200000,249,279,334,398,1.0,186766,4317,2641,6276,9,17,142
news-source-strategies,RQ2,E2-timing-duration,informational_p201_d100,1013,INFORMATIONAL_CAMOUFLAGE,TRADITIONAL_MEDIA,FAKE_NEWS_SOURCE,201.0,300.0,,-1.0,0.33,1.0,5.0,1.0,COMPLETE,0.00686,200000,163,205,278,357,1.0,192920,3097,1679,2304,4,74,128
news-source-strategies,RQ2,E2-timing-duration,informational_p201_d100,1014,INFORMATIONAL_CAMOUFLAGE,TRADITIONAL_MEDIA,FAKE_NEWS_SOURCE,201.0,300.0,,-1.0,0.33,1.0,5.0,1.0,COMPLETE,0.00274,200000,275,306,326,392,1.0,189692,4343,2397,3568,3,13,148
news-source-strategies,RQ2,E2-timing-duration,informational_p201_d100,1015,INFORMATIONAL_CAMOUFLAGE,TRADITIONAL_MEDIA,FAKE_NEWS_SOURCE,201.0,300.0,,-1.0,0.33,1.0,5.0,1.0,COMPLETE,0.0106,200000,163,171,284,462,1.0,187510,5676,2947,3867,11,74,123
news-source-strategies,RQ2,E2-timing-duration,informational_p201_d100,1016,INFORMATIONAL_CAMOUFLAGE,TRADITIONAL_MEDIA,FAKE_NEWS_SOURCE,201.0,300.0,,-1.0,0.33,1.0,5.0,1.0,COMPLETE,0.00822,200000,316,319,343,372,1.0,189696,3571,2446,4287,5,9,94
news-source-strategies,RQ2,E2-timing-duration,informational_p201_d100,1017,INFORMATIONAL_CAMOUFLAGE,TRADITIONAL_MEDIA,FAKE_NEWS_SOURCE,201.0,300.0,,-1.0,0.33,1.0,5.0,1.0,COMPLETE,0.00948,200000,339,359,384,414,1.0,189839,4086,2507,3568,4,8,30
news-source-strategies,RQ2,E2-timing-duration,informational_p201_d100,1018,INFORMATIONAL_CAMOUFLAGE,TRADITIONAL_MEDIA,FAKE_NEWS_SOURCE,201.0,300.0,,-1.0,0.33,1.0,5.0,1.0,COMPLETE,0.0055,200000,304,306,334,430,1.0,189635,4679,2381,3305,4,8,105
news-source-strategies,RQ2,E2-timing-duration,informational_p201_d100,1019,INFORMATIONAL_CAMOUFLAGE,TRADITIONAL_MEDIA,FAKE_NEWS_SOURCE,201.0,300.0,,-1.0,0.33,1.0,5.0,1.0,COMPLETE,0.0033,200000,226,234,279,363,1.0,191790,3726,1860,2624,4,18,145
news-source-strategies,RQ2,E2-timing-duration,informational_p201_d100,1020,INFORMATIONAL_CAMOUFLAGE,TRADITIONAL_MEDIA,FAKE_NEWS_SOURCE,201.0,300.0,,-1.0,0.33,1.0,5.0,1.0,COMPLETE,0.00804,200000,303,314,348,368,1.0,188556,4028,2194,5222,7,11,68
news-source-strategies,RQ2,E2-timing-duration,informational_p201_d100,1021,INFORMATIONAL_CAMOUFLAGE,TRADITIONAL_MEDIA,FAKE_NEWS_SOURCE,201.0,300.0,,-1.0,0.33,1.0,5.0,1.0,COMPLETE,0.01578,200000,307,316,337,386,1.0,187313,6033,2429,4225,6,15,122
news-source-strategies,RQ2,E2-timing-duration,informational_p201_d100,1022,INFORMATIONAL_CAMOUFLAGE,TRADITIONAL_MEDIA,FAKE_NEWS_SOURCE,201.0,300.0,,-1.0,0.33,1.0,5.0,1.0,COMPLETE,0.0124,200000,201,208,275,358,1.0,190884,3928,2340,2848,5,60,186
news-source-strategies,RQ2,E2-timing-duration,informational_p201_d100,1023,INFORMATIONAL_CAMOUFLAGE,TRADITIONAL_MEDIA,FAKE_NEWS_SOURCE,201.0,300.0,,-1.0,0.33,1.0,5.0,1.0,COMPLETE,0.0105,200000,211,249,280,377,1.0,189929,3938,2551,3582,3,43,152
news-source-strategies,RQ2,E2-timing-duration,informational_p201_d100,1024,INFORMATIONAL_CAMOUFLAGE,TRADITIONAL_MEDIA,FAKE_NEWS_SOURCE,201.0,300.0,,-1.0,0.33,1.0,5.0,1.0,COMPLETE,0.00968,200000,157,184,247,333,1.0,192031,3332,1838,2799,5,58,180
news-source-strategies,RQ2,E2-timing-duration,informational_p201_d100,1025,INFORMATIONAL_CAMOUFLAGE,TRADITIONAL_MEDIA,FAKE_NEWS_SOURCE,201.0,300.0,,-1.0,0.33,1.0,5.0,1.0,COMPLETE,0.00568,200000,330,348,379,424,1.0,187569,4117,2285,6029,9,16,42
news-source-strategies,RQ2,E2-timing-duration,informational_p201_d100,1026,INFORMATIONAL_CAMOUFLAGE,TRADITIONAL_MEDIA,FAKE_NEWS_SOURCE,201.0,300.0,,-1.0,0.33,1.0,5.0,1.0,COMPLETE,0.00214,200000,388,413,431,454,1.0,190147,4153,2429,3271,3,7,13
news-source-strategies,RQ2,E2-timing-duration,informational_p201_d100,1027,INFORMATIONAL_CAMOUFLAGE,TRADITIONAL_MEDIA,FAKE_NEWS_SOURCE,201.0,300.0,,-1.0,0.33,1.0,5.0,1.0,COMPLETE,0.00656,200000,344,384,401,429,1.0,189334,4581,2561,3524,4,8,36
news-source-strategies,RQ2,E2-timing-duration,informational_p201_d100,1028,INFORMATIONAL_CAMOUFLAGE,TRADITIONAL_MEDIA,FAKE_NEWS_SOURCE,201.0,300.0,,-1.0,0.33,1.0,5.0,1.0,COMPLETE,0.02202,200000,289,351,377,400,1.0,187311,5199,3105,4385,4,8,54
news-source-strategies,RQ2,E2-timing-duration,informational_p201_d100,1029,INFORMATIONAL_CAMOUFLAGE,TRADITIONAL_MEDIA,FAKE_NEWS_SOURCE,201.0,300.0,,-1.0,0.33,1.0,5.0,1.0,COMPLETE,0.01412,200000,160,187,208,277,1.0,192041,3363,1992,2604,5,135,239
news-source-strategies,RQ2,E2-timing-duration,informational_p201_d100,1030,INFORMATIONAL_CAMOUFLAGE,TRADITIONAL_MEDIA,FAKE_NEWS_SOURCE,201.0,300.0,,-1.0,0.33,1.0,5.0,1.0,COMPLETE,0.00626,200000,272,279,287,377,1.0,191314,4201,1999,2486,4,14,171
news-source-strategies,RQ2,E2-timing-duration,informational_p201_permanent,1001,INFORMATIONAL_CAMOUFLAGE,TRADITIONAL_MEDIA,FAKE_NEWS_SOURCE,201.0,-1.0,,-1.0,0.33,1.0,5.0,1.0,COMPLETE,0.01186,200000,252,252,329,389,1.0,191331,3399,2278,2992,3,11,127
news-source-strategies,RQ2,E2-timing-duration,informational_p201_permanent,1002,INFORMATIONAL_CAMOUFLAGE,TRADITIONAL_MEDIA,FAKE_NEWS_SOURCE,201.0,-1.0,,-1.0,0.33,1.0,5.0,1.0,COMPLETE,0.0026,200000,264,275,311,341,1.0,192610,3066,1764,2560,3,8,166
news-source-strategies,RQ2,E2-timing-duration,informational_p201_permanent,1003,INFORMATIONAL_CAMOUFLAGE,TRADITIONAL_MEDIA,FAKE_NEWS_SOURCE,201.0,-1.0,,-1.0,0.33,1.0,5.0,1.0,COMPLETE,0.0121,200000,202,252,334,384,1.0,190121,4563,2377,2939,7,39,134
news-source-strategies,RQ2,E2-timing-duration,informational_p201_permanent,1004,INFORMATIONAL_CAMOUFLAGE,TRADITIONAL_MEDIA,FAKE_NEWS_SOURCE,201.0,-1.0,,-1.0,0.33,1.0,5.0,1.0,COMPLETE,0.00538,200000,267,278,396,467,1.0,187038,5421,3178,4363,3,14,89
news-source-strategies,RQ2,E2-timing-duration,informational_p201_permanent,1005,INFORMATIONAL_CAMOUFLAGE,TRADITIONAL_MEDIA,FAKE_NEWS_SOURCE,201.0,-1.0,,-1.0,0.33,1.0,5.0,1.0,COMPLETE,0.01416,200000,344,371,409,421,1.0,186697,5572,3268,4463,3,9,38
news-source-strategies,RQ2,E2-timing-duration,informational_p201_permanent,1006,INFORMATIONAL_CAMOUFLAGE,TRADITIONAL_MEDIA,FAKE_NEWS_SOURCE,201.0,-1.0,,-1.0,0.33,1.0,5.0,1.0,COMPLETE,0.00856,200000,351,385,426,444,1.0,187035,3923,2670,6372,8,13,31
news-source-strategies,RQ2,E2-timing-duration,informational_p201_permanent,1007,INFORMATIONAL_CAMOUFLAGE,TRADITIONAL_MEDIA,FAKE_NEWS_SOURCE,201.0,-1.0,,-1.0,0.33,1.0,5.0,1.0,COMPLETE,0.00632,200000,377,462,489,495,1.0,168125,19655,5155,7065,4,10,25
news-source-strategies,RQ2,E2-timing-duration,informational_p201_permanent,1008,INFORMATIONAL_CAMOUFLAGE,TRADITIONAL_MEDIA,FAKE_NEWS_SOURCE,201.0,-1.0,,-1.0,0.33,1.0,5.0,1.0,COMPLETE,0.01366,200000,360,397,411,455,1.0,186813,5440,3253,4494,3,8,33
news-source-strategies,RQ2,E2-timing-duration,informational_p201_permanent,1009,INFORMATIONAL_CAMOUFLAGE,TRADITIONAL_MEDIA,FAKE_NEWS_SOURCE,201.0,-1.0,,-1.0,0.33,1.0,5.0,1.0,COMPLETE,0.01182,200000,280,310,469,484,1.0,151077,36955,5369,6599,3,17,70
news-source-strategies,RQ2,E2-timing-duration,informational_p201_permanent,1010,INFORMATIONAL_CAMOUFLAGE,TRADITIONAL_MEDIA,FAKE_NEWS_SOURCE,201.0,-1.0,,-1.0,0.33,1.0,5.0,1.0,COMPLETE,0.00434,200000,320,353,451,497,1.0,114305,72955,5420,7320,4,9,67
news-source-strategies,RQ2,E2-timing-duration,informational_p201_permanent,1011,INFORMATIONAL_CAMOUFLAGE,TRADITIONAL_MEDIA,FAKE_NEWS_SOURCE,201.0,-1.0,,-1.0,0.33,1.0,5.0,1.0,COMPLETE,0.00276,200000,235,252,340,368,1.0,192427,2970,1859,2744,3,11,78
news-source-strategies,RQ2,E2-timing-duration,informational_p201_permanent,1012,INFORMATIONAL_CAMOUFLAGE,TRADITIONAL_MEDIA,FAKE_NEWS_SOURCE,201.0,-1.0,,-1.0,0.33,1.0,5.0,1.0,COMPLETE,0.01364,200000,249,279,334,398,1.0,186880,4259,2652,6209,9,17,146
news-source-strategies,RQ2,E2-timing-duration,informational_p201_permanent,1013,INFORMATIONAL_CAMOUFLAGE,TRADITIONAL_MEDIA,FAKE_NEWS_SOURCE,201.0,-1.0,,-1.0,0.33,1.0,5.0,1.0,COMPLETE,0.00796,200000,163,205,278,357,1.0,192888,3093,1734,2285,4,74,128
news-source-strategies,RQ2,E2-timing-duration,informational_p201_permanent,1014,INFORMATIONAL_CAMOUFLAGE,TRADITIONAL_MEDIA,FAKE_NEWS_SOURCE,201.0,-1.0,,-1.0,0.33,1.0,5.0,1.0,COMPLETE,0.00292,200000,275,306,326,392,1.0,189706,4337,2406,3551,3,13,148
news-source-strategies,RQ2,E2-timing-duration,informational_p201_permanent,1015,INFORMATIONAL_CAMOUFLAGE,TRADITIONAL_MEDIA,FAKE_NEWS_SOURCE,201.0,-1.0,,-1.0,0.33,1.0,5.0,1.0,COMPLETE,0.01168,200000,163,171,284,462,1.0,187452,5706,3001,3841,11,74,123
news-source-strategies,RQ2,E2-timing-duration,informational_p201_permanent,1016,INFORMATIONAL_CAMOUFLAGE,TRADITIONAL_MEDIA,FAKE_NEWS_SOURCE,201.0,-1.0,,-1.0,0.33,1.0,5.0,1.0,COMPLETE,0.00934,200000,316,319,343,372,1.0,189703,3539,2502,4256,5,9,95
news-source-strategies,RQ2,E2-timing-duration,informational_p201_permanent,1017,INFORMATIONAL_CAMOUFLAGE,TRADITIONAL_MEDIA,FAKE_NEWS_SOURCE,201.0,-1.0,,-1.0,0.33,1.0,5.0,1.0,COMPLETE,0.0096,200000,339,359,384,414,1.0,190009,3954,2513,3524,4,8,30
news-source-strategies,RQ2,E2-timing-duration,informational_p201_permanent,1018,INFORMATIONAL_CAMOUFLAGE,TRADITIONAL_MEDIA,FAKE_NEWS_SOURCE,201.0,-1.0,,-1.0,0.33,1.0,5.0,1.0,COMPLETE,0.00548,200000,304,306,334,430,1.0,189708,4643,2380,3269,4,8,105
news-source-strategies,RQ2,E2-timing-duration,informational_p201_permanent,1019,INFORMATIONAL_CAMOUFLAGE,TRADITIONAL_MEDIA,FAKE_NEWS_SOURCE,201.0,-1.0,,-1.0,0.33,1.0,5.0,1.0,COMPLETE,0.0032,200000,226,234,279,363,1.0,191876,3679,1855,2590,4,18,145
news-source-strategies,RQ2,E2-timing-duration,informational_p201_permanent,1020,INFORMATIONAL_CAMOUFLAGE,TRADITIONAL_MEDIA,FAKE_NEWS_SOURCE,201.0,-1.0,,-1.0,0.33,1.0,5.0,1.0,COMPLETE,0.0095,200000,303,314,348,368,1.0,188579,3973,2267,5181,7,11,72
news-source-strategies,RQ2,E2-timing-duration,informational_p201_permanent,1021,INFORMATIONAL_CAMOUFLAGE,TRADITIONAL_MEDIA,FAKE_NEWS_SOURCE,201.0,-1.0,,-1.0,0.33,1.0,5.0,1.0,COMPLETE,0.01808,200000,307,316,337,386,1.0,187378,5918,2544,4160,6,15,122
news-source-strategies,RQ2,E2-timing-duration,informational_p201_permanent,1022,INFORMATIONAL_CAMOUFLAGE,TRADITIONAL_MEDIA,FAKE_NEWS_SOURCE,201.0,-1.0,,-1.0,0.33,1.0,5.0,1.0,COMPLETE,0.01338,200000,201,208,275,358,1.0,190988,3843,2389,2780,5,60,186
news-source-strategies,RQ2,E2-timing-duration,informational_p201_permanent,1023,INFORMATIONAL_CAMOUFLAGE,TRADITIONAL_MEDIA,FAKE_NEWS_SOURCE,201.0,-1.0,,-1.0,0.33,1.0,5.0,1.0,COMPLETE,0.01114,200000,211,249,280,377,1.0,189972,3870,2583,3575,3,43,152
news-source-strategies,RQ2,E2-timing-duration,informational_p201_permanent,1024,INFORMATIONAL_CAMOUFLAGE,TRADITIONAL_MEDIA,FAKE_NEWS_SOURCE,201.0,-1.0,,-1.0,0.33,1.0,5.0,1.0,COMPLETE,0.0105,200000,157,184,247,333,1.0,192113,3241,1879,2767,5,58,180
news-source-strategies,RQ2,E2-timing-duration,informational_p201_permanent,1025,INFORMATIONAL_CAMOUFLAGE,TRADITIONAL_MEDIA,FAKE_NEWS_SOURCE,201.0,-1.0,,-1.0,0.33,1.0,5.0,1.0,COMPLETE,0.0065,200000,330,348,379,424,1.0,187553,4100,2326,6021,9,16,42
news-source-strategies,RQ2,E2-timing-duration,informational_p201_permanent,1026,INFORMATIONAL_CAMOUFLAGE,TRADITIONAL_MEDIA,FAKE_NEWS_SOURCE,201.0,-1.0,,-1.0,0.33,1.0,5.0,1.0,COMPLETE,0.00238,200000,388,413,431,454,1.0,190150,4148,2441,3261,3,7,13
news-source-strategies,RQ2,E2-timing-duration,informational_p201_permanent,1027,INFORMATIONAL_CAMOUFLAGE,TRADITIONAL_MEDIA,FAKE_NEWS_SOURCE,201.0,-1.0,,-1.0,0.33,1.0,5.0,1.0,COMPLETE,0.00622,200000,344,384,401,429,1.0,189436,4536,2544,3484,4,8,36
news-source-strategies,RQ2,E2-timing-duration,informational_p201_permanent,1028,INFORMATIONAL_CAMOUFLAGE,TRADITIONAL_MEDIA,FAKE_NEWS_SOURCE,201.0,-1.0,,-1.0,0.33,1.0,5.0,1.0,COMPLETE,0.02544,200000,289,351,377,400,1.0,187378,5113,3276,4233,4,8,54
news-source-strategies,RQ2,E2-timing-duration,informational_p201_permanent,1029,INFORMATIONAL_CAMOUFLAGE,TRADITIONAL_MEDIA,FAKE_NEWS_SOURCE,201.0,-1.0,,-1.0,0.33,1.0,5.0,1.0,COMPLETE,0.0165,200000,160,187,208,277,1.0,191879,3398,2111,2612,5,135,239
news-source-strategies,RQ2,E2-timing-duration,informational_p201_permanent,1030,INFORMATIONAL_CAMOUFLAGE,TRADITIONAL_MEDIA,FAKE_NEWS_SOURCE,201.0,-1.0,,-1.0,0.33,1.0,5.0,1.0,COMPLETE,0.00638,200000,272,279,287,377,1.0,191372,4169,2005,2454,4,14,171
news-source-strategies,RQ3,E3-reach-mitigation,control_reach14_7_wom0,1001,NONE,,,,,14.7,-1.0,0.33,0.0,5.0,1.0,COMPLETE,0.0118340611353711,183200,20,24,29,31,1.0,113593,54131,2329,13147,1,19,70
news-source-strategies,RQ3,E3-reach-mitigation,control_reach14_7_wom0,1002,NONE,,,,,14.7,-1.0,0.33,0.0,5.0,1.0,COMPLETE,0.0202819956616052,184400,27,28,29,32,1.0,117962,52098,4170,10170,1,1,21
news-source-strategies,RQ3,E3-reach-mitigation,control_reach14_7_wom0,1003,NONE,,,,,14.7,-1.0,0.33,0.0,5.0,1.0,COMPLETE,0.0164362850971922,185200,27,28,30,33,1.0,119583,55530,3401,6686,1,2,73
news-source-strategies,RQ3,E3-reach-mitigation,control_reach14_7_wom0,1004,NONE,,,,,14.7,-1.0,0.33,0.0,5.0,1.0,COMPLETE,0.005010752688172,186000,18,20,23,27,1.0,116296,55138,1552,13014,1,27,262
news-source-strategies,RQ3,E3-reach-mitigation,control_reach14_7_wom0,1005,NONE,,,,,14.7,-1.0,0.33,0.0,5.0,1.0,COMPLETE,0.0187931034482758,185600,23,26,28,31,1.0,113583,55001,3743,13273,1,2,135
news-source-strategies,RQ3,E3-reach-mitigation,control_reach14_7_wom0,1006,NONE,,,,,14.7,-1.0,0.33,0.0,5.0,1.0,COMPLETE,0.0222055674518201,186800,26,29,31,36,1.0,120700,51138,4313,10649,1,2,115
news-source-strategies,RQ3,E3-reach-mitigation,control_reach14_7_wom0,1007,NONE,,,,,14.7,-1.0,0.33,0.0,5.0,1.0,COMPLETE,0.015379746835443,189600,35,35,36,39,1.0,125221,48603,3475,12301,1,1,12
news-source-strategies,RQ3,E3-reach-mitigation,control_reach14_7_wom0,1008,NONE,,,,,14.7,-1.0,0.33,0.0,5.0,1.0,COMPLETE,0.0238146551724137,185600,35,38,39,44,1.0,112709,51831,5298,15762,1,1,32
news-source-strategies,RQ3,E3-reach-mitigation,control_reach14_7_wom0,1009,NONE,,,,,14.7,-1.0,0.33,0.0,5.0,1.0,COMPLETE,0.0122365591397849,186000,21,21,22,24,1.0,120234,51915,2613,11238,1,1,104
news-source-strategies,RQ3,E3-reach-mitigation,control_reach14_7_wom0,1010,NONE,,,,,14.7,-1.0,0.33,0.0,5.0,1.0,COMPLETE,0.0239647577092511,181600,29,30,34,36,1.0,113169,52512,4687,11232,1,2,79
news-source-strategies,RQ3,E3-reach-mitigation,control_reach14_7_wom0,1011,NONE,,,,,14.7,-1.0,0.33,0.0,5.0,1.0,COMPLETE,0.0196624472573839,189600,35,37,41,45,1.0,116954,51910,4322,16414,1,2,46
news-source-strategies,RQ3,E3-reach-mitigation,control_reach14_7_wom0,1012,NONE,,,,,14.7,-1.0,0.33,0.0,5.0,1.0,COMPLETE,0.0153418803418803,187200,22,23,30,35,1.0,114047,56094,3524,13535,1,1,84
news-source-strategies,RQ3,E3-reach-mitigation,control_reach14_7_wom0,1013,NONE,,,,,14.7,-1.0,0.33,0.0,5.0,1.0,COMPLETE,0.0086486486486486,192400,30,33,35,37,1.0,125213,50373,2544,14270,1,2,42
news-source-strategies,RQ3,E3-reach-mitigation,control_reach14_7_wom0,1014,NONE,,,,,14.7,-1.0,0.33,0.0,5.0,1.0,COMPLETE,0.0228632478632478,187200,34,38,40,45,1.0,125205,45888,4097,12010,1,2,35
news-source-strategies,RQ3,E3-reach-mitigation,control_reach14_7_wom0,1015,NONE,,,,,14.7,-1.0,0.33,0.0,5.0,1.0,COMPLETE,0.0239484978540772,186400,30,31,36,38,1.0,113231,55957,4467,12745,1,2,82
news-source-strategies,RQ3,E3-reach-mitigation,control_reach14_7_wom0,1016,NONE,,,,,14.7,-1.0,0.33,0.0,5.0,1.0,COMPLETE,0.0206521739130434,184000,35,37,38,40,1.0,124143,43739,4300,11818,1,2,4
news-source-strategies,RQ3,E3-reach-mitigation,control_reach14_7_wom0,1017,NONE,,,,,14.7,-1.0,0.33,0.0,5.0,1.0,COMPLETE,0.02008547008547,187200,23,26,28,32,1.0,118427,52170,3988,12615,1,2,89
news-source-strategies,RQ3,E3-reach-mitigation,control_reach14_7_wom0,1018,NONE,,,,,14.7,-1.0,0.33,0.0,5.0,1.0,COMPLETE,0.0174392935982339,181200,26,27,31,34,1.0,107445,56704,3175,13876,1,2,125
news-source-strategies,RQ3,E3-reach-mitigation,control_reach14_7_wom0,1019,NONE,,,,,14.7,-1.0,0.33,0.0,5.0,1.0,COMPLETE,0.0068466522678185,185200,27,30,31,35,1.0,123165,48860,1827,11348,1,2,48
news-source-strategies,RQ3,E3-reach-mitigation,control_reach14_7_wom0,1020,NONE,,,,,14.7,-1.0,0.33,0.0,5.0,1.0,COMPLETE,0.006900212314225,188400,21,24,27,34,1.0,122119,50853,2078,13350,1,2,91
news-source-strategies,RQ3,E3-reach-mitigation,control_reach14_7_wom0,1021,NONE,,,,,14.7,-1.0,0.33,0.0,5.0,1.0,COMPLETE,0.012117903930131,183200,29,32,36,38,1.0,119628,49029,2831,11712,1,2,62
news-source-strategies,RQ3,E3-reach-mitigation,control_reach14_7_wom0,1022,NONE,,,,,14.7,-1.0,0.33,0.0,5.0,1.0,COMPLETE,0.0149256900212314,188400,22,23,29,32,1.0,123607,48583,3696,12514,1,2,79
news-source-strategies,RQ3,E3-reach-mitigation,control_reach14_7_wom0,1023,NONE,,,,,14.7,-1.0,0.33,0.0,5.0,1.0,COMPLETE,0.0189721627408993,186800,34,34,34,34,1.0,121260,47189,3937,14414,1,1,2
news-source-strategies,RQ3,E3-reach-mitigation,control_reach14_7_wom0,1024,NONE,,,,,14.7,-1.0,0.33,0.0,5.0,1.0,COMPLETE,0.017063829787234,188000,32,33,34,41,1.0,120313,53413,3629,10645,1,2,159
news-source-strategies,RQ3,E3-reach-mitigation,control_reach14_7_wom0,1025,NONE,,,,,14.7,-1.0,0.33,0.0,5.0,1.0,COMPLETE,0.0107359307359307,184800,18,23,27,31,1.0,119948,51205,2788,10859,1,17,79
news-source-strategies,RQ3,E3-reach-mitigation,control_reach14_7_wom0,1026,NONE,,,,,14.7,-1.0,0.33,0.0,5.0,1.0,COMPLETE,0.0214069264069264,184800,28,29,30,33,1.0,119870,46690,4535,13705,1,2,97
news-source-strategies,RQ3,E3-reach-mitigation,control_reach14_7_wom0,1027,NONE,,,,,14.7,-1.0,0.33,0.0,5.0,1.0,COMPLETE,0.0163577586206896,185600,30,30,34,38,1.0,118721,54463,3310,9106,1,1,12
news-source-strategies,RQ3,E3-reach-mitigation,control_reach14_7_wom0,1028,NONE,,,,,14.7,-1.0,0.33,0.0,5.0,1.0,COMPLETE,0.0015384615384615,187200,24,28,28,31,1.0,125741,47653,1111,12695,1,2,45
news-source-strategies,RQ3,E3-reach-mitigation,control_reach14_7_wom0,1029,NONE,,,,,14.7,-1.0,0.33,0.0,5.0,1.0,COMPLETE,0.0157782515991471,187600,27,28,31,36,1.0,115825,55849,3316,12610,1,2,146
news-source-strategies,RQ3,E3-reach-mitigation,control_reach14_7_wom0,1030,NONE,,,,,14.7,-1.0,0.33,0.0,5.0,1.0,COMPLETE,0.0128414096916299,181600,23,26,28,34,1.0,114939,53597,2594,10470,1,2,146
news-source-strategies,RQ3,E3-reach-mitigation,control_reach14_7_wom1,1001,NONE,,,,,14.7,-1.0,0.33,1.0,5.0,1.0,COMPLETE,0.00048,199958,41,46,72,76,1.0,192114,5314,441,2089,3,27,69
news-source-strategies,RQ3,E3-reach-mitigation,control_reach14_7_wom1,1002,NONE,,,,,14.7,-1.0,0.33,1.0,5.0,1.0,COMPLETE,0.00092,199961,33,35,43,71,1.0,194569,2882,384,2126,2,81,136
news-source-strategies,RQ3,E3-reach-mitigation,control_reach14_7_wom1,1003,NONE,,,,,14.7,-1.0,0.33,1.0,5.0,1.0,COMPLETE,0.0073,199963,35,42,90,104,1.0,190501,5443,876,3143,26,71,284
news-source-strategies,RQ3,E3-reach-mitigation,control_reach14_7_wom1,1004,NONE,,,,,14.7,-1.0,0.33,1.0,5.0,1.0,COMPLETE,0.0008,199965,40,43,68,98,1.0,194856,2885,449,1775,5,65,179
news-source-strategies,RQ3,E3-reach-mitigation,control_reach14_7_wom1,1005,NONE,,,,,14.7,-1.0,0.33,1.0,5.0,1.0,COMPLETE,0.00302,199964,55,84,98,109,1.0,194020,2993,724,2227,12,26,52
news-source-strategies,RQ3,E3-reach-mitigation,control_reach14_7_wom1,1006,NONE,,,,,14.7,-1.0,0.33,1.0,5.0,1.0,COMPLETE,0.00176,199967,35,46,58,69,1.0,194957,2810,470,1730,3,59,263
news-source-strategies,RQ3,E3-reach-mitigation,control_reach14_7_wom1,1007,NONE,,,,,14.7,-1.0,0.33,1.0,5.0,1.0,COMPLETE,0.00122,199974,29,29,32,62,1.0,194437,3314,364,1859,1,115,172
news-source-strategies,RQ3,E3-reach-mitigation,control_reach14_7_wom1,1008,NONE,,,,,14.7,-1.0,0.33,1.0,5.0,1.0,COMPLETE,0.00216,199964,47,50,60,65,1.0,194326,2853,469,2316,1,3,92
news-source-strategies,RQ3,E3-reach-mitigation,control_reach14_7_wom1,1009,NONE,,,,,14.7,-1.0,0.33,1.0,5.0,1.0,COMPLETE,0.0018,199965,31,34,35,58,1.0,192360,5106,413,2086,2,85,129
news-source-strategies,RQ3,E3-reach-mitigation,control_reach14_7_wom1,1010,NONE,,,,,14.7,-1.0,0.33,1.0,5.0,1.0,COMPLETE,0.00368,199954,64,67,72,79,1.0,192887,4233,693,2141,2,21,228
news-source-strategies,RQ3,E3-reach-mitigation,control_reach14_7_wom1,1011,NONE,,,,,14.7,-1.0,0.33,1.0,5.0,1.0,COMPLETE,0.00116,199974,60,66,79,99,1.0,193023,3757,540,2654,2,8,154
news-source-strategies,RQ3,E3-reach-mitigation,control_reach14_7_wom1,1012,NONE,,,,,14.7,-1.0,0.33,1.0,5.0,1.0,COMPLETE,0.00136,199968,40,57,70,77,1.0,193059,3527,526,2856,2,30,94
news-source-strategies,RQ3,E3-reach-mitigation,control_reach14_7_wom1,1013,NONE,,,,,14.7,-1.0,0.33,1.0,5.0,1.0,COMPLETE,0.00066,199981,37,40,46,57,1.0,195887,2272,297,1525,1,4,131
news-source-strategies,RQ3,E3-reach-mitigation,control_reach14_7_wom1,1014,NONE,,,,,14.7,-1.0,0.33,1.0,5.0,1.0,COMPLETE,0.0022,199968,38,60,73,84,1.0,194586,3008,506,1868,2,39,93
news-source-strategies,RQ3,E3-reach-mitigation,control_reach14_7_wom1,1015,NONE,,,,,14.7,-1.0,0.33,1.0,5.0,1.0,COMPLETE,0.00546,199966,37,47,57,66,1.0,192060,4535,648,2723,2,127,321
news-source-strategies,RQ3,E3-reach-mitigation,control_reach14_7_wom1,1016,NONE,,,,,14.7,-1.0,0.33,1.0,5.0,1.0,COMPLETE,0.00092,199960,40,50,56,67,1.0,196112,2135,343,1370,1,6,96
news-source-strategies,RQ3,E3-reach-mitigation,control_reach14_7_wom1,1017,NONE,,,,,14.7,-1.0,0.33,1.0,5.0,1.0,COMPLETE,0.00222,199968,37,38,62,72,1.0,194005,3425,380,2158,5,73,117
news-source-strategies,RQ3,E3-reach-mitigation,control_reach14_7_wom1,1018,NONE,,,,,14.7,-1.0,0.33,1.0,5.0,1.0,COMPLETE,0.00078,199953,29,33,43,60,1.0,195503,2298,309,1843,2,80,190
news-source-strategies,RQ3,E3-reach-mitigation,control_reach14_7_wom1,1019,NONE,,,,,14.7,-1.0,0.33,1.0,5.0,1.0,COMPLETE,0.00146,199963,33,36,41,46,1.0,195263,2346,323,2031,2,70,239
news-source-strategies,RQ3,E3-reach-mitigation,control_reach14_7_wom1,1020,NONE,,,,,14.7,-1.0,0.33,1.0,5.0,1.0,COMPLETE,0.00184,199971,32,32,37,52,1.0,196286,1964,337,1384,2,58,172
news-source-strategies,RQ3,E3-reach-mitigation,control_reach14_7_wom1,1021,NONE,,,,,14.7,-1.0,0.33,1.0,5.0,1.0,COMPLETE,0.00088,199958,41,44,56,60,1.0,195514,2144,354,1946,1,5,72
news-source-strategies,RQ3,E3-reach-mitigation,control_reach14_7_wom1,1022,NONE,,,,,14.7,-1.0,0.33,1.0,5.0,1.0,COMPLETE,0.00202,199971,27,27,34,61,1.0,195217,2846,356,1552,2,125,246
news-source-strategies,RQ3,E3-reach-mitigation,control_reach14_7_wom1,1023,NONE,,,,,14.7,-1.0,0.33,1.0,5.0,1.0,COMPLETE,0.00076,199967,44,70,76,85,1.0,194778,2927,375,1887,1,20,42
news-source-strategies,RQ3,E3-reach-mitigation,control_reach14_7_wom1,1024,NONE,,,,,14.7,-1.0,0.33,1.0,5.0,1.0,COMPLETE,0.00198,199970,65,70,78,94,1.0,191222,5550,600,2598,6,14,102
news-source-strategies,RQ3,E3-reach-mitigation,control_reach14_7_wom1,1025,NONE,,,,,14.7,-1.0,0.33,1.0,5.0,1.0,COMPLETE,0.0036,199962,14,14,24,32,1.0,195974,2137,329,1522,73,229,383
news-source-strategies,RQ3,E3-reach-mitigation,control_reach14_7_wom1,1026,NONE,,,,,14.7,-1.0,0.33,1.0,5.0,1.0,COMPLETE,0.00162,199962,36,51,59,61,1.0,191997,4755,495,2715,2,34,266
news-source-strategies,RQ3,E3-reach-mitigation,control_reach14_7_wom1,1027,NONE,,,,,14.7,-1.0,0.33,1.0,5.0,1.0,COMPLETE,0.00076,199964,39,53,62,76,1.0,196511,1914,384,1155,2,42,104
news-source-strategies,RQ3,E3-reach-mitigation,control_reach14_7_wom1,1028,NONE,,,,,14.7,-1.0,0.33,1.0,5.0,1.0,COMPLETE,0.00068,199968,23,27,29,38,1.0,196433,2030,204,1301,1,34,180
news-source-strategies,RQ3,E3-reach-mitigation,control_reach14_7_wom1,1029,NONE,,,,,14.7,-1.0,0.33,1.0,5.0,1.0,COMPLETE,0.00096,199969,50,52,55,64,1.0,196463,1945,262,1299,2,4,123
news-source-strategies,RQ3,E3-reach-mitigation,control_reach14_7_wom1,1030,NONE,,,,,14.7,-1.0,0.33,1.0,5.0,1.0,COMPLETE,0.00108,199954,33,62,67,81,1.0,192128,4961,450,2415,3,31,132
news-source-strategies,RQ3,E3-reach-mitigation,control_reach10_0_wom0,1001,NONE,,,,,10.0,-1.0,0.33,0.0,5.0,1.0,COMPLETE,0.007308533916849,182800,14,14,16,22,1.0,114252,55699,1801,11048,1,2,120
news-source-strategies,RQ3,E3-reach-mitigation,control_reach10_0_wom0,1002,NONE,,,,,10.0,-1.0,0.33,0.0,5.0,1.0,COMPLETE,0.0092763157894736,182400,18,18,18,20,1.0,122530,47311,1831,10728,1,1,13
news-source-strategies,RQ3,E3-reach-mitigation,control_reach10_0_wom0,1003,NONE,,,,,10.0,-1.0,0.33,0.0,5.0,1.0,COMPLETE,0.0084531590413943,183600,15,17,20,23,1.0,118543,53447,1665,9945,2,3,114
news-source-strategies,RQ3,E3-reach-mitigation,control_reach10_0_wom0,1004,NONE,,,,,10.0,-1.0,0.33,0.0,5.0,1.0,COMPLETE,0.0048387096774193,186000,12,13,15,18,1.0,116524,55306,1336,12834,1,77,262
news-source-strategies,RQ3,E3-reach-mitigation,control_reach10_0_wom0,1005,NONE,,,,,10.0,-1.0,0.33,0.0,5.0,1.0,COMPLETE,0.0117353579175704,184400,17,18,18,18,1.0,117048,52126,2203,13023,1,1,14
news-source-strategies,RQ3,E3-reach-mitigation,control_reach10_0_wom0,1006,NONE,,,,,10.0,-1.0,0.33,0.0,5.0,1.0,COMPLETE,0.0196344086021505,186000,24,27,29,34,1.0,118527,52077,3217,12179,1,3,43
news-source-strategies,RQ3,E3-reach-mitigation,control_reach10_0_wom0,1007,NONE,,,,,10.0,-1.0,0.33,0.0,5.0,1.0,COMPLETE,0.0149789029535864,189600,24,24,24,27,1.0,125136,49119,3036,12309,1,1,3
news-source-strategies,RQ3,E3-reach-mitigation,control_reach10_0_wom0,1008,NONE,,,,,10.0,-1.0,0.33,0.0,5.0,1.0,COMPLETE,0.021038961038961,184800,25,27,28,32,1.0,119824,47869,3827,13280,1,1,41
news-source-strategies,RQ3,E3-reach-mitigation,control_reach10_0_wom0,1009,NONE,,,,,10.0,-1.0,0.33,0.0,5.0,1.0,COMPLETE,0.0075161987041036,185200,19,19,19,21,1.0,121186,49109,1655,13250,1,2,3
news-source-strategies,RQ3,E3-reach-mitigation,control_reach10_0_wom0,1010,NONE,,,,,10.0,-1.0,0.33,0.0,5.0,1.0,COMPLETE,0.0157649667405764,180400,18,20,21,23,1.0,114902,50648,3325,11525,1,2,57
news-source-strategies,RQ3,E3-reach-mitigation,control_reach10_0_wom0,1011,NONE,,,,,10.0,-1.0,0.33,0.0,5.0,1.0,COMPLETE,0.0117197452229299,188400,21,23,25,26,1.0,121452,50955,2534,13459,1,2,24
news-source-strategies,RQ3,E3-reach-mitigation,control_reach10_0_wom0,1012,NONE,,,,,10.0,-1.0,0.33,0.0,5.0,1.0,COMPLETE,0.0133047210300429,186400,16,17,18,21,1.0,119819,51025,2397,13159,1,2,200
news-source-strategies,RQ3,E3-reach-mitigation,control_reach10_0_wom0,1013,NONE,,,,,10.0,-1.0,0.33,0.0,5.0,1.0,COMPLETE,0.008066528066528,192400,22,25,27,28,1.0,125598,49959,2313,14530,1,2,42
news-source-strategies,RQ3,E3-reach-mitigation,control_reach10_0_wom0,1014,NONE,,,,,10.0,-1.0,0.33,0.0,5.0,1.0,COMPLETE,0.0148927038626609,186400,23,24,26,31,1.0,123600,49073,2904,10823,1,2,110
news-source-strategies,RQ3,E3-reach-mitigation,control_reach10_0_wom0,1015,NONE,,,,,10.0,-1.0,0.33,0.0,5.0,1.0,COMPLETE,0.0156493506493506,184800,26,26,28,30,1.0,117663,49651,3242,14244,1,2,57
news-source-strategies,RQ3,E3-reach-mitigation,control_reach10_0_wom0,1016,NONE,,,,,10.0,-1.0,0.33,0.0,5.0,1.0,COMPLETE,0.0135589519650655,183200,24,25,25,28,1.0,124165,46248,2843,9944,1,1,3
news-source-strategies,RQ3,E3-reach-mitigation,control_reach10_0_wom0,1017,NONE,,,,,10.0,-1.0,0.33,0.0,5.0,1.0,COMPLETE,0.0134334763948497,186400,18,19,22,27,1.0,121321,50320,2785,11974,1,2,92
news-source-strategies,RQ3,E3-reach-mitigation,control_reach10_0_wom0,1018,NONE,,,,,10.0,-1.0,0.33,0.0,5.0,1.0,COMPLETE,0.0155849889624724,181200,21,21,25,27,1.0,107492,56680,2815,14213,1,2,79
news-source-strategies,RQ3,E3-reach-mitigation,control_reach10_0_wom0,1019,NONE,,,,,10.0,-1.0,0.33,0.0,5.0,1.0,COMPLETE,0.0012581344902386,184400,14,16,18,20,1.0,122112,50227,325,11736,1,2,52
news-source-strategies,RQ3,E3-reach-mitigation,control_reach10_0_wom0,1020,NONE,,,,,10.0,-1.0,0.33,0.0,5.0,1.0,COMPLETE,0.004818763326226,187600,13,18,20,26,1.0,117750,55418,1034,13398,2,36,137
news-source-strategies,RQ3,E3-reach-mitigation,control_reach10_0_wom0,1021,NONE,,,,,10.0,-1.0,0.33,0.0,5.0,1.0,COMPLETE,0.0091447368421052,182400,23,26,28,31,1.0,122347,46088,1948,12017,1,2,43
news-source-strategies,RQ3,E3-reach-mitigation,control_reach10_0_wom0,1022,NONE,,,,,10.0,-1.0,0.33,0.0,5.0,1.0,COMPLETE,0.0117659574468085,188000,16,18,18,21,1.0,128036,46946,2493,10525,1,2,34
news-source-strategies,RQ3,E3-reach-mitigation,control_reach10_0_wom0,1023,NONE,,,,,10.0,-1.0,0.33,0.0,5.0,1.0,COMPLETE,0.0094816414686825,185200,19,19,19,20,1.0,120627,49289,1869,13415,1,1,3
news-source-strategies,RQ3,E3-reach-mitigation,control_reach10_0_wom0,1024,NONE,,,,,10.0,-1.0,0.33,0.0,5.0,1.0,COMPLETE,0.0131623931623931,187200,26,28,30,33,1.0,117212,54983,2639,12366,1,1,5
news-source-strategies,RQ3,E3-reach-mitigation,control_reach10_0_wom0,1025,NONE,,,,,10.0,-1.0,0.33,0.0,5.0,1.0,COMPLETE,0.0101731601731601,184800,12,14,18,21,1.0,119527,51757,2511,11005,1,39,103
news-source-strategies,RQ3,E3-reach-mitigation,control_reach10_0_wom0,1026,NONE,,,,,10.0,-1.0,0.33,0.0,5.0,1.0,COMPLETE,0.0155314533622559,184400,18,19,20,24,1.0,122591,46709,3210,11890,1,2,97
news-source-strategies,RQ3,E3-reach-mitigation,control_reach10_0_wom0,1027,NONE,,,,,10.0,-1.0,0.33,0.0,5.0,1.0,COMPLETE,0.0144805194805194,184800,24,25,25,31,1.0,118076,53037,2753,10934,1,2,191
news-source-strategies,RQ3,E3-reach-mitigation,control_reach10_0_wom0,1028,NONE,,,,,10.0,-1.0,0.33,0.0,5.0,1.0,COMPLETE,0.0011965811965811,187200,13,16,16,17,1.0,125807,48158,584,12651,1,2,40
news-source-strategies,RQ3,E3-reach-mitigation,control_reach10_0_wom0,1029,NONE,,,,,10.0,-1.0,0.33,0.0,5.0,1.0,COMPLETE,0.007268817204301,186000,19,19,21,24,1.0,122696,51061,2038,10205,1,3,114
news-source-strategies,RQ3,E3-reach-mitigation,control_reach10_0_wom0,1030,NONE,,,,,10.0,-1.0,0.33,0.0,5.0,1.0,COMPLETE,0.0126872246696035,181600,13,15,17,22,1.0,115209,53752,2278,10361,1,4,166
news-source-strategies,RQ3,E3-reach-mitigation,control_reach10_0_wom1,1001,NONE,,,,,10.0,-1.0,0.33,1.0,5.0,1.0,COMPLETE,0.00582,199957,43,51,55,58,1.0,183390,11610,625,4332,9,33,292
news-source-strategies,RQ3,E3-reach-mitigation,control_reach10_0_wom1,1002,NONE,,,,,10.0,-1.0,0.33,1.0,5.0,1.0,COMPLETE,0.00028,199956,36,38,45,52,1.0,193480,3794,282,2400,2,11,172
news-source-strategies,RQ3,E3-reach-mitigation,control_reach10_0_wom1,1003,NONE,,,,,10.0,-1.0,0.33,1.0,5.0,1.0,COMPLETE,0.0048,199959,23,23,27,35,1.0,190791,6019,398,2751,11,225,344
news-source-strategies,RQ3,E3-reach-mitigation,control_reach10_0_wom1,1004,NONE,,,,,10.0,-1.0,0.33,1.0,5.0,1.0,COMPLETE,0.00066,199965,30,32,52,75,1.0,195038,2853,331,1743,5,65,179
news-source-strategies,RQ3,E3-reach-mitigation,control_reach10_0_wom1,1005,NONE,,,,,10.0,-1.0,0.33,1.0,5.0,1.0,COMPLETE,0.00112,199961,30,31,33,36,1.0,194091,2980,219,2671,1,6,159
news-source-strategies,RQ3,E3-reach-mitigation,control_reach10_0_wom1,1006,NONE,,,,,10.0,-1.0,0.33,1.0,5.0,1.0,COMPLETE,0.0006,199965,22,24,33,43,1.0,196659,1707,197,1402,1,58,211
news-source-strategies,RQ3,E3-reach-mitigation,control_reach10_0_wom1,1007,NONE,,,,,10.0,-1.0,0.33,1.0,5.0,1.0,COMPLETE,0.00084,199974,19,19,22,48,1.0,194527,3299,284,1864,2,116,229
news-source-strategies,RQ3,E3-reach-mitigation,control_reach10_0_wom1,1008,NONE,,,,,10.0,-1.0,0.33,1.0,5.0,1.0,COMPLETE,0.0016,199962,42,44,50,53,1.0,192039,4615,379,2929,1,7,95
news-source-strategies,RQ3,E3-reach-mitigation,control_reach10_0_wom1,1009,NONE,,,,,10.0,-1.0,0.33,1.0,5.0,1.0,COMPLETE,0.00108,199963,30,40,41,46,1.0,196094,2115,209,1545,2,25,152
news-source-strategies,RQ3,E3-reach-mitigation,control_reach10_0_wom1,1010,NONE,,,,,10.0,-1.0,0.33,1.0,5.0,1.0,COMPLETE,0.00178,199951,21,26,29,54,1.0,195568,2241,429,1713,19,164,227
news-source-strategies,RQ3,E3-reach-mitigation,control_reach10_0_wom1,1011,NONE,,,,,10.0,-1.0,0.33,1.0,5.0,1.0,COMPLETE,0.0012,199971,27,28,31,38,1.0,196311,1861,246,1553,2,7,204
news-source-strategies,RQ3,E3-reach-mitigation,control_reach10_0_wom1,1012,NONE,,,,,10.0,-1.0,0.33,1.0,5.0,1.0,COMPLETE,0.00144,199966,21,21,23,68,1.0,191733,4675,516,3042,11,184,190
news-source-strategies,RQ3,E3-reach-mitigation,control_reach10_0_wom1,1013,NONE,,,,,10.0,-1.0,0.33,1.0,5.0,1.0,COMPLETE,0.00026,199981,30,31,35,41,1.0,195944,2293,213,1531,1,3,56
news-source-strategies,RQ3,E3-reach-mitigation,control_reach10_0_wom1,1014,NONE,,,,,10.0,-1.0,0.33,1.0,5.0,1.0,COMPLETE,0.00176,199966,24,28,36,62,1.0,195432,2533,323,1678,2,86,142
news-source-strategies,RQ3,E3-reach-mitigation,control_reach10_0_wom1,1015,NONE,,,,,10.0,-1.0,0.33,1.0,5.0,1.0,COMPLETE,0.00072,199962,33,35,41,45,1.0,196955,1613,183,1211,1,2,88
news-source-strategies,RQ3,E3-reach-mitigation,control_reach10_0_wom1,1016,NONE,,,,,10.0,-1.0,0.33,1.0,5.0,1.0,COMPLETE,0.00076,199958,34,34,36,55,1.0,195367,2457,293,1841,2,25,123
news-source-strategies,RQ3,E3-reach-mitigation,control_reach10_0_wom1,1017,NONE,,,,,10.0,-1.0,0.33,1.0,5.0,1.0,COMPLETE,0.00078,199966,21,26,39,52,1.0,193278,4021,344,2323,2,90,124
news-source-strategies,RQ3,E3-reach-mitigation,control_reach10_0_wom1,1018,NONE,,,,,10.0,-1.0,0.33,1.0,5.0,1.0,COMPLETE,0.0005,199953,23,27,34,48,1.0,195510,2313,266,1864,2,80,190
news-source-strategies,RQ3,E3-reach-mitigation,control_reach10_0_wom1,1019,NONE,,,,,10.0,-1.0,0.33,1.0,5.0,1.0,COMPLETE,0.00148,199961,24,37,43,50,1.0,193309,3675,377,2600,2,45,171
news-source-strategies,RQ3,E3-reach-mitigation,control_reach10_0_wom1,1020,NONE,,,,,10.0,-1.0,0.33,1.0,5.0,1.0,COMPLETE,0.00266,199969,29,34,40,44,1.0,192562,4440,306,2661,10,30,223
news-source-strategies,RQ3,E3-reach-mitigation,control_reach10_0_wom1,1021,NONE,,,,,10.0,-1.0,0.33,1.0,5.0,1.0,COMPLETE,0.00054,199956,38,39,44,57,1.0,193918,3625,321,2092,2,15,101
news-source-strategies,RQ3,E3-reach-mitigation,control_reach10_0_wom1,1022,NONE,,,,,10.0,-1.0,0.33,1.0,5.0,1.0,COMPLETE,0.0004,199970,22,22,28,58,1.0,195602,2692,198,1478,5,164,177
news-source-strategies,RQ3,E3-reach-mitigation,control_reach10_0_wom1,1023,NONE,,,,,10.0,-1.0,0.33,1.0,5.0,1.0,COMPLETE,0.00118,199963,22,22,45,89,1.0,191806,4926,544,2687,81,122,176
news-source-strategies,RQ3,E3-reach-mitigation,control_reach10_0_wom1,1024,NONE,,,,,10.0,-1.0,0.33,1.0,5.0,1.0,COMPLETE,0.00166,199968,25,27,54,67,1.0,192777,4767,399,2025,2,60,187
news-source-strategies,RQ3,E3-reach-mitigation,control_reach10_0_wom1,1025,NONE,,,,,10.0,-1.0,0.33,1.0,5.0,1.0,COMPLETE,0.0029,199962,9,9,18,22,1.0,196023,2171,240,1528,96,275,386
news-source-strategies,RQ3,E3-reach-mitigation,control_reach10_0_wom1,1026,NONE,,,,,10.0,-1.0,0.33,1.0,5.0,1.0,COMPLETE,0.0008,199961,18,19,36,48,1.0,195233,2603,255,1870,3,62,123
news-source-strategies,RQ3,E3-reach-mitigation,control_reach10_0_wom1,1027,NONE,,,,,10.0,-1.0,0.33,1.0,5.0,1.0,COMPLETE,0.00122,199962,47,52,53,54,1.0,196359,2276,207,1120,1,3,20
news-source-strategies,RQ3,E3-reach-mitigation,control_reach10_0_wom1,1028,NONE,,,,,10.0,-1.0,0.33,1.0,5.0,1.0,COMPLETE,0.00052,199968,14,17,17,21,1.0,196511,2004,130,1323,1,34,237
news-source-strategies,RQ3,E3-reach-mitigation,control_reach10_0_wom1,1029,NONE,,,,,10.0,-1.0,0.33,1.0,5.0,1.0,COMPLETE,0.00062,199965,28,30,32,46,1.0,193204,3643,289,2829,2,12,137
news-source-strategies,RQ3,E3-reach-mitigation,control_reach10_0_wom1,1030,NONE,,,,,10.0,-1.0,0.33,1.0,5.0,1.0,COMPLETE,0.00074,199954,22,41,45,53,1.0,192198,5021,303,2432,4,32,75
news-source-strategies,RQ3,E3-reach-mitigation,control_reach5_0_wom0,1001,NONE,,,,,5.0,-1.0,0.33,0.0,5.0,1.0,COMPLETE,0.0031868131868131,182000,6,7,9,10,1.0,112613,54885,813,13689,1,2,100
news-source-strategies,RQ3,E3-reach-mitigation,control_reach5_0_wom0,1002,NONE,,,,,5.0,-1.0,0.33,0.0,5.0,1.0,COMPLETE,0.0044812362030905,181200,7,7,7,9,1.0,119741,49274,618,11567,1,2,152
news-source-strategies,RQ3,E3-reach-mitigation,control_reach5_0_wom0,1003,NONE,,,,,5.0,-1.0,0.33,0.0,5.0,1.0,COMPLETE,0.0005263157894736,182400,5,6,6,6,1.0,122853,51657,134,7756,1,47,297
news-source-strategies,RQ3,E3-reach-mitigation,control_reach5_0_wom0,1004,NONE,,,,,5.0,-1.0,0.33,0.0,5.0,1.0,COMPLETE,0.0,185200,8,8,8,8,1.0,121824,50103,414,12859,1,1,2
news-source-strategies,RQ3,E3-reach-mitigation,control_reach5_0_wom0,1005,NONE,,,,,5.0,-1.0,0.33,0.0,5.0,1.0,COMPLETE,0.0058951965065502,183200,6,7,8,8,1.0,115786,54804,980,11630,1,2,232
news-source-strategies,RQ3,E3-reach-mitigation,control_reach5_0_wom0,1006,NONE,,,,,5.0,-1.0,0.33,0.0,5.0,1.0,COMPLETE,0.0083947939262472,184400,13,14,14,14,1.0,117782,55665,1721,9232,1,2,9
news-source-strategies,RQ3,E3-reach-mitigation,control_reach5_0_wom0,1007,NONE,,,,,5.0,-1.0,0.33,0.0,5.0,1.0,COMPLETE,0.0087021276595744,188000,8,8,10,13,1.0,123066,51277,1569,12088,1,2,121
news-source-strategies,RQ3,E3-reach-mitigation,control_reach5_0_wom0,1008,NONE,,,,,5.0,-1.0,0.33,0.0,5.0,1.0,COMPLETE,0.0060964912280701,182400,9,9,13,15,1.0,120337,48582,1553,11928,1,2,115
news-source-strategies,RQ3,E3-reach-mitigation,control_reach5_0_wom0,1009,NONE,,,,,5.0,-1.0,0.33,0.0,5.0,1.0,COMPLETE,0.0075161987041036,185200,14,14,14,16,1.0,121327,49104,1525,13244,1,2,12
news-source-strategies,RQ3,E3-reach-mitigation,control_reach5_0_wom0,1010,NONE,,,,,5.0,-1.0,0.33,0.0,5.0,1.0,COMPLETE,0.0134888888888888,180000,13,15,15,16,1.0,117927,48244,2733,11096,1,1,30
news-source-strategies,RQ3,E3-reach-mitigation,control_reach5_0_wom0,1011,NONE,,,,,5.0,-1.0,0.33,0.0,5.0,1.0,COMPLETE,0.0025107296137339,186400,7,7,8,10,1.0,122765,47759,264,15612,1,2,138
news-source-strategies,RQ3,E3-reach-mitigation,control_reach5_0_wom0,1012,NONE,,,,,5.0,-1.0,0.33,0.0,5.0,1.0,COMPLETE,0.0111397849462365,186000,9,10,11,12,1.0,117468,56495,1814,10223,1,2,93
news-source-strategies,RQ3,E3-reach-mitigation,control_reach5_0_wom0,1013,NONE,,,,,5.0,-1.0,0.33,0.0,5.0,1.0,COMPLETE,0.0038830897703549,191600,6,7,8,9,1.0,120790,54069,794,15947,1,3,110
news-source-strategies,RQ3,E3-reach-mitigation,control_reach5_0_wom0,1014,NONE,,,,,5.0,-1.0,0.33,0.0,5.0,1.0,COMPLETE,0.0116559139784946,186000,15,16,16,20,1.0,122265,50459,2417,10859,1,1,104
news-source-strategies,RQ3,E3-reach-mitigation,control_reach5_0_wom0,1015,NONE,,,,,5.0,-1.0,0.33,0.0,5.0,1.0,COMPLETE,0.0087581699346405,183600,12,13,14,16,1.0,113710,55439,1714,12737,1,2,71
news-source-strategies,RQ3,E3-reach-mitigation,control_reach5_0_wom0,1016,NONE,,,,,5.0,-1.0,0.33,0.0,5.0,1.0,COMPLETE,0.0089035087719298,182400,10,10,12,15,1.0,120813,48152,1757,11678,1,1,93
news-source-strategies,RQ3,E3-reach-mitigation,control_reach5_0_wom0,1017,NONE,,,,,5.0,-1.0,0.33,0.0,5.0,1.0,COMPLETE,0.0045119305856832,184400,9,10,13,16,1.0,124992,46137,817,12454,1,24,84
news-source-strategies,RQ3,E3-reach-mitigation,control_reach5_0_wom0,1018,NONE,,,,,5.0,-1.0,0.33,0.0,5.0,1.0,COMPLETE,0.0036607142857142,179200,9,9,10,10,1.0,109156,57101,767,12176,1,1,3
news-source-strategies,RQ3,E3-reach-mitigation,control_reach5_0_wom0,1019,NONE,,,,,5.0,-1.0,0.33,0.0,5.0,1.0,COMPLETE,0.0012147505422993,184400,7,7,8,10,1.0,122007,50442,271,11680,1,2,103
news-source-strategies,RQ3,E3-reach-mitigation,control_reach5_0_wom0,1020,NONE,,,,,5.0,-1.0,0.33,0.0,5.0,1.0,COMPLETE,0.0028997867803837,187600,7,10,12,16,1.0,117399,55820,798,13583,2,44,143
news-source-strategies,RQ3,E3-reach-mitigation,control_reach5_0_wom0,1021,NONE,,,,,5.0,-1.0,0.33,0.0,5.0,1.0,COMPLETE,0.0045714285714285,182000,12,12,12,13,1.0,123870,45871,1043,11216,1,1,14
news-source-strategies,RQ3,E3-reach-mitigation,control_reach5_0_wom0,1022,NONE,,,,,5.0,-1.0,0.33,0.0,5.0,1.0,COMPLETE,0.0071581196581196,187200,7,7,7,8,1.0,126432,46963,1286,12519,1,1,106
news-source-strategies,RQ3,E3-reach-mitigation,control_reach5_0_wom0,1023,NONE,,,,,5.0,-1.0,0.33,0.0,5.0,1.0,COMPLETE,0.0023043478260869,184000,7,8,9,9,1.0,116475,54916,592,12017,1,2,90
news-source-strategies,RQ3,E3-reach-mitigation,control_reach5_0_wom0,1024,NONE,,,,,5.0,-1.0,0.33,0.0,5.0,1.0,COMPLETE,0.0080472103004291,186400,13,13,13,15,1.0,116704,56143,1643,11910,1,2,186
news-source-strategies,RQ3,E3-reach-mitigation,control_reach5_0_wom0,1025,NONE,,,,,5.0,-1.0,0.33,0.0,5.0,1.0,COMPLETE,0.004391304347826,184000,8,8,8,9,1.0,119997,53859,891,9253,1,2,167
news-source-strategies,RQ3,E3-reach-mitigation,control_reach5_0_wom0,1026,NONE,,,,,5.0,-1.0,0.33,0.0,5.0,1.0,COMPLETE,0.0142173913043478,184000,9,10,10,11,1.0,118175,51615,2535,11675,1,1,3
news-source-strategies,RQ3,E3-reach-mitigation,control_reach5_0_wom0,1027,NONE,,,,,5.0,-1.0,0.33,0.0,5.0,1.0,COMPLETE,0.0008752735229759,182800,11,12,14,15,1.0,123736,50875,375,7814,1,2,34
news-source-strategies,RQ3,E3-reach-mitigation,control_reach5_0_wom0,1028,NONE,,,,,5.0,-1.0,0.33,0.0,5.0,1.0,COMPLETE,0.0011538461538461,187200,6,6,6,7,1.0,126419,48138,211,12432,1,1,2
news-source-strategies,RQ3,E3-reach-mitigation,control_reach5_0_wom0,1029,NONE,,,,,5.0,-1.0,0.33,0.0,5.0,1.0,COMPLETE,0.0063362068965517,185600,6,6,7,12,1.0,123847,50145,822,10786,1,164,209
news-source-strategies,RQ3,E3-reach-mitigation,control_reach5_0_wom0,1030,NONE,,,,,5.0,-1.0,0.33,0.0,5.0,1.0,COMPLETE,0.0094247787610619,180800,9,11,12,14,1.0,116174,50269,1660,12697,1,2,96
news-source-strategies,RQ3,E3-reach-mitigation,control_reach5_0_wom1,1001,NONE,,,,,5.0,-1.0,0.33,1.0,5.0,1.0,COMPLETE,0.00038,199955,9,9,12,21,1.0,195140,3271,83,1461,2,90,174
news-source-strategies,RQ3,E3-reach-mitigation,control_reach5_0_wom1,1002,NONE,,,,,5.0,-1.0,0.33,1.0,5.0,1.0,COMPLETE,6e-05,199953,11,19,25,25,1.0,192899,4301,126,2627,3,31,77
news-source-strategies,RQ3,E3-reach-mitigation,control_reach5_0_wom1,1003,NONE,,,,,5.0,-1.0,0.33,1.0,5.0,1.0,COMPLETE,0.00036,199956,7,12,13,27,1.0,194407,3875,132,1542,3,110,126
news-source-strategies,RQ3,E3-reach-mitigation,control_reach5_0_wom1,1004,NONE,,,,,5.0,-1.0,0.33,1.0,5.0,1.0,COMPLETE,0.00046,199963,20,20,32,36,1.0,191323,5343,191,3106,3,21,86
news-source-strategies,RQ3,E3-reach-mitigation,control_reach5_0_wom1,1005,NONE,,,,,5.0,-1.0,0.33,1.0,5.0,1.0,COMPLETE,0.00156,199958,6,6,18,20,1.0,193626,3886,174,2272,65,98,331
news-source-strategies,RQ3,E3-reach-mitigation,control_reach5_0_wom1,1006,NONE,,,,,5.0,-1.0,0.33,1.0,5.0,1.0,COMPLETE,0.0011,199961,9,14,17,24,1.0,195911,2318,153,1579,26,127,318
news-source-strategies,RQ3,E3-reach-mitigation,control_reach5_0_wom1,1007,NONE,,,,,5.0,-1.0,0.33,1.0,5.0,1.0,COMPLETE,0.00052,199970,14,17,17,27,1.0,196248,2161,129,1432,2,112,197
news-source-strategies,RQ3,E3-reach-mitigation,control_reach5_0_wom1,1008,NONE,,,,,5.0,-1.0,0.33,1.0,5.0,1.0,COMPLETE,0.00042,199956,20,22,24,28,1.0,195297,2383,150,2126,1,4,29
news-source-strategies,RQ3,E3-reach-mitigation,control_reach5_0_wom1,1009,NONE,,,,,5.0,-1.0,0.33,1.0,5.0,1.0,COMPLETE,0.00068,199963,22,32,33,36,1.0,196121,2126,157,1559,4,25,29
news-source-strategies,RQ3,E3-reach-mitigation,control_reach5_0_wom1,1010,NONE,,,,,5.0,-1.0,0.33,1.0,5.0,1.0,COMPLETE,0.00026,199950,14,15,17,22,1.0,196990,1645,98,1217,1,2,137
news-source-strategies,RQ3,E3-reach-mitigation,control_reach5_0_wom1,1011,NONE,,,,,5.0,-1.0,0.33,1.0,5.0,1.0,COMPLETE,0.00026,199966,19,23,23,24,1.0,188325,8298,159,3184,2,6,10
news-source-strategies,RQ3,E3-reach-mitigation,control_reach5_0_wom1,1012,NONE,,,,,5.0,-1.0,0.33,1.0,5.0,1.0,COMPLETE,0.0001,199965,7,12,16,18,1.0,196001,2188,110,1666,2,34,156
news-source-strategies,RQ3,E3-reach-mitigation,control_reach5_0_wom1,1013,NONE,,,,,5.0,-1.0,0.33,1.0,5.0,1.0,COMPLETE,0.00068,199979,9,9,12,16,1.0,195870,2166,84,1859,2,99,224
news-source-strategies,RQ3,E3-reach-mitigation,control_reach5_0_wom1,1014,NONE,,,,,5.0,-1.0,0.33,1.0,5.0,1.0,COMPLETE,0.00162,199965,15,21,25,30,1.0,196350,2132,231,1252,2,71,205
news-source-strategies,RQ3,E3-reach-mitigation,control_reach5_0_wom1,1015,NONE,,,,,5.0,-1.0,0.33,1.0,5.0,1.0,COMPLETE,0.00052,199959,15,15,19,19,1.0,194861,2751,138,2209,1,2,91
news-source-strategies,RQ3,E3-reach-mitigation,control_reach5_0_wom1,1016,NONE,,,,,5.0,-1.0,0.33,1.0,5.0,1.0,COMPLETE,0.00026,199956,18,20,20,23,1.0,196742,1756,111,1347,1,3,30
news-source-strategies,RQ3,E3-reach-mitigation,control_reach5_0_wom1,1017,NONE,,,,,5.0,-1.0,0.33,1.0,5.0,1.0,COMPLETE,0.00104,199961,10,12,13,30,1.0,194708,2696,211,2346,33,135,246
news-source-strategies,RQ3,E3-reach-mitigation,control_reach5_0_wom1,1018,NONE,,,,,5.0,-1.0,0.33,1.0,5.0,1.0,COMPLETE,0.00026,199948,9,11,14,19,1.0,192948,4663,88,2249,1,29,113
news-source-strategies,RQ3,E3-reach-mitigation,control_reach5_0_wom1,1019,NONE,,,,,5.0,-1.0,0.33,1.0,5.0,1.0,COMPLETE,0.00068,199961,11,16,22,25,1.0,193393,3784,180,2604,6,48,117
news-source-strategies,RQ3,E3-reach-mitigation,control_reach5_0_wom1,1020,NONE,,,,,5.0,-1.0,0.33,1.0,5.0,1.0,COMPLETE,0.00132,199969,22,25,29,31,1.0,192131,4961,193,2684,7,17,169
news-source-strategies,RQ3,E3-reach-mitigation,control_reach5_0_wom1,1021,NONE,,,,,5.0,-1.0,0.33,1.0,5.0,1.0,COMPLETE,0.0004,199955,17,17,21,24,1.0,191941,4898,164,2952,1,13,87
news-source-strategies,RQ3,E3-reach-mitigation,control_reach5_0_wom1,1022,NONE,,,,,5.0,-1.0,0.33,1.0,5.0,1.0,COMPLETE,0.0005,199968,11,12,14,16,1.0,194247,3072,120,2529,2,63,224
news-source-strategies,RQ3,E3-reach-mitigation,control_reach5_0_wom1,1023,NONE,,,,,5.0,-1.0,0.33,1.0,5.0,1.0,COMPLETE,0.0011,199960,13,15,16,20,1.0,192485,4397,192,2886,2,41,208
news-source-strategies,RQ3,E3-reach-mitigation,control_reach5_0_wom1,1024,NONE,,,,,5.0,-1.0,0.33,1.0,5.0,1.0,COMPLETE,0.0008,199966,15,19,27,35,1.0,193895,3603,233,2235,2,72,149
news-source-strategies,RQ3,E3-reach-mitigation,control_reach5_0_wom1,1025,NONE,,,,,5.0,-1.0,0.33,1.0,5.0,1.0,COMPLETE,4e-05,199960,20,21,21,24,1.0,191921,5004,117,2918,2,5,6
news-source-strategies,RQ3,E3-reach-mitigation,control_reach5_0_wom1,1026,NONE,,,,,5.0,-1.0,0.33,1.0,5.0,1.0,COMPLETE,0.00022,199960,10,11,11,17,1.0,195082,2344,120,2414,1,7,154
news-source-strategies,RQ3,E3-reach-mitigation,control_reach5_0_wom1,1027,NONE,,,,,5.0,-1.0,0.33,1.0,5.0,1.0,COMPLETE,0.00276,199957,17,26,28,32,1.0,194709,3287,277,1684,3,61,367
news-source-strategies,RQ3,E3-reach-mitigation,control_reach5_0_wom1,1028,NONE,,,,,5.0,-1.0,0.33,1.0,5.0,1.0,COMPLETE,6e-05,199968,6,8,8,9,1.0,196589,2009,43,1327,1,11,110
news-source-strategies,RQ3,E3-reach-mitigation,control_reach5_0_wom1,1029,NONE,,,,,5.0,-1.0,0.33,1.0,5.0,1.0,COMPLETE,0.00054,199964,14,20,22,26,1.0,194405,3626,182,1751,2,49,221
news-source-strategies,RQ3,E3-reach-mitigation,control_reach5_0_wom1,1030,NONE,,,,,5.0,-1.0,0.33,1.0,5.0,1.0,COMPLETE,0.00064,199952,20,21,26,29,1.0,195862,2259,176,1655,4,19,147
news-source-strategies,RQ3,E3-reach-mitigation,control_reach1_0_wom0,1001,NONE,,,,,1.0,-1.0,0.33,0.0,5.0,1.0,COMPLETE,2.202643171806168e-05,181600,4,4,4,4,1.0,117944,50523,86,13047,1,3,284
news-source-strategies,RQ3,E3-reach-mitigation,control_reach1_0_wom0,1002,NONE,,,,,1.0,-1.0,0.33,0.0,5.0,1.0,COMPLETE,0.0002654867256637,180800,1,2,3,3,2.0,115930,52502,20,12348,2,30,91
news-source-strategies,RQ3,E3-reach-mitigation,control_reach1_0_wom0,1003,NONE,,,,,1.0,-1.0,0.33,0.0,5.0,1.0,COMPLETE,0.0004166666666666,182400,1,1,1,1,1.0,123071,51554,32,7743,1,1,306
news-source-strategies,RQ3,E3-reach-mitigation,control_reach1_0_wom0,1004,NONE,,,,,1.0,-1.0,0.33,0.0,5.0,1.0,COMPLETE,0.0,185200,1,1,1,1,2.0,122088,50110,1,13001,2,2,2
news-source-strategies,RQ3,E3-reach-mitigation,control_reach1_0_wom0,1005,NONE,,,,,1.0,-1.0,0.33,0.0,5.0,1.0,COMPLETE,0.0021881838074398,182800,2,2,2,2,1.0,116869,51916,416,13599,1,1,5
news-source-strategies,RQ3,E3-reach-mitigation,control_reach1_0_wom0,1006,NONE,,,,,1.0,-1.0,0.33,0.0,5.0,1.0,COMPLETE,0.0043478260869565,184000,3,3,3,5,1.0,118877,52221,822,12080,1,1,125
news-source-strategies,RQ3,E3-reach-mitigation,control_reach1_0_wom0,1007,NONE,,,,,1.0,-1.0,0.33,0.0,5.0,1.0,COMPLETE,0.0,186800,2,3,3,3,1.0,120314,53839,185,12462,1,2,39
news-source-strategies,RQ3,E3-reach-mitigation,control_reach1_0_wom0,1008,NONE,,,,,1.0,-1.0,0.33,0.0,5.0,1.0,COMPLETE,0.0,181600,3,3,3,3,1.0,112439,52733,67,16361,1,1,1
news-source-strategies,RQ3,E3-reach-mitigation,control_reach1_0_wom0,1009,NONE,,,,,1.0,-1.0,0.33,0.0,5.0,1.0,COMPLETE,0.0,184000,1,1,1,1,2.0,118232,50843,42,14883,2,2,2
news-source-strategies,RQ3,E3-reach-mitigation,control_reach1_0_wom0,1010,NONE,,,,,1.0,-1.0,0.33,0.0,5.0,1.0,COMPLETE,0.0022471910112359,178000,1,1,1,1,1.0,116112,50072,400,11416,1,1,1
news-source-strategies,RQ3,E3-reach-mitigation,control_reach1_0_wom0,1011,NONE,,,,,1.0,-1.0,0.33,0.0,5.0,1.0,COMPLETE,0.0014806866952789,186400,0,0,0,1,138.0,122472,48159,73,15696,138,138,138
news-source-strategies,RQ3,E3-reach-mitigation,control_reach1_0_wom0,1012,NONE,,,,,1.0,-1.0,0.33,0.0,5.0,1.0,COMPLETE,0.0021645021645021,184800,1,1,1,1,1.0,118203,54197,400,12000,1,1,1
news-source-strategies,RQ3,E3-reach-mitigation,control_reach1_0_wom0,1013,NONE,,,,,1.0,-1.0,0.33,0.0,5.0,1.0,COMPLETE,4.184100418410042e-05,191200,3,3,3,4,1.0,128065,51075,209,11851,1,2,2
news-source-strategies,RQ3,E3-reach-mitigation,control_reach1_0_wom0,1014,NONE,,,,,1.0,-1.0,0.33,0.0,5.0,1.0,COMPLETE,0.0045238095238095,184800,6,6,7,8,1.0,123740,49162,895,11003,1,2,61
news-source-strategies,RQ3,E3-reach-mitigation,control_reach1_0_wom0,1015,NONE,,,,,1.0,-1.0,0.33,0.0,5.0,1.0,COMPLETE,0.0,182400,0,0,0,1,199.0,113640,54274,1,14485,199,199,199
news-source-strategies,RQ3,E3-reach-mitigation,control_reach1_0_wom0,1016,NONE,,,,,1.0,-1.0,0.33,0.0,5.0,1.0,COMPLETE,0.0022295805739514,181200,2,2,2,2,1.0,120653,48931,402,11214,1,1,1
news-source-strategies,RQ3,E3-reach-mitigation,control_reach1_0_wom0,1017,NONE,,,,,1.0,-1.0,0.33,0.0,5.0,1.0,COMPLETE,0.0,184000,1,1,1,1,3.0,122875,46937,50,14138,3,3,3
news-source-strategies,RQ3,E3-reach-mitigation,control_reach1_0_wom0,1018,NONE,,,,,1.0,-1.0,0.33,0.0,5.0,1.0,COMPLETE,0.0,178800,3,3,3,3,1.0,112318,53350,34,13098,1,1,3
news-source-strategies,RQ3,E3-reach-mitigation,control_reach1_0_wom0,1019,NONE,,,,,1.0,-1.0,0.33,0.0,5.0,1.0,COMPLETE,0.0,184400,0,0,0,1,103.0,122399,50447,9,11545,103,103,103
news-source-strategies,RQ3,E3-reach-mitigation,control_reach1_0_wom0,1020,NONE,,,,,1.0,-1.0,0.33,0.0,5.0,1.0,COMPLETE,4.2735042735042735e-05,187200,1,1,2,3,1.0,115708,57310,7,14175,1,75,103
news-source-strategies,RQ3,E3-reach-mitigation,control_reach1_0_wom0,1021,NONE,,,,,1.0,-1.0,0.33,0.0,5.0,1.0,COMPLETE,0.0011699779249448,181200,2,2,3,3,1.0,124919,44530,156,11595,1,2,73
news-source-strategies,RQ3,E3-reach-mitigation,control_reach1_0_wom0,1022,NONE,,,,,1.0,-1.0,0.33,0.0,5.0,1.0,COMPLETE,0.0025536480686695,186400,2,2,2,3,1.0,127828,47417,473,10682,1,1,163
news-source-strategies,RQ3,E3-reach-mitigation,control_reach1_0_wom0,1023,NONE,,,,,1.0,-1.0,0.33,0.0,5.0,1.0,COMPLETE,0.0,183600,2,2,2,2,1.0,122741,47488,81,13290,1,3,263
news-source-strategies,RQ3,E3-reach-mitigation,control_reach1_0_wom0,1024,NONE,,,,,1.0,-1.0,0.33,0.0,5.0,1.0,COMPLETE,0.0021551724137931,185600,3,3,3,3,1.0,116649,59243,533,9175,1,2,2
news-source-strategies,RQ3,E3-reach-mitigation,control_reach1_0_wom0,1025,NONE,,,,,1.0,-1.0,0.33,0.0,5.0,1.0,COMPLETE,0.0018995633187772,183200,1,1,1,1,1.0,119632,50731,117,12720,1,260,321
news-source-strategies,RQ3,E3-reach-mitigation,control_reach1_0_wom0,1026,NONE,,,,,1.0,-1.0,0.33,0.0,5.0,1.0,COMPLETE,0.0021978021978021,182000,1,1,3,3,1.0,119362,49447,407,12784,1,53,75
news-source-strategies,RQ3,E3-reach-mitigation,control_reach1_0_wom0,1027,NONE,,,,,1.0,-1.0,0.33,0.0,5.0,1.0,COMPLETE,0.0,182800,3,3,3,3,1.0,123742,51208,164,7686,1,1,2
news-source-strategies,RQ3,E3-reach-mitigation,control_reach1_0_wom0,1028,NONE,,,,,1.0,-1.0,0.33,0.0,5.0,1.0,COMPLETE,0.0,187200,2,2,2,2,1.0,126589,48140,9,12462,1,1,228
news-source-strategies,RQ3,E3-reach-mitigation,control_reach1_0_wom0,1029,NONE,,,,,1.0,-1.0,0.33,0.0,5.0,1.0,COMPLETE,0.0022844827586206,185600,2,2,2,2,1.0,124119,50221,411,10849,1,1,209
news-source-strategies,RQ3,E3-reach-mitigation,control_reach1_0_wom0,1030,NONE,,,,,1.0,-1.0,0.33,0.0,5.0,1.0,COMPLETE,0.0,179600,1,1,2,2,2.0,117160,48796,76,13568,2,2,75
news-source-strategies,RQ3,E3-reach-mitigation,control_reach1_0_wom1,1001,NONE,,,,,1.0,-1.0,0.33,1.0,5.0,1.0,COMPLETE,0.00022,199954,5,6,7,11,1.0,192797,5477,53,1627,2,44,122
news-source-strategies,RQ3,E3-reach-mitigation,control_reach1_0_wom1,1002,NONE,,,,,1.0,-1.0,0.33,1.0,5.0,1.0,COMPLETE,6e-05,199952,1,1,2,3,2.0,194494,3198,12,2248,88,196,366
news-source-strategies,RQ3,E3-reach-mitigation,control_reach1_0_wom1,1003,NONE,,,,,1.0,-1.0,0.33,1.0,5.0,1.0,COMPLETE,0.0001,199956,1,2,2,9,1.0,194533,3840,52,1531,110,113,122
news-source-strategies,RQ3,E3-reach-mitigation,control_reach1_0_wom1,1004,NONE,,,,,1.0,-1.0,0.33,1.0,5.0,1.0,COMPLETE,0.00016,199963,7,7,7,7,2.0,191592,5290,55,3026,2,4,23
news-source-strategies,RQ3,E3-reach-mitigation,control_reach1_0_wom1,1005,NONE,,,,,1.0,-1.0,0.33,1.0,5.0,1.0,COMPLETE,0.00014,199957,2,2,2,2,1.0,197399,1507,32,1019,11,246,247
news-source-strategies,RQ3,E3-reach-mitigation,control_reach1_0_wom1,1006,NONE,,,,,1.0,-1.0,0.33,1.0,5.0,1.0,COMPLETE,0.00028,199960,4,4,6,6,1.0,195875,2765,63,1257,15,214,216
news-source-strategies,RQ3,E3-reach-mitigation,control_reach1_0_wom1,1007,NONE,,,,,1.0,-1.0,0.33,1.0,5.0,1.0,COMPLETE,0.00046,199967,11,14,18,18,1.0,195630,2380,98,1859,17,20,56
news-source-strategies,RQ3,E3-reach-mitigation,control_reach1_0_wom1,1008,NONE,,,,,1.0,-1.0,0.33,1.0,5.0,1.0,COMPLETE,0.0004,199954,5,5,6,7,1.0,193817,3408,48,2681,1,15,61
news-source-strategies,RQ3,E3-reach-mitigation,control_reach1_0_wom1,1009,NONE,,,,,1.0,-1.0,0.33,1.0,5.0,1.0,COMPLETE,2e-05,199960,0,0,0,0,394.0,193971,3601,1,2387,394,394,394
news-source-strategies,RQ3,E3-reach-mitigation,control_reach1_0_wom1,1010,NONE,,,,,1.0,-1.0,0.33,1.0,5.0,1.0,COMPLETE,0.00016,199945,2,2,2,2,1.0,195152,3049,10,1734,1,7,365
news-source-strategies,RQ3,E3-reach-mitigation,control_reach1_0_wom1,1011,NONE,,,,,1.0,-1.0,0.33,1.0,5.0,1.0,COMPLETE,0.00014,199966,4,8,8,10,2.0,186820,9467,48,3631,7,29,36
news-source-strategies,RQ3,E3-reach-mitigation,control_reach1_0_wom1,1012,NONE,,,,,1.0,-1.0,0.33,1.0,5.0,1.0,COMPLETE,4e-05,199962,1,1,1,2,1.0,193531,3835,12,2584,1,1,176
news-source-strategies,RQ3,E3-reach-mitigation,control_reach1_0_wom1,1013,NONE,,,,,1.0,-1.0,0.33,1.0,5.0,1.0,COMPLETE,2e-05,199978,4,4,8,16,1.0,191530,5006,69,3373,4,92,191
news-source-strategies,RQ3,E3-reach-mitigation,control_reach1_0_wom1,1014,NONE,,,,,1.0,-1.0,0.33,1.0,5.0,1.0,COMPLETE,0.00246,199962,5,5,13,20,1.0,195298,2552,242,1870,102,355,367
news-source-strategies,RQ3,E3-reach-mitigation,control_reach1_0_wom1,1015,NONE,,,,,1.0,-1.0,0.33,1.0,5.0,1.0,COMPLETE,0.0,199956,0,2,2,2,33.0,196063,2030,11,1852,33,33,45
news-source-strategies,RQ3,E3-reach-mitigation,control_reach1_0_wom1,1016,NONE,,,,,1.0,-1.0,0.33,1.0,5.0,1.0,COMPLETE,0.00012,199953,3,3,3,4,1.0,194010,4005,23,1915,1,1,2
news-source-strategies,RQ3,E3-reach-mitigation,control_reach1_0_wom1,1017,NONE,,,,,1.0,-1.0,0.33,1.0,5.0,1.0,COMPLETE,0.00034,199960,0,0,2,3,67.0,195012,3127,30,1791,86,219,387
news-source-strategies,RQ3,E3-reach-mitigation,control_reach1_0_wom1,1018,NONE,,,,,1.0,-1.0,0.33,1.0,5.0,1.0,COMPLETE,2e-05,199947,3,3,3,3,1.0,196004,2242,13,1688,1,1,10
news-source-strategies,RQ3,E3-reach-mitigation,control_reach1_0_wom1,1019,NONE,,,,,1.0,-1.0,0.33,1.0,5.0,1.0,COMPLETE,6e-05,199961,1,1,1,2,11.0,193397,3984,17,2563,11,11,171
news-source-strategies,RQ3,E3-reach-mitigation,control_reach1_0_wom1,1020,NONE,,,,,1.0,-1.0,0.33,1.0,5.0,1.0,COMPLETE,8e-05,199968,3,3,4,5,1.0,196028,2070,26,1844,2,19,77
news-source-strategies,RQ3,E3-reach-mitigation,control_reach1_0_wom1,1021,NONE,,,,,1.0,-1.0,0.33,1.0,5.0,1.0,COMPLETE,0.0001,199953,4,4,4,5,1.0,193367,3940,16,2630,3,4,17
news-source-strategies,RQ3,E3-reach-mitigation,control_reach1_0_wom1,1022,NONE,,,,,1.0,-1.0,0.33,1.0,5.0,1.0,COMPLETE,0.00018,199966,2,2,3,4,1.0,195446,2503,23,1994,1,82,146
news-source-strategies,RQ3,E3-reach-mitigation,control_reach1_0_wom1,1023,NONE,,,,,1.0,-1.0,0.33,1.0,5.0,1.0,COMPLETE,0.0001,199959,5,5,6,7,1.0,194791,3144,47,1977,2,3,81
news-source-strategies,RQ3,E3-reach-mitigation,control_reach1_0_wom1,1024,NONE,,,,,1.0,-1.0,0.33,1.0,5.0,1.0,COMPLETE,0.00012,199964,4,6,7,7,1.0,193784,4304,43,1833,2,6,36
news-source-strategies,RQ3,E3-reach-mitigation,control_reach1_0_wom1,1025,NONE,,,,,1.0,-1.0,0.33,1.0,5.0,1.0,COMPLETE,8e-05,199958,1,2,2,2,1.0,192137,5275,13,2533,1,31,289
news-source-strategies,RQ3,E3-reach-mitigation,control_reach1_0_wom1,1026,NONE,,,,,1.0,-1.0,0.33,1.0,5.0,1.0,COMPLETE,0.0002,199955,2,3,4,5,1.0,196160,2007,21,1767,5,45,126
news-source-strategies,RQ3,E3-reach-mitigation,control_reach1_0_wom1,1027,NONE,,,,,1.0,-1.0,0.33,1.0,5.0,1.0,COMPLETE,0.0002,199957,3,4,4,5,1.0,194902,3223,39,1793,1,34,337
news-source-strategies,RQ3,E3-reach-mitigation,control_reach1_0_wom1,1028,NONE,,,,,1.0,-1.0,0.33,1.0,5.0,1.0,COMPLETE,2e-05,199968,2,2,2,2,1.0,196629,2011,11,1317,1,1,344
news-source-strategies,RQ3,E3-reach-mitigation,control_reach1_0_wom1,1029,NONE,,,,,1.0,-1.0,0.33,1.0,5.0,1.0,COMPLETE,0.00018,199964,3,3,3,3,1.0,194179,3919,31,1835,1,3,224
news-source-strategies,RQ3,E3-reach-mitigation,control_reach1_0_wom1,1030,NONE,,,,,1.0,-1.0,0.33,1.0,5.0,1.0,COMPLETE,0.0001,199949,0,0,2,3,79.0,194410,3604,17,1918,79,84,172
news-source-strategies,RQ3,E3-reach-mitigation,control_reach0_0_wom0,1001,NONE,,,,,0.0,-1.0,0.33,0.0,5.0,1.0,COMPLETE,0.0,181600,0,0,0,0,,117632,50518,0,13450,1,1,1
news-source-strategies,RQ3,E3-reach-mitigation,control_reach0_0_wom0,1002,NONE,,,,,0.0,-1.0,0.33,0.0,5.0,1.0,COMPLETE,0.0,180800,0,0,0,0,,116003,52502,0,12295,1,1,1
news-source-strategies,RQ3,E3-reach-mitigation,control_reach0_0_wom0,1003,NONE,,,,,0.0,-1.0,0.33,0.0,5.0,1.0,COMPLETE,0.0,182400,0,0,0,0,,122983,51873,0,7544,1,1,1
news-source-strategies,RQ3,E3-reach-mitigation,control_reach0_0_wom0,1004,NONE,,,,,0.0,-1.0,0.33,0.0,5.0,1.0,COMPLETE,0.0,185200,0,0,0,0,,122099,50100,0,13001,1,1,1
news-source-strategies,RQ3,E3-reach-mitigation,control_reach0_0_wom0,1005,NONE,,,,,0.0,-1.0,0.33,0.0,5.0,1.0,COMPLETE,0.0,182400,0,0,0,0,,115992,52699,0,13709,1,1,1
news-source-strategies,RQ3,E3-reach-mitigation,control_reach0_0_wom0,1006,NONE,,,,,0.0,-1.0,0.33,0.0,5.0,1.0,COMPLETE,0.0,183200,0,0,0,0,,122785,50067,0,10348,1,1,1
news-source-strategies,RQ3,E3-reach-mitigation,control_reach0_0_wom0,1007,NONE,,,,,0.0,-1.0,0.33,0.0,5.0,1.0,COMPLETE,0.0,186800,0,0,0,0,,120035,54303,0,12462,1,1,1
news-source-strategies,RQ3,E3-reach-mitigation,control_reach0_0_wom0,1008,NONE,,,,,0.0,-1.0,0.33,0.0,5.0,1.0,COMPLETE,0.0,181600,0,0,0,0,,112477,52762,0,16361,1,1,1
news-source-strategies,RQ3,E3-reach-mitigation,control_reach0_0_wom0,1009,NONE,,,,,0.0,-1.0,0.33,0.0,5.0,1.0,COMPLETE,0.0,184000,0,0,0,0,,118274,50843,0,14883,1,1,1
news-source-strategies,RQ3,E3-reach-mitigation,control_reach0_0_wom0,1010,NONE,,,,,0.0,-1.0,0.33,0.0,5.0,1.0,COMPLETE,0.0,177600,0,0,0,0,,115097,50183,0,12320,1,1,1
news-source-strategies,RQ3,E3-reach-mitigation,control_reach0_0_wom0,1011,NONE,,,,,0.0,-1.0,0.33,0.0,5.0,1.0,COMPLETE,0.0,186400,0,0,0,0,,122472,48403,0,15525,1,1,1
news-source-strategies,RQ3,E3-reach-mitigation,control_reach0_0_wom0,1012,NONE,,,,,0.0,-1.0,0.33,0.0,5.0,1.0,COMPLETE,0.0,184400,0,0,0,0,,117127,57329,0,9944,1,1,1
news-source-strategies,RQ3,E3-reach-mitigation,control_reach0_0_wom0,1013,NONE,,,,,0.0,-1.0,0.33,0.0,5.0,1.0,COMPLETE,0.0,191200,0,0,0,0,,128310,50676,0,12214,1,1,1
news-source-strategies,RQ3,E3-reach-mitigation,control_reach0_0_wom0,1014,NONE,,,,,0.0,-1.0,0.33,0.0,5.0,1.0,COMPLETE,0.0,184000,0,0,0,0,,126022,48404,0,9574,1,1,1
news-source-strategies,RQ3,E3-reach-mitigation,control_reach0_0_wom0,1015,NONE,,,,,0.0,-1.0,0.33,0.0,5.0,1.0,COMPLETE,0.0,182400,0,0,0,0,,113640,54275,0,14485,1,1,1
news-source-strategies,RQ3,E3-reach-mitigation,control_reach0_0_wom0,1016,NONE,,,,,0.0,-1.0,0.33,0.0,5.0,1.0,COMPLETE,0.0,180800,0,0,0,0,,128225,40536,0,12039,1,1,1
news-source-strategies,RQ3,E3-reach-mitigation,control_reach0_0_wom0,1017,NONE,,,,,0.0,-1.0,0.33,0.0,5.0,1.0,COMPLETE,0.0,184000,0,0,0,0,,122925,46937,0,14138,1,1,1
news-source-strategies,RQ3,E3-reach-mitigation,control_reach0_0_wom0,1018,NONE,,,,,0.0,-1.0,0.33,0.0,5.0,1.0,COMPLETE,0.0,178800,0,0,0,0,,112350,53352,0,13098,1,1,1
news-source-strategies,RQ3,E3-reach-mitigation,control_reach0_0_wom0,1019,NONE,,,,,0.0,-1.0,0.33,0.0,5.0,1.0,COMPLETE,0.0,184400,0,0,0,0,,122399,50456,0,11545,1,1,1
news-source-strategies,RQ3,E3-reach-mitigation,control_reach0_0_wom0,1020,NONE,,,,,0.0,-1.0,0.33,0.0,5.0,1.0,COMPLETE,0.0,187200,0,0,0,0,,115557,57314,0,14329,1,1,1
news-source-strategies,RQ3,E3-reach-mitigation,control_reach0_0_wom0,1021,NONE,,,,,0.0,-1.0,0.33,0.0,5.0,1.0,COMPLETE,0.0,181200,0,0,0,0,,124502,44710,0,11988,1,1,1
news-source-strategies,RQ3,E3-reach-mitigation,control_reach0_0_wom0,1022,NONE,,,,,0.0,-1.0,0.33,0.0,5.0,1.0,COMPLETE,0.0,186000,0,0,0,0,,127457,47050,0,11493,1,1,1
news-source-strategies,RQ3,E3-reach-mitigation,control_reach0_0_wom0,1023,NONE,,,,,0.0,-1.0,0.33,0.0,5.0,1.0,COMPLETE,0.0,183600,0,0,0,0,,122479,47488,0,13633,1,1,1
news-source-strategies,RQ3,E3-reach-mitigation,control_reach0_0_wom0,1024,NONE,,,,,0.0,-1.0,0.33,0.0,5.0,1.0,COMPLETE,0.0,185200,0,0,0,0,,115808,58016,0,11376,1,1,1
news-source-strategies,RQ3,E3-reach-mitigation,control_reach0_0_wom0,1025,NONE,,,,,0.0,-1.0,0.33,0.0,5.0,1.0,COMPLETE,0.0,183200,0,0,0,0,,119670,50810,0,12720,1,1,1
news-source-strategies,RQ3,E3-reach-mitigation,control_reach0_0_wom0,1026,NONE,,,,,0.0,-1.0,0.33,0.0,5.0,1.0,COMPLETE,0.0,181600,0,0,0,0,,121330,46997,0,13273,1,1,1
news-source-strategies,RQ3,E3-reach-mitigation,control_reach0_0_wom0,1027,NONE,,,,,0.0,-1.0,0.33,0.0,5.0,1.0,COMPLETE,0.0,182800,0,0,0,0,,123899,51215,0,7686,1,1,1
news-source-strategies,RQ3,E3-reach-mitigation,control_reach0_0_wom0,1028,NONE,,,,,0.0,-1.0,0.33,0.0,5.0,1.0,COMPLETE,0.0,187200,0,0,0,0,,126589,48149,0,12462,1,1,1
news-source-strategies,RQ3,E3-reach-mitigation,control_reach0_0_wom0,1029,NONE,,,,,0.0,-1.0,0.33,0.0,5.0,1.0,COMPLETE,0.0,185200,0,0,0,0,,123381,49134,0,12685,1,1,1
news-source-strategies,RQ3,E3-reach-mitigation,control_reach0_0_wom0,1030,NONE,,,,,0.0,-1.0,0.33,0.0,5.0,1.0,COMPLETE,0.0,179600,0,0,0,0,,116531,49501,0,13568,1,1,1
news-source-strategies,RQ3,E3-reach-mitigation,control_reach0_0_wom1,1001,NONE,,,,,0.0,-1.0,0.33,1.0,5.0,1.0,COMPLETE,0.0,199954,0,0,0,0,,192805,5500,0,1649,1,1,1
news-source-strategies,RQ3,E3-reach-mitigation,control_reach0_0_wom1,1002,NONE,,,,,0.0,-1.0,0.33,1.0,5.0,1.0,COMPLETE,0.0,199952,0,0,0,0,,194491,3205,0,2256,1,1,1
news-source-strategies,RQ3,E3-reach-mitigation,control_reach0_0_wom1,1003,NONE,,,,,0.0,-1.0,0.33,1.0,5.0,1.0,COMPLETE,0.0,199956,0,0,0,0,,194362,4010,0,1584,1,1,1
news-source-strategies,RQ3,E3-reach-mitigation,control_reach0_0_wom1,1004,NONE,,,,,0.0,-1.0,0.33,1.0,5.0,1.0,COMPLETE,0.0,199963,0,0,0,0,,191552,5312,0,3099,1,1,1
news-source-strategies,RQ3,E3-reach-mitigation,control_reach0_0_wom1,1005,NONE,,,,,0.0,-1.0,0.33,1.0,5.0,1.0,COMPLETE,0.0,199956,0,0,0,0,,193791,3399,0,2766,1,1,1
news-source-strategies,RQ3,E3-reach-mitigation,control_reach0_0_wom1,1006,NONE,,,,,0.0,-1.0,0.33,1.0,5.0,1.0,COMPLETE,0.0,199958,0,0,0,0,,195222,2996,0,1740,1,1,1
news-source-strategies,RQ3,E3-reach-mitigation,control_reach0_0_wom1,1007,NONE,,,,,0.0,-1.0,0.33,1.0,5.0,1.0,COMPLETE,0.0,199967,0,0,0,0,,195717,2393,0,1857,1,1,1
news-source-strategies,RQ3,E3-reach-mitigation,control_reach0_0_wom1,1008,NONE,,,,,0.0,-1.0,0.33,1.0,5.0,1.0,COMPLETE,0.0,199954,0,0,0,0,,193885,3393,0,2676,1,1,1
news-source-strategies,RQ3,E3-reach-mitigation,control_reach0_0_wom1,1009,NONE,,,,,0.0,-1.0,0.33,1.0,5.0,1.0,COMPLETE,0.0,199960,0,0,0,0,,193971,3602,0,2387,1,1,1
news-source-strategies,RQ3,E3-reach-mitigation,control_reach0_0_wom1,1010,NONE,,,,,0.0,-1.0,0.33,1.0,5.0,1.0,COMPLETE,0.0,199944,0,0,0,0,,193104,4664,0,2176,1,1,1
news-source-strategies,RQ3,E3-reach-mitigation,control_reach0_0_wom1,1011,NONE,,,,,0.0,-1.0,0.33,1.0,5.0,1.0,COMPLETE,0.0,199966,0,0,0,0,,187225,9046,0,3695,1,1,1
news-source-strategies,RQ3,E3-reach-mitigation,control_reach0_0_wom1,1012,NONE,,,,,0.0,-1.0,0.33,1.0,5.0,1.0,COMPLETE,0.0,199961,0,0,0,0,,193676,3595,0,2690,1,1,1
news-source-strategies,RQ3,E3-reach-mitigation,control_reach0_0_wom1,1013,NONE,,,,,0.0,-1.0,0.33,1.0,5.0,1.0,COMPLETE,0.0,199978,0,0,0,0,,191603,5003,0,3372,1,1,1
news-source-strategies,RQ3,E3-reach-mitigation,control_reach0_0_wom1,1014,NONE,,,,,0.0,-1.0,0.33,1.0,5.0,1.0,COMPLETE,0.0,199960,0,0,0,0,,197051,1750,0,1159,1,1,1
news-source-strategies,RQ3,E3-reach-mitigation,control_reach0_0_wom1,1015,NONE,,,,,0.0,-1.0,0.33,1.0,5.0,1.0,COMPLETE,0.0,199956,0,0,0,0,,196073,2033,0,1850,1,1,1
news-source-strategies,RQ3,E3-reach-mitigation,control_reach0_0_wom1,1016,NONE,,,,,0.0,-1.0,0.33,1.0,5.0,1.0,COMPLETE,0.0,199952,0,0,0,0,,195486,2386,0,2080,1,1,1
news-source-strategies,RQ3,E3-reach-mitigation,control_reach0_0_wom1,1017,NONE,,,,,0.0,-1.0,0.33,1.0,5.0,1.0,COMPLETE,0.0,199960,0,0,0,0,,195023,3152,0,1785,1,1,1
news-source-strategies,RQ3,E3-reach-mitigation,control_reach0_0_wom1,1018,NONE,,,,,0.0,-1.0,0.33,1.0,5.0,1.0,COMPLETE,0.0,199947,0,0,0,0,,195964,2295,0,1688,1,1,1
news-source-strategies,RQ3,E3-reach-mitigation,control_reach0_0_wom1,1019,NONE,,,,,0.0,-1.0,0.33,1.0,5.0,1.0,COMPLETE,0.0,199961,0,0,0,0,,193398,3988,0,2575,1,1,1
news-source-strategies,RQ3,E3-reach-mitigation,control_reach0_0_wom1,1020,NONE,,,,,0.0,-1.0,0.33,1.0,5.0,1.0,COMPLETE,0.0,199968,0,0,0,0,,196052,2072,0,1844,1,1,1
news-source-strategies,RQ3,E3-reach-mitigation,control_reach0_0_wom1,1021,NONE,,,,,0.0,-1.0,0.33,1.0,5.0,1.0,COMPLETE,0.0,199953,0,0,0,0,,193200,3968,0,2785,1,1,1
news-source-strategies,RQ3,E3-reach-mitigation,control_reach0_0_wom1,1022,NONE,,,,,0.0,-1.0,0.33,1.0,5.0,1.0,COMPLETE,0.0,199965,0,0,0,0,,196069,2369,0,1527,1,1,1
news-source-strategies,RQ3,E3-reach-mitigation,control_reach0_0_wom1,1023,NONE,,,,,0.0,-1.0,0.33,1.0,5.0,1.0,COMPLETE,0.0,199959,0,0,0,0,,194812,3139,0,2008,1,1,1
news-source-strategies,RQ3,E3-reach-mitigation,control_reach0_0_wom1,1024,NONE,,,,,0.0,-1.0,0.33,1.0,5.0,1.0,COMPLETE,0.0,199963,0,0,0,0,,195178,3078,0,1707,1,1,1
news-source-strategies,RQ3,E3-reach-mitigation,control_reach0_0_wom1,1025,NONE,,,,,0.0,-1.0,0.33,1.0,5.0,1.0,COMPLETE,0.0,199958,0,0,0,0,,192121,5301,0,2536,1,1,1
news-source-strategies,RQ3,E3-reach-mitigation,control_reach0_0_wom1,1026,NONE,,,,,0.0,-1.0,0.33,1.0,5.0,1.0,COMPLETE,0.0,199954,0,0,0,0,,194000,3841,0,2113,1,1,1
news-source-strategies,RQ3,E3-reach-mitigation,control_reach0_0_wom1,1027,NONE,,,,,0.0,-1.0,0.33,1.0,5.0,1.0,COMPLETE,0.0,199957,0,0,0,0,,194956,3225,0,1776,1,1,1
news-source-strategies,RQ3,E3-reach-mitigation,control_reach0_0_wom1,1028,NONE,,,,,0.0,-1.0,0.33,1.0,5.0,1.0,COMPLETE,0.0,199968,0,0,0,0,,196649,2002,0,1317,1,1,1
news-source-strategies,RQ3,E3-reach-mitigation,control_reach0_0_wom1,1029,NONE,,,,,0.0,-1.0,0.33,1.0,5.0,1.0,COMPLETE,0.0,199963,0,0,0,0,,195037,3030,0,1896,1,1,1
news-source-strategies,RQ3,E3-reach-mitigation,control_reach0_0_wom1,1030,NONE,,,,,0.0,-1.0,0.33,1.0,5.0,1.0,COMPLETE,0.0,199949,0,0,0,0,,194360,3671,0,1918,1,1,1
news-source-strategies,RQ3,E3-reach-mitigation,credibility_reach14_7_wom0,1001,CREDIBILITY_CAMOUFLAGE,TRADITIONAL_MEDIA,FAKE_NEWS_SOURCE,1.0,-1.0,14.7,-1.0,0.33,0.0,5.0,1.0,COMPLETE,0.011943231441048,183200,20,24,29,31,1.0,113173,54243,2666,13118,1,19,70
news-source-strategies,RQ3,E3-reach-mitigation,credibility_reach14_7_wom0,1002,CREDIBILITY_CAMOUFLAGE,TRADITIONAL_MEDIA,FAKE_NEWS_SOURCE,1.0,-1.0,14.7,-1.0,0.33,0.0,5.0,1.0,COMPLETE,0.0260737527114967,184400,27,28,29,32,1.0,117042,51746,5314,10298,1,1,21
news-source-strategies,RQ3,E3-reach-mitigation,credibility_reach14_7_wom0,1003,CREDIBILITY_CAMOUFLAGE,TRADITIONAL_MEDIA,FAKE_NEWS_SOURCE,1.0,-1.0,14.7,-1.0,0.33,0.0,5.0,1.0,COMPLETE,0.0199568034557235,185200,27,28,30,33,1.0,118722,55434,4417,6627,1,2,73
news-source-strategies,RQ3,E3-reach-mitigation,credibility_reach14_7_wom0,1004,CREDIBILITY_CAMOUFLAGE,TRADITIONAL_MEDIA,FAKE_NEWS_SOURCE,1.0,-1.0,14.7,-1.0,0.33,0.0,5.0,1.0,COMPLETE,0.0115698924731182,186000,18,20,23,27,1.0,115913,54914,2417,12756,1,27,262
news-source-strategies,RQ3,E3-reach-mitigation,credibility_reach14_7_wom0,1005,CREDIBILITY_CAMOUFLAGE,TRADITIONAL_MEDIA,FAKE_NEWS_SOURCE,1.0,-1.0,14.7,-1.0,0.33,0.0,5.0,1.0,COMPLETE,0.025301724137931,185600,23,26,28,31,1.0,113238,53384,5516,13462,1,2,135
news-source-strategies,RQ3,E3-reach-mitigation,credibility_reach14_7_wom0,1006,CREDIBILITY_CAMOUFLAGE,TRADITIONAL_MEDIA,FAKE_NEWS_SOURCE,1.0,-1.0,14.7,-1.0,0.33,0.0,5.0,1.0,COMPLETE,0.027730192719486,186800,26,29,31,36,1.0,119519,50647,5578,11056,1,2,115
news-source-strategies,RQ3,E3-reach-mitigation,credibility_reach14_7_wom0,1007,CREDIBILITY_CAMOUFLAGE,TRADITIONAL_MEDIA,FAKE_NEWS_SOURCE,1.0,-1.0,14.7,-1.0,0.33,0.0,5.0,1.0,COMPLETE,0.0187974683544303,189600,35,35,36,39,1.0,124963,48232,4160,12245,1,1,12
news-source-strategies,RQ3,E3-reach-mitigation,credibility_reach14_7_wom0,1008,CREDIBILITY_CAMOUFLAGE,TRADITIONAL_MEDIA,FAKE_NEWS_SOURCE,1.0,-1.0,14.7,-1.0,0.33,0.0,5.0,1.0,COMPLETE,0.0250646551724137,185600,35,38,39,44,1.0,111850,51542,6797,15411,1,1,32
news-source-strategies,RQ3,E3-reach-mitigation,credibility_reach14_7_wom0,1009,CREDIBILITY_CAMOUFLAGE,TRADITIONAL_MEDIA,FAKE_NEWS_SOURCE,1.0,-1.0,14.7,-1.0,0.33,0.0,5.0,1.0,COMPLETE,0.0211612903225806,186000,21,21,22,24,1.0,118913,51651,4220,11216,1,1,104
news-source-strategies,RQ3,E3-reach-mitigation,credibility_reach14_7_wom0,1010,CREDIBILITY_CAMOUFLAGE,TRADITIONAL_MEDIA,FAKE_NEWS_SOURCE,1.0,-1.0,14.7,-1.0,0.33,0.0,5.0,1.0,COMPLETE,0.0259471365638766,181600,29,30,34,36,1.0,113450,51671,5446,11033,1,2,79
news-source-strategies,RQ3,E3-reach-mitigation,credibility_reach14_7_wom0,1011,CREDIBILITY_CAMOUFLAGE,TRADITIONAL_MEDIA,FAKE_NEWS_SOURCE,1.0,-1.0,14.7,-1.0,0.33,0.0,5.0,1.0,COMPLETE,0.0225105485232067,189600,35,37,41,45,1.0,115658,51814,5836,16292,1,2,46
news-source-strategies,RQ3,E3-reach-mitigation,credibility_reach14_7_wom0,1012,CREDIBILITY_CAMOUFLAGE,TRADITIONAL_MEDIA,FAKE_NEWS_SOURCE,1.0,-1.0,14.7,-1.0,0.33,0.0,5.0,1.0,COMPLETE,0.0198504273504273,187200,22,23,30,35,1.0,112973,56086,4249,13892,1,1,84
news-source-strategies,RQ3,E3-reach-mitigation,credibility_reach14_7_wom0,1013,CREDIBILITY_CAMOUFLAGE,TRADITIONAL_MEDIA,FAKE_NEWS_SOURCE,1.0,-1.0,14.7,-1.0,0.33,0.0,5.0,1.0,COMPLETE,0.0133264033264033,192400,30,33,35,37,1.0,124404,49909,4155,13932,1,2,42
news-source-strategies,RQ3,E3-reach-mitigation,credibility_reach14_7_wom0,1014,CREDIBILITY_CAMOUFLAGE,TRADITIONAL_MEDIA,FAKE_NEWS_SOURCE,1.0,-1.0,14.7,-1.0,0.33,0.0,5.0,1.0,COMPLETE,0.0277564102564102,187200,34,38,40,45,1.0,124696,45265,5367,11872,1,2,35
news-source-strategies,RQ3,E3-reach-mitigation,credibility_reach14_7_wom0,1015,CREDIBILITY_CAMOUFLAGE,TRADITIONAL_MEDIA,FAKE_NEWS_SOURCE,1.0,-1.0,14.7,-1.0,0.33,0.0,5.0,1.0,COMPLETE,0.0311158798283261,186400,30,31,36,38,1.0,112956,55104,6020,12320,1,2,82
news-source-strategies,RQ3,E3-reach-mitigation,credibility_reach14_7_wom0,1016,CREDIBILITY_CAMOUFLAGE,TRADITIONAL_MEDIA,FAKE_NEWS_SOURCE,1.0,-1.0,14.7,-1.0,0.33,0.0,5.0,1.0,COMPLETE,0.023891304347826,184000,35,37,38,40,1.0,123202,43557,5239,12002,1,2,4
news-source-strategies,RQ3,E3-reach-mitigation,credibility_reach14_7_wom0,1017,CREDIBILITY_CAMOUFLAGE,TRADITIONAL_MEDIA,FAKE_NEWS_SOURCE,1.0,-1.0,14.7,-1.0,0.33,0.0,5.0,1.0,COMPLETE,0.0272222222222222,187200,23,26,28,32,1.0,117571,51818,5405,12406,1,2,89
news-source-strategies,RQ3,E3-reach-mitigation,credibility_reach14_7_wom0,1018,CREDIBILITY_CAMOUFLAGE,TRADITIONAL_MEDIA,FAKE_NEWS_SOURCE,1.0,-1.0,14.7,-1.0,0.33,0.0,5.0,1.0,COMPLETE,0.0263576158940397,181200,26,27,31,34,1.0,106609,56031,4764,13796,1,2,125
news-source-strategies,RQ3,E3-reach-mitigation,credibility_reach14_7_wom0,1019,CREDIBILITY_CAMOUFLAGE,TRADITIONAL_MEDIA,FAKE_NEWS_SOURCE,1.0,-1.0,14.7,-1.0,0.33,0.0,5.0,1.0,COMPLETE,0.0096328293736501,185200,27,30,31,35,1.0,122608,49353,2246,10993,1,2,48
news-source-strategies,RQ3,E3-reach-mitigation,credibility_reach14_7_wom0,1020,CREDIBILITY_CAMOUFLAGE,TRADITIONAL_MEDIA,FAKE_NEWS_SOURCE,1.0,-1.0,14.7,-1.0,0.33,0.0,5.0,1.0,COMPLETE,0.0125053078556263,188400,21,24,27,34,1.0,120991,50692,3318,13399,1,2,91
news-source-strategies,RQ3,E3-reach-mitigation,credibility_reach14_7_wom0,1021,CREDIBILITY_CAMOUFLAGE,TRADITIONAL_MEDIA,FAKE_NEWS_SOURCE,1.0,-1.0,14.7,-1.0,0.33,0.0,5.0,1.0,COMPLETE,0.0193013100436681,183200,29,32,36,38,1.0,117457,49378,4894,11471,1,2,62
news-source-strategies,RQ3,E3-reach-mitigation,credibility_reach14_7_wom0,1022,CREDIBILITY_CAMOUFLAGE,TRADITIONAL_MEDIA,FAKE_NEWS_SOURCE,1.0,-1.0,14.7,-1.0,0.33,0.0,5.0,1.0,COMPLETE,0.0202547770700636,188400,22,23,29,32,1.0,123198,48228,4503,12471,1,2,79
news-source-strategies,RQ3,E3-reach-mitigation,credibility_reach14_7_wom0,1023,CREDIBILITY_CAMOUFLAGE,TRADITIONAL_MEDIA,FAKE_NEWS_SOURCE,1.0,-1.0,14.7,-1.0,0.33,0.0,5.0,1.0,COMPLETE,0.0215417558886509,186800,34,34,34,34,1.0,121030,46109,4963,14698,1,1,2
news-source-strategies,RQ3,E3-reach-mitigation,credibility_reach14_7_wom0,1024,CREDIBILITY_CAMOUFLAGE,TRADITIONAL_MEDIA,FAKE_NEWS_SOURCE,1.0,-1.0,14.7,-1.0,0.33,0.0,5.0,1.0,COMPLETE,0.0197021276595744,188000,32,33,34,41,1.0,118982,53540,4979,10499,1,2,159
news-source-strategies,RQ3,E3-reach-mitigation,credibility_reach14_7_wom0,1025,CREDIBILITY_CAMOUFLAGE,TRADITIONAL_MEDIA,FAKE_NEWS_SOURCE,1.0,-1.0,14.7,-1.0,0.33,0.0,5.0,1.0,COMPLETE,0.0173593073593073,184800,18,23,27,31,1.0,118265,51372,4163,11000,1,17,79
news-source-strategies,RQ3,E3-reach-mitigation,credibility_reach14_7_wom0,1026,CREDIBILITY_CAMOUFLAGE,TRADITIONAL_MEDIA,FAKE_NEWS_SOURCE,1.0,-1.0,14.7,-1.0,0.33,0.0,5.0,1.0,COMPLETE,0.0295238095238095,184800,28,29,30,33,1.0,118513,47300,5684,13303,1,2,97
news-source-strategies,RQ3,E3-reach-mitigation,credibility_reach14_7_wom0,1027,CREDIBILITY_CAMOUFLAGE,TRADITIONAL_MEDIA,FAKE_NEWS_SOURCE,1.0,-1.0,14.7,-1.0,0.33,0.0,5.0,1.0,COMPLETE,0.0203232758620689,185600,30,30,34,38,1.0,118583,53491,4441,9085,1,1,12
news-source-strategies,RQ3,E3-reach-mitigation,credibility_reach14_7_wom0,1028,CREDIBILITY_CAMOUFLAGE,TRADITIONAL_MEDIA,FAKE_NEWS_SOURCE,1.0,-1.0,14.7,-1.0,0.33,0.0,5.0,1.0,COMPLETE,0.0068803418803418,187200,24,28,28,31,1.0,125448,47100,2773,11879,1,2,45
news-source-strategies,RQ3,E3-reach-mitigation,credibility_reach14_7_wom0,1029,CREDIBILITY_CAMOUFLAGE,TRADITIONAL_MEDIA,FAKE_NEWS_SOURCE,1.0,-1.0,14.7,-1.0,0.33,0.0,5.0,1.0,COMPLETE,0.0270788912579957,187600,27,28,31,36,1.0,114257,55873,4843,12627,1,2,146
news-source-strategies,RQ3,E3-reach-mitigation,credibility_reach14_7_wom0,1030,CREDIBILITY_CAMOUFLAGE,TRADITIONAL_MEDIA,FAKE_NEWS_SOURCE,1.0,-1.0,14.7,-1.0,0.33,0.0,5.0,1.0,COMPLETE,0.0144713656387665,181600,23,26,28,34,1.0,114022,53742,3158,10678,1,2,146
news-source-strategies,RQ3,E3-reach-mitigation,credibility_reach14_7_wom1,1001,CREDIBILITY_CAMOUFLAGE,TRADITIONAL_MEDIA,FAKE_NEWS_SOURCE,1.0,-1.0,14.7,-1.0,0.33,1.0,5.0,1.0,COMPLETE,0.00056,199958,43,48,79,85,1.0,192268,5198,472,2020,3,53,77
news-source-strategies,RQ3,E3-reach-mitigation,credibility_reach14_7_wom1,1002,CREDIBILITY_CAMOUFLAGE,TRADITIONAL_MEDIA,FAKE_NEWS_SOURCE,1.0,-1.0,14.7,-1.0,0.33,1.0,5.0,1.0,COMPLETE,0.00134,199961,35,38,47,91,1.0,194485,2866,484,2126,15,111,145
news-source-strategies,RQ3,E3-reach-mitigation,credibility_reach14_7_wom1,1003,CREDIBILITY_CAMOUFLAGE,TRADITIONAL_MEDIA,FAKE_NEWS_SOURCE,1.0,-1.0,14.7,-1.0,0.33,1.0,5.0,1.0,COMPLETE,0.0069,199963,36,45,101,112,1.0,191140,5142,837,2844,30,68,283
news-source-strategies,RQ3,E3-reach-mitigation,credibility_reach14_7_wom1,1004,CREDIBILITY_CAMOUFLAGE,TRADITIONAL_MEDIA,FAKE_NEWS_SOURCE,1.0,-1.0,14.7,-1.0,0.33,1.0,5.0,1.0,COMPLETE,0.0009,199965,40,43,67,101,1.0,194902,2852,463,1748,5,65,179
news-source-strategies,RQ3,E3-reach-mitigation,credibility_reach14_7_wom1,1005,CREDIBILITY_CAMOUFLAGE,TRADITIONAL_MEDIA,FAKE_NEWS_SOURCE,1.0,-1.0,14.7,-1.0,0.33,1.0,5.0,1.0,COMPLETE,0.0028,199964,60,88,102,111,1.0,194026,2957,761,2220,12,24,46
news-source-strategies,RQ3,E3-reach-mitigation,credibility_reach14_7_wom1,1006,CREDIBILITY_CAMOUFLAGE,TRADITIONAL_MEDIA,FAKE_NEWS_SOURCE,1.0,-1.0,14.7,-1.0,0.33,1.0,5.0,1.0,COMPLETE,0.00346,199967,36,55,71,85,1.0,194767,2812,654,1734,4,62,279
news-source-strategies,RQ3,E3-reach-mitigation,credibility_reach14_7_wom1,1007,CREDIBILITY_CAMOUFLAGE,TRADITIONAL_MEDIA,FAKE_NEWS_SOURCE,1.0,-1.0,14.7,-1.0,0.33,1.0,5.0,1.0,COMPLETE,0.00198,199974,29,29,32,65,1.0,194417,3244,482,1831,3,119,264
news-source-strategies,RQ3,E3-reach-mitigation,credibility_reach14_7_wom1,1008,CREDIBILITY_CAMOUFLAGE,TRADITIONAL_MEDIA,FAKE_NEWS_SOURCE,1.0,-1.0,14.7,-1.0,0.33,1.0,5.0,1.0,COMPLETE,0.00284,199964,47,50,60,64,1.0,194354,2823,490,2297,1,3,179
news-source-strategies,RQ3,E3-reach-mitigation,credibility_reach14_7_wom1,1009,CREDIBILITY_CAMOUFLAGE,TRADITIONAL_MEDIA,FAKE_NEWS_SOURCE,1.0,-1.0,14.7,-1.0,0.33,1.0,5.0,1.0,COMPLETE,0.00222,199965,32,35,37,67,1.0,192577,4850,458,2080,2,115,173
news-source-strategies,RQ3,E3-reach-mitigation,credibility_reach14_7_wom1,1010,CREDIBILITY_CAMOUFLAGE,TRADITIONAL_MEDIA,FAKE_NEWS_SOURCE,1.0,-1.0,14.7,-1.0,0.33,1.0,5.0,1.0,COMPLETE,0.00512,199954,56,64,73,82,1.0,192878,4045,796,2235,4,34,266
news-source-strategies,RQ3,E3-reach-mitigation,credibility_reach14_7_wom1,1011,CREDIBILITY_CAMOUFLAGE,TRADITIONAL_MEDIA,FAKE_NEWS_SOURCE,1.0,-1.0,14.7,-1.0,0.33,1.0,5.0,1.0,COMPLETE,0.00134,199974,74,85,107,125,1.0,193142,3627,670,2535,3,12,75
news-source-strategies,RQ3,E3-reach-mitigation,credibility_reach14_7_wom1,1012,CREDIBILITY_CAMOUFLAGE,TRADITIONAL_MEDIA,FAKE_NEWS_SOURCE,1.0,-1.0,14.7,-1.0,0.33,1.0,5.0,1.0,COMPLETE,0.0012,199968,37,60,88,97,1.0,193033,3588,605,2742,8,42,106
news-source-strategies,RQ3,E3-reach-mitigation,credibility_reach14_7_wom1,1013,CREDIBILITY_CAMOUFLAGE,TRADITIONAL_MEDIA,FAKE_NEWS_SOURCE,1.0,-1.0,14.7,-1.0,0.33,1.0,5.0,1.0,COMPLETE,0.00074,199981,37,40,47,60,1.0,196063,2146,289,1483,1,5,131
news-source-strategies,RQ3,E3-reach-mitigation,credibility_reach14_7_wom1,1014,CREDIBILITY_CAMOUFLAGE,TRADITIONAL_MEDIA,FAKE_NEWS_SOURCE,1.0,-1.0,14.7,-1.0,0.33,1.0,5.0,1.0,COMPLETE,0.00242,199968,38,60,75,90,1.0,194562,3015,554,1837,2,44,181
news-source-strategies,RQ3,E3-reach-mitigation,credibility_reach14_7_wom1,1015,CREDIBILITY_CAMOUFLAGE,TRADITIONAL_MEDIA,FAKE_NEWS_SOURCE,1.0,-1.0,14.7,-1.0,0.33,1.0,5.0,1.0,COMPLETE,0.00854,199966,37,50,58,65,1.0,192383,4136,796,2651,27,215,376
news-source-strategies,RQ3,E3-reach-mitigation,credibility_reach14_7_wom1,1016,CREDIBILITY_CAMOUFLAGE,TRADITIONAL_MEDIA,FAKE_NEWS_SOURCE,1.0,-1.0,14.7,-1.0,0.33,1.0,5.0,1.0,COMPLETE,0.0006,199960,40,50,59,77,1.0,196124,2115,353,1368,2,26,125
news-source-strategies,RQ3,E3-reach-mitigation,credibility_reach14_7_wom1,1017,CREDIBILITY_CAMOUFLAGE,TRADITIONAL_MEDIA,FAKE_NEWS_SOURCE,1.0,-1.0,14.7,-1.0,0.33,1.0,5.0,1.0,COMPLETE,0.00298,199968,41,42,71,86,1.0,193925,3420,475,2148,12,86,118
news-source-strategies,RQ3,E3-reach-mitigation,credibility_reach14_7_wom1,1018,CREDIBILITY_CAMOUFLAGE,TRADITIONAL_MEDIA,FAKE_NEWS_SOURCE,1.0,-1.0,14.7,-1.0,0.33,1.0,5.0,1.0,COMPLETE,0.00072,199953,29,36,46,67,1.0,195408,2349,372,1824,3,102,204
news-source-strategies,RQ3,E3-reach-mitigation,credibility_reach14_7_wom1,1019,CREDIBILITY_CAMOUFLAGE,TRADITIONAL_MEDIA,FAKE_NEWS_SOURCE,1.0,-1.0,14.7,-1.0,0.33,1.0,5.0,1.0,COMPLETE,0.00186,199963,34,37,42,47,1.0,195246,2331,361,2025,3,110,244
news-source-strategies,RQ3,E3-reach-mitigation,credibility_reach14_7_wom1,1020,CREDIBILITY_CAMOUFLAGE,TRADITIONAL_MEDIA,FAKE_NEWS_SOURCE,1.0,-1.0,14.7,-1.0,0.33,1.0,5.0,1.0,COMPLETE,0.00242,199971,32,32,37,52,1.0,196316,1907,381,1367,2,125,255
news-source-strategies,RQ3,E3-reach-mitigation,credibility_reach14_7_wom1,1021,CREDIBILITY_CAMOUFLAGE,TRADITIONAL_MEDIA,FAKE_NEWS_SOURCE,1.0,-1.0,14.7,-1.0,0.33,1.0,5.0,1.0,COMPLETE,0.00086,199958,41,44,62,66,1.0,195399,2173,412,1974,2,8,87
news-source-strategies,RQ3,E3-reach-mitigation,credibility_reach14_7_wom1,1022,CREDIBILITY_CAMOUFLAGE,TRADITIONAL_MEDIA,FAKE_NEWS_SOURCE,1.0,-1.0,14.7,-1.0,0.33,1.0,5.0,1.0,COMPLETE,0.00274,199971,27,27,34,94,1.0,195149,2813,483,1526,68,138,160
news-source-strategies,RQ3,E3-reach-mitigation,credibility_reach14_7_wom1,1023,CREDIBILITY_CAMOUFLAGE,TRADITIONAL_MEDIA,FAKE_NEWS_SOURCE,1.0,-1.0,14.7,-1.0,0.33,1.0,5.0,1.0,COMPLETE,0.00084,199967,46,73,79,88,1.0,194839,2766,401,1961,1,28,46
news-source-strategies,RQ3,E3-reach-mitigation,credibility_reach14_7_wom1,1024,CREDIBILITY_CAMOUFLAGE,TRADITIONAL_MEDIA,FAKE_NEWS_SOURCE,1.0,-1.0,14.7,-1.0,0.33,1.0,5.0,1.0,COMPLETE,0.00244,199970,74,81,89,113,1.0,191192,5572,699,2507,7,18,108
news-source-strategies,RQ3,E3-reach-mitigation,credibility_reach14_7_wom1,1025,CREDIBILITY_CAMOUFLAGE,TRADITIONAL_MEDIA,FAKE_NEWS_SOURCE,1.0,-1.0,14.7,-1.0,0.33,1.0,5.0,1.0,COMPLETE,0.00598,199962,14,14,27,35,1.0,195873,2105,465,1519,111,345,383
news-source-strategies,RQ3,E3-reach-mitigation,credibility_reach14_7_wom1,1026,CREDIBILITY_CAMOUFLAGE,TRADITIONAL_MEDIA,FAKE_NEWS_SOURCE,1.0,-1.0,14.7,-1.0,0.33,1.0,5.0,1.0,COMPLETE,0.00196,199962,37,60,70,72,1.0,191895,4761,594,2712,5,43,267
news-source-strategies,RQ3,E3-reach-mitigation,credibility_reach14_7_wom1,1027,CREDIBILITY_CAMOUFLAGE,TRADITIONAL_MEDIA,FAKE_NEWS_SOURCE,1.0,-1.0,14.7,-1.0,0.33,1.0,5.0,1.0,COMPLETE,0.00064,199964,40,55,67,80,1.0,196470,1887,440,1167,2,49,116
news-source-strategies,RQ3,E3-reach-mitigation,credibility_reach14_7_wom1,1028,CREDIBILITY_CAMOUFLAGE,TRADITIONAL_MEDIA,FAKE_NEWS_SOURCE,1.0,-1.0,14.7,-1.0,0.33,1.0,5.0,1.0,COMPLETE,0.0008,199968,24,28,30,39,1.0,196421,2033,218,1296,2,35,225
news-source-strategies,RQ3,E3-reach-mitigation,credibility_reach14_7_wom1,1029,CREDIBILITY_CAMOUFLAGE,TRADITIONAL_MEDIA,FAKE_NEWS_SOURCE,1.0,-1.0,14.7,-1.0,0.33,1.0,5.0,1.0,COMPLETE,0.00102,199969,54,57,60,69,1.0,196489,1916,281,1283,2,5,123
news-source-strategies,RQ3,E3-reach-mitigation,credibility_reach14_7_wom1,1030,CREDIBILITY_CAMOUFLAGE,TRADITIONAL_MEDIA,FAKE_NEWS_SOURCE,1.0,-1.0,14.7,-1.0,0.33,1.0,5.0,1.0,COMPLETE,0.00122,199954,36,71,80,97,1.0,192159,4919,526,2350,4,34,132
news-source-strategies,RQ3,E3-reach-mitigation,credibility_reach10_0_wom0,1001,CREDIBILITY_CAMOUFLAGE,TRADITIONAL_MEDIA,FAKE_NEWS_SOURCE,1.0,-1.0,10.0,-1.0,0.33,0.0,5.0,1.0,COMPLETE,0.0133041575492341,182800,14,14,16,22,1.0,113376,55347,3038,11039,1,2,120
news-source-strategies,RQ3,E3-reach-mitigation,credibility_reach10_0_wom0,1002,CREDIBILITY_CAMOUFLAGE,TRADITIONAL_MEDIA,FAKE_NEWS_SOURCE,1.0,-1.0,10.0,-1.0,0.33,0.0,5.0,1.0,COMPLETE,0.0142543859649122,182400,18,18,18,20,1.0,121863,47250,2673,10614,1,1,13
news-source-strategies,RQ3,E3-reach-mitigation,credibility_reach10_0_wom0,1003,CREDIBILITY_CAMOUFLAGE,TRADITIONAL_MEDIA,FAKE_NEWS_SOURCE,1.0,-1.0,10.0,-1.0,0.33,0.0,5.0,1.0,COMPLETE,0.0112636165577342,183600,15,17,20,23,1.0,116876,54191,2501,10032,2,3,114
news-source-strategies,RQ3,E3-reach-mitigation,credibility_reach10_0_wom0,1004,CREDIBILITY_CAMOUFLAGE,TRADITIONAL_MEDIA,FAKE_NEWS_SOURCE,1.0,-1.0,10.0,-1.0,0.33,0.0,5.0,1.0,COMPLETE,0.0073333333333333,186000,12,13,15,18,1.0,116265,55298,1666,12771,1,77,262
news-source-strategies,RQ3,E3-reach-mitigation,credibility_reach10_0_wom0,1005,CREDIBILITY_CAMOUFLAGE,TRADITIONAL_MEDIA,FAKE_NEWS_SOURCE,1.0,-1.0,10.0,-1.0,0.33,0.0,5.0,1.0,COMPLETE,0.0128850325379609,184400,17,18,18,18,1.0,116566,52128,2679,13027,1,1,14
news-source-strategies,RQ3,E3-reach-mitigation,credibility_reach10_0_wom0,1006,CREDIBILITY_CAMOUFLAGE,TRADITIONAL_MEDIA,FAKE_NEWS_SOURCE,1.0,-1.0,10.0,-1.0,0.33,0.0,5.0,1.0,COMPLETE,0.0231612903225806,186000,24,27,29,34,1.0,118087,51498,4133,12282,1,3,43
news-source-strategies,RQ3,E3-reach-mitigation,credibility_reach10_0_wom0,1007,CREDIBILITY_CAMOUFLAGE,TRADITIONAL_MEDIA,FAKE_NEWS_SOURCE,1.0,-1.0,10.0,-1.0,0.33,0.0,5.0,1.0,COMPLETE,0.0166244725738396,189600,24,24,24,27,1.0,124690,48967,3604,12339,1,1,3
news-source-strategies,RQ3,E3-reach-mitigation,credibility_reach10_0_wom0,1008,CREDIBILITY_CAMOUFLAGE,TRADITIONAL_MEDIA,FAKE_NEWS_SOURCE,1.0,-1.0,10.0,-1.0,0.33,0.0,5.0,1.0,COMPLETE,0.0254545454545454,184800,25,27,28,32,1.0,118573,48162,4760,13305,1,1,41
news-source-strategies,RQ3,E3-reach-mitigation,credibility_reach10_0_wom0,1009,CREDIBILITY_CAMOUFLAGE,TRADITIONAL_MEDIA,FAKE_NEWS_SOURCE,1.0,-1.0,10.0,-1.0,0.33,0.0,5.0,1.0,COMPLETE,0.0125701943844492,185200,19,19,19,21,1.0,119761,48997,3119,13323,1,2,3
news-source-strategies,RQ3,E3-reach-mitigation,credibility_reach10_0_wom0,1010,CREDIBILITY_CAMOUFLAGE,TRADITIONAL_MEDIA,FAKE_NEWS_SOURCE,1.0,-1.0,10.0,-1.0,0.33,0.0,5.0,1.0,COMPLETE,0.0221064301552106,180400,18,20,21,23,1.0,114166,50067,4354,11813,1,2,57
news-source-strategies,RQ3,E3-reach-mitigation,credibility_reach10_0_wom0,1011,CREDIBILITY_CAMOUFLAGE,TRADITIONAL_MEDIA,FAKE_NEWS_SOURCE,1.0,-1.0,10.0,-1.0,0.33,0.0,5.0,1.0,COMPLETE,0.0159660297239915,188400,21,23,25,26,1.0,121018,50316,3322,13744,1,2,24
news-source-strategies,RQ3,E3-reach-mitigation,credibility_reach10_0_wom0,1012,CREDIBILITY_CAMOUFLAGE,TRADITIONAL_MEDIA,FAKE_NEWS_SOURCE,1.0,-1.0,10.0,-1.0,0.33,0.0,5.0,1.0,COMPLETE,0.0160729613733905,186400,16,17,18,21,1.0,119378,51084,3003,12935,1,2,200
news-source-strategies,RQ3,E3-reach-mitigation,credibility_reach10_0_wom0,1013,CREDIBILITY_CAMOUFLAGE,TRADITIONAL_MEDIA,FAKE_NEWS_SOURCE,1.0,-1.0,10.0,-1.0,0.33,0.0,5.0,1.0,COMPLETE,0.0115592515592515,192400,22,25,27,28,1.0,124756,50024,3415,14205,1,2,42
news-source-strategies,RQ3,E3-reach-mitigation,credibility_reach10_0_wom0,1014,CREDIBILITY_CAMOUFLAGE,TRADITIONAL_MEDIA,FAKE_NEWS_SOURCE,1.0,-1.0,10.0,-1.0,0.33,0.0,5.0,1.0,COMPLETE,0.02362660944206,186400,23,24,26,31,1.0,122153,48622,4946,10679,1,2,110
news-source-strategies,RQ3,E3-reach-mitigation,credibility_reach10_0_wom0,1015,CREDIBILITY_CAMOUFLAGE,TRADITIONAL_MEDIA,FAKE_NEWS_SOURCE,1.0,-1.0,10.0,-1.0,0.33,0.0,5.0,1.0,COMPLETE,0.0136363636363636,184800,26,26,28,30,1.0,117417,49706,3354,14323,1,2,57
news-source-strategies,RQ3,E3-reach-mitigation,credibility_reach10_0_wom0,1016,CREDIBILITY_CAMOUFLAGE,TRADITIONAL_MEDIA,FAKE_NEWS_SOURCE,1.0,-1.0,10.0,-1.0,0.33,0.0,5.0,1.0,COMPLETE,0.0156331877729257,183200,24,25,25,28,1.0,123390,45894,3655,10261,1,1,3
news-source-strategies,RQ3,E3-reach-mitigation,credibility_reach10_0_wom0,1017,CREDIBILITY_CAMOUFLAGE,TRADITIONAL_MEDIA,FAKE_NEWS_SOURCE,1.0,-1.0,10.0,-1.0,0.33,0.0,5.0,1.0,COMPLETE,0.0153218884120171,186400,18,19,22,27,1.0,121380,49983,3363,11674,1,2,92
news-source-strategies,RQ3,E3-reach-mitigation,credibility_reach10_0_wom0,1018,CREDIBILITY_CAMOUFLAGE,TRADITIONAL_MEDIA,FAKE_NEWS_SOURCE,1.0,-1.0,10.0,-1.0,0.33,0.0,5.0,1.0,COMPLETE,0.0177483443708609,181200,21,21,25,27,1.0,107230,56304,3437,14229,1,2,79
news-source-strategies,RQ3,E3-reach-mitigation,credibility_reach10_0_wom0,1019,CREDIBILITY_CAMOUFLAGE,TRADITIONAL_MEDIA,FAKE_NEWS_SOURCE,1.0,-1.0,10.0,-1.0,0.33,0.0,5.0,1.0,COMPLETE,0.0004121475054229,184400,14,16,18,20,1.0,122022,50148,456,11774,1,2,52
news-source-strategies,RQ3,E3-reach-mitigation,credibility_reach10_0_wom0,1020,CREDIBILITY_CAMOUFLAGE,TRADITIONAL_MEDIA,FAKE_NEWS_SOURCE,1.0,-1.0,10.0,-1.0,0.33,0.0,5.0,1.0,COMPLETE,0.0070362473347547,187600,13,18,20,26,1.0,117778,54868,1579,13375,2,36,137
news-source-strategies,RQ3,E3-reach-mitigation,credibility_reach10_0_wom0,1021,CREDIBILITY_CAMOUFLAGE,TRADITIONAL_MEDIA,FAKE_NEWS_SOURCE,1.0,-1.0,10.0,-1.0,0.33,0.0,5.0,1.0,COMPLETE,0.0158771929824561,182400,23,26,28,31,1.0,121513,46166,3107,11614,1,2,43
news-source-strategies,RQ3,E3-reach-mitigation,credibility_reach10_0_wom0,1022,CREDIBILITY_CAMOUFLAGE,TRADITIONAL_MEDIA,FAKE_NEWS_SOURCE,1.0,-1.0,10.0,-1.0,0.33,0.0,5.0,1.0,COMPLETE,0.0134255319148936,188000,16,18,18,21,1.0,127057,47266,3007,10670,1,2,34
news-source-strategies,RQ3,E3-reach-mitigation,credibility_reach10_0_wom0,1023,CREDIBILITY_CAMOUFLAGE,TRADITIONAL_MEDIA,FAKE_NEWS_SOURCE,1.0,-1.0,10.0,-1.0,0.33,0.0,5.0,1.0,COMPLETE,0.0145140388768898,185200,19,19,19,20,1.0,119969,49200,2617,13414,1,1,3
news-source-strategies,RQ3,E3-reach-mitigation,credibility_reach10_0_wom0,1024,CREDIBILITY_CAMOUFLAGE,TRADITIONAL_MEDIA,FAKE_NEWS_SOURCE,1.0,-1.0,10.0,-1.0,0.33,0.0,5.0,1.0,COMPLETE,0.0127777777777777,187200,26,28,30,33,1.0,116634,54323,3452,12791,1,1,5
news-source-strategies,RQ3,E3-reach-mitigation,credibility_reach10_0_wom0,1025,CREDIBILITY_CAMOUFLAGE,TRADITIONAL_MEDIA,FAKE_NEWS_SOURCE,1.0,-1.0,10.0,-1.0,0.33,0.0,5.0,1.0,COMPLETE,0.0138961038961038,184800,12,14,18,21,1.0,118806,51951,3040,11003,1,39,103
news-source-strategies,RQ3,E3-reach-mitigation,credibility_reach10_0_wom0,1026,CREDIBILITY_CAMOUFLAGE,TRADITIONAL_MEDIA,FAKE_NEWS_SOURCE,1.0,-1.0,10.0,-1.0,0.33,0.0,5.0,1.0,COMPLETE,0.0186117136659436,184400,18,19,20,24,1.0,121994,46689,3557,12160,1,2,97
news-source-strategies,RQ3,E3-reach-mitigation,credibility_reach10_0_wom0,1027,CREDIBILITY_CAMOUFLAGE,TRADITIONAL_MEDIA,FAKE_NEWS_SOURCE,1.0,-1.0,10.0,-1.0,0.33,0.0,5.0,1.0,COMPLETE,0.0178138528138528,184800,24,25,25,31,1.0,117560,52728,3722,10790,1,2,191
news-source-strategies,RQ3,E3-reach-mitigation,credibility_reach10_0_wom0,1028,CREDIBILITY_CAMOUFLAGE,TRADITIONAL_MEDIA,FAKE_NEWS_SOURCE,1.0,-1.0,10.0,-1.0,0.33,0.0,5.0,1.0,COMPLETE,0.0029059829059829,187200,13,16,16,17,1.0,125793,47979,1124,12304,1,2,40
news-source-strategies,RQ3,E3-reach-mitigation,credibility_reach10_0_wom0,1029,CREDIBILITY_CAMOUFLAGE,TRADITIONAL_MEDIA,FAKE_NEWS_SOURCE,1.0,-1.0,10.0,-1.0,0.33,0.0,5.0,1.0,COMPLETE,0.0121075268817204,186000,19,19,21,24,1.0,122023,50801,3178,9998,1,3,114
news-source-strategies,RQ3,E3-reach-mitigation,credibility_reach10_0_wom0,1030,CREDIBILITY_CAMOUFLAGE,TRADITIONAL_MEDIA,FAKE_NEWS_SOURCE,1.0,-1.0,10.0,-1.0,0.33,0.0,5.0,1.0,COMPLETE,0.0142511013215859,181600,13,15,17,22,1.0,114825,53826,2589,10360,1,4,166
news-source-strategies,RQ3,E3-reach-mitigation,credibility_reach10_0_wom1,1001,CREDIBILITY_CAMOUFLAGE,TRADITIONAL_MEDIA,FAKE_NEWS_SOURCE,1.0,-1.0,10.0,-1.0,0.33,1.0,5.0,1.0,COMPLETE,0.00672,199957,40,47,51,53,1.0,183566,11408,751,4232,21,271,331
news-source-strategies,RQ3,E3-reach-mitigation,credibility_reach10_0_wom1,1002,CREDIBILITY_CAMOUFLAGE,TRADITIONAL_MEDIA,FAKE_NEWS_SOURCE,1.0,-1.0,10.0,-1.0,0.33,1.0,5.0,1.0,COMPLETE,0.0003,199956,37,39,46,54,1.0,193581,3711,291,2373,2,10,73
news-source-strategies,RQ3,E3-reach-mitigation,credibility_reach10_0_wom1,1003,CREDIBILITY_CAMOUFLAGE,TRADITIONAL_MEDIA,FAKE_NEWS_SOURCE,1.0,-1.0,10.0,-1.0,0.33,1.0,5.0,1.0,COMPLETE,0.00622,199959,23,23,27,36,1.0,190908,5926,462,2663,64,339,346
news-source-strategies,RQ3,E3-reach-mitigation,credibility_reach10_0_wom1,1004,CREDIBILITY_CAMOUFLAGE,TRADITIONAL_MEDIA,FAKE_NEWS_SOURCE,1.0,-1.0,10.0,-1.0,0.33,1.0,5.0,1.0,COMPLETE,0.0007,199965,30,32,50,76,1.0,195095,2825,327,1718,5,64,179
news-source-strategies,RQ3,E3-reach-mitigation,credibility_reach10_0_wom1,1005,CREDIBILITY_CAMOUFLAGE,TRADITIONAL_MEDIA,FAKE_NEWS_SOURCE,1.0,-1.0,10.0,-1.0,0.33,1.0,5.0,1.0,COMPLETE,0.00108,199961,32,34,36,38,1.0,194088,2972,216,2685,1,6,110
news-source-strategies,RQ3,E3-reach-mitigation,credibility_reach10_0_wom1,1006,CREDIBILITY_CAMOUFLAGE,TRADITIONAL_MEDIA,FAKE_NEWS_SOURCE,1.0,-1.0,10.0,-1.0,0.33,1.0,5.0,1.0,COMPLETE,0.0008,199965,22,24,45,55,1.0,196541,1703,302,1419,2,64,211
news-source-strategies,RQ3,E3-reach-mitigation,credibility_reach10_0_wom1,1007,CREDIBILITY_CAMOUFLAGE,TRADITIONAL_MEDIA,FAKE_NEWS_SOURCE,1.0,-1.0,10.0,-1.0,0.33,1.0,5.0,1.0,COMPLETE,0.00112,199974,19,19,22,51,1.0,194599,3193,338,1844,3,117,238
news-source-strategies,RQ3,E3-reach-mitigation,credibility_reach10_0_wom1,1008,CREDIBILITY_CAMOUFLAGE,TRADITIONAL_MEDIA,FAKE_NEWS_SOURCE,1.0,-1.0,10.0,-1.0,0.33,1.0,5.0,1.0,COMPLETE,0.00192,199962,48,51,57,60,1.0,191958,4643,415,2946,1,11,66
news-source-strategies,RQ3,E3-reach-mitigation,credibility_reach10_0_wom1,1009,CREDIBILITY_CAMOUFLAGE,TRADITIONAL_MEDIA,FAKE_NEWS_SOURCE,1.0,-1.0,10.0,-1.0,0.33,1.0,5.0,1.0,COMPLETE,0.00168,199963,30,46,47,57,1.0,196034,2086,282,1561,6,29,299
news-source-strategies,RQ3,E3-reach-mitigation,credibility_reach10_0_wom1,1010,CREDIBILITY_CAMOUFLAGE,TRADITIONAL_MEDIA,FAKE_NEWS_SOURCE,1.0,-1.0,10.0,-1.0,0.33,1.0,5.0,1.0,COMPLETE,0.00186,199951,21,26,29,62,1.0,195541,2225,480,1705,46,168,235
news-source-strategies,RQ3,E3-reach-mitigation,credibility_reach10_0_wom1,1011,CREDIBILITY_CAMOUFLAGE,TRADITIONAL_MEDIA,FAKE_NEWS_SOURCE,1.0,-1.0,10.0,-1.0,0.33,1.0,5.0,1.0,COMPLETE,0.00124,199971,28,29,32,39,1.0,196348,1818,248,1557,2,7,216
news-source-strategies,RQ3,E3-reach-mitigation,credibility_reach10_0_wom1,1012,CREDIBILITY_CAMOUFLAGE,TRADITIONAL_MEDIA,FAKE_NEWS_SOURCE,1.0,-1.0,10.0,-1.0,0.33,1.0,5.0,1.0,COMPLETE,0.00178,199966,21,21,23,79,1.0,191770,4544,572,3080,97,185,192
news-source-strategies,RQ3,E3-reach-mitigation,credibility_reach10_0_wom1,1013,CREDIBILITY_CAMOUFLAGE,TRADITIONAL_MEDIA,FAKE_NEWS_SOURCE,1.0,-1.0,10.0,-1.0,0.33,1.0,5.0,1.0,COMPLETE,0.0003,199981,30,31,35,42,1.0,196117,2174,197,1493,1,3,56
news-source-strategies,RQ3,E3-reach-mitigation,credibility_reach10_0_wom1,1014,CREDIBILITY_CAMOUFLAGE,TRADITIONAL_MEDIA,FAKE_NEWS_SOURCE,1.0,-1.0,10.0,-1.0,0.33,1.0,5.0,1.0,COMPLETE,0.00348,199966,24,28,35,65,1.0,195344,2504,421,1697,13,138,313
news-source-strategies,RQ3,E3-reach-mitigation,credibility_reach10_0_wom1,1015,CREDIBILITY_CAMOUFLAGE,TRADITIONAL_MEDIA,FAKE_NEWS_SOURCE,1.0,-1.0,10.0,-1.0,0.33,1.0,5.0,1.0,COMPLETE,0.00078,199962,33,35,41,45,1.0,196944,1613,203,1202,1,2,88
news-source-strategies,RQ3,E3-reach-mitigation,credibility_reach10_0_wom1,1016,CREDIBILITY_CAMOUFLAGE,TRADITIONAL_MEDIA,FAKE_NEWS_SOURCE,1.0,-1.0,10.0,-1.0,0.33,1.0,5.0,1.0,COMPLETE,0.00096,199958,34,34,36,65,1.0,195310,2404,365,1879,3,114,126
news-source-strategies,RQ3,E3-reach-mitigation,credibility_reach10_0_wom1,1017,CREDIBILITY_CAMOUFLAGE,TRADITIONAL_MEDIA,FAKE_NEWS_SOURCE,1.0,-1.0,10.0,-1.0,0.33,1.0,5.0,1.0,COMPLETE,0.00094,199966,22,27,43,61,1.0,193256,4014,398,2298,3,96,131
news-source-strategies,RQ3,E3-reach-mitigation,credibility_reach10_0_wom1,1018,CREDIBILITY_CAMOUFLAGE,TRADITIONAL_MEDIA,FAKE_NEWS_SOURCE,1.0,-1.0,10.0,-1.0,0.33,1.0,5.0,1.0,COMPLETE,0.00064,199953,23,30,37,56,1.0,195419,2358,324,1852,3,120,206
news-source-strategies,RQ3,E3-reach-mitigation,credibility_reach10_0_wom1,1019,CREDIBILITY_CAMOUFLAGE,TRADITIONAL_MEDIA,FAKE_NEWS_SOURCE,1.0,-1.0,10.0,-1.0,0.33,1.0,5.0,1.0,COMPLETE,0.002,199961,24,41,47,58,1.0,193239,3720,435,2567,6,48,185
news-source-strategies,RQ3,E3-reach-mitigation,credibility_reach10_0_wom1,1020,CREDIBILITY_CAMOUFLAGE,TRADITIONAL_MEDIA,FAKE_NEWS_SOURCE,1.0,-1.0,10.0,-1.0,0.33,1.0,5.0,1.0,COMPLETE,0.00288,199969,39,44,49,53,1.0,192702,4331,343,2593,11,19,223
news-source-strategies,RQ3,E3-reach-mitigation,credibility_reach10_0_wom1,1021,CREDIBILITY_CAMOUFLAGE,TRADITIONAL_MEDIA,FAKE_NEWS_SOURCE,1.0,-1.0,10.0,-1.0,0.33,1.0,5.0,1.0,COMPLETE,0.00092,199956,36,37,44,66,1.0,193909,3628,356,2063,3,21,106
news-source-strategies,RQ3,E3-reach-mitigation,credibility_reach10_0_wom1,1022,CREDIBILITY_CAMOUFLAGE,TRADITIONAL_MEDIA,FAKE_NEWS_SOURCE,1.0,-1.0,10.0,-1.0,0.33,1.0,5.0,1.0,COMPLETE,0.00056,199970,22,22,28,63,1.0,195584,2675,233,1478,5,164,173
news-source-strategies,RQ3,E3-reach-mitigation,credibility_reach10_0_wom1,1023,CREDIBILITY_CAMOUFLAGE,TRADITIONAL_MEDIA,FAKE_NEWS_SOURCE,1.0,-1.0,10.0,-1.0,0.33,1.0,5.0,1.0,COMPLETE,0.00102,199963,22,22,57,94,1.0,191952,4785,583,2643,70,95,177
news-source-strategies,RQ3,E3-reach-mitigation,credibility_reach10_0_wom1,1024,CREDIBILITY_CAMOUFLAGE,TRADITIONAL_MEDIA,FAKE_NEWS_SOURCE,1.0,-1.0,10.0,-1.0,0.33,1.0,5.0,1.0,COMPLETE,0.00226,199968,25,27,68,81,1.0,192669,4741,489,2069,43,63,130
news-source-strategies,RQ3,E3-reach-mitigation,credibility_reach10_0_wom1,1025,CREDIBILITY_CAMOUFLAGE,TRADITIONAL_MEDIA,FAKE_NEWS_SOURCE,1.0,-1.0,10.0,-1.0,0.33,1.0,5.0,1.0,COMPLETE,0.0034,199962,9,9,21,25,1.0,195983,2182,274,1523,73,275,385
news-source-strategies,RQ3,E3-reach-mitigation,credibility_reach10_0_wom1,1026,CREDIBILITY_CAMOUFLAGE,TRADITIONAL_MEDIA,FAKE_NEWS_SOURCE,1.0,-1.0,10.0,-1.0,0.33,1.0,5.0,1.0,COMPLETE,0.001,199961,18,19,38,56,1.0,195312,2510,313,1826,3,74,124
news-source-strategies,RQ3,E3-reach-mitigation,credibility_reach10_0_wom1,1027,CREDIBILITY_CAMOUFLAGE,TRADITIONAL_MEDIA,FAKE_NEWS_SOURCE,1.0,-1.0,10.0,-1.0,0.33,1.0,5.0,1.0,COMPLETE,0.00144,199962,52,57,58,59,1.0,196335,2255,253,1119,1,4,20
news-source-strategies,RQ3,E3-reach-mitigation,credibility_reach10_0_wom1,1028,CREDIBILITY_CAMOUFLAGE,TRADITIONAL_MEDIA,FAKE_NEWS_SOURCE,1.0,-1.0,10.0,-1.0,0.33,1.0,5.0,1.0,COMPLETE,0.0006,199968,15,18,18,22,1.0,196492,2007,149,1320,2,34,237
news-source-strategies,RQ3,E3-reach-mitigation,credibility_reach10_0_wom1,1029,CREDIBILITY_CAMOUFLAGE,TRADITIONAL_MEDIA,FAKE_NEWS_SOURCE,1.0,-1.0,10.0,-1.0,0.33,1.0,5.0,1.0,COMPLETE,0.0007,199965,28,30,34,52,1.0,193199,3604,322,2840,2,51,145
news-source-strategies,RQ3,E3-reach-mitigation,credibility_reach10_0_wom1,1030,CREDIBILITY_CAMOUFLAGE,TRADITIONAL_MEDIA,FAKE_NEWS_SOURCE,1.0,-1.0,10.0,-1.0,0.33,1.0,5.0,1.0,COMPLETE,0.00074,199954,25,45,49,63,1.0,192175,4994,363,2422,4,32,143
news-source-strategies,RQ3,E3-reach-mitigation,credibility_reach5_0_wom0,1001,CREDIBILITY_CAMOUFLAGE,TRADITIONAL_MEDIA,FAKE_NEWS_SOURCE,1.0,-1.0,5.0,-1.0,0.33,0.0,5.0,1.0,COMPLETE,0.0023956043956043,182000,6,7,9,10,1.0,112838,54674,893,13595,1,2,100
news-source-strategies,RQ3,E3-reach-mitigation,credibility_reach5_0_wom0,1002,CREDIBILITY_CAMOUFLAGE,TRADITIONAL_MEDIA,FAKE_NEWS_SOURCE,1.0,-1.0,5.0,-1.0,0.33,0.0,5.0,1.0,COMPLETE,0.0041721854304635,181200,7,7,7,9,1.0,119578,49292,641,11689,1,2,152
news-source-strategies,RQ3,E3-reach-mitigation,credibility_reach5_0_wom0,1003,CREDIBILITY_CAMOUFLAGE,TRADITIONAL_MEDIA,FAKE_NEWS_SOURCE,1.0,-1.0,5.0,-1.0,0.33,0.0,5.0,1.0,COMPLETE,0.0036403508771929,182400,5,6,6,6,1.0,122280,51711,868,7541,1,47,297
news-source-strategies,RQ3,E3-reach-mitigation,credibility_reach5_0_wom0,1004,CREDIBILITY_CAMOUFLAGE,TRADITIONAL_MEDIA,FAKE_NEWS_SOURCE,1.0,-1.0,5.0,-1.0,0.33,0.0,5.0,1.0,COMPLETE,0.0058099352051835,185200,8,8,8,8,1.0,121229,50103,1229,12639,1,1,2
news-source-strategies,RQ3,E3-reach-mitigation,credibility_reach5_0_wom0,1005,CREDIBILITY_CAMOUFLAGE,TRADITIONAL_MEDIA,FAKE_NEWS_SOURCE,1.0,-1.0,5.0,-1.0,0.33,0.0,5.0,1.0,COMPLETE,0.0081659388646288,183200,6,7,8,8,1.0,115654,54534,1383,11629,1,2,232
news-source-strategies,RQ3,E3-reach-mitigation,credibility_reach5_0_wom0,1006,CREDIBILITY_CAMOUFLAGE,TRADITIONAL_MEDIA,FAKE_NEWS_SOURCE,1.0,-1.0,5.0,-1.0,0.33,0.0,5.0,1.0,COMPLETE,0.0134490238611713,184400,13,14,14,14,1.0,116533,55941,2696,9230,1,2,9
news-source-strategies,RQ3,E3-reach-mitigation,credibility_reach5_0_wom0,1007,CREDIBILITY_CAMOUFLAGE,TRADITIONAL_MEDIA,FAKE_NEWS_SOURCE,1.0,-1.0,5.0,-1.0,0.33,0.0,5.0,1.0,COMPLETE,0.0105106382978723,188000,8,8,10,13,1.0,122739,51274,1945,12042,1,2,121
news-source-strategies,RQ3,E3-reach-mitigation,credibility_reach5_0_wom0,1008,CREDIBILITY_CAMOUFLAGE,TRADITIONAL_MEDIA,FAKE_NEWS_SOURCE,1.0,-1.0,5.0,-1.0,0.33,0.0,5.0,1.0,COMPLETE,0.015109649122807,182400,9,9,13,15,1.0,119761,48118,2531,11990,1,2,115
news-source-strategies,RQ3,E3-reach-mitigation,credibility_reach5_0_wom0,1009,CREDIBILITY_CAMOUFLAGE,TRADITIONAL_MEDIA,FAKE_NEWS_SOURCE,1.0,-1.0,5.0,-1.0,0.33,0.0,5.0,1.0,COMPLETE,0.0107127429805615,185200,14,14,14,16,1.0,120186,49070,2646,13298,1,2,12
news-source-strategies,RQ3,E3-reach-mitigation,credibility_reach5_0_wom0,1010,CREDIBILITY_CAMOUFLAGE,TRADITIONAL_MEDIA,FAKE_NEWS_SOURCE,1.0,-1.0,5.0,-1.0,0.33,0.0,5.0,1.0,COMPLETE,0.0134888888888888,180000,13,15,15,16,1.0,117705,48343,2846,11106,1,1,30
news-source-strategies,RQ3,E3-reach-mitigation,credibility_reach5_0_wom0,1011,CREDIBILITY_CAMOUFLAGE,TRADITIONAL_MEDIA,FAKE_NEWS_SOURCE,1.0,-1.0,5.0,-1.0,0.33,0.0,5.0,1.0,COMPLETE,0.0030257510729613,186400,7,7,8,10,1.0,123031,47683,514,15172,1,2,138
news-source-strategies,RQ3,E3-reach-mitigation,credibility_reach5_0_wom0,1012,CREDIBILITY_CAMOUFLAGE,TRADITIONAL_MEDIA,FAKE_NEWS_SOURCE,1.0,-1.0,5.0,-1.0,0.33,0.0,5.0,1.0,COMPLETE,0.0104086021505376,186000,9,10,11,12,1.0,117290,56538,1921,10251,1,2,93
news-source-strategies,RQ3,E3-reach-mitigation,credibility_reach5_0_wom0,1013,CREDIBILITY_CAMOUFLAGE,TRADITIONAL_MEDIA,FAKE_NEWS_SOURCE,1.0,-1.0,5.0,-1.0,0.33,0.0,5.0,1.0,COMPLETE,0.0047599164926931,191600,6,7,8,9,1.0,120652,53829,1199,15920,1,3,110
news-source-strategies,RQ3,E3-reach-mitigation,credibility_reach5_0_wom0,1014,CREDIBILITY_CAMOUFLAGE,TRADITIONAL_MEDIA,FAKE_NEWS_SOURCE,1.0,-1.0,5.0,-1.0,0.33,0.0,5.0,1.0,COMPLETE,0.0143010752688172,186000,15,16,16,20,1.0,122801,49408,2804,10987,1,1,104
news-source-strategies,RQ3,E3-reach-mitigation,credibility_reach5_0_wom0,1015,CREDIBILITY_CAMOUFLAGE,TRADITIONAL_MEDIA,FAKE_NEWS_SOURCE,1.0,-1.0,5.0,-1.0,0.33,0.0,5.0,1.0,COMPLETE,0.0106318082788671,183600,12,13,14,16,1.0,113437,55469,2057,12637,1,2,71
news-source-strategies,RQ3,E3-reach-mitigation,credibility_reach5_0_wom0,1016,CREDIBILITY_CAMOUFLAGE,TRADITIONAL_MEDIA,FAKE_NEWS_SOURCE,1.0,-1.0,5.0,-1.0,0.33,0.0,5.0,1.0,COMPLETE,0.0131140350877192,182400,10,10,12,15,1.0,120460,47771,2491,11678,1,1,93
news-source-strategies,RQ3,E3-reach-mitigation,credibility_reach5_0_wom0,1017,CREDIBILITY_CAMOUFLAGE,TRADITIONAL_MEDIA,FAKE_NEWS_SOURCE,1.0,-1.0,5.0,-1.0,0.33,0.0,5.0,1.0,COMPLETE,0.0064642082429501,184400,9,10,13,16,1.0,124419,46159,1436,12386,1,24,84
news-source-strategies,RQ3,E3-reach-mitigation,credibility_reach5_0_wom0,1018,CREDIBILITY_CAMOUFLAGE,TRADITIONAL_MEDIA,FAKE_NEWS_SOURCE,1.0,-1.0,5.0,-1.0,0.33,0.0,5.0,1.0,COMPLETE,0.0031919642857142,179200,9,9,10,10,1.0,109128,56587,1304,12181,1,1,3
news-source-strategies,RQ3,E3-reach-mitigation,credibility_reach5_0_wom0,1019,CREDIBILITY_CAMOUFLAGE,TRADITIONAL_MEDIA,FAKE_NEWS_SOURCE,1.0,-1.0,5.0,-1.0,0.33,0.0,5.0,1.0,COMPLETE,0.0003687635574837,184400,7,7,8,10,1.0,121919,50414,348,11719,1,2,103
news-source-strategies,RQ3,E3-reach-mitigation,credibility_reach5_0_wom0,1020,CREDIBILITY_CAMOUFLAGE,TRADITIONAL_MEDIA,FAKE_NEWS_SOURCE,1.0,-1.0,5.0,-1.0,0.33,0.0,5.0,1.0,COMPLETE,0.00272921108742,187600,7,10,12,16,1.0,117809,55266,941,13584,2,44,143
news-source-strategies,RQ3,E3-reach-mitigation,credibility_reach5_0_wom0,1021,CREDIBILITY_CAMOUFLAGE,TRADITIONAL_MEDIA,FAKE_NEWS_SOURCE,1.0,-1.0,5.0,-1.0,0.33,0.0,5.0,1.0,COMPLETE,0.0045494505494505,182000,12,12,12,13,1.0,124006,45451,1327,11216,1,1,14
news-source-strategies,RQ3,E3-reach-mitigation,credibility_reach5_0_wom0,1022,CREDIBILITY_CAMOUFLAGE,TRADITIONAL_MEDIA,FAKE_NEWS_SOURCE,1.0,-1.0,5.0,-1.0,0.33,0.0,5.0,1.0,COMPLETE,0.0064957264957264,187200,7,7,7,8,1.0,125638,47674,1366,12522,1,1,106
news-source-strategies,RQ3,E3-reach-mitigation,credibility_reach5_0_wom0,1023,CREDIBILITY_CAMOUFLAGE,TRADITIONAL_MEDIA,FAKE_NEWS_SOURCE,1.0,-1.0,5.0,-1.0,0.33,0.0,5.0,1.0,COMPLETE,0.0036304347826086,184000,7,8,9,9,1.0,116084,54916,737,12263,1,2,90
news-source-strategies,RQ3,E3-reach-mitigation,credibility_reach5_0_wom0,1024,CREDIBILITY_CAMOUFLAGE,TRADITIONAL_MEDIA,FAKE_NEWS_SOURCE,1.0,-1.0,5.0,-1.0,0.33,0.0,5.0,1.0,COMPLETE,0.0125536480686695,186400,13,13,13,15,1.0,116151,55824,2515,11910,1,2,186
news-source-strategies,RQ3,E3-reach-mitigation,credibility_reach5_0_wom0,1025,CREDIBILITY_CAMOUFLAGE,TRADITIONAL_MEDIA,FAKE_NEWS_SOURCE,1.0,-1.0,5.0,-1.0,0.33,0.0,5.0,1.0,COMPLETE,0.0066086956521739,184000,8,8,8,9,1.0,119655,53836,1254,9255,1,2,167
news-source-strategies,RQ3,E3-reach-mitigation,credibility_reach5_0_wom0,1026,CREDIBILITY_CAMOUFLAGE,TRADITIONAL_MEDIA,FAKE_NEWS_SOURCE,1.0,-1.0,5.0,-1.0,0.33,0.0,5.0,1.0,COMPLETE,0.0133695652173913,184000,9,10,10,11,1.0,118169,51612,2499,11720,1,1,3
news-source-strategies,RQ3,E3-reach-mitigation,credibility_reach5_0_wom0,1027,CREDIBILITY_CAMOUFLAGE,TRADITIONAL_MEDIA,FAKE_NEWS_SOURCE,1.0,-1.0,5.0,-1.0,0.33,0.0,5.0,1.0,COMPLETE,0.0015317286652078,182800,11,12,14,15,1.0,123874,50644,690,7592,1,2,34
news-source-strategies,RQ3,E3-reach-mitigation,credibility_reach5_0_wom0,1028,CREDIBILITY_CAMOUFLAGE,TRADITIONAL_MEDIA,FAKE_NEWS_SOURCE,1.0,-1.0,5.0,-1.0,0.33,0.0,5.0,1.0,COMPLETE,0.0008974358974358,187200,6,6,6,7,1.0,126684,48188,242,12086,1,1,2
news-source-strategies,RQ3,E3-reach-mitigation,credibility_reach5_0_wom0,1029,CREDIBILITY_CAMOUFLAGE,TRADITIONAL_MEDIA,FAKE_NEWS_SOURCE,1.0,-1.0,5.0,-1.0,0.33,0.0,5.0,1.0,COMPLETE,0.0078663793103448,185600,6,6,7,12,1.0,123307,50020,1489,10784,1,164,209
news-source-strategies,RQ3,E3-reach-mitigation,credibility_reach5_0_wom0,1030,CREDIBILITY_CAMOUFLAGE,TRADITIONAL_MEDIA,FAKE_NEWS_SOURCE,1.0,-1.0,5.0,-1.0,0.33,0.0,5.0,1.0,COMPLETE,0.0119911504424778,180800,9,11,12,14,1.0,116215,49461,2510,12614,1,2,96
news-source-strategies,RQ3,E3-reach-mitigation,credibility_reach5_0_wom1,1001,CREDIBILITY_CAMOUFLAGE,TRADITIONAL_MEDIA,FAKE_NEWS_SOURCE,1.0,-1.0,5.0,-1.0,0.33,1.0,5.0,1.0,COMPLETE,0.00038,199955,9,9,12,21,1.0,195142,3270,85,1458,2,90,174
news-source-strategies,RQ3,E3-reach-mitigation,credibility_reach5_0_wom1,1002,CREDIBILITY_CAMOUFLAGE,TRADITIONAL_MEDIA,FAKE_NEWS_SOURCE,1.0,-1.0,5.0,-1.0,0.33,1.0,5.0,1.0,COMPLETE,8e-05,199953,11,21,27,27,1.0,192916,4285,133,2619,3,32,77
news-source-strategies,RQ3,E3-reach-mitigation,credibility_reach5_0_wom1,1003,CREDIBILITY_CAMOUFLAGE,TRADITIONAL_MEDIA,FAKE_NEWS_SOURCE,1.0,-1.0,5.0,-1.0,0.33,1.0,5.0,1.0,COMPLETE,0.00044,199956,7,12,13,34,1.0,194201,4050,155,1550,33,115,170
news-source-strategies,RQ3,E3-reach-mitigation,credibility_reach5_0_wom1,1004,CREDIBILITY_CAMOUFLAGE,TRADITIONAL_MEDIA,FAKE_NEWS_SOURCE,1.0,-1.0,5.0,-1.0,0.33,1.0,5.0,1.0,COMPLETE,0.00056,199963,21,21,25,30,1.0,191571,5166,213,3013,3,20,126
news-source-strategies,RQ3,E3-reach-mitigation,credibility_reach5_0_wom1,1005,CREDIBILITY_CAMOUFLAGE,TRADITIONAL_MEDIA,FAKE_NEWS_SOURCE,1.0,-1.0,5.0,-1.0,0.33,1.0,5.0,1.0,COMPLETE,0.00124,199958,6,6,15,17,1.0,193911,3558,160,2329,65,78,331
news-source-strategies,RQ3,E3-reach-mitigation,credibility_reach5_0_wom1,1006,CREDIBILITY_CAMOUFLAGE,TRADITIONAL_MEDIA,FAKE_NEWS_SOURCE,1.0,-1.0,5.0,-1.0,0.33,1.0,5.0,1.0,COMPLETE,0.00118,199961,10,19,22,29,1.0,195903,2311,182,1565,27,108,317
news-source-strategies,RQ3,E3-reach-mitigation,credibility_reach5_0_wom1,1007,CREDIBILITY_CAMOUFLAGE,TRADITIONAL_MEDIA,FAKE_NEWS_SOURCE,1.0,-1.0,5.0,-1.0,0.33,1.0,5.0,1.0,COMPLETE,0.00064,199970,14,17,17,28,1.0,196236,2154,146,1434,5,112,212
news-source-strategies,RQ3,E3-reach-mitigation,credibility_reach5_0_wom1,1008,CREDIBILITY_CAMOUFLAGE,TRADITIONAL_MEDIA,FAKE_NEWS_SOURCE,1.0,-1.0,5.0,-1.0,0.33,1.0,5.0,1.0,COMPLETE,0.0003,199956,20,24,26,30,1.0,195313,2364,163,2116,2,5,40
news-source-strategies,RQ3,E3-reach-mitigation,credibility_reach5_0_wom1,1009,CREDIBILITY_CAMOUFLAGE,TRADITIONAL_MEDIA,FAKE_NEWS_SOURCE,1.0,-1.0,5.0,-1.0,0.33,1.0,5.0,1.0,COMPLETE,0.00104,199963,22,36,37,40,1.0,196104,2111,182,1566,6,28,158
news-source-strategies,RQ3,E3-reach-mitigation,credibility_reach5_0_wom1,1010,CREDIBILITY_CAMOUFLAGE,TRADITIONAL_MEDIA,FAKE_NEWS_SOURCE,1.0,-1.0,5.0,-1.0,0.33,1.0,5.0,1.0,COMPLETE,0.0003,199950,14,15,17,22,1.0,196989,1641,101,1219,1,20,196
news-source-strategies,RQ3,E3-reach-mitigation,credibility_reach5_0_wom1,1011,CREDIBILITY_CAMOUFLAGE,TRADITIONAL_MEDIA,FAKE_NEWS_SOURCE,1.0,-1.0,5.0,-1.0,0.33,1.0,5.0,1.0,COMPLETE,0.0004,199966,23,29,29,33,1.0,188354,8193,216,3203,3,8,29
news-source-strategies,RQ3,E3-reach-mitigation,credibility_reach5_0_wom1,1012,CREDIBILITY_CAMOUFLAGE,TRADITIONAL_MEDIA,FAKE_NEWS_SOURCE,1.0,-1.0,5.0,-1.0,0.33,1.0,5.0,1.0,COMPLETE,0.00012,199965,7,13,17,19,1.0,196006,2184,112,1663,2,34,156
news-source-strategies,RQ3,E3-reach-mitigation,credibility_reach5_0_wom1,1013,CREDIBILITY_CAMOUFLAGE,TRADITIONAL_MEDIA,FAKE_NEWS_SOURCE,1.0,-1.0,5.0,-1.0,0.33,1.0,5.0,1.0,COMPLETE,0.00068,199979,10,10,13,17,1.0,195877,2164,82,1856,2,73,221
news-source-strategies,RQ3,E3-reach-mitigation,credibility_reach5_0_wom1,1014,CREDIBILITY_CAMOUFLAGE,TRADITIONAL_MEDIA,FAKE_NEWS_SOURCE,1.0,-1.0,5.0,-1.0,0.33,1.0,5.0,1.0,COMPLETE,0.00292,199965,15,21,25,30,1.0,196273,2138,315,1239,41,205,296
news-source-strategies,RQ3,E3-reach-mitigation,credibility_reach5_0_wom1,1015,CREDIBILITY_CAMOUFLAGE,TRADITIONAL_MEDIA,FAKE_NEWS_SOURCE,1.0,-1.0,5.0,-1.0,0.33,1.0,5.0,1.0,COMPLETE,0.00046,199959,15,15,19,19,1.0,194851,2746,153,2209,1,2,91
news-source-strategies,RQ3,E3-reach-mitigation,credibility_reach5_0_wom1,1016,CREDIBILITY_CAMOUFLAGE,TRADITIONAL_MEDIA,FAKE_NEWS_SOURCE,1.0,-1.0,5.0,-1.0,0.33,1.0,5.0,1.0,COMPLETE,0.00038,199956,18,20,20,27,1.0,196716,1760,131,1349,1,16,154
news-source-strategies,RQ3,E3-reach-mitigation,credibility_reach5_0_wom1,1017,CREDIBILITY_CAMOUFLAGE,TRADITIONAL_MEDIA,FAKE_NEWS_SOURCE,1.0,-1.0,5.0,-1.0,0.33,1.0,5.0,1.0,COMPLETE,0.00144,199961,10,12,13,42,1.0,194703,2651,280,2327,128,166,231
news-source-strategies,RQ3,E3-reach-mitigation,credibility_reach5_0_wom1,1018,CREDIBILITY_CAMOUFLAGE,TRADITIONAL_MEDIA,FAKE_NEWS_SOURCE,1.0,-1.0,5.0,-1.0,0.33,1.0,5.0,1.0,COMPLETE,0.0002,199948,9,11,14,19,1.0,192999,4632,87,2230,1,29,113
news-source-strategies,RQ3,E3-reach-mitigation,credibility_reach5_0_wom1,1019,CREDIBILITY_CAMOUFLAGE,TRADITIONAL_MEDIA,FAKE_NEWS_SOURCE,1.0,-1.0,5.0,-1.0,0.33,1.0,5.0,1.0,COMPLETE,0.0007,199961,11,16,22,25,1.0,193394,3805,171,2591,6,48,117
news-source-strategies,RQ3,E3-reach-mitigation,credibility_reach5_0_wom1,1020,CREDIBILITY_CAMOUFLAGE,TRADITIONAL_MEDIA,FAKE_NEWS_SOURCE,1.0,-1.0,5.0,-1.0,0.33,1.0,5.0,1.0,COMPLETE,0.00174,199969,30,33,37,39,1.0,192163,4893,231,2682,10,16,54
news-source-strategies,RQ3,E3-reach-mitigation,credibility_reach5_0_wom1,1021,CREDIBILITY_CAMOUFLAGE,TRADITIONAL_MEDIA,FAKE_NEWS_SOURCE,1.0,-1.0,5.0,-1.0,0.33,1.0,5.0,1.0,COMPLETE,0.00046,199955,17,17,24,29,1.0,191932,4906,178,2939,1,17,95
news-source-strategies,RQ3,E3-reach-mitigation,credibility_reach5_0_wom1,1022,CREDIBILITY_CAMOUFLAGE,TRADITIONAL_MEDIA,FAKE_NEWS_SOURCE,1.0,-1.0,5.0,-1.0,0.33,1.0,5.0,1.0,COMPLETE,0.001,199968,13,14,16,18,1.0,194213,3038,177,2540,2,154,225
news-source-strategies,RQ3,E3-reach-mitigation,credibility_reach5_0_wom1,1023,CREDIBILITY_CAMOUFLAGE,TRADITIONAL_MEDIA,FAKE_NEWS_SOURCE,1.0,-1.0,5.0,-1.0,0.33,1.0,5.0,1.0,COMPLETE,0.00128,199960,13,15,16,20,1.0,192501,4380,212,2867,2,65,229
news-source-strategies,RQ3,E3-reach-mitigation,credibility_reach5_0_wom1,1024,CREDIBILITY_CAMOUFLAGE,TRADITIONAL_MEDIA,FAKE_NEWS_SOURCE,1.0,-1.0,5.0,-1.0,0.33,1.0,5.0,1.0,COMPLETE,0.0008,199966,15,18,28,37,1.0,193972,3587,238,2169,3,76,157
news-source-strategies,RQ3,E3-reach-mitigation,credibility_reach5_0_wom1,1025,CREDIBILITY_CAMOUFLAGE,TRADITIONAL_MEDIA,FAKE_NEWS_SOURCE,1.0,-1.0,5.0,-1.0,0.33,1.0,5.0,1.0,COMPLETE,0.00024,199960,25,26,26,30,1.0,191883,4952,225,2900,4,12,216
news-source-strategies,RQ3,E3-reach-mitigation,credibility_reach5_0_wom1,1026,CREDIBILITY_CAMOUFLAGE,TRADITIONAL_MEDIA,FAKE_NEWS_SOURCE,1.0,-1.0,5.0,-1.0,0.33,1.0,5.0,1.0,COMPLETE,0.00038,199960,10,11,11,18,1.0,195056,2352,138,2414,1,129,294
news-source-strategies,RQ3,E3-reach-mitigation,credibility_reach5_0_wom1,1027,CREDIBILITY_CAMOUFLAGE,TRADITIONAL_MEDIA,FAKE_NEWS_SOURCE,1.0,-1.0,5.0,-1.0,0.33,1.0,5.0,1.0,COMPLETE,0.00322,199957,17,30,35,41,1.0,194685,3275,326,1671,23,64,367
news-source-strategies,RQ3,E3-reach-mitigation,credibility_reach5_0_wom1,1028,CREDIBILITY_CAMOUFLAGE,TRADITIONAL_MEDIA,FAKE_NEWS_SOURCE,1.0,-1.0,5.0,-1.0,0.33,1.0,5.0,1.0,COMPLETE,8e-05,199968,6,8,8,9,1.0,196589,2009,45,1325,1,33,236
news-source-strategies,RQ3,E3-reach-mitigation,credibility_reach5_0_wom1,1029,CREDIBILITY_CAMOUFLAGE,TRADITIONAL_MEDIA,FAKE_NEWS_SOURCE,1.0,-1.0,5.0,-1.0,0.33,1.0,5.0,1.0,COMPLETE,0.00058,199964,14,20,22,26,1.0,194333,3619,249,1763,6,208,239
news-source-strategies,RQ3,E3-reach-mitigation,credibility_reach5_0_wom1,1030,CREDIBILITY_CAMOUFLAGE,TRADITIONAL_MEDIA,FAKE_NEWS_SOURCE,1.0,-1.0,5.0,-1.0,0.33,1.0,5.0,1.0,COMPLETE,0.00064,199952,23,24,30,33,1.0,195857,2261,186,1648,4,18,102
news-source-strategies,RQ3,E3-reach-mitigation,credibility_reach1_0_wom0,1001,CREDIBILITY_CAMOUFLAGE,TRADITIONAL_MEDIA,FAKE_NEWS_SOURCE,1.0,-1.0,1.0,-1.0,0.33,0.0,5.0,1.0,COMPLETE,0.0021806167400881,181600,4,4,4,4,1.0,117655,50521,378,13046,1,3,284
news-source-strategies,RQ3,E3-reach-mitigation,credibility_reach1_0_wom0,1002,CREDIBILITY_CAMOUFLAGE,TRADITIONAL_MEDIA,FAKE_NEWS_SOURCE,1.0,-1.0,1.0,-1.0,0.33,0.0,5.0,1.0,COMPLETE,0.000287610619469,180800,1,2,3,3,2.0,115920,52502,21,12357,2,30,91
news-source-strategies,RQ3,E3-reach-mitigation,credibility_reach1_0_wom0,1003,CREDIBILITY_CAMOUFLAGE,TRADITIONAL_MEDIA,FAKE_NEWS_SOURCE,1.0,-1.0,1.0,-1.0,0.33,0.0,5.0,1.0,COMPLETE,0.0016008771929824,182400,1,1,1,1,1.0,122988,51791,77,7544,1,1,306
news-source-strategies,RQ3,E3-reach-mitigation,credibility_reach1_0_wom0,1004,CREDIBILITY_CAMOUFLAGE,TRADITIONAL_MEDIA,FAKE_NEWS_SOURCE,1.0,-1.0,1.0,-1.0,0.33,0.0,5.0,1.0,COMPLETE,0.0,185200,1,1,1,1,2.0,122088,50110,1,13001,2,2,2
news-source-strategies,RQ3,E3-reach-mitigation,credibility_reach1_0_wom0,1005,CREDIBILITY_CAMOUFLAGE,TRADITIONAL_MEDIA,FAKE_NEWS_SOURCE,1.0,-1.0,1.0,-1.0,0.33,0.0,5.0,1.0,COMPLETE,0.0021881838074398,182800,2,2,2,2,1.0,116869,51822,504,13605,1,1,5
news-source-strategies,RQ3,E3-reach-mitigation,credibility_reach1_0_wom0,1006,CREDIBILITY_CAMOUFLAGE,TRADITIONAL_MEDIA,FAKE_NEWS_SOURCE,1.0,-1.0,1.0,-1.0,0.33,0.0,5.0,1.0,COMPLETE,0.0043478260869565,184000,3,3,3,5,1.0,118801,52218,892,12089,1,1,125
news-source-strategies,RQ3,E3-reach-mitigation,credibility_reach1_0_wom0,1007,CREDIBILITY_CAMOUFLAGE,TRADITIONAL_MEDIA,FAKE_NEWS_SOURCE,1.0,-1.0,1.0,-1.0,0.33,0.0,5.0,1.0,COMPLETE,0.0018629550321199,186800,2,3,3,3,1.0,119791,53837,710,12462,1,2,39
news-source-strategies,RQ3,E3-reach-mitigation,credibility_reach1_0_wom0,1008,CREDIBILITY_CAMOUFLAGE,TRADITIONAL_MEDIA,FAKE_NEWS_SOURCE,1.0,-1.0,1.0,-1.0,0.33,0.0,5.0,1.0,COMPLETE,0.0,181600,3,3,3,3,1.0,112429,52685,125,16361,1,1,1
news-source-strategies,RQ3,E3-reach-mitigation,credibility_reach1_0_wom0,1009,CREDIBILITY_CAMOUFLAGE,TRADITIONAL_MEDIA,FAKE_NEWS_SOURCE,1.0,-1.0,1.0,-1.0,0.33,0.0,5.0,1.0,COMPLETE,0.0020434782608695,184000,1,1,1,1,2.0,117892,50843,382,14883,2,2,2
news-source-strategies,RQ3,E3-reach-mitigation,credibility_reach1_0_wom0,1010,CREDIBILITY_CAMOUFLAGE,TRADITIONAL_MEDIA,FAKE_NEWS_SOURCE,1.0,-1.0,1.0,-1.0,0.33,0.0,5.0,1.0,COMPLETE,0.0022471910112359,178000,1,1,1,1,1.0,116112,50072,400,11416,1,1,1
news-source-strategies,RQ3,E3-reach-mitigation,credibility_reach1_0_wom0,1011,CREDIBILITY_CAMOUFLAGE,TRADITIONAL_MEDIA,FAKE_NEWS_SOURCE,1.0,-1.0,1.0,-1.0,0.33,0.0,5.0,1.0,COMPLETE,0.0017811158798283,186400,0,0,0,1,138.0,122472,48158,130,15640,138,138,138
news-source-strategies,RQ3,E3-reach-mitigation,credibility_reach1_0_wom0,1012,CREDIBILITY_CAMOUFLAGE,TRADITIONAL_MEDIA,FAKE_NEWS_SOURCE,1.0,-1.0,1.0,-1.0,0.33,0.0,5.0,1.0,COMPLETE,0.0021645021645021,184800,1,1,1,1,1.0,118203,54197,400,12000,1,1,1
news-source-strategies,RQ3,E3-reach-mitigation,credibility_reach1_0_wom0,1013,CREDIBILITY_CAMOUFLAGE,TRADITIONAL_MEDIA,FAKE_NEWS_SOURCE,1.0,-1.0,1.0,-1.0,0.33,0.0,5.0,1.0,COMPLETE,0.0017364016736401,191200,3,3,3,4,1.0,127693,51067,610,11830,1,2,2
news-source-strategies,RQ3,E3-reach-mitigation,credibility_reach1_0_wom0,1014,CREDIBILITY_CAMOUFLAGE,TRADITIONAL_MEDIA,FAKE_NEWS_SOURCE,1.0,-1.0,1.0,-1.0,0.33,0.0,5.0,1.0,COMPLETE,0.0044155844155844,184800,6,6,7,8,1.0,123737,49206,854,11003,1,2,61
news-source-strategies,RQ3,E3-reach-mitigation,credibility_reach1_0_wom0,1015,CREDIBILITY_CAMOUFLAGE,TRADITIONAL_MEDIA,FAKE_NEWS_SOURCE,1.0,-1.0,1.0,-1.0,0.33,0.0,5.0,1.0,COMPLETE,0.0,182400,0,0,0,1,199.0,113640,54274,1,14485,199,199,199
news-source-strategies,RQ3,E3-reach-mitigation,credibility_reach1_0_wom0,1016,CREDIBILITY_CAMOUFLAGE,TRADITIONAL_MEDIA,FAKE_NEWS_SOURCE,1.0,-1.0,1.0,-1.0,0.33,0.0,5.0,1.0,COMPLETE,0.0022295805739514,181200,2,2,2,2,1.0,120653,48931,402,11214,1,1,1
news-source-strategies,RQ3,E3-reach-mitigation,credibility_reach1_0_wom0,1017,CREDIBILITY_CAMOUFLAGE,TRADITIONAL_MEDIA,FAKE_NEWS_SOURCE,1.0,-1.0,1.0,-1.0,0.33,0.0,5.0,1.0,COMPLETE,0.0020652173913043,184000,1,1,1,1,3.0,122563,46937,362,14138,3,3,3
news-source-strategies,RQ3,E3-reach-mitigation,credibility_reach1_0_wom0,1018,CREDIBILITY_CAMOUFLAGE,TRADITIONAL_MEDIA,FAKE_NEWS_SOURCE,1.0,-1.0,1.0,-1.0,0.33,0.0,5.0,1.0,COMPLETE,0.0,178800,3,3,3,3,1.0,112348,53350,4,13098,1,1,3
news-source-strategies,RQ3,E3-reach-mitigation,credibility_reach1_0_wom0,1019,CREDIBILITY_CAMOUFLAGE,TRADITIONAL_MEDIA,FAKE_NEWS_SOURCE,1.0,-1.0,1.0,-1.0,0.33,0.0,5.0,1.0,COMPLETE,0.0,184400,0,0,0,1,103.0,122399,50447,9,11545,103,103,103
news-source-strategies,RQ3,E3-reach-mitigation,credibility_reach1_0_wom0,1020,CREDIBILITY_CAMOUFLAGE,TRADITIONAL_MEDIA,FAKE_NEWS_SOURCE,1.0,-1.0,1.0,-1.0,0.33,0.0,5.0,1.0,COMPLETE,4.2735042735042735e-05,187200,1,1,2,3,1.0,115447,57307,271,14175,1,75,103
news-source-strategies,RQ3,E3-reach-mitigation,credibility_reach1_0_wom0,1021,CREDIBILITY_CAMOUFLAGE,TRADITIONAL_MEDIA,FAKE_NEWS_SOURCE,1.0,-1.0,1.0,-1.0,0.33,0.0,5.0,1.0,COMPLETE,0.0015673289183222,181200,2,2,3,3,1.0,124621,44517,469,11593,1,2,73
news-source-strategies,RQ3,E3-reach-mitigation,credibility_reach1_0_wom0,1022,CREDIBILITY_CAMOUFLAGE,TRADITIONAL_MEDIA,FAKE_NEWS_SOURCE,1.0,-1.0,1.0,-1.0,0.33,0.0,5.0,1.0,COMPLETE,0.0021459227467811,186400,2,2,2,3,1.0,127896,47417,455,10632,1,1,163
news-source-strategies,RQ3,E3-reach-mitigation,credibility_reach1_0_wom0,1023,CREDIBILITY_CAMOUFLAGE,TRADITIONAL_MEDIA,FAKE_NEWS_SOURCE,1.0,-1.0,1.0,-1.0,0.33,0.0,5.0,1.0,COMPLETE,0.0,183600,2,2,2,2,1.0,122438,47488,44,13630,1,3,263
news-source-strategies,RQ3,E3-reach-mitigation,credibility_reach1_0_wom0,1024,CREDIBILITY_CAMOUFLAGE,TRADITIONAL_MEDIA,FAKE_NEWS_SOURCE,1.0,-1.0,1.0,-1.0,0.33,0.0,5.0,1.0,COMPLETE,0.0029310344827586,185600,3,3,3,3,1.0,116333,59246,846,9175,1,2,2
news-source-strategies,RQ3,E3-reach-mitigation,credibility_reach1_0_wom0,1025,CREDIBILITY_CAMOUFLAGE,TRADITIONAL_MEDIA,FAKE_NEWS_SOURCE,1.0,-1.0,1.0,-1.0,0.33,0.0,5.0,1.0,COMPLETE,4.366812227074236e-05,183200,1,1,1,1,1.0,119665,50808,7,12720,1,260,321
news-source-strategies,RQ3,E3-reach-mitigation,credibility_reach1_0_wom0,1026,CREDIBILITY_CAMOUFLAGE,TRADITIONAL_MEDIA,FAKE_NEWS_SOURCE,1.0,-1.0,1.0,-1.0,0.33,0.0,5.0,1.0,COMPLETE,0.0021978021978021,182000,1,1,3,3,1.0,119362,49447,407,12784,1,53,75
news-source-strategies,RQ3,E3-reach-mitigation,credibility_reach1_0_wom0,1027,CREDIBILITY_CAMOUFLAGE,TRADITIONAL_MEDIA,FAKE_NEWS_SOURCE,1.0,-1.0,1.0,-1.0,0.33,0.0,5.0,1.0,COMPLETE,0.0014442013129102,182800,3,3,3,3,1.0,123853,50915,346,7686,1,1,2
news-source-strategies,RQ3,E3-reach-mitigation,credibility_reach1_0_wom0,1028,CREDIBILITY_CAMOUFLAGE,TRADITIONAL_MEDIA,FAKE_NEWS_SOURCE,1.0,-1.0,1.0,-1.0,0.33,0.0,5.0,1.0,COMPLETE,0.0,187200,2,2,2,2,1.0,126589,48140,9,12462,1,1,228
news-source-strategies,RQ3,E3-reach-mitigation,credibility_reach1_0_wom0,1029,CREDIBILITY_CAMOUFLAGE,TRADITIONAL_MEDIA,FAKE_NEWS_SOURCE,1.0,-1.0,1.0,-1.0,0.33,0.0,5.0,1.0,COMPLETE,0.0023491379310344,185600,2,2,2,2,1.0,124119,50208,416,10857,1,1,209
news-source-strategies,RQ3,E3-reach-mitigation,credibility_reach1_0_wom0,1030,CREDIBILITY_CAMOUFLAGE,TRADITIONAL_MEDIA,FAKE_NEWS_SOURCE,1.0,-1.0,1.0,-1.0,0.33,0.0,5.0,1.0,COMPLETE,0.0,179600,1,1,2,2,2.0,116911,49100,21,13568,2,2,75
news-source-strategies,RQ3,E3-reach-mitigation,credibility_reach1_0_wom1,1001,CREDIBILITY_CAMOUFLAGE,TRADITIONAL_MEDIA,FAKE_NEWS_SOURCE,1.0,-1.0,1.0,-1.0,0.33,1.0,5.0,1.0,COMPLETE,0.00016,199954,6,7,8,16,1.0,192799,5462,68,1625,5,122,124
news-source-strategies,RQ3,E3-reach-mitigation,credibility_reach1_0_wom1,1002,CREDIBILITY_CAMOUFLAGE,TRADITIONAL_MEDIA,FAKE_NEWS_SOURCE,1.0,-1.0,1.0,-1.0,0.33,1.0,5.0,1.0,COMPLETE,6e-05,199952,1,1,2,3,2.0,194492,3200,12,2248,88,196,366
news-source-strategies,RQ3,E3-reach-mitigation,credibility_reach1_0_wom1,1003,CREDIBILITY_CAMOUFLAGE,TRADITIONAL_MEDIA,FAKE_NEWS_SOURCE,1.0,-1.0,1.0,-1.0,0.33,1.0,5.0,1.0,COMPLETE,0.00014,199956,1,2,2,13,1.0,194441,3923,60,1532,111,118,170
news-source-strategies,RQ3,E3-reach-mitigation,credibility_reach1_0_wom1,1004,CREDIBILITY_CAMOUFLAGE,TRADITIONAL_MEDIA,FAKE_NEWS_SOURCE,1.0,-1.0,1.0,-1.0,0.33,1.0,5.0,1.0,COMPLETE,0.0004,199963,9,9,11,11,2.0,191562,5266,105,3030,4,24,308
news-source-strategies,RQ3,E3-reach-mitigation,credibility_reach1_0_wom1,1005,CREDIBILITY_CAMOUFLAGE,TRADITIONAL_MEDIA,FAKE_NEWS_SOURCE,1.0,-1.0,1.0,-1.0,0.33,1.0,5.0,1.0,COMPLETE,0.00028,199957,2,2,2,2,1.0,197399,1504,38,1016,11,246,247
news-source-strategies,RQ3,E3-reach-mitigation,credibility_reach1_0_wom1,1006,CREDIBILITY_CAMOUFLAGE,TRADITIONAL_MEDIA,FAKE_NEWS_SOURCE,1.0,-1.0,1.0,-1.0,0.33,1.0,5.0,1.0,COMPLETE,0.00038,199960,4,4,6,6,1.0,195857,2770,77,1256,58,216,282
news-source-strategies,RQ3,E3-reach-mitigation,credibility_reach1_0_wom1,1007,CREDIBILITY_CAMOUFLAGE,TRADITIONAL_MEDIA,FAKE_NEWS_SOURCE,1.0,-1.0,1.0,-1.0,0.33,1.0,5.0,1.0,COMPLETE,0.00026,199967,7,9,12,12,1.0,195710,2347,53,1857,17,19,30
news-source-strategies,RQ3,E3-reach-mitigation,credibility_reach1_0_wom1,1008,CREDIBILITY_CAMOUFLAGE,TRADITIONAL_MEDIA,FAKE_NEWS_SOURCE,1.0,-1.0,1.0,-1.0,0.33,1.0,5.0,1.0,COMPLETE,0.00032,199954,5,5,6,7,1.0,193826,3408,44,2676,1,15,61
news-source-strategies,RQ3,E3-reach-mitigation,credibility_reach1_0_wom1,1009,CREDIBILITY_CAMOUFLAGE,TRADITIONAL_MEDIA,FAKE_NEWS_SOURCE,1.0,-1.0,1.0,-1.0,0.33,1.0,5.0,1.0,COMPLETE,2e-05,199960,0,0,0,0,394.0,193971,3601,1,2387,394,394,394
news-source-strategies,RQ3,E3-reach-mitigation,credibility_reach1_0_wom1,1010,CREDIBILITY_CAMOUFLAGE,TRADITIONAL_MEDIA,FAKE_NEWS_SOURCE,1.0,-1.0,1.0,-1.0,0.33,1.0,5.0,1.0,COMPLETE,0.00034,199945,2,2,2,2,1.0,195130,3055,23,1737,7,339,354
news-source-strategies,RQ3,E3-reach-mitigation,credibility_reach1_0_wom1,1011,CREDIBILITY_CAMOUFLAGE,TRADITIONAL_MEDIA,FAKE_NEWS_SOURCE,1.0,-1.0,1.0,-1.0,0.33,1.0,5.0,1.0,COMPLETE,0.0001,199966,4,8,8,10,2.0,186811,9487,44,3624,7,29,36
news-source-strategies,RQ3,E3-reach-mitigation,credibility_reach1_0_wom1,1012,CREDIBILITY_CAMOUFLAGE,TRADITIONAL_MEDIA,FAKE_NEWS_SOURCE,1.0,-1.0,1.0,-1.0,0.33,1.0,5.0,1.0,COMPLETE,4e-05,199962,1,1,1,2,1.0,193539,3832,10,2581,1,1,176
news-source-strategies,RQ3,E3-reach-mitigation,credibility_reach1_0_wom1,1013,CREDIBILITY_CAMOUFLAGE,TRADITIONAL_MEDIA,FAKE_NEWS_SOURCE,1.0,-1.0,1.0,-1.0,0.33,1.0,5.0,1.0,COMPLETE,0.00014,199978,5,5,10,18,1.0,191564,4969,82,3363,8,96,191
news-source-strategies,RQ3,E3-reach-mitigation,credibility_reach1_0_wom1,1014,CREDIBILITY_CAMOUFLAGE,TRADITIONAL_MEDIA,FAKE_NEWS_SOURCE,1.0,-1.0,1.0,-1.0,0.33,1.0,5.0,1.0,COMPLETE,0.00256,199962,5,5,13,23,1.0,195267,2546,268,1881,102,263,363
news-source-strategies,RQ3,E3-reach-mitigation,credibility_reach1_0_wom1,1015,CREDIBILITY_CAMOUFLAGE,TRADITIONAL_MEDIA,FAKE_NEWS_SOURCE,1.0,-1.0,1.0,-1.0,0.33,1.0,5.0,1.0,COMPLETE,0.0,199956,0,2,2,2,33.0,196064,2031,10,1851,33,33,45
news-source-strategies,RQ3,E3-reach-mitigation,credibility_reach1_0_wom1,1016,CREDIBILITY_CAMOUFLAGE,TRADITIONAL_MEDIA,FAKE_NEWS_SOURCE,1.0,-1.0,1.0,-1.0,0.33,1.0,5.0,1.0,COMPLETE,0.00014,199953,3,3,3,4,1.0,194009,4005,24,1915,1,1,2
news-source-strategies,RQ3,E3-reach-mitigation,credibility_reach1_0_wom1,1017,CREDIBILITY_CAMOUFLAGE,TRADITIONAL_MEDIA,FAKE_NEWS_SOURCE,1.0,-1.0,1.0,-1.0,0.33,1.0,5.0,1.0,COMPLETE,0.00056,199960,0,0,2,3,67.0,194907,3206,54,1793,219,226,387
news-source-strategies,RQ3,E3-reach-mitigation,credibility_reach1_0_wom1,1018,CREDIBILITY_CAMOUFLAGE,TRADITIONAL_MEDIA,FAKE_NEWS_SOURCE,1.0,-1.0,1.0,-1.0,0.33,1.0,5.0,1.0,COMPLETE,2e-05,199947,3,5,5,5,1.0,195983,2252,18,1694,1,10,26
news-source-strategies,RQ3,E3-reach-mitigation,credibility_reach1_0_wom1,1019,CREDIBILITY_CAMOUFLAGE,TRADITIONAL_MEDIA,FAKE_NEWS_SOURCE,1.0,-1.0,1.0,-1.0,0.33,1.0,5.0,1.0,COMPLETE,6e-05,199961,1,1,1,2,11.0,193397,3984,17,2563,11,11,171
news-source-strategies,RQ3,E3-reach-mitigation,credibility_reach1_0_wom1,1020,CREDIBILITY_CAMOUFLAGE,TRADITIONAL_MEDIA,FAKE_NEWS_SOURCE,1.0,-1.0,1.0,-1.0,0.33,1.0,5.0,1.0,COMPLETE,8e-05,199968,3,3,4,5,1.0,196028,2070,26,1844,2,19,77
news-source-strategies,RQ3,E3-reach-mitigation,credibility_reach1_0_wom1,1021,CREDIBILITY_CAMOUFLAGE,TRADITIONAL_MEDIA,FAKE_NEWS_SOURCE,1.0,-1.0,1.0,-1.0,0.33,1.0,5.0,1.0,COMPLETE,8e-05,199953,4,4,4,5,1.0,193363,3936,19,2635,3,4,17
news-source-strategies,RQ3,E3-reach-mitigation,credibility_reach1_0_wom1,1022,CREDIBILITY_CAMOUFLAGE,TRADITIONAL_MEDIA,FAKE_NEWS_SOURCE,1.0,-1.0,1.0,-1.0,0.33,1.0,5.0,1.0,COMPLETE,0.00014,199966,2,2,3,4,1.0,195445,2503,24,1994,1,82,146
news-source-strategies,RQ3,E3-reach-mitigation,credibility_reach1_0_wom1,1023,CREDIBILITY_CAMOUFLAGE,TRADITIONAL_MEDIA,FAKE_NEWS_SOURCE,1.0,-1.0,1.0,-1.0,0.33,1.0,5.0,1.0,COMPLETE,0.0002,199959,5,5,6,7,1.0,194788,3143,54,1974,2,3,81
news-source-strategies,RQ3,E3-reach-mitigation,credibility_reach1_0_wom1,1024,CREDIBILITY_CAMOUFLAGE,TRADITIONAL_MEDIA,FAKE_NEWS_SOURCE,1.0,-1.0,1.0,-1.0,0.33,1.0,5.0,1.0,COMPLETE,0.00012,199964,4,7,8,8,1.0,193762,4312,57,1833,2,6,36
news-source-strategies,RQ3,E3-reach-mitigation,credibility_reach1_0_wom1,1025,CREDIBILITY_CAMOUFLAGE,TRADITIONAL_MEDIA,FAKE_NEWS_SOURCE,1.0,-1.0,1.0,-1.0,0.33,1.0,5.0,1.0,COMPLETE,8e-05,199958,1,2,2,2,1.0,192134,5275,16,2533,1,31,289
news-source-strategies,RQ3,E3-reach-mitigation,credibility_reach1_0_wom1,1026,CREDIBILITY_CAMOUFLAGE,TRADITIONAL_MEDIA,FAKE_NEWS_SOURCE,1.0,-1.0,1.0,-1.0,0.33,1.0,5.0,1.0,COMPLETE,0.0001,199955,2,3,4,5,1.0,196177,2000,16,1762,5,45,126
news-source-strategies,RQ3,E3-reach-mitigation,credibility_reach1_0_wom1,1027,CREDIBILITY_CAMOUFLAGE,TRADITIONAL_MEDIA,FAKE_NEWS_SOURCE,1.0,-1.0,1.0,-1.0,0.33,1.0,5.0,1.0,COMPLETE,0.0002,199957,3,4,4,5,1.0,194909,3221,34,1793,1,34,337
news-source-strategies,RQ3,E3-reach-mitigation,credibility_reach1_0_wom1,1028,CREDIBILITY_CAMOUFLAGE,TRADITIONAL_MEDIA,FAKE_NEWS_SOURCE,1.0,-1.0,1.0,-1.0,0.33,1.0,5.0,1.0,COMPLETE,2e-05,199968,2,2,2,2,1.0,196631,2011,9,1317,1,1,344
news-source-strategies,RQ3,E3-reach-mitigation,credibility_reach1_0_wom1,1029,CREDIBILITY_CAMOUFLAGE,TRADITIONAL_MEDIA,FAKE_NEWS_SOURCE,1.0,-1.0,1.0,-1.0,0.33,1.0,5.0,1.0,COMPLETE,0.00018,199964,3,3,3,3,1.0,194188,3915,32,1829,1,3,224
news-source-strategies,RQ3,E3-reach-mitigation,credibility_reach1_0_wom1,1030,CREDIBILITY_CAMOUFLAGE,TRADITIONAL_MEDIA,FAKE_NEWS_SOURCE,1.0,-1.0,1.0,-1.0,0.33,1.0,5.0,1.0,COMPLETE,0.00018,199949,0,0,2,3,79.0,194379,3607,19,1944,79,84,172
news-source-strategies,RQ3,E3-reach-mitigation,credibility_reach0_0_wom0,1001,CREDIBILITY_CAMOUFLAGE,TRADITIONAL_MEDIA,FAKE_NEWS_SOURCE,1.0,-1.0,0.0,-1.0,0.33,0.0,5.0,1.0,COMPLETE,0.0,181600,0,0,0,0,,117632,50518,0,13450,1,1,1
news-source-strategies,RQ3,E3-reach-mitigation,credibility_reach0_0_wom0,1002,CREDIBILITY_CAMOUFLAGE,TRADITIONAL_MEDIA,FAKE_NEWS_SOURCE,1.0,-1.0,0.0,-1.0,0.33,0.0,5.0,1.0,COMPLETE,0.0,180800,0,0,0,0,,116003,52502,0,12295,1,1,1
news-source-strategies,RQ3,E3-reach-mitigation,credibility_reach0_0_wom0,1003,CREDIBILITY_CAMOUFLAGE,TRADITIONAL_MEDIA,FAKE_NEWS_SOURCE,1.0,-1.0,0.0,-1.0,0.33,0.0,5.0,1.0,COMPLETE,0.0,182400,0,0,0,0,,122983,51873,0,7544,1,1,1
news-source-strategies,RQ3,E3-reach-mitigation,credibility_reach0_0_wom0,1004,CREDIBILITY_CAMOUFLAGE,TRADITIONAL_MEDIA,FAKE_NEWS_SOURCE,1.0,-1.0,0.0,-1.0,0.33,0.0,5.0,1.0,COMPLETE,0.0,185200,0,0,0,0,,122099,50100,0,13001,1,1,1
news-source-strategies,RQ3,E3-reach-mitigation,credibility_reach0_0_wom0,1005,CREDIBILITY_CAMOUFLAGE,TRADITIONAL_MEDIA,FAKE_NEWS_SOURCE,1.0,-1.0,0.0,-1.0,0.33,0.0,5.0,1.0,COMPLETE,0.0,182400,0,0,0,0,,115992,52699,0,13709,1,1,1
news-source-strategies,RQ3,E3-reach-mitigation,credibility_reach0_0_wom0,1006,CREDIBILITY_CAMOUFLAGE,TRADITIONAL_MEDIA,FAKE_NEWS_SOURCE,1.0,-1.0,0.0,-1.0,0.33,0.0,5.0,1.0,COMPLETE,0.0,183200,0,0,0,0,,122785,50067,0,10348,1,1,1
news-source-strategies,RQ3,E3-reach-mitigation,credibility_reach0_0_wom0,1007,CREDIBILITY_CAMOUFLAGE,TRADITIONAL_MEDIA,FAKE_NEWS_SOURCE,1.0,-1.0,0.0,-1.0,0.33,0.0,5.0,1.0,COMPLETE,0.0,186800,0,0,0,0,,120035,54303,0,12462,1,1,1
news-source-strategies,RQ3,E3-reach-mitigation,credibility_reach0_0_wom0,1008,CREDIBILITY_CAMOUFLAGE,TRADITIONAL_MEDIA,FAKE_NEWS_SOURCE,1.0,-1.0,0.0,-1.0,0.33,0.0,5.0,1.0,COMPLETE,0.0,181600,0,0,0,0,,112477,52762,0,16361,1,1,1
news-source-strategies,RQ3,E3-reach-mitigation,credibility_reach0_0_wom0,1009,CREDIBILITY_CAMOUFLAGE,TRADITIONAL_MEDIA,FAKE_NEWS_SOURCE,1.0,-1.0,0.0,-1.0,0.33,0.0,5.0,1.0,COMPLETE,0.0,184000,0,0,0,0,,118274,50843,0,14883,1,1,1
news-source-strategies,RQ3,E3-reach-mitigation,credibility_reach0_0_wom0,1010,CREDIBILITY_CAMOUFLAGE,TRADITIONAL_MEDIA,FAKE_NEWS_SOURCE,1.0,-1.0,0.0,-1.0,0.33,0.0,5.0,1.0,COMPLETE,0.0,177600,0,0,0,0,,115097,50183,0,12320,1,1,1
news-source-strategies,RQ3,E3-reach-mitigation,credibility_reach0_0_wom0,1011,CREDIBILITY_CAMOUFLAGE,TRADITIONAL_MEDIA,FAKE_NEWS_SOURCE,1.0,-1.0,0.0,-1.0,0.33,0.0,5.0,1.0,COMPLETE,0.0,186400,0,0,0,0,,122472,48403,0,15525,1,1,1
news-source-strategies,RQ3,E3-reach-mitigation,credibility_reach0_0_wom0,1012,CREDIBILITY_CAMOUFLAGE,TRADITIONAL_MEDIA,FAKE_NEWS_SOURCE,1.0,-1.0,0.0,-1.0,0.33,0.0,5.0,1.0,COMPLETE,0.0,184400,0,0,0,0,,117127,57329,0,9944,1,1,1
news-source-strategies,RQ3,E3-reach-mitigation,credibility_reach0_0_wom0,1013,CREDIBILITY_CAMOUFLAGE,TRADITIONAL_MEDIA,FAKE_NEWS_SOURCE,1.0,-1.0,0.0,-1.0,0.33,0.0,5.0,1.0,COMPLETE,0.0,191200,0,0,0,0,,128310,50676,0,12214,1,1,1
news-source-strategies,RQ3,E3-reach-mitigation,credibility_reach0_0_wom0,1014,CREDIBILITY_CAMOUFLAGE,TRADITIONAL_MEDIA,FAKE_NEWS_SOURCE,1.0,-1.0,0.0,-1.0,0.33,0.0,5.0,1.0,COMPLETE,0.0,184000,0,0,0,0,,126022,48404,0,9574,1,1,1
news-source-strategies,RQ3,E3-reach-mitigation,credibility_reach0_0_wom0,1015,CREDIBILITY_CAMOUFLAGE,TRADITIONAL_MEDIA,FAKE_NEWS_SOURCE,1.0,-1.0,0.0,-1.0,0.33,0.0,5.0,1.0,COMPLETE,0.0,182400,0,0,0,0,,113640,54275,0,14485,1,1,1
news-source-strategies,RQ3,E3-reach-mitigation,credibility_reach0_0_wom0,1016,CREDIBILITY_CAMOUFLAGE,TRADITIONAL_MEDIA,FAKE_NEWS_SOURCE,1.0,-1.0,0.0,-1.0,0.33,0.0,5.0,1.0,COMPLETE,0.0,180800,0,0,0,0,,128225,40536,0,12039,1,1,1
news-source-strategies,RQ3,E3-reach-mitigation,credibility_reach0_0_wom0,1017,CREDIBILITY_CAMOUFLAGE,TRADITIONAL_MEDIA,FAKE_NEWS_SOURCE,1.0,-1.0,0.0,-1.0,0.33,0.0,5.0,1.0,COMPLETE,0.0,184000,0,0,0,0,,122925,46937,0,14138,1,1,1
news-source-strategies,RQ3,E3-reach-mitigation,credibility_reach0_0_wom0,1018,CREDIBILITY_CAMOUFLAGE,TRADITIONAL_MEDIA,FAKE_NEWS_SOURCE,1.0,-1.0,0.0,-1.0,0.33,0.0,5.0,1.0,COMPLETE,0.0,178800,0,0,0,0,,112350,53352,0,13098,1,1,1
news-source-strategies,RQ3,E3-reach-mitigation,credibility_reach0_0_wom0,1019,CREDIBILITY_CAMOUFLAGE,TRADITIONAL_MEDIA,FAKE_NEWS_SOURCE,1.0,-1.0,0.0,-1.0,0.33,0.0,5.0,1.0,COMPLETE,0.0,184400,0,0,0,0,,122399,50456,0,11545,1,1,1
news-source-strategies,RQ3,E3-reach-mitigation,credibility_reach0_0_wom0,1020,CREDIBILITY_CAMOUFLAGE,TRADITIONAL_MEDIA,FAKE_NEWS_SOURCE,1.0,-1.0,0.0,-1.0,0.33,0.0,5.0,1.0,COMPLETE,0.0,187200,0,0,0,0,,115557,57314,0,14329,1,1,1
news-source-strategies,RQ3,E3-reach-mitigation,credibility_reach0_0_wom0,1021,CREDIBILITY_CAMOUFLAGE,TRADITIONAL_MEDIA,FAKE_NEWS_SOURCE,1.0,-1.0,0.0,-1.0,0.33,0.0,5.0,1.0,COMPLETE,0.0,181200,0,0,0,0,,124502,44710,0,11988,1,1,1
news-source-strategies,RQ3,E3-reach-mitigation,credibility_reach0_0_wom0,1022,CREDIBILITY_CAMOUFLAGE,TRADITIONAL_MEDIA,FAKE_NEWS_SOURCE,1.0,-1.0,0.0,-1.0,0.33,0.0,5.0,1.0,COMPLETE,0.0,186000,0,0,0,0,,127457,47050,0,11493,1,1,1
news-source-strategies,RQ3,E3-reach-mitigation,credibility_reach0_0_wom0,1023,CREDIBILITY_CAMOUFLAGE,TRADITIONAL_MEDIA,FAKE_NEWS_SOURCE,1.0,-1.0,0.0,-1.0,0.33,0.0,5.0,1.0,COMPLETE,0.0,183600,0,0,0,0,,122479,47488,0,13633,1,1,1
news-source-strategies,RQ3,E3-reach-mitigation,credibility_reach0_0_wom0,1024,CREDIBILITY_CAMOUFLAGE,TRADITIONAL_MEDIA,FAKE_NEWS_SOURCE,1.0,-1.0,0.0,-1.0,0.33,0.0,5.0,1.0,COMPLETE,0.0,185200,0,0,0,0,,115808,58016,0,11376,1,1,1
news-source-strategies,RQ3,E3-reach-mitigation,credibility_reach0_0_wom0,1025,CREDIBILITY_CAMOUFLAGE,TRADITIONAL_MEDIA,FAKE_NEWS_SOURCE,1.0,-1.0,0.0,-1.0,0.33,0.0,5.0,1.0,COMPLETE,0.0,183200,0,0,0,0,,119670,50810,0,12720,1,1,1
news-source-strategies,RQ3,E3-reach-mitigation,credibility_reach0_0_wom0,1026,CREDIBILITY_CAMOUFLAGE,TRADITIONAL_MEDIA,FAKE_NEWS_SOURCE,1.0,-1.0,0.0,-1.0,0.33,0.0,5.0,1.0,COMPLETE,0.0,181600,0,0,0,0,,121330,46997,0,13273,1,1,1
news-source-strategies,RQ3,E3-reach-mitigation,credibility_reach0_0_wom0,1027,CREDIBILITY_CAMOUFLAGE,TRADITIONAL_MEDIA,FAKE_NEWS_SOURCE,1.0,-1.0,0.0,-1.0,0.33,0.0,5.0,1.0,COMPLETE,0.0,182800,0,0,0,0,,123899,51215,0,7686,1,1,1
news-source-strategies,RQ3,E3-reach-mitigation,credibility_reach0_0_wom0,1028,CREDIBILITY_CAMOUFLAGE,TRADITIONAL_MEDIA,FAKE_NEWS_SOURCE,1.0,-1.0,0.0,-1.0,0.33,0.0,5.0,1.0,COMPLETE,0.0,187200,0,0,0,0,,126589,48149,0,12462,1,1,1
news-source-strategies,RQ3,E3-reach-mitigation,credibility_reach0_0_wom0,1029,CREDIBILITY_CAMOUFLAGE,TRADITIONAL_MEDIA,FAKE_NEWS_SOURCE,1.0,-1.0,0.0,-1.0,0.33,0.0,5.0,1.0,COMPLETE,0.0,185200,0,0,0,0,,123381,49134,0,12685,1,1,1
news-source-strategies,RQ3,E3-reach-mitigation,credibility_reach0_0_wom0,1030,CREDIBILITY_CAMOUFLAGE,TRADITIONAL_MEDIA,FAKE_NEWS_SOURCE,1.0,-1.0,0.0,-1.0,0.33,0.0,5.0,1.0,COMPLETE,0.0,179600,0,0,0,0,,116531,49501,0,13568,1,1,1
news-source-strategies,RQ3,E3-reach-mitigation,credibility_reach0_0_wom1,1001,CREDIBILITY_CAMOUFLAGE,TRADITIONAL_MEDIA,FAKE_NEWS_SOURCE,1.0,-1.0,0.0,-1.0,0.33,1.0,5.0,1.0,COMPLETE,0.0,199954,0,0,0,0,,192805,5500,0,1649,1,1,1
news-source-strategies,RQ3,E3-reach-mitigation,credibility_reach0_0_wom1,1002,CREDIBILITY_CAMOUFLAGE,TRADITIONAL_MEDIA,FAKE_NEWS_SOURCE,1.0,-1.0,0.0,-1.0,0.33,1.0,5.0,1.0,COMPLETE,0.0,199952,0,0,0,0,,194491,3205,0,2256,1,1,1
news-source-strategies,RQ3,E3-reach-mitigation,credibility_reach0_0_wom1,1003,CREDIBILITY_CAMOUFLAGE,TRADITIONAL_MEDIA,FAKE_NEWS_SOURCE,1.0,-1.0,0.0,-1.0,0.33,1.0,5.0,1.0,COMPLETE,0.0,199956,0,0,0,0,,194362,4010,0,1584,1,1,1
news-source-strategies,RQ3,E3-reach-mitigation,credibility_reach0_0_wom1,1004,CREDIBILITY_CAMOUFLAGE,TRADITIONAL_MEDIA,FAKE_NEWS_SOURCE,1.0,-1.0,0.0,-1.0,0.33,1.0,5.0,1.0,COMPLETE,0.0,199963,0,0,0,0,,191552,5312,0,3099,1,1,1
news-source-strategies,RQ3,E3-reach-mitigation,credibility_reach0_0_wom1,1005,CREDIBILITY_CAMOUFLAGE,TRADITIONAL_MEDIA,FAKE_NEWS_SOURCE,1.0,-1.0,0.0,-1.0,0.33,1.0,5.0,1.0,COMPLETE,0.0,199956,0,0,0,0,,193791,3399,0,2766,1,1,1
news-source-strategies,RQ3,E3-reach-mitigation,credibility_reach0_0_wom1,1006,CREDIBILITY_CAMOUFLAGE,TRADITIONAL_MEDIA,FAKE_NEWS_SOURCE,1.0,-1.0,0.0,-1.0,0.33,1.0,5.0,1.0,COMPLETE,0.0,199958,0,0,0,0,,195222,2996,0,1740,1,1,1
news-source-strategies,RQ3,E3-reach-mitigation,credibility_reach0_0_wom1,1007,CREDIBILITY_CAMOUFLAGE,TRADITIONAL_MEDIA,FAKE_NEWS_SOURCE,1.0,-1.0,0.0,-1.0,0.33,1.0,5.0,1.0,COMPLETE,0.0,199967,0,0,0,0,,195717,2393,0,1857,1,1,1
news-source-strategies,RQ3,E3-reach-mitigation,credibility_reach0_0_wom1,1008,CREDIBILITY_CAMOUFLAGE,TRADITIONAL_MEDIA,FAKE_NEWS_SOURCE,1.0,-1.0,0.0,-1.0,0.33,1.0,5.0,1.0,COMPLETE,0.0,199954,0,0,0,0,,193885,3393,0,2676,1,1,1
news-source-strategies,RQ3,E3-reach-mitigation,credibility_reach0_0_wom1,1009,CREDIBILITY_CAMOUFLAGE,TRADITIONAL_MEDIA,FAKE_NEWS_SOURCE,1.0,-1.0,0.0,-1.0,0.33,1.0,5.0,1.0,COMPLETE,0.0,199960,0,0,0,0,,193971,3602,0,2387,1,1,1
news-source-strategies,RQ3,E3-reach-mitigation,credibility_reach0_0_wom1,1010,CREDIBILITY_CAMOUFLAGE,TRADITIONAL_MEDIA,FAKE_NEWS_SOURCE,1.0,-1.0,0.0,-1.0,0.33,1.0,5.0,1.0,COMPLETE,0.0,199944,0,0,0,0,,193104,4664,0,2176,1,1,1
news-source-strategies,RQ3,E3-reach-mitigation,credibility_reach0_0_wom1,1011,CREDIBILITY_CAMOUFLAGE,TRADITIONAL_MEDIA,FAKE_NEWS_SOURCE,1.0,-1.0,0.0,-1.0,0.33,1.0,5.0,1.0,COMPLETE,0.0,199966,0,0,0,0,,187225,9046,0,3695,1,1,1
news-source-strategies,RQ3,E3-reach-mitigation,credibility_reach0_0_wom1,1012,CREDIBILITY_CAMOUFLAGE,TRADITIONAL_MEDIA,FAKE_NEWS_SOURCE,1.0,-1.0,0.0,-1.0,0.33,1.0,5.0,1.0,COMPLETE,0.0,199961,0,0,0,0,,193676,3595,0,2690,1,1,1
news-source-strategies,RQ3,E3-reach-mitigation,credibility_reach0_0_wom1,1013,CREDIBILITY_CAMOUFLAGE,TRADITIONAL_MEDIA,FAKE_NEWS_SOURCE,1.0,-1.0,0.0,-1.0,0.33,1.0,5.0,1.0,COMPLETE,0.0,199978,0,0,0,0,,191603,5003,0,3372,1,1,1
news-source-strategies,RQ3,E3-reach-mitigation,credibility_reach0_0_wom1,1014,CREDIBILITY_CAMOUFLAGE,TRADITIONAL_MEDIA,FAKE_NEWS_SOURCE,1.0,-1.0,0.0,-1.0,0.33,1.0,5.0,1.0,COMPLETE,0.0,199960,0,0,0,0,,197051,1750,0,1159,1,1,1
news-source-strategies,RQ3,E3-reach-mitigation,credibility_reach0_0_wom1,1015,CREDIBILITY_CAMOUFLAGE,TRADITIONAL_MEDIA,FAKE_NEWS_SOURCE,1.0,-1.0,0.0,-1.0,0.33,1.0,5.0,1.0,COMPLETE,0.0,199956,0,0,0,0,,196073,2033,0,1850,1,1,1
news-source-strategies,RQ3,E3-reach-mitigation,credibility_reach0_0_wom1,1016,CREDIBILITY_CAMOUFLAGE,TRADITIONAL_MEDIA,FAKE_NEWS_SOURCE,1.0,-1.0,0.0,-1.0,0.33,1.0,5.0,1.0,COMPLETE,0.0,199952,0,0,0,0,,195486,2386,0,2080,1,1,1
news-source-strategies,RQ3,E3-reach-mitigation,credibility_reach0_0_wom1,1017,CREDIBILITY_CAMOUFLAGE,TRADITIONAL_MEDIA,FAKE_NEWS_SOURCE,1.0,-1.0,0.0,-1.0,0.33,1.0,5.0,1.0,COMPLETE,0.0,199960,0,0,0,0,,195023,3152,0,1785,1,1,1
news-source-strategies,RQ3,E3-reach-mitigation,credibility_reach0_0_wom1,1018,CREDIBILITY_CAMOUFLAGE,TRADITIONAL_MEDIA,FAKE_NEWS_SOURCE,1.0,-1.0,0.0,-1.0,0.33,1.0,5.0,1.0,COMPLETE,0.0,199947,0,0,0,0,,195964,2295,0,1688,1,1,1
news-source-strategies,RQ3,E3-reach-mitigation,credibility_reach0_0_wom1,1019,CREDIBILITY_CAMOUFLAGE,TRADITIONAL_MEDIA,FAKE_NEWS_SOURCE,1.0,-1.0,0.0,-1.0,0.33,1.0,5.0,1.0,COMPLETE,0.0,199961,0,0,0,0,,193398,3988,0,2575,1,1,1
news-source-strategies,RQ3,E3-reach-mitigation,credibility_reach0_0_wom1,1020,CREDIBILITY_CAMOUFLAGE,TRADITIONAL_MEDIA,FAKE_NEWS_SOURCE,1.0,-1.0,0.0,-1.0,0.33,1.0,5.0,1.0,COMPLETE,0.0,199968,0,0,0,0,,196052,2072,0,1844,1,1,1
news-source-strategies,RQ3,E3-reach-mitigation,credibility_reach0_0_wom1,1021,CREDIBILITY_CAMOUFLAGE,TRADITIONAL_MEDIA,FAKE_NEWS_SOURCE,1.0,-1.0,0.0,-1.0,0.33,1.0,5.0,1.0,COMPLETE,0.0,199953,0,0,0,0,,193200,3968,0,2785,1,1,1
news-source-strategies,RQ3,E3-reach-mitigation,credibility_reach0_0_wom1,1022,CREDIBILITY_CAMOUFLAGE,TRADITIONAL_MEDIA,FAKE_NEWS_SOURCE,1.0,-1.0,0.0,-1.0,0.33,1.0,5.0,1.0,COMPLETE,0.0,199965,0,0,0,0,,196069,2369,0,1527,1,1,1
news-source-strategies,RQ3,E3-reach-mitigation,credibility_reach0_0_wom1,1023,CREDIBILITY_CAMOUFLAGE,TRADITIONAL_MEDIA,FAKE_NEWS_SOURCE,1.0,-1.0,0.0,-1.0,0.33,1.0,5.0,1.0,COMPLETE,0.0,199959,0,0,0,0,,194812,3139,0,2008,1,1,1
news-source-strategies,RQ3,E3-reach-mitigation,credibility_reach0_0_wom1,1024,CREDIBILITY_CAMOUFLAGE,TRADITIONAL_MEDIA,FAKE_NEWS_SOURCE,1.0,-1.0,0.0,-1.0,0.33,1.0,5.0,1.0,COMPLETE,0.0,199963,0,0,0,0,,195178,3078,0,1707,1,1,1
news-source-strategies,RQ3,E3-reach-mitigation,credibility_reach0_0_wom1,1025,CREDIBILITY_CAMOUFLAGE,TRADITIONAL_MEDIA,FAKE_NEWS_SOURCE,1.0,-1.0,0.0,-1.0,0.33,1.0,5.0,1.0,COMPLETE,0.0,199958,0,0,0,0,,192121,5301,0,2536,1,1,1
news-source-strategies,RQ3,E3-reach-mitigation,credibility_reach0_0_wom1,1026,CREDIBILITY_CAMOUFLAGE,TRADITIONAL_MEDIA,FAKE_NEWS_SOURCE,1.0,-1.0,0.0,-1.0,0.33,1.0,5.0,1.0,COMPLETE,0.0,199954,0,0,0,0,,194000,3841,0,2113,1,1,1
news-source-strategies,RQ3,E3-reach-mitigation,credibility_reach0_0_wom1,1027,CREDIBILITY_CAMOUFLAGE,TRADITIONAL_MEDIA,FAKE_NEWS_SOURCE,1.0,-1.0,0.0,-1.0,0.33,1.0,5.0,1.0,COMPLETE,0.0,199957,0,0,0,0,,194956,3225,0,1776,1,1,1
news-source-strategies,RQ3,E3-reach-mitigation,credibility_reach0_0_wom1,1028,CREDIBILITY_CAMOUFLAGE,TRADITIONAL_MEDIA,FAKE_NEWS_SOURCE,1.0,-1.0,0.0,-1.0,0.33,1.0,5.0,1.0,COMPLETE,0.0,199968,0,0,0,0,,196649,2002,0,1317,1,1,1
news-source-strategies,RQ3,E3-reach-mitigation,credibility_reach0_0_wom1,1029,CREDIBILITY_CAMOUFLAGE,TRADITIONAL_MEDIA,FAKE_NEWS_SOURCE,1.0,-1.0,0.0,-1.0,0.33,1.0,5.0,1.0,COMPLETE,0.0,199963,0,0,0,0,,195037,3030,0,1896,1,1,1
news-source-strategies,RQ3,E3-reach-mitigation,credibility_reach0_0_wom1,1030,CREDIBILITY_CAMOUFLAGE,TRADITIONAL_MEDIA,FAKE_NEWS_SOURCE,1.0,-1.0,0.0,-1.0,0.33,1.0,5.0,1.0,COMPLETE,0.0,199949,0,0,0,0,,194360,3671,0,1918,1,1,1
news-source-strategies,RQ3,E3-reach-mitigation,informational_reach14_7_wom0,1001,INFORMATIONAL_CAMOUFLAGE,TRADITIONAL_MEDIA,FAKE_NEWS_SOURCE,1.0,-1.0,14.7,-1.0,0.33,0.0,5.0,1.0,COMPLETE,0.0201091703056768,183200,20,24,29,31,1.0,111641,54395,3695,13469,1,19,70
news-source-strategies,RQ3,E3-reach-mitigation,informational_reach14_7_wom0,1002,INFORMATIONAL_CAMOUFLAGE,TRADITIONAL_MEDIA,FAKE_NEWS_SOURCE,1.0,-1.0,14.7,-1.0,0.33,0.0,5.0,1.0,COMPLETE,0.0342082429501084,184400,27,28,29,32,1.0,116195,51609,6409,10187,1,1,21
news-source-strategies,RQ3,E3-reach-mitigation,informational_reach14_7_wom0,1003,INFORMATIONAL_CAMOUFLAGE,TRADITIONAL_MEDIA,FAKE_NEWS_SOURCE,1.0,-1.0,14.7,-1.0,0.33,0.0,5.0,1.0,COMPLETE,0.0223542116630669,185200,27,28,30,33,1.0,118550,55323,4719,6608,1,2,73
news-source-strategies,RQ3,E3-reach-mitigation,informational_reach14_7_wom0,1004,INFORMATIONAL_CAMOUFLAGE,TRADITIONAL_MEDIA,FAKE_NEWS_SOURCE,1.0,-1.0,14.7,-1.0,0.33,0.0,5.0,1.0,COMPLETE,0.0153118279569892,186000,18,20,23,27,1.0,115296,54662,3324,12718,1,27,262
news-source-strategies,RQ3,E3-reach-mitigation,informational_reach14_7_wom0,1005,INFORMATIONAL_CAMOUFLAGE,TRADITIONAL_MEDIA,FAKE_NEWS_SOURCE,1.0,-1.0,14.7,-1.0,0.33,0.0,5.0,1.0,COMPLETE,0.0302155172413793,185600,23,26,28,31,1.0,112428,54312,5591,13269,1,2,135
news-source-strategies,RQ3,E3-reach-mitigation,informational_reach14_7_wom0,1006,INFORMATIONAL_CAMOUFLAGE,TRADITIONAL_MEDIA,FAKE_NEWS_SOURCE,1.0,-1.0,14.7,-1.0,0.33,0.0,5.0,1.0,COMPLETE,0.0279657387580299,186800,26,29,31,36,1.0,118991,50914,5832,11063,1,2,115
news-source-strategies,RQ3,E3-reach-mitigation,informational_reach14_7_wom0,1007,INFORMATIONAL_CAMOUFLAGE,TRADITIONAL_MEDIA,FAKE_NEWS_SOURCE,1.0,-1.0,14.7,-1.0,0.33,0.0,5.0,1.0,COMPLETE,0.0271940928270042,189600,35,35,36,39,1.0,124600,47619,5076,12305,1,1,12
news-source-strategies,RQ3,E3-reach-mitigation,informational_reach14_7_wom0,1008,INFORMATIONAL_CAMOUFLAGE,TRADITIONAL_MEDIA,FAKE_NEWS_SOURCE,1.0,-1.0,14.7,-1.0,0.33,0.0,5.0,1.0,COMPLETE,0.0398060344827586,185600,35,38,39,44,1.0,111567,51332,7459,15242,1,1,32
news-source-strategies,RQ3,E3-reach-mitigation,informational_reach14_7_wom0,1009,INFORMATIONAL_CAMOUFLAGE,TRADITIONAL_MEDIA,FAKE_NEWS_SOURCE,1.0,-1.0,14.7,-1.0,0.33,0.0,5.0,1.0,COMPLETE,0.0181290322580645,186000,21,21,22,24,1.0,119610,51328,4072,10990,1,1,104
news-source-strategies,RQ3,E3-reach-mitigation,informational_reach14_7_wom0,1010,INFORMATIONAL_CAMOUFLAGE,TRADITIONAL_MEDIA,FAKE_NEWS_SOURCE,1.0,-1.0,14.7,-1.0,0.33,0.0,5.0,1.0,COMPLETE,0.0329515418502202,181600,29,30,34,36,1.0,112621,51646,6180,11153,1,2,79
news-source-strategies,RQ3,E3-reach-mitigation,informational_reach14_7_wom0,1011,INFORMATIONAL_CAMOUFLAGE,TRADITIONAL_MEDIA,FAKE_NEWS_SOURCE,1.0,-1.0,14.7,-1.0,0.33,0.0,5.0,1.0,COMPLETE,0.0324050632911392,189600,35,37,41,45,1.0,115328,51285,7040,15947,1,2,46
news-source-strategies,RQ3,E3-reach-mitigation,informational_reach14_7_wom0,1012,INFORMATIONAL_CAMOUFLAGE,TRADITIONAL_MEDIA,FAKE_NEWS_SOURCE,1.0,-1.0,14.7,-1.0,0.33,0.0,5.0,1.0,COMPLETE,0.0255982905982905,187200,22,23,30,35,1.0,111922,56061,5322,13895,1,1,84
news-source-strategies,RQ3,E3-reach-mitigation,informational_reach14_7_wom0,1013,INFORMATIONAL_CAMOUFLAGE,TRADITIONAL_MEDIA,FAKE_NEWS_SOURCE,1.0,-1.0,14.7,-1.0,0.33,0.0,5.0,1.0,COMPLETE,0.0218503118503118,192400,30,33,35,37,1.0,123023,50046,5662,13669,1,2,42
news-source-strategies,RQ3,E3-reach-mitigation,informational_reach14_7_wom0,1014,INFORMATIONAL_CAMOUFLAGE,TRADITIONAL_MEDIA,FAKE_NEWS_SOURCE,1.0,-1.0,14.7,-1.0,0.33,0.0,5.0,1.0,COMPLETE,0.0286111111111111,187200,34,38,40,45,1.0,123808,45404,6132,11856,1,2,35
news-source-strategies,RQ3,E3-reach-mitigation,informational_reach14_7_wom0,1015,INFORMATIONAL_CAMOUFLAGE,TRADITIONAL_MEDIA,FAKE_NEWS_SOURCE,1.0,-1.0,14.7,-1.0,0.33,0.0,5.0,1.0,COMPLETE,0.0322961373390557,186400,30,31,36,38,1.0,112557,54993,6503,12347,1,2,82
news-source-strategies,RQ3,E3-reach-mitigation,informational_reach14_7_wom0,1016,INFORMATIONAL_CAMOUFLAGE,TRADITIONAL_MEDIA,FAKE_NEWS_SOURCE,1.0,-1.0,14.7,-1.0,0.33,0.0,5.0,1.0,COMPLETE,0.0321739130434782,184000,35,37,38,40,1.0,122799,42868,6308,12025,1,2,4
news-source-strategies,RQ3,E3-reach-mitigation,informational_reach14_7_wom0,1017,INFORMATIONAL_CAMOUFLAGE,TRADITIONAL_MEDIA,FAKE_NEWS_SOURCE,1.0,-1.0,14.7,-1.0,0.33,0.0,5.0,1.0,COMPLETE,0.0286752136752136,187200,23,26,28,32,1.0,117675,51753,5237,12535,1,2,89
news-source-strategies,RQ3,E3-reach-mitigation,informational_reach14_7_wom0,1018,INFORMATIONAL_CAMOUFLAGE,TRADITIONAL_MEDIA,FAKE_NEWS_SOURCE,1.0,-1.0,14.7,-1.0,0.33,0.0,5.0,1.0,COMPLETE,0.0323841059602649,181200,26,27,31,34,1.0,104944,56325,5950,13981,1,2,125
news-source-strategies,RQ3,E3-reach-mitigation,informational_reach14_7_wom0,1019,INFORMATIONAL_CAMOUFLAGE,TRADITIONAL_MEDIA,FAKE_NEWS_SOURCE,1.0,-1.0,14.7,-1.0,0.33,0.0,5.0,1.0,COMPLETE,0.0111231101511879,185200,27,30,31,35,1.0,121957,48930,2760,11553,1,2,48
news-source-strategies,RQ3,E3-reach-mitigation,informational_reach14_7_wom0,1020,INFORMATIONAL_CAMOUFLAGE,TRADITIONAL_MEDIA,FAKE_NEWS_SOURCE,1.0,-1.0,14.7,-1.0,0.33,0.0,5.0,1.0,COMPLETE,0.0171125265392781,188400,21,24,27,34,1.0,119777,51076,4226,13321,1,2,91
news-source-strategies,RQ3,E3-reach-mitigation,informational_reach14_7_wom0,1021,INFORMATIONAL_CAMOUFLAGE,TRADITIONAL_MEDIA,FAKE_NEWS_SOURCE,1.0,-1.0,14.7,-1.0,0.33,0.0,5.0,1.0,COMPLETE,0.0236899563318777,183200,29,32,36,38,1.0,117803,48736,5211,11450,1,2,62
news-source-strategies,RQ3,E3-reach-mitigation,informational_reach14_7_wom0,1022,INFORMATIONAL_CAMOUFLAGE,TRADITIONAL_MEDIA,FAKE_NEWS_SOURCE,1.0,-1.0,14.7,-1.0,0.33,0.0,5.0,1.0,COMPLETE,0.0230148619957537,188400,22,23,29,32,1.0,122585,48101,5159,12555,1,2,79
news-source-strategies,RQ3,E3-reach-mitigation,informational_reach14_7_wom0,1023,INFORMATIONAL_CAMOUFLAGE,TRADITIONAL_MEDIA,FAKE_NEWS_SOURCE,1.0,-1.0,14.7,-1.0,0.33,0.0,5.0,1.0,COMPLETE,0.0277087794432548,186800,34,34,34,34,1.0,120198,45663,6301,14638,1,1,2
news-source-strategies,RQ3,E3-reach-mitigation,informational_reach14_7_wom0,1024,INFORMATIONAL_CAMOUFLAGE,TRADITIONAL_MEDIA,FAKE_NEWS_SOURCE,1.0,-1.0,14.7,-1.0,0.33,0.0,5.0,1.0,COMPLETE,0.0249787234042553,188000,32,33,34,41,1.0,118830,53253,5480,10437,1,2,159
news-source-strategies,RQ3,E3-reach-mitigation,informational_reach14_7_wom0,1025,INFORMATIONAL_CAMOUFLAGE,TRADITIONAL_MEDIA,FAKE_NEWS_SOURCE,1.0,-1.0,14.7,-1.0,0.33,0.0,5.0,1.0,COMPLETE,0.0161038961038961,184800,18,23,27,31,1.0,117726,52225,3847,11002,1,17,79
news-source-strategies,RQ3,E3-reach-mitigation,informational_reach14_7_wom0,1026,INFORMATIONAL_CAMOUFLAGE,TRADITIONAL_MEDIA,FAKE_NEWS_SOURCE,1.0,-1.0,14.7,-1.0,0.33,0.0,5.0,1.0,COMPLETE,0.0363852813852813,184800,28,29,30,33,1.0,118149,46358,7269,13024,1,2,97
news-source-strategies,RQ3,E3-reach-mitigation,informational_reach14_7_wom0,1027,INFORMATIONAL_CAMOUFLAGE,TRADITIONAL_MEDIA,FAKE_NEWS_SOURCE,1.0,-1.0,14.7,-1.0,0.33,0.0,5.0,1.0,COMPLETE,0.0275,185600,30,30,34,38,1.0,117135,53735,5645,9085,1,1,12
news-source-strategies,RQ3,E3-reach-mitigation,informational_reach14_7_wom0,1028,INFORMATIONAL_CAMOUFLAGE,TRADITIONAL_MEDIA,FAKE_NEWS_SOURCE,1.0,-1.0,14.7,-1.0,0.33,0.0,5.0,1.0,COMPLETE,0.0078632478632478,187200,24,28,28,31,1.0,124937,46995,2854,12414,1,2,45
news-source-strategies,RQ3,E3-reach-mitigation,informational_reach14_7_wom0,1029,INFORMATIONAL_CAMOUFLAGE,TRADITIONAL_MEDIA,FAKE_NEWS_SOURCE,1.0,-1.0,14.7,-1.0,0.33,0.0,5.0,1.0,COMPLETE,0.0283582089552238,187600,27,28,31,36,1.0,113962,55575,5706,12357,1,2,146
news-source-strategies,RQ3,E3-reach-mitigation,informational_reach14_7_wom0,1030,INFORMATIONAL_CAMOUFLAGE,TRADITIONAL_MEDIA,FAKE_NEWS_SOURCE,1.0,-1.0,14.7,-1.0,0.33,0.0,5.0,1.0,COMPLETE,0.0206167400881057,181600,23,26,28,34,1.0,113084,53843,3997,10676,1,2,146
news-source-strategies,RQ3,E3-reach-mitigation,informational_reach14_7_wom1,1001,INFORMATIONAL_CAMOUFLAGE,TRADITIONAL_MEDIA,FAKE_NEWS_SOURCE,1.0,-1.0,14.7,-1.0,0.33,1.0,5.0,1.0,COMPLETE,0.00074,199958,49,68,94,101,1.0,192218,5168,557,2015,14,29,65
news-source-strategies,RQ3,E3-reach-mitigation,informational_reach14_7_wom1,1002,INFORMATIONAL_CAMOUFLAGE,TRADITIONAL_MEDIA,FAKE_NEWS_SOURCE,1.0,-1.0,14.7,-1.0,0.33,1.0,5.0,1.0,COMPLETE,0.001,199961,35,38,51,80,1.0,194582,2830,434,2115,4,69,128
news-source-strategies,RQ3,E3-reach-mitigation,informational_reach14_7_wom1,1003,INFORMATIONAL_CAMOUFLAGE,TRADITIONAL_MEDIA,FAKE_NEWS_SOURCE,1.0,-1.0,14.7,-1.0,0.33,1.0,5.0,1.0,COMPLETE,0.00924,199963,40,55,113,121,1.0,190769,5220,1017,2957,31,70,320
news-source-strategies,RQ3,E3-reach-mitigation,informational_reach14_7_wom1,1004,INFORMATIONAL_CAMOUFLAGE,TRADITIONAL_MEDIA,FAKE_NEWS_SOURCE,1.0,-1.0,14.7,-1.0,0.33,1.0,5.0,1.0,COMPLETE,0.00092,199965,40,43,65,104,1.0,194914,2824,485,1742,6,66,181
news-source-strategies,RQ3,E3-reach-mitigation,informational_reach14_7_wom1,1005,INFORMATIONAL_CAMOUFLAGE,TRADITIONAL_MEDIA,FAKE_NEWS_SOURCE,1.0,-1.0,14.7,-1.0,0.33,1.0,5.0,1.0,COMPLETE,0.00262,199964,56,80,94,102,1.0,194179,2903,685,2197,9,24,50
news-source-strategies,RQ3,E3-reach-mitigation,informational_reach14_7_wom1,1006,INFORMATIONAL_CAMOUFLAGE,TRADITIONAL_MEDIA,FAKE_NEWS_SOURCE,1.0,-1.0,14.7,-1.0,0.33,1.0,5.0,1.0,COMPLETE,0.00276,199967,37,50,65,79,1.0,194874,2817,576,1700,4,63,279
news-source-strategies,RQ3,E3-reach-mitigation,informational_reach14_7_wom1,1007,INFORMATIONAL_CAMOUFLAGE,TRADITIONAL_MEDIA,FAKE_NEWS_SOURCE,1.0,-1.0,14.7,-1.0,0.33,1.0,5.0,1.0,COMPLETE,0.0023,199974,29,29,32,71,1.0,194317,3226,521,1910,5,119,264
news-source-strategies,RQ3,E3-reach-mitigation,informational_reach14_7_wom1,1008,INFORMATIONAL_CAMOUFLAGE,TRADITIONAL_MEDIA,FAKE_NEWS_SOURCE,1.0,-1.0,14.7,-1.0,0.33,1.0,5.0,1.0,COMPLETE,0.00266,199964,47,50,61,65,1.0,194357,2823,511,2273,1,4,211
news-source-strategies,RQ3,E3-reach-mitigation,informational_reach14_7_wom1,1009,INFORMATIONAL_CAMOUFLAGE,TRADITIONAL_MEDIA,FAKE_NEWS_SOURCE,1.0,-1.0,14.7,-1.0,0.33,1.0,5.0,1.0,COMPLETE,0.00252,199965,31,34,36,65,1.0,192355,5073,476,2061,2,115,162
news-source-strategies,RQ3,E3-reach-mitigation,informational_reach14_7_wom1,1010,INFORMATIONAL_CAMOUFLAGE,TRADITIONAL_MEDIA,FAKE_NEWS_SOURCE,1.0,-1.0,14.7,-1.0,0.33,1.0,5.0,1.0,COMPLETE,0.00426,199954,59,66,81,89,1.0,193151,3899,835,2069,6,38,253
news-source-strategies,RQ3,E3-reach-mitigation,informational_reach14_7_wom1,1011,INFORMATIONAL_CAMOUFLAGE,TRADITIONAL_MEDIA,FAKE_NEWS_SOURCE,1.0,-1.0,14.7,-1.0,0.33,1.0,5.0,1.0,COMPLETE,0.0016,199974,81,99,126,156,1.0,192999,3684,807,2484,5,27,89
news-source-strategies,RQ3,E3-reach-mitigation,informational_reach14_7_wom1,1012,INFORMATIONAL_CAMOUFLAGE,TRADITIONAL_MEDIA,FAKE_NEWS_SOURCE,1.0,-1.0,14.7,-1.0,0.33,1.0,5.0,1.0,COMPLETE,0.00198,199968,40,62,93,104,1.0,193000,3579,707,2682,12,77,198
news-source-strategies,RQ3,E3-reach-mitigation,informational_reach14_7_wom1,1013,INFORMATIONAL_CAMOUFLAGE,TRADITIONAL_MEDIA,FAKE_NEWS_SOURCE,1.0,-1.0,14.7,-1.0,0.33,1.0,5.0,1.0,COMPLETE,0.0007,199981,38,42,48,65,1.0,195988,2200,297,1496,1,20,140
news-source-strategies,RQ3,E3-reach-mitigation,informational_reach14_7_wom1,1014,INFORMATIONAL_CAMOUFLAGE,TRADITIONAL_MEDIA,FAKE_NEWS_SOURCE,1.0,-1.0,14.7,-1.0,0.33,1.0,5.0,1.0,COMPLETE,0.00368,199968,38,61,82,108,1.0,194457,2945,728,1838,23,80,192
news-source-strategies,RQ3,E3-reach-mitigation,informational_reach14_7_wom1,1015,INFORMATIONAL_CAMOUFLAGE,TRADITIONAL_MEDIA,FAKE_NEWS_SOURCE,1.0,-1.0,14.7,-1.0,0.33,1.0,5.0,1.0,COMPLETE,0.00816,199966,38,49,57,64,1.0,192242,4211,779,2734,6,212,381
news-source-strategies,RQ3,E3-reach-mitigation,informational_reach14_7_wom1,1016,INFORMATIONAL_CAMOUFLAGE,TRADITIONAL_MEDIA,FAKE_NEWS_SOURCE,1.0,-1.0,14.7,-1.0,0.33,1.0,5.0,1.0,COMPLETE,0.00074,199960,40,50,60,79,1.0,196122,2109,363,1366,2,26,164
news-source-strategies,RQ3,E3-reach-mitigation,informational_reach14_7_wom1,1017,INFORMATIONAL_CAMOUFLAGE,TRADITIONAL_MEDIA,FAKE_NEWS_SOURCE,1.0,-1.0,14.7,-1.0,0.33,1.0,5.0,1.0,COMPLETE,0.00286,199968,43,45,69,78,1.0,194018,3367,444,2139,10,73,118
news-source-strategies,RQ3,E3-reach-mitigation,informational_reach14_7_wom1,1018,INFORMATIONAL_CAMOUFLAGE,TRADITIONAL_MEDIA,FAKE_NEWS_SOURCE,1.0,-1.0,14.7,-1.0,0.33,1.0,5.0,1.0,COMPLETE,0.00068,199953,29,37,53,67,1.0,195382,2372,332,1867,2,80,189
news-source-strategies,RQ3,E3-reach-mitigation,informational_reach14_7_wom1,1019,INFORMATIONAL_CAMOUFLAGE,TRADITIONAL_MEDIA,FAKE_NEWS_SOURCE,1.0,-1.0,14.7,-1.0,0.33,1.0,5.0,1.0,COMPLETE,0.00152,199963,34,37,42,47,1.0,195217,2352,381,2013,3,87,245
news-source-strategies,RQ3,E3-reach-mitigation,informational_reach14_7_wom1,1020,INFORMATIONAL_CAMOUFLAGE,TRADITIONAL_MEDIA,FAKE_NEWS_SOURCE,1.0,-1.0,14.7,-1.0,0.33,1.0,5.0,1.0,COMPLETE,0.00246,199971,33,33,38,53,1.0,196246,1972,388,1365,2,123,255
news-source-strategies,RQ3,E3-reach-mitigation,informational_reach14_7_wom1,1021,INFORMATIONAL_CAMOUFLAGE,TRADITIONAL_MEDIA,FAKE_NEWS_SOURCE,1.0,-1.0,14.7,-1.0,0.33,1.0,5.0,1.0,COMPLETE,0.00102,199958,51,54,68,77,1.0,195452,2114,464,1928,2,12,92
news-source-strategies,RQ3,E3-reach-mitigation,informational_reach14_7_wom1,1022,INFORMATIONAL_CAMOUFLAGE,TRADITIONAL_MEDIA,FAKE_NEWS_SOURCE,1.0,-1.0,14.7,-1.0,0.33,1.0,5.0,1.0,COMPLETE,0.00314,199971,27,27,34,100,1.0,195167,2732,528,1544,68,138,152
news-source-strategies,RQ3,E3-reach-mitigation,informational_reach14_7_wom1,1023,INFORMATIONAL_CAMOUFLAGE,TRADITIONAL_MEDIA,FAKE_NEWS_SOURCE,1.0,-1.0,14.7,-1.0,0.33,1.0,5.0,1.0,COMPLETE,0.001,199967,48,79,87,96,1.0,194802,2768,435,1962,2,28,46
news-source-strategies,RQ3,E3-reach-mitigation,informational_reach14_7_wom1,1024,INFORMATIONAL_CAMOUFLAGE,TRADITIONAL_MEDIA,FAKE_NEWS_SOURCE,1.0,-1.0,14.7,-1.0,0.33,1.0,5.0,1.0,COMPLETE,0.00306,199970,79,92,101,130,1.0,191201,5336,821,2612,10,19,118
news-source-strategies,RQ3,E3-reach-mitigation,informational_reach14_7_wom1,1025,INFORMATIONAL_CAMOUFLAGE,TRADITIONAL_MEDIA,FAKE_NEWS_SOURCE,1.0,-1.0,14.7,-1.0,0.33,1.0,5.0,1.0,COMPLETE,0.00546,199962,16,16,29,37,1.0,195896,2093,447,1526,96,272,385
news-source-strategies,RQ3,E3-reach-mitigation,informational_reach14_7_wom1,1026,INFORMATIONAL_CAMOUFLAGE,TRADITIONAL_MEDIA,FAKE_NEWS_SOURCE,1.0,-1.0,14.7,-1.0,0.33,1.0,5.0,1.0,COMPLETE,0.0019,199962,38,62,71,73,1.0,192054,4638,572,2698,5,35,210
news-source-strategies,RQ3,E3-reach-mitigation,informational_reach14_7_wom1,1027,INFORMATIONAL_CAMOUFLAGE,TRADITIONAL_MEDIA,FAKE_NEWS_SOURCE,1.0,-1.0,14.7,-1.0,0.33,1.0,5.0,1.0,COMPLETE,0.0008,199964,39,54,70,89,1.0,196477,1864,464,1159,2,50,116
news-source-strategies,RQ3,E3-reach-mitigation,informational_reach14_7_wom1,1028,INFORMATIONAL_CAMOUFLAGE,TRADITIONAL_MEDIA,FAKE_NEWS_SOURCE,1.0,-1.0,14.7,-1.0,0.33,1.0,5.0,1.0,COMPLETE,0.00084,199968,26,30,32,41,1.0,196400,2019,253,1296,3,35,233
news-source-strategies,RQ3,E3-reach-mitigation,informational_reach14_7_wom1,1029,INFORMATIONAL_CAMOUFLAGE,TRADITIONAL_MEDIA,FAKE_NEWS_SOURCE,1.0,-1.0,14.7,-1.0,0.33,1.0,5.0,1.0,COMPLETE,0.00114,199969,57,59,62,71,1.0,196469,1909,295,1296,2,6,123
news-source-strategies,RQ3,E3-reach-mitigation,informational_reach14_7_wom1,1030,INFORMATIONAL_CAMOUFLAGE,TRADITIONAL_MEDIA,FAKE_NEWS_SOURCE,1.0,-1.0,14.7,-1.0,0.33,1.0,5.0,1.0,COMPLETE,0.00176,199954,36,74,90,117,1.0,191808,4985,729,2432,26,52,173
news-source-strategies,RQ3,E3-reach-mitigation,informational_reach10_0_wom0,1001,INFORMATIONAL_CAMOUFLAGE,TRADITIONAL_MEDIA,FAKE_NEWS_SOURCE,1.0,-1.0,10.0,-1.0,0.33,0.0,5.0,1.0,COMPLETE,0.0196936542669584,182800,14,14,16,22,1.0,112742,55258,3769,11031,1,2,120
news-source-strategies,RQ3,E3-reach-mitigation,informational_reach10_0_wom0,1002,INFORMATIONAL_CAMOUFLAGE,TRADITIONAL_MEDIA,FAKE_NEWS_SOURCE,1.0,-1.0,10.0,-1.0,0.33,0.0,5.0,1.0,COMPLETE,0.0149342105263157,182400,18,18,18,20,1.0,121980,47239,2626,10555,1,1,13
news-source-strategies,RQ3,E3-reach-mitigation,informational_reach10_0_wom0,1003,INFORMATIONAL_CAMOUFLAGE,TRADITIONAL_MEDIA,FAKE_NEWS_SOURCE,1.0,-1.0,10.0,-1.0,0.33,0.0,5.0,1.0,COMPLETE,0.0146405228758169,183600,15,17,20,23,1.0,116743,54080,2829,9948,2,3,114
news-source-strategies,RQ3,E3-reach-mitigation,informational_reach10_0_wom0,1004,INFORMATIONAL_CAMOUFLAGE,TRADITIONAL_MEDIA,FAKE_NEWS_SOURCE,1.0,-1.0,10.0,-1.0,0.33,0.0,5.0,1.0,COMPLETE,0.009010752688172,186000,12,13,15,18,1.0,115898,55414,2122,12566,1,77,262
news-source-strategies,RQ3,E3-reach-mitigation,informational_reach10_0_wom0,1005,INFORMATIONAL_CAMOUFLAGE,TRADITIONAL_MEDIA,FAKE_NEWS_SOURCE,1.0,-1.0,10.0,-1.0,0.33,0.0,5.0,1.0,COMPLETE,0.0215618221258134,184400,17,18,18,18,1.0,115540,52127,3710,13023,1,1,14
news-source-strategies,RQ3,E3-reach-mitigation,informational_reach10_0_wom0,1006,INFORMATIONAL_CAMOUFLAGE,TRADITIONAL_MEDIA,FAKE_NEWS_SOURCE,1.0,-1.0,10.0,-1.0,0.33,0.0,5.0,1.0,COMPLETE,0.0241720430107526,186000,24,27,29,34,1.0,117082,51978,4568,12372,1,3,43
news-source-strategies,RQ3,E3-reach-mitigation,informational_reach10_0_wom0,1007,INFORMATIONAL_CAMOUFLAGE,TRADITIONAL_MEDIA,FAKE_NEWS_SOURCE,1.0,-1.0,10.0,-1.0,0.33,0.0,5.0,1.0,COMPLETE,0.0228902953586497,189600,24,24,24,27,1.0,124443,48465,4354,12338,1,1,3
news-source-strategies,RQ3,E3-reach-mitigation,informational_reach10_0_wom0,1008,INFORMATIONAL_CAMOUFLAGE,TRADITIONAL_MEDIA,FAKE_NEWS_SOURCE,1.0,-1.0,10.0,-1.0,0.33,0.0,5.0,1.0,COMPLETE,0.0271861471861471,184800,25,27,28,32,1.0,118143,47915,5369,13373,1,1,41
news-source-strategies,RQ3,E3-reach-mitigation,informational_reach10_0_wom0,1009,INFORMATIONAL_CAMOUFLAGE,TRADITIONAL_MEDIA,FAKE_NEWS_SOURCE,1.0,-1.0,10.0,-1.0,0.33,0.0,5.0,1.0,COMPLETE,0.0099568034557235,185200,19,19,19,21,1.0,119955,48881,3081,13283,1,2,3
news-source-strategies,RQ3,E3-reach-mitigation,informational_reach10_0_wom0,1010,INFORMATIONAL_CAMOUFLAGE,TRADITIONAL_MEDIA,FAKE_NEWS_SOURCE,1.0,-1.0,10.0,-1.0,0.33,0.0,5.0,1.0,COMPLETE,0.0227272727272727,180400,18,20,21,23,1.0,114183,50312,4418,11487,1,2,57
news-source-strategies,RQ3,E3-reach-mitigation,informational_reach10_0_wom0,1011,INFORMATIONAL_CAMOUFLAGE,TRADITIONAL_MEDIA,FAKE_NEWS_SOURCE,1.0,-1.0,10.0,-1.0,0.33,0.0,5.0,1.0,COMPLETE,0.0197452229299363,188400,21,23,25,26,1.0,120740,50313,3633,13714,1,2,24
news-source-strategies,RQ3,E3-reach-mitigation,informational_reach10_0_wom0,1012,INFORMATIONAL_CAMOUFLAGE,TRADITIONAL_MEDIA,FAKE_NEWS_SOURCE,1.0,-1.0,10.0,-1.0,0.33,0.0,5.0,1.0,COMPLETE,0.0136695278969957,186400,16,17,18,21,1.0,119263,51219,2790,13128,1,2,200
news-source-strategies,RQ3,E3-reach-mitigation,informational_reach10_0_wom0,1013,INFORMATIONAL_CAMOUFLAGE,TRADITIONAL_MEDIA,FAKE_NEWS_SOURCE,1.0,-1.0,10.0,-1.0,0.33,0.0,5.0,1.0,COMPLETE,0.0179209979209979,192400,22,25,27,28,1.0,124286,49703,4363,14048,1,2,42
news-source-strategies,RQ3,E3-reach-mitigation,informational_reach10_0_wom0,1014,INFORMATIONAL_CAMOUFLAGE,TRADITIONAL_MEDIA,FAKE_NEWS_SOURCE,1.0,-1.0,10.0,-1.0,0.33,0.0,5.0,1.0,COMPLETE,0.024763948497854,186400,23,24,26,31,1.0,121935,48527,5134,10804,1,2,110
news-source-strategies,RQ3,E3-reach-mitigation,informational_reach10_0_wom0,1015,INFORMATIONAL_CAMOUFLAGE,TRADITIONAL_MEDIA,FAKE_NEWS_SOURCE,1.0,-1.0,10.0,-1.0,0.33,0.0,5.0,1.0,COMPLETE,0.0213852813852813,184800,26,26,28,30,1.0,116726,49612,4165,14297,1,2,57
news-source-strategies,RQ3,E3-reach-mitigation,informational_reach10_0_wom0,1016,INFORMATIONAL_CAMOUFLAGE,TRADITIONAL_MEDIA,FAKE_NEWS_SOURCE,1.0,-1.0,10.0,-1.0,0.33,0.0,5.0,1.0,COMPLETE,0.0142139737991266,183200,24,25,25,28,1.0,123586,45703,3969,9942,1,1,3
news-source-strategies,RQ3,E3-reach-mitigation,informational_reach10_0_wom0,1017,INFORMATIONAL_CAMOUFLAGE,TRADITIONAL_MEDIA,FAKE_NEWS_SOURCE,1.0,-1.0,10.0,-1.0,0.33,0.0,5.0,1.0,COMPLETE,0.0171459227467811,186400,18,19,22,27,1.0,121216,50138,3449,11597,1,2,92
news-source-strategies,RQ3,E3-reach-mitigation,informational_reach10_0_wom0,1018,INFORMATIONAL_CAMOUFLAGE,TRADITIONAL_MEDIA,FAKE_NEWS_SOURCE,1.0,-1.0,10.0,-1.0,0.33,0.0,5.0,1.0,COMPLETE,0.0227593818984547,181200,21,21,25,27,1.0,106072,56383,4322,14423,1,2,79
news-source-strategies,RQ3,E3-reach-mitigation,informational_reach10_0_wom0,1019,INFORMATIONAL_CAMOUFLAGE,TRADITIONAL_MEDIA,FAKE_NEWS_SOURCE,1.0,-1.0,10.0,-1.0,0.33,0.0,5.0,1.0,COMPLETE,0.006529284164859,184400,14,16,18,20,1.0,121149,49849,1628,11774,1,2,52
news-source-strategies,RQ3,E3-reach-mitigation,informational_reach10_0_wom0,1020,INFORMATIONAL_CAMOUFLAGE,TRADITIONAL_MEDIA,FAKE_NEWS_SOURCE,1.0,-1.0,10.0,-1.0,0.33,0.0,5.0,1.0,COMPLETE,0.0168017057569296,187600,13,18,20,26,1.0,117217,54542,2716,13125,2,36,137
news-source-strategies,RQ3,E3-reach-mitigation,informational_reach10_0_wom0,1021,INFORMATIONAL_CAMOUFLAGE,TRADITIONAL_MEDIA,FAKE_NEWS_SOURCE,1.0,-1.0,10.0,-1.0,0.33,0.0,5.0,1.0,COMPLETE,0.0180263157894736,182400,23,26,28,31,1.0,120941,46475,3483,11501,1,2,43
news-source-strategies,RQ3,E3-reach-mitigation,informational_reach10_0_wom0,1022,INFORMATIONAL_CAMOUFLAGE,TRADITIONAL_MEDIA,FAKE_NEWS_SOURCE,1.0,-1.0,10.0,-1.0,0.33,0.0,5.0,1.0,COMPLETE,0.0167659574468085,188000,16,18,18,21,1.0,127024,46563,3611,10802,1,2,34
news-source-strategies,RQ3,E3-reach-mitigation,informational_reach10_0_wom0,1023,INFORMATIONAL_CAMOUFLAGE,TRADITIONAL_MEDIA,FAKE_NEWS_SOURCE,1.0,-1.0,10.0,-1.0,0.33,0.0,5.0,1.0,COMPLETE,0.0159395248380129,185200,19,19,19,20,1.0,119774,48883,3136,13407,1,1,3
news-source-strategies,RQ3,E3-reach-mitigation,informational_reach10_0_wom0,1024,INFORMATIONAL_CAMOUFLAGE,TRADITIONAL_MEDIA,FAKE_NEWS_SOURCE,1.0,-1.0,10.0,-1.0,0.33,0.0,5.0,1.0,COMPLETE,0.0192735042735042,187200,26,28,30,33,1.0,116095,53976,4508,12621,1,1,5
news-source-strategies,RQ3,E3-reach-mitigation,informational_reach10_0_wom0,1025,INFORMATIONAL_CAMOUFLAGE,TRADITIONAL_MEDIA,FAKE_NEWS_SOURCE,1.0,-1.0,10.0,-1.0,0.33,0.0,5.0,1.0,COMPLETE,0.0122727272727272,184800,12,14,18,21,1.0,118215,52590,2990,11005,1,39,103
news-source-strategies,RQ3,E3-reach-mitigation,informational_reach10_0_wom0,1026,INFORMATIONAL_CAMOUFLAGE,TRADITIONAL_MEDIA,FAKE_NEWS_SOURCE,1.0,-1.0,10.0,-1.0,0.33,0.0,5.0,1.0,COMPLETE,0.0264208242950108,184400,18,19,20,24,1.0,121188,46174,4878,12160,1,2,97
news-source-strategies,RQ3,E3-reach-mitigation,informational_reach10_0_wom0,1027,INFORMATIONAL_CAMOUFLAGE,TRADITIONAL_MEDIA,FAKE_NEWS_SOURCE,1.0,-1.0,10.0,-1.0,0.33,0.0,5.0,1.0,COMPLETE,0.0239610389610389,184800,24,25,25,31,1.0,117124,52087,4921,10668,1,2,191
news-source-strategies,RQ3,E3-reach-mitigation,informational_reach10_0_wom0,1028,INFORMATIONAL_CAMOUFLAGE,TRADITIONAL_MEDIA,FAKE_NEWS_SOURCE,1.0,-1.0,10.0,-1.0,0.33,0.0,5.0,1.0,COMPLETE,0.002008547008547,187200,13,16,16,17,1.0,125724,47737,1134,12605,1,2,40
news-source-strategies,RQ3,E3-reach-mitigation,informational_reach10_0_wom0,1029,INFORMATIONAL_CAMOUFLAGE,TRADITIONAL_MEDIA,FAKE_NEWS_SOURCE,1.0,-1.0,10.0,-1.0,0.33,0.0,5.0,1.0,COMPLETE,0.0190967741935483,186000,19,19,21,24,1.0,121028,50764,4383,9825,1,3,114
news-source-strategies,RQ3,E3-reach-mitigation,informational_reach10_0_wom0,1030,INFORMATIONAL_CAMOUFLAGE,TRADITIONAL_MEDIA,FAKE_NEWS_SOURCE,1.0,-1.0,10.0,-1.0,0.33,0.0,5.0,1.0,COMPLETE,0.0141850220264317,181600,13,15,17,22,1.0,114513,54245,2484,10358,1,4,166
news-source-strategies,RQ3,E3-reach-mitigation,informational_reach10_0_wom1,1001,INFORMATIONAL_CAMOUFLAGE,TRADITIONAL_MEDIA,FAKE_NEWS_SOURCE,1.0,-1.0,10.0,-1.0,0.33,1.0,5.0,1.0,COMPLETE,0.01106,199957,46,57,63,66,1.0,183349,11288,1008,4312,24,276,348
news-source-strategies,RQ3,E3-reach-mitigation,informational_reach10_0_wom1,1002,INFORMATIONAL_CAMOUFLAGE,TRADITIONAL_MEDIA,FAKE_NEWS_SOURCE,1.0,-1.0,10.0,-1.0,0.33,1.0,5.0,1.0,COMPLETE,0.00032,199956,38,41,42,50,1.0,193564,3723,291,2378,2,11,194
news-source-strategies,RQ3,E3-reach-mitigation,informational_reach10_0_wom1,1003,INFORMATIONAL_CAMOUFLAGE,TRADITIONAL_MEDIA,FAKE_NEWS_SOURCE,1.0,-1.0,10.0,-1.0,0.33,1.0,5.0,1.0,COMPLETE,0.00828,199959,25,25,29,44,1.0,190709,5916,624,2710,103,340,347
news-source-strategies,RQ3,E3-reach-mitigation,informational_reach10_0_wom1,1004,INFORMATIONAL_CAMOUFLAGE,TRADITIONAL_MEDIA,FAKE_NEWS_SOURCE,1.0,-1.0,10.0,-1.0,0.33,1.0,5.0,1.0,COMPLETE,0.00062,199965,30,32,48,73,1.0,195103,2827,316,1719,5,65,180
news-source-strategies,RQ3,E3-reach-mitigation,informational_reach10_0_wom1,1005,INFORMATIONAL_CAMOUFLAGE,TRADITIONAL_MEDIA,FAKE_NEWS_SOURCE,1.0,-1.0,10.0,-1.0,0.33,1.0,5.0,1.0,COMPLETE,0.00228,199961,42,43,45,47,1.0,193940,2970,338,2713,4,13,350
news-source-strategies,RQ3,E3-reach-mitigation,informational_reach10_0_wom1,1006,INFORMATIONAL_CAMOUFLAGE,TRADITIONAL_MEDIA,FAKE_NEWS_SOURCE,1.0,-1.0,10.0,-1.0,0.33,1.0,5.0,1.0,COMPLETE,0.00106,199965,22,24,35,46,1.0,196616,1696,252,1401,2,79,285
news-source-strategies,RQ3,E3-reach-mitigation,informational_reach10_0_wom1,1007,INFORMATIONAL_CAMOUFLAGE,TRADITIONAL_MEDIA,FAKE_NEWS_SOURCE,1.0,-1.0,10.0,-1.0,0.33,1.0,5.0,1.0,COMPLETE,0.00128,199974,19,19,22,56,1.0,194465,3198,373,1938,6,116,172
news-source-strategies,RQ3,E3-reach-mitigation,informational_reach10_0_wom1,1008,INFORMATIONAL_CAMOUFLAGE,TRADITIONAL_MEDIA,FAKE_NEWS_SOURCE,1.0,-1.0,10.0,-1.0,0.33,1.0,5.0,1.0,COMPLETE,0.0025,199962,52,55,72,85,1.0,192044,4451,581,2886,4,25,104
news-source-strategies,RQ3,E3-reach-mitigation,informational_reach10_0_wom1,1009,INFORMATIONAL_CAMOUFLAGE,TRADITIONAL_MEDIA,FAKE_NEWS_SOURCE,1.0,-1.0,10.0,-1.0,0.33,1.0,5.0,1.0,COMPLETE,0.00166,199963,32,60,63,73,1.0,195937,2146,341,1539,12,30,263
news-source-strategies,RQ3,E3-reach-mitigation,informational_reach10_0_wom1,1010,INFORMATIONAL_CAMOUFLAGE,TRADITIONAL_MEDIA,FAKE_NEWS_SOURCE,1.0,-1.0,10.0,-1.0,0.33,1.0,5.0,1.0,COMPLETE,0.00224,199951,21,26,42,68,1.0,195390,2244,607,1710,77,164,235
news-source-strategies,RQ3,E3-reach-mitigation,informational_reach10_0_wom1,1011,INFORMATIONAL_CAMOUFLAGE,TRADITIONAL_MEDIA,FAKE_NEWS_SOURCE,1.0,-1.0,10.0,-1.0,0.33,1.0,5.0,1.0,COMPLETE,0.00178,199971,27,28,31,38,1.0,196256,1848,307,1560,2,142,224
news-source-strategies,RQ3,E3-reach-mitigation,informational_reach10_0_wom1,1012,INFORMATIONAL_CAMOUFLAGE,TRADITIONAL_MEDIA,FAKE_NEWS_SOURCE,1.0,-1.0,10.0,-1.0,0.33,1.0,5.0,1.0,COMPLETE,0.00254,199966,21,21,23,98,1.0,191702,4536,688,3040,182,189,200
news-source-strategies,RQ3,E3-reach-mitigation,informational_reach10_0_wom1,1013,INFORMATIONAL_CAMOUFLAGE,TRADITIONAL_MEDIA,FAKE_NEWS_SOURCE,1.0,-1.0,10.0,-1.0,0.33,1.0,5.0,1.0,COMPLETE,0.00036,199981,31,33,37,49,1.0,196030,2230,218,1503,1,6,139
news-source-strategies,RQ3,E3-reach-mitigation,informational_reach10_0_wom1,1014,INFORMATIONAL_CAMOUFLAGE,TRADITIONAL_MEDIA,FAKE_NEWS_SOURCE,1.0,-1.0,10.0,-1.0,0.33,1.0,5.0,1.0,COMPLETE,0.00276,199966,24,28,35,62,1.0,195331,2556,389,1690,5,138,250
news-source-strategies,RQ3,E3-reach-mitigation,informational_reach10_0_wom1,1015,INFORMATIONAL_CAMOUFLAGE,TRADITIONAL_MEDIA,FAKE_NEWS_SOURCE,1.0,-1.0,10.0,-1.0,0.33,1.0,5.0,1.0,COMPLETE,0.00076,199962,33,35,41,45,1.0,196964,1614,185,1199,1,2,88
news-source-strategies,RQ3,E3-reach-mitigation,informational_reach10_0_wom1,1016,INFORMATIONAL_CAMOUFLAGE,TRADITIONAL_MEDIA,FAKE_NEWS_SOURCE,1.0,-1.0,10.0,-1.0,0.33,1.0,5.0,1.0,COMPLETE,0.00088,199958,34,34,36,57,1.0,195344,2450,316,1848,2,25,123
news-source-strategies,RQ3,E3-reach-mitigation,informational_reach10_0_wom1,1017,INFORMATIONAL_CAMOUFLAGE,TRADITIONAL_MEDIA,FAKE_NEWS_SOURCE,1.0,-1.0,10.0,-1.0,0.33,1.0,5.0,1.0,COMPLETE,0.00072,199966,22,27,43,65,1.0,193288,4011,396,2271,12,100,133
news-source-strategies,RQ3,E3-reach-mitigation,informational_reach10_0_wom1,1018,INFORMATIONAL_CAMOUFLAGE,TRADITIONAL_MEDIA,FAKE_NEWS_SOURCE,1.0,-1.0,10.0,-1.0,0.33,1.0,5.0,1.0,COMPLETE,0.00054,199953,23,31,44,55,1.0,195355,2363,297,1938,2,80,188
news-source-strategies,RQ3,E3-reach-mitigation,informational_reach10_0_wom1,1019,INFORMATIONAL_CAMOUFLAGE,TRADITIONAL_MEDIA,FAKE_NEWS_SOURCE,1.0,-1.0,10.0,-1.0,0.33,1.0,5.0,1.0,COMPLETE,0.00248,199961,24,42,55,70,1.0,193295,3585,520,2561,11,58,212
news-source-strategies,RQ3,E3-reach-mitigation,informational_reach10_0_wom1,1020,INFORMATIONAL_CAMOUFLAGE,TRADITIONAL_MEDIA,FAKE_NEWS_SOURCE,1.0,-1.0,10.0,-1.0,0.33,1.0,5.0,1.0,COMPLETE,0.00366,199969,42,50,55,59,1.0,192552,4367,410,2640,12,27,357
news-source-strategies,RQ3,E3-reach-mitigation,informational_reach10_0_wom1,1021,INFORMATIONAL_CAMOUFLAGE,TRADITIONAL_MEDIA,FAKE_NEWS_SOURCE,1.0,-1.0,10.0,-1.0,0.33,1.0,5.0,1.0,COMPLETE,0.00076,199956,36,37,42,58,1.0,193987,3592,318,2059,2,19,120
news-source-strategies,RQ3,E3-reach-mitigation,informational_reach10_0_wom1,1022,INFORMATIONAL_CAMOUFLAGE,TRADITIONAL_MEDIA,FAKE_NEWS_SOURCE,1.0,-1.0,10.0,-1.0,0.33,1.0,5.0,1.0,COMPLETE,0.00048,199970,22,22,28,59,1.0,195606,2681,218,1465,5,164,177
news-source-strategies,RQ3,E3-reach-mitigation,informational_reach10_0_wom1,1023,INFORMATIONAL_CAMOUFLAGE,TRADITIONAL_MEDIA,FAKE_NEWS_SOURCE,1.0,-1.0,10.0,-1.0,0.33,1.0,5.0,1.0,COMPLETE,0.0012,199963,22,22,55,105,1.0,191960,4803,579,2621,70,106,179
news-source-strategies,RQ3,E3-reach-mitigation,informational_reach10_0_wom1,1024,INFORMATIONAL_CAMOUFLAGE,TRADITIONAL_MEDIA,FAKE_NEWS_SOURCE,1.0,-1.0,10.0,-1.0,0.33,1.0,5.0,1.0,COMPLETE,0.00214,199968,25,27,74,86,1.0,192641,4741,562,2024,55,71,130
news-source-strategies,RQ3,E3-reach-mitigation,informational_reach10_0_wom1,1025,INFORMATIONAL_CAMOUFLAGE,TRADITIONAL_MEDIA,FAKE_NEWS_SOURCE,1.0,-1.0,10.0,-1.0,0.33,1.0,5.0,1.0,COMPLETE,0.00398,199962,11,11,23,27,1.0,195947,2165,317,1533,73,314,386
news-source-strategies,RQ3,E3-reach-mitigation,informational_reach10_0_wom1,1026,INFORMATIONAL_CAMOUFLAGE,TRADITIONAL_MEDIA,FAKE_NEWS_SOURCE,1.0,-1.0,10.0,-1.0,0.33,1.0,5.0,1.0,COMPLETE,0.00112,199961,18,19,38,53,1.0,195276,2557,314,1814,3,74,124
news-source-strategies,RQ3,E3-reach-mitigation,informational_reach10_0_wom1,1027,INFORMATIONAL_CAMOUFLAGE,TRADITIONAL_MEDIA,FAKE_NEWS_SOURCE,1.0,-1.0,10.0,-1.0,0.33,1.0,5.0,1.0,COMPLETE,0.00108,199962,51,56,57,58,1.0,196378,2236,228,1120,1,4,19
news-source-strategies,RQ3,E3-reach-mitigation,informational_reach10_0_wom1,1028,INFORMATIONAL_CAMOUFLAGE,TRADITIONAL_MEDIA,FAKE_NEWS_SOURCE,1.0,-1.0,10.0,-1.0,0.33,1.0,5.0,1.0,COMPLETE,0.00064,199968,17,20,20,24,1.0,196478,1994,178,1318,3,34,238
news-source-strategies,RQ3,E3-reach-mitigation,informational_reach10_0_wom1,1029,INFORMATIONAL_CAMOUFLAGE,TRADITIONAL_MEDIA,FAKE_NEWS_SOURCE,1.0,-1.0,10.0,-1.0,0.33,1.0,5.0,1.0,COMPLETE,0.00092,199965,29,31,35,55,1.0,193166,3589,365,2845,2,63,156
news-source-strategies,RQ3,E3-reach-mitigation,informational_reach10_0_wom1,1030,INFORMATIONAL_CAMOUFLAGE,TRADITIONAL_MEDIA,FAKE_NEWS_SOURCE,1.0,-1.0,10.0,-1.0,0.33,1.0,5.0,1.0,COMPLETE,0.00118,199954,25,53,66,84,1.0,191987,4979,527,2461,23,42,164
news-source-strategies,RQ3,E3-reach-mitigation,informational_reach5_0_wom0,1001,INFORMATIONAL_CAMOUFLAGE,TRADITIONAL_MEDIA,FAKE_NEWS_SOURCE,1.0,-1.0,5.0,-1.0,0.33,0.0,5.0,1.0,COMPLETE,0.0069670329670329,182000,6,7,9,10,1.0,112110,54549,1647,13694,1,2,100
news-source-strategies,RQ3,E3-reach-mitigation,informational_reach5_0_wom0,1002,INFORMATIONAL_CAMOUFLAGE,TRADITIONAL_MEDIA,FAKE_NEWS_SOURCE,1.0,-1.0,5.0,-1.0,0.33,0.0,5.0,1.0,COMPLETE,0.0046799116997792,181200,7,7,7,9,1.0,119464,49358,1043,11335,1,2,152
news-source-strategies,RQ3,E3-reach-mitigation,informational_reach5_0_wom0,1003,INFORMATIONAL_CAMOUFLAGE,TRADITIONAL_MEDIA,FAKE_NEWS_SOURCE,1.0,-1.0,5.0,-1.0,0.33,0.0,5.0,1.0,COMPLETE,0.006688596491228,182400,5,6,6,6,1.0,122129,51333,1198,7740,1,47,297
news-source-strategies,RQ3,E3-reach-mitigation,informational_reach5_0_wom0,1004,INFORMATIONAL_CAMOUFLAGE,TRADITIONAL_MEDIA,FAKE_NEWS_SOURCE,1.0,-1.0,5.0,-1.0,0.33,0.0,5.0,1.0,COMPLETE,0.0036285097192224,185200,8,8,8,8,1.0,121095,50103,1011,12991,1,1,2
news-source-strategies,RQ3,E3-reach-mitigation,informational_reach5_0_wom0,1005,INFORMATIONAL_CAMOUFLAGE,TRADITIONAL_MEDIA,FAKE_NEWS_SOURCE,1.0,-1.0,5.0,-1.0,0.33,0.0,5.0,1.0,COMPLETE,0.0085589519650655,183200,6,7,8,8,1.0,114798,55034,1845,11523,1,2,232
news-source-strategies,RQ3,E3-reach-mitigation,informational_reach5_0_wom0,1006,INFORMATIONAL_CAMOUFLAGE,TRADITIONAL_MEDIA,FAKE_NEWS_SOURCE,1.0,-1.0,5.0,-1.0,0.33,0.0,5.0,1.0,COMPLETE,0.0162689804772234,184400,13,14,14,14,1.0,117176,54851,3141,9232,1,2,9
news-source-strategies,RQ3,E3-reach-mitigation,informational_reach5_0_wom0,1007,INFORMATIONAL_CAMOUFLAGE,TRADITIONAL_MEDIA,FAKE_NEWS_SOURCE,1.0,-1.0,5.0,-1.0,0.33,0.0,5.0,1.0,COMPLETE,0.0107446808510638,188000,8,8,10,13,1.0,122618,51227,2105,12050,1,2,121
news-source-strategies,RQ3,E3-reach-mitigation,informational_reach5_0_wom0,1008,INFORMATIONAL_CAMOUFLAGE,TRADITIONAL_MEDIA,FAKE_NEWS_SOURCE,1.0,-1.0,5.0,-1.0,0.33,0.0,5.0,1.0,COMPLETE,0.0150657894736842,182400,9,9,13,15,1.0,119659,48312,2528,11901,1,2,115
news-source-strategies,RQ3,E3-reach-mitigation,informational_reach5_0_wom0,1009,INFORMATIONAL_CAMOUFLAGE,TRADITIONAL_MEDIA,FAKE_NEWS_SOURCE,1.0,-1.0,5.0,-1.0,0.33,0.0,5.0,1.0,COMPLETE,0.0099568034557235,185200,14,14,14,16,1.0,120282,48954,2682,13282,1,2,12
news-source-strategies,RQ3,E3-reach-mitigation,informational_reach5_0_wom0,1010,INFORMATIONAL_CAMOUFLAGE,TRADITIONAL_MEDIA,FAKE_NEWS_SOURCE,1.0,-1.0,5.0,-1.0,0.33,0.0,5.0,1.0,COMPLETE,0.0135111111111111,180000,13,15,15,16,1.0,116692,49066,2851,11391,1,1,30
news-source-strategies,RQ3,E3-reach-mitigation,informational_reach5_0_wom0,1011,INFORMATIONAL_CAMOUFLAGE,TRADITIONAL_MEDIA,FAKE_NEWS_SOURCE,1.0,-1.0,5.0,-1.0,0.33,0.0,5.0,1.0,COMPLETE,0.0021244635193133,186400,7,7,8,10,1.0,122768,47748,624,15260,1,2,138
news-source-strategies,RQ3,E3-reach-mitigation,informational_reach5_0_wom0,1012,INFORMATIONAL_CAMOUFLAGE,TRADITIONAL_MEDIA,FAKE_NEWS_SOURCE,1.0,-1.0,5.0,-1.0,0.33,0.0,5.0,1.0,COMPLETE,0.0125806451612903,186000,9,10,11,12,1.0,116946,56550,2252,10252,1,2,93
news-source-strategies,RQ3,E3-reach-mitigation,informational_reach5_0_wom0,1013,INFORMATIONAL_CAMOUFLAGE,TRADITIONAL_MEDIA,FAKE_NEWS_SOURCE,1.0,-1.0,5.0,-1.0,0.33,0.0,5.0,1.0,COMPLETE,0.0052192066805845,191600,6,7,8,9,1.0,120486,53785,1298,16031,1,3,110
news-source-strategies,RQ3,E3-reach-mitigation,informational_reach5_0_wom0,1014,INFORMATIONAL_CAMOUFLAGE,TRADITIONAL_MEDIA,FAKE_NEWS_SOURCE,1.0,-1.0,5.0,-1.0,0.33,0.0,5.0,1.0,COMPLETE,0.0129462365591397,186000,15,16,16,20,1.0,122521,49941,2549,10989,1,1,104
news-source-strategies,RQ3,E3-reach-mitigation,informational_reach5_0_wom0,1015,INFORMATIONAL_CAMOUFLAGE,TRADITIONAL_MEDIA,FAKE_NEWS_SOURCE,1.0,-1.0,5.0,-1.0,0.33,0.0,5.0,1.0,COMPLETE,0.0093899782135076,183600,12,13,14,16,1.0,112901,55669,2412,12618,1,2,71
news-source-strategies,RQ3,E3-reach-mitigation,informational_reach5_0_wom0,1016,INFORMATIONAL_CAMOUFLAGE,TRADITIONAL_MEDIA,FAKE_NEWS_SOURCE,1.0,-1.0,5.0,-1.0,0.33,0.0,5.0,1.0,COMPLETE,0.011359649122807,182400,10,10,12,15,1.0,119915,48152,2370,11963,1,1,93
news-source-strategies,RQ3,E3-reach-mitigation,informational_reach5_0_wom0,1017,INFORMATIONAL_CAMOUFLAGE,TRADITIONAL_MEDIA,FAKE_NEWS_SOURCE,1.0,-1.0,5.0,-1.0,0.33,0.0,5.0,1.0,COMPLETE,0.0089804772234273,184400,9,10,13,16,1.0,123842,46043,1656,12859,1,24,84
news-source-strategies,RQ3,E3-reach-mitigation,informational_reach5_0_wom0,1018,INFORMATIONAL_CAMOUFLAGE,TRADITIONAL_MEDIA,FAKE_NEWS_SOURCE,1.0,-1.0,5.0,-1.0,0.33,0.0,5.0,1.0,COMPLETE,0.0050223214285714,179200,9,9,10,10,1.0,109090,56585,1133,12392,1,1,3
news-source-strategies,RQ3,E3-reach-mitigation,informational_reach5_0_wom0,1019,INFORMATIONAL_CAMOUFLAGE,TRADITIONAL_MEDIA,FAKE_NEWS_SOURCE,1.0,-1.0,5.0,-1.0,0.33,0.0,5.0,1.0,COMPLETE,0.0043817787418655,184400,7,7,8,10,1.0,121680,50052,949,11719,1,2,103
news-source-strategies,RQ3,E3-reach-mitigation,informational_reach5_0_wom0,1020,INFORMATIONAL_CAMOUFLAGE,TRADITIONAL_MEDIA,FAKE_NEWS_SOURCE,1.0,-1.0,5.0,-1.0,0.33,0.0,5.0,1.0,COMPLETE,0.011002132196162,187600,7,10,12,16,1.0,117591,54948,1796,13265,2,44,143
news-source-strategies,RQ3,E3-reach-mitigation,informational_reach5_0_wom0,1021,INFORMATIONAL_CAMOUFLAGE,TRADITIONAL_MEDIA,FAKE_NEWS_SOURCE,1.0,-1.0,5.0,-1.0,0.33,0.0,5.0,1.0,COMPLETE,0.0076263736263736,182000,12,12,12,13,1.0,123328,45589,1867,11216,1,1,14
news-source-strategies,RQ3,E3-reach-mitigation,informational_reach5_0_wom0,1022,INFORMATIONAL_CAMOUFLAGE,TRADITIONAL_MEDIA,FAKE_NEWS_SOURCE,1.0,-1.0,5.0,-1.0,0.33,0.0,5.0,1.0,COMPLETE,0.0064743589743589,187200,7,7,7,8,1.0,125874,47053,1754,12519,1,1,106
news-source-strategies,RQ3,E3-reach-mitigation,informational_reach5_0_wom0,1023,INFORMATIONAL_CAMOUFLAGE,TRADITIONAL_MEDIA,FAKE_NEWS_SOURCE,1.0,-1.0,5.0,-1.0,0.33,0.0,5.0,1.0,COMPLETE,0.0044130434782608,184000,7,8,9,9,1.0,115391,54913,1420,12276,1,2,90
news-source-strategies,RQ3,E3-reach-mitigation,informational_reach5_0_wom0,1024,INFORMATIONAL_CAMOUFLAGE,TRADITIONAL_MEDIA,FAKE_NEWS_SOURCE,1.0,-1.0,5.0,-1.0,0.33,0.0,5.0,1.0,COMPLETE,0.0125965665236051,186400,13,13,13,15,1.0,116642,55722,2135,11901,1,2,186
news-source-strategies,RQ3,E3-reach-mitigation,informational_reach5_0_wom0,1025,INFORMATIONAL_CAMOUFLAGE,TRADITIONAL_MEDIA,FAKE_NEWS_SOURCE,1.0,-1.0,5.0,-1.0,0.33,0.0,5.0,1.0,COMPLETE,0.0077608695652173,184000,8,8,8,9,1.0,118962,53966,1819,9253,1,2,167
news-source-strategies,RQ3,E3-reach-mitigation,informational_reach5_0_wom0,1026,INFORMATIONAL_CAMOUFLAGE,TRADITIONAL_MEDIA,FAKE_NEWS_SOURCE,1.0,-1.0,5.0,-1.0,0.33,0.0,5.0,1.0,COMPLETE,0.0170652173913043,184000,9,10,10,11,1.0,117836,51517,3277,11370,1,1,3
news-source-strategies,RQ3,E3-reach-mitigation,informational_reach5_0_wom0,1027,INFORMATIONAL_CAMOUFLAGE,TRADITIONAL_MEDIA,FAKE_NEWS_SOURCE,1.0,-1.0,5.0,-1.0,0.33,0.0,5.0,1.0,COMPLETE,0.0057549234135667,182800,11,12,14,15,1.0,123347,50220,1410,7823,1,2,34
news-source-strategies,RQ3,E3-reach-mitigation,informational_reach5_0_wom0,1028,INFORMATIONAL_CAMOUFLAGE,TRADITIONAL_MEDIA,FAKE_NEWS_SOURCE,1.0,-1.0,5.0,-1.0,0.33,0.0,5.0,1.0,COMPLETE,0.0,187200,6,6,6,7,1.0,126505,48137,171,12387,1,1,2
news-source-strategies,RQ3,E3-reach-mitigation,informational_reach5_0_wom0,1029,INFORMATIONAL_CAMOUFLAGE,TRADITIONAL_MEDIA,FAKE_NEWS_SOURCE,1.0,-1.0,5.0,-1.0,0.33,0.0,5.0,1.0,COMPLETE,0.0074353448275862,185600,6,6,7,12,1.0,123281,50015,1490,10814,1,164,209
news-source-strategies,RQ3,E3-reach-mitigation,informational_reach5_0_wom0,1030,INFORMATIONAL_CAMOUFLAGE,TRADITIONAL_MEDIA,FAKE_NEWS_SOURCE,1.0,-1.0,5.0,-1.0,0.33,0.0,5.0,1.0,COMPLETE,0.0170132743362831,180800,9,11,12,14,1.0,115925,49385,2822,12668,1,2,96
news-source-strategies,RQ3,E3-reach-mitigation,informational_reach5_0_wom1,1001,INFORMATIONAL_CAMOUFLAGE,TRADITIONAL_MEDIA,FAKE_NEWS_SOURCE,1.0,-1.0,5.0,-1.0,0.33,1.0,5.0,1.0,COMPLETE,0.00044,199955,9,9,12,21,1.0,195164,3251,90,1450,2,90,174
news-source-strategies,RQ3,E3-reach-mitigation,informational_reach5_0_wom1,1002,INFORMATIONAL_CAMOUFLAGE,TRADITIONAL_MEDIA,FAKE_NEWS_SOURCE,1.0,-1.0,5.0,-1.0,0.33,1.0,5.0,1.0,COMPLETE,0.00052,199953,11,19,26,26,1.0,192848,4323,203,2579,31,221,285
news-source-strategies,RQ3,E3-reach-mitigation,informational_reach5_0_wom1,1003,INFORMATIONAL_CAMOUFLAGE,TRADITIONAL_MEDIA,FAKE_NEWS_SOURCE,1.0,-1.0,5.0,-1.0,0.33,1.0,5.0,1.0,COMPLETE,0.0004,199956,7,12,13,32,1.0,194514,3762,152,1528,33,115,169
news-source-strategies,RQ3,E3-reach-mitigation,informational_reach5_0_wom1,1004,INFORMATIONAL_CAMOUFLAGE,TRADITIONAL_MEDIA,FAKE_NEWS_SOURCE,1.0,-1.0,5.0,-1.0,0.33,1.0,5.0,1.0,COMPLETE,0.00056,199963,27,28,33,38,1.0,191550,5143,260,3010,3,20,79
news-source-strategies,RQ3,E3-reach-mitigation,informational_reach5_0_wom1,1005,INFORMATIONAL_CAMOUFLAGE,TRADITIONAL_MEDIA,FAKE_NEWS_SOURCE,1.0,-1.0,5.0,-1.0,0.33,1.0,5.0,1.0,COMPLETE,0.00104,199958,6,6,11,13,1.0,193931,3589,110,2328,16,104,331
news-source-strategies,RQ3,E3-reach-mitigation,informational_reach5_0_wom1,1006,INFORMATIONAL_CAMOUFLAGE,TRADITIONAL_MEDIA,FAKE_NEWS_SOURCE,1.0,-1.0,5.0,-1.0,0.33,1.0,5.0,1.0,COMPLETE,0.00118,199961,10,17,20,27,1.0,195920,2297,176,1568,29,139,317
news-source-strategies,RQ3,E3-reach-mitigation,informational_reach5_0_wom1,1007,INFORMATIONAL_CAMOUFLAGE,TRADITIONAL_MEDIA,FAKE_NEWS_SOURCE,1.0,-1.0,5.0,-1.0,0.33,1.0,5.0,1.0,COMPLETE,0.0007,199970,15,18,18,29,1.0,196229,2155,160,1426,5,112,212
news-source-strategies,RQ3,E3-reach-mitigation,informational_reach5_0_wom1,1008,INFORMATIONAL_CAMOUFLAGE,TRADITIONAL_MEDIA,FAKE_NEWS_SOURCE,1.0,-1.0,5.0,-1.0,0.33,1.0,5.0,1.0,COMPLETE,0.00034,199956,20,22,24,28,1.0,195325,2365,144,2122,1,4,29
news-source-strategies,RQ3,E3-reach-mitigation,informational_reach5_0_wom1,1009,INFORMATIONAL_CAMOUFLAGE,TRADITIONAL_MEDIA,FAKE_NEWS_SOURCE,1.0,-1.0,5.0,-1.0,0.33,1.0,5.0,1.0,COMPLETE,0.0013,199963,25,47,50,54,1.0,196016,2143,256,1548,23,29,263
news-source-strategies,RQ3,E3-reach-mitigation,informational_reach5_0_wom1,1010,INFORMATIONAL_CAMOUFLAGE,TRADITIONAL_MEDIA,FAKE_NEWS_SOURCE,1.0,-1.0,5.0,-1.0,0.33,1.0,5.0,1.0,COMPLETE,0.00028,199950,14,15,17,22,1.0,197031,1628,79,1212,1,2,137
news-source-strategies,RQ3,E3-reach-mitigation,informational_reach5_0_wom1,1011,INFORMATIONAL_CAMOUFLAGE,TRADITIONAL_MEDIA,FAKE_NEWS_SOURCE,1.0,-1.0,5.0,-1.0,0.33,1.0,5.0,1.0,COMPLETE,0.00066,199966,30,40,40,43,1.0,188317,8149,257,3243,5,10,29
news-source-strategies,RQ3,E3-reach-mitigation,informational_reach5_0_wom1,1012,INFORMATIONAL_CAMOUFLAGE,TRADITIONAL_MEDIA,FAKE_NEWS_SOURCE,1.0,-1.0,5.0,-1.0,0.33,1.0,5.0,1.0,COMPLETE,8e-05,199965,8,15,19,21,1.0,196024,2101,154,1686,5,55,236
news-source-strategies,RQ3,E3-reach-mitigation,informational_reach5_0_wom1,1013,INFORMATIONAL_CAMOUFLAGE,TRADITIONAL_MEDIA,FAKE_NEWS_SOURCE,1.0,-1.0,5.0,-1.0,0.33,1.0,5.0,1.0,COMPLETE,0.00068,199979,9,9,12,16,1.0,195877,2163,88,1851,2,99,224
news-source-strategies,RQ3,E3-reach-mitigation,informational_reach5_0_wom1,1014,INFORMATIONAL_CAMOUFLAGE,TRADITIONAL_MEDIA,FAKE_NEWS_SOURCE,1.0,-1.0,5.0,-1.0,0.33,1.0,5.0,1.0,COMPLETE,0.00306,199965,15,21,25,34,1.0,196237,2128,358,1242,44,205,301
news-source-strategies,RQ3,E3-reach-mitigation,informational_reach5_0_wom1,1015,INFORMATIONAL_CAMOUFLAGE,TRADITIONAL_MEDIA,FAKE_NEWS_SOURCE,1.0,-1.0,5.0,-1.0,0.33,1.0,5.0,1.0,COMPLETE,0.00038,199959,15,15,19,19,1.0,194871,2746,133,2209,1,2,91
news-source-strategies,RQ3,E3-reach-mitigation,informational_reach5_0_wom1,1016,INFORMATIONAL_CAMOUFLAGE,TRADITIONAL_MEDIA,FAKE_NEWS_SOURCE,1.0,-1.0,5.0,-1.0,0.33,1.0,5.0,1.0,COMPLETE,0.00044,199956,18,23,27,43,1.0,196646,1768,185,1357,3,38,159
news-source-strategies,RQ3,E3-reach-mitigation,informational_reach5_0_wom1,1017,INFORMATIONAL_CAMOUFLAGE,TRADITIONAL_MEDIA,FAKE_NEWS_SOURCE,1.0,-1.0,5.0,-1.0,0.33,1.0,5.0,1.0,COMPLETE,0.0011,199961,10,12,13,44,1.0,194710,2660,278,2313,97,144,169
news-source-strategies,RQ3,E3-reach-mitigation,informational_reach5_0_wom1,1018,INFORMATIONAL_CAMOUFLAGE,TRADITIONAL_MEDIA,FAKE_NEWS_SOURCE,1.0,-1.0,5.0,-1.0,0.33,1.0,5.0,1.0,COMPLETE,0.0002,199948,9,11,14,19,1.0,193005,4632,86,2225,1,29,113
news-source-strategies,RQ3,E3-reach-mitigation,informational_reach5_0_wom1,1019,INFORMATIONAL_CAMOUFLAGE,TRADITIONAL_MEDIA,FAKE_NEWS_SOURCE,1.0,-1.0,5.0,-1.0,0.33,1.0,5.0,1.0,COMPLETE,0.00098,199961,11,18,32,37,1.0,193411,3713,244,2593,46,58,212
news-source-strategies,RQ3,E3-reach-mitigation,informational_reach5_0_wom1,1020,INFORMATIONAL_CAMOUFLAGE,TRADITIONAL_MEDIA,FAKE_NEWS_SOURCE,1.0,-1.0,5.0,-1.0,0.33,1.0,5.0,1.0,COMPLETE,0.00186,199969,30,35,39,41,1.0,192173,4881,241,2674,12,17,87
news-source-strategies,RQ3,E3-reach-mitigation,informational_reach5_0_wom1,1021,INFORMATIONAL_CAMOUFLAGE,TRADITIONAL_MEDIA,FAKE_NEWS_SOURCE,1.0,-1.0,5.0,-1.0,0.33,1.0,5.0,1.0,COMPLETE,0.00066,199955,18,18,25,34,1.0,192040,4785,213,2917,2,72,124
news-source-strategies,RQ3,E3-reach-mitigation,informational_reach5_0_wom1,1022,INFORMATIONAL_CAMOUFLAGE,TRADITIONAL_MEDIA,FAKE_NEWS_SOURCE,1.0,-1.0,5.0,-1.0,0.33,1.0,5.0,1.0,COMPLETE,0.00154,199968,25,27,29,32,1.0,194194,3017,277,2480,6,88,229
news-source-strategies,RQ3,E3-reach-mitigation,informational_reach5_0_wom1,1023,INFORMATIONAL_CAMOUFLAGE,TRADITIONAL_MEDIA,FAKE_NEWS_SOURCE,1.0,-1.0,5.0,-1.0,0.33,1.0,5.0,1.0,COMPLETE,0.0013,199960,13,15,16,20,1.0,192399,4488,236,2837,3,116,287
news-source-strategies,RQ3,E3-reach-mitigation,informational_reach5_0_wom1,1024,INFORMATIONAL_CAMOUFLAGE,TRADITIONAL_MEDIA,FAKE_NEWS_SOURCE,1.0,-1.0,5.0,-1.0,0.33,1.0,5.0,1.0,COMPLETE,0.00094,199966,15,18,28,37,1.0,194028,3557,239,2142,4,79,257
news-source-strategies,RQ3,E3-reach-mitigation,informational_reach5_0_wom1,1025,INFORMATIONAL_CAMOUFLAGE,TRADITIONAL_MEDIA,FAKE_NEWS_SOURCE,1.0,-1.0,5.0,-1.0,0.33,1.0,5.0,1.0,COMPLETE,0.00032,199960,30,32,32,36,1.0,191836,5011,226,2887,4,6,141
news-source-strategies,RQ3,E3-reach-mitigation,informational_reach5_0_wom1,1026,INFORMATIONAL_CAMOUFLAGE,TRADITIONAL_MEDIA,FAKE_NEWS_SOURCE,1.0,-1.0,5.0,-1.0,0.33,1.0,5.0,1.0,COMPLETE,0.00032,199960,10,11,11,18,1.0,195096,2337,116,2411,1,35,154
news-source-strategies,RQ3,E3-reach-mitigation,informational_reach5_0_wom1,1027,INFORMATIONAL_CAMOUFLAGE,TRADITIONAL_MEDIA,FAKE_NEWS_SOURCE,1.0,-1.0,5.0,-1.0,0.33,1.0,5.0,1.0,COMPLETE,0.00396,199957,17,31,33,39,1.0,194641,3270,368,1678,26,148,367
news-source-strategies,RQ3,E3-reach-mitigation,informational_reach5_0_wom1,1028,INFORMATIONAL_CAMOUFLAGE,TRADITIONAL_MEDIA,FAKE_NEWS_SOURCE,1.0,-1.0,5.0,-1.0,0.33,1.0,5.0,1.0,COMPLETE,8e-05,199968,6,8,8,9,1.0,196589,2009,45,1325,1,33,236
news-source-strategies,RQ3,E3-reach-mitigation,informational_reach5_0_wom1,1029,INFORMATIONAL_CAMOUFLAGE,TRADITIONAL_MEDIA,FAKE_NEWS_SOURCE,1.0,-1.0,5.0,-1.0,0.33,1.0,5.0,1.0,COMPLETE,0.00088,199964,14,22,28,35,1.0,194185,3570,368,1841,49,217,244
news-source-strategies,RQ3,E3-reach-mitigation,informational_reach5_0_wom1,1030,INFORMATIONAL_CAMOUFLAGE,TRADITIONAL_MEDIA,FAKE_NEWS_SOURCE,1.0,-1.0,5.0,-1.0,0.33,1.0,5.0,1.0,COMPLETE,0.00056,199952,21,22,27,30,1.0,195892,2248,168,1644,3,11,100
news-source-strategies,RQ3,E3-reach-mitigation,informational_reach1_0_wom0,1001,INFORMATIONAL_CAMOUFLAGE,TRADITIONAL_MEDIA,FAKE_NEWS_SOURCE,1.0,-1.0,1.0,-1.0,0.33,0.0,5.0,1.0,COMPLETE,0.0044052863436123,181600,4,4,4,4,1.0,117083,50519,944,13054,1,3,284
news-source-strategies,RQ3,E3-reach-mitigation,informational_reach1_0_wom0,1002,INFORMATIONAL_CAMOUFLAGE,TRADITIONAL_MEDIA,FAKE_NEWS_SOURCE,1.0,-1.0,1.0,-1.0,0.33,0.0,5.0,1.0,COMPLETE,0.000287610619469,180800,1,2,3,3,2.0,115919,52502,22,12357,2,30,91
news-source-strategies,RQ3,E3-reach-mitigation,informational_reach1_0_wom0,1003,INFORMATIONAL_CAMOUFLAGE,TRADITIONAL_MEDIA,FAKE_NEWS_SOURCE,1.0,-1.0,1.0,-1.0,0.33,0.0,5.0,1.0,COMPLETE,0.0001754385964912,182400,1,1,1,1,1.0,122998,51578,81,7743,1,1,306
news-source-strategies,RQ3,E3-reach-mitigation,informational_reach1_0_wom0,1004,INFORMATIONAL_CAMOUFLAGE,TRADITIONAL_MEDIA,FAKE_NEWS_SOURCE,1.0,-1.0,1.0,-1.0,0.33,0.0,5.0,1.0,COMPLETE,0.0,185200,1,1,1,1,2.0,122088,50110,1,13001,2,2,2
news-source-strategies,RQ3,E3-reach-mitigation,informational_reach1_0_wom0,1005,INFORMATIONAL_CAMOUFLAGE,TRADITIONAL_MEDIA,FAKE_NEWS_SOURCE,1.0,-1.0,1.0,-1.0,0.33,0.0,5.0,1.0,COMPLETE,0.003851203501094,182800,2,2,2,2,1.0,116869,51553,757,13621,1,1,5
news-source-strategies,RQ3,E3-reach-mitigation,informational_reach1_0_wom0,1006,INFORMATIONAL_CAMOUFLAGE,TRADITIONAL_MEDIA,FAKE_NEWS_SOURCE,1.0,-1.0,1.0,-1.0,0.33,0.0,5.0,1.0,COMPLETE,0.0043478260869565,184000,3,3,3,5,1.0,118875,52218,827,12080,1,1,125
news-source-strategies,RQ3,E3-reach-mitigation,informational_reach1_0_wom0,1007,INFORMATIONAL_CAMOUFLAGE,TRADITIONAL_MEDIA,FAKE_NEWS_SOURCE,1.0,-1.0,1.0,-1.0,0.33,0.0,5.0,1.0,COMPLETE,0.0018843683083511,186800,2,3,3,3,1.0,119796,53689,853,12462,1,2,39
news-source-strategies,RQ3,E3-reach-mitigation,informational_reach1_0_wom0,1008,INFORMATIONAL_CAMOUFLAGE,TRADITIONAL_MEDIA,FAKE_NEWS_SOURCE,1.0,-1.0,1.0,-1.0,0.33,0.0,5.0,1.0,COMPLETE,0.0017180616740088,181600,3,3,3,3,1.0,112428,52387,424,16361,1,1,1
news-source-strategies,RQ3,E3-reach-mitigation,informational_reach1_0_wom0,1009,INFORMATIONAL_CAMOUFLAGE,TRADITIONAL_MEDIA,FAKE_NEWS_SOURCE,1.0,-1.0,1.0,-1.0,0.33,0.0,5.0,1.0,COMPLETE,0.0,184000,1,1,1,1,2.0,118228,50843,46,14883,2,2,2
news-source-strategies,RQ3,E3-reach-mitigation,informational_reach1_0_wom0,1010,INFORMATIONAL_CAMOUFLAGE,TRADITIONAL_MEDIA,FAKE_NEWS_SOURCE,1.0,-1.0,1.0,-1.0,0.33,0.0,5.0,1.0,COMPLETE,0.0022471910112359,178000,1,1,1,1,1.0,116112,50072,400,11416,1,1,1
news-source-strategies,RQ3,E3-reach-mitigation,informational_reach1_0_wom0,1011,INFORMATIONAL_CAMOUFLAGE,TRADITIONAL_MEDIA,FAKE_NEWS_SOURCE,1.0,-1.0,1.0,-1.0,0.33,0.0,5.0,1.0,COMPLETE,0.0001502145922746,186400,0,0,0,1,138.0,122472,48152,11,15765,138,138,138
news-source-strategies,RQ3,E3-reach-mitigation,informational_reach1_0_wom0,1012,INFORMATIONAL_CAMOUFLAGE,TRADITIONAL_MEDIA,FAKE_NEWS_SOURCE,1.0,-1.0,1.0,-1.0,0.33,0.0,5.0,1.0,COMPLETE,0.0021645021645021,184800,1,1,1,1,1.0,118203,54197,400,12000,1,1,1
news-source-strategies,RQ3,E3-reach-mitigation,informational_reach1_0_wom0,1013,INFORMATIONAL_CAMOUFLAGE,TRADITIONAL_MEDIA,FAKE_NEWS_SOURCE,1.0,-1.0,1.0,-1.0,0.33,0.0,5.0,1.0,COMPLETE,0.0019246861924686,191200,3,3,3,4,1.0,127905,51075,393,11827,1,2,2
news-source-strategies,RQ3,E3-reach-mitigation,informational_reach1_0_wom0,1014,INFORMATIONAL_CAMOUFLAGE,TRADITIONAL_MEDIA,FAKE_NEWS_SOURCE,1.0,-1.0,1.0,-1.0,0.33,0.0,5.0,1.0,COMPLETE,0.0086363636363636,184800,6,6,7,8,1.0,123376,48859,1562,11003,1,2,61
news-source-strategies,RQ3,E3-reach-mitigation,informational_reach1_0_wom0,1015,INFORMATIONAL_CAMOUFLAGE,TRADITIONAL_MEDIA,FAKE_NEWS_SOURCE,1.0,-1.0,1.0,-1.0,0.33,0.0,5.0,1.0,COMPLETE,0.0,182400,0,0,0,1,199.0,113640,54274,1,14485,199,199,199
news-source-strategies,RQ3,E3-reach-mitigation,informational_reach1_0_wom0,1016,INFORMATIONAL_CAMOUFLAGE,TRADITIONAL_MEDIA,FAKE_NEWS_SOURCE,1.0,-1.0,1.0,-1.0,0.33,0.0,5.0,1.0,COMPLETE,0.0022958057395143,181200,2,2,2,2,1.0,120650,48931,405,11214,1,1,1
news-source-strategies,RQ3,E3-reach-mitigation,informational_reach1_0_wom0,1017,INFORMATIONAL_CAMOUFLAGE,TRADITIONAL_MEDIA,FAKE_NEWS_SOURCE,1.0,-1.0,1.0,-1.0,0.33,0.0,5.0,1.0,COMPLETE,0.0,184000,1,1,1,1,3.0,122866,46937,59,14138,3,3,3
news-source-strategies,RQ3,E3-reach-mitigation,informational_reach1_0_wom0,1018,INFORMATIONAL_CAMOUFLAGE,TRADITIONAL_MEDIA,FAKE_NEWS_SOURCE,1.0,-1.0,1.0,-1.0,0.33,0.0,5.0,1.0,COMPLETE,0.0,178800,3,3,3,3,1.0,112348,53350,4,13098,1,1,3
news-source-strategies,RQ3,E3-reach-mitigation,informational_reach1_0_wom0,1019,INFORMATIONAL_CAMOUFLAGE,TRADITIONAL_MEDIA,FAKE_NEWS_SOURCE,1.0,-1.0,1.0,-1.0,0.33,0.0,5.0,1.0,COMPLETE,0.0,184400,0,0,0,1,103.0,122399,50447,9,11545,103,103,103
news-source-strategies,RQ3,E3-reach-mitigation,informational_reach1_0_wom0,1020,INFORMATIONAL_CAMOUFLAGE,TRADITIONAL_MEDIA,FAKE_NEWS_SOURCE,1.0,-1.0,1.0,-1.0,0.33,0.0,5.0,1.0,COMPLETE,4.2735042735042735e-05,187200,1,1,2,3,1.0,115708,57309,8,14175,1,75,103
news-source-strategies,RQ3,E3-reach-mitigation,informational_reach1_0_wom0,1021,INFORMATIONAL_CAMOUFLAGE,TRADITIONAL_MEDIA,FAKE_NEWS_SOURCE,1.0,-1.0,1.0,-1.0,0.33,0.0,5.0,1.0,COMPLETE,0.0034878587196467,181200,2,2,3,3,1.0,124527,44509,568,11596,1,2,73
news-source-strategies,RQ3,E3-reach-mitigation,informational_reach1_0_wom0,1022,INFORMATIONAL_CAMOUFLAGE,TRADITIONAL_MEDIA,FAKE_NEWS_SOURCE,1.0,-1.0,1.0,-1.0,0.33,0.0,5.0,1.0,COMPLETE,0.0024463519313304,186400,2,2,2,3,1.0,127745,47417,424,10814,1,1,163
news-source-strategies,RQ3,E3-reach-mitigation,informational_reach1_0_wom0,1023,INFORMATIONAL_CAMOUFLAGE,TRADITIONAL_MEDIA,FAKE_NEWS_SOURCE,1.0,-1.0,1.0,-1.0,0.33,0.0,5.0,1.0,COMPLETE,0.0019825708061002,183600,2,2,2,2,1.0,122105,47488,379,13628,1,3,263
news-source-strategies,RQ3,E3-reach-mitigation,informational_reach1_0_wom0,1024,INFORMATIONAL_CAMOUFLAGE,TRADITIONAL_MEDIA,FAKE_NEWS_SOURCE,1.0,-1.0,1.0,-1.0,0.33,0.0,5.0,1.0,COMPLETE,0.0049137931034482,185600,3,3,3,3,1.0,116084,59244,1097,9175,1,2,2
news-source-strategies,RQ3,E3-reach-mitigation,informational_reach1_0_wom0,1025,INFORMATIONAL_CAMOUFLAGE,TRADITIONAL_MEDIA,FAKE_NEWS_SOURCE,1.0,-1.0,1.0,-1.0,0.33,0.0,5.0,1.0,COMPLETE,4.366812227074236e-05,183200,1,1,1,1,1.0,119665,50808,7,12720,1,260,321
news-source-strategies,RQ3,E3-reach-mitigation,informational_reach1_0_wom0,1026,INFORMATIONAL_CAMOUFLAGE,TRADITIONAL_MEDIA,FAKE_NEWS_SOURCE,1.0,-1.0,1.0,-1.0,0.33,0.0,5.0,1.0,COMPLETE,0.0021978021978021,182000,1,1,3,3,1.0,119362,49447,408,12783,1,53,75
news-source-strategies,RQ3,E3-reach-mitigation,informational_reach1_0_wom0,1027,INFORMATIONAL_CAMOUFLAGE,TRADITIONAL_MEDIA,FAKE_NEWS_SOURCE,1.0,-1.0,1.0,-1.0,0.33,0.0,5.0,1.0,COMPLETE,0.0041356673960612,182800,3,3,3,3,1.0,123520,50824,770,7686,1,1,2
news-source-strategies,RQ3,E3-reach-mitigation,informational_reach1_0_wom0,1028,INFORMATIONAL_CAMOUFLAGE,TRADITIONAL_MEDIA,FAKE_NEWS_SOURCE,1.0,-1.0,1.0,-1.0,0.33,0.0,5.0,1.0,COMPLETE,0.0,187200,2,2,2,2,1.0,126589,48140,9,12462,1,1,228
news-source-strategies,RQ3,E3-reach-mitigation,informational_reach1_0_wom0,1029,INFORMATIONAL_CAMOUFLAGE,TRADITIONAL_MEDIA,FAKE_NEWS_SOURCE,1.0,-1.0,1.0,-1.0,0.33,0.0,5.0,1.0,COMPLETE,0.0022844827586206,185600,2,2,2,2,1.0,124119,50212,412,10857,1,1,209
news-source-strategies,RQ3,E3-reach-mitigation,informational_reach1_0_wom0,1030,INFORMATIONAL_CAMOUFLAGE,TRADITIONAL_MEDIA,FAKE_NEWS_SOURCE,1.0,-1.0,1.0,-1.0,0.33,0.0,5.0,1.0,COMPLETE,0.0,179600,1,1,2,2,2.0,116539,49401,92,13568,2,2,75
news-source-strategies,RQ3,E3-reach-mitigation,informational_reach1_0_wom1,1001,INFORMATIONAL_CAMOUFLAGE,TRADITIONAL_MEDIA,FAKE_NEWS_SOURCE,1.0,-1.0,1.0,-1.0,0.33,1.0,5.0,1.0,COMPLETE,0.00034,199954,6,7,8,16,1.0,192794,5460,75,1625,5,122,124
news-source-strategies,RQ3,E3-reach-mitigation,informational_reach1_0_wom1,1002,INFORMATIONAL_CAMOUFLAGE,TRADITIONAL_MEDIA,FAKE_NEWS_SOURCE,1.0,-1.0,1.0,-1.0,0.33,1.0,5.0,1.0,COMPLETE,6e-05,199952,1,1,2,3,2.0,194494,3198,12,2248,88,196,366
news-source-strategies,RQ3,E3-reach-mitigation,informational_reach1_0_wom1,1003,INFORMATIONAL_CAMOUFLAGE,TRADITIONAL_MEDIA,FAKE_NEWS_SOURCE,1.0,-1.0,1.0,-1.0,0.33,1.0,5.0,1.0,COMPLETE,0.00014,199956,1,2,2,15,1.0,194618,3742,69,1527,113,126,173
news-source-strategies,RQ3,E3-reach-mitigation,informational_reach1_0_wom1,1004,INFORMATIONAL_CAMOUFLAGE,TRADITIONAL_MEDIA,FAKE_NEWS_SOURCE,1.0,-1.0,1.0,-1.0,0.33,1.0,5.0,1.0,COMPLETE,0.00026,199963,8,8,8,8,2.0,191589,5269,75,3030,3,7,24
news-source-strategies,RQ3,E3-reach-mitigation,informational_reach1_0_wom1,1005,INFORMATIONAL_CAMOUFLAGE,TRADITIONAL_MEDIA,FAKE_NEWS_SOURCE,1.0,-1.0,1.0,-1.0,0.33,1.0,5.0,1.0,COMPLETE,0.00016,199957,2,2,2,2,1.0,197406,1504,31,1016,11,246,247
news-source-strategies,RQ3,E3-reach-mitigation,informational_reach1_0_wom1,1006,INFORMATIONAL_CAMOUFLAGE,TRADITIONAL_MEDIA,FAKE_NEWS_SOURCE,1.0,-1.0,1.0,-1.0,0.33,1.0,5.0,1.0,COMPLETE,0.00028,199960,4,4,6,6,1.0,195880,2764,61,1255,15,214,216
news-source-strategies,RQ3,E3-reach-mitigation,informational_reach1_0_wom1,1007,INFORMATIONAL_CAMOUFLAGE,TRADITIONAL_MEDIA,FAKE_NEWS_SOURCE,1.0,-1.0,1.0,-1.0,0.33,1.0,5.0,1.0,COMPLETE,0.00022,199967,7,9,12,12,1.0,195716,2348,48,1855,17,19,30
news-source-strategies,RQ3,E3-reach-mitigation,informational_reach1_0_wom1,1008,INFORMATIONAL_CAMOUFLAGE,TRADITIONAL_MEDIA,FAKE_NEWS_SOURCE,1.0,-1.0,1.0,-1.0,0.33,1.0,5.0,1.0,COMPLETE,0.00082,199954,6,6,7,8,1.0,193792,3413,73,2676,13,61,365
news-source-strategies,RQ3,E3-reach-mitigation,informational_reach1_0_wom1,1009,INFORMATIONAL_CAMOUFLAGE,TRADITIONAL_MEDIA,FAKE_NEWS_SOURCE,1.0,-1.0,1.0,-1.0,0.33,1.0,5.0,1.0,COMPLETE,4e-05,199960,0,0,0,0,394.0,193969,3602,2,2387,394,394,394
news-source-strategies,RQ3,E3-reach-mitigation,informational_reach1_0_wom1,1010,INFORMATIONAL_CAMOUFLAGE,TRADITIONAL_MEDIA,FAKE_NEWS_SOURCE,1.0,-1.0,1.0,-1.0,0.33,1.0,5.0,1.0,COMPLETE,0.00018,199945,2,2,2,2,1.0,195147,3049,15,1734,1,7,311
news-source-strategies,RQ3,E3-reach-mitigation,informational_reach1_0_wom1,1011,INFORMATIONAL_CAMOUFLAGE,TRADITIONAL_MEDIA,FAKE_NEWS_SOURCE,1.0,-1.0,1.0,-1.0,0.33,1.0,5.0,1.0,COMPLETE,0.00016,199966,4,8,8,10,2.0,186801,9490,49,3626,7,29,36
news-source-strategies,RQ3,E3-reach-mitigation,informational_reach1_0_wom1,1012,INFORMATIONAL_CAMOUFLAGE,TRADITIONAL_MEDIA,FAKE_NEWS_SOURCE,1.0,-1.0,1.0,-1.0,0.33,1.0,5.0,1.0,COMPLETE,4e-05,199962,1,1,1,2,1.0,193542,3830,9,2581,1,1,176
news-source-strategies,RQ3,E3-reach-mitigation,informational_reach1_0_wom1,1013,INFORMATIONAL_CAMOUFLAGE,TRADITIONAL_MEDIA,FAKE_NEWS_SOURCE,1.0,-1.0,1.0,-1.0,0.33,1.0,5.0,1.0,COMPLETE,0.00074,199978,4,4,10,16,1.0,191452,5012,119,3395,89,109,370
news-source-strategies,RQ3,E3-reach-mitigation,informational_reach1_0_wom1,1014,INFORMATIONAL_CAMOUFLAGE,TRADITIONAL_MEDIA,FAKE_NEWS_SOURCE,1.0,-1.0,1.0,-1.0,0.33,1.0,5.0,1.0,COMPLETE,0.003,199962,5,5,13,20,1.0,195201,2592,291,1878,105,277,362
news-source-strategies,RQ3,E3-reach-mitigation,informational_reach1_0_wom1,1015,INFORMATIONAL_CAMOUFLAGE,TRADITIONAL_MEDIA,FAKE_NEWS_SOURCE,1.0,-1.0,1.0,-1.0,0.33,1.0,5.0,1.0,COMPLETE,0.0,199956,0,2,2,2,33.0,196064,2031,10,1851,33,33,45
news-source-strategies,RQ3,E3-reach-mitigation,informational_reach1_0_wom1,1016,INFORMATIONAL_CAMOUFLAGE,TRADITIONAL_MEDIA,FAKE_NEWS_SOURCE,1.0,-1.0,1.0,-1.0,0.33,1.0,5.0,1.0,COMPLETE,0.0003,199953,3,3,3,4,1.0,194044,3962,33,1914,1,2,386
news-source-strategies,RQ3,E3-reach-mitigation,informational_reach1_0_wom1,1017,INFORMATIONAL_CAMOUFLAGE,TRADITIONAL_MEDIA,FAKE_NEWS_SOURCE,1.0,-1.0,1.0,-1.0,0.33,1.0,5.0,1.0,COMPLETE,0.00072,199960,0,0,2,3,67.0,194938,3174,59,1789,219,226,391
news-source-strategies,RQ3,E3-reach-mitigation,informational_reach1_0_wom1,1018,INFORMATIONAL_CAMOUFLAGE,TRADITIONAL_MEDIA,FAKE_NEWS_SOURCE,1.0,-1.0,1.0,-1.0,0.33,1.0,5.0,1.0,COMPLETE,2e-05,199947,4,6,6,6,1.0,195985,2247,22,1693,1,10,26
news-source-strategies,RQ3,E3-reach-mitigation,informational_reach1_0_wom1,1019,INFORMATIONAL_CAMOUFLAGE,TRADITIONAL_MEDIA,FAKE_NEWS_SOURCE,1.0,-1.0,1.0,-1.0,0.33,1.0,5.0,1.0,COMPLETE,0.00022,199961,1,1,1,2,11.0,193386,3986,27,2562,171,314,314
news-source-strategies,RQ3,E3-reach-mitigation,informational_reach1_0_wom1,1020,INFORMATIONAL_CAMOUFLAGE,TRADITIONAL_MEDIA,FAKE_NEWS_SOURCE,1.0,-1.0,1.0,-1.0,0.33,1.0,5.0,1.0,COMPLETE,8e-05,199968,3,3,4,5,1.0,196025,2070,29,1844,2,19,77
news-source-strategies,RQ3,E3-reach-mitigation,informational_reach1_0_wom1,1021,INFORMATIONAL_CAMOUFLAGE,TRADITIONAL_MEDIA,FAKE_NEWS_SOURCE,1.0,-1.0,1.0,-1.0,0.33,1.0,5.0,1.0,COMPLETE,8e-05,199953,5,5,5,6,1.0,193363,3935,20,2635,3,4,17
news-source-strategies,RQ3,E3-reach-mitigation,informational_reach1_0_wom1,1022,INFORMATIONAL_CAMOUFLAGE,TRADITIONAL_MEDIA,FAKE_NEWS_SOURCE,1.0,-1.0,1.0,-1.0,0.33,1.0,5.0,1.0,COMPLETE,0.00026,199966,2,2,3,4,1.0,195444,2502,26,1994,1,82,379
news-source-strategies,RQ3,E3-reach-mitigation,informational_reach1_0_wom1,1023,INFORMATIONAL_CAMOUFLAGE,TRADITIONAL_MEDIA,FAKE_NEWS_SOURCE,1.0,-1.0,1.0,-1.0,0.33,1.0,5.0,1.0,COMPLETE,0.0002,199959,5,5,6,7,1.0,194793,3142,53,1971,2,3,81
news-source-strategies,RQ3,E3-reach-mitigation,informational_reach1_0_wom1,1024,INFORMATIONAL_CAMOUFLAGE,TRADITIONAL_MEDIA,FAKE_NEWS_SOURCE,1.0,-1.0,1.0,-1.0,0.33,1.0,5.0,1.0,COMPLETE,0.00016,199964,4,7,8,8,1.0,193764,4315,52,1833,2,6,36
news-source-strategies,RQ3,E3-reach-mitigation,informational_reach1_0_wom1,1025,INFORMATIONAL_CAMOUFLAGE,TRADITIONAL_MEDIA,FAKE_NEWS_SOURCE,1.0,-1.0,1.0,-1.0,0.33,1.0,5.0,1.0,COMPLETE,8e-05,199958,1,2,2,2,1.0,192134,5275,16,2533,1,31,289
news-source-strategies,RQ3,E3-reach-mitigation,informational_reach1_0_wom1,1026,INFORMATIONAL_CAMOUFLAGE,TRADITIONAL_MEDIA,FAKE_NEWS_SOURCE,1.0,-1.0,1.0,-1.0,0.33,1.0,5.0,1.0,COMPLETE,0.00014,199955,2,3,4,5,1.0,196173,2000,20,1762,5,45,126
news-source-strategies,RQ3,E3-reach-mitigation,informational_reach1_0_wom1,1027,INFORMATIONAL_CAMOUFLAGE,TRADITIONAL_MEDIA,FAKE_NEWS_SOURCE,1.0,-1.0,1.0,-1.0,0.33,1.0,5.0,1.0,COMPLETE,0.0004,199957,3,7,7,8,1.0,194956,3161,61,1779,6,28,189
news-source-strategies,RQ3,E3-reach-mitigation,informational_reach1_0_wom1,1028,INFORMATIONAL_CAMOUFLAGE,TRADITIONAL_MEDIA,FAKE_NEWS_SOURCE,1.0,-1.0,1.0,-1.0,0.33,1.0,5.0,1.0,COMPLETE,2e-05,199968,2,2,2,2,1.0,196629,2011,11,1317,1,1,344
news-source-strategies,RQ3,E3-reach-mitigation,informational_reach1_0_wom1,1029,INFORMATIONAL_CAMOUFLAGE,TRADITIONAL_MEDIA,FAKE_NEWS_SOURCE,1.0,-1.0,1.0,-1.0,0.33,1.0,5.0,1.0,COMPLETE,0.00024,199964,3,3,3,3,1.0,194178,3914,37,1835,1,219,221
news-source-strategies,RQ3,E3-reach-mitigation,informational_reach1_0_wom1,1030,INFORMATIONAL_CAMOUFLAGE,TRADITIONAL_MEDIA,FAKE_NEWS_SOURCE,1.0,-1.0,1.0,-1.0,0.33,1.0,5.0,1.0,COMPLETE,0.00018,199949,0,0,2,3,79.0,194379,3607,18,1945,79,84,172
news-source-strategies,RQ3,E3-reach-mitigation,informational_reach0_0_wom0,1001,INFORMATIONAL_CAMOUFLAGE,TRADITIONAL_MEDIA,FAKE_NEWS_SOURCE,1.0,-1.0,0.0,-1.0,0.33,0.0,5.0,1.0,COMPLETE,0.0,181600,0,0,0,0,,117632,50518,0,13450,1,1,1
news-source-strategies,RQ3,E3-reach-mitigation,informational_reach0_0_wom0,1002,INFORMATIONAL_CAMOUFLAGE,TRADITIONAL_MEDIA,FAKE_NEWS_SOURCE,1.0,-1.0,0.0,-1.0,0.33,0.0,5.0,1.0,COMPLETE,0.0,180800,0,0,0,0,,116003,52502,0,12295,1,1,1
news-source-strategies,RQ3,E3-reach-mitigation,informational_reach0_0_wom0,1003,INFORMATIONAL_CAMOUFLAGE,TRADITIONAL_MEDIA,FAKE_NEWS_SOURCE,1.0,-1.0,0.0,-1.0,0.33,0.0,5.0,1.0,COMPLETE,0.0,182400,0,0,0,0,,122983,51873,0,7544,1,1,1
news-source-strategies,RQ3,E3-reach-mitigation,informational_reach0_0_wom0,1004,INFORMATIONAL_CAMOUFLAGE,TRADITIONAL_MEDIA,FAKE_NEWS_SOURCE,1.0,-1.0,0.0,-1.0,0.33,0.0,5.0,1.0,COMPLETE,0.0,185200,0,0,0,0,,122099,50100,0,13001,1,1,1
news-source-strategies,RQ3,E3-reach-mitigation,informational_reach0_0_wom0,1005,INFORMATIONAL_CAMOUFLAGE,TRADITIONAL_MEDIA,FAKE_NEWS_SOURCE,1.0,-1.0,0.0,-1.0,0.33,0.0,5.0,1.0,COMPLETE,0.0,182400,0,0,0,0,,115992,52699,0,13709,1,1,1
news-source-strategies,RQ3,E3-reach-mitigation,informational_reach0_0_wom0,1006,INFORMATIONAL_CAMOUFLAGE,TRADITIONAL_MEDIA,FAKE_NEWS_SOURCE,1.0,-1.0,0.0,-1.0,0.33,0.0,5.0,1.0,COMPLETE,0.0,183200,0,0,0,0,,122785,50067,0,10348,1,1,1
news-source-strategies,RQ3,E3-reach-mitigation,informational_reach0_0_wom0,1007,INFORMATIONAL_CAMOUFLAGE,TRADITIONAL_MEDIA,FAKE_NEWS_SOURCE,1.0,-1.0,0.0,-1.0,0.33,0.0,5.0,1.0,COMPLETE,0.0,186800,0,0,0,0,,120035,54303,0,12462,1,1,1
news-source-strategies,RQ3,E3-reach-mitigation,informational_reach0_0_wom0,1008,INFORMATIONAL_CAMOUFLAGE,TRADITIONAL_MEDIA,FAKE_NEWS_SOURCE,1.0,-1.0,0.0,-1.0,0.33,0.0,5.0,1.0,COMPLETE,0.0,181600,0,0,0,0,,112477,52762,0,16361,1,1,1
news-source-strategies,RQ3,E3-reach-mitigation,informational_reach0_0_wom0,1009,INFORMATIONAL_CAMOUFLAGE,TRADITIONAL_MEDIA,FAKE_NEWS_SOURCE,1.0,-1.0,0.0,-1.0,0.33,0.0,5.0,1.0,COMPLETE,0.0,184000,0,0,0,0,,118274,50843,0,14883,1,1,1
news-source-strategies,RQ3,E3-reach-mitigation,informational_reach0_0_wom0,1010,INFORMATIONAL_CAMOUFLAGE,TRADITIONAL_MEDIA,FAKE_NEWS_SOURCE,1.0,-1.0,0.0,-1.0,0.33,0.0,5.0,1.0,COMPLETE,0.0,177600,0,0,0,0,,115097,50183,0,12320,1,1,1
news-source-strategies,RQ3,E3-reach-mitigation,informational_reach0_0_wom0,1011,INFORMATIONAL_CAMOUFLAGE,TRADITIONAL_MEDIA,FAKE_NEWS_SOURCE,1.0,-1.0,0.0,-1.0,0.33,0.0,5.0,1.0,COMPLETE,0.0,186400,0,0,0,0,,122472,48403,0,15525,1,1,1
news-source-strategies,RQ3,E3-reach-mitigation,informational_reach0_0_wom0,1012,INFORMATIONAL_CAMOUFLAGE,TRADITIONAL_MEDIA,FAKE_NEWS_SOURCE,1.0,-1.0,0.0,-1.0,0.33,0.0,5.0,1.0,COMPLETE,0.0,184400,0,0,0,0,,117127,57329,0,9944,1,1,1
news-source-strategies,RQ3,E3-reach-mitigation,informational_reach0_0_wom0,1013,INFORMATIONAL_CAMOUFLAGE,TRADITIONAL_MEDIA,FAKE_NEWS_SOURCE,1.0,-1.0,0.0,-1.0,0.33,0.0,5.0,1.0,COMPLETE,0.0,191200,0,0,0,0,,128310,50676,0,12214,1,1,1
news-source-strategies,RQ3,E3-reach-mitigation,informational_reach0_0_wom0,1014,INFORMATIONAL_CAMOUFLAGE,TRADITIONAL_MEDIA,FAKE_NEWS_SOURCE,1.0,-1.0,0.0,-1.0,0.33,0.0,5.0,1.0,COMPLETE,0.0,184000,0,0,0,0,,126022,48404,0,9574,1,1,1
news-source-strategies,RQ3,E3-reach-mitigation,informational_reach0_0_wom0,1015,INFORMATIONAL_CAMOUFLAGE,TRADITIONAL_MEDIA,FAKE_NEWS_SOURCE,1.0,-1.0,0.0,-1.0,0.33,0.0,5.0,1.0,COMPLETE,0.0,182400,0,0,0,0,,113640,54275,0,14485,1,1,1
news-source-strategies,RQ3,E3-reach-mitigation,informational_reach0_0_wom0,1016,INFORMATIONAL_CAMOUFLAGE,TRADITIONAL_MEDIA,FAKE_NEWS_SOURCE,1.0,-1.0,0.0,-1.0,0.33,0.0,5.0,1.0,COMPLETE,0.0,180800,0,0,0,0,,128225,40536,0,12039,1,1,1
news-source-strategies,RQ3,E3-reach-mitigation,informational_reach0_0_wom0,1017,INFORMATIONAL_CAMOUFLAGE,TRADITIONAL_MEDIA,FAKE_NEWS_SOURCE,1.0,-1.0,0.0,-1.0,0.33,0.0,5.0,1.0,COMPLETE,0.0,184000,0,0,0,0,,122925,46937,0,14138,1,1,1
news-source-strategies,RQ3,E3-reach-mitigation,informational_reach0_0_wom0,1018,INFORMATIONAL_CAMOUFLAGE,TRADITIONAL_MEDIA,FAKE_NEWS_SOURCE,1.0,-1.0,0.0,-1.0,0.33,0.0,5.0,1.0,COMPLETE,0.0,178800,0,0,0,0,,112350,53352,0,13098,1,1,1
news-source-strategies,RQ3,E3-reach-mitigation,informational_reach0_0_wom0,1019,INFORMATIONAL_CAMOUFLAGE,TRADITIONAL_MEDIA,FAKE_NEWS_SOURCE,1.0,-1.0,0.0,-1.0,0.33,0.0,5.0,1.0,COMPLETE,0.0,184400,0,0,0,0,,122399,50456,0,11545,1,1,1
news-source-strategies,RQ3,E3-reach-mitigation,informational_reach0_0_wom0,1020,INFORMATIONAL_CAMOUFLAGE,TRADITIONAL_MEDIA,FAKE_NEWS_SOURCE,1.0,-1.0,0.0,-1.0,0.33,0.0,5.0,1.0,COMPLETE,0.0,187200,0,0,0,0,,115557,57314,0,14329,1,1,1
news-source-strategies,RQ3,E3-reach-mitigation,informational_reach0_0_wom0,1021,INFORMATIONAL_CAMOUFLAGE,TRADITIONAL_MEDIA,FAKE_NEWS_SOURCE,1.0,-1.0,0.0,-1.0,0.33,0.0,5.0,1.0,COMPLETE,0.0,181200,0,0,0,0,,124502,44710,0,11988,1,1,1
news-source-strategies,RQ3,E3-reach-mitigation,informational_reach0_0_wom0,1022,INFORMATIONAL_CAMOUFLAGE,TRADITIONAL_MEDIA,FAKE_NEWS_SOURCE,1.0,-1.0,0.0,-1.0,0.33,0.0,5.0,1.0,COMPLETE,0.0,186000,0,0,0,0,,127457,47050,0,11493,1,1,1
news-source-strategies,RQ3,E3-reach-mitigation,informational_reach0_0_wom0,1023,INFORMATIONAL_CAMOUFLAGE,TRADITIONAL_MEDIA,FAKE_NEWS_SOURCE,1.0,-1.0,0.0,-1.0,0.33,0.0,5.0,1.0,COMPLETE,0.0,183600,0,0,0,0,,122479,47488,0,13633,1,1,1
news-source-strategies,RQ3,E3-reach-mitigation,informational_reach0_0_wom0,1024,INFORMATIONAL_CAMOUFLAGE,TRADITIONAL_MEDIA,FAKE_NEWS_SOURCE,1.0,-1.0,0.0,-1.0,0.33,0.0,5.0,1.0,COMPLETE,0.0,185200,0,0,0,0,,115808,58016,0,11376,1,1,1
news-source-strategies,RQ3,E3-reach-mitigation,informational_reach0_0_wom0,1025,INFORMATIONAL_CAMOUFLAGE,TRADITIONAL_MEDIA,FAKE_NEWS_SOURCE,1.0,-1.0,0.0,-1.0,0.33,0.0,5.0,1.0,COMPLETE,0.0,183200,0,0,0,0,,119670,50810,0,12720,1,1,1
news-source-strategies,RQ3,E3-reach-mitigation,informational_reach0_0_wom0,1026,INFORMATIONAL_CAMOUFLAGE,TRADITIONAL_MEDIA,FAKE_NEWS_SOURCE,1.0,-1.0,0.0,-1.0,0.33,0.0,5.0,1.0,COMPLETE,0.0,181600,0,0,0,0,,121330,46997,0,13273,1,1,1
news-source-strategies,RQ3,E3-reach-mitigation,informational_reach0_0_wom0,1027,INFORMATIONAL_CAMOUFLAGE,TRADITIONAL_MEDIA,FAKE_NEWS_SOURCE,1.0,-1.0,0.0,-1.0,0.33,0.0,5.0,1.0,COMPLETE,0.0,182800,0,0,0,0,,123899,51215,0,7686,1,1,1
news-source-strategies,RQ3,E3-reach-mitigation,informational_reach0_0_wom0,1028,INFORMATIONAL_CAMOUFLAGE,TRADITIONAL_MEDIA,FAKE_NEWS_SOURCE,1.0,-1.0,0.0,-1.0,0.33,0.0,5.0,1.0,COMPLETE,0.0,187200,0,0,0,0,,126589,48149,0,12462,1,1,1
news-source-strategies,RQ3,E3-reach-mitigation,informational_reach0_0_wom0,1029,INFORMATIONAL_CAMOUFLAGE,TRADITIONAL_MEDIA,FAKE_NEWS_SOURCE,1.0,-1.0,0.0,-1.0,0.33,0.0,5.0,1.0,COMPLETE,0.0,185200,0,0,0,0,,123381,49134,0,12685,1,1,1
news-source-strategies,RQ3,E3-reach-mitigation,informational_reach0_0_wom0,1030,INFORMATIONAL_CAMOUFLAGE,TRADITIONAL_MEDIA,FAKE_NEWS_SOURCE,1.0,-1.0,0.0,-1.0,0.33,0.0,5.0,1.0,COMPLETE,0.0,179600,0,0,0,0,,116531,49501,0,13568,1,1,1
news-source-strategies,RQ3,E3-reach-mitigation,informational_reach0_0_wom1,1001,INFORMATIONAL_CAMOUFLAGE,TRADITIONAL_MEDIA,FAKE_NEWS_SOURCE,1.0,-1.0,0.0,-1.0,0.33,1.0,5.0,1.0,COMPLETE,0.0,199954,0,0,0,0,,192805,5500,0,1649,1,1,1
news-source-strategies,RQ3,E3-reach-mitigation,informational_reach0_0_wom1,1002,INFORMATIONAL_CAMOUFLAGE,TRADITIONAL_MEDIA,FAKE_NEWS_SOURCE,1.0,-1.0,0.0,-1.0,0.33,1.0,5.0,1.0,COMPLETE,0.0,199952,0,0,0,0,,194491,3205,0,2256,1,1,1
news-source-strategies,RQ3,E3-reach-mitigation,informational_reach0_0_wom1,1003,INFORMATIONAL_CAMOUFLAGE,TRADITIONAL_MEDIA,FAKE_NEWS_SOURCE,1.0,-1.0,0.0,-1.0,0.33,1.0,5.0,1.0,COMPLETE,0.0,199956,0,0,0,0,,194362,4010,0,1584,1,1,1
news-source-strategies,RQ3,E3-reach-mitigation,informational_reach0_0_wom1,1004,INFORMATIONAL_CAMOUFLAGE,TRADITIONAL_MEDIA,FAKE_NEWS_SOURCE,1.0,-1.0,0.0,-1.0,0.33,1.0,5.0,1.0,COMPLETE,0.0,199963,0,0,0,0,,191552,5312,0,3099,1,1,1
news-source-strategies,RQ3,E3-reach-mitigation,informational_reach0_0_wom1,1005,INFORMATIONAL_CAMOUFLAGE,TRADITIONAL_MEDIA,FAKE_NEWS_SOURCE,1.0,-1.0,0.0,-1.0,0.33,1.0,5.0,1.0,COMPLETE,0.0,199956,0,0,0,0,,193791,3399,0,2766,1,1,1
news-source-strategies,RQ3,E3-reach-mitigation,informational_reach0_0_wom1,1006,INFORMATIONAL_CAMOUFLAGE,TRADITIONAL_MEDIA,FAKE_NEWS_SOURCE,1.0,-1.0,0.0,-1.0,0.33,1.0,5.0,1.0,COMPLETE,0.0,199958,0,0,0,0,,195222,2996,0,1740,1,1,1
news-source-strategies,RQ3,E3-reach-mitigation,informational_reach0_0_wom1,1007,INFORMATIONAL_CAMOUFLAGE,TRADITIONAL_MEDIA,FAKE_NEWS_SOURCE,1.0,-1.0,0.0,-1.0,0.33,1.0,5.0,1.0,COMPLETE,0.0,199967,0,0,0,0,,195717,2393,0,1857,1,1,1
news-source-strategies,RQ3,E3-reach-mitigation,informational_reach0_0_wom1,1008,INFORMATIONAL_CAMOUFLAGE,TRADITIONAL_MEDIA,FAKE_NEWS_SOURCE,1.0,-1.0,0.0,-1.0,0.33,1.0,5.0,1.0,COMPLETE,0.0,199954,0,0,0,0,,193885,3393,0,2676,1,1,1
news-source-strategies,RQ3,E3-reach-mitigation,informational_reach0_0_wom1,1009,INFORMATIONAL_CAMOUFLAGE,TRADITIONAL_MEDIA,FAKE_NEWS_SOURCE,1.0,-1.0,0.0,-1.0,0.33,1.0,5.0,1.0,COMPLETE,0.0,199960,0,0,0,0,,193971,3602,0,2387,1,1,1
news-source-strategies,RQ3,E3-reach-mitigation,informational_reach0_0_wom1,1010,INFORMATIONAL_CAMOUFLAGE,TRADITIONAL_MEDIA,FAKE_NEWS_SOURCE,1.0,-1.0,0.0,-1.0,0.33,1.0,5.0,1.0,COMPLETE,0.0,199944,0,0,0,0,,193104,4664,0,2176,1,1,1
news-source-strategies,RQ3,E3-reach-mitigation,informational_reach0_0_wom1,1011,INFORMATIONAL_CAMOUFLAGE,TRADITIONAL_MEDIA,FAKE_NEWS_SOURCE,1.0,-1.0,0.0,-1.0,0.33,1.0,5.0,1.0,COMPLETE,0.0,199966,0,0,0,0,,187225,9046,0,3695,1,1,1
news-source-strategies,RQ3,E3-reach-mitigation,informational_reach0_0_wom1,1012,INFORMATIONAL_CAMOUFLAGE,TRADITIONAL_MEDIA,FAKE_NEWS_SOURCE,1.0,-1.0,0.0,-1.0,0.33,1.0,5.0,1.0,COMPLETE,0.0,199961,0,0,0,0,,193676,3595,0,2690,1,1,1
news-source-strategies,RQ3,E3-reach-mitigation,informational_reach0_0_wom1,1013,INFORMATIONAL_CAMOUFLAGE,TRADITIONAL_MEDIA,FAKE_NEWS_SOURCE,1.0,-1.0,0.0,-1.0,0.33,1.0,5.0,1.0,COMPLETE,0.0,199978,0,0,0,0,,191603,5003,0,3372,1,1,1
news-source-strategies,RQ3,E3-reach-mitigation,informational_reach0_0_wom1,1014,INFORMATIONAL_CAMOUFLAGE,TRADITIONAL_MEDIA,FAKE_NEWS_SOURCE,1.0,-1.0,0.0,-1.0,0.33,1.0,5.0,1.0,COMPLETE,0.0,199960,0,0,0,0,,197051,1750,0,1159,1,1,1
news-source-strategies,RQ3,E3-reach-mitigation,informational_reach0_0_wom1,1015,INFORMATIONAL_CAMOUFLAGE,TRADITIONAL_MEDIA,FAKE_NEWS_SOURCE,1.0,-1.0,0.0,-1.0,0.33,1.0,5.0,1.0,COMPLETE,0.0,199956,0,0,0,0,,196073,2033,0,1850,1,1,1
news-source-strategies,RQ3,E3-reach-mitigation,informational_reach0_0_wom1,1016,INFORMATIONAL_CAMOUFLAGE,TRADITIONAL_MEDIA,FAKE_NEWS_SOURCE,1.0,-1.0,0.0,-1.0,0.33,1.0,5.0,1.0,COMPLETE,0.0,199952,0,0,0,0,,195486,2386,0,2080,1,1,1
news-source-strategies,RQ3,E3-reach-mitigation,informational_reach0_0_wom1,1017,INFORMATIONAL_CAMOUFLAGE,TRADITIONAL_MEDIA,FAKE_NEWS_SOURCE,1.0,-1.0,0.0,-1.0,0.33,1.0,5.0,1.0,COMPLETE,0.0,199960,0,0,0,0,,195023,3152,0,1785,1,1,1
news-source-strategies,RQ3,E3-reach-mitigation,informational_reach0_0_wom1,1018,INFORMATIONAL_CAMOUFLAGE,TRADITIONAL_MEDIA,FAKE_NEWS_SOURCE,1.0,-1.0,0.0,-1.0,0.33,1.0,5.0,1.0,COMPLETE,0.0,199947,0,0,0,0,,195964,2295,0,1688,1,1,1
news-source-strategies,RQ3,E3-reach-mitigation,informational_reach0_0_wom1,1019,INFORMATIONAL_CAMOUFLAGE,TRADITIONAL_MEDIA,FAKE_NEWS_SOURCE,1.0,-1.0,0.0,-1.0,0.33,1.0,5.0,1.0,COMPLETE,0.0,199961,0,0,0,0,,193398,3988,0,2575,1,1,1
news-source-strategies,RQ3,E3-reach-mitigation,informational_reach0_0_wom1,1020,INFORMATIONAL_CAMOUFLAGE,TRADITIONAL_MEDIA,FAKE_NEWS_SOURCE,1.0,-1.0,0.0,-1.0,0.33,1.0,5.0,1.0,COMPLETE,0.0,199968,0,0,0,0,,196052,2072,0,1844,1,1,1
news-source-strategies,RQ3,E3-reach-mitigation,informational_reach0_0_wom1,1021,INFORMATIONAL_CAMOUFLAGE,TRADITIONAL_MEDIA,FAKE_NEWS_SOURCE,1.0,-1.0,0.0,-1.0,0.33,1.0,5.0,1.0,COMPLETE,0.0,199953,0,0,0,0,,193200,3968,0,2785,1,1,1
news-source-strategies,RQ3,E3-reach-mitigation,informational_reach0_0_wom1,1022,INFORMATIONAL_CAMOUFLAGE,TRADITIONAL_MEDIA,FAKE_NEWS_SOURCE,1.0,-1.0,0.0,-1.0,0.33,1.0,5.0,1.0,COMPLETE,0.0,199965,0,0,0,0,,196069,2369,0,1527,1,1,1
news-source-strategies,RQ3,E3-reach-mitigation,informational_reach0_0_wom1,1023,INFORMATIONAL_CAMOUFLAGE,TRADITIONAL_MEDIA,FAKE_NEWS_SOURCE,1.0,-1.0,0.0,-1.0,0.33,1.0,5.0,1.0,COMPLETE,0.0,199959,0,0,0,0,,194812,3139,0,2008,1,1,1
news-source-strategies,RQ3,E3-reach-mitigation,informational_reach0_0_wom1,1024,INFORMATIONAL_CAMOUFLAGE,TRADITIONAL_MEDIA,FAKE_NEWS_SOURCE,1.0,-1.0,0.0,-1.0,0.33,1.0,5.0,1.0,COMPLETE,0.0,199963,0,0,0,0,,195178,3078,0,1707,1,1,1
news-source-strategies,RQ3,E3-reach-mitigation,informational_reach0_0_wom1,1025,INFORMATIONAL_CAMOUFLAGE,TRADITIONAL_MEDIA,FAKE_NEWS_SOURCE,1.0,-1.0,0.0,-1.0,0.33,1.0,5.0,1.0,COMPLETE,0.0,199958,0,0,0,0,,192121,5301,0,2536,1,1,1
news-source-strategies,RQ3,E3-reach-mitigation,informational_reach0_0_wom1,1026,INFORMATIONAL_CAMOUFLAGE,TRADITIONAL_MEDIA,FAKE_NEWS_SOURCE,1.0,-1.0,0.0,-1.0,0.33,1.0,5.0,1.0,COMPLETE,0.0,199954,0,0,0,0,,194000,3841,0,2113,1,1,1
news-source-strategies,RQ3,E3-reach-mitigation,informational_reach0_0_wom1,1027,INFORMATIONAL_CAMOUFLAGE,TRADITIONAL_MEDIA,FAKE_NEWS_SOURCE,1.0,-1.0,0.0,-1.0,0.33,1.0,5.0,1.0,COMPLETE,0.0,199957,0,0,0,0,,194956,3225,0,1776,1,1,1
news-source-strategies,RQ3,E3-reach-mitigation,informational_reach0_0_wom1,1028,INFORMATIONAL_CAMOUFLAGE,TRADITIONAL_MEDIA,FAKE_NEWS_SOURCE,1.0,-1.0,0.0,-1.0,0.33,1.0,5.0,1.0,COMPLETE,0.0,199968,0,0,0,0,,196649,2002,0,1317,1,1,1
news-source-strategies,RQ3,E3-reach-mitigation,informational_reach0_0_wom1,1029,INFORMATIONAL_CAMOUFLAGE,TRADITIONAL_MEDIA,FAKE_NEWS_SOURCE,1.0,-1.0,0.0,-1.0,0.33,1.0,5.0,1.0,COMPLETE,0.0,199963,0,0,0,0,,195037,3030,0,1896,1,1,1
news-source-strategies,RQ3,E3-reach-mitigation,informational_reach0_0_wom1,1030,INFORMATIONAL_CAMOUFLAGE,TRADITIONAL_MEDIA,FAKE_NEWS_SOURCE,1.0,-1.0,0.0,-1.0,0.33,1.0,5.0,1.0,COMPLETE,0.0,199949,0,0,0,0,,194360,3671,0,1918,1,1,1
news-source-strategies,RQ4,E4-sensitivity-robustness,control_c3_window25,1001,NONE,,,,,,25.0,-1.0,1.0,3.0,1.0,COMPLETE,2e-05,200000,250,252,253,257,1.0,136800,51208,857,11135,2,5,10
news-source-strategies,RQ4,E4-sensitivity-robustness,control_c3_window25,1002,NONE,,,,,,25.0,-1.0,1.0,3.0,1.0,COMPLETE,0.0,200000,276,280,286,289,1.0,156365,32326,915,10394,2,5,12
news-source-strategies,RQ4,E4-sensitivity-robustness,control_c3_window25,1003,NONE,,,,,,25.0,-1.0,1.0,3.0,1.0,COMPLETE,0.0,200000,260,263,267,269,1.0,150847,37649,830,10674,3,5,11
news-source-strategies,RQ4,E4-sensitivity-robustness,control_c3_window25,1004,NONE,,,,,,25.0,-1.0,1.0,3.0,1.0,COMPLETE,0.0,200000,243,247,251,255,1.0,154805,33134,782,11279,2,6,13
news-source-strategies,RQ4,E4-sensitivity-robustness,control_c3_window25,1005,NONE,,,,,,25.0,-1.0,1.0,3.0,1.0,COMPLETE,0.0,200000,263,268,270,273,1.0,152118,37327,994,9561,2,5,11
news-source-strategies,RQ4,E4-sensitivity-robustness,control_c3_window25,1006,NONE,,,,,,25.0,-1.0,1.0,3.0,1.0,COMPLETE,0.0,200000,256,258,259,261,1.0,153488,35631,929,9952,2,6,12
news-source-strategies,RQ4,E4-sensitivity-robustness,control_c3_window25,1007,NONE,,,,,,25.0,-1.0,1.0,3.0,1.0,COMPLETE,0.0,200000,255,256,260,261,1.0,149635,39090,843,10432,2,5,12
news-source-strategies,RQ4,E4-sensitivity-robustness,control_c3_window25,1008,NONE,,,,,,25.0,-1.0,1.0,3.0,1.0,COMPLETE,0.0,200000,265,269,269,270,1.0,155864,32728,869,10539,2,6,12
news-source-strategies,RQ4,E4-sensitivity-robustness,control_c3_window25,1009,NONE,,,,,,25.0,-1.0,1.0,3.0,1.0,COMPLETE,0.0,200000,256,260,265,267,1.0,142338,46578,923,10161,2,6,12
news-source-strategies,RQ4,E4-sensitivity-robustness,control_c3_window25,1010,NONE,,,,,,25.0,-1.0,1.0,3.0,1.0,COMPLETE,0.0,200000,258,259,266,268,1.0,156548,32829,884,9739,2,6,12
news-source-strategies,RQ4,E4-sensitivity-robustness,control_c3_window25,1011,NONE,,,,,,25.0,-1.0,1.0,3.0,1.0,COMPLETE,0.0,200000,254,255,256,260,1.0,145800,43300,982,9918,2,5,11
news-source-strategies,RQ4,E4-sensitivity-robustness,control_c3_window25,1012,NONE,,,,,,25.0,-1.0,1.0,3.0,1.0,COMPLETE,0.0,200000,259,265,272,273,1.0,151517,38195,865,9423,2,7,13
news-source-strategies,RQ4,E4-sensitivity-robustness,control_c3_window25,1013,NONE,,,,,,25.0,-1.0,1.0,3.0,1.0,COMPLETE,0.0,200000,269,273,274,275,1.0,145853,41588,913,11646,3,5,12
news-source-strategies,RQ4,E4-sensitivity-robustness,control_c3_window25,1014,NONE,,,,,,25.0,-1.0,1.0,3.0,1.0,COMPLETE,0.0,200000,264,264,268,270,1.0,150740,37297,786,11177,2,5,11
news-source-strategies,RQ4,E4-sensitivity-robustness,control_c3_window25,1015,NONE,,,,,,25.0,-1.0,1.0,3.0,1.0,COMPLETE,0.0,200000,266,269,272,275,1.0,149390,40142,1019,9449,2,5,11
news-source-strategies,RQ4,E4-sensitivity-robustness,credibility_c3_window25,1001,CREDIBILITY_CAMOUFLAGE,TRADITIONAL_MEDIA,FAKE_NEWS_SOURCE,1.0,-1.0,,25.0,-1.0,1.0,3.0,1.0,COMPLETE,2e-05,200000,252,254,257,262,1.0,136255,51148,1551,11046,2,5,10
news-source-strategies,RQ4,E4-sensitivity-robustness,credibility_c3_window25,1002,CREDIBILITY_CAMOUFLAGE,TRADITIONAL_MEDIA,FAKE_NEWS_SOURCE,1.0,-1.0,,25.0,-1.0,1.0,3.0,1.0,COMPLETE,0.0,200000,273,276,282,285,1.0,155596,32921,1221,10262,2,5,11
news-source-strategies,RQ4,E4-sensitivity-robustness,credibility_c3_window25,1003,CREDIBILITY_CAMOUFLAGE,TRADITIONAL_MEDIA,FAKE_NEWS_SOURCE,1.0,-1.0,,25.0,-1.0,1.0,3.0,1.0,COMPLETE,0.0,200000,261,264,269,271,1.0,152740,35248,1365,10647,3,5,11
news-source-strategies,RQ4,E4-sensitivity-robustness,credibility_c3_window25,1004,CREDIBILITY_CAMOUFLAGE,TRADITIONAL_MEDIA,FAKE_NEWS_SOURCE,1.0,-1.0,,25.0,-1.0,1.0,3.0,1.0,COMPLETE,0.0,200000,241,246,252,257,1.0,153989,33553,1324,11134,2,6,13
news-source-strategies,RQ4,E4-sensitivity-robustness,credibility_c3_window25,1005,CREDIBILITY_CAMOUFLAGE,TRADITIONAL_MEDIA,FAKE_NEWS_SOURCE,1.0,-1.0,,25.0,-1.0,1.0,3.0,1.0,COMPLETE,0.0,200000,261,265,267,270,1.0,151333,37626,1570,9471,2,5,11
news-source-strategies,RQ4,E4-sensitivity-robustness,credibility_c3_window25,1006,CREDIBILITY_CAMOUFLAGE,TRADITIONAL_MEDIA,FAKE_NEWS_SOURCE,1.0,-1.0,,25.0,-1.0,1.0,3.0,1.0,COMPLETE,0.0,200000,256,256,257,259,1.0,152517,36280,1395,9808,2,6,12
news-source-strategies,RQ4,E4-sensitivity-robustness,credibility_c3_window25,1007,CREDIBILITY_CAMOUFLAGE,TRADITIONAL_MEDIA,FAKE_NEWS_SOURCE,1.0,-1.0,,25.0,-1.0,1.0,3.0,1.0,COMPLETE,0.0,200000,254,256,259,261,1.0,149406,38820,1370,10404,2,5,12
news-source-strategies,RQ4,E4-sensitivity-robustness,credibility_c3_window25,1008,CREDIBILITY_CAMOUFLAGE,TRADITIONAL_MEDIA,FAKE_NEWS_SOURCE,1.0,-1.0,,25.0,-1.0,1.0,3.0,1.0,COMPLETE,0.0,200000,265,268,270,271,1.0,155784,32277,1414,10525,2,6,12
news-source-strategies,RQ4,E4-sensitivity-robustness,credibility_c3_window25,1009,CREDIBILITY_CAMOUFLAGE,TRADITIONAL_MEDIA,FAKE_NEWS_SOURCE,1.0,-1.0,,25.0,-1.0,1.0,3.0,1.0,COMPLETE,0.0,200000,252,257,262,266,1.0,140423,48251,1330,9996,2,6,12
news-source-strategies,RQ4,E4-sensitivity-robustness,credibility_c3_window25,1010,CREDIBILITY_CAMOUFLAGE,TRADITIONAL_MEDIA,FAKE_NEWS_SOURCE,1.0,-1.0,,25.0,-1.0,1.0,3.0,1.0,COMPLETE,0.0,200000,257,258,266,269,1.0,156054,33027,1327,9592,2,6,12
news-source-strategies,RQ4,E4-sensitivity-robustness,credibility_c3_window25,1011,CREDIBILITY_CAMOUFLAGE,TRADITIONAL_MEDIA,FAKE_NEWS_SOURCE,1.0,-1.0,,25.0,-1.0,1.0,3.0,1.0,COMPLETE,0.0,200000,252,253,256,259,1.0,145585,42991,1631,9793,2,5,12
news-source-strategies,RQ4,E4-sensitivity-robustness,credibility_c3_window25,1012,CREDIBILITY_CAMOUFLAGE,TRADITIONAL_MEDIA,FAKE_NEWS_SOURCE,1.0,-1.0,,25.0,-1.0,1.0,3.0,1.0,COMPLETE,0.0,200000,256,263,271,272,1.0,149396,39924,1339,9341,2,7,14
news-source-strategies,RQ4,E4-sensitivity-robustness,credibility_c3_window25,1013,CREDIBILITY_CAMOUFLAGE,TRADITIONAL_MEDIA,FAKE_NEWS_SOURCE,1.0,-1.0,,25.0,-1.0,1.0,3.0,1.0,COMPLETE,0.0,200000,271,275,277,280,1.0,143166,43874,1487,11473,3,5,12
news-source-strategies,RQ4,E4-sensitivity-robustness,credibility_c3_window25,1014,CREDIBILITY_CAMOUFLAGE,TRADITIONAL_MEDIA,FAKE_NEWS_SOURCE,1.0,-1.0,,25.0,-1.0,1.0,3.0,1.0,COMPLETE,0.0,200000,266,266,272,273,1.0,151108,36509,1389,10994,2,5,12
news-source-strategies,RQ4,E4-sensitivity-robustness,credibility_c3_window25,1015,CREDIBILITY_CAMOUFLAGE,TRADITIONAL_MEDIA,FAKE_NEWS_SOURCE,1.0,-1.0,,25.0,-1.0,1.0,3.0,1.0,COMPLETE,0.0,200000,268,270,277,280,1.0,150112,38764,1722,9402,2,5,12
news-source-strategies,RQ4,E4-sensitivity-robustness,control_c3_half0_33,1001,NONE,,,,,,-1.0,0.33,1.0,3.0,1.0,COMPLETE,0.00494,200000,302,335,353,406,1.0,187680,5863,2610,3847,4,17,88
news-source-strategies,RQ4,E4-sensitivity-robustness,control_c3_half0_33,1002,NONE,,,,,,-1.0,0.33,1.0,3.0,1.0,COMPLETE,0.00944,200000,273,300,324,356,1.0,191355,3521,1925,3199,3,11,113
news-source-strategies,RQ4,E4-sensitivity-robustness,control_c3_half0_33,1003,NONE,,,,,,-1.0,0.33,1.0,3.0,1.0,COMPLETE,0.0063,200000,245,289,307,404,1.0,189903,4140,2351,3606,4,16,138
news-source-strategies,RQ4,E4-sensitivity-robustness,control_c3_half0_33,1004,NONE,,,,,,-1.0,0.33,1.0,3.0,1.0,COMPLETE,0.00666,200000,363,369,375,417,1.0,188017,4733,2393,4857,7,10,21
news-source-strategies,RQ4,E4-sensitivity-robustness,control_c3_half0_33,1005,NONE,,,,,,-1.0,0.33,1.0,3.0,1.0,COMPLETE,0.00494,200000,298,312,330,374,1.0,191126,3712,2152,3010,4,9,108
news-source-strategies,RQ4,E4-sensitivity-robustness,control_c3_half0_33,1006,NONE,,,,,,-1.0,0.33,1.0,3.0,1.0,COMPLETE,0.0052,200000,143,154,164,249,1.0,193247,2714,1238,2801,6,109,234
news-source-strategies,RQ4,E4-sensitivity-robustness,control_c3_half0_33,1007,NONE,,,,,,-1.0,0.33,1.0,3.0,1.0,COMPLETE,0.00332,200000,180,201,262,351,1.0,192665,3285,1481,2569,4,43,152
news-source-strategies,RQ4,E4-sensitivity-robustness,control_c3_half0_33,1008,NONE,,,,,,-1.0,0.33,1.0,3.0,1.0,COMPLETE,0.00694,200000,310,313,327,381,1.0,191667,3479,1875,2979,3,10,84
news-source-strategies,RQ4,E4-sensitivity-robustness,control_c3_half0_33,1009,NONE,,,,,,-1.0,0.33,1.0,3.0,1.0,COMPLETE,0.01486,200000,446,479,484,485,1.0,182696,7773,3993,5538,4,11,17
news-source-strategies,RQ4,E4-sensitivity-robustness,control_c3_half0_33,1010,NONE,,,,,,-1.0,0.33,1.0,3.0,1.0,COMPLETE,0.00622,200000,299,348,368,425,1.0,189768,4101,2611,3520,4,10,68
news-source-strategies,RQ4,E4-sensitivity-robustness,control_c3_half0_33,1011,NONE,,,,,,-1.0,0.33,1.0,3.0,1.0,COMPLETE,0.00286,200000,340,357,365,390,1.0,192771,3115,1802,2312,3,5,14
news-source-strategies,RQ4,E4-sensitivity-robustness,control_c3_half0_33,1012,NONE,,,,,,-1.0,0.33,1.0,3.0,1.0,COMPLETE,0.03694,200000,229,261,311,394,1.0,182244,8030,3927,5799,4,50,149
news-source-strategies,RQ4,E4-sensitivity-robustness,control_c3_half0_33,1013,NONE,,,,,,-1.0,0.33,1.0,3.0,1.0,COMPLETE,0.0095,200000,404,457,466,472,1.0,185009,6234,3466,5291,7,12,22
news-source-strategies,RQ4,E4-sensitivity-robustness,control_c3_half0_33,1014,NONE,,,,,,-1.0,0.33,1.0,3.0,1.0,COMPLETE,0.00714,200000,326,337,370,388,1.0,191308,3514,2062,3116,3,8,49
news-source-strategies,RQ4,E4-sensitivity-robustness,control_c3_half0_33,1015,NONE,,,,,,-1.0,0.33,1.0,3.0,1.0,COMPLETE,0.00514,200000,402,417,431,458,1.0,188957,5093,2579,3371,4,9,15
news-source-strategies,RQ4,E4-sensitivity-robustness,credibility_c3_half0_33,1001,CREDIBILITY_CAMOUFLAGE,TRADITIONAL_MEDIA,FAKE_NEWS_SOURCE,1.0,-1.0,,-1.0,0.33,1.0,3.0,1.0,COMPLETE,0.0049,200000,317,356,372,430,1.0,187684,5893,2697,3726,4,17,49
news-source-strategies,RQ4,E4-sensitivity-robustness,credibility_c3_half0_33,1002,CREDIBILITY_CAMOUFLAGE,TRADITIONAL_MEDIA,FAKE_NEWS_SOURCE,1.0,-1.0,,-1.0,0.33,1.0,3.0,1.0,COMPLETE,0.00988,200000,274,302,325,357,1.0,191781,3269,1930,3020,3,11,113
news-source-strategies,RQ4,E4-sensitivity-robustness,credibility_c3_half0_33,1003,CREDIBILITY_CAMOUFLAGE,TRADITIONAL_MEDIA,FAKE_NEWS_SOURCE,1.0,-1.0,,-1.0,0.33,1.0,3.0,1.0,COMPLETE,0.0063,200000,244,283,301,399,1.0,190519,3853,2309,3319,4,17,139
news-source-strategies,RQ4,E4-sensitivity-robustness,credibility_c3_half0_33,1004,CREDIBILITY_CAMOUFLAGE,TRADITIONAL_MEDIA,FAKE_NEWS_SOURCE,1.0,-1.0,,-1.0,0.33,1.0,3.0,1.0,COMPLETE,0.00694,200000,363,372,378,421,1.0,188153,4608,2494,4745,7,10,20
news-source-strategies,RQ4,E4-sensitivity-robustness,credibility_c3_half0_33,1005,CREDIBILITY_CAMOUFLAGE,TRADITIONAL_MEDIA,FAKE_NEWS_SOURCE,1.0,-1.0,,-1.0,0.33,1.0,3.0,1.0,COMPLETE,0.00462,200000,301,315,334,380,1.0,191375,3641,2180,2804,4,9,108
news-source-strategies,RQ4,E4-sensitivity-robustness,credibility_c3_half0_33,1006,CREDIBILITY_CAMOUFLAGE,TRADITIONAL_MEDIA,FAKE_NEWS_SOURCE,1.0,-1.0,,-1.0,0.33,1.0,3.0,1.0,COMPLETE,0.0058,200000,143,155,165,249,1.0,193411,2580,1285,2724,6,112,234
news-source-strategies,RQ4,E4-sensitivity-robustness,credibility_c3_half0_33,1007,CREDIBILITY_CAMOUFLAGE,TRADITIONAL_MEDIA,FAKE_NEWS_SOURCE,1.0,-1.0,,-1.0,0.33,1.0,3.0,1.0,COMPLETE,0.0034,200000,184,202,263,354,1.0,192816,3184,1512,2488,4,43,152
news-source-strategies,RQ4,E4-sensitivity-robustness,credibility_c3_half0_33,1008,CREDIBILITY_CAMOUFLAGE,TRADITIONAL_MEDIA,FAKE_NEWS_SOURCE,1.0,-1.0,,-1.0,0.33,1.0,3.0,1.0,COMPLETE,0.00812,200000,325,328,341,386,1.0,191747,3366,2027,2860,3,10,25
news-source-strategies,RQ4,E4-sensitivity-robustness,credibility_c3_half0_33,1009,CREDIBILITY_CAMOUFLAGE,TRADITIONAL_MEDIA,FAKE_NEWS_SOURCE,1.0,-1.0,,-1.0,0.33,1.0,3.0,1.0,COMPLETE,0.01486,200000,465,489,491,492,1.0,183222,6935,4305,5538,4,10,16
news-source-strategies,RQ4,E4-sensitivity-robustness,credibility_c3_half0_33,1010,CREDIBILITY_CAMOUFLAGE,TRADITIONAL_MEDIA,FAKE_NEWS_SOURCE,1.0,-1.0,,-1.0,0.33,1.0,3.0,1.0,COMPLETE,0.00632,200000,307,359,378,436,1.0,190300,3768,2709,3223,4,10,45
news-source-strategies,RQ4,E4-sensitivity-robustness,credibility_c3_half0_33,1011,CREDIBILITY_CAMOUFLAGE,TRADITIONAL_MEDIA,FAKE_NEWS_SOURCE,1.0,-1.0,,-1.0,0.33,1.0,3.0,1.0,COMPLETE,0.00294,200000,350,367,374,398,1.0,192800,3142,1831,2227,3,5,13
news-source-strategies,RQ4,E4-sensitivity-robustness,credibility_c3_half0_33,1012,CREDIBILITY_CAMOUFLAGE,TRADITIONAL_MEDIA,FAKE_NEWS_SOURCE,1.0,-1.0,,-1.0,0.33,1.0,3.0,1.0,COMPLETE,0.03932,200000,239,270,322,402,1.0,182248,8069,4063,5620,4,49,148
news-source-strategies,RQ4,E4-sensitivity-robustness,credibility_c3_half0_33,1013,CREDIBILITY_CAMOUFLAGE,TRADITIONAL_MEDIA,FAKE_NEWS_SOURCE,1.0,-1.0,,-1.0,0.33,1.0,3.0,1.0,COMPLETE,0.01016,200000,386,445,453,460,1.0,185289,6047,3537,5127,6,11,23
news-source-strategies,RQ4,E4-sensitivity-robustness,credibility_c3_half0_33,1014,CREDIBILITY_CAMOUFLAGE,TRADITIONAL_MEDIA,FAKE_NEWS_SOURCE,1.0,-1.0,,-1.0,0.33,1.0,3.0,1.0,COMPLETE,0.008,200000,345,358,388,406,1.0,191324,3457,2156,3063,3,8,25
news-source-strategies,RQ4,E4-sensitivity-robustness,credibility_c3_half0_33,1015,CREDIBILITY_CAMOUFLAGE,TRADITIONAL_MEDIA,FAKE_NEWS_SOURCE,1.0,-1.0,,-1.0,0.33,1.0,3.0,1.0,COMPLETE,0.00492,200000,422,436,447,464,1.0,189042,4975,2728,3255,4,9,14
news-source-strategies,RQ4,E4-sensitivity-robustness,control_c3_half1,1001,NONE,,,,,,-1.0,1.0,1.0,3.0,1.0,COMPLETE,0.0,200000,182,226,251,261,1.0,182703,12509,1007,3781,2,14,30
news-source-strategies,RQ4,E4-sensitivity-robustness,control_c3_half1,1002,NONE,,,,,,-1.0,1.0,1.0,3.0,1.0,COMPLETE,0.0,200000,212,250,266,266,1.0,188892,7263,894,2951,2,4,20
news-source-strategies,RQ4,E4-sensitivity-robustness,control_c3_half1,1003,NONE,,,,,,-1.0,1.0,1.0,3.0,1.0,COMPLETE,0.0,200000,189,245,271,273,1.0,186316,8944,993,3747,3,10,30
news-source-strategies,RQ4,E4-sensitivity-robustness,control_c3_half1,1004,NONE,,,,,,-1.0,1.0,1.0,3.0,1.0,COMPLETE,0.0,200000,225,274,306,310,1.0,185484,9284,1238,3994,3,10,29
news-source-strategies,RQ4,E4-sensitivity-robustness,control_c3_half1,1005,NONE,,,,,,-1.0,1.0,1.0,3.0,1.0,COMPLETE,0.0,200000,234,279,293,295,1.0,188760,6660,1209,3371,2,8,21
news-source-strategies,RQ4,E4-sensitivity-robustness,control_c3_half1,1006,NONE,,,,,,-1.0,1.0,1.0,3.0,1.0,COMPLETE,0.0,200000,160,184,192,192,1.0,189236,7604,592,2568,2,4,19
news-source-strategies,RQ4,E4-sensitivity-robustness,control_c3_half1,1007,NONE,,,,,,-1.0,1.0,1.0,3.0,1.0,COMPLETE,0.0,200000,162,202,217,217,1.0,190062,6011,745,3182,2,11,26
news-source-strategies,RQ4,E4-sensitivity-robustness,control_c3_half1,1008,NONE,,,,,,-1.0,1.0,1.0,3.0,1.0,COMPLETE,0.0,200000,199,225,232,232,1.0,190252,5972,750,3026,2,6,18
news-source-strategies,RQ4,E4-sensitivity-robustness,control_c3_half1,1009,NONE,,,,,,-1.0,1.0,1.0,3.0,1.0,COMPLETE,0.0,200000,261,313,328,332,1.0,184043,10549,1408,4000,3,13,24
news-source-strategies,RQ4,E4-sensitivity-robustness,control_c3_half1,1010,NONE,,,,,,-1.0,1.0,1.0,3.0,1.0,COMPLETE,0.0,200000,162,232,243,247,1.0,188608,7121,925,3346,2,8,30
news-source-strategies,RQ4,E4-sensitivity-robustness,control_c3_half1,1011,NONE,,,,,,-1.0,1.0,1.0,3.0,1.0,COMPLETE,0.0,200000,209,229,236,238,1.0,191494,5041,856,2609,2,5,10
news-source-strategies,RQ4,E4-sensitivity-robustness,control_c3_half1,1012,NONE,,,,,,-1.0,1.0,1.0,3.0,1.0,COMPLETE,0.0,200000,174,188,192,194,1.0,192028,4400,601,2971,2,4,12
news-source-strategies,RQ4,E4-sensitivity-robustness,control_c3_half1,1013,NONE,,,,,,-1.0,1.0,1.0,3.0,1.0,COMPLETE,0.0,200000,232,293,320,324,1.0,185443,8408,1380,4769,3,14,29
news-source-strategies,RQ4,E4-sensitivity-robustness,control_c3_half1,1014,NONE,,,,,,-1.0,1.0,1.0,3.0,1.0,COMPLETE,0.0,200000,238,273,288,290,1.0,188618,6911,1092,3379,2,8,19
news-source-strategies,RQ4,E4-sensitivity-robustness,control_c3_half1,1015,NONE,,,,,,-1.0,1.0,1.0,3.0,1.0,COMPLETE,0.0,200000,227,271,298,303,1.0,186274,8782,1235,3709,2,10,28
news-source-strategies,RQ4,E4-sensitivity-robustness,credibility_c3_half1,1001,CREDIBILITY_CAMOUFLAGE,TRADITIONAL_MEDIA,FAKE_NEWS_SOURCE,1.0,-1.0,,-1.0,1.0,1.0,3.0,1.0,COMPLETE,0.0,200000,186,233,277,287,1.0,181441,13513,1432,3614,2,15,34
news-source-strategies,RQ4,E4-sensitivity-robustness,credibility_c3_half1,1002,CREDIBILITY_CAMOUFLAGE,TRADITIONAL_MEDIA,FAKE_NEWS_SOURCE,1.0,-1.0,,-1.0,1.0,1.0,3.0,1.0,COMPLETE,0.0,200000,217,257,271,271,1.0,189872,6307,1083,2738,2,5,20
news-source-strategies,RQ4,E4-sensitivity-robustness,credibility_c3_half1,1003,CREDIBILITY_CAMOUFLAGE,TRADITIONAL_MEDIA,FAKE_NEWS_SOURCE,1.0,-1.0,,-1.0,1.0,1.0,3.0,1.0,COMPLETE,0.0,200000,191,256,284,288,1.0,186048,9031,1367,3554,3,10,34
news-source-strategies,RQ4,E4-sensitivity-robustness,credibility_c3_half1,1004,CREDIBILITY_CAMOUFLAGE,TRADITIONAL_MEDIA,FAKE_NEWS_SOURCE,1.0,-1.0,,-1.0,1.0,1.0,3.0,1.0,COMPLETE,0.0,200000,234,275,297,301,1.0,186535,8336,1523,3606,3,10,21
news-source-strategies,RQ4,E4-sensitivity-robustness,credibility_c3_half1,1005,CREDIBILITY_CAMOUFLAGE,TRADITIONAL_MEDIA,FAKE_NEWS_SOURCE,1.0,-1.0,,-1.0,1.0,1.0,3.0,1.0,COMPLETE,0.0,200000,240,290,304,304,1.0,188911,6282,1594,3213,2,8,21
news-source-strategies,RQ4,E4-sensitivity-robustness,credibility_c3_half1,1006,CREDIBILITY_CAMOUFLAGE,TRADITIONAL_MEDIA,FAKE_NEWS_SOURCE,1.0,-1.0,,-1.0,1.0,1.0,3.0,1.0,COMPLETE,0.0,200000,168,194,204,204,1.0,188525,8186,785,2504,2,5,19
news-source-strategies,RQ4,E4-sensitivity-robustness,credibility_c3_half1,1007,CREDIBILITY_CAMOUFLAGE,TRADITIONAL_MEDIA,FAKE_NEWS_SOURCE,1.0,-1.0,,-1.0,1.0,1.0,3.0,1.0,COMPLETE,0.0,200000,174,222,242,244,1.0,189350,6521,919,3210,2,13,28
news-source-strategies,RQ4,E4-sensitivity-robustness,credibility_c3_half1,1008,CREDIBILITY_CAMOUFLAGE,TRADITIONAL_MEDIA,FAKE_NEWS_SOURCE,1.0,-1.0,,-1.0,1.0,1.0,3.0,1.0,COMPLETE,0.0,200000,207,237,252,253,1.0,189892,6059,1058,2991,2,8,19
news-source-strategies,RQ4,E4-sensitivity-robustness,credibility_c3_half1,1009,CREDIBILITY_CAMOUFLAGE,TRADITIONAL_MEDIA,FAKE_NEWS_SOURCE,1.0,-1.0,,-1.0,1.0,1.0,3.0,1.0,COMPLETE,0.0,200000,260,314,335,338,1.0,185037,9352,1809,3802,3,13,25
news-source-strategies,RQ4,E4-sensitivity-robustness,credibility_c3_half1,1010,CREDIBILITY_CAMOUFLAGE,TRADITIONAL_MEDIA,FAKE_NEWS_SOURCE,1.0,-1.0,,-1.0,1.0,1.0,3.0,1.0,COMPLETE,0.0,200000,163,238,253,258,1.0,188631,7142,1008,3219,2,10,32
news-source-strategies,RQ4,E4-sensitivity-robustness,credibility_c3_half1,1011,CREDIBILITY_CAMOUFLAGE,TRADITIONAL_MEDIA,FAKE_NEWS_SOURCE,1.0,-1.0,,-1.0,1.0,1.0,3.0,1.0,COMPLETE,0.0,200000,210,242,253,254,1.0,191084,5311,991,2614,2,5,15
news-source-strategies,RQ4,E4-sensitivity-robustness,credibility_c3_half1,1012,CREDIBILITY_CAMOUFLAGE,TRADITIONAL_MEDIA,FAKE_NEWS_SOURCE,1.0,-1.0,,-1.0,1.0,1.0,3.0,1.0,COMPLETE,0.0,200000,175,192,196,198,1.0,192170,4185,740,2905,2,4,13
news-source-strategies,RQ4,E4-sensitivity-robustness,credibility_c3_half1,1013,CREDIBILITY_CAMOUFLAGE,TRADITIONAL_MEDIA,FAKE_NEWS_SOURCE,1.0,-1.0,,-1.0,1.0,1.0,3.0,1.0,COMPLETE,0.0,200000,242,315,341,343,1.0,185927,7730,1796,4547,4,14,29
news-source-strategies,RQ4,E4-sensitivity-robustness,credibility_c3_half1,1014,CREDIBILITY_CAMOUFLAGE,TRADITIONAL_MEDIA,FAKE_NEWS_SOURCE,1.0,-1.0,,-1.0,1.0,1.0,3.0,1.0,COMPLETE,0.0,200000,240,280,294,294,1.0,188957,6162,1323,3558,2,9,21
news-source-strategies,RQ4,E4-sensitivity-robustness,credibility_c3_half1,1015,CREDIBILITY_CAMOUFLAGE,TRADITIONAL_MEDIA,FAKE_NEWS_SOURCE,1.0,-1.0,,-1.0,1.0,1.0,3.0,1.0,COMPLETE,0.0,200000,236,288,309,312,1.0,187114,7551,1693,3642,2,10,24
news-source-strategies,RQ4,E4-sensitivity-robustness,control_c3_half5,1001,NONE,,,,,,-1.0,5.0,1.0,3.0,1.0,COMPLETE,6e-05,200000,214,220,228,236,1.0,159419,32187,691,7703,2,4,9
news-source-strategies,RQ4,E4-sensitivity-robustness,control_c3_half5,1002,NONE,,,,,,-1.0,5.0,1.0,3.0,1.0,COMPLETE,0.00018,200000,224,232,238,244,1.0,171626,20890,849,6635,2,4,9
news-source-strategies,RQ4,E4-sensitivity-robustness,control_c3_half5,1003,NONE,,,,,,-1.0,5.0,1.0,3.0,1.0,COMPLETE,0.00036,200000,215,220,224,227,1.0,168549,23552,705,7194,2,4,9
news-source-strategies,RQ4,E4-sensitivity-robustness,control_c3_half5,1004,NONE,,,,,,-1.0,5.0,1.0,3.0,1.0,COMPLETE,0.00012,200000,192,200,205,212,1.0,169196,22109,687,8008,2,5,10
news-source-strategies,RQ4,E4-sensitivity-robustness,control_c3_half5,1005,NONE,,,,,,-1.0,5.0,1.0,3.0,1.0,COMPLETE,0.00046,200000,214,225,236,246,1.0,168468,24199,889,6444,2,4,10
news-source-strategies,RQ4,E4-sensitivity-robustness,control_c3_half5,1006,NONE,,,,,,-1.0,5.0,1.0,3.0,1.0,COMPLETE,0.00028,200000,212,218,221,223,1.0,170702,21714,724,6860,2,5,9
news-source-strategies,RQ4,E4-sensitivity-robustness,control_c3_half5,1007,NONE,,,,,,-1.0,5.0,1.0,3.0,1.0,COMPLETE,0.00044,200000,194,201,207,211,1.0,168410,23973,620,6997,2,4,9
news-source-strategies,RQ4,E4-sensitivity-robustness,control_c3_half5,1008,NONE,,,,,,-1.0,5.0,1.0,3.0,1.0,COMPLETE,0.0001,200000,222,231,238,241,1.0,170711,21689,722,6878,2,5,10
news-source-strategies,RQ4,E4-sensitivity-robustness,control_c3_half5,1009,NONE,,,,,,-1.0,5.0,1.0,3.0,1.0,COMPLETE,0.00032,200000,213,218,228,239,1.0,161041,31408,791,6760,2,5,11
news-source-strategies,RQ4,E4-sensitivity-robustness,control_c3_half5,1010,NONE,,,,,,-1.0,5.0,1.0,3.0,1.0,COMPLETE,0.00018,200000,190,199,209,214,1.0,167803,25098,635,6464,2,4,9
news-source-strategies,RQ4,E4-sensitivity-robustness,control_c3_half5,1011,NONE,,,,,,-1.0,5.0,1.0,3.0,1.0,COMPLETE,0.00054,200000,223,230,237,241,1.0,168122,24536,776,6566,2,5,9
news-source-strategies,RQ4,E4-sensitivity-robustness,control_c3_half5,1012,NONE,,,,,,-1.0,5.0,1.0,3.0,1.0,COMPLETE,6e-05,200000,202,210,217,223,1.0,168923,23774,653,6650,2,5,10
news-source-strategies,RQ4,E4-sensitivity-robustness,control_c3_half5,1013,NONE,,,,,,-1.0,5.0,1.0,3.0,1.0,COMPLETE,0.0003,200000,207,216,230,236,1.0,165071,25493,770,8666,2,5,12
news-source-strategies,RQ4,E4-sensitivity-robustness,control_c3_half5,1014,NONE,,,,,,-1.0,5.0,1.0,3.0,1.0,COMPLETE,0.00048,200000,217,223,226,230,1.0,167954,23795,712,7539,2,4,9
news-source-strategies,RQ4,E4-sensitivity-robustness,control_c3_half5,1015,NONE,,,,,,-1.0,5.0,1.0,3.0,1.0,COMPLETE,0.00018,200000,199,203,211,216,1.0,166027,27074,686,6213,2,3,8
news-source-strategies,RQ4,E4-sensitivity-robustness,credibility_c3_half5,1001,CREDIBILITY_CAMOUFLAGE,TRADITIONAL_MEDIA,FAKE_NEWS_SOURCE,1.0,-1.0,,-1.0,5.0,1.0,3.0,1.0,COMPLETE,0.00024,200000,212,220,228,238,1.0,159636,31352,1281,7731,2,4,10
news-source-strategies,RQ4,E4-sensitivity-robustness,credibility_c3_half5,1002,CREDIBILITY_CAMOUFLAGE,TRADITIONAL_MEDIA,FAKE_NEWS_SOURCE,1.0,-1.0,,-1.0,5.0,1.0,3.0,1.0,COMPLETE,0.00034,200000,225,233,242,254,1.0,171139,21180,1304,6377,2,4,11
news-source-strategies,RQ4,E4-sensitivity-robustness,credibility_c3_half5,1003,CREDIBILITY_CAMOUFLAGE,TRADITIONAL_MEDIA,FAKE_NEWS_SOURCE,1.0,-1.0,,-1.0,5.0,1.0,3.0,1.0,COMPLETE,0.00048,200000,218,226,229,238,1.0,166998,24738,1010,7254,2,4,9
news-source-strategies,RQ4,E4-sensitivity-robustness,credibility_c3_half5,1004,CREDIBILITY_CAMOUFLAGE,TRADITIONAL_MEDIA,FAKE_NEWS_SOURCE,1.0,-1.0,,-1.0,5.0,1.0,3.0,1.0,COMPLETE,4e-05,200000,195,207,217,227,1.0,168984,22015,1169,7832,2,5,14
news-source-strategies,RQ4,E4-sensitivity-robustness,credibility_c3_half5,1005,CREDIBILITY_CAMOUFLAGE,TRADITIONAL_MEDIA,FAKE_NEWS_SOURCE,1.0,-1.0,,-1.0,5.0,1.0,3.0,1.0,COMPLETE,0.00034,200000,207,218,229,242,1.0,169814,22647,1287,6252,2,4,10
news-source-strategies,RQ4,E4-sensitivity-robustness,credibility_c3_half5,1006,CREDIBILITY_CAMOUFLAGE,TRADITIONAL_MEDIA,FAKE_NEWS_SOURCE,1.0,-1.0,,-1.0,5.0,1.0,3.0,1.0,COMPLETE,0.00036,200000,212,220,224,228,1.0,169008,23177,1075,6740,2,5,10
news-source-strategies,RQ4,E4-sensitivity-robustness,credibility_c3_half5,1007,CREDIBILITY_CAMOUFLAGE,TRADITIONAL_MEDIA,FAKE_NEWS_SOURCE,1.0,-1.0,,-1.0,5.0,1.0,3.0,1.0,COMPLETE,0.00016,200000,193,201,213,220,1.0,167670,24400,1009,6921,2,5,10
news-source-strategies,RQ4,E4-sensitivity-robustness,credibility_c3_half5,1008,CREDIBILITY_CAMOUFLAGE,TRADITIONAL_MEDIA,FAKE_NEWS_SOURCE,1.0,-1.0,,-1.0,5.0,1.0,3.0,1.0,COMPLETE,8e-05,200000,223,229,239,246,1.0,171369,20854,1137,6640,2,5,11
news-source-strategies,RQ4,E4-sensitivity-robustness,credibility_c3_half5,1009,CREDIBILITY_CAMOUFLAGE,TRADITIONAL_MEDIA,FAKE_NEWS_SOURCE,1.0,-1.0,,-1.0,5.0,1.0,3.0,1.0,COMPLETE,0.00012,200000,212,220,236,242,1.0,162997,29124,1251,6628,2,5,11
news-source-strategies,RQ4,E4-sensitivity-robustness,credibility_c3_half5,1010,CREDIBILITY_CAMOUFLAGE,TRADITIONAL_MEDIA,FAKE_NEWS_SOURCE,1.0,-1.0,,-1.0,5.0,1.0,3.0,1.0,COMPLETE,0.00038,200000,192,204,218,224,1.0,167746,24808,997,6449,2,4,11
news-source-strategies,RQ4,E4-sensitivity-robustness,credibility_c3_half5,1011,CREDIBILITY_CAMOUFLAGE,TRADITIONAL_MEDIA,FAKE_NEWS_SOURCE,1.0,-1.0,,-1.0,5.0,1.0,3.0,1.0,COMPLETE,0.00046,200000,229,238,247,254,1.0,169366,22886,1291,6457,2,5,10
news-source-strategies,RQ4,E4-sensitivity-robustness,credibility_c3_half5,1012,CREDIBILITY_CAMOUFLAGE,TRADITIONAL_MEDIA,FAKE_NEWS_SOURCE,1.0,-1.0,,-1.0,5.0,1.0,3.0,1.0,COMPLETE,0.00024,200000,205,214,222,229,1.0,169700,22571,1202,6527,2,5,11
news-source-strategies,RQ4,E4-sensitivity-robustness,credibility_c3_half5,1013,CREDIBILITY_CAMOUFLAGE,TRADITIONAL_MEDIA,FAKE_NEWS_SOURCE,1.0,-1.0,,-1.0,5.0,1.0,3.0,1.0,COMPLETE,0.00052,200000,214,226,244,254,1.0,165498,25034,1178,8290,3,5,14
news-source-strategies,RQ4,E4-sensitivity-robustness,credibility_c3_half5,1014,CREDIBILITY_CAMOUFLAGE,TRADITIONAL_MEDIA,FAKE_NEWS_SOURCE,1.0,-1.0,,-1.0,5.0,1.0,3.0,1.0,COMPLETE,4e-05,200000,216,226,230,239,1.0,166474,25193,1015,7318,2,4,10
news-source-strategies,RQ4,E4-sensitivity-robustness,credibility_c3_half5,1015,CREDIBILITY_CAMOUFLAGE,TRADITIONAL_MEDIA,FAKE_NEWS_SOURCE,1.0,-1.0,,-1.0,5.0,1.0,3.0,1.0,COMPLETE,0.00014,200000,199,209,215,222,1.0,165940,26644,1289,6127,2,4,11
news-source-strategies,RQ4,E4-sensitivity-robustness,control_c5_window25,1001,NONE,,,,,,25.0,-1.0,1.0,5.0,1.0,COMPLETE,0.0,200000,284,285,286,287,1.0,161806,27432,1041,9721,2,5,11
news-source-strategies,RQ4,E4-sensitivity-robustness,control_c5_window25,1002,NONE,,,,,,25.0,-1.0,1.0,5.0,1.0,COMPLETE,0.0,200000,267,268,268,268,1.0,159044,29377,854,10725,2,5,12
news-source-strategies,RQ4,E4-sensitivity-robustness,control_c5_window25,1003,NONE,,,,,,25.0,-1.0,1.0,5.0,1.0,COMPLETE,0.0,200000,266,267,267,268,1.0,151260,37681,783,10276,2,5,12
news-source-strategies,RQ4,E4-sensitivity-robustness,control_c5_window25,1004,NONE,,,,,,25.0,-1.0,1.0,5.0,1.0,COMPLETE,4e-05,200000,256,257,257,258,1.0,149461,38562,795,11182,2,5,10
news-source-strategies,RQ4,E4-sensitivity-robustness,control_c5_window25,1005,NONE,,,,,,25.0,-1.0,1.0,5.0,1.0,COMPLETE,0.0,200000,253,257,260,260,1.0,156079,33057,954,9910,2,4,9
news-source-strategies,RQ4,E4-sensitivity-robustness,control_c5_window25,1006,NONE,,,,,,25.0,-1.0,1.0,5.0,1.0,COMPLETE,0.0,200000,247,247,250,250,1.0,154134,33038,734,12094,2,4,10
news-source-strategies,RQ4,E4-sensitivity-robustness,control_c5_window25,1007,NONE,,,,,,25.0,-1.0,1.0,5.0,1.0,COMPLETE,0.0,200000,274,277,278,279,1.0,145216,43576,965,10243,2,5,10
news-source-strategies,RQ4,E4-sensitivity-robustness,control_c5_window25,1008,NONE,,,,,,25.0,-1.0,1.0,5.0,1.0,COMPLETE,0.0,200000,272,272,276,278,1.0,153698,34062,896,11344,2,5,12
news-source-strategies,RQ4,E4-sensitivity-robustness,control_c5_window25,1009,NONE,,,,,,25.0,-1.0,1.0,5.0,1.0,COMPLETE,0.0,200000,266,267,269,269,1.0,139933,49965,1009,9093,2,5,10
news-source-strategies,RQ4,E4-sensitivity-robustness,control_c5_window25,1010,NONE,,,,,,25.0,-1.0,1.0,5.0,1.0,COMPLETE,0.0,200000,276,277,281,282,1.0,150096,38391,949,10564,2,5,10
news-source-strategies,RQ4,E4-sensitivity-robustness,control_c5_window25,1011,NONE,,,,,,25.0,-1.0,1.0,5.0,1.0,COMPLETE,0.0,200000,269,270,273,274,1.0,160012,29053,969,9966,2,5,12
news-source-strategies,RQ4,E4-sensitivity-robustness,control_c5_window25,1012,NONE,,,,,,25.0,-1.0,1.0,5.0,1.0,COMPLETE,2e-05,200000,266,267,269,269,1.0,155731,32662,825,10782,2,5,12
news-source-strategies,RQ4,E4-sensitivity-robustness,control_c5_window25,1013,NONE,,,,,,25.0,-1.0,1.0,5.0,1.0,COMPLETE,0.0,200000,262,265,269,270,1.0,152581,37712,953,8754,2,5,12
news-source-strategies,RQ4,E4-sensitivity-robustness,control_c5_window25,1014,NONE,,,,,,25.0,-1.0,1.0,5.0,1.0,COMPLETE,2e-05,200000,286,287,291,293,1.0,147159,41176,898,10767,2,6,12
news-source-strategies,RQ4,E4-sensitivity-robustness,control_c5_window25,1015,NONE,,,,,,25.0,-1.0,1.0,5.0,1.0,COMPLETE,0.0,200000,260,262,268,269,1.0,152332,38120,902,8646,3,6,13
news-source-strategies,RQ4,E4-sensitivity-robustness,credibility_c5_window25,1001,CREDIBILITY_CAMOUFLAGE,TRADITIONAL_MEDIA,FAKE_NEWS_SOURCE,1.0,-1.0,,25.0,-1.0,1.0,5.0,1.0,COMPLETE,0.0,200000,284,286,286,286,1.0,161024,27543,1702,9731,2,5,11
news-source-strategies,RQ4,E4-sensitivity-robustness,credibility_c5_window25,1002,CREDIBILITY_CAMOUFLAGE,TRADITIONAL_MEDIA,FAKE_NEWS_SOURCE,1.0,-1.0,,25.0,-1.0,1.0,5.0,1.0,COMPLETE,0.0,200000,265,268,269,269,1.0,159253,28630,1441,10676,2,5,13
news-source-strategies,RQ4,E4-sensitivity-robustness,credibility_c5_window25,1003,CREDIBILITY_CAMOUFLAGE,TRADITIONAL_MEDIA,FAKE_NEWS_SOURCE,1.0,-1.0,,25.0,-1.0,1.0,5.0,1.0,COMPLETE,0.0,200000,266,268,268,268,1.0,152689,36002,1451,9858,2,5,12
news-source-strategies,RQ4,E4-sensitivity-robustness,credibility_c5_window25,1004,CREDIBILITY_CAMOUFLAGE,TRADITIONAL_MEDIA,FAKE_NEWS_SOURCE,1.0,-1.0,,25.0,-1.0,1.0,5.0,1.0,COMPLETE,4e-05,200000,256,256,256,258,1.0,149621,38087,1252,11040,2,5,10
news-source-strategies,RQ4,E4-sensitivity-robustness,credibility_c5_window25,1005,CREDIBILITY_CAMOUFLAGE,TRADITIONAL_MEDIA,FAKE_NEWS_SOURCE,1.0,-1.0,,25.0,-1.0,1.0,5.0,1.0,COMPLETE,0.0,200000,254,258,262,262,1.0,155692,32984,1505,9819,2,4,9
news-source-strategies,RQ4,E4-sensitivity-robustness,credibility_c5_window25,1006,CREDIBILITY_CAMOUFLAGE,TRADITIONAL_MEDIA,FAKE_NEWS_SOURCE,1.0,-1.0,,25.0,-1.0,1.0,5.0,1.0,COMPLETE,0.0,200000,249,249,252,253,1.0,153909,32939,1124,12028,2,5,10
news-source-strategies,RQ4,E4-sensitivity-robustness,credibility_c5_window25,1007,CREDIBILITY_CAMOUFLAGE,TRADITIONAL_MEDIA,FAKE_NEWS_SOURCE,1.0,-1.0,,25.0,-1.0,1.0,5.0,1.0,COMPLETE,0.0,200000,272,276,278,279,1.0,144338,43913,1595,10154,2,5,10
news-source-strategies,RQ4,E4-sensitivity-robustness,credibility_c5_window25,1008,CREDIBILITY_CAMOUFLAGE,TRADITIONAL_MEDIA,FAKE_NEWS_SOURCE,1.0,-1.0,,25.0,-1.0,1.0,5.0,1.0,COMPLETE,0.0,200000,272,272,276,277,1.0,153615,33906,1319,11160,2,5,12
news-source-strategies,RQ4,E4-sensitivity-robustness,credibility_c5_window25,1009,CREDIBILITY_CAMOUFLAGE,TRADITIONAL_MEDIA,FAKE_NEWS_SOURCE,1.0,-1.0,,25.0,-1.0,1.0,5.0,1.0,COMPLETE,0.0,200000,267,270,272,272,1.0,140877,48586,1706,8831,2,5,11
news-source-strategies,RQ4,E4-sensitivity-robustness,credibility_c5_window25,1010,CREDIBILITY_CAMOUFLAGE,TRADITIONAL_MEDIA,FAKE_NEWS_SOURCE,1.0,-1.0,,25.0,-1.0,1.0,5.0,1.0,COMPLETE,0.0,200000,279,280,284,286,1.0,148546,39451,1561,10442,2,5,11
news-source-strategies,RQ4,E4-sensitivity-robustness,credibility_c5_window25,1011,CREDIBILITY_CAMOUFLAGE,TRADITIONAL_MEDIA,FAKE_NEWS_SOURCE,1.0,-1.0,,25.0,-1.0,1.0,5.0,1.0,COMPLETE,0.0,200000,271,272,275,276,1.0,159302,29168,1637,9893,2,5,12
news-source-strategies,RQ4,E4-sensitivity-robustness,credibility_c5_window25,1012,CREDIBILITY_CAMOUFLAGE,TRADITIONAL_MEDIA,FAKE_NEWS_SOURCE,1.0,-1.0,,25.0,-1.0,1.0,5.0,1.0,COMPLETE,2e-05,200000,266,267,268,269,1.0,156332,31639,1454,10575,2,5,11
news-source-strategies,RQ4,E4-sensitivity-robustness,credibility_c5_window25,1013,CREDIBILITY_CAMOUFLAGE,TRADITIONAL_MEDIA,FAKE_NEWS_SOURCE,1.0,-1.0,,25.0,-1.0,1.0,5.0,1.0,COMPLETE,0.0,200000,264,267,272,272,1.0,152611,37117,1612,8660,2,5,12
news-source-strategies,RQ4,E4-sensitivity-robustness,credibility_c5_window25,1014,CREDIBILITY_CAMOUFLAGE,TRADITIONAL_MEDIA,FAKE_NEWS_SOURCE,1.0,-1.0,,25.0,-1.0,1.0,5.0,1.0,COMPLETE,2e-05,200000,288,290,295,296,1.0,145598,42284,1469,10649,3,6,12
news-source-strategies,RQ4,E4-sensitivity-robustness,credibility_c5_window25,1015,CREDIBILITY_CAMOUFLAGE,TRADITIONAL_MEDIA,FAKE_NEWS_SOURCE,1.0,-1.0,,25.0,-1.0,1.0,5.0,1.0,COMPLETE,0.0,200000,258,261,265,267,1.0,151173,38800,1562,8465,3,6,12
news-source-strategies,RQ4,E4-sensitivity-robustness,control_c5_half0_33,1001,NONE,,,,,,-1.0,0.33,1.0,5.0,1.0,COMPLETE,0.01126,200000,252,252,329,389,1.0,191104,3564,2232,3100,3,11,127
news-source-strategies,RQ4,E4-sensitivity-robustness,control_c5_half0_33,1002,NONE,,,,,,-1.0,0.33,1.0,5.0,1.0,COMPLETE,0.00262,200000,264,275,311,341,1.0,192626,3137,1699,2538,3,8,152
news-source-strategies,RQ4,E4-sensitivity-robustness,control_c5_half0_33,1003,NONE,,,,,,-1.0,0.33,1.0,5.0,1.0,COMPLETE,0.00964,200000,202,252,334,384,1.0,190277,4532,2246,2945,7,38,131
news-source-strategies,RQ4,E4-sensitivity-robustness,control_c5_half0_33,1004,NONE,,,,,,-1.0,0.33,1.0,5.0,1.0,COMPLETE,0.00538,200000,267,278,396,467,1.0,186843,5540,3143,4474,3,13,89
news-source-strategies,RQ4,E4-sensitivity-robustness,control_c5_half0_33,1005,NONE,,,,,,-1.0,0.33,1.0,5.0,1.0,COMPLETE,0.01264,200000,344,371,409,421,1.0,186839,5615,3067,4479,3,9,35
news-source-strategies,RQ4,E4-sensitivity-robustness,control_c5_half0_33,1006,NONE,,,,,,-1.0,0.33,1.0,5.0,1.0,COMPLETE,0.0085,200000,351,385,426,444,1.0,186884,4016,2674,6426,8,13,34
news-source-strategies,RQ4,E4-sensitivity-robustness,control_c5_half0_33,1007,NONE,,,,,,-1.0,0.33,1.0,5.0,1.0,COMPLETE,0.0059,200000,377,462,489,495,1.0,168057,19746,5029,7168,4,10,25
news-source-strategies,RQ4,E4-sensitivity-robustness,control_c5_half0_33,1008,NONE,,,,,,-1.0,0.33,1.0,5.0,1.0,COMPLETE,0.01206,200000,360,397,411,455,1.0,186705,5583,3175,4537,3,8,33
news-source-strategies,RQ4,E4-sensitivity-robustness,control_c5_half0_33,1009,NONE,,,,,,-1.0,0.33,1.0,5.0,1.0,COMPLETE,0.01194,200000,280,310,469,484,1.0,150729,37150,5271,6850,3,17,70
news-source-strategies,RQ4,E4-sensitivity-robustness,control_c5_half0_33,1010,NONE,,,,,,-1.0,0.33,1.0,5.0,1.0,COMPLETE,0.00402,200000,320,353,451,497,1.0,114359,72960,5297,7384,4,9,67
news-source-strategies,RQ4,E4-sensitivity-robustness,control_c5_half0_33,1011,NONE,,,,,,-1.0,0.33,1.0,5.0,1.0,COMPLETE,0.00282,200000,235,252,340,368,1.0,192359,3004,1844,2793,3,11,78
news-source-strategies,RQ4,E4-sensitivity-robustness,control_c5_half0_33,1012,NONE,,,,,,-1.0,0.33,1.0,5.0,1.0,COMPLETE,0.01344,200000,249,279,334,398,1.0,186774,4347,2596,6283,9,17,142
news-source-strategies,RQ4,E4-sensitivity-robustness,control_c5_half0_33,1013,NONE,,,,,,-1.0,0.33,1.0,5.0,1.0,COMPLETE,0.00708,200000,163,205,278,357,1.0,192870,3135,1662,2333,4,74,128
news-source-strategies,RQ4,E4-sensitivity-robustness,control_c5_half0_33,1014,NONE,,,,,,-1.0,0.33,1.0,5.0,1.0,COMPLETE,0.00284,200000,275,306,326,392,1.0,189667,4425,2338,3570,3,13,148
news-source-strategies,RQ4,E4-sensitivity-robustness,control_c5_half0_33,1015,NONE,,,,,,-1.0,0.33,1.0,5.0,1.0,COMPLETE,0.01062,200000,163,171,284,462,1.0,187496,5689,2938,3877,11,74,123
news-source-strategies,RQ4,E4-sensitivity-robustness,credibility_c5_half0_33,1001,CREDIBILITY_CAMOUFLAGE,TRADITIONAL_MEDIA,FAKE_NEWS_SOURCE,1.0,-1.0,,-1.0,0.33,1.0,5.0,1.0,COMPLETE,0.01208,200000,262,263,345,404,1.0,191275,3437,2324,2964,3,11,98
news-source-strategies,RQ4,E4-sensitivity-robustness,credibility_c5_half0_33,1002,CREDIBILITY_CAMOUFLAGE,TRADITIONAL_MEDIA,FAKE_NEWS_SOURCE,1.0,-1.0,,-1.0,0.33,1.0,5.0,1.0,COMPLETE,0.00276,200000,272,283,318,348,1.0,192966,2842,1721,2471,3,8,152
news-source-strategies,RQ4,E4-sensitivity-robustness,credibility_c5_half0_33,1003,CREDIBILITY_CAMOUFLAGE,TRADITIONAL_MEDIA,FAKE_NEWS_SOURCE,1.0,-1.0,,-1.0,0.33,1.0,5.0,1.0,COMPLETE,0.01076,200000,208,269,346,393,1.0,190129,4536,2404,2931,7,38,98
news-source-strategies,RQ4,E4-sensitivity-robustness,credibility_c5_half0_33,1004,CREDIBILITY_CAMOUFLAGE,TRADITIONAL_MEDIA,FAKE_NEWS_SOURCE,1.0,-1.0,,-1.0,0.33,1.0,5.0,1.0,COMPLETE,0.00508,200000,281,292,410,473,1.0,186817,5432,3338,4413,3,11,89
news-source-strategies,RQ4,E4-sensitivity-robustness,credibility_c5_half0_33,1005,CREDIBILITY_CAMOUFLAGE,TRADITIONAL_MEDIA,FAKE_NEWS_SOURCE,1.0,-1.0,,-1.0,0.33,1.0,5.0,1.0,COMPLETE,0.01396,200000,344,375,419,430,1.0,187145,5338,3212,4305,3,9,36
news-source-strategies,RQ4,E4-sensitivity-robustness,credibility_c5_half0_33,1006,CREDIBILITY_CAMOUFLAGE,TRADITIONAL_MEDIA,FAKE_NEWS_SOURCE,1.0,-1.0,,-1.0,0.33,1.0,5.0,1.0,COMPLETE,0.00826,200000,363,403,444,459,1.0,186678,4014,2882,6426,8,13,24
news-source-strategies,RQ4,E4-sensitivity-robustness,credibility_c5_half0_33,1007,CREDIBILITY_CAMOUFLAGE,TRADITIONAL_MEDIA,FAKE_NEWS_SOURCE,1.0,-1.0,,-1.0,0.33,1.0,5.0,1.0,COMPLETE,0.00566,200000,397,476,492,497,1.0,170183,18048,5143,6626,4,9,18
news-source-strategies,RQ4,E4-sensitivity-robustness,credibility_c5_half0_33,1008,CREDIBILITY_CAMOUFLAGE,TRADITIONAL_MEDIA,FAKE_NEWS_SOURCE,1.0,-1.0,,-1.0,0.33,1.0,5.0,1.0,COMPLETE,0.01312,200000,370,416,432,470,1.0,187305,5068,3309,4318,3,8,26
news-source-strategies,RQ4,E4-sensitivity-robustness,credibility_c5_half0_33,1009,CREDIBILITY_CAMOUFLAGE,TRADITIONAL_MEDIA,FAKE_NEWS_SOURCE,1.0,-1.0,,-1.0,0.33,1.0,5.0,1.0,COMPLETE,0.01182,200000,285,315,478,489,1.0,150721,37253,5434,6592,3,16,70
news-source-strategies,RQ4,E4-sensitivity-robustness,credibility_c5_half0_33,1010,CREDIBILITY_CAMOUFLAGE,TRADITIONAL_MEDIA,FAKE_NEWS_SOURCE,1.0,-1.0,,-1.0,0.33,1.0,5.0,1.0,COMPLETE,0.00424,200000,328,359,466,499,1.0,113508,72772,6025,7695,4,9,62
news-source-strategies,RQ4,E4-sensitivity-robustness,credibility_c5_half0_33,1011,CREDIBILITY_CAMOUFLAGE,TRADITIONAL_MEDIA,FAKE_NEWS_SOURCE,1.0,-1.0,,-1.0,0.33,1.0,5.0,1.0,COMPLETE,0.00286,200000,238,256,341,368,1.0,192817,2803,1783,2597,3,11,78
news-source-strategies,RQ4,E4-sensitivity-robustness,credibility_c5_half0_33,1012,CREDIBILITY_CAMOUFLAGE,TRADITIONAL_MEDIA,FAKE_NEWS_SOURCE,1.0,-1.0,,-1.0,0.33,1.0,5.0,1.0,COMPLETE,0.01428,200000,253,280,339,406,1.0,186830,4230,2740,6200,9,17,120
news-source-strategies,RQ4,E4-sensitivity-robustness,credibility_c5_half0_33,1013,CREDIBILITY_CAMOUFLAGE,TRADITIONAL_MEDIA,FAKE_NEWS_SOURCE,1.0,-1.0,,-1.0,0.33,1.0,5.0,1.0,COMPLETE,0.00752,200000,166,201,280,363,1.0,193128,2979,1707,2186,4,74,128
news-source-strategies,RQ4,E4-sensitivity-robustness,credibility_c5_half0_33,1014,CREDIBILITY_CAMOUFLAGE,TRADITIONAL_MEDIA,FAKE_NEWS_SOURCE,1.0,-1.0,,-1.0,0.33,1.0,5.0,1.0,COMPLETE,0.00274,200000,293,325,345,405,1.0,189757,4211,2539,3493,3,11,129
news-source-strategies,RQ4,E4-sensitivity-robustness,credibility_c5_half0_33,1015,CREDIBILITY_CAMOUFLAGE,TRADITIONAL_MEDIA,FAKE_NEWS_SOURCE,1.0,-1.0,,-1.0,0.33,1.0,5.0,1.0,COMPLETE,0.01168,200000,169,177,294,466,1.0,187254,5729,3200,3817,11,73,121
news-source-strategies,RQ4,E4-sensitivity-robustness,control_c5_half1,1001,NONE,,,,,,-1.0,1.0,1.0,5.0,1.0,COMPLETE,0.0,200000,184,198,204,206,1.0,192170,4630,681,2519,2,4,12
news-source-strategies,RQ4,E4-sensitivity-robustness,control_c5_half1,1002,NONE,,,,,,-1.0,1.0,1.0,5.0,1.0,COMPLETE,0.0,200000,191,211,219,220,1.0,190642,5711,718,2929,2,4,12
news-source-strategies,RQ4,E4-sensitivity-robustness,control_c5_half1,1003,NONE,,,,,,-1.0,1.0,1.0,5.0,1.0,COMPLETE,0.0,200000,153,190,204,204,1.0,189122,7604,654,2620,2,4,25
news-source-strategies,RQ4,E4-sensitivity-robustness,control_c5_half1,1004,NONE,,,,,,-1.0,1.0,1.0,5.0,1.0,COMPLETE,0.0,200000,174,183,186,186,1.0,191032,5634,583,2751,1,3,8
news-source-strategies,RQ4,E4-sensitivity-robustness,control_c5_half1,1005,NONE,,,,,,-1.0,1.0,1.0,5.0,1.0,COMPLETE,0.0,200000,208,238,271,276,1.0,187253,8195,1074,3478,2,9,25
news-source-strategies,RQ4,E4-sensitivity-robustness,control_c5_half1,1006,NONE,,,,,,-1.0,1.0,1.0,5.0,1.0,COMPLETE,0.0,200000,191,218,233,235,1.0,190882,4618,787,3713,2,7,20
news-source-strategies,RQ4,E4-sensitivity-robustness,control_c5_half1,1007,NONE,,,,,,-1.0,1.0,1.0,5.0,1.0,COMPLETE,0.0,200000,218,270,295,297,1.0,185788,9654,1130,3428,2,10,28
news-source-strategies,RQ4,E4-sensitivity-robustness,control_c5_half1,1008,NONE,,,,,,-1.0,1.0,1.0,5.0,1.0,COMPLETE,0.0,200000,189,214,227,227,1.0,190132,6019,669,3180,2,4,15
news-source-strategies,RQ4,E4-sensitivity-robustness,control_c5_half1,1009,NONE,,,,,,-1.0,1.0,1.0,5.0,1.0,COMPLETE,0.0,200000,193,250,343,353,1.0,172060,22897,1479,3564,3,19,57
news-source-strategies,RQ4,E4-sensitivity-robustness,control_c5_half1,1010,NONE,,,,,,-1.0,1.0,1.0,5.0,1.0,COMPLETE,0.0,200000,199,223,231,232,1.0,188899,7668,708,2725,2,4,19
news-source-strategies,RQ4,E4-sensitivity-robustness,control_c5_half1,1011,NONE,,,,,,-1.0,1.0,1.0,5.0,1.0,COMPLETE,0.0,200000,158,181,191,195,1.0,191746,4607,717,2930,1,4,20
news-source-strategies,RQ4,E4-sensitivity-robustness,control_c5_half1,1012,NONE,,,,,,-1.0,1.0,1.0,5.0,1.0,COMPLETE,0.0,200000,180,202,207,207,1.0,191552,4364,687,3397,2,4,14
news-source-strategies,RQ4,E4-sensitivity-robustness,control_c5_half1,1013,NONE,,,,,,-1.0,1.0,1.0,5.0,1.0,COMPLETE,0.0,200000,148,180,188,189,1.0,191025,5804,651,2520,2,3,22
news-source-strategies,RQ4,E4-sensitivity-robustness,control_c5_half1,1014,NONE,,,,,,-1.0,1.0,1.0,5.0,1.0,COMPLETE,0.0,200000,220,261,274,279,1.0,185933,9347,1043,3677,2,10,21
news-source-strategies,RQ4,E4-sensitivity-robustness,control_c5_half1,1015,NONE,,,,,,-1.0,1.0,1.0,5.0,1.0,COMPLETE,0.0,200000,193,213,232,239,1.0,189067,7580,855,2498,2,9,21
news-source-strategies,RQ4,E4-sensitivity-robustness,credibility_c5_half1,1001,CREDIBILITY_CAMOUFLAGE,TRADITIONAL_MEDIA,FAKE_NEWS_SOURCE,1.0,-1.0,,-1.0,1.0,1.0,5.0,1.0,COMPLETE,0.0,200000,181,198,204,206,1.0,192761,4084,738,2417,2,4,12
news-source-strategies,RQ4,E4-sensitivity-robustness,credibility_c5_half1,1002,CREDIBILITY_CAMOUFLAGE,TRADITIONAL_MEDIA,FAKE_NEWS_SOURCE,1.0,-1.0,,-1.0,1.0,1.0,5.0,1.0,COMPLETE,0.0,200000,199,224,236,239,1.0,190549,5526,1008,2917,2,4,15
news-source-strategies,RQ4,E4-sensitivity-robustness,credibility_c5_half1,1003,CREDIBILITY_CAMOUFLAGE,TRADITIONAL_MEDIA,FAKE_NEWS_SOURCE,1.0,-1.0,,-1.0,1.0,1.0,5.0,1.0,COMPLETE,0.0,200000,158,196,216,217,1.0,188871,7607,874,2648,2,4,30
news-source-strategies,RQ4,E4-sensitivity-robustness,credibility_c5_half1,1004,CREDIBILITY_CAMOUFLAGE,TRADITIONAL_MEDIA,FAKE_NEWS_SOURCE,1.0,-1.0,,-1.0,1.0,1.0,5.0,1.0,COMPLETE,0.0,200000,184,196,199,199,1.0,191366,5233,734,2667,1,3,9
news-source-strategies,RQ4,E4-sensitivity-robustness,credibility_c5_half1,1005,CREDIBILITY_CAMOUFLAGE,TRADITIONAL_MEDIA,FAKE_NEWS_SOURCE,1.0,-1.0,,-1.0,1.0,1.0,5.0,1.0,COMPLETE,0.0,200000,210,241,265,268,1.0,188037,7402,1286,3275,2,9,24
news-source-strategies,RQ4,E4-sensitivity-robustness,credibility_c5_half1,1006,CREDIBILITY_CAMOUFLAGE,TRADITIONAL_MEDIA,FAKE_NEWS_SOURCE,1.0,-1.0,,-1.0,1.0,1.0,5.0,1.0,COMPLETE,0.0,200000,189,224,237,238,1.0,190669,4712,938,3681,2,7,21
news-source-strategies,RQ4,E4-sensitivity-robustness,credibility_c5_half1,1007,CREDIBILITY_CAMOUFLAGE,TRADITIONAL_MEDIA,FAKE_NEWS_SOURCE,1.0,-1.0,,-1.0,1.0,1.0,5.0,1.0,COMPLETE,0.0,200000,218,278,299,300,1.0,186003,9229,1490,3278,2,10,28
news-source-strategies,RQ4,E4-sensitivity-robustness,credibility_c5_half1,1008,CREDIBILITY_CAMOUFLAGE,TRADITIONAL_MEDIA,FAKE_NEWS_SOURCE,1.0,-1.0,,-1.0,1.0,1.0,5.0,1.0,COMPLETE,0.0,200000,199,230,241,241,1.0,190044,5713,1041,3202,2,4,16
news-source-strategies,RQ4,E4-sensitivity-robustness,credibility_c5_half1,1009,CREDIBILITY_CAMOUFLAGE,TRADITIONAL_MEDIA,FAKE_NEWS_SOURCE,1.0,-1.0,,-1.0,1.0,1.0,5.0,1.0,COMPLETE,0.0,200000,199,245,342,346,1.0,174319,20161,1987,3533,3,18,57
news-source-strategies,RQ4,E4-sensitivity-robustness,credibility_c5_half1,1010,CREDIBILITY_CAMOUFLAGE,TRADITIONAL_MEDIA,FAKE_NEWS_SOURCE,1.0,-1.0,,-1.0,1.0,1.0,5.0,1.0,COMPLETE,0.0,200000,215,245,257,259,1.0,187501,8680,990,2829,2,5,21
news-source-strategies,RQ4,E4-sensitivity-robustness,credibility_c5_half1,1011,CREDIBILITY_CAMOUFLAGE,TRADITIONAL_MEDIA,FAKE_NEWS_SOURCE,1.0,-1.0,,-1.0,1.0,1.0,5.0,1.0,COMPLETE,0.0,200000,166,191,208,212,1.0,191951,4356,982,2711,2,5,24
news-source-strategies,RQ4,E4-sensitivity-robustness,credibility_c5_half1,1012,CREDIBILITY_CAMOUFLAGE,TRADITIONAL_MEDIA,FAKE_NEWS_SOURCE,1.0,-1.0,,-1.0,1.0,1.0,5.0,1.0,COMPLETE,0.0,200000,187,213,225,226,1.0,191343,4505,778,3374,2,4,18
news-source-strategies,RQ4,E4-sensitivity-robustness,credibility_c5_half1,1013,CREDIBILITY_CAMOUFLAGE,TRADITIONAL_MEDIA,FAKE_NEWS_SOURCE,1.0,-1.0,,-1.0,1.0,1.0,5.0,1.0,COMPLETE,0.0,200000,153,188,202,203,1.0,190903,5793,806,2498,2,4,24
news-source-strategies,RQ4,E4-sensitivity-robustness,credibility_c5_half1,1014,CREDIBILITY_CAMOUFLAGE,TRADITIONAL_MEDIA,FAKE_NEWS_SOURCE,1.0,-1.0,,-1.0,1.0,1.0,5.0,1.0,COMPLETE,0.0,200000,230,271,284,286,1.0,186577,8653,1276,3494,2,11,21
news-source-strategies,RQ4,E4-sensitivity-robustness,credibility_c5_half1,1015,CREDIBILITY_CAMOUFLAGE,TRADITIONAL_MEDIA,FAKE_NEWS_SOURCE,1.0,-1.0,,-1.0,1.0,1.0,5.0,1.0,COMPLETE,6e-05,200000,199,231,248,257,1.0,188534,7601,1305,2560,2,11,24
news-source-strategies,RQ4,E4-sensitivity-robustness,control_c5_half5,1001,NONE,,,,,,-1.0,5.0,1.0,5.0,1.0,COMPLETE,4e-05,200000,232,234,240,245,1.0,175223,17494,816,6467,2,4,8
news-source-strategies,RQ4,E4-sensitivity-robustness,control_c5_half5,1002,NONE,,,,,,-1.0,5.0,1.0,5.0,1.0,COMPLETE,8e-05,200000,203,207,207,208,1.0,174089,18127,600,7184,2,3,7
news-source-strategies,RQ4,E4-sensitivity-robustness,control_c5_half5,1003,NONE,,,,,,-1.0,5.0,1.0,5.0,1.0,COMPLETE,4e-05,200000,211,218,219,221,1.0,167877,25059,618,6446,2,4,8
news-source-strategies,RQ4,E4-sensitivity-robustness,control_c5_half5,1004,NONE,,,,,,-1.0,5.0,1.0,5.0,1.0,COMPLETE,0.0003,200000,209,214,218,220,1.0,170031,21569,763,7637,2,4,8
news-source-strategies,RQ4,E4-sensitivity-robustness,control_c5_half5,1005,NONE,,,,,,-1.0,5.0,1.0,5.0,1.0,COMPLETE,6e-05,200000,199,205,208,213,1.0,171178,21832,688,6302,2,4,8
news-source-strategies,RQ4,E4-sensitivity-robustness,control_c5_half5,1006,NONE,,,,,,-1.0,5.0,1.0,5.0,1.0,COMPLETE,2e-05,200000,209,219,222,225,1.0,171842,19061,535,8562,2,4,9
news-source-strategies,RQ4,E4-sensitivity-robustness,control_c5_half5,1007,NONE,,,,,,-1.0,5.0,1.0,5.0,1.0,COMPLETE,0.00058,200000,221,228,232,233,1.0,164122,28128,836,6914,2,4,8
news-source-strategies,RQ4,E4-sensitivity-robustness,control_c5_half5,1008,NONE,,,,,,-1.0,5.0,1.0,5.0,1.0,COMPLETE,0.00016,200000,223,232,235,236,1.0,170009,21932,680,7379,2,4,9
news-source-strategies,RQ4,E4-sensitivity-robustness,control_c5_half5,1009,NONE,,,,,,-1.0,5.0,1.0,5.0,1.0,COMPLETE,0.0003,200000,212,223,225,229,1.0,154619,38121,731,6529,2,4,9
news-source-strategies,RQ4,E4-sensitivity-robustness,control_c5_half5,1010,NONE,,,,,,-1.0,5.0,1.0,5.0,1.0,COMPLETE,0.00012,200000,223,226,231,236,1.0,167028,24653,749,7570,2,4,7
news-source-strategies,RQ4,E4-sensitivity-robustness,control_c5_half5,1011,NONE,,,,,,-1.0,5.0,1.0,5.0,1.0,COMPLETE,2e-05,200000,214,224,229,231,1.0,177101,15623,716,6560,2,4,9
news-source-strategies,RQ4,E4-sensitivity-robustness,control_c5_half5,1012,NONE,,,,,,-1.0,5.0,1.0,5.0,1.0,COMPLETE,0.00016,200000,208,214,217,221,1.0,175453,16732,632,7183,2,4,8
news-source-strategies,RQ4,E4-sensitivity-robustness,control_c5_half5,1013,NONE,,,,,,-1.0,5.0,1.0,5.0,1.0,COMPLETE,0.00026,200000,216,220,222,224,1.0,167219,26530,642,5609,2,4,8
news-source-strategies,RQ4,E4-sensitivity-robustness,control_c5_half5,1014,NONE,,,,,,-1.0,5.0,1.0,5.0,1.0,COMPLETE,0.0003,200000,215,224,233,235,1.0,165927,25816,782,7475,2,4,9
news-source-strategies,RQ4,E4-sensitivity-robustness,control_c5_half5,1015,NONE,,,,,,-1.0,5.0,1.0,5.0,1.0,COMPLETE,0.00028,200000,201,205,208,212,1.0,166548,26756,747,5949,2,5,9
news-source-strategies,RQ4,E4-sensitivity-robustness,credibility_c5_half5,1001,CREDIBILITY_CAMOUFLAGE,TRADITIONAL_MEDIA,FAKE_NEWS_SOURCE,1.0,-1.0,,-1.0,5.0,1.0,5.0,1.0,COMPLETE,8e-05,200000,231,238,245,249,1.0,175035,17337,1258,6370,2,4,9
news-source-strategies,RQ4,E4-sensitivity-robustness,credibility_c5_half5,1002,CREDIBILITY_CAMOUFLAGE,TRADITIONAL_MEDIA,FAKE_NEWS_SOURCE,1.0,-1.0,,-1.0,5.0,1.0,5.0,1.0,COMPLETE,0.0,200000,203,211,212,214,1.0,174153,17975,975,6897,2,4,7
news-source-strategies,RQ4,E4-sensitivity-robustness,credibility_c5_half5,1003,CREDIBILITY_CAMOUFLAGE,TRADITIONAL_MEDIA,FAKE_NEWS_SOURCE,1.0,-1.0,,-1.0,5.0,1.0,5.0,1.0,COMPLETE,0.00012,200000,211,214,216,220,1.0,168580,23939,1077,6404,2,4,8
news-source-strategies,RQ4,E4-sensitivity-robustness,credibility_c5_half5,1004,CREDIBILITY_CAMOUFLAGE,TRADITIONAL_MEDIA,FAKE_NEWS_SOURCE,1.0,-1.0,,-1.0,5.0,1.0,5.0,1.0,COMPLETE,0.00028,200000,210,215,219,222,1.0,169492,22244,1121,7143,2,4,8
news-source-strategies,RQ4,E4-sensitivity-robustness,credibility_c5_half5,1005,CREDIBILITY_CAMOUFLAGE,TRADITIONAL_MEDIA,FAKE_NEWS_SOURCE,1.0,-1.0,,-1.0,5.0,1.0,5.0,1.0,COMPLETE,0.00038,200000,197,203,207,214,1.0,167923,24868,1053,6156,2,4,9
news-source-strategies,RQ4,E4-sensitivity-robustness,credibility_c5_half5,1006,CREDIBILITY_CAMOUFLAGE,TRADITIONAL_MEDIA,FAKE_NEWS_SOURCE,1.0,-1.0,,-1.0,5.0,1.0,5.0,1.0,COMPLETE,2e-05,200000,208,216,220,222,1.0,171259,19541,770,8430,2,4,9
news-source-strategies,RQ4,E4-sensitivity-robustness,credibility_c5_half5,1007,CREDIBILITY_CAMOUFLAGE,TRADITIONAL_MEDIA,FAKE_NEWS_SOURCE,1.0,-1.0,,-1.0,5.0,1.0,5.0,1.0,COMPLETE,0.00092,200000,223,231,238,244,1.0,164487,27457,1371,6685,2,4,9
news-source-strategies,RQ4,E4-sensitivity-robustness,credibility_c5_half5,1008,CREDIBILITY_CAMOUFLAGE,TRADITIONAL_MEDIA,FAKE_NEWS_SOURCE,1.0,-1.0,,-1.0,5.0,1.0,5.0,1.0,COMPLETE,0.00034,200000,222,234,240,242,1.0,168830,22888,960,7322,2,4,10
news-source-strategies,RQ4,E4-sensitivity-robustness,credibility_c5_half5,1009,CREDIBILITY_CAMOUFLAGE,TRADITIONAL_MEDIA,FAKE_NEWS_SOURCE,1.0,-1.0,,-1.0,5.0,1.0,5.0,1.0,COMPLETE,0.00036,200000,214,225,228,234,1.0,153908,38517,1168,6407,2,5,9
news-source-strategies,RQ4,E4-sensitivity-robustness,credibility_c5_half5,1010,CREDIBILITY_CAMOUFLAGE,TRADITIONAL_MEDIA,FAKE_NEWS_SOURCE,1.0,-1.0,,-1.0,5.0,1.0,5.0,1.0,COMPLETE,0.0001,200000,226,233,238,246,1.0,166187,25159,1181,7473,2,4,8
news-source-strategies,RQ4,E4-sensitivity-robustness,credibility_c5_half5,1011,CREDIBILITY_CAMOUFLAGE,TRADITIONAL_MEDIA,FAKE_NEWS_SOURCE,1.0,-1.0,,-1.0,5.0,1.0,5.0,1.0,COMPLETE,8e-05,200000,213,226,231,233,1.0,177244,15213,1069,6474,2,4,9
news-source-strategies,RQ4,E4-sensitivity-robustness,credibility_c5_half5,1012,CREDIBILITY_CAMOUFLAGE,TRADITIONAL_MEDIA,FAKE_NEWS_SOURCE,1.0,-1.0,,-1.0,5.0,1.0,5.0,1.0,COMPLETE,0.00016,200000,209,214,216,220,1.0,174819,17326,854,7001,2,4,8
news-source-strategies,RQ4,E4-sensitivity-robustness,credibility_c5_half5,1013,CREDIBILITY_CAMOUFLAGE,TRADITIONAL_MEDIA,FAKE_NEWS_SOURCE,1.0,-1.0,,-1.0,5.0,1.0,5.0,1.0,COMPLETE,0.00046,200000,215,219,221,225,1.0,166603,26768,1099,5530,2,4,8
news-source-strategies,RQ4,E4-sensitivity-robustness,credibility_c5_half5,1014,CREDIBILITY_CAMOUFLAGE,TRADITIONAL_MEDIA,FAKE_NEWS_SOURCE,1.0,-1.0,,-1.0,5.0,1.0,5.0,1.0,COMPLETE,0.00046,200000,212,219,230,236,1.0,162573,28430,1284,7713,2,4,9
news-source-strategies,RQ4,E4-sensitivity-robustness,credibility_c5_half5,1015,CREDIBILITY_CAMOUFLAGE,TRADITIONAL_MEDIA,FAKE_NEWS_SOURCE,1.0,-1.0,,-1.0,5.0,1.0,5.0,1.0,COMPLETE,8e-05,200000,206,209,212,217,1.0,166142,27099,1067,5692,2,5,10
news-source-strategies,RQ4,E4-sensitivity-robustness,control_c10_window25,1001,NONE,,,,,,25.0,-1.0,1.0,10.0,1.0,COMPLETE,0.0,200000,263,264,265,265,1.0,156518,33523,788,9171,2,5,10
news-source-strategies,RQ4,E4-sensitivity-robustness,control_c10_window25,1002,NONE,,,,,,25.0,-1.0,1.0,10.0,1.0,COMPLETE,0.0,200000,269,271,271,272,1.0,158208,31534,928,9330,2,5,10
news-source-strategies,RQ4,E4-sensitivity-robustness,control_c10_window25,1003,NONE,,,,,,25.0,-1.0,1.0,10.0,1.0,COMPLETE,0.0,200000,264,264,266,267,1.0,161249,27204,959,10588,3,5,11
news-source-strategies,RQ4,E4-sensitivity-robustness,control_c10_window25,1004,NONE,,,,,,25.0,-1.0,1.0,10.0,1.0,COMPLETE,0.0,200000,251,251,254,255,1.0,152829,37868,823,8480,2,5,11
news-source-strategies,RQ4,E4-sensitivity-robustness,control_c10_window25,1005,NONE,,,,,,25.0,-1.0,1.0,10.0,1.0,COMPLETE,0.0,200000,272,273,273,275,1.0,161029,27734,962,10275,2,5,12
news-source-strategies,RQ4,E4-sensitivity-robustness,control_c10_window25,1006,NONE,,,,,,25.0,-1.0,1.0,10.0,1.0,COMPLETE,0.0,200000,280,281,281,281,1.0,155201,34756,983,9060,2,5,10
news-source-strategies,RQ4,E4-sensitivity-robustness,control_c10_window25,1007,NONE,,,,,,25.0,-1.0,1.0,10.0,1.0,COMPLETE,0.0,200000,245,245,248,248,1.0,158948,31437,766,8849,2,5,11
news-source-strategies,RQ4,E4-sensitivity-robustness,control_c10_window25,1008,NONE,,,,,,25.0,-1.0,1.0,10.0,1.0,COMPLETE,0.0,200000,278,278,280,281,1.0,159442,29199,901,10458,2,5,11
news-source-strategies,RQ4,E4-sensitivity-robustness,control_c10_window25,1009,NONE,,,,,,25.0,-1.0,1.0,10.0,1.0,COMPLETE,0.0,200000,263,265,266,266,1.0,160929,27126,848,11097,2,5,11
news-source-strategies,RQ4,E4-sensitivity-robustness,control_c10_window25,1010,NONE,,,,,,25.0,-1.0,1.0,10.0,1.0,COMPLETE,0.0,200000,260,263,265,266,1.0,158467,30637,863,10033,2,5,12
news-source-strategies,RQ4,E4-sensitivity-robustness,control_c10_window25,1011,NONE,,,,,,25.0,-1.0,1.0,10.0,1.0,COMPLETE,0.0,200000,259,260,262,262,1.0,156119,31129,828,11924,2,6,11
news-source-strategies,RQ4,E4-sensitivity-robustness,control_c10_window25,1012,NONE,,,,,,25.0,-1.0,1.0,10.0,1.0,COMPLETE,0.0,200000,260,261,263,263,1.0,148395,40755,858,9992,2,6,14
news-source-strategies,RQ4,E4-sensitivity-robustness,control_c10_window25,1013,NONE,,,,,,25.0,-1.0,1.0,10.0,1.0,COMPLETE,0.0,200000,271,274,278,279,1.0,165434,23503,1002,10061,3,6,11
news-source-strategies,RQ4,E4-sensitivity-robustness,control_c10_window25,1014,NONE,,,,,,25.0,-1.0,1.0,10.0,1.0,COMPLETE,0.0,200000,265,266,266,266,1.0,158769,30838,926,9467,2,4,10
news-source-strategies,RQ4,E4-sensitivity-robustness,control_c10_window25,1015,NONE,,,,,,25.0,-1.0,1.0,10.0,1.0,COMPLETE,0.0,200000,251,253,254,256,1.0,159263,30706,846,9185,2,6,10
news-source-strategies,RQ4,E4-sensitivity-robustness,credibility_c10_window25,1001,CREDIBILITY_CAMOUFLAGE,TRADITIONAL_MEDIA,FAKE_NEWS_SOURCE,1.0,-1.0,,25.0,-1.0,1.0,10.0,1.0,COMPLETE,0.0,200000,264,265,266,266,1.0,156561,33176,1244,9019,2,5,11
news-source-strategies,RQ4,E4-sensitivity-robustness,credibility_c10_window25,1002,CREDIBILITY_CAMOUFLAGE,TRADITIONAL_MEDIA,FAKE_NEWS_SOURCE,1.0,-1.0,,25.0,-1.0,1.0,10.0,1.0,COMPLETE,8e-05,200000,270,270,270,271,1.0,157674,31590,1713,9023,2,5,10
news-source-strategies,RQ4,E4-sensitivity-robustness,credibility_c10_window25,1003,CREDIBILITY_CAMOUFLAGE,TRADITIONAL_MEDIA,FAKE_NEWS_SOURCE,1.0,-1.0,,25.0,-1.0,1.0,10.0,1.0,COMPLETE,0.0,200000,263,263,266,267,1.0,160283,27676,1504,10537,3,5,11
news-source-strategies,RQ4,E4-sensitivity-robustness,credibility_c10_window25,1004,CREDIBILITY_CAMOUFLAGE,TRADITIONAL_MEDIA,FAKE_NEWS_SOURCE,1.0,-1.0,,25.0,-1.0,1.0,10.0,1.0,COMPLETE,0.0,200000,253,253,254,255,1.0,154190,36002,1354,8454,2,5,11
news-source-strategies,RQ4,E4-sensitivity-robustness,credibility_c10_window25,1005,CREDIBILITY_CAMOUFLAGE,TRADITIONAL_MEDIA,FAKE_NEWS_SOURCE,1.0,-1.0,,25.0,-1.0,1.0,10.0,1.0,COMPLETE,0.0,200000,271,272,272,274,1.0,160404,27931,1562,10103,2,5,12
news-source-strategies,RQ4,E4-sensitivity-robustness,credibility_c10_window25,1006,CREDIBILITY_CAMOUFLAGE,TRADITIONAL_MEDIA,FAKE_NEWS_SOURCE,1.0,-1.0,,25.0,-1.0,1.0,10.0,1.0,COMPLETE,0.0,200000,280,281,281,281,1.0,154836,34751,1497,8916,2,5,11
news-source-strategies,RQ4,E4-sensitivity-robustness,credibility_c10_window25,1007,CREDIBILITY_CAMOUFLAGE,TRADITIONAL_MEDIA,FAKE_NEWS_SOURCE,1.0,-1.0,,25.0,-1.0,1.0,10.0,1.0,COMPLETE,0.0,200000,246,246,249,249,1.0,158511,31566,1151,8772,2,5,11
news-source-strategies,RQ4,E4-sensitivity-robustness,credibility_c10_window25,1008,CREDIBILITY_CAMOUFLAGE,TRADITIONAL_MEDIA,FAKE_NEWS_SOURCE,1.0,-1.0,,25.0,-1.0,1.0,10.0,1.0,COMPLETE,0.0,200000,278,278,279,279,1.0,158348,29861,1365,10426,2,5,11
news-source-strategies,RQ4,E4-sensitivity-robustness,credibility_c10_window25,1009,CREDIBILITY_CAMOUFLAGE,TRADITIONAL_MEDIA,FAKE_NEWS_SOURCE,1.0,-1.0,,25.0,-1.0,1.0,10.0,1.0,COMPLETE,0.0,200000,259,261,262,262,1.0,160788,26945,1364,10903,2,5,11
news-source-strategies,RQ4,E4-sensitivity-robustness,credibility_c10_window25,1010,CREDIBILITY_CAMOUFLAGE,TRADITIONAL_MEDIA,FAKE_NEWS_SOURCE,1.0,-1.0,,25.0,-1.0,1.0,10.0,1.0,COMPLETE,0.0,200000,259,261,263,264,1.0,158877,29713,1449,9961,2,5,11
news-source-strategies,RQ4,E4-sensitivity-robustness,credibility_c10_window25,1011,CREDIBILITY_CAMOUFLAGE,TRADITIONAL_MEDIA,FAKE_NEWS_SOURCE,1.0,-1.0,,25.0,-1.0,1.0,10.0,1.0,COMPLETE,0.0,200000,258,259,261,261,1.0,155343,31384,1333,11940,2,6,11
news-source-strategies,RQ4,E4-sensitivity-robustness,credibility_c10_window25,1012,CREDIBILITY_CAMOUFLAGE,TRADITIONAL_MEDIA,FAKE_NEWS_SOURCE,1.0,-1.0,,25.0,-1.0,1.0,10.0,1.0,COMPLETE,0.0,200000,258,259,262,262,1.0,148424,40397,1367,9812,2,6,13
news-source-strategies,RQ4,E4-sensitivity-robustness,credibility_c10_window25,1013,CREDIBILITY_CAMOUFLAGE,TRADITIONAL_MEDIA,FAKE_NEWS_SOURCE,1.0,-1.0,,25.0,-1.0,1.0,10.0,1.0,COMPLETE,0.0,200000,270,273,277,278,1.0,164887,23562,1578,9973,3,6,11
news-source-strategies,RQ4,E4-sensitivity-robustness,credibility_c10_window25,1014,CREDIBILITY_CAMOUFLAGE,TRADITIONAL_MEDIA,FAKE_NEWS_SOURCE,1.0,-1.0,,25.0,-1.0,1.0,10.0,1.0,COMPLETE,0.0,200000,264,264,264,264,1.0,158231,30916,1496,9357,2,4,10
news-source-strategies,RQ4,E4-sensitivity-robustness,credibility_c10_window25,1015,CREDIBILITY_CAMOUFLAGE,TRADITIONAL_MEDIA,FAKE_NEWS_SOURCE,1.0,-1.0,,25.0,-1.0,1.0,10.0,1.0,COMPLETE,0.0,200000,252,254,254,256,1.0,159603,29878,1528,8991,2,6,10
news-source-strategies,RQ4,E4-sensitivity-robustness,control_c10_half0_33,1001,NONE,,,,,,-1.0,0.33,1.0,10.0,1.0,COMPLETE,0.02154,200000,371,372,381,413,1.0,184277,7095,3714,4914,3,6,22
news-source-strategies,RQ4,E4-sensitivity-robustness,control_c10_half0_33,1002,NONE,,,,,,-1.0,0.33,1.0,10.0,1.0,COMPLETE,0.00722,200000,198,237,349,368,1.0,192383,3229,1956,2432,3,39,94
news-source-strategies,RQ4,E4-sensitivity-robustness,control_c10_half0_33,1003,NONE,,,,,,-1.0,0.33,1.0,10.0,1.0,COMPLETE,0.0121,200000,335,345,364,406,1.0,188787,4399,2573,4241,5,9,75
news-source-strategies,RQ4,E4-sensitivity-robustness,control_c10_half0_33,1004,NONE,,,,,,-1.0,0.33,1.0,10.0,1.0,COMPLETE,0.0033,200000,240,297,350,375,1.0,192650,3358,1592,2400,3,8,52
news-source-strategies,RQ4,E4-sensitivity-robustness,control_c10_half0_33,1005,NONE,,,,,,-1.0,0.33,1.0,10.0,1.0,COMPLETE,0.03776,200000,266,290,306,363,1.0,185409,6678,3393,4520,4,21,231
news-source-strategies,RQ4,E4-sensitivity-robustness,control_c10_half0_33,1006,NONE,,,,,,-1.0,0.33,1.0,10.0,1.0,COMPLETE,0.00556,200000,352,451,488,490,1.0,163181,27786,4029,5004,8,13,27
news-source-strategies,RQ4,E4-sensitivity-robustness,control_c10_half0_33,1007,NONE,,,,,,-1.0,0.33,1.0,10.0,1.0,COMPLETE,0.0028,200000,177,348,358,375,1.0,176369,19605,1706,2320,10,39,44
news-source-strategies,RQ4,E4-sensitivity-robustness,control_c10_half0_33,1008,NONE,,,,,,-1.0,0.33,1.0,10.0,1.0,COMPLETE,0.0045,200000,368,388,424,440,1.0,188031,5768,2527,3674,3,9,16
news-source-strategies,RQ4,E4-sensitivity-robustness,control_c10_half0_33,1009,NONE,,,,,,-1.0,0.33,1.0,10.0,1.0,COMPLETE,0.00464,200000,309,356,384,432,1.0,189244,4139,2524,4093,4,9,38
news-source-strategies,RQ4,E4-sensitivity-robustness,control_c10_half0_33,1010,NONE,,,,,,-1.0,0.33,1.0,10.0,1.0,COMPLETE,0.04024,200000,369,386,408,445,1.0,179317,9131,4570,6982,6,8,34
news-source-strategies,RQ4,E4-sensitivity-robustness,control_c10_half0_33,1011,NONE,,,,,,-1.0,0.33,1.0,10.0,1.0,COMPLETE,0.0085,200000,311,376,462,489,1.0,135204,53184,4368,7244,7,12,50
news-source-strategies,RQ4,E4-sensitivity-robustness,control_c10_half0_33,1012,NONE,,,,,,-1.0,0.33,1.0,10.0,1.0,COMPLETE,0.00616,200000,383,414,424,466,1.0,176449,13980,3865,5706,4,7,24
news-source-strategies,RQ4,E4-sensitivity-robustness,control_c10_half0_33,1013,NONE,,,,,,-1.0,0.33,1.0,10.0,1.0,COMPLETE,0.01678,200000,306,313,317,378,1.0,190331,4151,2398,3120,3,6,106
news-source-strategies,RQ4,E4-sensitivity-robustness,control_c10_half0_33,1014,NONE,,,,,,-1.0,0.33,1.0,10.0,1.0,COMPLETE,0.01088,200000,174,234,272,399,1.0,188843,4456,2896,3805,4,45,155
news-source-strategies,RQ4,E4-sensitivity-robustness,control_c10_half0_33,1015,NONE,,,,,,-1.0,0.33,1.0,10.0,1.0,COMPLETE,0.00634,200000,226,246,299,391,1.0,189651,4754,2437,3158,7,27,169
news-source-strategies,RQ4,E4-sensitivity-robustness,credibility_c10_half0_33,1001,CREDIBILITY_CAMOUFLAGE,TRADITIONAL_MEDIA,FAKE_NEWS_SOURCE,1.0,-1.0,,-1.0,0.33,1.0,10.0,1.0,COMPLETE,0.02204,200000,394,397,404,428,1.0,184895,6587,3909,4609,3,6,18
news-source-strategies,RQ4,E4-sensitivity-robustness,credibility_c10_half0_33,1002,CREDIBILITY_CAMOUFLAGE,TRADITIONAL_MEDIA,FAKE_NEWS_SOURCE,1.0,-1.0,,-1.0,0.33,1.0,10.0,1.0,COMPLETE,0.00794,200000,199,239,373,396,1.0,191958,3367,2138,2537,3,48,93
news-source-strategies,RQ4,E4-sensitivity-robustness,credibility_c10_half0_33,1003,CREDIBILITY_CAMOUFLAGE,TRADITIONAL_MEDIA,FAKE_NEWS_SOURCE,1.0,-1.0,,-1.0,0.33,1.0,10.0,1.0,COMPLETE,0.01358,200000,347,356,374,411,1.0,188878,4263,2702,4157,5,9,44
news-source-strategies,RQ4,E4-sensitivity-robustness,credibility_c10_half0_33,1004,CREDIBILITY_CAMOUFLAGE,TRADITIONAL_MEDIA,FAKE_NEWS_SOURCE,1.0,-1.0,,-1.0,0.33,1.0,10.0,1.0,COMPLETE,0.00348,200000,240,300,364,389,1.0,192343,3446,1722,2489,3,9,53
news-source-strategies,RQ4,E4-sensitivity-robustness,credibility_c10_half0_33,1005,CREDIBILITY_CAMOUFLAGE,TRADITIONAL_MEDIA,FAKE_NEWS_SOURCE,1.0,-1.0,,-1.0,0.33,1.0,10.0,1.0,COMPLETE,0.04536,200000,272,301,318,372,1.0,184829,6631,3814,4726,4,21,196
news-source-strategies,RQ4,E4-sensitivity-robustness,credibility_c10_half0_33,1006,CREDIBILITY_CAMOUFLAGE,TRADITIONAL_MEDIA,FAKE_NEWS_SOURCE,1.0,-1.0,,-1.0,0.33,1.0,10.0,1.0,COMPLETE,0.00586,200000,359,469,494,499,1.0,146741,40992,5775,6492,8,13,27
news-source-strategies,RQ4,E4-sensitivity-robustness,credibility_c10_half0_33,1007,CREDIBILITY_CAMOUFLAGE,TRADITIONAL_MEDIA,FAKE_NEWS_SOURCE,1.0,-1.0,,-1.0,0.33,1.0,10.0,1.0,COMPLETE,0.00282,200000,167,345,363,376,1.0,176803,19226,1745,2226,10,39,47
news-source-strategies,RQ4,E4-sensitivity-robustness,credibility_c10_half0_33,1008,CREDIBILITY_CAMOUFLAGE,TRADITIONAL_MEDIA,FAKE_NEWS_SOURCE,1.0,-1.0,,-1.0,0.33,1.0,10.0,1.0,COMPLETE,0.00508,200000,376,411,443,457,1.0,187709,5733,2825,3733,3,9,16
news-source-strategies,RQ4,E4-sensitivity-robustness,credibility_c10_half0_33,1009,CREDIBILITY_CAMOUFLAGE,TRADITIONAL_MEDIA,FAKE_NEWS_SOURCE,1.0,-1.0,,-1.0,0.33,1.0,10.0,1.0,COMPLETE,0.00446,200000,303,337,370,429,1.0,190317,3637,2348,3698,4,8,76
news-source-strategies,RQ4,E4-sensitivity-robustness,credibility_c10_half0_33,1010,CREDIBILITY_CAMOUFLAGE,TRADITIONAL_MEDIA,FAKE_NEWS_SOURCE,1.0,-1.0,,-1.0,0.33,1.0,10.0,1.0,COMPLETE,0.04514,200000,386,402,423,457,1.0,179368,8684,5012,6936,6,8,21
news-source-strategies,RQ4,E4-sensitivity-robustness,credibility_c10_half0_33,1011,CREDIBILITY_CAMOUFLAGE,TRADITIONAL_MEDIA,FAKE_NEWS_SOURCE,1.0,-1.0,,-1.0,0.33,1.0,10.0,1.0,COMPLETE,0.00842,200000,325,408,466,475,1.0,166348,24075,3541,6036,7,12,31
news-source-strategies,RQ4,E4-sensitivity-robustness,credibility_c10_half0_33,1012,CREDIBILITY_CAMOUFLAGE,TRADITIONAL_MEDIA,FAKE_NEWS_SOURCE,1.0,-1.0,,-1.0,0.33,1.0,10.0,1.0,COMPLETE,0.00622,200000,401,434,441,481,1.0,177956,12694,3979,5371,4,7,23
news-source-strategies,RQ4,E4-sensitivity-robustness,credibility_c10_half0_33,1013,CREDIBILITY_CAMOUFLAGE,TRADITIONAL_MEDIA,FAKE_NEWS_SOURCE,1.0,-1.0,,-1.0,0.33,1.0,10.0,1.0,COMPLETE,0.02168,200000,325,331,335,390,1.0,190077,4090,2676,3157,3,6,106
news-source-strategies,RQ4,E4-sensitivity-robustness,credibility_c10_half0_33,1014,CREDIBILITY_CAMOUFLAGE,TRADITIONAL_MEDIA,FAKE_NEWS_SOURCE,1.0,-1.0,,-1.0,0.33,1.0,10.0,1.0,COMPLETE,0.00918,200000,175,247,290,416,1.0,188707,4544,3103,3646,4,36,152
news-source-strategies,RQ4,E4-sensitivity-robustness,credibility_c10_half0_33,1015,CREDIBILITY_CAMOUFLAGE,TRADITIONAL_MEDIA,FAKE_NEWS_SOURCE,1.0,-1.0,,-1.0,0.33,1.0,10.0,1.0,COMPLETE,0.0071,200000,223,241,304,394,1.0,190580,4331,2356,2733,7,32,169
news-source-strategies,RQ4,E4-sensitivity-robustness,control_c10_half1,1001,NONE,,,,,,-1.0,1.0,1.0,10.0,1.0,COMPLETE,0.0,200000,195,206,209,209,1.0,191376,5554,688,2382,2,4,12
news-source-strategies,RQ4,E4-sensitivity-robustness,control_c10_half1,1002,NONE,,,,,,-1.0,1.0,1.0,10.0,1.0,COMPLETE,0.0,200000,197,205,213,213,1.0,192636,4572,638,2154,1,3,8
news-source-strategies,RQ4,E4-sensitivity-robustness,control_c10_half1,1003,NONE,,,,,,-1.0,1.0,1.0,10.0,1.0,COMPLETE,0.0,200000,213,226,229,229,1.0,191505,4692,841,2962,2,5,11
news-source-strategies,RQ4,E4-sensitivity-robustness,control_c10_half1,1004,NONE,,,,,,-1.0,1.0,1.0,10.0,1.0,COMPLETE,0.0,200000,168,184,188,188,1.0,192369,4975,598,2058,2,3,11
news-source-strategies,RQ4,E4-sensitivity-robustness,control_c10_half1,1005,NONE,,,,,,-1.0,1.0,1.0,10.0,1.0,COMPLETE,0.0,200000,193,213,215,215,1.0,191584,4959,703,2754,2,5,12
news-source-strategies,RQ4,E4-sensitivity-robustness,control_c10_half1,1006,NONE,,,,,,-1.0,1.0,1.0,10.0,1.0,COMPLETE,0.0,200000,189,215,224,225,1.0,188157,8550,832,2461,2,5,17
news-source-strategies,RQ4,E4-sensitivity-robustness,control_c10_half1,1007,NONE,,,,,,-1.0,1.0,1.0,10.0,1.0,COMPLETE,0.0,200000,179,202,208,208,1.0,190418,6488,616,2478,2,4,12
news-source-strategies,RQ4,E4-sensitivity-robustness,control_c10_half1,1008,NONE,,,,,,-1.0,1.0,1.0,10.0,1.0,COMPLETE,0.0,200000,191,208,220,222,1.0,192085,4533,811,2571,2,4,12
news-source-strategies,RQ4,E4-sensitivity-robustness,control_c10_half1,1009,NONE,,,,,,-1.0,1.0,1.0,10.0,1.0,COMPLETE,0.0,200000,201,238,242,244,1.0,190934,5422,806,2838,2,5,17
news-source-strategies,RQ4,E4-sensitivity-robustness,control_c10_half1,1010,NONE,,,,,,-1.0,1.0,1.0,10.0,1.0,COMPLETE,0.0,200000,198,222,224,224,1.0,191450,4568,793,3189,2,5,15
news-source-strategies,RQ4,E4-sensitivity-robustness,control_c10_half1,1011,NONE,,,,,,-1.0,1.0,1.0,10.0,1.0,COMPLETE,0.0,200000,171,209,219,222,1.0,189096,6810,875,3219,2,6,21
news-source-strategies,RQ4,E4-sensitivity-robustness,control_c10_half1,1012,NONE,,,,,,-1.0,1.0,1.0,10.0,1.0,COMPLETE,0.0,200000,210,227,237,241,1.0,185346,10646,872,3136,2,6,16
news-source-strategies,RQ4,E4-sensitivity-robustness,control_c10_half1,1013,NONE,,,,,,-1.0,1.0,1.0,10.0,1.0,COMPLETE,0.0,200000,184,188,191,191,1.0,193200,3416,670,2714,2,4,10
news-source-strategies,RQ4,E4-sensitivity-robustness,control_c10_half1,1014,NONE,,,,,,-1.0,1.0,1.0,10.0,1.0,COMPLETE,0.0,200000,167,179,180,184,1.0,193022,3924,616,2438,2,3,8
news-source-strategies,RQ4,E4-sensitivity-robustness,control_c10_half1,1015,NONE,,,,,,-1.0,1.0,1.0,10.0,1.0,COMPLETE,0.0,200000,204,239,250,251,1.0,190388,5955,935,2722,2,9,24
news-source-strategies,RQ4,E4-sensitivity-robustness,credibility_c10_half1,1001,CREDIBILITY_CAMOUFLAGE,TRADITIONAL_MEDIA,FAKE_NEWS_SOURCE,1.0,-1.0,,-1.0,1.0,1.0,10.0,1.0,COMPLETE,0.0,200000,192,203,207,207,1.0,192029,4921,825,2225,2,4,11
news-source-strategies,RQ4,E4-sensitivity-robustness,credibility_c10_half1,1002,CREDIBILITY_CAMOUFLAGE,TRADITIONAL_MEDIA,FAKE_NEWS_SOURCE,1.0,-1.0,,-1.0,1.0,1.0,10.0,1.0,COMPLETE,0.0,200000,204,211,223,224,1.0,193007,4079,857,2057,2,3,12
news-source-strategies,RQ4,E4-sensitivity-robustness,credibility_c10_half1,1003,CREDIBILITY_CAMOUFLAGE,TRADITIONAL_MEDIA,FAKE_NEWS_SOURCE,1.0,-1.0,,-1.0,1.0,1.0,10.0,1.0,COMPLETE,0.0,200000,226,245,248,249,1.0,191323,4680,1053,2944,2,6,12
news-source-strategies,RQ4,E4-sensitivity-robustness,credibility_c10_half1,1004,CREDIBILITY_CAMOUFLAGE,TRADITIONAL_MEDIA,FAKE_NEWS_SOURCE,1.0,-1.0,,-1.0,1.0,1.0,10.0,1.0,COMPLETE,0.0,200000,171,186,191,191,1.0,192523,4819,733,1925,2,3,11
news-source-strategies,RQ4,E4-sensitivity-robustness,credibility_c10_half1,1005,CREDIBILITY_CAMOUFLAGE,TRADITIONAL_MEDIA,FAKE_NEWS_SOURCE,1.0,-1.0,,-1.0,1.0,1.0,10.0,1.0,COMPLETE,0.0,200000,197,214,215,215,1.0,191950,4637,844,2569,2,5,12
news-source-strategies,RQ4,E4-sensitivity-robustness,credibility_c10_half1,1006,CREDIBILITY_CAMOUFLAGE,TRADITIONAL_MEDIA,FAKE_NEWS_SOURCE,1.0,-1.0,,-1.0,1.0,1.0,10.0,1.0,COMPLETE,0.0,200000,198,229,241,242,1.0,187646,8898,1078,2378,2,6,20
news-source-strategies,RQ4,E4-sensitivity-robustness,credibility_c10_half1,1007,CREDIBILITY_CAMOUFLAGE,TRADITIONAL_MEDIA,FAKE_NEWS_SOURCE,1.0,-1.0,,-1.0,1.0,1.0,10.0,1.0,COMPLETE,0.0,200000,177,199,205,205,1.0,190710,6077,772,2441,2,4,12
news-source-strategies,RQ4,E4-sensitivity-robustness,credibility_c10_half1,1008,CREDIBILITY_CAMOUFLAGE,TRADITIONAL_MEDIA,FAKE_NEWS_SOURCE,1.0,-1.0,,-1.0,1.0,1.0,10.0,1.0,COMPLETE,0.0,200000,195,213,219,219,1.0,192628,4021,966,2385,2,4,11
news-source-strategies,RQ4,E4-sensitivity-robustness,credibility_c10_half1,1009,CREDIBILITY_CAMOUFLAGE,TRADITIONAL_MEDIA,FAKE_NEWS_SOURCE,1.0,-1.0,,-1.0,1.0,1.0,10.0,1.0,COMPLETE,0.0,200000,199,235,242,243,1.0,190757,5455,1065,2723,2,5,17
news-source-strategies,RQ4,E4-sensitivity-robustness,credibility_c10_half1,1010,CREDIBILITY_CAMOUFLAGE,TRADITIONAL_MEDIA,FAKE_NEWS_SOURCE,1.0,-1.0,,-1.0,1.0,1.0,10.0,1.0,COMPLETE,0.0,200000,200,230,233,234,1.0,191213,4672,1073,3042,2,5,18
news-source-strategies,RQ4,E4-sensitivity-robustness,credibility_c10_half1,1011,CREDIBILITY_CAMOUFLAGE,TRADITIONAL_MEDIA,FAKE_NEWS_SOURCE,1.0,-1.0,,-1.0,1.0,1.0,10.0,1.0,COMPLETE,0.0,200000,168,207,219,222,1.0,189872,6057,1088,2983,2,6,25
news-source-strategies,RQ4,E4-sensitivity-robustness,credibility_c10_half1,1012,CREDIBILITY_CAMOUFLAGE,TRADITIONAL_MEDIA,FAKE_NEWS_SOURCE,1.0,-1.0,,-1.0,1.0,1.0,10.0,1.0,COMPLETE,0.0,200000,211,234,243,245,1.0,185429,10516,1074,2981,2,6,17
news-source-strategies,RQ4,E4-sensitivity-robustness,credibility_c10_half1,1013,CREDIBILITY_CAMOUFLAGE,TRADITIONAL_MEDIA,FAKE_NEWS_SOURCE,1.0,-1.0,,-1.0,1.0,1.0,10.0,1.0,COMPLETE,0.0,200000,186,198,201,201,1.0,192937,3466,821,2776,2,4,12
news-source-strategies,RQ4,E4-sensitivity-robustness,credibility_c10_half1,1014,CREDIBILITY_CAMOUFLAGE,TRADITIONAL_MEDIA,FAKE_NEWS_SOURCE,1.0,-1.0,,-1.0,1.0,1.0,10.0,1.0,COMPLETE,0.0,200000,164,177,179,179,1.0,193218,3837,747,2198,2,3,6
news-source-strategies,RQ4,E4-sensitivity-robustness,credibility_c10_half1,1015,CREDIBILITY_CAMOUFLAGE,TRADITIONAL_MEDIA,FAKE_NEWS_SOURCE,1.0,-1.0,,-1.0,1.0,1.0,10.0,1.0,COMPLETE,0.0,200000,210,248,266,269,1.0,190156,6028,1185,2631,3,9,24
news-source-strategies,RQ4,E4-sensitivity-robustness,control_c10_half5,1001,NONE,,,,,,-1.0,5.0,1.0,10.0,1.0,COMPLETE,4e-05,200000,225,228,228,229,1.0,174667,18555,598,6180,2,4,7
news-source-strategies,RQ4,E4-sensitivity-robustness,control_c10_half5,1002,NONE,,,,,,-1.0,5.0,1.0,10.0,1.0,COMPLETE,0.00022,200000,218,224,225,227,1.0,175644,17489,636,6231,2,3,8
news-source-strategies,RQ4,E4-sensitivity-robustness,control_c10_half5,1003,NONE,,,,,,-1.0,5.0,1.0,10.0,1.0,COMPLETE,0.0,200000,204,208,210,213,1.0,178012,14562,638,6788,2,4,9
news-source-strategies,RQ4,E4-sensitivity-robustness,control_c10_half5,1004,NONE,,,,,,-1.0,5.0,1.0,10.0,1.0,COMPLETE,0.0003,200000,215,217,217,219,1.0,175321,18861,673,5145,2,4,7
news-source-strategies,RQ4,E4-sensitivity-robustness,control_c10_half5,1005,NONE,,,,,,-1.0,5.0,1.0,10.0,1.0,COMPLETE,0.00026,200000,211,220,221,224,1.0,176328,16272,705,6695,2,4,9
news-source-strategies,RQ4,E4-sensitivity-robustness,control_c10_half5,1006,NONE,,,,,,-1.0,5.0,1.0,10.0,1.0,COMPLETE,0.0001,200000,213,223,223,227,1.0,170745,22468,696,6091,2,4,8
news-source-strategies,RQ4,E4-sensitivity-robustness,control_c10_half5,1007,NONE,,,,,,-1.0,5.0,1.0,10.0,1.0,COMPLETE,0.00044,200000,209,213,221,225,1.0,174974,18411,684,5931,2,4,9
news-source-strategies,RQ4,E4-sensitivity-robustness,control_c10_half5,1008,NONE,,,,,,-1.0,5.0,1.0,10.0,1.0,COMPLETE,0.00012,200000,215,219,222,224,1.0,173270,19514,648,6568,2,3,7
news-source-strategies,RQ4,E4-sensitivity-robustness,control_c10_half5,1009,NONE,,,,,,-1.0,5.0,1.0,10.0,1.0,COMPLETE,0.0,200000,211,213,218,220,1.0,174462,17524,612,7402,2,4,8
news-source-strategies,RQ4,E4-sensitivity-robustness,control_c10_half5,1010,NONE,,,,,,-1.0,5.0,1.0,10.0,1.0,COMPLETE,0.0,200000,203,208,210,210,1.0,175065,17782,581,6572,2,4,8
news-source-strategies,RQ4,E4-sensitivity-robustness,control_c10_half5,1011,NONE,,,,,,-1.0,5.0,1.0,10.0,1.0,COMPLETE,4e-05,200000,184,185,190,191,1.0,167205,24377,545,7873,2,4,8
news-source-strategies,RQ4,E4-sensitivity-robustness,control_c10_half5,1012,NONE,,,,,,-1.0,5.0,1.0,10.0,1.0,COMPLETE,0.00014,200000,202,206,209,216,1.0,168389,24182,732,6697,2,5,10
news-source-strategies,RQ4,E4-sensitivity-robustness,control_c10_half5,1013,NONE,,,,,,-1.0,5.0,1.0,10.0,1.0,COMPLETE,0.00016,200000,212,220,224,225,1.0,178805,13792,769,6634,2,4,8
news-source-strategies,RQ4,E4-sensitivity-robustness,control_c10_half5,1014,NONE,,,,,,-1.0,5.0,1.0,10.0,1.0,COMPLETE,0.0,200000,208,214,217,218,1.0,174699,18494,622,6185,2,3,7
news-source-strategies,RQ4,E4-sensitivity-robustness,control_c10_half5,1015,NONE,,,,,,-1.0,5.0,1.0,10.0,1.0,COMPLETE,0.00028,200000,207,210,218,219,1.0,174511,18538,670,6281,2,5,9
news-source-strategies,RQ4,E4-sensitivity-robustness,credibility_c10_half5,1001,CREDIBILITY_CAMOUFLAGE,TRADITIONAL_MEDIA,FAKE_NEWS_SOURCE,1.0,-1.0,,-1.0,5.0,1.0,10.0,1.0,COMPLETE,4e-05,200000,224,226,227,227,1.0,174572,18491,937,6000,2,4,7
news-source-strategies,RQ4,E4-sensitivity-robustness,credibility_c10_half5,1002,CREDIBILITY_CAMOUFLAGE,TRADITIONAL_MEDIA,FAKE_NEWS_SOURCE,1.0,-1.0,,-1.0,5.0,1.0,10.0,1.0,COMPLETE,8e-05,200000,214,220,221,223,1.0,175928,16752,1129,6191,2,3,8
news-source-strategies,RQ4,E4-sensitivity-robustness,credibility_c10_half5,1003,CREDIBILITY_CAMOUFLAGE,TRADITIONAL_MEDIA,FAKE_NEWS_SOURCE,1.0,-1.0,,-1.0,5.0,1.0,10.0,1.0,COMPLETE,4e-05,200000,204,208,210,213,1.0,177201,15134,928,6737,2,4,9
news-source-strategies,RQ4,E4-sensitivity-robustness,credibility_c10_half5,1004,CREDIBILITY_CAMOUFLAGE,TRADITIONAL_MEDIA,FAKE_NEWS_SOURCE,1.0,-1.0,,-1.0,5.0,1.0,10.0,1.0,COMPLETE,0.0005,200000,222,223,224,227,1.0,175524,18363,1053,5060,2,4,8
news-source-strategies,RQ4,E4-sensitivity-robustness,credibility_c10_half5,1005,CREDIBILITY_CAMOUFLAGE,TRADITIONAL_MEDIA,FAKE_NEWS_SOURCE,1.0,-1.0,,-1.0,5.0,1.0,10.0,1.0,COMPLETE,0.00028,200000,211,219,220,223,1.0,176949,15092,1176,6783,2,4,9
news-source-strategies,RQ4,E4-sensitivity-robustness,credibility_c10_half5,1006,CREDIBILITY_CAMOUFLAGE,TRADITIONAL_MEDIA,FAKE_NEWS_SOURCE,1.0,-1.0,,-1.0,5.0,1.0,10.0,1.0,COMPLETE,0.0001,200000,212,221,223,228,1.0,171253,21789,1125,5833,2,4,8
news-source-strategies,RQ4,E4-sensitivity-robustness,credibility_c10_half5,1007,CREDIBILITY_CAMOUFLAGE,TRADITIONAL_MEDIA,FAKE_NEWS_SOURCE,1.0,-1.0,,-1.0,5.0,1.0,10.0,1.0,COMPLETE,0.00044,200000,209,214,223,226,1.0,174694,18563,1011,5732,2,4,9
news-source-strategies,RQ4,E4-sensitivity-robustness,credibility_c10_half5,1008,CREDIBILITY_CAMOUFLAGE,TRADITIONAL_MEDIA,FAKE_NEWS_SOURCE,1.0,-1.0,,-1.0,5.0,1.0,10.0,1.0,COMPLETE,0.00012,200000,216,219,222,225,1.0,173708,18745,1000,6547,2,3,7
news-source-strategies,RQ4,E4-sensitivity-robustness,credibility_c10_half5,1009,CREDIBILITY_CAMOUFLAGE,TRADITIONAL_MEDIA,FAKE_NEWS_SOURCE,1.0,-1.0,,-1.0,5.0,1.0,10.0,1.0,COMPLETE,8e-05,200000,214,217,222,224,1.0,175324,16658,905,7113,2,4,9
news-source-strategies,RQ4,E4-sensitivity-robustness,credibility_c10_half5,1010,CREDIBILITY_CAMOUFLAGE,TRADITIONAL_MEDIA,FAKE_NEWS_SOURCE,1.0,-1.0,,-1.0,5.0,1.0,10.0,1.0,COMPLETE,0.0,200000,200,205,207,207,1.0,174970,17479,935,6616,2,4,7
news-source-strategies,RQ4,E4-sensitivity-robustness,credibility_c10_half5,1011,CREDIBILITY_CAMOUFLAGE,TRADITIONAL_MEDIA,FAKE_NEWS_SOURCE,1.0,-1.0,,-1.0,5.0,1.0,10.0,1.0,COMPLETE,0.00022,200000,185,188,192,194,1.0,167350,23885,952,7813,2,4,8
news-source-strategies,RQ4,E4-sensitivity-robustness,credibility_c10_half5,1012,CREDIBILITY_CAMOUFLAGE,TRADITIONAL_MEDIA,FAKE_NEWS_SOURCE,1.0,-1.0,,-1.0,5.0,1.0,10.0,1.0,COMPLETE,0.00038,200000,198,203,206,210,1.0,168377,23943,985,6695,2,5,9
news-source-strategies,RQ4,E4-sensitivity-robustness,credibility_c10_half5,1013,CREDIBILITY_CAMOUFLAGE,TRADITIONAL_MEDIA,FAKE_NEWS_SOURCE,1.0,-1.0,,-1.0,5.0,1.0,10.0,1.0,COMPLETE,0.00012,200000,211,219,222,223,1.0,178361,13990,1147,6502,2,4,8
news-source-strategies,RQ4,E4-sensitivity-robustness,credibility_c10_half5,1014,CREDIBILITY_CAMOUFLAGE,TRADITIONAL_MEDIA,FAKE_NEWS_SOURCE,1.0,-1.0,,-1.0,5.0,1.0,10.0,1.0,COMPLETE,0.0,200000,206,212,216,217,1.0,174488,18356,969,6187,2,3,7
news-source-strategies,RQ4,E4-sensitivity-robustness,credibility_c10_half5,1015,CREDIBILITY_CAMOUFLAGE,TRADITIONAL_MEDIA,FAKE_NEWS_SOURCE,1.0,-1.0,,-1.0,5.0,1.0,10.0,1.0,COMPLETE,0.00018,200000,207,211,215,216,1.0,175077,17799,997,6127,2,5,9
