study,research_question,experiment,condition,seed,strategy,from,to,start_period,end_period,target_reach,memory,memory_half_life,wom,contacts,friends,status,fake_repost_share_all,fake_repost_share_final100,target_share_all,target_share_final100,cumulative_fake_reposts,target_fake_rate_all,target_unique_reposters_p400,fake_repost_share_during,fake_repost_share_post100
news-source-strategies,RQ1,E1-strategy-comparison,control,1001,NONE,,,,,,-1.0,0.33,1.0,5.0,1.0,COMPLETE,0.10526,0.1243,0.01116,0.01126,21052,0.6875,452,0.10526,
news-source-strategies,RQ1,E1-strategy-comparison,control,1002,NONE,,,,,,-1.0,0.33,1.0,5.0,1.0,COMPLETE,0.08181999999999999,0.04374,0.008494999999999999,0.00262,16364,0.6875,425,0.08181999999999999,
news-source-strategies,RQ1,E1-strategy-comparison,control,1003,NONE,,,,,,-1.0,0.33,1.0,5.0,1.0,COMPLETE,0.107925,0.13006,0.01123,0.009640000000000001,21585,0.66,455,0.107925,
news-source-strategies,RQ1,E1-strategy-comparison,control,1004,NONE,,,,,,-1.0,0.33,1.0,5.0,1.0,COMPLETE,0.12174,0.06578,0.015715,0.00538,24348,0.6775,490,0.12174,
news-source-strategies,RQ1,E1-strategy-comparison,control,1005,NONE,,,,,,-1.0,0.33,1.0,5.0,1.0,COMPLETE,0.131575,0.1216,0.015335000000000001,0.01264,26315,0.65,480,0.131575,
news-source-strategies,RQ1,E1-strategy-comparison,control,1006,NONE,,,,,,-1.0,0.33,1.0,5.0,1.0,COMPLETE,0.10615999999999999,0.07881999999999999,0.01337,0.0085,21232,0.6675,478,0.10615999999999999,
news-source-strategies,RQ1,E1-strategy-comparison,control,1007,NONE,,,,,,-1.0,0.33,1.0,5.0,1.0,COMPLETE,0.14857499999999998,0.05736,0.025145,0.005900000000000001,29715,0.6975,499,0.14857499999999998,
news-source-strategies,RQ1,E1-strategy-comparison,control,1008,NONE,,,,,,-1.0,0.33,1.0,5.0,1.0,COMPLETE,0.12408499999999999,0.11724,0.015875,0.012060000000000001,24817,0.6625,488,0.12408499999999999,
news-source-strategies,RQ1,E1-strategy-comparison,control,1009,NONE,,,,,,-1.0,0.33,1.0,5.0,1.0,COMPLETE,0.15888,0.07765999999999999,0.026355,0.01194,31776,0.6775,499,0.15888,
news-source-strategies,RQ1,E1-strategy-comparison,control,1010,NONE,,,,,,-1.0,0.33,1.0,5.0,1.0,COMPLETE,0.15375,0.07576000000000001,0.026484999999999998,0.004019999999999999,30750,0.64,497,0.15375,
news-source-strategies,RQ1,E1-strategy-comparison,control,1011,NONE,,,,,,-1.0,0.33,1.0,5.0,1.0,COMPLETE,0.08911,0.054799999999999995,0.00922,0.00282,17822,0.695,426,0.08911,
news-source-strategies,RQ1,E1-strategy-comparison,control,1012,NONE,,,,,,-1.0,0.33,1.0,5.0,1.0,COMPLETE,0.12685,0.14018,0.01298,0.013439999999999999,25370,0.64,467,0.12685,
news-source-strategies,RQ1,E1-strategy-comparison,control,1013,NONE,,,,,,-1.0,0.33,1.0,5.0,1.0,COMPLETE,0.08813,0.08674,0.00831,0.00708,17626,0.6725,412,0.08813,
news-source-strategies,RQ1,E1-strategy-comparison,control,1014,NONE,,,,,,-1.0,0.33,1.0,5.0,1.0,COMPLETE,0.11454500000000001,0.0533,0.011689999999999999,0.0028399999999999996,22909,0.7075,457,0.11454500000000001,
news-source-strategies,RQ1,E1-strategy-comparison,control,1015,NONE,,,,,,-1.0,0.33,1.0,5.0,1.0,COMPLETE,0.12946000000000002,0.13219999999999998,0.01469,0.01062,25892,0.6525,484,0.12946000000000002,
news-source-strategies,RQ1,E1-strategy-comparison,control,1016,NONE,,,,,,-1.0,0.33,1.0,5.0,1.0,COMPLETE,0.10884,0.11852,0.011744999999999998,0.0083,21768,0.66,448,0.10884,
news-source-strategies,RQ1,E1-strategy-comparison,control,1017,NONE,,,,,,-1.0,0.33,1.0,5.0,1.0,COMPLETE,0.11431000000000001,0.13038,0.012355,0.00958,22862,0.665,459,0.11431000000000001,
news-source-strategies,RQ1,E1-strategy-comparison,control,1018,NONE,,,,,,-1.0,0.33,1.0,5.0,1.0,COMPLETE,0.118185,0.08768000000000001,0.011949999999999999,0.00554,23637,0.6625,457,0.118185,
news-source-strategies,RQ1,E1-strategy-comparison,control,1019,NONE,,,,,,-1.0,0.33,1.0,5.0,1.0,COMPLETE,0.09654,0.05504,0.009089999999999999,0.00332,19308,0.6825,433,0.09654,
news-source-strategies,RQ1,E1-strategy-comparison,control,1020,NONE,,,,,,-1.0,0.33,1.0,5.0,1.0,COMPLETE,0.1057,0.12052,0.010685,0.008039999999999999,21140,0.7025,440,0.1057,
news-source-strategies,RQ1,E1-strategy-comparison,control,1021,NONE,,,,,,-1.0,0.33,1.0,5.0,1.0,COMPLETE,0.10690000000000001,0.15475999999999998,0.012125,0.0159,21380,0.685,464,0.10690000000000001,
news-source-strategies,RQ1,E1-strategy-comparison,control,1022,NONE,,,,,,-1.0,0.33,1.0,5.0,1.0,COMPLETE,0.11984,0.11984,0.01106,0.01196,23968,0.675,448,0.11984,
news-source-strategies,RQ1,E1-strategy-comparison,control,1023,NONE,,,,,,-1.0,0.33,1.0,5.0,1.0,COMPLETE,0.134515,0.12536,0.012655,0.01056,26903,0.6625,461,0.134515,
news-source-strategies,RQ1,E1-strategy-comparison,control,1024,NONE,,,,,,-1.0,0.33,1.0,5.0,1.0,COMPLETE,0.10827500000000001,0.12129999999999999,0.00924,0.00968,21655,0.67,427,0.10827500000000001,
news-source-strategies,RQ1,E1-strategy-comparison,control,1025,NONE,,,,,,-1.0,0.33,1.0,5.0,1.0,COMPLETE,0.115725,0.09709999999999999,0.011375,0.00588,23145,0.6525,458,0.115725,
news-source-strategies,RQ1,E1-strategy-comparison,control,1026,NONE,,,,,,-1.0,0.33,1.0,5.0,1.0,COMPLETE,0.094675,0.04406,0.012055,0.00222,18935,0.6775,463,0.094675,
news-source-strategies,RQ1,E1-strategy-comparison,control,1027,NONE,,,,,,-1.0,0.33,1.0,5.0,1.0,COMPLETE,0.104495,0.07845999999999999,0.012645,0.0066,20899,0.65,465,0.104495,
news-source-strategies,RQ1,E1-strategy-comparison,control,1028,NONE,,,,,,-1.0,0.33,1.0,5.0,1.0,COMPLETE,0.13216999999999998,0.18018,0.015880000000000002,0.0237,26434,0.6325,475,0.13216999999999998,
news-source-strategies,RQ1,E1-strategy-comparison,control,1029,NONE,,,,,,-1.0,0.33,1.0,5.0,1.0,COMPLETE,0.0999,0.13196000000000002,0.00956,0.014119999999999999,19980,0.6725,433,0.0999,
news-source-strategies,RQ1,E1-strategy-comparison,control,1030,NONE,,,,,,-1.0,0.33,1.0,5.0,1.0,COMPLETE,0.091325,0.0915,0.00999,0.0065,18265,0.68,444,0.091325,
news-source-strategies,RQ1,E1-strategy-comparison,engagement,1001,ENGAGEMENT,TRADITIONAL_MEDIA,FAKE_NEWS_SOURCE,1.0,-1.0,,-1.0,0.33,1.0,5.0,1.0,COMPLETE,0.10529999999999999,0.12415999999999999,0.01156,0.01142,21060,0.6875,445,0.10529999999999999,
news-source-strategies,RQ1,E1-strategy-comparison,engagement,1002,ENGAGEMENT,TRADITIONAL_MEDIA,FAKE_NEWS_SOURCE,1.0,-1.0,,-1.0,0.33,1.0,5.0,1.0,COMPLETE,0.08264,0.043840000000000004,0.00897,0.0028,16528,0.6875,427,0.08264,
news-source-strategies,RQ1,E1-strategy-comparison,engagement,1003,ENGAGEMENT,TRADITIONAL_MEDIA,FAKE_NEWS_SOURCE,1.0,-1.0,,-1.0,0.33,1.0,5.0,1.0,COMPLETE,0.10851999999999999,0.13082,0.01139,0.01,21704,0.66,457,0.10851999999999999,
news-source-strategies,RQ1,E1-strategy-comparison,engagement,1004,ENGAGEMENT,TRADITIONAL_MEDIA,FAKE_NEWS_SOURCE,1.0,-1.0,,-1.0,0.33,1.0,5.0,1.0,COMPLETE,0.12198,0.0649,0.015695,0.00466,24396,0.6775,489,0.12198,
news-source-strategies,RQ1,E1-strategy-comparison,engagement,1005,ENGAGEMENT,TRADITIONAL_MEDIA,FAKE_NEWS_SOURCE,1.0,-1.0,,-1.0,0.33,1.0,5.0,1.0,COMPLETE,0.13147999999999999,0.12146,0.014935,0.0124,26296,0.65,482,0.13147999999999999,
news-source-strategies,RQ1,E1-strategy-comparison,engagement,1006,ENGAGEMENT,TRADITIONAL_MEDIA,FAKE_NEWS_SOURCE,1.0,-1.0,,-1.0,0.33,1.0,5.0,1.0,COMPLETE,0.10686,0.07887999999999999,0.013630000000000001,0.008140000000000001,21372,0.6675,474,0.10686,
news-source-strategies,RQ1,E1-strategy-comparison,engagement,1007,ENGAGEMENT,TRADITIONAL_MEDIA,FAKE_NEWS_SOURCE,1.0,-1.0,,-1.0,0.33,1.0,5.0,1.0,COMPLETE,0.14758500000000002,0.0575,0.02515,0.005900000000000001,29517,0.6975,498,0.14758500000000002,
news-source-strategies,RQ1,E1-strategy-comparison,engagement,1008,ENGAGEMENT,TRADITIONAL_MEDIA,FAKE_NEWS_SOURCE,1.0,-1.0,,-1.0,0.33,1.0,5.0,1.0,COMPLETE,0.12369,0.11756,0.01509,0.01216,24738,0.6625,484,0.12369,
news-source-strategies,RQ1,E1-strategy-comparison,engagement,1009,ENGAGEMENT,TRADITIONAL_MEDIA,FAKE_NEWS_SOURCE,1.0,-1.0,,-1.0,0.33,1.0,5.0,1.0,COMPLETE,0.157635,0.07809999999999999,0.02485,0.011619999999999998,31527,0.6775,498,0.157635,
news-source-strategies,RQ1,E1-strategy-comparison,engagement,1010,ENGAGEMENT,TRADITIONAL_MEDIA,FAKE_NEWS_SOURCE,1.0,-1.0,,-1.0,0.33,1.0,5.0,1.0,COMPLETE,0.144955,0.07656,0.0255,0.00426,28991,0.64,497,0.144955,
news-source-strategies,RQ1,E1-strategy-comparison,engagement,1011,ENGAGEMENT,TRADITIONAL_MEDIA,FAKE_NEWS_SOURCE,1.0,-1.0,,-1.0,0.33,1.0,5.0,1.0,COMPLETE,0.089625,0.05472,0.009335000000000001,0.00276,17925,0.695,428,0.089625,
news-source-strategies,RQ1,E1-strategy-comparison,engagement,1012,ENGAGEMENT,TRADITIONAL_MEDIA,FAKE_NEWS_SOURCE,1.0,-1.0,,-1.0,0.33,1.0,5.0,1.0,COMPLETE,0.12666,0.13936,0.012755,0.01242,25332,0.64,463,0.12666,
news-source-strategies,RQ1,E1-strategy-comparison,engagement,1013,ENGAGEMENT,TRADITIONAL_MEDIA,FAKE_NEWS_SOURCE,1.0,-1.0,,-1.0,0.33,1.0,5.0,1.0,COMPLETE,0.08832,0.08714,0.008199999999999999,0.00714,17664,0.6725,410,0.08832,
news-source-strategies,RQ1,E1-strategy-comparison,engagement,1014,ENGAGEMENT,TRADITIONAL_MEDIA,FAKE_NEWS_SOURCE,1.0,-1.0,,-1.0,0.33,1.0,5.0,1.0,COMPLETE,0.114415,0.05312,0.011550000000000001,0.0029,22883,0.7075,452,0.114415,
news-source-strategies,RQ1,E1-strategy-comparison,engagement,1015,ENGAGEMENT,TRADITIONAL_MEDIA,FAKE_NEWS_SOURCE,1.0,-1.0,,-1.0,0.33,1.0,5.0,1.0,COMPLETE,0.12972999999999998,0.1325,0.014715,0.01078,25946,0.6525,481,0.12972999999999998,
news-source-strategies,RQ1,E1-strategy-comparison,engagement,1016,ENGAGEMENT,TRADITIONAL_MEDIA,FAKE_NEWS_SOURCE,1.0,-1.0,,-1.0,0.33,1.0,5.0,1.0,COMPLETE,0.10939,0.11878,0.011720000000000001,0.0083,21878,0.66,447,0.10939,
news-source-strategies,RQ1,E1-strategy-comparison,engagement,1017,ENGAGEMENT,TRADITIONAL_MEDIA,FAKE_NEWS_SOURCE,1.0,-1.0,,-1.0,0.33,1.0,5.0,1.0,COMPLETE,0.114975,0.131,0.01272,0.00994,22995,0.665,461,0.114975,
news-source-strategies,RQ1,E1-strategy-comparison,engagement,1018,ENGAGEMENT,TRADITIONAL_MEDIA,FAKE_NEWS_SOURCE,1.0,-1.0,,-1.0,0.33,1.0,5.0,1.0,COMPLETE,0.11797,0.08738,0.011605,0.005,23594,0.6625,457,0.11797,
news-source-strategies,RQ1,E1-strategy-comparison,engagement,1019,ENGAGEMENT,TRADITIONAL_MEDIA,FAKE_NEWS_SOURCE,1.0,-1.0,,-1.0,0.33,1.0,5.0,1.0,COMPLETE,0.09675,0.055200000000000006,0.00897,0.0034,19350,0.6825,437,0.09675,
news-source-strategies,RQ1,E1-strategy-comparison,engagement,1020,ENGAGEMENT,TRADITIONAL_MEDIA,FAKE_NEWS_SOURCE,1.0,-1.0,,-1.0,0.33,1.0,5.0,1.0,COMPLETE,0.10595,0.12165999999999999,0.0108,0.00882,21190,0.7025,445,0.10595,
news-source-strategies,RQ1,E1-strategy-comparison,engagement,1021,ENGAGEMENT,TRADITIONAL_MEDIA,FAKE_NEWS_SOURCE,1.0,-1.0,,-1.0,0.33,1.0,5.0,1.0,COMPLETE,0.10679000000000001,0.15362,0.011619999999999998,0.01384,21358,0.685,466,0.10679000000000001,
news-source-strategies,RQ1,E1-strategy-comparison,engagement,1022,ENGAGEMENT,TRADITIONAL_MEDIA,FAKE_NEWS_SOURCE,1.0,-1.0,,-1.0,0.33,1.0,5.0,1.0,COMPLETE,0.11951,0.12114,0.01053,0.01256,23902,0.675,443,0.11951,
news-source-strategies,RQ1,E1-strategy-comparison,engagement,1023,ENGAGEMENT,TRADITIONAL_MEDIA,FAKE_NEWS_SOURCE,1.0,-1.0,,-1.0,0.33,1.0,5.0,1.0,COMPLETE,0.134355,0.1257,0.01217,0.01044,26871,0.6625,460,0.134355,
news-source-strategies,RQ1,E1-strategy-comparison,engagement,1024,ENGAGEMENT,TRADITIONAL_MEDIA,FAKE_NEWS_SOURCE,1.0,-1.0,,-1.0,0.33,1.0,5.0,1.0,COMPLETE,0.108735,0.1211,0.00934,0.009179999999999999,21747,0.67,427,0.108735,
news-source-strategies,RQ1,E1-strategy-comparison,engagement,1025,ENGAGEMENT,TRADITIONAL_MEDIA,FAKE_NEWS_SOURCE,1.0,-1.0,,-1.0,0.33,1.0,5.0,1.0,COMPLETE,0.116135,0.09759999999999999,0.01185,0.00646,23227,0.6525,452,0.116135,
news-source-strategies,RQ1,E1-strategy-comparison,engagement,1026,ENGAGEMENT,TRADITIONAL_MEDIA,FAKE_NEWS_SOURCE,1.0,-1.0,,-1.0,0.33,1.0,5.0,1.0,COMPLETE,0.09511,0.04466,0.012145,0.0024,19022,0.6775,461,0.09511,
news-source-strategies,RQ1,E1-strategy-comparison,engagement,1027,ENGAGEMENT,TRADITIONAL_MEDIA,FAKE_NEWS_SOURCE,1.0,-1.0,,-1.0,0.33,1.0,5.0,1.0,COMPLETE,0.10497,0.0798,0.012565,0.00722,20994,0.65,457,0.10497,
news-source-strategies,RQ1,E1-strategy-comparison,engagement,1028,ENGAGEMENT,TRADITIONAL_MEDIA,FAKE_NEWS_SOURCE,1.0,-1.0,,-1.0,0.33,1.0,5.0,1.0,COMPLETE,0.13126,0.17834,0.0145,0.0211,26252,0.6325,470,0.13126,
news-source-strategies,RQ1,E1-strategy-comparison,engagement,1029,ENGAGEMENT,TRADITIONAL_MEDIA,FAKE_NEWS_SOURCE,1.0,-1.0,,-1.0,0.33,1.0,5.0,1.0,COMPLETE,0.100125,0.13238,0.009535,0.01456,20025,0.6725,434,0.100125,
news-source-strategies,RQ1,E1-strategy-comparison,engagement,1030,ENGAGEMENT,TRADITIONAL_MEDIA,FAKE_NEWS_SOURCE,1.0,-1.0,,-1.0,0.33,1.0,5.0,1.0,COMPLETE,0.091565,0.0915,0.010055,0.0065,18313,0.68,450,0.091565,
news-source-strategies,RQ1,E1-strategy-comparison,proximity,1001,PROXIMITY,TRADITIONAL_MEDIA,FAKE_NEWS_SOURCE,1.0,-1.0,,-1.0,0.33,1.0,5.0,1.0,COMPLETE,0.10542499999999999,0.12494,0.011869999999999999,0.01234,21085,0.6875,457,0.10542499999999999,
news-source-strategies,RQ1,E1-strategy-comparison,proximity,1002,PROXIMITY,TRADITIONAL_MEDIA,FAKE_NEWS_SOURCE,1.0,-1.0,,-1.0,0.33,1.0,5.0,1.0,COMPLETE,0.081785,0.04348,0.008745,0.00262,16357,0.6875,430,0.081785,
news-source-strategies,RQ1,E1-strategy-comparison,proximity,1003,PROXIMITY,TRADITIONAL_MEDIA,FAKE_NEWS_SOURCE,1.0,-1.0,,-1.0,0.33,1.0,5.0,1.0,COMPLETE,0.107935,0.13041999999999998,0.0116,0.01042,21587,0.66,454,0.107935,
news-source-strategies,RQ1,E1-strategy-comparison,proximity,1004,PROXIMITY,TRADITIONAL_MEDIA,FAKE_NEWS_SOURCE,1.0,-1.0,,-1.0,0.33,1.0,5.0,1.0,COMPLETE,0.12182,0.06602,0.016665,0.00578,24364,0.6775,489,0.12182,
news-source-strategies,RQ1,E1-strategy-comparison,proximity,1005,PROXIMITY,TRADITIONAL_MEDIA,FAKE_NEWS_SOURCE,1.0,-1.0,,-1.0,0.33,1.0,5.0,1.0,COMPLETE,0.130895,0.12098,0.015314999999999999,0.0126,26179,0.65,483,0.130895,
news-source-strategies,RQ1,E1-strategy-comparison,proximity,1006,PROXIMITY,TRADITIONAL_MEDIA,FAKE_NEWS_SOURCE,1.0,-1.0,,-1.0,0.33,1.0,5.0,1.0,COMPLETE,0.106295,0.07912000000000001,0.01402,0.00836,21259,0.6675,478,0.106295,
news-source-strategies,RQ1,E1-strategy-comparison,proximity,1007,PROXIMITY,TRADITIONAL_MEDIA,FAKE_NEWS_SOURCE,1.0,-1.0,,-1.0,0.33,1.0,5.0,1.0,COMPLETE,0.14655500000000002,0.05718,0.025945,0.00634,29311,0.6975,500,0.14655500000000002,
news-source-strategies,RQ1,E1-strategy-comparison,proximity,1008,PROXIMITY,TRADITIONAL_MEDIA,FAKE_NEWS_SOURCE,1.0,-1.0,,-1.0,0.33,1.0,5.0,1.0,COMPLETE,0.12423999999999999,0.11654,0.016815,0.013,24848,0.6625,494,0.12423999999999999,
news-source-strategies,RQ1,E1-strategy-comparison,proximity,1009,PROXIMITY,TRADITIONAL_MEDIA,FAKE_NEWS_SOURCE,1.0,-1.0,,-1.0,0.33,1.0,5.0,1.0,COMPLETE,0.158185,0.0778,0.026555,0.011980000000000001,31637,0.6775,500,0.158185,
news-source-strategies,RQ1,E1-strategy-comparison,proximity,1010,PROXIMITY,TRADITIONAL_MEDIA,FAKE_NEWS_SOURCE,1.0,-1.0,,-1.0,0.33,1.0,5.0,1.0,COMPLETE,0.15356,0.07586,0.029165,0.00434,30712,0.64,500,0.15356,
news-source-strategies,RQ1,E1-strategy-comparison,proximity,1011,PROXIMITY,TRADITIONAL_MEDIA,FAKE_NEWS_SOURCE,1.0,-1.0,,-1.0,0.33,1.0,5.0,1.0,COMPLETE,0.08874,0.05454,0.008975,0.0028,17748,0.695,430,0.08874,
news-source-strategies,RQ1,E1-strategy-comparison,proximity,1012,PROXIMITY,TRADITIONAL_MEDIA,FAKE_NEWS_SOURCE,1.0,-1.0,,-1.0,0.33,1.0,5.0,1.0,COMPLETE,0.125875,0.1396,0.012825,0.013,25175,0.64,466,0.125875,
news-source-strategies,RQ1,E1-strategy-comparison,proximity,1013,PROXIMITY,TRADITIONAL_MEDIA,FAKE_NEWS_SOURCE,1.0,-1.0,,-1.0,0.33,1.0,5.0,1.0,COMPLETE,0.08771999999999999,0.08662,0.00836,0.0074,17544,0.6725,416,0.08771999999999999,
news-source-strategies,RQ1,E1-strategy-comparison,proximity,1014,PROXIMITY,TRADITIONAL_MEDIA,FAKE_NEWS_SOURCE,1.0,-1.0,,-1.0,0.33,1.0,5.0,1.0,COMPLETE,0.11484,0.05294,0.011994999999999999,0.00266,22968,0.7075,464,0.11484,
news-source-strategies,RQ1,E1-strategy-comparison,proximity,1015,PROXIMITY,TRADITIONAL_MEDIA,FAKE_NEWS_SOURCE,1.0,-1.0,,-1.0,0.33,1.0,5.0,1.0,COMPLETE,0.129615,0.13334000000000001,0.015825,0.012,25923,0.6525,482,0.129615,
news-source-strategies,RQ1,E1-strategy-comparison,proximity,1016,PROXIMITY,TRADITIONAL_MEDIA,FAKE_NEWS_SOURCE,1.0,-1.0,,-1.0,0.33,1.0,5.0,1.0,COMPLETE,0.109045,0.11896,0.012525,0.009,21809,0.66,455,0.109045,
news-source-strategies,RQ1,E1-strategy-comparison,proximity,1017,PROXIMITY,TRADITIONAL_MEDIA,FAKE_NEWS_SOURCE,1.0,-1.0,,-1.0,0.33,1.0,5.0,1.0,COMPLETE,0.11381000000000001,0.13058,0.01248,0.010539999999999999,22762,0.665,458,0.11381000000000001,
news-source-strategies,RQ1,E1-strategy-comparison,proximity,1018,PROXIMITY,TRADITIONAL_MEDIA,FAKE_NEWS_SOURCE,1.0,-1.0,,-1.0,0.33,1.0,5.0,1.0,COMPLETE,0.117725,0.0872,0.011945,0.00532,23545,0.6625,460,0.117725,
news-source-strategies,RQ1,E1-strategy-comparison,proximity,1019,PROXIMITY,TRADITIONAL_MEDIA,FAKE_NEWS_SOURCE,1.0,-1.0,,-1.0,0.33,1.0,5.0,1.0,COMPLETE,0.09724,0.054200000000000005,0.01002,0.00304,19448,0.6825,449,0.09724,
news-source-strategies,RQ1,E1-strategy-comparison,proximity,1020,PROXIMITY,TRADITIONAL_MEDIA,FAKE_NEWS_SOURCE,1.0,-1.0,,-1.0,0.33,1.0,5.0,1.0,COMPLETE,0.10506,0.12093999999999999,0.010775,0.00894,21012,0.7025,445,0.10506,
news-source-strategies,RQ1,E1-strategy-comparison,proximity,1021,PROXIMITY,TRADITIONAL_MEDIA,FAKE_NEWS_SOURCE,1.0,-1.0,,-1.0,0.33,1.0,5.0,1.0,COMPLETE,0.10674,0.15214,0.01211,0.01358,21348,0.685,465,0.10674,
news-source-strategies,RQ1,E1-strategy-comparison,proximity,1022,PROXIMITY,TRADITIONAL_MEDIA,FAKE_NEWS_SOURCE,1.0,-1.0,,-1.0,0.33,1.0,5.0,1.0,COMPLETE,0.119085,0.11986,0.01105,0.01284,23817,0.675,448,0.119085,
news-source-strategies,RQ1,E1-strategy-comparison,proximity,1023,PROXIMITY,TRADITIONAL_MEDIA,FAKE_NEWS_SOURCE,1.0,-1.0,,-1.0,0.33,1.0,5.0,1.0,COMPLETE,0.133825,0.12376000000000001,0.01286,0.00994,26765,0.6625,469,0.133825,
news-source-strategies,RQ1,E1-strategy-comparison,proximity,1024,PROXIMITY,TRADITIONAL_MEDIA,FAKE_NEWS_SOURCE,1.0,-1.0,,-1.0,0.33,1.0,5.0,1.0,COMPLETE,0.108085,0.12096,0.009535,0.009720000000000001,21617,0.67,436,0.108085,
news-source-strategies,RQ1,E1-strategy-comparison,proximity,1025,PROXIMITY,TRADITIONAL_MEDIA,FAKE_NEWS_SOURCE,1.0,-1.0,,-1.0,0.33,1.0,5.0,1.0,COMPLETE,0.11485,0.09706000000000001,0.01159,0.00634,22970,0.6525,455,0.11485,
news-source-strategies,RQ1,E1-strategy-comparison,proximity,1026,PROXIMITY,TRADITIONAL_MEDIA,FAKE_NEWS_SOURCE,1.0,-1.0,,-1.0,0.33,1.0,5.0,1.0,COMPLETE,0.09305,0.04442,0.011269999999999999,0.0026,18610,0.6775,470,0.09305,
news-source-strategies,RQ1,E1-strategy-comparison,proximity,1027,PROXIMITY,TRADITIONAL_MEDIA,FAKE_NEWS_SOURCE,1.0,-1.0,,-1.0,0.33,1.0,5.0,1.0,COMPLETE,0.104345,0.07781999999999999,0.01255,0.006019999999999999,20869,0.65,467,0.104345,
news-source-strategies,RQ1,E1-strategy-comparison,proximity,1028,PROXIMITY,TRADITIONAL_MEDIA,FAKE_NEWS_SOURCE,1.0,-1.0,,-1.0,0.33,1.0,5.0,1.0,COMPLETE,0.132025,0.18096,0.01675,0.02652,26405,0.6325,478,0.132025,
news-source-strategies,RQ1,E1-strategy-comparison,proximity,1029,PROXIMITY,TRADITIONAL_MEDIA,FAKE_NEWS_SOURCE,1.0,-1.0,,-1.0,0.33,1.0,5.0,1.0,COMPLETE,0.100065,0.13291999999999998,0.01017,0.0157,20013,0.6725,446,0.100065,
news-source-strategies,RQ1,E1-strategy-comparison,proximity,1030,PROXIMITY,TRADITIONAL_MEDIA,FAKE_NEWS_SOURCE,1.0,-1.0,,-1.0,0.33,1.0,5.0,1.0,COMPLETE,0.09085,0.09056,0.01,0.00608,18170,0.68,449,0.09085,
news-source-strategies,RQ1,E1-strategy-comparison,informational,1001,INFORMATIONAL_CAMOUFLAGE,TRADITIONAL_MEDIA,FAKE_NEWS_SOURCE,1.0,-1.0,,-1.0,0.33,1.0,5.0,1.0,COMPLETE,0.105075,0.12445999999999999,0.011814999999999999,0.01194,21015,0.6875,459,0.105075,
news-source-strategies,RQ1,E1-strategy-comparison,informational,1002,INFORMATIONAL_CAMOUFLAGE,TRADITIONAL_MEDIA,FAKE_NEWS_SOURCE,1.0,-1.0,,-1.0,0.33,1.0,5.0,1.0,COMPLETE,0.082095,0.04342,0.009035,0.0026,16419,0.6875,444,0.082095,
news-source-strategies,RQ1,E1-strategy-comparison,informational,1003,INFORMATIONAL_CAMOUFLAGE,TRADITIONAL_MEDIA,FAKE_NEWS_SOURCE,1.0,-1.0,,-1.0,0.33,1.0,5.0,1.0,COMPLETE,0.108465,0.13163999999999998,0.01247,0.01208,21693,0.66,465,0.108465,
news-source-strategies,RQ1,E1-strategy-comparison,informational,1004,INFORMATIONAL_CAMOUFLAGE,TRADITIONAL_MEDIA,FAKE_NEWS_SOURCE,1.0,-1.0,,-1.0,0.33,1.0,5.0,1.0,COMPLETE,0.12192,0.0654,0.016975,0.00546,24384,0.6775,491,0.12192,
news-source-strategies,RQ1,E1-strategy-comparison,informational,1005,INFORMATIONAL_CAMOUFLAGE,TRADITIONAL_MEDIA,FAKE_NEWS_SOURCE,1.0,-1.0,,-1.0,0.33,1.0,5.0,1.0,COMPLETE,0.13234,0.122,0.016954999999999998,0.01414,26468,0.65,486,0.13234,
news-source-strategies,RQ1,E1-strategy-comparison,informational,1006,INFORMATIONAL_CAMOUFLAGE,TRADITIONAL_MEDIA,FAKE_NEWS_SOURCE,1.0,-1.0,,-1.0,0.33,1.0,5.0,1.0,COMPLETE,0.10638,0.07937999999999999,0.01416,0.00858,21276,0.6675,477,0.10638,
news-source-strategies,RQ1,E1-strategy-comparison,informational,1007,INFORMATIONAL_CAMOUFLAGE,TRADITIONAL_MEDIA,FAKE_NEWS_SOURCE,1.0,-1.0,,-1.0,0.33,1.0,5.0,1.0,COMPLETE,0.14784,0.057280000000000005,0.02714,0.00632,29568,0.6975,500,0.14784,
news-source-strategies,RQ1,E1-strategy-comparison,informational,1008,INFORMATIONAL_CAMOUFLAGE,TRADITIONAL_MEDIA,FAKE_NEWS_SOURCE,1.0,-1.0,,-1.0,0.33,1.0,5.0,1.0,COMPLETE,0.12389499999999999,0.117,0.016735,0.01366,24779,0.6625,493,0.12389499999999999,
news-source-strategies,RQ1,E1-strategy-comparison,informational,1009,INFORMATIONAL_CAMOUFLAGE,TRADITIONAL_MEDIA,FAKE_NEWS_SOURCE,1.0,-1.0,,-1.0,0.33,1.0,5.0,1.0,COMPLETE,0.158585,0.07698,0.027665,0.01182,31717,0.6775,499,0.158585,
news-source-strategies,RQ1,E1-strategy-comparison,informational,1010,INFORMATIONAL_CAMOUFLAGE,TRADITIONAL_MEDIA,FAKE_NEWS_SOURCE,1.0,-1.0,,-1.0,0.33,1.0,5.0,1.0,COMPLETE,0.153805,0.07586,0.0293,0.00434,30761,0.64,497,0.153805,
news-source-strategies,RQ1,E1-strategy-comparison,informational,1011,INFORMATIONAL_CAMOUFLAGE,TRADITIONAL_MEDIA,FAKE_NEWS_SOURCE,1.0,-1.0,,-1.0,0.33,1.0,5.0,1.0,COMPLETE,0.08922,0.0546,0.009550000000000001,0.00264,17844,0.695,436,0.08922,
news-source-strategies,RQ1,E1-strategy-comparison,informational,1012,INFORMATIONAL_CAMOUFLAGE,TRADITIONAL_MEDIA,FAKE_NEWS_SOURCE,1.0,-1.0,,-1.0,0.33,1.0,5.0,1.0,COMPLETE,0.12663,0.1397,0.013859999999999999,0.013640000000000001,25326,0.64,476,0.12663,
news-source-strategies,RQ1,E1-strategy-comparison,informational,1013,INFORMATIONAL_CAMOUFLAGE,TRADITIONAL_MEDIA,FAKE_NEWS_SOURCE,1.0,-1.0,,-1.0,0.33,1.0,5.0,1.0,COMPLETE,0.0874,0.08662,0.008140000000000001,0.00754,17480,0.6725,411,0.0874,
news-source-strategies,RQ1,E1-strategy-comparison,informational,1014,INFORMATIONAL_CAMOUFLAGE,TRADITIONAL_MEDIA,FAKE_NEWS_SOURCE,1.0,-1.0,,-1.0,0.33,1.0,5.0,1.0,COMPLETE,0.11516,0.053,0.012539999999999999,0.00282,23032,0.7075,468,0.11516,
news-source-strategies,RQ1,E1-strategy-comparison,informational,1015,INFORMATIONAL_CAMOUFLAGE,TRADITIONAL_MEDIA,FAKE_NEWS_SOURCE,1.0,-1.0,,-1.0,0.33,1.0,5.0,1.0,COMPLETE,0.130105,0.13319999999999999,0.01626,0.012039999999999999,26021,0.6525,483,0.130105,
news-source-strategies,RQ1,E1-strategy-comparison,informational,1016,INFORMATIONAL_CAMOUFLAGE,TRADITIONAL_MEDIA,FAKE_NEWS_SOURCE,1.0,-1.0,,-1.0,0.33,1.0,5.0,1.0,COMPLETE,0.10890000000000001,0.11876,0.012665,0.00924,21780,0.66,461,0.10890000000000001,
news-source-strategies,RQ1,E1-strategy-comparison,informational,1017,INFORMATIONAL_CAMOUFLAGE,TRADITIONAL_MEDIA,FAKE_NEWS_SOURCE,1.0,-1.0,,-1.0,0.33,1.0,5.0,1.0,COMPLETE,0.11403,0.12972,0.01268,0.00966,22806,0.665,464,0.11403,
news-source-strategies,RQ1,E1-strategy-comparison,informational,1018,INFORMATIONAL_CAMOUFLAGE,TRADITIONAL_MEDIA,FAKE_NEWS_SOURCE,1.0,-1.0,,-1.0,0.33,1.0,5.0,1.0,COMPLETE,0.117685,0.08744,0.0123,0.00554,23537,0.6625,457,0.117685,
news-source-strategies,RQ1,E1-strategy-comparison,informational,1019,INFORMATIONAL_CAMOUFLAGE,TRADITIONAL_MEDIA,FAKE_NEWS_SOURCE,1.0,-1.0,,-1.0,0.33,1.0,5.0,1.0,COMPLETE,0.097035,0.0544,0.010035,0.00314,19407,0.6825,448,0.097035,
news-source-strategies,RQ1,E1-strategy-comparison,informational,1020,INFORMATIONAL_CAMOUFLAGE,TRADITIONAL_MEDIA,FAKE_NEWS_SOURCE,1.0,-1.0,,-1.0,0.33,1.0,5.0,1.0,COMPLETE,0.10506499999999999,0.12106,0.011165,0.0095,21013,0.7025,450,0.10506499999999999,
news-source-strategies,RQ1,E1-strategy-comparison,informational,1021,INFORMATIONAL_CAMOUFLAGE,TRADITIONAL_MEDIA,FAKE_NEWS_SOURCE,1.0,-1.0,,-1.0,0.33,1.0,5.0,1.0,COMPLETE,0.10702500000000001,0.15584,0.01302,0.01816,21405,0.685,468,0.10702500000000001,
news-source-strategies,RQ1,E1-strategy-comparison,informational,1022,INFORMATIONAL_CAMOUFLAGE,TRADITIONAL_MEDIA,FAKE_NEWS_SOURCE,1.0,-1.0,,-1.0,0.33,1.0,5.0,1.0,COMPLETE,0.119845,0.12043999999999999,0.01166,0.01342,23969,0.675,452,0.119845,
news-source-strategies,RQ1,E1-strategy-comparison,informational,1023,INFORMATIONAL_CAMOUFLAGE,TRADITIONAL_MEDIA,FAKE_NEWS_SOURCE,1.0,-1.0,,-1.0,0.33,1.0,5.0,1.0,COMPLETE,0.1341,0.125,0.013460000000000001,0.01114,26820,0.6625,465,0.1341,
news-source-strategies,RQ1,E1-strategy-comparison,informational,1024,INFORMATIONAL_CAMOUFLAGE,TRADITIONAL_MEDIA,FAKE_NEWS_SOURCE,1.0,-1.0,,-1.0,0.33,1.0,5.0,1.0,COMPLETE,0.10818000000000001,0.12126,0.009885,0.01048,21636,0.67,434,0.10818000000000001,
news-source-strategies,RQ1,E1-strategy-comparison,informational,1025,INFORMATIONAL_CAMOUFLAGE,TRADITIONAL_MEDIA,FAKE_NEWS_SOURCE,1.0,-1.0,,-1.0,0.33,1.0,5.0,1.0,COMPLETE,0.11483499999999999,0.09748,0.011965,0.0064800000000000005,22967,0.6525,458,0.11483499999999999,
news-source-strategies,RQ1,E1-strategy-comparison,informational,1026,INFORMATIONAL_CAMOUFLAGE,TRADITIONAL_MEDIA,FAKE_NEWS_SOURCE,1.0,-1.0,,-1.0,0.33,1.0,5.0,1.0,COMPLETE,0.09383,0.04418,0.01217,0.00232,18766,0.6775,470,0.09383,
news-source-strategies,RQ1,E1-strategy-comparison,informational,1027,INFORMATIONAL_CAMOUFLAGE,TRADITIONAL_MEDIA,FAKE_NEWS_SOURCE,1.0,-1.0,,-1.0,0.33,1.0,5.0,1.0,COMPLETE,0.10382999999999999,0.07773999999999999,0.012935,0.00614,20766,0.65,467,0.10382999999999999,
news-source-strategies,RQ1,E1-strategy-comparison,informational,1028,INFORMATIONAL_CAMOUFLAGE,TRADITIONAL_MEDIA,FAKE_NEWS_SOURCE,1.0,-1.0,,-1.0,0.33,1.0,5.0,1.0,COMPLETE,0.131915,0.18,0.016635,0.02544,26383,0.6325,480,0.131915,
news-source-strategies,RQ1,E1-strategy-comparison,informational,1029,INFORMATIONAL_CAMOUFLAGE,TRADITIONAL_MEDIA,FAKE_NEWS_SOURCE,1.0,-1.0,,-1.0,0.33,1.0,5.0,1.0,COMPLETE,0.10052,0.13334000000000001,0.010685,0.0165,20104,0.6725,448,0.10052,
news-source-strategies,RQ1,E1-strategy-comparison,informational,1030,INFORMATIONAL_CAMOUFLAGE,TRADITIONAL_MEDIA,FAKE_NEWS_SOURCE,1.0,-1.0,,-1.0,0.33,1.0,5.0,1.0,COMPLETE,0.09133,0.09076000000000001,0.010675,0.00652,18266,0.68,454,0.09133,
news-source-strategies,RQ1,E1-strategy-comparison,credibility,1001,CREDIBILITY_CAMOUFLAGE,TRADITIONAL_MEDIA,FAKE_NEWS_SOURCE,1.0,-1.0,,-1.0,0.33,1.0,5.0,1.0,COMPLETE,0.105265,0.12487999999999999,0.011619999999999998,0.01208,21053,0.6875,459,0.105265,
news-source-strategies,RQ1,E1-strategy-comparison,credibility,1002,CREDIBILITY_CAMOUFLAGE,TRADITIONAL_MEDIA,FAKE_NEWS_SOURCE,1.0,-1.0,,-1.0,0.33,1.0,5.0,1.0,COMPLETE,0.081615,0.0437,0.008605,0.00276,16323,0.6875,432,0.081615,
news-source-strategies,RQ1,E1-strategy-comparison,credibility,1003,CREDIBILITY_CAMOUFLAGE,TRADITIONAL_MEDIA,FAKE_NEWS_SOURCE,1.0,-1.0,,-1.0,0.33,1.0,5.0,1.0,COMPLETE,0.10817,0.13066,0.01202,0.01076,21634,0.66,459,0.10817,
news-source-strategies,RQ1,E1-strategy-comparison,credibility,1004,CREDIBILITY_CAMOUFLAGE,TRADITIONAL_MEDIA,FAKE_NEWS_SOURCE,1.0,-1.0,,-1.0,0.33,1.0,5.0,1.0,COMPLETE,0.12192499999999999,0.06516,0.01669,0.00508,24385,0.6775,494,0.12192499999999999,
news-source-strategies,RQ1,E1-strategy-comparison,credibility,1005,CREDIBILITY_CAMOUFLAGE,TRADITIONAL_MEDIA,FAKE_NEWS_SOURCE,1.0,-1.0,,-1.0,0.33,1.0,5.0,1.0,COMPLETE,0.13169999999999998,0.12212,0.016059999999999998,0.01396,26340,0.65,479,0.13169999999999998,
news-source-strategies,RQ1,E1-strategy-comparison,credibility,1006,CREDIBILITY_CAMOUFLAGE,TRADITIONAL_MEDIA,FAKE_NEWS_SOURCE,1.0,-1.0,,-1.0,0.33,1.0,5.0,1.0,COMPLETE,0.106815,0.07904000000000001,0.014410000000000001,0.00826,21363,0.6675,479,0.106815,
news-source-strategies,RQ1,E1-strategy-comparison,credibility,1007,CREDIBILITY_CAMOUFLAGE,TRADITIONAL_MEDIA,FAKE_NEWS_SOURCE,1.0,-1.0,,-1.0,0.33,1.0,5.0,1.0,COMPLETE,0.14661000000000002,0.056780000000000004,0.025715,0.00566,29322,0.6975,499,0.14661000000000002,
news-source-strategies,RQ1,E1-strategy-comparison,credibility,1008,CREDIBILITY_CAMOUFLAGE,TRADITIONAL_MEDIA,FAKE_NEWS_SOURCE,1.0,-1.0,,-1.0,0.33,1.0,5.0,1.0,COMPLETE,0.12403,0.11664,0.016545,0.01312,24806,0.6625,496,0.12403,
news-source-strategies,RQ1,E1-strategy-comparison,credibility,1009,CREDIBILITY_CAMOUFLAGE,TRADITIONAL_MEDIA,FAKE_NEWS_SOURCE,1.0,-1.0,,-1.0,0.33,1.0,5.0,1.0,COMPLETE,0.15887,0.07764,0.027170000000000003,0.01182,31774,0.6775,499,0.15887,
news-source-strategies,RQ1,E1-strategy-comparison,credibility,1010,CREDIBILITY_CAMOUFLAGE,TRADITIONAL_MEDIA,FAKE_NEWS_SOURCE,1.0,-1.0,,-1.0,0.33,1.0,5.0,1.0,COMPLETE,0.157585,0.07587999999999999,0.030125,0.00424,31517,0.64,499,0.157585,
news-source-strategies,RQ1,E1-strategy-comparison,credibility,1011,CREDIBILITY_CAMOUFLAGE,TRADITIONAL_MEDIA,FAKE_NEWS_SOURCE,1.0,-1.0,,-1.0,0.33,1.0,5.0,1.0,COMPLETE,0.08866,0.05465999999999999,0.008915,0.0028599999999999997,17732,0.695,426,0.08866,
news-source-strategies,RQ1,E1-strategy-comparison,credibility,1012,CREDIBILITY_CAMOUFLAGE,TRADITIONAL_MEDIA,FAKE_NEWS_SOURCE,1.0,-1.0,,-1.0,0.33,1.0,5.0,1.0,COMPLETE,0.127185,0.14074,0.013699999999999999,0.01428,25437,0.64,473,0.127185,
news-source-strategies,RQ1,E1-strategy-comparison,credibility,1013,CREDIBILITY_CAMOUFLAGE,TRADITIONAL_MEDIA,FAKE_NEWS_SOURCE,1.0,-1.0,,-1.0,0.33,1.0,5.0,1.0,COMPLETE,0.08791,0.08666,0.008535000000000001,0.00752,17582,0.6725,414,0.08791,
news-source-strategies,RQ1,E1-strategy-comparison,credibility,1014,CREDIBILITY_CAMOUFLAGE,TRADITIONAL_MEDIA,FAKE_NEWS_SOURCE,1.0,-1.0,,-1.0,0.33,1.0,5.0,1.0,COMPLETE,0.115185,0.0531,0.012695,0.0027400000000000002,23037,0.7075,466,0.115185,
news-source-strategies,RQ1,E1-strategy-comparison,credibility,1015,CREDIBILITY_CAMOUFLAGE,TRADITIONAL_MEDIA,FAKE_NEWS_SOURCE,1.0,-1.0,,-1.0,0.33,1.0,5.0,1.0,COMPLETE,0.12988,0.13291999999999998,0.016,0.01168,25976,0.6525,486,0.12988,
news-source-strategies,RQ1,E1-strategy-comparison,credibility,1016,CREDIBILITY_CAMOUFLAGE,TRADITIONAL_MEDIA,FAKE_NEWS_SOURCE,1.0,-1.0,,-1.0,0.33,1.0,5.0,1.0,COMPLETE,0.10833499999999999,0.11871999999999999,0.01159,0.00876,21667,0.66,449,0.10833499999999999,
news-source-strategies,RQ1,E1-strategy-comparison,credibility,1017,CREDIBILITY_CAMOUFLAGE,TRADITIONAL_MEDIA,FAKE_NEWS_SOURCE,1.0,-1.0,,-1.0,0.33,1.0,5.0,1.0,COMPLETE,0.11383499999999999,0.12976,0.012475,0.009519999999999999,22767,0.665,464,0.11383499999999999,
news-source-strategies,RQ1,E1-strategy-comparison,credibility,1018,CREDIBILITY_CAMOUFLAGE,TRADITIONAL_MEDIA,FAKE_NEWS_SOURCE,1.0,-1.0,,-1.0,0.33,1.0,5.0,1.0,COMPLETE,0.11807,0.08708,0.011945,0.00508,23614,0.6625,458,0.11807,
news-source-strategies,RQ1,E1-strategy-comparison,credibility,1019,CREDIBILITY_CAMOUFLAGE,TRADITIONAL_MEDIA,FAKE_NEWS_SOURCE,1.0,-1.0,,-1.0,0.33,1.0,5.0,1.0,COMPLETE,0.09615,0.0545,0.0092,0.00314,19230,0.6825,440,0.09615,
news-source-strategies,RQ1,E1-strategy-comparison,credibility,1020,CREDIBILITY_CAMOUFLAGE,TRADITIONAL_MEDIA,FAKE_NEWS_SOURCE,1.0,-1.0,,-1.0,0.33,1.0,5.0,1.0,COMPLETE,0.10528,0.12108,0.01087,0.0092,21056,0.7025,452,0.10528,
news-source-strategies,RQ1,E1-strategy-comparison,credibility,1021,CREDIBILITY_CAMOUFLAGE,TRADITIONAL_MEDIA,FAKE_NEWS_SOURCE,1.0,-1.0,,-1.0,0.33,1.0,5.0,1.0,COMPLETE,0.10664,0.1519,0.012230000000000001,0.01316,21328,0.685,461,0.10664,
news-source-strategies,RQ1,E1-strategy-comparison,credibility,1022,CREDIBILITY_CAMOUFLAGE,TRADITIONAL_MEDIA,FAKE_NEWS_SOURCE,1.0,-1.0,,-1.0,0.33,1.0,5.0,1.0,COMPLETE,0.119505,0.11986,0.011300000000000001,0.01274,23901,0.675,451,0.119505,
news-source-strategies,RQ1,E1-strategy-comparison,credibility,1023,CREDIBILITY_CAMOUFLAGE,TRADITIONAL_MEDIA,FAKE_NEWS_SOURCE,1.0,-1.0,,-1.0,0.33,1.0,5.0,1.0,COMPLETE,0.133565,0.12412000000000001,0.012205,0.00976,26713,0.6625,463,0.133565,
news-source-strategies,RQ1,E1-strategy-comparison,credibility,1024,CREDIBILITY_CAMOUFLAGE,TRADITIONAL_MEDIA,FAKE_NEWS_SOURCE,1.0,-1.0,,-1.0,0.33,1.0,5.0,1.0,COMPLETE,0.10803499999999999,0.12078,0.009564999999999999,0.0096,21607,0.67,437,0.10803499999999999,
news-source-strategies,RQ1,E1-strategy-comparison,credibility,1025,CREDIBILITY_CAMOUFLAGE,TRADITIONAL_MEDIA,FAKE_NEWS_SOURCE,1.0,-1.0,,-1.0,0.33,1.0,5.0,1.0,COMPLETE,0.115125,0.09742,0.011654999999999999,0.0065,23025,0.6525,461,0.115125,
news-source-strategies,RQ1,E1-strategy-comparison,credibility,1026,CREDIBILITY_CAMOUFLAGE,TRADITIONAL_MEDIA,FAKE_NEWS_SOURCE,1.0,-1.0,,-1.0,0.33,1.0,5.0,1.0,COMPLETE,0.09327500000000001,0.04394,0.01134,0.00216,18655,0.6775,468,0.09327500000000001,
news-source-strategies,RQ1,E1-strategy-comparison,credibility,1027,CREDIBILITY_CAMOUFLAGE,TRADITIONAL_MEDIA,FAKE_NEWS_SOURCE,1.0,-1.0,,-1.0,0.33,1.0,5.0,1.0,COMPLETE,0.104795,0.07806,0.013195,0.00632,20959,0.65,469,0.104795,
news-source-strategies,RQ1,E1-strategy-comparison,credibility,1028,CREDIBILITY_CAMOUFLAGE,TRADITIONAL_MEDIA,FAKE_NEWS_SOURCE,1.0,-1.0,,-1.0,0.33,1.0,5.0,1.0,COMPLETE,0.13153,0.17872,0.016045,0.02366,26306,0.6325,475,0.13153,
news-source-strategies,RQ1,E1-strategy-comparison,credibility,1029,CREDIBILITY_CAMOUFLAGE,TRADITIONAL_MEDIA,FAKE_NEWS_SOURCE,1.0,-1.0,,-1.0,0.33,1.0,5.0,1.0,COMPLETE,0.100245,0.13304,0.01022,0.015560000000000001,20049,0.6725,444,0.100245,
news-source-strategies,RQ1,E1-strategy-comparison,credibility,1030,CREDIBILITY_CAMOUFLAGE,TRADITIONAL_MEDIA,FAKE_NEWS_SOURCE,1.0,-1.0,,-1.0,0.33,1.0,5.0,1.0,COMPLETE,0.090965,0.09062,0.010205,0.00596,18193,0.68,450,0.090965,
news-source-strategies,RQ1,E1-strategy-comparison,all,1001,"ENGAGEMENT,PROXIMITY,INFORMATIONAL_CAMOUFLAGE,CREDIBILITY_CAMOUFLAGE",TRADITIONAL_MEDIA,FAKE_NEWS_SOURCE,1.0,-1.0,,-1.0,0.33,1.0,5.0,1.0,COMPLETE,0.107215,0.1265,0.0148,0.01452,21443,0.6875,470,0.107215,
news-source-strategies,RQ1,E1-strategy-comparison,all,1002,"ENGAGEMENT,PROXIMITY,INFORMATIONAL_CAMOUFLAGE,CREDIBILITY_CAMOUFLAGE",TRADITIONAL_MEDIA,FAKE_NEWS_SOURCE,1.0,-1.0,,-1.0,0.33,1.0,5.0,1.0,COMPLETE,0.08323,0.04368,0.01093,0.0029,16646,0.6875,446,0.08323,
news-source-strategies,RQ1,E1-strategy-comparison,all,1003,"ENGAGEMENT,PROXIMITY,INFORMATIONAL_CAMOUFLAGE,CREDIBILITY_CAMOUFLAGE",TRADITIONAL_MEDIA,FAKE_NEWS_SOURCE,1.0,-1.0,,-1.0,0.33,1.0,5.0,1.0,COMPLETE,0.11044499999999999,0.13313999999999998,0.015615,0.01368,22089,0.66,479,0.11044499999999999,
news-source-strategies,RQ1,E1-strategy-comparison,all,1004,"ENGAGEMENT,PROXIMITY,INFORMATIONAL_CAMOUFLAGE,CREDIBILITY_CAMOUFLAGE",TRADITIONAL_MEDIA,FAKE_NEWS_SOURCE,1.0,-1.0,,-1.0,0.33,1.0,5.0,1.0,COMPLETE,0.126865,0.0679,0.0229,0.00844,25373,0.6775,495,0.126865,
news-source-strategies,RQ1,E1-strategy-comparison,all,1005,"ENGAGEMENT,PROXIMITY,INFORMATIONAL_CAMOUFLAGE,CREDIBILITY_CAMOUFLAGE",TRADITIONAL_MEDIA,FAKE_NEWS_SOURCE,1.0,-1.0,,-1.0,0.33,1.0,5.0,1.0,COMPLETE,0.134325,0.12329999999999999,0.020575,0.0182,26865,0.65,496,0.134325,
news-source-strategies,RQ1,E1-strategy-comparison,all,1006,"ENGAGEMENT,PROXIMITY,INFORMATIONAL_CAMOUFLAGE,CREDIBILITY_CAMOUFLAGE",TRADITIONAL_MEDIA,FAKE_NEWS_SOURCE,1.0,-1.0,,-1.0,0.33,1.0,5.0,1.0,COMPLETE,0.10977500000000001,0.08052,0.01884,0.01028,21955,0.6675,490,0.10977500000000001,
news-source-strategies,RQ1,E1-strategy-comparison,all,1007,"ENGAGEMENT,PROXIMITY,INFORMATIONAL_CAMOUFLAGE,CREDIBILITY_CAMOUFLAGE",TRADITIONAL_MEDIA,FAKE_NEWS_SOURCE,1.0,-1.0,,-1.0,0.33,1.0,5.0,1.0,COMPLETE,0.147445,0.05922,0.03312,0.00848,29489,0.6975,500,0.147445,
news-source-strategies,RQ1,E1-strategy-comparison,all,1008,"ENGAGEMENT,PROXIMITY,INFORMATIONAL_CAMOUFLAGE,CREDIBILITY_CAMOUFLAGE",TRADITIONAL_MEDIA,FAKE_NEWS_SOURCE,1.0,-1.0,,-1.0,0.33,1.0,5.0,1.0,COMPLETE,0.126745,0.11874,0.02143,0.01742,25349,0.6625,498,0.126745,
news-source-strategies,RQ1,E1-strategy-comparison,all,1009,"ENGAGEMENT,PROXIMITY,INFORMATIONAL_CAMOUFLAGE,CREDIBILITY_CAMOUFLAGE",TRADITIONAL_MEDIA,FAKE_NEWS_SOURCE,1.0,-1.0,,-1.0,0.33,1.0,5.0,1.0,COMPLETE,0.163555,0.08009999999999999,0.036590000000000004,0.01566,32711,0.6775,500,0.163555,
news-source-strategies,RQ1,E1-strategy-comparison,all,1010,"ENGAGEMENT,PROXIMITY,INFORMATIONAL_CAMOUFLAGE,CREDIBILITY_CAMOUFLAGE",TRADITIONAL_MEDIA,FAKE_NEWS_SOURCE,1.0,-1.0,,-1.0,0.33,1.0,5.0,1.0,COMPLETE,0.131715,0.07665999999999999,0.029285,0.00542,26343,0.64,500,0.131715,
news-source-strategies,RQ1,E1-strategy-comparison,all,1011,"ENGAGEMENT,PROXIMITY,INFORMATIONAL_CAMOUFLAGE,CREDIBILITY_CAMOUFLAGE",TRADITIONAL_MEDIA,FAKE_NEWS_SOURCE,1.0,-1.0,,-1.0,0.33,1.0,5.0,1.0,COMPLETE,0.09067499999999999,0.055,0.011595000000000001,0.0033599999999999997,18135,0.695,448,0.09067499999999999,
news-source-strategies,RQ1,E1-strategy-comparison,all,1012,"ENGAGEMENT,PROXIMITY,INFORMATIONAL_CAMOUFLAGE,CREDIBILITY_CAMOUFLAGE",TRADITIONAL_MEDIA,FAKE_NEWS_SOURCE,1.0,-1.0,,-1.0,0.33,1.0,5.0,1.0,COMPLETE,0.13075499999999998,0.14422,0.019515,0.020460000000000002,26151,0.64,492,0.13075499999999998,
news-source-strategies,RQ1,E1-strategy-comparison,all,1013,"ENGAGEMENT,PROXIMITY,INFORMATIONAL_CAMOUFLAGE,CREDIBILITY_CAMOUFLAGE",TRADITIONAL_MEDIA,FAKE_NEWS_SOURCE,1.0,-1.0,,-1.0,0.33,1.0,5.0,1.0,COMPLETE,0.089045,0.08738,0.01055,0.00864,17809,0.6725,431,0.089045,
news-source-strategies,RQ1,E1-strategy-comparison,all,1014,"ENGAGEMENT,PROXIMITY,INFORMATIONAL_CAMOUFLAGE,CREDIBILITY_CAMOUFLAGE",TRADITIONAL_MEDIA,FAKE_NEWS_SOURCE,1.0,-1.0,,-1.0,0.33,1.0,5.0,1.0,COMPLETE,0.11674,0.05298,0.01533,0.003,23348,0.7075,476,0.11674,
news-source-strategies,RQ1,E1-strategy-comparison,all,1015,"ENGAGEMENT,PROXIMITY,INFORMATIONAL_CAMOUFLAGE,CREDIBILITY_CAMOUFLAGE",TRADITIONAL_MEDIA,FAKE_NEWS_SOURCE,1.0,-1.0,,-1.0,0.33,1.0,5.0,1.0,COMPLETE,0.13261,0.13532,0.020829999999999998,0.015,26522,0.6525,489,0.13261,
news-source-strategies,RQ1,E1-strategy-comparison,all,1016,"ENGAGEMENT,PROXIMITY,INFORMATIONAL_CAMOUFLAGE,CREDIBILITY_CAMOUFLAGE",TRADITIONAL_MEDIA,FAKE_NEWS_SOURCE,1.0,-1.0,,-1.0,0.33,1.0,5.0,1.0,COMPLETE,0.10994,0.12056,0.01509,0.0123,21988,0.66,471,0.10994,
news-source-strategies,RQ1,E1-strategy-comparison,all,1017,"ENGAGEMENT,PROXIMITY,INFORMATIONAL_CAMOUFLAGE,CREDIBILITY_CAMOUFLAGE",TRADITIONAL_MEDIA,FAKE_NEWS_SOURCE,1.0,-1.0,,-1.0,0.33,1.0,5.0,1.0,COMPLETE,0.116335,0.13263999999999998,0.016335000000000002,0.014539999999999999,23267,0.665,481,0.116335,
news-source-strategies,RQ1,E1-strategy-comparison,all,1018,"ENGAGEMENT,PROXIMITY,INFORMATIONAL_CAMOUFLAGE,CREDIBILITY_CAMOUFLAGE",TRADITIONAL_MEDIA,FAKE_NEWS_SOURCE,1.0,-1.0,,-1.0,0.33,1.0,5.0,1.0,COMPLETE,0.120355,0.08798,0.01625,0.0067800000000000004,24071,0.6625,474,0.120355,
news-source-strategies,RQ1,E1-strategy-comparison,all,1019,"ENGAGEMENT,PROXIMITY,INFORMATIONAL_CAMOUFLAGE,CREDIBILITY_CAMOUFLAGE",TRADITIONAL_MEDIA,FAKE_NEWS_SOURCE,1.0,-1.0,,-1.0,0.33,1.0,5.0,1.0,COMPLETE,0.09879,0.0549,0.012435,0.00382,19758,0.6825,459,0.09879,
news-source-strategies,RQ1,E1-strategy-comparison,all,1020,"ENGAGEMENT,PROXIMITY,INFORMATIONAL_CAMOUFLAGE,CREDIBILITY_CAMOUFLAGE",TRADITIONAL_MEDIA,FAKE_NEWS_SOURCE,1.0,-1.0,,-1.0,0.33,1.0,5.0,1.0,COMPLETE,0.10811499999999999,0.12426000000000001,0.0147,0.013099999999999999,21623,0.7025,473,0.10811499999999999,
news-source-strategies,RQ1,E1-strategy-comparison,all,1021,"ENGAGEMENT,PROXIMITY,INFORMATIONAL_CAMOUFLAGE,CREDIBILITY_CAMOUFLAGE",TRADITIONAL_MEDIA,FAKE_NEWS_SOURCE,1.0,-1.0,,-1.0,0.33,1.0,5.0,1.0,COMPLETE,0.109795,0.15978,0.017505,0.02528,21959,0.685,485,0.109795,
news-source-strategies,RQ1,E1-strategy-comparison,all,1022,"ENGAGEMENT,PROXIMITY,INFORMATIONAL_CAMOUFLAGE,CREDIBILITY_CAMOUFLAGE",TRADITIONAL_MEDIA,FAKE_NEWS_SOURCE,1.0,-1.0,,-1.0,0.33,1.0,5.0,1.0,COMPLETE,0.12143999999999999,0.12240000000000001,0.01476,0.01688,24288,0.675,457,0.12143999999999999,
news-source-strategies,RQ1,E1-strategy-comparison,all,1023,"ENGAGEMENT,PROXIMITY,INFORMATIONAL_CAMOUFLAGE,CREDIBILITY_CAMOUFLAGE",TRADITIONAL_MEDIA,FAKE_NEWS_SOURCE,1.0,-1.0,,-1.0,0.33,1.0,5.0,1.0,COMPLETE,0.136545,0.12734,0.01829,0.0152,27309,0.6625,473,0.136545,
news-source-strategies,RQ1,E1-strategy-comparison,all,1024,"ENGAGEMENT,PROXIMITY,INFORMATIONAL_CAMOUFLAGE,CREDIBILITY_CAMOUFLAGE",TRADITIONAL_MEDIA,FAKE_NEWS_SOURCE,1.0,-1.0,,-1.0,0.33,1.0,5.0,1.0,COMPLETE,0.10965000000000001,0.12165999999999999,0.012285,0.011640000000000001,21930,0.67,453,0.10965000000000001,
news-source-strategies,RQ1,E1-strategy-comparison,all,1025,"ENGAGEMENT,PROXIMITY,INFORMATIONAL_CAMOUFLAGE,CREDIBILITY_CAMOUFLAGE",TRADITIONAL_MEDIA,FAKE_NEWS_SOURCE,1.0,-1.0,,-1.0,0.33,1.0,5.0,1.0,COMPLETE,0.11605,0.09752,0.01421,0.00704,23210,0.6525,469,0.11605,
news-source-strategies,RQ1,E1-strategy-comparison,all,1026,"ENGAGEMENT,PROXIMITY,INFORMATIONAL_CAMOUFLAGE,CREDIBILITY_CAMOUFLAGE",TRADITIONAL_MEDIA,FAKE_NEWS_SOURCE,1.0,-1.0,,-1.0,0.33,1.0,5.0,1.0,COMPLETE,0.09595000000000001,0.04392,0.015115,0.00222,19190,0.6775,483,0.09595000000000001,
news-source-strategies,RQ1,E1-strategy-comparison,all,1027,"ENGAGEMENT,PROXIMITY,INFORMATIONAL_CAMOUFLAGE,CREDIBILITY_CAMOUFLAGE",TRADITIONAL_MEDIA,FAKE_NEWS_SOURCE,1.0,-1.0,,-1.0,0.33,1.0,5.0,1.0,COMPLETE,0.10667499999999999,0.07868,0.016640000000000002,0.0074800000000000005,21335,0.65,477,0.10667499999999999,
news-source-strategies,RQ1,E1-strategy-comparison,all,1028,"ENGAGEMENT,PROXIMITY,INFORMATIONAL_CAMOUFLAGE,CREDIBILITY_CAMOUFLAGE",TRADITIONAL_MEDIA,FAKE_NEWS_SOURCE,1.0,-1.0,,-1.0,0.33,1.0,5.0,1.0,COMPLETE,0.136965,0.18934,0.024184999999999998,0.039299999999999995,27393,0.6325,490,0.136965,
news-source-strategies,RQ1,E1-strategy-comparison,all,1029,"ENGAGEMENT,PROXIMITY,INFORMATIONAL_CAMOUFLAGE,CREDIBILITY_CAMOUFLAGE",TRADITIONAL_MEDIA,FAKE_NEWS_SOURCE,1.0,-1.0,,-1.0,0.33,1.0,5.0,1.0,COMPLETE,0.103905,0.13806000000000002,0.01531,0.02434,20781,0.6725,467,0.103905,
news-source-strategies,RQ1,E1-strategy-comparison,all,1030,"ENGAGEMENT,PROXIMITY,INFORMATIONAL_CAMOUFLAGE,CREDIBILITY_CAMOUFLAGE",TRADITIONAL_MEDIA,FAKE_NEWS_SOURCE,1.0,-1.0,,-1.0,0.33,1.0,5.0,1.0,COMPLETE,0.09466500000000001,0.09226000000000001,0.014725,0.00822,18933,0.68,477,0.09466500000000001,
news-source-strategies,RQ2,E2-timing-duration,control,1001,NONE,,,,,,-1.0,0.33,1.0,5.0,1.0,COMPLETE,0.10526,0.1243,0.01116,0.01126,21052,0.6875,452,0.10526,
news-source-strategies,RQ2,E2-timing-duration,control,1002,NONE,,,,,,-1.0,0.33,1.0,5.0,1.0,COMPLETE,0.08181999999999999,0.04374,0.008494999999999999,0.00262,16364,0.6875,425,0.08181999999999999,
news-source-strategies,RQ2,E2-timing-duration,control,1003,NONE,,,,,,-1.0,0.33,1.0,5.0,1.0,COMPLETE,0.107925,0.13006,0.01123,0.009640000000000001,21585,0.66,455,0.107925,
news-source-strategies,RQ2,E2-timing-duration,control,1004,NONE,,,,,,-1.0,0.33,1.0,5.0,1.0,COMPLETE,0.12174,0.06578,0.015715,0.00538,24348,0.6775,490,0.12174,
news-source-strategies,RQ2,E2-timing-duration,control,1005,NONE,,,,,,-1.0,0.33,1.0,5.0,1.0,COMPLETE,0.131575,0.1216,0.015335000000000001,0.01264,26315,0.65,480,0.131575,
news-source-strategies,RQ2,E2-timing-duration,control,1006,NONE,,,,,,-1.0,0.33,1.0,5.0,1.0,COMPLETE,0.10615999999999999,0.07881999999999999,0.01337,0.0085,21232,0.6675,478,0.10615999999999999,
news-source-strategies,RQ2,E2-timing-duration,control,1007,NONE,,,,,,-1.0,0.33,1.0,5.0,1.0,COMPLETE,0.14857499999999998,0.05736,0.025145,0.005900000000000001,29715,0.6975,499,0.14857499999999998,
news-source-strategies,RQ2,E2-timing-duration,control,1008,NONE,,,,,,-1.0,0.33,1.0,5.0,1.0,COMPLETE,0.12408499999999999,0.11724,0.015875,0.012060000000000001,24817,0.6625,488,0.12408499999999999,
news-source-strategies,RQ2,E2-timing-duration,control,1009,NONE,,,,,,-1.0,0.33,1.0,5.0,1.0,COMPLETE,0.15888,0.07765999999999999,0.026355,0.01194,31776,0.6775,499,0.15888,
news-source-strategies,RQ2,E2-timing-duration,control,1010,NONE,,,,,,-1.0,0.33,1.0,5.0,1.0,COMPLETE,0.15375,0.07576000000000001,0.026484999999999998,0.004019999999999999,30750,0.64,497,0.15375,
news-source-strategies,RQ2,E2-timing-duration,control,1011,NONE,,,,,,-1.0,0.33,1.0,5.0,1.0,COMPLETE,0.08911,0.054799999999999995,0.00922,0.00282,17822,0.695,426,0.08911,
news-source-strategies,RQ2,E2-timing-duration,control,1012,NONE,,,,,,-1.0,0.33,1.0,5.0,1.0,COMPLETE,0.12685,0.14018,0.01298,0.013439999999999999,25370,0.64,467,0.12685,
news-source-strategies,RQ2,E2-timing-duration,control,1013,NONE,,,,,,-1.0,0.33,1.0,5.0,1.0,COMPLETE,0.08813,0.08674,0.00831,0.00708,17626,0.6725,412,0.08813,
news-source-strategies,RQ2,E2-timing-duration,control,1014,NONE,,,,,,-1.0,0.33,1.0,5.0,1.0,COMPLETE,0.11454500000000001,0.0533,0.011689999999999999,0.0028399999999999996,22909,0.7075,457,0.11454500000000001,
news-source-strategies,RQ2,E2-timing-duration,control,1015,NONE,,,,,,-1.0,0.33,1.0,5.0,1.0,COMPLETE,0.12946000000000002,0.13219999999999998,0.01469,0.01062,25892,0.6525,484,0.12946000000000002,
news-source-strategies,RQ2,E2-timing-duration,control,1016,NONE,,,,,,-1.0,0.33,1.0,5.0,1.0,COMPLETE,0.10884,0.11852,0.011744999999999998,0.0083,21768,0.66,448,0.10884,
news-source-strategies,RQ2,E2-timing-duration,control,1017,NONE,,,,,,-1.0,0.33,1.0,5.0,1.0,COMPLETE,0.11431000000000001,0.13038,0.012355,0.00958,22862,0.665,459,0.11431000000000001,
news-source-strategies,RQ2,E2-timing-duration,control,1018,NONE,,,,,,-1.0,0.33,1.0,5.0,1.0,COMPLETE,0.118185,0.08768000000000001,0.011949999999999999,0.00554,23637,0.6625,457,0.118185,
news-source-strategies,RQ2,E2-timing-duration,control,1019,NONE,,,,,,-1.0,0.33,1.0,5.0,1.0,COMPLETE,0.09654,0.05504,0.009089999999999999,0.00332,19308,0.6825,433,0.09654,
news-source-strategies,RQ2,E2-timing-duration,control,1020,NONE,,,,,,-1.0,0.33,1.0,5.0,1.0,COMPLETE,0.1057,0.12052,0.010685,0.008039999999999999,21140,0.7025,440,0.1057,
news-source-strategies,RQ2,E2-timing-duration,control,1021,NONE,,,,,,-1.0,0.33,1.0,5.0,1.0,COMPLETE,0.10690000000000001,0.15475999999999998,0.012125,0.0159,21380,0.685,464,0.10690000000000001,
news-source-strategies,RQ2,E2-timing-duration,control,1022,NONE,,,,,,-1.0,0.33,1.0,5.0,1.0,COMPLETE,0.11984,0.11984,0.01106,0.01196,23968,0.675,448,0.11984,
news-source-strategies,RQ2,E2-timing-duration,control,1023,NONE,,,,,,-1.0,0.33,1.0,5.0,1.0,COMPLETE,0.134515,0.12536,0.012655,0.01056,26903,0.6625,461,0.134515,
news-source-strategies,RQ2,E2-timing-duration,control,1024,NONE,,,,,,-1.0,0.33,1.0,5.0,1.0,COMPLETE,0.10827500000000001,0.12129999999999999,0.00924,0.00968,21655,0.67,427,0.10827500000000001,
news-source-strategies,RQ2,E2-timing-duration,control,1025,NONE,,,,,,-1.0,0.33,1.0,5.0,1.0,COMPLETE,0.115725,0.09709999999999999,0.011375,0.00588,23145,0.6525,458,0.115725,
news-source-strategies,RQ2,E2-timing-duration,control,1026,NONE,,,,,,-1.0,0.33,1.0,5.0,1.0,COMPLETE,0.094675,0.04406,0.012055,0.00222,18935,0.6775,463,0.094675,
news-source-strategies,RQ2,E2-timing-duration,control,1027,NONE,,,,,,-1.0,0.33,1.0,5.0,1.0,COMPLETE,0.104495,0.07845999999999999,0.012645,0.0066,20899,0.65,465,0.104495,
news-source-strategies,RQ2,E2-timing-duration,control,1028,NONE,,,,,,-1.0,0.33,1.0,5.0,1.0,COMPLETE,0.13216999999999998,0.18018,0.015880000000000002,0.0237,26434,0.6325,475,0.13216999999999998,
news-source-strategies,RQ2,E2-timing-duration,control,1029,NONE,,,,,,-1.0,0.33,1.0,5.0,1.0,COMPLETE,0.0999,0.13196000000000002,0.00956,0.014119999999999999,19980,0.6725,433,0.0999,
news-source-strategies,RQ2,E2-timing-duration,control,1030,NONE,,,,,,-1.0,0.33,1.0,5.0,1.0,COMPLETE,0.091325,0.0915,0.00999,0.0065,18265,0.68,444,0.091325,
news-source-strategies,RQ2,E2-timing-duration,credibility_p1_d25,1001,CREDIBILITY_CAMOUFLAGE,TRADITIONAL_MEDIA,FAKE_NEWS_SOURCE,1.0,25.0,,-1.0,0.33,1.0,5.0,1.0,COMPLETE,0.10537,0.12434,0.011359999999999999,0.01132,21074,0.6875,455,0.112,0.09273999999999999
news-source-strategies,RQ2,E2-timing-duration,credibility_p1_d25,1002,CREDIBILITY_CAMOUFLAGE,TRADITIONAL_MEDIA,FAKE_NEWS_SOURCE,1.0,25.0,,-1.0,0.33,1.0,5.0,1.0,COMPLETE,0.08181000000000001,0.04372,0.008545,0.00262,16362,0.6875,429,0.12072,0.07656
news-source-strategies,RQ2,E2-timing-duration,credibility_p1_d25,1003,CREDIBILITY_CAMOUFLAGE,TRADITIONAL_MEDIA,FAKE_NEWS_SOURCE,1.0,25.0,,-1.0,0.33,1.0,5.0,1.0,COMPLETE,0.108265,0.13006,0.011675000000000001,0.009640000000000001,21653,0.66,458,0.16744,0.09604
news-source-strategies,RQ2,E2-timing-duration,credibility_p1_d25,1004,CREDIBILITY_CAMOUFLAGE,TRADITIONAL_MEDIA,FAKE_NEWS_SOURCE,1.0,25.0,,-1.0,0.33,1.0,5.0,1.0,COMPLETE,0.12214,0.06578,0.0161,0.00538,24428,0.6775,491,0.15408000000000002,0.14154
news-source-strategies,RQ2,E2-timing-duration,credibility_p1_d25,1005,CREDIBILITY_CAMOUFLAGE,TRADITIONAL_MEDIA,FAKE_NEWS_SOURCE,1.0,25.0,,-1.0,0.33,1.0,5.0,1.0,COMPLETE,0.13122,0.12162,0.015015,0.01262,26244,0.65,477,0.23568,0.13692
news-source-strategies,RQ2,E2-timing-duration,credibility_p1_d25,1006,CREDIBILITY_CAMOUFLAGE,TRADITIONAL_MEDIA,FAKE_NEWS_SOURCE,1.0,25.0,,-1.0,0.33,1.0,5.0,1.0,COMPLETE,0.106235,0.0788,0.013560000000000001,0.00848,21247,0.6675,480,0.24712,0.12978
news-source-strategies,RQ2,E2-timing-duration,credibility_p1_d25,1007,CREDIBILITY_CAMOUFLAGE,TRADITIONAL_MEDIA,FAKE_NEWS_SOURCE,1.0,25.0,,-1.0,0.33,1.0,5.0,1.0,COMPLETE,0.147165,0.05736,0.02493,0.005900000000000001,29433,0.6975,500,0.27432,0.21081999999999998
news-source-strategies,RQ2,E2-timing-duration,credibility_p1_d25,1008,CREDIBILITY_CAMOUFLAGE,TRADITIONAL_MEDIA,FAKE_NEWS_SOURCE,1.0,25.0,,-1.0,0.33,1.0,5.0,1.0,COMPLETE,0.124205,0.11724,0.01607,0.01208,24841,0.6625,494,0.20104,0.11222
news-source-strategies,RQ2,E2-timing-duration,credibility_p1_d25,1009,CREDIBILITY_CAMOUFLAGE,TRADITIONAL_MEDIA,FAKE_NEWS_SOURCE,1.0,25.0,,-1.0,0.33,1.0,5.0,1.0,COMPLETE,0.15881,0.07765999999999999,0.0264,0.01194,31762,0.6775,499,0.21447999999999998,0.19175999999999999
news-source-strategies,RQ2,E2-timing-duration,credibility_p1_d25,1010,CREDIBILITY_CAMOUFLAGE,TRADITIONAL_MEDIA,FAKE_NEWS_SOURCE,1.0,25.0,,-1.0,0.33,1.0,5.0,1.0,COMPLETE,0.15372,0.07576000000000001,0.026275,0.004019999999999999,30744,0.64,497,0.20832,0.2073
news-source-strategies,RQ2,E2-timing-duration,credibility_p1_d25,1011,CREDIBILITY_CAMOUFLAGE,TRADITIONAL_MEDIA,FAKE_NEWS_SOURCE,1.0,25.0,,-1.0,0.33,1.0,5.0,1.0,COMPLETE,0.088995,0.054759999999999996,0.00924,0.00278,17799,0.695,426,0.13688,0.13496
news-source-strategies,RQ2,E2-timing-duration,credibility_p1_d25,1012,CREDIBILITY_CAMOUFLAGE,TRADITIONAL_MEDIA,FAKE_NEWS_SOURCE,1.0,25.0,,-1.0,0.33,1.0,5.0,1.0,COMPLETE,0.126805,0.1402,0.01293,0.013439999999999999,25361,0.64,467,0.12312000000000001,0.1345
news-source-strategies,RQ2,E2-timing-duration,credibility_p1_d25,1013,CREDIBILITY_CAMOUFLAGE,TRADITIONAL_MEDIA,FAKE_NEWS_SOURCE,1.0,25.0,,-1.0,0.33,1.0,5.0,1.0,COMPLETE,0.087935,0.08672,0.00807,0.00696,17587,0.6725,411,0.06096,0.1215
news-source-strategies,RQ2,E2-timing-duration,credibility_p1_d25,1014,CREDIBILITY_CAMOUFLAGE,TRADITIONAL_MEDIA,FAKE_NEWS_SOURCE,1.0,25.0,,-1.0,0.33,1.0,5.0,1.0,COMPLETE,0.114955,0.05324,0.01228,0.00278,22991,0.7075,466,0.22376,0.08666
news-source-strategies,RQ2,E2-timing-duration,credibility_p1_d25,1015,CREDIBILITY_CAMOUFLAGE,TRADITIONAL_MEDIA,FAKE_NEWS_SOURCE,1.0,25.0,,-1.0,0.33,1.0,5.0,1.0,COMPLETE,0.12957,0.13222,0.014815,0.01062,25914,0.6525,484,0.14408,0.16854
news-source-strategies,RQ2,E2-timing-duration,credibility_p1_d25,1016,CREDIBILITY_CAMOUFLAGE,TRADITIONAL_MEDIA,FAKE_NEWS_SOURCE,1.0,25.0,,-1.0,0.33,1.0,5.0,1.0,COMPLETE,0.10861499999999999,0.11846,0.011470000000000001,0.00822,21723,0.66,449,0.24719999999999998,0.08044
news-source-strategies,RQ2,E2-timing-duration,credibility_p1_d25,1017,CREDIBILITY_CAMOUFLAGE,TRADITIONAL_MEDIA,FAKE_NEWS_SOURCE,1.0,25.0,,-1.0,0.33,1.0,5.0,1.0,COMPLETE,0.11414,0.13044,0.012425,0.00966,22828,0.665,463,0.20616,0.1009
news-source-strategies,RQ2,E2-timing-duration,credibility_p1_d25,1018,CREDIBILITY_CAMOUFLAGE,TRADITIONAL_MEDIA,FAKE_NEWS_SOURCE,1.0,25.0,,-1.0,0.33,1.0,5.0,1.0,COMPLETE,0.11823499999999999,0.08768000000000001,0.011984999999999999,0.00554,23647,0.6625,459,0.18464,0.13013999999999998
news-source-strategies,RQ2,E2-timing-duration,credibility_p1_d25,1019,CREDIBILITY_CAMOUFLAGE,TRADITIONAL_MEDIA,FAKE_NEWS_SOURCE,1.0,25.0,,-1.0,0.33,1.0,5.0,1.0,COMPLETE,0.096625,0.05518,0.00919,0.00348,19325,0.6825,436,0.17176,0.0869
news-source-strategies,RQ2,E2-timing-duration,credibility_p1_d25,1020,CREDIBILITY_CAMOUFLAGE,TRADITIONAL_MEDIA,FAKE_NEWS_SOURCE,1.0,25.0,,-1.0,0.33,1.0,5.0,1.0,COMPLETE,0.10522,0.12052,0.01052,0.00808,21044,0.7025,444,0.1864,0.0708
news-source-strategies,RQ2,E2-timing-duration,credibility_p1_d25,1021,CREDIBILITY_CAMOUFLAGE,TRADITIONAL_MEDIA,FAKE_NEWS_SOURCE,1.0,25.0,,-1.0,0.33,1.0,5.0,1.0,COMPLETE,0.10712,0.15480000000000002,0.0125,0.015880000000000002,21424,0.685,465,0.1756,0.09004000000000001
news-source-strategies,RQ2,E2-timing-duration,credibility_p1_d25,1022,CREDIBILITY_CAMOUFLAGE,TRADITIONAL_MEDIA,FAKE_NEWS_SOURCE,1.0,25.0,,-1.0,0.33,1.0,5.0,1.0,COMPLETE,0.119655,0.11982,0.01094,0.0119,23931,0.675,447,0.2016,0.08998
news-source-strategies,RQ2,E2-timing-duration,credibility_p1_d25,1023,CREDIBILITY_CAMOUFLAGE,TRADITIONAL_MEDIA,FAKE_NEWS_SOURCE,1.0,25.0,,-1.0,0.33,1.0,5.0,1.0,COMPLETE,0.1345,0.12536,0.01278,0.01056,26900,0.6625,462,0.14624,0.10718000000000001
news-source-strategies,RQ2,E2-timing-duration,credibility_p1_d25,1024,CREDIBILITY_CAMOUFLAGE,TRADITIONAL_MEDIA,FAKE_NEWS_SOURCE,1.0,25.0,,-1.0,0.33,1.0,5.0,1.0,COMPLETE,0.107985,0.12129999999999999,0.009195,0.00968,21597,0.67,428,0.10144,0.09962
news-source-strategies,RQ2,E2-timing-duration,credibility_p1_d25,1025,CREDIBILITY_CAMOUFLAGE,TRADITIONAL_MEDIA,FAKE_NEWS_SOURCE,1.0,25.0,,-1.0,0.33,1.0,5.0,1.0,COMPLETE,0.115225,0.09716,0.011175000000000001,0.00592,23045,0.6525,454,0.20063999999999999,0.08284
news-source-strategies,RQ2,E2-timing-duration,credibility_p1_d25,1026,CREDIBILITY_CAMOUFLAGE,TRADITIONAL_MEDIA,FAKE_NEWS_SOURCE,1.0,25.0,,-1.0,0.33,1.0,5.0,1.0,COMPLETE,0.09394,0.04416,0.011555,0.00232,18788,0.6775,470,0.21847999999999998,0.10228
news-source-strategies,RQ2,E2-timing-duration,credibility_p1_d25,1027,CREDIBILITY_CAMOUFLAGE,TRADITIONAL_MEDIA,FAKE_NEWS_SOURCE,1.0,25.0,,-1.0,0.33,1.0,5.0,1.0,COMPLETE,0.105215,0.07848000000000001,0.013195,0.00662,21043,0.65,469,0.20784,0.13866
news-source-strategies,RQ2,E2-timing-duration,credibility_p1_d25,1028,CREDIBILITY_CAMOUFLAGE,TRADITIONAL_MEDIA,FAKE_NEWS_SOURCE,1.0,25.0,,-1.0,0.33,1.0,5.0,1.0,COMPLETE,0.13192500000000001,0.18018,0.015880000000000002,0.0237,26385,0.6325,475,0.17096,0.11044
news-source-strategies,RQ2,E2-timing-duration,credibility_p1_d25,1029,CREDIBILITY_CAMOUFLAGE,TRADITIONAL_MEDIA,FAKE_NEWS_SOURCE,1.0,25.0,,-1.0,0.33,1.0,5.0,1.0,COMPLETE,0.100085,0.13196000000000002,0.00973,0.014119999999999999,20017,0.6725,436,0.10936,0.04418
news-source-strategies,RQ2,E2-timing-duration,credibility_p1_d25,1030,CREDIBILITY_CAMOUFLAGE,TRADITIONAL_MEDIA,FAKE_NEWS_SOURCE,1.0,25.0,,-1.0,0.33,1.0,5.0,1.0,COMPLETE,0.09111,0.09156,0.010045,0.00652,18222,0.68,447,0.21008000000000002,0.045340000000000005
news-source-strategies,RQ2,E2-timing-duration,credibility_p1_d100,1001,CREDIBILITY_CAMOUFLAGE,TRADITIONAL_MEDIA,FAKE_NEWS_SOURCE,1.0,100.0,,-1.0,0.33,1.0,5.0,1.0,COMPLETE,0.10536,0.12432,0.011465,0.011300000000000001,21072,0.6875,456,0.11984,0.10892
news-source-strategies,RQ2,E2-timing-duration,credibility_p1_d100,1002,CREDIBILITY_CAMOUFLAGE,TRADITIONAL_MEDIA,FAKE_NEWS_SOURCE,1.0,100.0,,-1.0,0.33,1.0,5.0,1.0,COMPLETE,0.081635,0.04372,0.00844,0.00262,16327,0.6875,428,0.09554,0.06423999999999999
news-source-strategies,RQ2,E2-timing-duration,credibility_p1_d100,1003,CREDIBILITY_CAMOUFLAGE,TRADITIONAL_MEDIA,FAKE_NEWS_SOURCE,1.0,100.0,,-1.0,0.33,1.0,5.0,1.0,COMPLETE,0.10814,0.13006,0.011775,0.009640000000000001,21628,0.66,458,0.13692,0.08938
news-source-strategies,RQ2,E2-timing-duration,credibility_p1_d100,1004,CREDIBILITY_CAMOUFLAGE,TRADITIONAL_MEDIA,FAKE_NEWS_SOURCE,1.0,100.0,,-1.0,0.33,1.0,5.0,1.0,COMPLETE,0.123405,0.06578,0.017065,0.00538,24681,0.6775,492,0.13494,0.14880000000000002
news-source-strategies,RQ2,E2-timing-duration,credibility_p1_d100,1005,CREDIBILITY_CAMOUFLAGE,TRADITIONAL_MEDIA,FAKE_NEWS_SOURCE,1.0,100.0,,-1.0,0.33,1.0,5.0,1.0,COMPLETE,0.13152,0.1216,0.015465,0.01262,26304,0.65,479,0.16516,0.0752
news-source-strategies,RQ2,E2-timing-duration,credibility_p1_d100,1006,CREDIBILITY_CAMOUFLAGE,TRADITIONAL_MEDIA,FAKE_NEWS_SOURCE,1.0,100.0,,-1.0,0.33,1.0,5.0,1.0,COMPLETE,0.106945,0.07881999999999999,0.014355,0.00848,21389,0.6675,480,0.17336000000000001,0.08702
news-source-strategies,RQ2,E2-timing-duration,credibility_p1_d100,1007,CREDIBILITY_CAMOUFLAGE,TRADITIONAL_MEDIA,FAKE_NEWS_SOURCE,1.0,100.0,,-1.0,0.33,1.0,5.0,1.0,COMPLETE,0.14640999999999998,0.05738,0.025055,0.005900000000000001,29282,0.6975,500,0.24508000000000002,0.13768
news-source-strategies,RQ2,E2-timing-duration,credibility_p1_d100,1008,CREDIBILITY_CAMOUFLAGE,TRADITIONAL_MEDIA,FAKE_NEWS_SOURCE,1.0,100.0,,-1.0,0.33,1.0,5.0,1.0,COMPLETE,0.124215,0.11722,0.016225,0.01208,24843,0.6625,494,0.14084,0.11986
news-source-strategies,RQ2,E2-timing-duration,credibility_p1_d100,1009,CREDIBILITY_CAMOUFLAGE,TRADITIONAL_MEDIA,FAKE_NEWS_SOURCE,1.0,100.0,,-1.0,0.33,1.0,5.0,1.0,COMPLETE,0.15881499999999998,0.07765999999999999,0.02673,0.01194,31763,0.6775,500,0.2134,0.10790000000000001
news-source-strategies,RQ2,E2-timing-duration,credibility_p1_d100,1010,CREDIBILITY_CAMOUFLAGE,TRADITIONAL_MEDIA,FAKE_NEWS_SOURCE,1.0,100.0,,-1.0,0.33,1.0,5.0,1.0,COMPLETE,0.15439,0.07587999999999999,0.027515,0.00412,30878,0.64,499,0.18972,0.24919999999999998
news-source-strategies,RQ2,E2-timing-duration,credibility_p1_d100,1011,CREDIBILITY_CAMOUFLAGE,TRADITIONAL_MEDIA,FAKE_NEWS_SOURCE,1.0,100.0,,-1.0,0.33,1.0,5.0,1.0,COMPLETE,0.088775,0.054759999999999996,0.008919999999999999,0.00278,17755,0.695,426,0.13558,0.07414
news-source-strategies,RQ2,E2-timing-duration,credibility_p1_d100,1012,CREDIBILITY_CAMOUFLAGE,TRADITIONAL_MEDIA,FAKE_NEWS_SOURCE,1.0,100.0,,-1.0,0.33,1.0,5.0,1.0,COMPLETE,0.12695,0.1402,0.01317,0.013439999999999999,25390,0.64,469,0.14144,0.13384000000000001
news-source-strategies,RQ2,E2-timing-duration,credibility_p1_d100,1013,CREDIBILITY_CAMOUFLAGE,TRADITIONAL_MEDIA,FAKE_NEWS_SOURCE,1.0,100.0,,-1.0,0.33,1.0,5.0,1.0,COMPLETE,0.087905,0.08672,0.008145,0.00698,17581,0.6725,411,0.1042,0.1174
news-source-strategies,RQ2,E2-timing-duration,credibility_p1_d100,1014,CREDIBILITY_CAMOUFLAGE,TRADITIONAL_MEDIA,FAKE_NEWS_SOURCE,1.0,100.0,,-1.0,0.33,1.0,5.0,1.0,COMPLETE,0.114855,0.05324,0.012185,0.00278,22971,0.7075,466,0.13124,0.12304000000000001
news-source-strategies,RQ2,E2-timing-duration,credibility_p1_d100,1015,CREDIBILITY_CAMOUFLAGE,TRADITIONAL_MEDIA,FAKE_NEWS_SOURCE,1.0,100.0,,-1.0,0.33,1.0,5.0,1.0,COMPLETE,0.12945500000000001,0.13226,0.014960000000000001,0.0107,25891,0.6525,484,0.15524000000000002,0.18669999999999998
news-source-strategies,RQ2,E2-timing-duration,credibility_p1_d100,1016,CREDIBILITY_CAMOUFLAGE,TRADITIONAL_MEDIA,FAKE_NEWS_SOURCE,1.0,100.0,,-1.0,0.33,1.0,5.0,1.0,COMPLETE,0.10855500000000001,0.11846,0.0115,0.00824,21711,0.66,449,0.12056,0.07508
news-source-strategies,RQ2,E2-timing-duration,credibility_p1_d100,1017,CREDIBILITY_CAMOUFLAGE,TRADITIONAL_MEDIA,FAKE_NEWS_SOURCE,1.0,100.0,,-1.0,0.33,1.0,5.0,1.0,COMPLETE,0.11403,0.13041999999999998,0.01238,0.00966,22806,0.665,463,0.14054,0.0868
news-source-strategies,RQ2,E2-timing-duration,credibility_p1_d100,1018,CREDIBILITY_CAMOUFLAGE,TRADITIONAL_MEDIA,FAKE_NEWS_SOURCE,1.0,100.0,,-1.0,0.33,1.0,5.0,1.0,COMPLETE,0.11823,0.08768000000000001,0.011925000000000002,0.00554,23646,0.6625,459,0.10994,0.17628
news-source-strategies,RQ2,E2-timing-duration,credibility_p1_d100,1019,CREDIBILITY_CAMOUFLAGE,TRADITIONAL_MEDIA,FAKE_NEWS_SOURCE,1.0,100.0,,-1.0,0.33,1.0,5.0,1.0,COMPLETE,0.09664,0.05526,0.00925,0.00354,19328,0.6825,436,0.12944,0.09902
news-source-strategies,RQ2,E2-timing-duration,credibility_p1_d100,1020,CREDIBILITY_CAMOUFLAGE,TRADITIONAL_MEDIA,FAKE_NEWS_SOURCE,1.0,100.0,,-1.0,0.33,1.0,5.0,1.0,COMPLETE,0.10513,0.12052,0.010465,0.00808,21026,0.7025,445,0.11698,0.05374
news-source-strategies,RQ2,E2-timing-duration,credibility_p1_d100,1021,CREDIBILITY_CAMOUFLAGE,TRADITIONAL_MEDIA,FAKE_NEWS_SOURCE,1.0,100.0,,-1.0,0.33,1.0,5.0,1.0,COMPLETE,0.107075,0.15480000000000002,0.0126,0.015880000000000002,21415,0.685,465,0.10062,0.10926000000000001
news-source-strategies,RQ2,E2-timing-duration,credibility_p1_d100,1022,CREDIBILITY_CAMOUFLAGE,TRADITIONAL_MEDIA,FAKE_NEWS_SOURCE,1.0,100.0,,-1.0,0.33,1.0,5.0,1.0,COMPLETE,0.119525,0.11982,0.010995,0.0119,23905,0.675,447,0.13902,0.12186
news-source-strategies,RQ2,E2-timing-duration,credibility_p1_d100,1023,CREDIBILITY_CAMOUFLAGE,TRADITIONAL_MEDIA,FAKE_NEWS_SOURCE,1.0,100.0,,-1.0,0.33,1.0,5.0,1.0,COMPLETE,0.13436,0.12536,0.01278,0.01056,26872,0.6625,463,0.12192,0.1381
news-source-strategies,RQ2,E2-timing-duration,credibility_p1_d100,1024,CREDIBILITY_CAMOUFLAGE,TRADITIONAL_MEDIA,FAKE_NEWS_SOURCE,1.0,100.0,,-1.0,0.33,1.0,5.0,1.0,COMPLETE,0.10815999999999999,0.12129999999999999,0.009380000000000001,0.00968,21632,0.67,430,0.103,0.12151999999999999
news-source-strategies,RQ2,E2-timing-duration,credibility_p1_d100,1025,CREDIBILITY_CAMOUFLAGE,TRADITIONAL_MEDIA,FAKE_NEWS_SOURCE,1.0,100.0,,-1.0,0.33,1.0,5.0,1.0,COMPLETE,0.11502,0.09716,0.01119,0.00592,23004,0.6525,455,0.12115999999999999,0.13213999999999998
news-source-strategies,RQ2,E2-timing-duration,credibility_p1_d100,1026,CREDIBILITY_CAMOUFLAGE,TRADITIONAL_MEDIA,FAKE_NEWS_SOURCE,1.0,100.0,,-1.0,0.33,1.0,5.0,1.0,COMPLETE,0.093935,0.04416,0.01166,0.00232,18787,0.6775,471,0.15668,0.09051999999999999
news-source-strategies,RQ2,E2-timing-duration,credibility_p1_d100,1027,CREDIBILITY_CAMOUFLAGE,TRADITIONAL_MEDIA,FAKE_NEWS_SOURCE,1.0,100.0,,-1.0,0.33,1.0,5.0,1.0,COMPLETE,0.10522,0.07848000000000001,0.013255000000000001,0.00662,21044,0.65,470,0.1482,0.10898000000000001
news-source-strategies,RQ2,E2-timing-duration,credibility_p1_d100,1028,CREDIBILITY_CAMOUFLAGE,TRADITIONAL_MEDIA,FAKE_NEWS_SOURCE,1.0,100.0,,-1.0,0.33,1.0,5.0,1.0,COMPLETE,0.132025,0.18018,0.016085000000000002,0.0237,26405,0.6325,476,0.15338,0.07576000000000001
news-source-strategies,RQ2,E2-timing-duration,credibility_p1_d100,1029,CREDIBILITY_CAMOUFLAGE,TRADITIONAL_MEDIA,FAKE_NEWS_SOURCE,1.0,100.0,,-1.0,0.33,1.0,5.0,1.0,COMPLETE,0.099935,0.13196000000000002,0.00965,0.014119999999999999,19987,0.6725,436,0.07092,0.08626
news-source-strategies,RQ2,E2-timing-duration,credibility_p1_d100,1030,CREDIBILITY_CAMOUFLAGE,TRADITIONAL_MEDIA,FAKE_NEWS_SOURCE,1.0,100.0,,-1.0,0.33,1.0,5.0,1.0,COMPLETE,0.09112,0.09156,0.01007,0.00652,18224,0.68,447,0.07715999999999999,0.1191
news-source-strategies,RQ2,E2-timing-duration,credibility_p1_permanent,1001,CREDIBILITY_CAMOUFLAGE,TRADITIONAL_MEDIA,FAKE_NEWS_SOURCE,1.0,-1.0,,-1.0,0.33,1.0,5.0,1.0,COMPLETE,0.105265,0.12487999999999999,0.011619999999999998,0.01208,21053,0.6875,459,0.105265,
news-source-strategies,RQ2,E2-timing-duration,credibility_p1_permanent,1002,CREDIBILITY_CAMOUFLAGE,TRADITIONAL_MEDIA,FAKE_NEWS_SOURCE,1.0,-1.0,,-1.0,0.33,1.0,5.0,1.0,COMPLETE,0.081615,0.0437,0.008605,0.00276,16323,0.6875,432,0.081615,
news-source-strategies,RQ2,E2-timing-duration,credibility_p1_permanent,1003,CREDIBILITY_CAMOUFLAGE,TRADITIONAL_MEDIA,FAKE_NEWS_SOURCE,1.0,-1.0,,-1.0,0.33,1.0,5.0,1.0,COMPLETE,0.10817,0.13066,0.01202,0.01076,21634,0.66,459,0.10817,
news-source-strategies,RQ2,E2-timing-duration,credibility_p1_permanent,1004,CREDIBILITY_CAMOUFLAGE,TRADITIONAL_MEDIA,FAKE_NEWS_SOURCE,1.0,-1.0,,-1.0,0.33,1.0,5.0,1.0,COMPLETE,0.12192499999999999,0.06516,0.01669,0.00508,24385,0.6775,494,0.12192499999999999,
news-source-strategies,RQ2,E2-timing-duration,credibility_p1_permanent,1005,CREDIBILITY_CAMOUFLAGE,TRADITIONAL_MEDIA,FAKE_NEWS_SOURCE,1.0,-1.0,,-1.0,0.33,1.0,5.0,1.0,COMPLETE,0.13169999999999998,0.12212,0.016059999999999998,0.01396,26340,0.65,479,0.13169999999999998,
news-source-strategies,RQ2,E2-timing-duration,credibility_p1_permanent,1006,CREDIBILITY_CAMOUFLAGE,TRADITIONAL_MEDIA,FAKE_NEWS_SOURCE,1.0,-1.0,,-1.0,0.33,1.0,5.0,1.0,COMPLETE,0.106815,0.07904000000000001,0.014410000000000001,0.00826,21363,0.6675,479,0.106815,
news-source-strategies,RQ2,E2-timing-duration,credibility_p1_permanent,1007,CREDIBILITY_CAMOUFLAGE,TRADITIONAL_MEDIA,FAKE_NEWS_SOURCE,1.0,-1.0,,-1.0,0.33,1.0,5.0,1.0,COMPLETE,0.14661000000000002,0.056780000000000004,0.025715,0.00566,29322,0.6975,499,0.14661000000000002,
news-source-strategies,RQ2,E2-timing-duration,credibility_p1_permanent,1008,CREDIBILITY_CAMOUFLAGE,TRADITIONAL_MEDIA,FAKE_NEWS_SOURCE,1.0,-1.0,,-1.0,0.33,1.0,5.0,1.0,COMPLETE,0.12403,0.11664,0.016545,0.01312,24806,0.6625,496,0.12403,
news-source-strategies,RQ2,E2-timing-duration,credibility_p1_permanent,1009,CREDIBILITY_CAMOUFLAGE,TRADITIONAL_MEDIA,FAKE_NEWS_SOURCE,1.0,-1.0,,-1.0,0.33,1.0,5.0,1.0,COMPLETE,0.15887,0.07764,0.027170000000000003,0.01182,31774,0.6775,499,0.15887,
news-source-strategies,RQ2,E2-timing-duration,credibility_p1_permanent,1010,CREDIBILITY_CAMOUFLAGE,TRADITIONAL_MEDIA,FAKE_NEWS_SOURCE,1.0,-1.0,,-1.0,0.33,1.0,5.0,1.0,COMPLETE,0.157585,0.07587999999999999,0.030125,0.00424,31517,0.64,499,0.157585,
news-source-strategies,RQ2,E2-timing-duration,credibility_p1_permanent,1011,CREDIBILITY_CAMOUFLAGE,TRADITIONAL_MEDIA,FAKE_NEWS_SOURCE,1.0,-1.0,,-1.0,0.33,1.0,5.0,1.0,COMPLETE,0.08866,0.05465999999999999,0.008915,0.0028599999999999997,17732,0.695,426,0.08866,
news-source-strategies,RQ2,E2-timing-duration,credibility_p1_permanent,1012,CREDIBILITY_CAMOUFLAGE,TRADITIONAL_MEDIA,FAKE_NEWS_SOURCE,1.0,-1.0,,-1.0,0.33,1.0,5.0,1.0,COMPLETE,0.127185,0.14074,0.013699999999999999,0.01428,25437,0.64,473,0.127185,
news-source-strategies,RQ2,E2-timing-duration,credibility_p1_permanent,1013,CREDIBILITY_CAMOUFLAGE,TRADITIONAL_MEDIA,FAKE_NEWS_SOURCE,1.0,-1.0,,-1.0,0.33,1.0,5.0,1.0,COMPLETE,0.08791,0.08666,0.008535000000000001,0.00752,17582,0.6725,414,0.08791,
news-source-strategies,RQ2,E2-timing-duration,credibility_p1_permanent,1014,CREDIBILITY_CAMOUFLAGE,TRADITIONAL_MEDIA,FAKE_NEWS_SOURCE,1.0,-1.0,,-1.0,0.33,1.0,5.0,1.0,COMPLETE,0.115185,0.0531,0.012695,0.0027400000000000002,23037,0.7075,466,0.115185,
news-source-strategies,RQ2,E2-timing-duration,credibility_p1_permanent,1015,CREDIBILITY_CAMOUFLAGE,TRADITIONAL_MEDIA,FAKE_NEWS_SOURCE,1.0,-1.0,,-1.0,0.33,1.0,5.0,1.0,COMPLETE,0.12988,0.13291999999999998,0.016,0.01168,25976,0.6525,486,0.12988,
news-source-strategies,RQ2,E2-timing-duration,credibility_p1_permanent,1016,CREDIBILITY_CAMOUFLAGE,TRADITIONAL_MEDIA,FAKE_NEWS_SOURCE,1.0,-1.0,,-1.0,0.33,1.0,5.0,1.0,COMPLETE,0.10833499999999999,0.11871999999999999,0.01159,0.00876,21667,0.66,449,0.10833499999999999,
news-source-strategies,RQ2,E2-timing-duration,credibility_p1_permanent,1017,CREDIBILITY_CAMOUFLAGE,TRADITIONAL_MEDIA,FAKE_NEWS_SOURCE,1.0,-1.0,,-1.0,0.33,1.0,5.0,1.0,COMPLETE,0.11383499999999999,0.12976,0.012475,0.009519999999999999,22767,0.665,464,0.11383499999999999,
news-source-strategies,RQ2,E2-timing-duration,credibility_p1_permanent,1018,CREDIBILITY_CAMOUFLAGE,TRADITIONAL_MEDIA,FAKE_NEWS_SOURCE,1.0,-1.0,,-1.0,0.33,1.0,5.0,1.0,COMPLETE,0.11807,0.08708,0.011945,0.00508,23614,0.6625,458,0.11807,
news-source-strategies,RQ2,E2-timing-duration,credibility_p1_permanent,1019,CREDIBILITY_CAMOUFLAGE,TRADITIONAL_MEDIA,FAKE_NEWS_SOURCE,1.0,-1.0,,-1.0,0.33,1.0,5.0,1.0,COMPLETE,0.09615,0.0545,0.0092,0.00314,19230,0.6825,440,0.09615,
news-source-strategies,RQ2,E2-timing-duration,credibility_p1_permanent,1020,CREDIBILITY_CAMOUFLAGE,TRADITIONAL_MEDIA,FAKE_NEWS_SOURCE,1.0,-1.0,,-1.0,0.33,1.0,5.0,1.0,COMPLETE,0.10528,0.12108,0.01087,0.0092,21056,0.7025,452,0.10528,
news-source-strategies,RQ2,E2-timing-duration,credibility_p1_permanent,1021,CREDIBILITY_CAMOUFLAGE,TRADITIONAL_MEDIA,FAKE_NEWS_SOURCE,1.0,-1.0,,-1.0,0.33,1.0,5.0,1.0,COMPLETE,0.10664,0.1519,0.012230000000000001,0.01316,21328,0.685,461,0.10664,
news-source-strategies,RQ2,E2-timing-duration,credibility_p1_permanent,1022,CREDIBILITY_CAMOUFLAGE,TRADITIONAL_MEDIA,FAKE_NEWS_SOURCE,1.0,-1.0,,-1.0,0.33,1.0,5.0,1.0,COMPLETE,0.119505,0.11986,0.011300000000000001,0.01274,23901,0.675,451,0.119505,
news-source-strategies,RQ2,E2-timing-duration,credibility_p1_permanent,1023,CREDIBILITY_CAMOUFLAGE,TRADITIONAL_MEDIA,FAKE_NEWS_SOURCE,1.0,-1.0,,-1.0,0.33,1.0,5.0,1.0,COMPLETE,0.133565,0.12412000000000001,0.012205,0.00976,26713,0.6625,463,0.133565,
news-source-strategies,RQ2,E2-timing-duration,credibility_p1_permanent,1024,CREDIBILITY_CAMOUFLAGE,TRADITIONAL_MEDIA,FAKE_NEWS_SOURCE,1.0,-1.0,,-1.0,0.33,1.0,5.0,1.0,COMPLETE,0.10803499999999999,0.12078,0.009564999999999999,0.0096,21607,0.67,437,0.10803499999999999,
news-source-strategies,RQ2,E2-timing-duration,credibility_p1_permanent,1025,CREDIBILITY_CAMOUFLAGE,TRADITIONAL_MEDIA,FAKE_NEWS_SOURCE,1.0,-1.0,,-1.0,0.33,1.0,5.0,1.0,COMPLETE,0.115125,0.09742,0.011654999999999999,0.0065,23025,0.6525,461,0.115125,
news-source-strategies,RQ2,E2-timing-duration,credibility_p1_permanent,1026,CREDIBILITY_CAMOUFLAGE,TRADITIONAL_MEDIA,FAKE_NEWS_SOURCE,1.0,-1.0,,-1.0,0.33,1.0,5.0,1.0,COMPLETE,0.09327500000000001,0.04394,0.01134,0.00216,18655,0.6775,468,0.09327500000000001,
news-source-strategies,RQ2,E2-timing-duration,credibility_p1_permanent,1027,CREDIBILITY_CAMOUFLAGE,TRADITIONAL_MEDIA,FAKE_NEWS_SOURCE,1.0,-1.0,,-1.0,0.33,1.0,5.0,1.0,COMPLETE,0.104795,0.07806,0.013195,0.00632,20959,0.65,469,0.104795,
news-source-strategies,RQ2,E2-timing-duration,credibility_p1_permanent,1028,CREDIBILITY_CAMOUFLAGE,TRADITIONAL_MEDIA,FAKE_NEWS_SOURCE,1.0,-1.0,,-1.0,0.33,1.0,5.0,1.0,COMPLETE,0.13153,0.17872,0.016045,0.02366,26306,0.6325,475,0.13153,
news-source-strategies,RQ2,E2-timing-duration,credibility_p1_permanent,1029,CREDIBILITY_CAMOUFLAGE,TRADITIONAL_MEDIA,FAKE_NEWS_SOURCE,1.0,-1.0,,-1.0,0.33,1.0,5.0,1.0,COMPLETE,0.100245,0.13304,0.01022,0.015560000000000001,20049,0.6725,444,0.100245,
news-source-strategies,RQ2,E2-timing-duration,credibility_p1_permanent,1030,CREDIBILITY_CAMOUFLAGE,TRADITIONAL_MEDIA,FAKE_NEWS_SOURCE,1.0,-1.0,,-1.0,0.33,1.0,5.0,1.0,COMPLETE,0.090965,0.09062,0.010205,0.00596,18193,0.68,450,0.090965,
news-source-strategies,RQ2,E2-timing-duration,credibility_p101_d25,1001,CREDIBILITY_CAMOUFLAGE,TRADITIONAL_MEDIA,FAKE_NEWS_SOURCE,101.0,125.0,,-1.0,0.33,1.0,5.0,1.0,COMPLETE,0.10527,0.1243,0.01116,0.01126,21054,0.6875,452,0.00392,0.13066
news-source-strategies,RQ2,E2-timing-duration,credibility_p101_d25,1002,CREDIBILITY_CAMOUFLAGE,TRADITIONAL_MEDIA,FAKE_NEWS_SOURCE,101.0,125.0,,-1.0,0.33,1.0,5.0,1.0,COMPLETE,0.08178,0.04374,0.008485,0.00262,16356,0.6875,425,0.04336,0.11004000000000001
news-source-strategies,RQ2,E2-timing-duration,credibility_p101_d25,1003,CREDIBILITY_CAMOUFLAGE,TRADITIONAL_MEDIA,FAKE_NEWS_SOURCE,101.0,125.0,,-1.0,0.33,1.0,5.0,1.0,COMPLETE,0.10791500000000001,0.13006,0.011224999999999999,0.009640000000000001,21583,0.66,455,0.00312,0.09924
news-source-strategies,RQ2,E2-timing-duration,credibility_p101_d25,1004,CREDIBILITY_CAMOUFLAGE,TRADITIONAL_MEDIA,FAKE_NEWS_SOURCE,101.0,125.0,,-1.0,0.33,1.0,5.0,1.0,COMPLETE,0.12181,0.06578,0.01586,0.00538,24362,0.6775,492,0.18288,0.12078
news-source-strategies,RQ2,E2-timing-duration,credibility_p101_d25,1005,CREDIBILITY_CAMOUFLAGE,TRADITIONAL_MEDIA,FAKE_NEWS_SOURCE,101.0,125.0,,-1.0,0.33,1.0,5.0,1.0,COMPLETE,0.1316,0.1216,0.015335000000000001,0.01264,26320,0.65,480,0.12808,0.09688
news-source-strategies,RQ2,E2-timing-duration,credibility_p101_d25,1006,CREDIBILITY_CAMOUFLAGE,TRADITIONAL_MEDIA,FAKE_NEWS_SOURCE,101.0,125.0,,-1.0,0.33,1.0,5.0,1.0,COMPLETE,0.106095,0.07881999999999999,0.013314999999999999,0.0085,21219,0.6675,478,0.08456,0.09716
news-source-strategies,RQ2,E2-timing-duration,credibility_p101_d25,1007,CREDIBILITY_CAMOUFLAGE,TRADITIONAL_MEDIA,FAKE_NEWS_SOURCE,101.0,125.0,,-1.0,0.33,1.0,5.0,1.0,COMPLETE,0.14848,0.05736,0.0251,0.005900000000000001,29696,0.6975,499,0.12696,0.14898
news-source-strategies,RQ2,E2-timing-duration,credibility_p101_d25,1008,CREDIBILITY_CAMOUFLAGE,TRADITIONAL_MEDIA,FAKE_NEWS_SOURCE,101.0,125.0,,-1.0,0.33,1.0,5.0,1.0,COMPLETE,0.12409,0.11724,0.015885,0.012060000000000001,24818,0.6625,488,0.08712,0.12240000000000001
news-source-strategies,RQ2,E2-timing-duration,credibility_p101_d25,1009,CREDIBILITY_CAMOUFLAGE,TRADITIONAL_MEDIA,FAKE_NEWS_SOURCE,101.0,125.0,,-1.0,0.33,1.0,5.0,1.0,COMPLETE,0.1591,0.07765999999999999,0.026699999999999998,0.01194,31820,0.6775,499,0.132,0.15346
news-source-strategies,RQ2,E2-timing-duration,credibility_p101_d25,1010,CREDIBILITY_CAMOUFLAGE,TRADITIONAL_MEDIA,FAKE_NEWS_SOURCE,101.0,125.0,,-1.0,0.33,1.0,5.0,1.0,COMPLETE,0.154565,0.07576000000000001,0.02691,0.004019999999999999,30913,0.64,497,0.29808,0.20444
news-source-strategies,RQ2,E2-timing-duration,credibility_p101_d25,1011,CREDIBILITY_CAMOUFLAGE,TRADITIONAL_MEDIA,FAKE_NEWS_SOURCE,101.0,125.0,,-1.0,0.33,1.0,5.0,1.0,COMPLETE,0.08909,0.054799999999999995,0.009210000000000001,0.00282,17818,0.695,426,0.13040000000000002,0.063
news-source-strategies,RQ2,E2-timing-duration,credibility_p101_d25,1012,CREDIBILITY_CAMOUFLAGE,TRADITIONAL_MEDIA,FAKE_NEWS_SOURCE,101.0,125.0,,-1.0,0.33,1.0,5.0,1.0,COMPLETE,0.126855,0.14018,0.013035,0.013439999999999999,25371,0.64,467,0.0948,0.13028
news-source-strategies,RQ2,E2-timing-duration,credibility_p101_d25,1013,CREDIBILITY_CAMOUFLAGE,TRADITIONAL_MEDIA,FAKE_NEWS_SOURCE,101.0,125.0,,-1.0,0.33,1.0,5.0,1.0,COMPLETE,0.08817,0.08674,0.008365000000000001,0.00708,17634,0.6725,412,0.13063999999999998,0.08512
news-source-strategies,RQ2,E2-timing-duration,credibility_p101_d25,1014,CREDIBILITY_CAMOUFLAGE,TRADITIONAL_MEDIA,FAKE_NEWS_SOURCE,101.0,125.0,,-1.0,0.33,1.0,5.0,1.0,COMPLETE,0.11454,0.0533,0.011689999999999999,0.0028399999999999996,22908,0.7075,457,0.04376,0.12386
news-source-strategies,RQ2,E2-timing-duration,credibility_p101_d25,1015,CREDIBILITY_CAMOUFLAGE,TRADITIONAL_MEDIA,FAKE_NEWS_SOURCE,101.0,125.0,,-1.0,0.33,1.0,5.0,1.0,COMPLETE,0.129505,0.13219999999999998,0.01477,0.01062,25901,0.6525,486,0.1956,0.16008
news-source-strategies,RQ2,E2-timing-duration,credibility_p101_d25,1016,CREDIBILITY_CAMOUFLAGE,TRADITIONAL_MEDIA,FAKE_NEWS_SOURCE,101.0,125.0,,-1.0,0.33,1.0,5.0,1.0,COMPLETE,0.108815,0.11852,0.011734999999999999,0.0083,21763,0.66,448,0.08584,0.07415999999999999
news-source-strategies,RQ2,E2-timing-duration,credibility_p101_d25,1017,CREDIBILITY_CAMOUFLAGE,TRADITIONAL_MEDIA,FAKE_NEWS_SOURCE,101.0,125.0,,-1.0,0.33,1.0,5.0,1.0,COMPLETE,0.11433499999999999,0.13038,0.01239,0.00958,22867,0.665,459,0.046880000000000005,0.0973
news-source-strategies,RQ2,E2-timing-duration,credibility_p101_d25,1018,CREDIBILITY_CAMOUFLAGE,TRADITIONAL_MEDIA,FAKE_NEWS_SOURCE,101.0,125.0,,-1.0,0.33,1.0,5.0,1.0,COMPLETE,0.118205,0.08768000000000001,0.011980000000000001,0.00554,23641,0.6625,459,0.26616,0.14248
news-source-strategies,RQ2,E2-timing-duration,credibility_p101_d25,1019,CREDIBILITY_CAMOUFLAGE,TRADITIONAL_MEDIA,FAKE_NEWS_SOURCE,101.0,125.0,,-1.0,0.33,1.0,5.0,1.0,COMPLETE,0.096535,0.05504,0.00908,0.00332,19307,0.6825,433,0.002,0.11156
news-source-strategies,RQ2,E2-timing-duration,credibility_p101_d25,1020,CREDIBILITY_CAMOUFLAGE,TRADITIONAL_MEDIA,FAKE_NEWS_SOURCE,101.0,125.0,,-1.0,0.33,1.0,5.0,1.0,COMPLETE,0.1057,0.12052,0.010685,0.008039999999999999,21140,0.7025,440,0.0007199999999999999,0.09656
news-source-strategies,RQ2,E2-timing-duration,credibility_p101_d25,1021,CREDIBILITY_CAMOUFLAGE,TRADITIONAL_MEDIA,FAKE_NEWS_SOURCE,101.0,125.0,,-1.0,0.33,1.0,5.0,1.0,COMPLETE,0.107075,0.15475999999999998,0.012289999999999999,0.0159,21415,0.685,465,0.13144,0.08704
news-source-strategies,RQ2,E2-timing-duration,credibility_p101_d25,1022,CREDIBILITY_CAMOUFLAGE,TRADITIONAL_MEDIA,FAKE_NEWS_SOURCE,101.0,125.0,,-1.0,0.33,1.0,5.0,1.0,COMPLETE,0.11985,0.11984,0.01108,0.01196,23970,0.675,448,0.004,0.13288
news-source-strategies,RQ2,E2-timing-duration,credibility_p101_d25,1023,CREDIBILITY_CAMOUFLAGE,TRADITIONAL_MEDIA,FAKE_NEWS_SOURCE,101.0,125.0,,-1.0,0.33,1.0,5.0,1.0,COMPLETE,0.13444,0.12536,0.012525,0.01056,26888,0.6625,461,0.08496,0.15744
news-source-strategies,RQ2,E2-timing-duration,credibility_p101_d25,1024,CREDIBILITY_CAMOUFLAGE,TRADITIONAL_MEDIA,FAKE_NEWS_SOURCE,101.0,125.0,,-1.0,0.33,1.0,5.0,1.0,COMPLETE,0.108295,0.12129999999999999,0.00929,0.00968,21659,0.67,428,0.09079999999999999,0.13041999999999998
news-source-strategies,RQ2,E2-timing-duration,credibility_p101_d25,1025,CREDIBILITY_CAMOUFLAGE,TRADITIONAL_MEDIA,FAKE_NEWS_SOURCE,101.0,125.0,,-1.0,0.33,1.0,5.0,1.0,COMPLETE,0.11571,0.09709999999999999,0.011349999999999999,0.00588,23142,0.6525,458,0.04416,0.14276
news-source-strategies,RQ2,E2-timing-duration,credibility_p101_d25,1026,CREDIBILITY_CAMOUFLAGE,TRADITIONAL_MEDIA,FAKE_NEWS_SOURCE,101.0,125.0,,-1.0,0.33,1.0,5.0,1.0,COMPLETE,0.09451000000000001,0.04406,0.01194,0.00222,18902,0.6775,463,0.0005600000000000001,0.12228
news-source-strategies,RQ2,E2-timing-duration,credibility_p101_d25,1027,CREDIBILITY_CAMOUFLAGE,TRADITIONAL_MEDIA,FAKE_NEWS_SOURCE,101.0,125.0,,-1.0,0.33,1.0,5.0,1.0,COMPLETE,0.10442,0.07845999999999999,0.012675,0.0066,20884,0.65,465,0.16944,0.07714
news-source-strategies,RQ2,E2-timing-duration,credibility_p101_d25,1028,CREDIBILITY_CAMOUFLAGE,TRADITIONAL_MEDIA,FAKE_NEWS_SOURCE,101.0,125.0,,-1.0,0.33,1.0,5.0,1.0,COMPLETE,0.13215000000000002,0.18018,0.01587,0.0237,26430,0.6325,475,0.0009599999999999999,0.10754000000000001
news-source-strategies,RQ2,E2-timing-duration,credibility_p101_d25,1029,CREDIBILITY_CAMOUFLAGE,TRADITIONAL_MEDIA,FAKE_NEWS_SOURCE,101.0,125.0,,-1.0,0.33,1.0,5.0,1.0,COMPLETE,0.0999,0.13196000000000002,0.00956,0.014119999999999999,19980,0.6725,433,0.0,0.10764
news-source-strategies,RQ2,E2-timing-duration,credibility_p101_d25,1030,CREDIBILITY_CAMOUFLAGE,TRADITIONAL_MEDIA,FAKE_NEWS_SOURCE,101.0,125.0,,-1.0,0.33,1.0,5.0,1.0,COMPLETE,0.09130500000000001,0.0915,0.009984999999999999,0.0065,18261,0.68,444,0.08288,0.12138
news-source-strategies,RQ2,E2-timing-duration,credibility_p101_d100,1001,CREDIBILITY_CAMOUFLAGE,TRADITIONAL_MEDIA,FAKE_NEWS_SOURCE,101.0,200.0,,-1.0,0.33,1.0,5.0,1.0,COMPLETE,0.10521,0.1243,0.0112,0.01126,21042,0.6875,453,0.10882,0.06831999999999999
news-source-strategies,RQ2,E2-timing-duration,credibility_p101_d100,1002,CREDIBILITY_CAMOUFLAGE,TRADITIONAL_MEDIA,FAKE_NEWS_SOURCE,101.0,200.0,,-1.0,0.33,1.0,5.0,1.0,COMPLETE,0.08170000000000001,0.04374,0.00844,0.00262,16340,0.6875,425,0.06416,0.12298
news-source-strategies,RQ2,E2-timing-duration,credibility_p101_d100,1003,CREDIBILITY_CAMOUFLAGE,TRADITIONAL_MEDIA,FAKE_NEWS_SOURCE,101.0,200.0,,-1.0,0.33,1.0,5.0,1.0,COMPLETE,0.107825,0.13006,0.01116,0.009640000000000001,21565,0.66,455,0.08936,0.07615999999999999
news-source-strategies,RQ2,E2-timing-duration,credibility_p101_d100,1004,CREDIBILITY_CAMOUFLAGE,TRADITIONAL_MEDIA,FAKE_NEWS_SOURCE,101.0,200.0,,-1.0,0.33,1.0,5.0,1.0,COMPLETE,0.12151,0.06578,0.01577,0.00538,24302,0.6775,493,0.14362,0.14396
news-source-strategies,RQ2,E2-timing-duration,credibility_p101_d100,1005,CREDIBILITY_CAMOUFLAGE,TRADITIONAL_MEDIA,FAKE_NEWS_SOURCE,101.0,200.0,,-1.0,0.33,1.0,5.0,1.0,COMPLETE,0.13158,0.1216,0.015349999999999999,0.01264,26316,0.65,480,0.07524,0.16412000000000002
news-source-strategies,RQ2,E2-timing-duration,credibility_p101_d100,1006,CREDIBILITY_CAMOUFLAGE,TRADITIONAL_MEDIA,FAKE_NEWS_SOURCE,101.0,200.0,,-1.0,0.33,1.0,5.0,1.0,COMPLETE,0.10606,0.07881999999999999,0.01339,0.0085,21212,0.6675,479,0.08674,0.08854000000000001
news-source-strategies,RQ2,E2-timing-duration,credibility_p101_d100,1007,CREDIBILITY_CAMOUFLAGE,TRADITIONAL_MEDIA,FAKE_NEWS_SOURCE,101.0,200.0,,-1.0,0.33,1.0,5.0,1.0,COMPLETE,0.148415,0.05736,0.025275,0.005900000000000001,29683,0.6975,499,0.13774,0.14548
news-source-strategies,RQ2,E2-timing-duration,credibility_p101_d100,1008,CREDIBILITY_CAMOUFLAGE,TRADITIONAL_MEDIA,FAKE_NEWS_SOURCE,101.0,200.0,,-1.0,0.33,1.0,5.0,1.0,COMPLETE,0.12408,0.11724,0.015915,0.012060000000000001,24816,0.6625,491,0.12,0.1188
news-source-strategies,RQ2,E2-timing-duration,credibility_p101_d100,1009,CREDIBILITY_CAMOUFLAGE,TRADITIONAL_MEDIA,FAKE_NEWS_SOURCE,101.0,200.0,,-1.0,0.33,1.0,5.0,1.0,COMPLETE,0.158675,0.07765999999999999,0.02639,0.01194,31735,0.6775,499,0.1083,0.23566
news-source-strategies,RQ2,E2-timing-duration,credibility_p101_d100,1010,CREDIBILITY_CAMOUFLAGE,TRADITIONAL_MEDIA,FAKE_NEWS_SOURCE,101.0,200.0,,-1.0,0.33,1.0,5.0,1.0,COMPLETE,0.154025,0.07576000000000001,0.026969999999999997,0.004019999999999999,30805,0.64,497,0.25304,0.10152
news-source-strategies,RQ2,E2-timing-duration,credibility_p101_d100,1011,CREDIBILITY_CAMOUFLAGE,TRADITIONAL_MEDIA,FAKE_NEWS_SOURCE,101.0,200.0,,-1.0,0.33,1.0,5.0,1.0,COMPLETE,0.089025,0.054799999999999995,0.009195,0.00282,17805,0.695,426,0.07404000000000001,0.09036
news-source-strategies,RQ2,E2-timing-duration,credibility_p101_d100,1012,CREDIBILITY_CAMOUFLAGE,TRADITIONAL_MEDIA,FAKE_NEWS_SOURCE,101.0,200.0,,-1.0,0.33,1.0,5.0,1.0,COMPLETE,0.126915,0.14018,0.01315,0.013439999999999999,25383,0.64,467,0.13332,0.09232
news-source-strategies,RQ2,E2-timing-duration,credibility_p101_d100,1013,CREDIBILITY_CAMOUFLAGE,TRADITIONAL_MEDIA,FAKE_NEWS_SOURCE,101.0,200.0,,-1.0,0.33,1.0,5.0,1.0,COMPLETE,0.088255,0.0867,0.00858,0.007019999999999999,17651,0.6725,415,0.11816,0.04316
news-source-strategies,RQ2,E2-timing-duration,credibility_p101_d100,1014,CREDIBILITY_CAMOUFLAGE,TRADITIONAL_MEDIA,FAKE_NEWS_SOURCE,101.0,200.0,,-1.0,0.33,1.0,5.0,1.0,COMPLETE,0.11492000000000001,0.0533,0.012065,0.00282,22984,0.7075,457,0.12436,0.15208000000000002
news-source-strategies,RQ2,E2-timing-duration,credibility_p101_d100,1015,CREDIBILITY_CAMOUFLAGE,TRADITIONAL_MEDIA,FAKE_NEWS_SOURCE,101.0,200.0,,-1.0,0.33,1.0,5.0,1.0,COMPLETE,0.12972,0.13219999999999998,0.015439999999999999,0.01062,25944,0.6525,486,0.18724000000000002,0.043840000000000004
news-source-strategies,RQ2,E2-timing-duration,credibility_p101_d100,1016,CREDIBILITY_CAMOUFLAGE,TRADITIONAL_MEDIA,FAKE_NEWS_SOURCE,101.0,200.0,,-1.0,0.33,1.0,5.0,1.0,COMPLETE,0.108695,0.11852,0.011695,0.0083,21739,0.66,447,0.07465999999999999,0.11993999999999999
news-source-strategies,RQ2,E2-timing-duration,credibility_p101_d100,1017,CREDIBILITY_CAMOUFLAGE,TRADITIONAL_MEDIA,FAKE_NEWS_SOURCE,101.0,200.0,,-1.0,0.33,1.0,5.0,1.0,COMPLETE,0.11428,0.13038,0.01242,0.00958,22856,0.665,459,0.08685999999999999,0.09831999999999999
news-source-strategies,RQ2,E2-timing-duration,credibility_p101_d100,1018,CREDIBILITY_CAMOUFLAGE,TRADITIONAL_MEDIA,FAKE_NEWS_SOURCE,101.0,200.0,,-1.0,0.33,1.0,5.0,1.0,COMPLETE,0.118245,0.0879,0.012065,0.00554,23649,0.6625,458,0.17628,0.09898
news-source-strategies,RQ2,E2-timing-duration,credibility_p101_d100,1019,CREDIBILITY_CAMOUFLAGE,TRADITIONAL_MEDIA,FAKE_NEWS_SOURCE,101.0,200.0,,-1.0,0.33,1.0,5.0,1.0,COMPLETE,0.09658,0.055240000000000004,0.009195,0.0033799999999999998,19316,0.6825,436,0.09864,0.10332
news-source-strategies,RQ2,E2-timing-duration,credibility_p101_d100,1020,CREDIBILITY_CAMOUFLAGE,TRADITIONAL_MEDIA,FAKE_NEWS_SOURCE,101.0,200.0,,-1.0,0.33,1.0,5.0,1.0,COMPLETE,0.10565000000000001,0.12052,0.010665,0.008039999999999999,21130,0.7025,440,0.05366,0.12928
news-source-strategies,RQ2,E2-timing-duration,credibility_p101_d100,1021,CREDIBILITY_CAMOUFLAGE,TRADITIONAL_MEDIA,FAKE_NEWS_SOURCE,101.0,200.0,,-1.0,0.33,1.0,5.0,1.0,COMPLETE,0.107205,0.15480000000000002,0.012385,0.0159,21441,0.685,466,0.11001999999999999,0.06358
news-source-strategies,RQ2,E2-timing-duration,credibility_p101_d100,1022,CREDIBILITY_CAMOUFLAGE,TRADITIONAL_MEDIA,FAKE_NEWS_SOURCE,101.0,200.0,,-1.0,0.33,1.0,5.0,1.0,COMPLETE,0.11966500000000001,0.11984,0.011,0.01196,23933,0.675,449,0.12132,0.09734000000000001
news-source-strategies,RQ2,E2-timing-duration,credibility_p101_d100,1023,CREDIBILITY_CAMOUFLAGE,TRADITIONAL_MEDIA,FAKE_NEWS_SOURCE,101.0,200.0,,-1.0,0.33,1.0,5.0,1.0,COMPLETE,0.13423,0.12536,0.012410000000000001,0.01056,26846,0.6625,461,0.13704,0.152
news-source-strategies,RQ2,E2-timing-duration,credibility_p101_d100,1024,CREDIBILITY_CAMOUFLAGE,TRADITIONAL_MEDIA,FAKE_NEWS_SOURCE,101.0,200.0,,-1.0,0.33,1.0,5.0,1.0,COMPLETE,0.10828499999999999,0.12129999999999999,0.00939,0.00968,21657,0.67,432,0.12158,0.08682
news-source-strategies,RQ2,E2-timing-duration,credibility_p101_d100,1025,CREDIBILITY_CAMOUFLAGE,TRADITIONAL_MEDIA,FAKE_NEWS_SOURCE,101.0,200.0,,-1.0,0.33,1.0,5.0,1.0,COMPLETE,0.11575,0.09709999999999999,0.01154,0.00588,23150,0.6525,462,0.13234,0.10958
news-source-strategies,RQ2,E2-timing-duration,credibility_p101_d100,1026,CREDIBILITY_CAMOUFLAGE,TRADITIONAL_MEDIA,FAKE_NEWS_SOURCE,101.0,200.0,,-1.0,0.33,1.0,5.0,1.0,COMPLETE,0.09411499999999999,0.04406,0.011785,0.0022,18823,0.6775,462,0.08842,0.08422
news-source-strategies,RQ2,E2-timing-duration,credibility_p101_d100,1027,CREDIBILITY_CAMOUFLAGE,TRADITIONAL_MEDIA,FAKE_NEWS_SOURCE,101.0,200.0,,-1.0,0.33,1.0,5.0,1.0,COMPLETE,0.104145,0.07845999999999999,0.01253,0.0066,20829,0.65,465,0.1077,0.08508
news-source-strategies,RQ2,E2-timing-duration,credibility_p101_d100,1028,CREDIBILITY_CAMOUFLAGE,TRADITIONAL_MEDIA,FAKE_NEWS_SOURCE,101.0,200.0,,-1.0,0.33,1.0,5.0,1.0,COMPLETE,0.13203499999999999,0.18018,0.01576,0.0237,26407,0.6325,475,0.07540000000000001,0.1187
news-source-strategies,RQ2,E2-timing-duration,credibility_p101_d100,1029,CREDIBILITY_CAMOUFLAGE,TRADITIONAL_MEDIA,FAKE_NEWS_SOURCE,101.0,200.0,,-1.0,0.33,1.0,5.0,1.0,COMPLETE,0.09986,0.13196000000000002,0.009555,0.014119999999999999,19972,0.6725,434,0.0861,0.11059999999999999
news-source-strategies,RQ2,E2-timing-duration,credibility_p101_d100,1030,CREDIBILITY_CAMOUFLAGE,TRADITIONAL_MEDIA,FAKE_NEWS_SOURCE,101.0,200.0,,-1.0,0.33,1.0,5.0,1.0,COMPLETE,0.09154000000000001,0.0915,0.010395,0.00658,18308,0.68,447,0.11982,0.0768
news-source-strategies,RQ2,E2-timing-duration,credibility_p101_permanent,1001,CREDIBILITY_CAMOUFLAGE,TRADITIONAL_MEDIA,FAKE_NEWS_SOURCE,101.0,-1.0,,-1.0,0.33,1.0,5.0,1.0,COMPLETE,0.10517499999999999,0.12486,0.011325,0.012039999999999999,21035,0.6875,455,0.10043333333333333,
news-source-strategies,RQ2,E2-timing-duration,credibility_p101_permanent,1002,CREDIBILITY_CAMOUFLAGE,TRADITIONAL_MEDIA,FAKE_NEWS_SOURCE,101.0,-1.0,,-1.0,0.33,1.0,5.0,1.0,COMPLETE,0.08179,0.0437,0.00865,0.00276,16358,0.6875,431,0.07708,
news-source-strategies,RQ2,E2-timing-duration,credibility_p101_permanent,1003,CREDIBILITY_CAMOUFLAGE,TRADITIONAL_MEDIA,FAKE_NEWS_SOURCE,101.0,-1.0,,-1.0,0.33,1.0,5.0,1.0,COMPLETE,0.107955,0.13066,0.011474999999999999,0.01076,21591,0.66,457,0.0987,
news-source-strategies,RQ2,E2-timing-duration,credibility_p101_permanent,1004,CREDIBILITY_CAMOUFLAGE,TRADITIONAL_MEDIA,FAKE_NEWS_SOURCE,101.0,-1.0,,-1.0,0.33,1.0,5.0,1.0,COMPLETE,0.12106499999999999,0.06516,0.015625,0.00508,24213,0.6775,494,0.11719333333333333,
news-source-strategies,RQ2,E2-timing-duration,credibility_p101_permanent,1005,CREDIBILITY_CAMOUFLAGE,TRADITIONAL_MEDIA,FAKE_NEWS_SOURCE,101.0,-1.0,,-1.0,0.33,1.0,5.0,1.0,COMPLETE,0.13176,0.12212,0.015905,0.013980000000000001,26352,0.65,481,0.12056,
news-source-strategies,RQ2,E2-timing-duration,credibility_p101_permanent,1006,CREDIBILITY_CAMOUFLAGE,TRADITIONAL_MEDIA,FAKE_NEWS_SOURCE,101.0,-1.0,,-1.0,0.33,1.0,5.0,1.0,COMPLETE,0.10602500000000001,0.07904000000000001,0.013415,0.00828,21205,0.6675,477,0.08465333333333333,
news-source-strategies,RQ2,E2-timing-duration,credibility_p101_permanent,1007,CREDIBILITY_CAMOUFLAGE,TRADITIONAL_MEDIA,FAKE_NEWS_SOURCE,101.0,-1.0,,-1.0,0.33,1.0,5.0,1.0,COMPLETE,0.148695,0.05676,0.02573,0.00566,29739,0.6975,498,0.1139,
news-source-strategies,RQ2,E2-timing-duration,credibility_p101_permanent,1008,CREDIBILITY_CAMOUFLAGE,TRADITIONAL_MEDIA,FAKE_NEWS_SOURCE,101.0,-1.0,,-1.0,0.33,1.0,5.0,1.0,COMPLETE,0.12390000000000001,0.11666,0.016195,0.013099999999999999,24780,0.6625,491,0.11844,
news-source-strategies,RQ2,E2-timing-duration,credibility_p101_permanent,1009,CREDIBILITY_CAMOUFLAGE,TRADITIONAL_MEDIA,FAKE_NEWS_SOURCE,101.0,-1.0,,-1.0,0.33,1.0,5.0,1.0,COMPLETE,0.158955,0.07764,0.02678,0.01182,31791,0.6775,499,0.14091333333333333,
news-source-strategies,RQ2,E2-timing-duration,credibility_p101_permanent,1010,CREDIBILITY_CAMOUFLAGE,TRADITIONAL_MEDIA,FAKE_NEWS_SOURCE,101.0,-1.0,,-1.0,0.33,1.0,5.0,1.0,COMPLETE,0.154145,0.07587999999999999,0.027325,0.00424,30829,0.64,498,0.1436,
news-source-strategies,RQ2,E2-timing-duration,credibility_p101_permanent,1011,CREDIBILITY_CAMOUFLAGE,TRADITIONAL_MEDIA,FAKE_NEWS_SOURCE,101.0,-1.0,,-1.0,0.33,1.0,5.0,1.0,COMPLETE,0.089005,0.054700000000000006,0.00923,0.0029,17801,0.695,426,0.07304000000000001,
news-source-strategies,RQ2,E2-timing-duration,credibility_p101_permanent,1012,CREDIBILITY_CAMOUFLAGE,TRADITIONAL_MEDIA,FAKE_NEWS_SOURCE,101.0,-1.0,,-1.0,0.33,1.0,5.0,1.0,COMPLETE,0.12717,0.14074,0.013545,0.01428,25434,0.64,472,0.12228,
news-source-strategies,RQ2,E2-timing-duration,credibility_p101_permanent,1013,CREDIBILITY_CAMOUFLAGE,TRADITIONAL_MEDIA,FAKE_NEWS_SOURCE,101.0,-1.0,,-1.0,0.33,1.0,5.0,1.0,COMPLETE,0.08812,0.08662,0.00868,0.00754,17624,0.6725,415,0.08249333333333334,
news-source-strategies,RQ2,E2-timing-duration,credibility_p101_permanent,1014,CREDIBILITY_CAMOUFLAGE,TRADITIONAL_MEDIA,FAKE_NEWS_SOURCE,101.0,-1.0,,-1.0,0.33,1.0,5.0,1.0,COMPLETE,0.114875,0.05316,0.012199999999999999,0.0028,22975,0.7075,456,0.10985333333333334,
news-source-strategies,RQ2,E2-timing-duration,credibility_p101_permanent,1015,CREDIBILITY_CAMOUFLAGE,TRADITIONAL_MEDIA,FAKE_NEWS_SOURCE,101.0,-1.0,,-1.0,0.33,1.0,5.0,1.0,COMPLETE,0.12987,0.13288,0.015695,0.011640000000000001,25974,0.6525,487,0.12129333333333334,
news-source-strategies,RQ2,E2-timing-duration,credibility_p101_permanent,1016,CREDIBILITY_CAMOUFLAGE,TRADITIONAL_MEDIA,FAKE_NEWS_SOURCE,101.0,-1.0,,-1.0,0.33,1.0,5.0,1.0,COMPLETE,0.108625,0.11878,0.011845000000000001,0.00882,21725,0.66,448,0.10428,
news-source-strategies,RQ2,E2-timing-duration,credibility_p101_permanent,1017,CREDIBILITY_CAMOUFLAGE,TRADITIONAL_MEDIA,FAKE_NEWS_SOURCE,101.0,-1.0,,-1.0,0.33,1.0,5.0,1.0,COMPLETE,0.11412,0.12972,0.01246,0.009439999999999999,22824,0.665,460,0.10497333333333334,
news-source-strategies,RQ2,E2-timing-duration,credibility_p101_permanent,1018,CREDIBILITY_CAMOUFLAGE,TRADITIONAL_MEDIA,FAKE_NEWS_SOURCE,101.0,-1.0,,-1.0,0.33,1.0,5.0,1.0,COMPLETE,0.11802,0.0871,0.011925000000000002,0.005059999999999999,23604,0.6625,457,0.12075333333333332,
news-source-strategies,RQ2,E2-timing-duration,credibility_p101_permanent,1019,CREDIBILITY_CAMOUFLAGE,TRADITIONAL_MEDIA,FAKE_NEWS_SOURCE,101.0,-1.0,,-1.0,0.33,1.0,5.0,1.0,COMPLETE,0.09609000000000001,0.054439999999999995,0.009055,0.003,19218,0.6825,436,0.08508,
news-source-strategies,RQ2,E2-timing-duration,credibility_p101_permanent,1020,CREDIBILITY_CAMOUFLAGE,TRADITIONAL_MEDIA,FAKE_NEWS_SOURCE,101.0,-1.0,,-1.0,0.33,1.0,5.0,1.0,COMPLETE,0.105885,0.12122,0.011105,0.00922,21177,0.7025,448,0.10146666666666666,
news-source-strategies,RQ2,E2-timing-duration,credibility_p101_permanent,1021,CREDIBILITY_CAMOUFLAGE,TRADITIONAL_MEDIA,FAKE_NEWS_SOURCE,101.0,-1.0,,-1.0,0.33,1.0,5.0,1.0,COMPLETE,0.10646,0.1519,0.011744999999999998,0.013179999999999999,21292,0.685,460,0.10847333333333332,
news-source-strategies,RQ2,E2-timing-duration,credibility_p101_permanent,1022,CREDIBILITY_CAMOUFLAGE,TRADITIONAL_MEDIA,FAKE_NEWS_SOURCE,101.0,-1.0,,-1.0,0.33,1.0,5.0,1.0,COMPLETE,0.11980500000000001,0.11986,0.011345000000000001,0.01274,23961,0.675,452,0.11302,
news-source-strategies,RQ2,E2-timing-duration,credibility_p101_permanent,1023,CREDIBILITY_CAMOUFLAGE,TRADITIONAL_MEDIA,FAKE_NEWS_SOURCE,101.0,-1.0,,-1.0,0.33,1.0,5.0,1.0,COMPLETE,0.13372,0.12412000000000001,0.01208,0.00976,26744,0.6625,462,0.13745333333333334,
news-source-strategies,RQ2,E2-timing-duration,credibility_p101_permanent,1024,CREDIBILITY_CAMOUFLAGE,TRADITIONAL_MEDIA,FAKE_NEWS_SOURCE,101.0,-1.0,,-1.0,0.33,1.0,5.0,1.0,COMPLETE,0.10815000000000001,0.12078,0.009425000000000001,0.0096,21630,0.67,434,0.10972,
news-source-strategies,RQ2,E2-timing-duration,credibility_p101_permanent,1025,CREDIBILITY_CAMOUFLAGE,TRADITIONAL_MEDIA,FAKE_NEWS_SOURCE,101.0,-1.0,,-1.0,0.33,1.0,5.0,1.0,COMPLETE,0.11581999999999999,0.09736,0.01182,0.00646,23164,0.6525,465,0.11309999999999999,
news-source-strategies,RQ2,E2-timing-duration,credibility_p101_permanent,1026,CREDIBILITY_CAMOUFLAGE,TRADITIONAL_MEDIA,FAKE_NEWS_SOURCE,101.0,-1.0,,-1.0,0.33,1.0,5.0,1.0,COMPLETE,0.09401000000000001,0.04382,0.01173,0.00204,18802,0.6775,462,0.07209333333333333,
news-source-strategies,RQ2,E2-timing-duration,credibility_p101_permanent,1027,CREDIBILITY_CAMOUFLAGE,TRADITIONAL_MEDIA,FAKE_NEWS_SOURCE,101.0,-1.0,,-1.0,0.33,1.0,5.0,1.0,COMPLETE,0.10407,0.07804000000000001,0.012585,0.0063,20814,0.65,466,0.09031333333333333,
news-source-strategies,RQ2,E2-timing-duration,credibility_p101_permanent,1028,CREDIBILITY_CAMOUFLAGE,TRADITIONAL_MEDIA,FAKE_NEWS_SOURCE,101.0,-1.0,,-1.0,0.33,1.0,5.0,1.0,COMPLETE,0.131655,0.17872,0.01583,0.02366,26331,0.6325,473,0.12425333333333333,
news-source-strategies,RQ2,E2-timing-duration,credibility_p101_permanent,1029,CREDIBILITY_CAMOUFLAGE,TRADITIONAL_MEDIA,FAKE_NEWS_SOURCE,101.0,-1.0,,-1.0,0.33,1.0,5.0,1.0,COMPLETE,0.10021,0.13304,0.01013,0.015560000000000001,20042,0.6725,441,0.11001999999999999,
news-source-strategies,RQ2,E2-timing-duration,credibility_p101_permanent,1030,CREDIBILITY_CAMOUFLAGE,TRADITIONAL_MEDIA,FAKE_NEWS_SOURCE,101.0,-1.0,,-1.0,0.33,1.0,5.0,1.0,COMPLETE,0.09117,0.09056,0.010135,0.00598,18234,0.68,446,0.09554666666666667,
news-source-strategies,RQ2,E2-timing-duration,credibility_p201_d25,1001,CREDIBILITY_CAMOUFLAGE,TRADITIONAL_MEDIA,FAKE_NEWS_SOURCE,201.0,225.0,,-1.0,0.33,1.0,5.0,1.0,COMPLETE,0.10527500000000001,0.1243,0.011179999999999999,0.01126,21055,0.6875,452,0.09087999999999999,0.0813
news-source-strategies,RQ2,E2-timing-duration,credibility_p201_d25,1002,CREDIBILITY_CAMOUFLAGE,TRADITIONAL_MEDIA,FAKE_NEWS_SOURCE,201.0,225.0,,-1.0,0.33,1.0,5.0,1.0,COMPLETE,0.08195000000000001,0.04372,0.00867,0.00262,16390,0.6875,431,0.2276,0.08816
news-source-strategies,RQ2,E2-timing-duration,credibility_p201_d25,1003,CREDIBILITY_CAMOUFLAGE,TRADITIONAL_MEDIA,FAKE_NEWS_SOURCE,201.0,225.0,,-1.0,0.33,1.0,5.0,1.0,COMPLETE,0.107925,0.13006,0.01123,0.009640000000000001,21585,0.66,455,0.04136,0.08792
news-source-strategies,RQ2,E2-timing-duration,credibility_p201_d25,1004,CREDIBILITY_CAMOUFLAGE,TRADITIONAL_MEDIA,FAKE_NEWS_SOURCE,201.0,225.0,,-1.0,0.33,1.0,5.0,1.0,COMPLETE,0.12168000000000001,0.06578,0.01568,0.00538,24336,0.6775,490,0.0868,0.14436000000000002
news-source-strategies,RQ2,E2-timing-duration,credibility_p201_d25,1005,CREDIBILITY_CAMOUFLAGE,TRADITIONAL_MEDIA,FAKE_NEWS_SOURCE,201.0,225.0,,-1.0,0.33,1.0,5.0,1.0,COMPLETE,0.13147499999999998,0.1216,0.015335000000000001,0.01264,26295,0.65,480,0.21575999999999998,0.15468
news-source-strategies,RQ2,E2-timing-duration,credibility_p201_d25,1006,CREDIBILITY_CAMOUFLAGE,TRADITIONAL_MEDIA,FAKE_NEWS_SOURCE,201.0,225.0,,-1.0,0.33,1.0,5.0,1.0,COMPLETE,0.10615999999999999,0.07881999999999999,0.013404999999999999,0.0085,21232,0.6675,478,0.12592,0.1015
news-source-strategies,RQ2,E2-timing-duration,credibility_p201_d25,1007,CREDIBILITY_CAMOUFLAGE,TRADITIONAL_MEDIA,FAKE_NEWS_SOURCE,201.0,225.0,,-1.0,0.33,1.0,5.0,1.0,COMPLETE,0.14871,0.05736,0.02528,0.005900000000000001,29742,0.6975,499,0.17184,0.12582
news-source-strategies,RQ2,E2-timing-duration,credibility_p201_d25,1008,CREDIBILITY_CAMOUFLAGE,TRADITIONAL_MEDIA,FAKE_NEWS_SOURCE,201.0,225.0,,-1.0,0.33,1.0,5.0,1.0,COMPLETE,0.12409,0.11724,0.01589,0.012060000000000001,24818,0.6625,488,0.09720000000000001,0.12248
news-source-strategies,RQ2,E2-timing-duration,credibility_p201_d25,1009,CREDIBILITY_CAMOUFLAGE,TRADITIONAL_MEDIA,FAKE_NEWS_SOURCE,201.0,225.0,,-1.0,0.33,1.0,5.0,1.0,COMPLETE,0.15904,0.07765999999999999,0.026555,0.01194,31808,0.6775,499,0.30944,0.17196
news-source-strategies,RQ2,E2-timing-duration,credibility_p201_d25,1010,CREDIBILITY_CAMOUFLAGE,TRADITIONAL_MEDIA,FAKE_NEWS_SOURCE,201.0,225.0,,-1.0,0.33,1.0,5.0,1.0,COMPLETE,0.15376499999999999,0.07576000000000001,0.02656,0.004019999999999999,30753,0.64,497,0.1,0.0783
news-source-strategies,RQ2,E2-timing-duration,credibility_p201_d25,1011,CREDIBILITY_CAMOUFLAGE,TRADITIONAL_MEDIA,FAKE_NEWS_SOURCE,201.0,225.0,,-1.0,0.33,1.0,5.0,1.0,COMPLETE,0.089115,0.054799999999999995,0.009224999999999999,0.00282,17823,0.695,426,0.08648,0.0692
news-source-strategies,RQ2,E2-timing-duration,credibility_p201_d25,1012,CREDIBILITY_CAMOUFLAGE,TRADITIONAL_MEDIA,FAKE_NEWS_SOURCE,201.0,225.0,,-1.0,0.33,1.0,5.0,1.0,COMPLETE,0.126855,0.14018,0.012964999999999999,0.013439999999999999,25371,0.64,467,0.08376,0.10334
news-source-strategies,RQ2,E2-timing-duration,credibility_p201_d25,1013,CREDIBILITY_CAMOUFLAGE,TRADITIONAL_MEDIA,FAKE_NEWS_SOURCE,201.0,225.0,,-1.0,0.33,1.0,5.0,1.0,COMPLETE,0.08814,0.08674,0.008320000000000001,0.00708,17628,0.6725,412,0.0007199999999999999,0.07562
news-source-strategies,RQ2,E2-timing-duration,credibility_p201_d25,1014,CREDIBILITY_CAMOUFLAGE,TRADITIONAL_MEDIA,FAKE_NEWS_SOURCE,201.0,225.0,,-1.0,0.33,1.0,5.0,1.0,COMPLETE,0.114565,0.0533,0.011699999999999999,0.0028399999999999996,22913,0.7075,457,0.047439999999999996,0.14086
news-source-strategies,RQ2,E2-timing-duration,credibility_p201_d25,1015,CREDIBILITY_CAMOUFLAGE,TRADITIONAL_MEDIA,FAKE_NEWS_SOURCE,201.0,225.0,,-1.0,0.33,1.0,5.0,1.0,COMPLETE,0.12944999999999998,0.13219999999999998,0.014695,0.01062,25890,0.6525,484,0.08943999999999999,0.06452
news-source-strategies,RQ2,E2-timing-duration,credibility_p201_d25,1016,CREDIBILITY_CAMOUFLAGE,TRADITIONAL_MEDIA,FAKE_NEWS_SOURCE,201.0,225.0,,-1.0,0.33,1.0,5.0,1.0,COMPLETE,0.10881,0.11852,0.011725,0.0083,21762,0.66,448,0.08248,0.11126000000000001
news-source-strategies,RQ2,E2-timing-duration,credibility_p201_d25,1017,CREDIBILITY_CAMOUFLAGE,TRADITIONAL_MEDIA,FAKE_NEWS_SOURCE,201.0,225.0,,-1.0,0.33,1.0,5.0,1.0,COMPLETE,0.11426,0.13038,0.012325,0.00958,22852,0.665,459,0.08744,0.13962
news-source-strategies,RQ2,E2-timing-duration,credibility_p201_d25,1018,CREDIBILITY_CAMOUFLAGE,TRADITIONAL_MEDIA,FAKE_NEWS_SOURCE,201.0,225.0,,-1.0,0.33,1.0,5.0,1.0,COMPLETE,0.11817,0.08768000000000001,0.01194,0.00554,23634,0.6625,457,0.13056,0.06826
news-source-strategies,RQ2,E2-timing-duration,credibility_p201_d25,1019,CREDIBILITY_CAMOUFLAGE,TRADITIONAL_MEDIA,FAKE_NEWS_SOURCE,201.0,225.0,,-1.0,0.33,1.0,5.0,1.0,COMPLETE,0.09652,0.05504,0.00908,0.00332,19304,0.6825,433,0.05136,0.10031999999999999
news-source-strategies,RQ2,E2-timing-duration,credibility_p201_d25,1020,CREDIBILITY_CAMOUFLAGE,TRADITIONAL_MEDIA,FAKE_NEWS_SOURCE,201.0,225.0,,-1.0,0.33,1.0,5.0,1.0,COMPLETE,0.10576,0.12052,0.010785,0.008039999999999999,21152,0.7025,441,0.17296,0.12854
news-source-strategies,RQ2,E2-timing-duration,credibility_p201_d25,1021,CREDIBILITY_CAMOUFLAGE,TRADITIONAL_MEDIA,FAKE_NEWS_SOURCE,201.0,225.0,,-1.0,0.33,1.0,5.0,1.0,COMPLETE,0.10688500000000001,0.15475999999999998,0.01211,0.0159,21377,0.685,464,0.041280000000000004,0.12164
news-source-strategies,RQ2,E2-timing-duration,credibility_p201_d25,1022,CREDIBILITY_CAMOUFLAGE,TRADITIONAL_MEDIA,FAKE_NEWS_SOURCE,201.0,225.0,,-1.0,0.33,1.0,5.0,1.0,COMPLETE,0.119895,0.11984,0.011134999999999999,0.01196,23979,0.675,448,0.0484,0.11782
news-source-strategies,RQ2,E2-timing-duration,credibility_p201_d25,1023,CREDIBILITY_CAMOUFLAGE,TRADITIONAL_MEDIA,FAKE_NEWS_SOURCE,201.0,225.0,,-1.0,0.33,1.0,5.0,1.0,COMPLETE,0.13457,0.12538,0.012695,0.01058,26914,0.6625,462,0.16384,0.12215999999999999
news-source-strategies,RQ2,E2-timing-duration,credibility_p201_d25,1024,CREDIBILITY_CAMOUFLAGE,TRADITIONAL_MEDIA,FAKE_NEWS_SOURCE,201.0,225.0,,-1.0,0.33,1.0,5.0,1.0,COMPLETE,0.10826000000000001,0.12129999999999999,0.009285,0.00968,21652,0.67,429,0.12672,0.07664
news-source-strategies,RQ2,E2-timing-duration,credibility_p201_d25,1025,CREDIBILITY_CAMOUFLAGE,TRADITIONAL_MEDIA,FAKE_NEWS_SOURCE,201.0,225.0,,-1.0,0.33,1.0,5.0,1.0,COMPLETE,0.1157,0.09709999999999999,0.01137,0.00588,23140,0.6525,458,0.08656,0.12952000000000002
news-source-strategies,RQ2,E2-timing-duration,credibility_p201_d25,1026,CREDIBILITY_CAMOUFLAGE,TRADITIONAL_MEDIA,FAKE_NEWS_SOURCE,201.0,225.0,,-1.0,0.33,1.0,5.0,1.0,COMPLETE,0.09464499999999999,0.04406,0.012039999999999999,0.00222,18929,0.6775,463,0.12991999999999998,0.06284000000000001
news-source-strategies,RQ2,E2-timing-duration,credibility_p201_d25,1027,CREDIBILITY_CAMOUFLAGE,TRADITIONAL_MEDIA,FAKE_NEWS_SOURCE,201.0,225.0,,-1.0,0.33,1.0,5.0,1.0,COMPLETE,0.10448,0.07845999999999999,0.01263,0.0066,20896,0.65,465,0.04352,0.09814
news-source-strategies,RQ2,E2-timing-duration,credibility_p201_d25,1028,CREDIBILITY_CAMOUFLAGE,TRADITIONAL_MEDIA,FAKE_NEWS_SOURCE,201.0,225.0,,-1.0,0.33,1.0,5.0,1.0,COMPLETE,0.132045,0.18009999999999998,0.01578,0.02368,26409,0.6325,475,0.12840000000000001,0.11996
news-source-strategies,RQ2,E2-timing-duration,credibility_p201_d25,1029,CREDIBILITY_CAMOUFLAGE,TRADITIONAL_MEDIA,FAKE_NEWS_SOURCE,201.0,225.0,,-1.0,0.33,1.0,5.0,1.0,COMPLETE,0.099885,0.13196000000000002,0.009550000000000001,0.014119999999999999,19977,0.6725,433,0.08528,0.11066
news-source-strategies,RQ2,E2-timing-duration,credibility_p201_d25,1030,CREDIBILITY_CAMOUFLAGE,TRADITIONAL_MEDIA,FAKE_NEWS_SOURCE,201.0,225.0,,-1.0,0.33,1.0,5.0,1.0,COMPLETE,0.09128499999999999,0.0915,0.009949999999999999,0.0065,18257,0.68,444,0.0916,0.06466
news-source-strategies,RQ2,E2-timing-duration,credibility_p201_d100,1001,CREDIBILITY_CAMOUFLAGE,TRADITIONAL_MEDIA,FAKE_NEWS_SOURCE,201.0,300.0,,-1.0,0.33,1.0,5.0,1.0,COMPLETE,0.10498,0.12392,0.01105,0.01112,20996,0.6875,451,0.06762,0.12392
news-source-strategies,RQ2,E2-timing-duration,credibility_p201_d100,1002,CREDIBILITY_CAMOUFLAGE,TRADITIONAL_MEDIA,FAKE_NEWS_SOURCE,201.0,300.0,,-1.0,0.33,1.0,5.0,1.0,COMPLETE,0.081915,0.04372,0.00867,0.00262,16383,0.6875,431,0.12344,0.04372
news-source-strategies,RQ2,E2-timing-duration,credibility_p201_d100,1003,CREDIBILITY_CAMOUFLAGE,TRADITIONAL_MEDIA,FAKE_NEWS_SOURCE,201.0,300.0,,-1.0,0.33,1.0,5.0,1.0,COMPLETE,0.10790000000000001,0.13004,0.01126,0.00962,21580,0.66,455,0.07612000000000001,0.13004
news-source-strategies,RQ2,E2-timing-duration,credibility_p201_d100,1004,CREDIBILITY_CAMOUFLAGE,TRADITIONAL_MEDIA,FAKE_NEWS_SOURCE,201.0,300.0,,-1.0,0.33,1.0,5.0,1.0,COMPLETE,0.12136,0.06544,0.01557,0.0050999999999999995,24272,0.6775,490,0.14292,0.06544
news-source-strategies,RQ2,E2-timing-duration,credibility_p201_d100,1005,CREDIBILITY_CAMOUFLAGE,TRADITIONAL_MEDIA,FAKE_NEWS_SOURCE,201.0,300.0,,-1.0,0.33,1.0,5.0,1.0,COMPLETE,0.131565,0.12136,0.01558,0.01274,26313,0.65,479,0.16432,0.12136
news-source-strategies,RQ2,E2-timing-duration,credibility_p201_d100,1006,CREDIBILITY_CAMOUFLAGE,TRADITIONAL_MEDIA,FAKE_NEWS_SOURCE,201.0,300.0,,-1.0,0.33,1.0,5.0,1.0,COMPLETE,0.10604999999999999,0.07876000000000001,0.013425000000000001,0.00842,21210,0.6675,477,0.0882,0.07876000000000001
news-source-strategies,RQ2,E2-timing-duration,credibility_p201_d100,1007,CREDIBILITY_CAMOUFLAGE,TRADITIONAL_MEDIA,FAKE_NEWS_SOURCE,201.0,300.0,,-1.0,0.33,1.0,5.0,1.0,COMPLETE,0.148955,0.057159999999999996,0.0256,0.00562,29791,0.6975,498,0.14722,0.057159999999999996
news-source-strategies,RQ2,E2-timing-duration,credibility_p201_d100,1008,CREDIBILITY_CAMOUFLAGE,TRADITIONAL_MEDIA,FAKE_NEWS_SOURCE,201.0,300.0,,-1.0,0.33,1.0,5.0,1.0,COMPLETE,0.12397,0.11692,0.015905,0.01208,24794,0.6625,488,0.1188,0.11692
news-source-strategies,RQ2,E2-timing-duration,credibility_p201_d100,1009,CREDIBILITY_CAMOUFLAGE,TRADITIONAL_MEDIA,FAKE_NEWS_SOURCE,201.0,300.0,,-1.0,0.33,1.0,5.0,1.0,COMPLETE,0.15929,0.07854000000000001,0.02678,0.01218,31858,0.6775,499,0.23706,0.07854000000000001
news-source-strategies,RQ2,E2-timing-duration,credibility_p201_d100,1010,CREDIBILITY_CAMOUFLAGE,TRADITIONAL_MEDIA,FAKE_NEWS_SOURCE,201.0,300.0,,-1.0,0.33,1.0,5.0,1.0,COMPLETE,0.15389,0.07594,0.026885000000000003,0.0043,30778,0.64,497,0.10314,0.07594
news-source-strategies,RQ2,E2-timing-duration,credibility_p201_d100,1011,CREDIBILITY_CAMOUFLAGE,TRADITIONAL_MEDIA,FAKE_NEWS_SOURCE,201.0,300.0,,-1.0,0.33,1.0,5.0,1.0,COMPLETE,0.08912,0.05478,0.009235,0.0028,17824,0.695,426,0.09068000000000001,0.05478
news-source-strategies,RQ2,E2-timing-duration,credibility_p201_d100,1012,CREDIBILITY_CAMOUFLAGE,TRADITIONAL_MEDIA,FAKE_NEWS_SOURCE,201.0,300.0,,-1.0,0.33,1.0,5.0,1.0,COMPLETE,0.12699,0.14032,0.013165,0.0135,25398,0.64,469,0.09273999999999999,0.14032
news-source-strategies,RQ2,E2-timing-duration,credibility_p201_d100,1013,CREDIBILITY_CAMOUFLAGE,TRADITIONAL_MEDIA,FAKE_NEWS_SOURCE,201.0,300.0,,-1.0,0.33,1.0,5.0,1.0,COMPLETE,0.088025,0.08674,0.008285,0.0070599999999999994,17605,0.6725,412,0.04288,0.08674
news-source-strategies,RQ2,E2-timing-duration,credibility_p201_d100,1014,CREDIBILITY_CAMOUFLAGE,TRADITIONAL_MEDIA,FAKE_NEWS_SOURCE,201.0,300.0,,-1.0,0.33,1.0,5.0,1.0,COMPLETE,0.114495,0.05318,0.011779999999999999,0.00272,22899,0.7075,456,0.15181999999999998,0.05318
news-source-strategies,RQ2,E2-timing-duration,credibility_p201_d100,1015,CREDIBILITY_CAMOUFLAGE,TRADITIONAL_MEDIA,FAKE_NEWS_SOURCE,201.0,300.0,,-1.0,0.33,1.0,5.0,1.0,COMPLETE,0.12940000000000002,0.13219999999999998,0.01467,0.0106,25880,0.6525,484,0.04338,0.13219999999999998
news-source-strategies,RQ2,E2-timing-duration,credibility_p201_d100,1016,CREDIBILITY_CAMOUFLAGE,TRADITIONAL_MEDIA,FAKE_NEWS_SOURCE,201.0,300.0,,-1.0,0.33,1.0,5.0,1.0,COMPLETE,0.10862000000000001,0.11818000000000001,0.01168,0.00796,21724,0.66,447,0.11957999999999999,0.11818000000000001
news-source-strategies,RQ2,E2-timing-duration,credibility_p201_d100,1017,CREDIBILITY_CAMOUFLAGE,TRADITIONAL_MEDIA,FAKE_NEWS_SOURCE,201.0,300.0,,-1.0,0.33,1.0,5.0,1.0,COMPLETE,0.114255,0.13013999999999998,0.0124,0.009460000000000001,22851,0.665,460,0.09838,0.13013999999999998
news-source-strategies,RQ2,E2-timing-duration,credibility_p201_d100,1018,CREDIBILITY_CAMOUFLAGE,TRADITIONAL_MEDIA,FAKE_NEWS_SOURCE,201.0,300.0,,-1.0,0.33,1.0,5.0,1.0,COMPLETE,0.117995,0.08718000000000001,0.011805,0.00512,23599,0.6625,456,0.09876,0.08718000000000001
news-source-strategies,RQ2,E2-timing-duration,credibility_p201_d100,1019,CREDIBILITY_CAMOUFLAGE,TRADITIONAL_MEDIA,FAKE_NEWS_SOURCE,201.0,300.0,,-1.0,0.33,1.0,5.0,1.0,COMPLETE,0.09626,0.055020000000000006,0.009055,0.00332,19252,0.6825,433,0.10174,0.055020000000000006
news-source-strategies,RQ2,E2-timing-duration,credibility_p201_d100,1020,CREDIBILITY_CAMOUFLAGE,TRADITIONAL_MEDIA,FAKE_NEWS_SOURCE,201.0,300.0,,-1.0,0.33,1.0,5.0,1.0,COMPLETE,0.10571,0.12032,0.010795,0.0079,21142,0.7025,442,0.12952000000000002,0.12032
news-source-strategies,RQ2,E2-timing-duration,credibility_p201_d100,1021,CREDIBILITY_CAMOUFLAGE,TRADITIONAL_MEDIA,FAKE_NEWS_SOURCE,201.0,300.0,,-1.0,0.33,1.0,5.0,1.0,COMPLETE,0.106865,0.15474000000000002,0.012125,0.01576,21373,0.685,464,0.0635,0.15474000000000002
news-source-strategies,RQ2,E2-timing-duration,credibility_p201_d100,1022,CREDIBILITY_CAMOUFLAGE,TRADITIONAL_MEDIA,FAKE_NEWS_SOURCE,201.0,300.0,,-1.0,0.33,1.0,5.0,1.0,COMPLETE,0.12006,0.11996,0.01129,0.012060000000000001,24012,0.675,449,0.09816,0.11996
news-source-strategies,RQ2,E2-timing-duration,credibility_p201_d100,1023,CREDIBILITY_CAMOUFLAGE,TRADITIONAL_MEDIA,FAKE_NEWS_SOURCE,201.0,300.0,,-1.0,0.33,1.0,5.0,1.0,COMPLETE,0.13426,0.12514,0.01249,0.01042,26852,0.6625,462,0.15125999999999998,0.12514
news-source-strategies,RQ2,E2-timing-duration,credibility_p201_d100,1024,CREDIBILITY_CAMOUFLAGE,TRADITIONAL_MEDIA,FAKE_NEWS_SOURCE,201.0,300.0,,-1.0,0.33,1.0,5.0,1.0,COMPLETE,0.10826999999999999,0.12128,0.009300000000000001,0.00968,21654,0.67,429,0.08682,0.12128
news-source-strategies,RQ2,E2-timing-duration,credibility_p201_d100,1025,CREDIBILITY_CAMOUFLAGE,TRADITIONAL_MEDIA,FAKE_NEWS_SOURCE,201.0,300.0,,-1.0,0.33,1.0,5.0,1.0,COMPLETE,0.11565,0.09684000000000001,0.011445,0.005679999999999999,23130,0.6525,459,0.10958,0.09684000000000001
news-source-strategies,RQ2,E2-timing-duration,credibility_p201_d100,1026,CREDIBILITY_CAMOUFLAGE,TRADITIONAL_MEDIA,FAKE_NEWS_SOURCE,201.0,300.0,,-1.0,0.33,1.0,5.0,1.0,COMPLETE,0.09461,0.04396,0.012025000000000001,0.00214,18922,0.6775,463,0.08422,0.04396
news-source-strategies,RQ2,E2-timing-duration,credibility_p201_d100,1027,CREDIBILITY_CAMOUFLAGE,TRADITIONAL_MEDIA,FAKE_NEWS_SOURCE,201.0,300.0,,-1.0,0.33,1.0,5.0,1.0,COMPLETE,0.104525,0.07845999999999999,0.012775,0.0066,20905,0.65,466,0.08534,0.07845999999999999
news-source-strategies,RQ2,E2-timing-duration,credibility_p201_d100,1028,CREDIBILITY_CAMOUFLAGE,TRADITIONAL_MEDIA,FAKE_NEWS_SOURCE,201.0,300.0,,-1.0,0.33,1.0,5.0,1.0,COMPLETE,0.131885,0.17912,0.015545,0.02206,26377,0.6325,475,0.1187,0.17912
news-source-strategies,RQ2,E2-timing-duration,credibility_p201_d100,1029,CREDIBILITY_CAMOUFLAGE,TRADITIONAL_MEDIA,FAKE_NEWS_SOURCE,201.0,300.0,,-1.0,0.33,1.0,5.0,1.0,COMPLETE,0.09996,0.13188,0.009775,0.014119999999999999,19992,0.6725,436,0.11092,0.13188
news-source-strategies,RQ2,E2-timing-duration,credibility_p201_d100,1030,CREDIBILITY_CAMOUFLAGE,TRADITIONAL_MEDIA,FAKE_NEWS_SOURCE,201.0,300.0,,-1.0,0.33,1.0,5.0,1.0,COMPLETE,0.091095,0.09118000000000001,0.00985,0.00632,18219,0.68,443,0.07606,0.09118000000000001
news-source-strategies,RQ2,E2-timing-duration,credibility_p201_permanent,1001,CREDIBILITY_CAMOUFLAGE,TRADITIONAL_MEDIA,FAKE_NEWS_SOURCE,201.0,-1.0,,-1.0,0.33,1.0,5.0,1.0,COMPLETE,0.105215,0.12486,0.01128,0.012039999999999999,21043,0.6875,454,0.09623999999999999,
news-source-strategies,RQ2,E2-timing-duration,credibility_p201_permanent,1002,CREDIBILITY_CAMOUFLAGE,TRADITIONAL_MEDIA,FAKE_NEWS_SOURCE,201.0,-1.0,,-1.0,0.33,1.0,5.0,1.0,COMPLETE,0.08191,0.0437,0.008705000000000001,0.00276,16382,0.6875,431,0.08356999999999999,
news-source-strategies,RQ2,E2-timing-duration,credibility_p201_permanent,1003,CREDIBILITY_CAMOUFLAGE,TRADITIONAL_MEDIA,FAKE_NEWS_SOURCE,201.0,-1.0,,-1.0,0.33,1.0,5.0,1.0,COMPLETE,0.10805500000000001,0.13066,0.011545,0.01076,21611,0.66,457,0.10339,
news-source-strategies,RQ2,E2-timing-duration,credibility_p201_permanent,1004,CREDIBILITY_CAMOUFLAGE,TRADITIONAL_MEDIA,FAKE_NEWS_SOURCE,201.0,-1.0,,-1.0,0.33,1.0,5.0,1.0,COMPLETE,0.12129000000000001,0.06516,0.015564999999999999,0.00508,24258,0.6775,491,0.10404000000000001,
news-source-strategies,RQ2,E2-timing-duration,credibility_p201_permanent,1005,CREDIBILITY_CAMOUFLAGE,TRADITIONAL_MEDIA,FAKE_NEWS_SOURCE,201.0,-1.0,,-1.0,0.33,1.0,5.0,1.0,COMPLETE,0.13175499999999998,0.12212,0.01589,0.013980000000000001,26351,0.65,481,0.14322,
news-source-strategies,RQ2,E2-timing-duration,credibility_p201_permanent,1006,CREDIBILITY_CAMOUFLAGE,TRADITIONAL_MEDIA,FAKE_NEWS_SOURCE,201.0,-1.0,,-1.0,0.33,1.0,5.0,1.0,COMPLETE,0.10612,0.07904000000000001,0.01339,0.00828,21224,0.6675,476,0.08362,
news-source-strategies,RQ2,E2-timing-duration,credibility_p201_permanent,1007,CREDIBILITY_CAMOUFLAGE,TRADITIONAL_MEDIA,FAKE_NEWS_SOURCE,201.0,-1.0,,-1.0,0.33,1.0,5.0,1.0,COMPLETE,0.148855,0.05676,0.02561,0.00566,29771,0.6975,498,0.10199,
news-source-strategies,RQ2,E2-timing-duration,credibility_p201_permanent,1008,CREDIBILITY_CAMOUFLAGE,TRADITIONAL_MEDIA,FAKE_NEWS_SOURCE,201.0,-1.0,,-1.0,0.33,1.0,5.0,1.0,COMPLETE,0.123905,0.11666,0.01616,0.013099999999999999,24781,0.6625,488,0.11773,
news-source-strategies,RQ2,E2-timing-duration,credibility_p201_permanent,1009,CREDIBILITY_CAMOUFLAGE,TRADITIONAL_MEDIA,FAKE_NEWS_SOURCE,201.0,-1.0,,-1.0,0.33,1.0,5.0,1.0,COMPLETE,0.15906499999999998,0.07764,0.026690000000000002,0.01182,31813,0.6775,499,0.15735,
news-source-strategies,RQ2,E2-timing-duration,credibility_p201_permanent,1010,CREDIBILITY_CAMOUFLAGE,TRADITIONAL_MEDIA,FAKE_NEWS_SOURCE,201.0,-1.0,,-1.0,0.33,1.0,5.0,1.0,COMPLETE,0.153875,0.07587999999999999,0.02687,0.00424,30775,0.64,497,0.08951,
news-source-strategies,RQ2,E2-timing-duration,credibility_p201_permanent,1011,CREDIBILITY_CAMOUFLAGE,TRADITIONAL_MEDIA,FAKE_NEWS_SOURCE,201.0,-1.0,,-1.0,0.33,1.0,5.0,1.0,COMPLETE,0.0891,0.054700000000000006,0.00926,0.0029,17820,0.695,426,0.07269,
news-source-strategies,RQ2,E2-timing-duration,credibility_p201_permanent,1012,CREDIBILITY_CAMOUFLAGE,TRADITIONAL_MEDIA,FAKE_NEWS_SOURCE,201.0,-1.0,,-1.0,0.33,1.0,5.0,1.0,COMPLETE,0.12709499999999999,0.14074,0.013359999999999999,0.01428,25419,0.64,472,0.11674,
news-source-strategies,RQ2,E2-timing-duration,credibility_p201_permanent,1013,CREDIBILITY_CAMOUFLAGE,TRADITIONAL_MEDIA,FAKE_NEWS_SOURCE,201.0,-1.0,,-1.0,0.33,1.0,5.0,1.0,COMPLETE,0.088005,0.08666,0.00842,0.0076,17601,0.6725,412,0.06477,
news-source-strategies,RQ2,E2-timing-duration,credibility_p201_permanent,1014,CREDIBILITY_CAMOUFLAGE,TRADITIONAL_MEDIA,FAKE_NEWS_SOURCE,201.0,-1.0,,-1.0,0.33,1.0,5.0,1.0,COMPLETE,0.11449,0.05316,0.011805,0.00282,22898,0.7075,456,0.10249,
news-source-strategies,RQ2,E2-timing-duration,credibility_p201_permanent,1015,CREDIBILITY_CAMOUFLAGE,TRADITIONAL_MEDIA,FAKE_NEWS_SOURCE,201.0,-1.0,,-1.0,0.33,1.0,5.0,1.0,COMPLETE,0.12957,0.13288,0.01493,0.011640000000000001,25914,0.6525,485,0.08813,
news-source-strategies,RQ2,E2-timing-duration,credibility_p201_permanent,1016,CREDIBILITY_CAMOUFLAGE,TRADITIONAL_MEDIA,FAKE_NEWS_SOURCE,201.0,-1.0,,-1.0,0.33,1.0,5.0,1.0,COMPLETE,0.10876999999999999,0.11878,0.011895,0.00882,21754,0.66,449,0.11918000000000001,
news-source-strategies,RQ2,E2-timing-duration,credibility_p201_permanent,1017,CREDIBILITY_CAMOUFLAGE,TRADITIONAL_MEDIA,FAKE_NEWS_SOURCE,201.0,-1.0,,-1.0,0.33,1.0,5.0,1.0,COMPLETE,0.11415,0.12972,0.012395,0.009439999999999999,22830,0.665,460,0.11405,
news-source-strategies,RQ2,E2-timing-duration,credibility_p201_permanent,1018,CREDIBILITY_CAMOUFLAGE,TRADITIONAL_MEDIA,FAKE_NEWS_SOURCE,201.0,-1.0,,-1.0,0.33,1.0,5.0,1.0,COMPLETE,0.11792,0.08688,0.011789999999999998,0.005059999999999999,23584,0.6625,456,0.09282,
news-source-strategies,RQ2,E2-timing-duration,credibility_p201_permanent,1019,CREDIBILITY_CAMOUFLAGE,TRADITIONAL_MEDIA,FAKE_NEWS_SOURCE,201.0,-1.0,,-1.0,0.33,1.0,5.0,1.0,COMPLETE,0.09606999999999999,0.054259999999999996,0.008964999999999999,0.00296,19214,0.6825,433,0.078,
news-source-strategies,RQ2,E2-timing-duration,credibility_p201_permanent,1020,CREDIBILITY_CAMOUFLAGE,TRADITIONAL_MEDIA,FAKE_NEWS_SOURCE,201.0,-1.0,,-1.0,0.33,1.0,5.0,1.0,COMPLETE,0.105935,0.12122,0.011125,0.00922,21187,0.7025,448,0.12537,
news-source-strategies,RQ2,E2-timing-duration,credibility_p201_permanent,1021,CREDIBILITY_CAMOUFLAGE,TRADITIONAL_MEDIA,FAKE_NEWS_SOURCE,201.0,-1.0,,-1.0,0.33,1.0,5.0,1.0,COMPLETE,0.10614499999999999,0.15186000000000002,0.01148,0.013179999999999999,21229,0.685,458,0.10768000000000001,
news-source-strategies,RQ2,E2-timing-duration,credibility_p201_permanent,1022,CREDIBILITY_CAMOUFLAGE,TRADITIONAL_MEDIA,FAKE_NEWS_SOURCE,201.0,-1.0,,-1.0,0.33,1.0,5.0,1.0,COMPLETE,0.120035,0.11986,0.011460000000000001,0.01274,24007,0.675,451,0.10901000000000001,
news-source-strategies,RQ2,E2-timing-duration,credibility_p201_permanent,1023,CREDIBILITY_CAMOUFLAGE,TRADITIONAL_MEDIA,FAKE_NEWS_SOURCE,201.0,-1.0,,-1.0,0.33,1.0,5.0,1.0,COMPLETE,0.13400499999999999,0.12412000000000001,0.012325,0.00976,26801,0.6625,462,0.13769,
news-source-strategies,RQ2,E2-timing-duration,credibility_p201_permanent,1024,CREDIBILITY_CAMOUFLAGE,TRADITIONAL_MEDIA,FAKE_NEWS_SOURCE,201.0,-1.0,,-1.0,0.33,1.0,5.0,1.0,COMPLETE,0.10814499999999999,0.12078,0.00928,0.0096,21629,0.67,429,0.1038,
news-source-strategies,RQ2,E2-timing-duration,credibility_p201_permanent,1025,CREDIBILITY_CAMOUFLAGE,TRADITIONAL_MEDIA,FAKE_NEWS_SOURCE,201.0,-1.0,,-1.0,0.33,1.0,5.0,1.0,COMPLETE,0.11578000000000001,0.09736,0.011640000000000001,0.00646,23156,0.6525,461,0.10346999999999999,
news-source-strategies,RQ2,E2-timing-duration,credibility_p201_permanent,1026,CREDIBILITY_CAMOUFLAGE,TRADITIONAL_MEDIA,FAKE_NEWS_SOURCE,201.0,-1.0,,-1.0,0.33,1.0,5.0,1.0,COMPLETE,0.094575,0.04382,0.012005,0.00206,18915,0.6775,463,0.06402,
news-source-strategies,RQ2,E2-timing-duration,credibility_p201_permanent,1027,CREDIBILITY_CAMOUFLAGE,TRADITIONAL_MEDIA,FAKE_NEWS_SOURCE,201.0,-1.0,,-1.0,0.33,1.0,5.0,1.0,COMPLETE,0.10442,0.07804000000000001,0.0127,0.0063,20884,0.65,466,0.08169,
news-source-strategies,RQ2,E2-timing-duration,credibility_p201_permanent,1028,CREDIBILITY_CAMOUFLAGE,TRADITIONAL_MEDIA,FAKE_NEWS_SOURCE,201.0,-1.0,,-1.0,0.33,1.0,5.0,1.0,COMPLETE,0.13178499999999999,0.17872,0.015945,0.02366,26357,0.6325,473,0.14871,
news-source-strategies,RQ2,E2-timing-duration,credibility_p201_permanent,1029,CREDIBILITY_CAMOUFLAGE,TRADITIONAL_MEDIA,FAKE_NEWS_SOURCE,201.0,-1.0,,-1.0,0.33,1.0,5.0,1.0,COMPLETE,0.10025,0.13304,0.010135,0.015560000000000001,20050,0.6725,440,0.12198,
news-source-strategies,RQ2,E2-timing-duration,credibility_p201_permanent,1030,CREDIBILITY_CAMOUFLAGE,TRADITIONAL_MEDIA,FAKE_NEWS_SOURCE,201.0,-1.0,,-1.0,0.33,1.0,5.0,1.0,COMPLETE,0.09094,0.09056,0.009744999999999998,0.005900000000000001,18188,0.68,443,0.08331000000000001,
news-source-strategies,RQ2,E2-timing-duration,informational_p1_d25,1001,INFORMATIONAL_CAMOUFLAGE,TRADITIONAL_MEDIA,FAKE_NEWS_SOURCE,1.0,25.0,,-1.0,0.33,1.0,5.0,1.0,COMPLETE,0.10531499999999999,0.12434,0.01129,0.01132,21063,0.6875,456,0.11144,0.09265999999999999
news-source-strategies,RQ2,E2-timing-duration,informational_p1_d25,1002,INFORMATIONAL_CAMOUFLAGE,TRADITIONAL_MEDIA,FAKE_NEWS_SOURCE,1.0,25.0,,-1.0,0.33,1.0,5.0,1.0,COMPLETE,0.08208,0.04374,0.008705000000000001,0.00262,16416,0.6875,437,0.1256,0.07640000000000001
news-source-strategies,RQ2,E2-timing-duration,informational_p1_d25,1003,INFORMATIONAL_CAMOUFLAGE,TRADITIONAL_MEDIA,FAKE_NEWS_SOURCE,1.0,25.0,,-1.0,0.33,1.0,5.0,1.0,COMPLETE,0.10825,0.13006,0.011615,0.009640000000000001,21650,0.66,459,0.16872,0.09566
news-source-strategies,RQ2,E2-timing-duration,informational_p1_d25,1004,INFORMATIONAL_CAMOUFLAGE,TRADITIONAL_MEDIA,FAKE_NEWS_SOURCE,1.0,25.0,,-1.0,0.33,1.0,5.0,1.0,COMPLETE,0.12228499999999999,0.06578,0.016405,0.00538,24457,0.6775,491,0.15584,0.14168
news-source-strategies,RQ2,E2-timing-duration,informational_p1_d25,1005,INFORMATIONAL_CAMOUFLAGE,TRADITIONAL_MEDIA,FAKE_NEWS_SOURCE,1.0,25.0,,-1.0,0.33,1.0,5.0,1.0,COMPLETE,0.1315,0.12164,0.015394999999999999,0.01262,26300,0.65,483,0.2404,0.13684000000000002
news-source-strategies,RQ2,E2-timing-duration,informational_p1_d25,1006,INFORMATIONAL_CAMOUFLAGE,TRADITIONAL_MEDIA,FAKE_NEWS_SOURCE,1.0,25.0,,-1.0,0.33,1.0,5.0,1.0,COMPLETE,0.10618999999999999,0.07884000000000001,0.013585000000000002,0.0085,21238,0.6675,479,0.24719999999999998,0.12954
news-source-strategies,RQ2,E2-timing-duration,informational_p1_d25,1007,INFORMATIONAL_CAMOUFLAGE,TRADITIONAL_MEDIA,FAKE_NEWS_SOURCE,1.0,25.0,,-1.0,0.33,1.0,5.0,1.0,COMPLETE,0.1468,0.05736,0.02505,0.005900000000000001,29360,0.6975,499,0.27032,0.21032
news-source-strategies,RQ2,E2-timing-duration,informational_p1_d25,1008,INFORMATIONAL_CAMOUFLAGE,TRADITIONAL_MEDIA,FAKE_NEWS_SOURCE,1.0,25.0,,-1.0,0.33,1.0,5.0,1.0,COMPLETE,0.12401999999999999,0.11722,0.015915,0.012060000000000001,24804,0.6625,488,0.19952,0.11188
news-source-strategies,RQ2,E2-timing-duration,informational_p1_d25,1009,INFORMATIONAL_CAMOUFLAGE,TRADITIONAL_MEDIA,FAKE_NEWS_SOURCE,1.0,25.0,,-1.0,0.33,1.0,5.0,1.0,COMPLETE,0.15884,0.07765999999999999,0.02662,0.01194,31768,0.6775,499,0.21608000000000002,0.19147999999999998
news-source-strategies,RQ2,E2-timing-duration,informational_p1_d25,1010,INFORMATIONAL_CAMOUFLAGE,TRADITIONAL_MEDIA,FAKE_NEWS_SOURCE,1.0,25.0,,-1.0,0.33,1.0,5.0,1.0,COMPLETE,0.15411000000000002,0.07576000000000001,0.0269,0.004019999999999999,30822,0.64,497,0.21287999999999999,0.20772
news-source-strategies,RQ2,E2-timing-duration,informational_p1_d25,1011,INFORMATIONAL_CAMOUFLAGE,TRADITIONAL_MEDIA,FAKE_NEWS_SOURCE,1.0,25.0,,-1.0,0.33,1.0,5.0,1.0,COMPLETE,0.089255,0.05468,0.009519999999999999,0.0027,17851,0.695,432,0.14096,0.13506
news-source-strategies,RQ2,E2-timing-duration,informational_p1_d25,1012,INFORMATIONAL_CAMOUFLAGE,TRADITIONAL_MEDIA,FAKE_NEWS_SOURCE,1.0,25.0,,-1.0,0.33,1.0,5.0,1.0,COMPLETE,0.12623499999999999,0.1402,0.01285,0.013439999999999999,25247,0.64,467,0.11752,0.13362000000000002
news-source-strategies,RQ2,E2-timing-duration,informational_p1_d25,1013,INFORMATIONAL_CAMOUFLAGE,TRADITIONAL_MEDIA,FAKE_NEWS_SOURCE,1.0,25.0,,-1.0,0.33,1.0,5.0,1.0,COMPLETE,0.087755,0.08652,0.008,0.00674,17551,0.6725,410,0.06104,0.12096
news-source-strategies,RQ2,E2-timing-duration,informational_p1_d25,1014,INFORMATIONAL_CAMOUFLAGE,TRADITIONAL_MEDIA,FAKE_NEWS_SOURCE,1.0,25.0,,-1.0,0.33,1.0,5.0,1.0,COMPLETE,0.11515,0.05324,0.01214,0.00278,23030,0.7075,463,0.22832,0.0863
news-source-strategies,RQ2,E2-timing-duration,informational_p1_d25,1015,INFORMATIONAL_CAMOUFLAGE,TRADITIONAL_MEDIA,FAKE_NEWS_SOURCE,1.0,25.0,,-1.0,0.33,1.0,5.0,1.0,COMPLETE,0.12966,0.13219999999999998,0.01488,0.01062,25932,0.6525,484,0.14656,0.1683
news-source-strategies,RQ2,E2-timing-duration,informational_p1_d25,1016,INFORMATIONAL_CAMOUFLAGE,TRADITIONAL_MEDIA,FAKE_NEWS_SOURCE,1.0,25.0,,-1.0,0.33,1.0,5.0,1.0,COMPLETE,0.10879000000000001,0.11852,0.011869999999999999,0.00822,21758,0.66,456,0.24968,0.08045999999999999
news-source-strategies,RQ2,E2-timing-duration,informational_p1_d25,1017,INFORMATIONAL_CAMOUFLAGE,TRADITIONAL_MEDIA,FAKE_NEWS_SOURCE,1.0,25.0,,-1.0,0.33,1.0,5.0,1.0,COMPLETE,0.114475,0.13041999999999998,0.012615,0.009640000000000001,22895,0.665,463,0.20912,0.10152
news-source-strategies,RQ2,E2-timing-duration,informational_p1_d25,1018,INFORMATIONAL_CAMOUFLAGE,TRADITIONAL_MEDIA,FAKE_NEWS_SOURCE,1.0,25.0,,-1.0,0.33,1.0,5.0,1.0,COMPLETE,0.117925,0.08766,0.012005,0.00556,23585,0.6625,458,0.18024,0.13002
news-source-strategies,RQ2,E2-timing-duration,informational_p1_d25,1019,INFORMATIONAL_CAMOUFLAGE,TRADITIONAL_MEDIA,FAKE_NEWS_SOURCE,1.0,25.0,,-1.0,0.33,1.0,5.0,1.0,COMPLETE,0.09745999999999999,0.0549,0.009904999999999999,0.00322,19492,0.6825,441,0.18408000000000002,0.08744
news-source-strategies,RQ2,E2-timing-duration,informational_p1_d25,1020,INFORMATIONAL_CAMOUFLAGE,TRADITIONAL_MEDIA,FAKE_NEWS_SOURCE,1.0,25.0,,-1.0,0.33,1.0,5.0,1.0,COMPLETE,0.10502500000000001,0.12054000000000001,0.010635,0.0081,21005,0.7025,447,0.18503999999999998,0.07034
news-source-strategies,RQ2,E2-timing-duration,informational_p1_d25,1021,INFORMATIONAL_CAMOUFLAGE,TRADITIONAL_MEDIA,FAKE_NEWS_SOURCE,1.0,25.0,,-1.0,0.33,1.0,5.0,1.0,COMPLETE,0.106695,0.15481999999999999,0.012119999999999999,0.01594,21339,0.685,465,0.17464,0.08856
news-source-strategies,RQ2,E2-timing-duration,informational_p1_d25,1022,INFORMATIONAL_CAMOUFLAGE,TRADITIONAL_MEDIA,FAKE_NEWS_SOURCE,1.0,25.0,,-1.0,0.33,1.0,5.0,1.0,COMPLETE,0.11945,0.11982,0.01073,0.0119,23890,0.675,445,0.20024,0.0895
news-source-strategies,RQ2,E2-timing-duration,informational_p1_d25,1023,INFORMATIONAL_CAMOUFLAGE,TRADITIONAL_MEDIA,FAKE_NEWS_SOURCE,1.0,25.0,,-1.0,0.33,1.0,5.0,1.0,COMPLETE,0.134565,0.12536,0.012865,0.01056,26913,0.6625,464,0.14712,0.10722
news-source-strategies,RQ2,E2-timing-duration,informational_p1_d25,1024,INFORMATIONAL_CAMOUFLAGE,TRADITIONAL_MEDIA,FAKE_NEWS_SOURCE,1.0,25.0,,-1.0,0.33,1.0,5.0,1.0,COMPLETE,0.10803499999999999,0.12129999999999999,0.00928,0.00968,21607,0.67,429,0.10224,0.09962
news-source-strategies,RQ2,E2-timing-duration,informational_p1_d25,1025,INFORMATIONAL_CAMOUFLAGE,TRADITIONAL_MEDIA,FAKE_NEWS_SOURCE,1.0,25.0,,-1.0,0.33,1.0,5.0,1.0,COMPLETE,0.114885,0.09706000000000001,0.011359999999999999,0.005860000000000001,22977,0.6525,452,0.19768,0.08231999999999999
news-source-strategies,RQ2,E2-timing-duration,informational_p1_d25,1026,INFORMATIONAL_CAMOUFLAGE,TRADITIONAL_MEDIA,FAKE_NEWS_SOURCE,1.0,25.0,,-1.0,0.33,1.0,5.0,1.0,COMPLETE,0.094295,0.0441,0.012060000000000001,0.0022400000000000002,18859,0.6775,469,0.22344,0.10252
news-source-strategies,RQ2,E2-timing-duration,informational_p1_d25,1027,INFORMATIONAL_CAMOUFLAGE,TRADITIONAL_MEDIA,FAKE_NEWS_SOURCE,1.0,25.0,,-1.0,0.33,1.0,5.0,1.0,COMPLETE,0.10449,0.07848000000000001,0.012915,0.00658,20898,0.65,466,0.2004,0.13762
news-source-strategies,RQ2,E2-timing-duration,informational_p1_d25,1028,INFORMATIONAL_CAMOUFLAGE,TRADITIONAL_MEDIA,FAKE_NEWS_SOURCE,1.0,25.0,,-1.0,0.33,1.0,5.0,1.0,COMPLETE,0.13188,0.18018,0.015825,0.0237,26376,0.6325,476,0.17008,0.11048000000000001
news-source-strategies,RQ2,E2-timing-duration,informational_p1_d25,1029,INFORMATIONAL_CAMOUFLAGE,TRADITIONAL_MEDIA,FAKE_NEWS_SOURCE,1.0,25.0,,-1.0,0.33,1.0,5.0,1.0,COMPLETE,0.100045,0.13196000000000002,0.009644999999999999,0.014119999999999999,20009,0.6725,434,0.10872,0.04418
news-source-strategies,RQ2,E2-timing-duration,informational_p1_d25,1030,INFORMATIONAL_CAMOUFLAGE,TRADITIONAL_MEDIA,FAKE_NEWS_SOURCE,1.0,25.0,,-1.0,0.33,1.0,5.0,1.0,COMPLETE,0.09148999999999999,0.09156,0.010295,0.00654,18298,0.68,452,0.21472,0.045700000000000005
news-source-strategies,RQ2,E2-timing-duration,informational_p1_d100,1001,INFORMATIONAL_CAMOUFLAGE,TRADITIONAL_MEDIA,FAKE_NEWS_SOURCE,1.0,100.0,,-1.0,0.33,1.0,5.0,1.0,COMPLETE,0.10515000000000001,0.12432,0.011405,0.011300000000000001,21030,0.6875,458,0.11918000000000001,0.10873999999999999
news-source-strategies,RQ2,E2-timing-duration,informational_p1_d100,1002,INFORMATIONAL_CAMOUFLAGE,TRADITIONAL_MEDIA,FAKE_NEWS_SOURCE,1.0,100.0,,-1.0,0.33,1.0,5.0,1.0,COMPLETE,0.082105,0.04374,0.008795,0.00262,16421,0.6875,438,0.09716,0.06448000000000001
news-source-strategies,RQ2,E2-timing-duration,informational_p1_d100,1003,INFORMATIONAL_CAMOUFLAGE,TRADITIONAL_MEDIA,FAKE_NEWS_SOURCE,1.0,100.0,,-1.0,0.33,1.0,5.0,1.0,COMPLETE,0.10823999999999999,0.13006,0.011865,0.00962,21648,0.66,461,0.13744,0.08926
news-source-strategies,RQ2,E2-timing-duration,informational_p1_d100,1004,INFORMATIONAL_CAMOUFLAGE,TRADITIONAL_MEDIA,FAKE_NEWS_SOURCE,1.0,100.0,,-1.0,0.33,1.0,5.0,1.0,COMPLETE,0.122955,0.06578,0.01717,0.00538,24591,0.6775,493,0.13604,0.1459
news-source-strategies,RQ2,E2-timing-duration,informational_p1_d100,1005,INFORMATIONAL_CAMOUFLAGE,TRADITIONAL_MEDIA,FAKE_NEWS_SOURCE,1.0,100.0,,-1.0,0.33,1.0,5.0,1.0,COMPLETE,0.13191999999999998,0.1216,0.015905,0.01262,26384,0.65,484,0.16682,0.07514
news-source-strategies,RQ2,E2-timing-duration,informational_p1_d100,1006,INFORMATIONAL_CAMOUFLAGE,TRADITIONAL_MEDIA,FAKE_NEWS_SOURCE,1.0,100.0,,-1.0,0.33,1.0,5.0,1.0,COMPLETE,0.10636,0.07884000000000001,0.013914999999999999,0.0085,21272,0.6675,479,0.17112,0.0869
news-source-strategies,RQ2,E2-timing-duration,informational_p1_d100,1007,INFORMATIONAL_CAMOUFLAGE,TRADITIONAL_MEDIA,FAKE_NEWS_SOURCE,1.0,100.0,,-1.0,0.33,1.0,5.0,1.0,COMPLETE,0.147675,0.05736,0.026350000000000002,0.005900000000000001,29535,0.6975,500,0.24947999999999998,0.13836
news-source-strategies,RQ2,E2-timing-duration,informational_p1_d100,1008,INFORMATIONAL_CAMOUFLAGE,TRADITIONAL_MEDIA,FAKE_NEWS_SOURCE,1.0,100.0,,-1.0,0.33,1.0,5.0,1.0,COMPLETE,0.12389,0.1172,0.0161,0.012060000000000001,24778,0.6625,489,0.13956,0.11986
news-source-strategies,RQ2,E2-timing-duration,informational_p1_d100,1009,INFORMATIONAL_CAMOUFLAGE,TRADITIONAL_MEDIA,FAKE_NEWS_SOURCE,1.0,100.0,,-1.0,0.33,1.0,5.0,1.0,COMPLETE,0.15891,0.07765999999999999,0.02708,0.01194,31782,0.6775,500,0.21364,0.10804000000000001
news-source-strategies,RQ2,E2-timing-duration,informational_p1_d100,1010,INFORMATIONAL_CAMOUFLAGE,TRADITIONAL_MEDIA,FAKE_NEWS_SOURCE,1.0,100.0,,-1.0,0.33,1.0,5.0,1.0,COMPLETE,0.154215,0.07587999999999999,0.027425,0.00412,30843,0.64,499,0.1894,0.24881999999999999
news-source-strategies,RQ2,E2-timing-duration,informational_p1_d100,1011,INFORMATIONAL_CAMOUFLAGE,TRADITIONAL_MEDIA,FAKE_NEWS_SOURCE,1.0,100.0,,-1.0,0.33,1.0,5.0,1.0,COMPLETE,0.089295,0.05468,0.009529999999999999,0.0027,17859,0.695,436,0.13768,0.0742
news-source-strategies,RQ2,E2-timing-duration,informational_p1_d100,1012,INFORMATIONAL_CAMOUFLAGE,TRADITIONAL_MEDIA,FAKE_NEWS_SOURCE,1.0,100.0,,-1.0,0.33,1.0,5.0,1.0,COMPLETE,0.12661,0.14022,0.013404999999999999,0.013439999999999999,25322,0.64,471,0.14006,0.13384000000000001
news-source-strategies,RQ2,E2-timing-duration,informational_p1_d100,1013,INFORMATIONAL_CAMOUFLAGE,TRADITIONAL_MEDIA,FAKE_NEWS_SOURCE,1.0,100.0,,-1.0,0.33,1.0,5.0,1.0,COMPLETE,0.087545,0.08652,0.00796,0.0067599999999999995,17509,0.6725,409,0.10302,0.11734
news-source-strategies,RQ2,E2-timing-duration,informational_p1_d100,1014,INFORMATIONAL_CAMOUFLAGE,TRADITIONAL_MEDIA,FAKE_NEWS_SOURCE,1.0,100.0,,-1.0,0.33,1.0,5.0,1.0,COMPLETE,0.115135,0.053219999999999996,0.01221,0.00278,23027,0.7075,465,0.13238,0.12304000000000001
news-source-strategies,RQ2,E2-timing-duration,informational_p1_d100,1015,INFORMATIONAL_CAMOUFLAGE,TRADITIONAL_MEDIA,FAKE_NEWS_SOURCE,1.0,100.0,,-1.0,0.33,1.0,5.0,1.0,COMPLETE,0.12948500000000002,0.13224,0.01486,0.0107,25897,0.6525,484,0.15603999999999998,0.18603999999999998
news-source-strategies,RQ2,E2-timing-duration,informational_p1_d100,1016,INFORMATIONAL_CAMOUFLAGE,TRADITIONAL_MEDIA,FAKE_NEWS_SOURCE,1.0,100.0,,-1.0,0.33,1.0,5.0,1.0,COMPLETE,0.108685,0.11852,0.011914999999999999,0.00824,21737,0.66,457,0.12104000000000001,0.07506
news-source-strategies,RQ2,E2-timing-duration,informational_p1_d100,1017,INFORMATIONAL_CAMOUFLAGE,TRADITIONAL_MEDIA,FAKE_NEWS_SOURCE,1.0,100.0,,-1.0,0.33,1.0,5.0,1.0,COMPLETE,0.11418,0.13040000000000002,0.012435,0.009640000000000001,22836,0.665,462,0.14128,0.08668000000000001
news-source-strategies,RQ2,E2-timing-duration,informational_p1_d100,1018,INFORMATIONAL_CAMOUFLAGE,TRADITIONAL_MEDIA,FAKE_NEWS_SOURCE,1.0,100.0,,-1.0,0.33,1.0,5.0,1.0,COMPLETE,0.117955,0.08766,0.012015000000000001,0.00556,23591,0.6625,458,0.10887999999999999,0.17626
news-source-strategies,RQ2,E2-timing-duration,informational_p1_d100,1019,INFORMATIONAL_CAMOUFLAGE,TRADITIONAL_MEDIA,FAKE_NEWS_SOURCE,1.0,100.0,,-1.0,0.33,1.0,5.0,1.0,COMPLETE,0.09747499999999999,0.054920000000000004,0.009914999999999998,0.00322,19495,0.6825,442,0.13290000000000002,0.09924
news-source-strategies,RQ2,E2-timing-duration,informational_p1_d100,1020,INFORMATIONAL_CAMOUFLAGE,TRADITIONAL_MEDIA,FAKE_NEWS_SOURCE,1.0,100.0,,-1.0,0.33,1.0,5.0,1.0,COMPLETE,0.104885,0.12054000000000001,0.010605,0.0081,20977,0.7025,447,0.11598,0.05374
news-source-strategies,RQ2,E2-timing-duration,informational_p1_d100,1021,INFORMATIONAL_CAMOUFLAGE,TRADITIONAL_MEDIA,FAKE_NEWS_SOURCE,1.0,100.0,,-1.0,0.33,1.0,5.0,1.0,COMPLETE,0.10674,0.15481999999999999,0.01227,0.01594,21348,0.685,466,0.099,0.10951999999999999
news-source-strategies,RQ2,E2-timing-duration,informational_p1_d100,1022,INFORMATIONAL_CAMOUFLAGE,TRADITIONAL_MEDIA,FAKE_NEWS_SOURCE,1.0,100.0,,-1.0,0.33,1.0,5.0,1.0,COMPLETE,0.119385,0.11982,0.01084,0.0119,23877,0.675,444,0.13844,0.12188
news-source-strategies,RQ2,E2-timing-duration,informational_p1_d100,1023,INFORMATIONAL_CAMOUFLAGE,TRADITIONAL_MEDIA,FAKE_NEWS_SOURCE,1.0,100.0,,-1.0,0.33,1.0,5.0,1.0,COMPLETE,0.134525,0.12536,0.01309,0.01056,26905,0.6625,465,0.12258,0.1381
news-source-strategies,RQ2,E2-timing-duration,informational_p1_d100,1024,INFORMATIONAL_CAMOUFLAGE,TRADITIONAL_MEDIA,FAKE_NEWS_SOURCE,1.0,100.0,,-1.0,0.33,1.0,5.0,1.0,COMPLETE,0.10829000000000001,0.12129999999999999,0.009574999999999998,0.00966,21658,0.67,431,0.10354000000000001,0.1215
news-source-strategies,RQ2,E2-timing-duration,informational_p1_d100,1025,INFORMATIONAL_CAMOUFLAGE,TRADITIONAL_MEDIA,FAKE_NEWS_SOURCE,1.0,100.0,,-1.0,0.33,1.0,5.0,1.0,COMPLETE,0.114655,0.09706000000000001,0.01139,0.005860000000000001,22931,0.6525,452,0.11984,0.1321
news-source-strategies,RQ2,E2-timing-duration,informational_p1_d100,1026,INFORMATIONAL_CAMOUFLAGE,TRADITIONAL_MEDIA,FAKE_NEWS_SOURCE,1.0,100.0,,-1.0,0.33,1.0,5.0,1.0,COMPLETE,0.09383,0.04412,0.011855000000000001,0.0022400000000000002,18766,0.6775,469,0.15684,0.08998
news-source-strategies,RQ2,E2-timing-duration,informational_p1_d100,1027,INFORMATIONAL_CAMOUFLAGE,TRADITIONAL_MEDIA,FAKE_NEWS_SOURCE,1.0,100.0,,-1.0,0.33,1.0,5.0,1.0,COMPLETE,0.10432999999999999,0.07848000000000001,0.01294,0.00658,20866,0.65,467,0.14465999999999998,0.10895999999999999
news-source-strategies,RQ2,E2-timing-duration,informational_p1_d100,1028,INFORMATIONAL_CAMOUFLAGE,TRADITIONAL_MEDIA,FAKE_NEWS_SOURCE,1.0,100.0,,-1.0,0.33,1.0,5.0,1.0,COMPLETE,0.132075,0.18018,0.01618,0.0237,26415,0.6325,476,0.15330000000000002,0.07604000000000001
news-source-strategies,RQ2,E2-timing-duration,informational_p1_d100,1029,INFORMATIONAL_CAMOUFLAGE,TRADITIONAL_MEDIA,FAKE_NEWS_SOURCE,1.0,100.0,,-1.0,0.33,1.0,5.0,1.0,COMPLETE,0.099965,0.13196000000000002,0.009640000000000001,0.014119999999999999,19993,0.6725,434,0.07104,0.08626
news-source-strategies,RQ2,E2-timing-duration,informational_p1_d100,1030,INFORMATIONAL_CAMOUFLAGE,TRADITIONAL_MEDIA,FAKE_NEWS_SOURCE,1.0,100.0,,-1.0,0.33,1.0,5.0,1.0,COMPLETE,0.091495,0.09156,0.010315,0.00654,18299,0.68,452,0.07866,0.1191
news-source-strategies,RQ2,E2-timing-duration,informational_p1_permanent,1001,INFORMATIONAL_CAMOUFLAGE,TRADITIONAL_MEDIA,FAKE_NEWS_SOURCE,1.0,-1.0,,-1.0,0.33,1.0,5.0,1.0,COMPLETE,0.105075,0.12445999999999999,0.011814999999999999,0.01194,21015,0.6875,459,0.105075,
news-source-strategies,RQ2,E2-timing-duration,informational_p1_permanent,1002,INFORMATIONAL_CAMOUFLAGE,TRADITIONAL_MEDIA,FAKE_NEWS_SOURCE,1.0,-1.0,,-1.0,0.33,1.0,5.0,1.0,COMPLETE,0.082095,0.04342,0.009035,0.0026,16419,0.6875,444,0.082095,
news-source-strategies,RQ2,E2-timing-duration,informational_p1_permanent,1003,INFORMATIONAL_CAMOUFLAGE,TRADITIONAL_MEDIA,FAKE_NEWS_SOURCE,1.0,-1.0,,-1.0,0.33,1.0,5.0,1.0,COMPLETE,0.108465,0.13163999999999998,0.01247,0.01208,21693,0.66,465,0.108465,
news-source-strategies,RQ2,E2-timing-duration,informational_p1_permanent,1004,INFORMATIONAL_CAMOUFLAGE,TRADITIONAL_MEDIA,FAKE_NEWS_SOURCE,1.0,-1.0,,-1.0,0.33,1.0,5.0,1.0,COMPLETE,0.12192,0.0654,0.016975,0.00546,24384,0.6775,491,0.12192,
news-source-strategies,RQ2,E2-timing-duration,informational_p1_permanent,1005,INFORMATIONAL_CAMOUFLAGE,TRADITIONAL_MEDIA,FAKE_NEWS_SOURCE,1.0,-1.0,,-1.0,0.33,1.0,5.0,1.0,COMPLETE,0.13234,0.122,0.016954999999999998,0.01414,26468,0.65,486,0.13234,
news-source-strategies,RQ2,E2-timing-duration,informational_p1_permanent,1006,INFORMATIONAL_CAMOUFLAGE,TRADITIONAL_MEDIA,FAKE_NEWS_SOURCE,1.0,-1.0,,-1.0,0.33,1.0,5.0,1.0,COMPLETE,0.10638,0.07937999999999999,0.01416,0.00858,21276,0.6675,477,0.10638,
news-source-strategies,RQ2,E2-timing-duration,informational_p1_permanent,1007,INFORMATIONAL_CAMOUFLAGE,TRADITIONAL_MEDIA,FAKE_NEWS_SOURCE,1.0,-1.0,,-1.0,0.33,1.0,5.0,1.0,COMPLETE,0.14784,0.057280000000000005,0.02714,0.00632,29568,0.6975,500,0.14784,
news-source-strategies,RQ2,E2-timing-duration,informational_p1_permanent,1008,INFORMATIONAL_CAMOUFLAGE,TRADITIONAL_MEDIA,FAKE_NEWS_SOURCE,1.0,-1.0,,-1.0,0.33,1.0,5.0,1.0,COMPLETE,0.12389499999999999,0.117,0.016735,0.01366,24779,0.6625,493,0.12389499999999999,
news-source-strategies,RQ2,E2-timing-duration,informational_p1_permanent,1009,INFORMATIONAL_CAMOUFLAGE,TRADITIONAL_MEDIA,FAKE_NEWS_SOURCE,1.0,-1.0,,-1.0,0.33,1.0,5.0,1.0,COMPLETE,0.158585,0.07698,0.027665,0.01182,31717,0.6775,499,0.158585,
news-source-strategies,RQ2,E2-timing-duration,informational_p1_permanent,1010,INFORMATIONAL_CAMOUFLAGE,TRADITIONAL_MEDIA,FAKE_NEWS_SOURCE,1.0,-1.0,,-1.0,0.33,1.0,5.0,1.0,COMPLETE,0.153805,0.07586,0.0293,0.00434,30761,0.64,497,0.153805,
news-source-strategies,RQ2,E2-timing-duration,informational_p1_permanent,1011,INFORMATIONAL_CAMOUFLAGE,TRADITIONAL_MEDIA,FAKE_NEWS_SOURCE,1.0,-1.0,,-1.0,0.33,1.0,5.0,1.0,COMPLETE,0.08922,0.0546,0.009550000000000001,0.00264,17844,0.695,436,0.08922,
news-source-strategies,RQ2,E2-timing-duration,informational_p1_permanent,1012,INFORMATIONAL_CAMOUFLAGE,TRADITIONAL_MEDIA,FAKE_NEWS_SOURCE,1.0,-1.0,,-1.0,0.33,1.0,5.0,1.0,COMPLETE,0.12663,0.1397,0.013859999999999999,0.013640000000000001,25326,0.64,476,0.12663,
news-source-strategies,RQ2,E2-timing-duration,informational_p1_permanent,1013,INFORMATIONAL_CAMOUFLAGE,TRADITIONAL_MEDIA,FAKE_NEWS_SOURCE,1.0,-1.0,,-1.0,0.33,1.0,5.0,1.0,COMPLETE,0.0874,0.08662,0.008140000000000001,0.00754,17480,0.6725,411,0.0874,
news-source-strategies,RQ2,E2-timing-duration,informational_p1_permanent,1014,INFORMATIONAL_CAMOUFLAGE,TRADITIONAL_MEDIA,FAKE_NEWS_SOURCE,1.0,-1.0,,-1.0,0.33,1.0,5.0,1.0,COMPLETE,0.11516,0.053,0.012539999999999999,0.00282,23032,0.7075,468,0.11516,
news-source-strategies,RQ2,E2-timing-duration,informational_p1_permanent,1015,INFORMATIONAL_CAMOUFLAGE,TRADITIONAL_MEDIA,FAKE_NEWS_SOURCE,1.0,-1.0,,-1.0,0.33,1.0,5.0,1.0,COMPLETE,0.130105,0.13319999999999999,0.01626,0.012039999999999999,26021,0.6525,483,0.130105,
news-source-strategies,RQ2,E2-timing-duration,informational_p1_permanent,1016,INFORMATIONAL_CAMOUFLAGE,TRADITIONAL_MEDIA,FAKE_NEWS_SOURCE,1.0,-1.0,,-1.0,0.33,1.0,5.0,1.0,COMPLETE,0.10890000000000001,0.11876,0.012665,0.00924,21780,0.66,461,0.10890000000000001,
news-source-strategies,RQ2,E2-timing-duration,informational_p1_permanent,1017,INFORMATIONAL_CAMOUFLAGE,TRADITIONAL_MEDIA,FAKE_NEWS_SOURCE,1.0,-1.0,,-1.0,0.33,1.0,5.0,1.0,COMPLETE,0.11403,0.12972,0.01268,0.00966,22806,0.665,464,0.11403,
news-source-strategies,RQ2,E2-timing-duration,informational_p1_permanent,1018,INFORMATIONAL_CAMOUFLAGE,TRADITIONAL_MEDIA,FAKE_NEWS_SOURCE,1.0,-1.0,,-1.0,0.33,1.0,5.0,1.0,COMPLETE,0.117685,0.08744,0.0123,0.00554,23537,0.6625,457,0.117685,
news-source-strategies,RQ2,E2-timing-duration,informational_p1_permanent,1019,INFORMATIONAL_CAMOUFLAGE,TRADITIONAL_MEDIA,FAKE_NEWS_SOURCE,1.0,-1.0,,-1.0,0.33,1.0,5.0,1.0,COMPLETE,0.097035,0.0544,0.010035,0.00314,19407,0.6825,448,0.097035,
news-source-strategies,RQ2,E2-timing-duration,informational_p1_permanent,1020,INFORMATIONAL_CAMOUFLAGE,TRADITIONAL_MEDIA,FAKE_NEWS_SOURCE,1.0,-1.0,,-1.0,0.33,1.0,5.0,1.0,COMPLETE,0.10506499999999999,0.12106,0.011165,0.0095,21013,0.7025,450,0.10506499999999999,
news-source-strategies,RQ2,E2-timing-duration,informational_p1_permanent,1021,INFORMATIONAL_CAMOUFLAGE,TRADITIONAL_MEDIA,FAKE_NEWS_SOURCE,1.0,-1.0,,-1.0,0.33,1.0,5.0,1.0,COMPLETE,0.10702500000000001,0.15584,0.01302,0.01816,21405,0.685,468,0.10702500000000001,
news-source-strategies,RQ2,E2-timing-duration,informational_p1_permanent,1022,INFORMATIONAL_CAMOUFLAGE,TRADITIONAL_MEDIA,FAKE_NEWS_SOURCE,1.0,-1.0,,-1.0,0.33,1.0,5.0,1.0,COMPLETE,0.119845,0.12043999999999999,0.01166,0.01342,23969,0.675,452,0.119845,
news-source-strategies,RQ2,E2-timing-duration,informational_p1_permanent,1023,INFORMATIONAL_CAMOUFLAGE,TRADITIONAL_MEDIA,FAKE_NEWS_SOURCE,1.0,-1.0,,-1.0,0.33,1.0,5.0,1.0,COMPLETE,0.1341,0.125,0.013460000000000001,0.01114,26820,0.6625,465,0.1341,
news-source-strategies,RQ2,E2-timing-duration,informational_p1_permanent,1024,INFORMATIONAL_CAMOUFLAGE,TRADITIONAL_MEDIA,FAKE_NEWS_SOURCE,1.0,-1.0,,-1.0,0.33,1.0,5.0,1.0,COMPLETE,0.10818000000000001,0.12126,0.009885,0.01048,21636,0.67,434,0.10818000000000001,
news-source-strategies,RQ2,E2-timing-duration,informational_p1_permanent,1025,INFORMATIONAL_CAMOUFLAGE,TRADITIONAL_MEDIA,FAKE_NEWS_SOURCE,1.0,-1.0,,-1.0,0.33,1.0,5.0,1.0,COMPLETE,0.11483499999999999,0.09748,0.011965,0.0064800000000000005,22967,0.6525,458,0.11483499999999999,
news-source-strategies,RQ2,E2-timing-duration,informational_p1_permanent,1026,INFORMATIONAL_CAMOUFLAGE,TRADITIONAL_MEDIA,FAKE_NEWS_SOURCE,1.0,-1.0,,-1.0,0.33,1.0,5.0,1.0,COMPLETE,0.09383,0.04418,0.01217,0.00232,18766,0.6775,470,0.09383,
news-source-strategies,RQ2,E2-timing-duration,informational_p1_permanent,1027,INFORMATIONAL_CAMOUFLAGE,TRADITIONAL_MEDIA,FAKE_NEWS_SOURCE,1.0,-1.0,,-1.0,0.33,1.0,5.0,1.0,COMPLETE,0.10382999999999999,0.07773999999999999,0.012935,0.00614,20766,0.65,467,0.10382999999999999,
news-source-strategies,RQ2,E2-timing-duration,informational_p1_permanent,1028,INFORMATIONAL_CAMOUFLAGE,TRADITIONAL_MEDIA,FAKE_NEWS_SOURCE,1.0,-1.0,,-1.0,0.33,1.0,5.0,1.0,COMPLETE,0.131915,0.18,0.016635,0.02544,26383,0.6325,480,0.131915,
news-source-strategies,RQ2,E2-timing-duration,informational_p1_permanent,1029,INFORMATIONAL_CAMOUFLAGE,TRADITIONAL_MEDIA,FAKE_NEWS_SOURCE,1.0,-1.0,,-1.0,0.33,1.0,5.0,1.0,COMPLETE,0.10052,0.13334000000000001,0.010685,0.0165,20104,0.6725,448,0.10052,
news-source-strategies,RQ2,E2-timing-duration,informational_p1_permanent,1030,INFORMATIONAL_CAMOUFLAGE,TRADITIONAL_MEDIA,FAKE_NEWS_SOURCE,1.0,-1.0,,-1.0,0.33,1.0,5.0,1.0,COMPLETE,0.09133,0.09076000000000001,0.010675,0.00652,18266,0.68,454,0.09133,
news-source-strategies,RQ2,E2-timing-duration,informational_p101_d25,1001,INFORMATIONAL_CAMOUFLAGE,TRADITIONAL_MEDIA,FAKE_NEWS_SOURCE,101.0,125.0,,-1.0,0.33,1.0,5.0,1.0,COMPLETE,0.10526,0.1243,0.01117,0.01126,21052,0.6875,452,0.00376,0.13066
news-source-strategies,RQ2,E2-timing-duration,informational_p101_d25,1002,INFORMATIONAL_CAMOUFLAGE,TRADITIONAL_MEDIA,FAKE_NEWS_SOURCE,101.0,125.0,,-1.0,0.33,1.0,5.0,1.0,COMPLETE,0.08176,0.04374,0.00848,0.00262,16352,0.6875,425,0.04304,0.11004000000000001
news-source-strategies,RQ2,E2-timing-duration,informational_p101_d25,1003,INFORMATIONAL_CAMOUFLAGE,TRADITIONAL_MEDIA,FAKE_NEWS_SOURCE,101.0,125.0,,-1.0,0.33,1.0,5.0,1.0,COMPLETE,0.10793000000000001,0.13006,0.01123,0.009640000000000001,21586,0.66,455,0.0033599999999999997,0.09924
news-source-strategies,RQ2,E2-timing-duration,informational_p101_d25,1004,INFORMATIONAL_CAMOUFLAGE,TRADITIONAL_MEDIA,FAKE_NEWS_SOURCE,101.0,125.0,,-1.0,0.33,1.0,5.0,1.0,COMPLETE,0.12156,0.06578,0.01563,0.00538,24312,0.6775,487,0.18312,0.11972
news-source-strategies,RQ2,E2-timing-duration,informational_p101_d25,1005,INFORMATIONAL_CAMOUFLAGE,TRADITIONAL_MEDIA,FAKE_NEWS_SOURCE,101.0,125.0,,-1.0,0.33,1.0,5.0,1.0,COMPLETE,0.131525,0.1216,0.015300000000000001,0.01264,26305,0.65,480,0.12728,0.09678
news-source-strategies,RQ2,E2-timing-duration,informational_p101_d25,1006,INFORMATIONAL_CAMOUFLAGE,TRADITIONAL_MEDIA,FAKE_NEWS_SOURCE,101.0,125.0,,-1.0,0.33,1.0,5.0,1.0,COMPLETE,0.106225,0.07881999999999999,0.013474999999999999,0.0085,21245,0.6675,478,0.08552,0.09744
news-source-strategies,RQ2,E2-timing-duration,informational_p101_d25,1007,INFORMATIONAL_CAMOUFLAGE,TRADITIONAL_MEDIA,FAKE_NEWS_SOURCE,101.0,125.0,,-1.0,0.33,1.0,5.0,1.0,COMPLETE,0.148435,0.05736,0.025035,0.005900000000000001,29687,0.6975,499,0.12672,0.14886000000000002
news-source-strategies,RQ2,E2-timing-duration,informational_p101_d25,1008,INFORMATIONAL_CAMOUFLAGE,TRADITIONAL_MEDIA,FAKE_NEWS_SOURCE,101.0,125.0,,-1.0,0.33,1.0,5.0,1.0,COMPLETE,0.12409,0.11724,0.015895,0.012060000000000001,24818,0.6625,488,0.08712,0.12240000000000001
news-source-strategies,RQ2,E2-timing-duration,informational_p101_d25,1009,INFORMATIONAL_CAMOUFLAGE,TRADITIONAL_MEDIA,FAKE_NEWS_SOURCE,101.0,125.0,,-1.0,0.33,1.0,5.0,1.0,COMPLETE,0.15897,0.07765999999999999,0.026605,0.01194,31794,0.6775,499,0.13112000000000001,0.15316
news-source-strategies,RQ2,E2-timing-duration,informational_p101_d25,1010,INFORMATIONAL_CAMOUFLAGE,TRADITIONAL_MEDIA,FAKE_NEWS_SOURCE,101.0,125.0,,-1.0,0.33,1.0,5.0,1.0,COMPLETE,0.152965,0.07576000000000001,0.026875,0.004019999999999999,30593,0.64,498,0.29752,0.19762000000000002
news-source-strategies,RQ2,E2-timing-duration,informational_p101_d25,1011,INFORMATIONAL_CAMOUFLAGE,TRADITIONAL_MEDIA,FAKE_NEWS_SOURCE,101.0,125.0,,-1.0,0.33,1.0,5.0,1.0,COMPLETE,0.08906499999999999,0.05484000000000001,0.0092,0.00282,17813,0.695,426,0.13047999999999998,0.06284000000000001
news-source-strategies,RQ2,E2-timing-duration,informational_p101_d25,1012,INFORMATIONAL_CAMOUFLAGE,TRADITIONAL_MEDIA,FAKE_NEWS_SOURCE,101.0,125.0,,-1.0,0.33,1.0,5.0,1.0,COMPLETE,0.126855,0.14018,0.01305,0.013439999999999999,25371,0.64,467,0.0948,0.13028
news-source-strategies,RQ2,E2-timing-duration,informational_p101_d25,1013,INFORMATIONAL_CAMOUFLAGE,TRADITIONAL_MEDIA,FAKE_NEWS_SOURCE,101.0,125.0,,-1.0,0.33,1.0,5.0,1.0,COMPLETE,0.08816500000000001,0.08674,0.008369999999999999,0.00708,17633,0.6725,412,0.13056,0.08512
news-source-strategies,RQ2,E2-timing-duration,informational_p101_d25,1014,INFORMATIONAL_CAMOUFLAGE,TRADITIONAL_MEDIA,FAKE_NEWS_SOURCE,101.0,125.0,,-1.0,0.33,1.0,5.0,1.0,COMPLETE,0.11455,0.0533,0.011699999999999999,0.0028399999999999996,22910,0.7075,457,0.04392,0.12386
news-source-strategies,RQ2,E2-timing-duration,informational_p101_d25,1015,INFORMATIONAL_CAMOUFLAGE,TRADITIONAL_MEDIA,FAKE_NEWS_SOURCE,101.0,125.0,,-1.0,0.33,1.0,5.0,1.0,COMPLETE,0.12958,0.13219999999999998,0.01482,0.01062,25916,0.6525,484,0.19688,0.16006
news-source-strategies,RQ2,E2-timing-duration,informational_p101_d25,1016,INFORMATIONAL_CAMOUFLAGE,TRADITIONAL_MEDIA,FAKE_NEWS_SOURCE,101.0,125.0,,-1.0,0.33,1.0,5.0,1.0,COMPLETE,0.10884999999999999,0.11852,0.011785,0.0083,21770,0.66,448,0.08616,0.07422
news-source-strategies,RQ2,E2-timing-duration,informational_p101_d25,1017,INFORMATIONAL_CAMOUFLAGE,TRADITIONAL_MEDIA,FAKE_NEWS_SOURCE,101.0,125.0,,-1.0,0.33,1.0,5.0,1.0,COMPLETE,0.114325,0.13038,0.012405,0.00958,22865,0.665,459,0.046880000000000005,0.09726
news-source-strategies,RQ2,E2-timing-duration,informational_p101_d25,1018,INFORMATIONAL_CAMOUFLAGE,TRADITIONAL_MEDIA,FAKE_NEWS_SOURCE,101.0,125.0,,-1.0,0.33,1.0,5.0,1.0,COMPLETE,0.11802,0.08768000000000001,0.011904999999999999,0.00554,23604,0.6625,456,0.26552,0.1419
news-source-strategies,RQ2,E2-timing-duration,informational_p101_d25,1019,INFORMATIONAL_CAMOUFLAGE,TRADITIONAL_MEDIA,FAKE_NEWS_SOURCE,101.0,125.0,,-1.0,0.33,1.0,5.0,1.0,COMPLETE,0.09654,0.05504,0.009089999999999999,0.00332,19308,0.6825,433,0.0020800000000000003,0.11156
news-source-strategies,RQ2,E2-timing-duration,informational_p101_d25,1020,INFORMATIONAL_CAMOUFLAGE,TRADITIONAL_MEDIA,FAKE_NEWS_SOURCE,101.0,125.0,,-1.0,0.33,1.0,5.0,1.0,COMPLETE,0.10571,0.12052,0.010735,0.008039999999999999,21142,0.7025,440,0.00088,0.09656
news-source-strategies,RQ2,E2-timing-duration,informational_p101_d25,1021,INFORMATIONAL_CAMOUFLAGE,TRADITIONAL_MEDIA,FAKE_NEWS_SOURCE,101.0,125.0,,-1.0,0.33,1.0,5.0,1.0,COMPLETE,0.10698,0.15475999999999998,0.01221,0.0159,21396,0.685,464,0.13136,0.08668000000000001
news-source-strategies,RQ2,E2-timing-duration,informational_p101_d25,1022,INFORMATIONAL_CAMOUFLAGE,TRADITIONAL_MEDIA,FAKE_NEWS_SOURCE,101.0,125.0,,-1.0,0.33,1.0,5.0,1.0,COMPLETE,0.11984,0.11984,0.011075,0.01196,23968,0.675,448,0.0038399999999999997,0.13288
news-source-strategies,RQ2,E2-timing-duration,informational_p101_d25,1023,INFORMATIONAL_CAMOUFLAGE,TRADITIONAL_MEDIA,FAKE_NEWS_SOURCE,101.0,125.0,,-1.0,0.33,1.0,5.0,1.0,COMPLETE,0.13448500000000002,0.12536,0.01257,0.01056,26897,0.6625,461,0.08544,0.1575
news-source-strategies,RQ2,E2-timing-duration,informational_p101_d25,1024,INFORMATIONAL_CAMOUFLAGE,TRADITIONAL_MEDIA,FAKE_NEWS_SOURCE,101.0,125.0,,-1.0,0.33,1.0,5.0,1.0,COMPLETE,0.10830500000000001,0.12129999999999999,0.009285,0.00968,21661,0.67,428,0.09096,0.13041999999999998
news-source-strategies,RQ2,E2-timing-duration,informational_p101_d25,1025,INFORMATIONAL_CAMOUFLAGE,TRADITIONAL_MEDIA,FAKE_NEWS_SOURCE,101.0,125.0,,-1.0,0.33,1.0,5.0,1.0,COMPLETE,0.115725,0.09709999999999999,0.011375,0.00588,23145,0.6525,458,0.04432,0.14278
news-source-strategies,RQ2,E2-timing-duration,informational_p101_d25,1026,INFORMATIONAL_CAMOUFLAGE,TRADITIONAL_MEDIA,FAKE_NEWS_SOURCE,101.0,125.0,,-1.0,0.33,1.0,5.0,1.0,COMPLETE,0.09449500000000001,0.04406,0.01193,0.00222,18899,0.6775,463,0.00032,0.12228
news-source-strategies,RQ2,E2-timing-duration,informational_p101_d25,1027,INFORMATIONAL_CAMOUFLAGE,TRADITIONAL_MEDIA,FAKE_NEWS_SOURCE,101.0,125.0,,-1.0,0.33,1.0,5.0,1.0,COMPLETE,0.10443000000000001,0.07845999999999999,0.012685,0.0066,20886,0.65,465,0.16968,0.07712000000000001
news-source-strategies,RQ2,E2-timing-duration,informational_p101_d25,1028,INFORMATIONAL_CAMOUFLAGE,TRADITIONAL_MEDIA,FAKE_NEWS_SOURCE,101.0,125.0,,-1.0,0.33,1.0,5.0,1.0,COMPLETE,0.132165,0.18018,0.015875,0.0237,26433,0.6325,475,0.0011200000000000001,0.10756
news-source-strategies,RQ2,E2-timing-duration,informational_p101_d25,1029,INFORMATIONAL_CAMOUFLAGE,TRADITIONAL_MEDIA,FAKE_NEWS_SOURCE,101.0,125.0,,-1.0,0.33,1.0,5.0,1.0,COMPLETE,0.0999,0.13196000000000002,0.00956,0.014119999999999999,19980,0.6725,433,0.0,0.10764
news-source-strategies,RQ2,E2-timing-duration,informational_p101_d25,1030,INFORMATIONAL_CAMOUFLAGE,TRADITIONAL_MEDIA,FAKE_NEWS_SOURCE,101.0,125.0,,-1.0,0.33,1.0,5.0,1.0,COMPLETE,0.09129000000000001,0.0915,0.009975,0.0065,18258,0.68,444,0.0828,0.12134
news-source-strategies,RQ2,E2-timing-duration,informational_p101_d100,1001,INFORMATIONAL_CAMOUFLAGE,TRADITIONAL_MEDIA,FAKE_NEWS_SOURCE,101.0,200.0,,-1.0,0.33,1.0,5.0,1.0,COMPLETE,0.10523,0.1243,0.01133,0.01126,21046,0.6875,452,0.109,0.06822
news-source-strategies,RQ2,E2-timing-duration,informational_p101_d100,1002,INFORMATIONAL_CAMOUFLAGE,TRADITIONAL_MEDIA,FAKE_NEWS_SOURCE,101.0,200.0,,-1.0,0.33,1.0,5.0,1.0,COMPLETE,0.08158,0.04376,0.00844,0.00262,16316,0.6875,425,0.0638,0.12284
news-source-strategies,RQ2,E2-timing-duration,informational_p101_d100,1003,INFORMATIONAL_CAMOUFLAGE,TRADITIONAL_MEDIA,FAKE_NEWS_SOURCE,101.0,200.0,,-1.0,0.33,1.0,5.0,1.0,COMPLETE,0.10779999999999999,0.13006,0.011179999999999999,0.009640000000000001,21560,0.66,455,0.08926,0.07615999999999999
news-source-strategies,RQ2,E2-timing-duration,informational_p101_d100,1004,INFORMATIONAL_CAMOUFLAGE,TRADITIONAL_MEDIA,FAKE_NEWS_SOURCE,101.0,200.0,,-1.0,0.33,1.0,5.0,1.0,COMPLETE,0.12130500000000001,0.06578,0.015595000000000001,0.0054,24261,0.6775,490,0.14268,0.14408
news-source-strategies,RQ2,E2-timing-duration,informational_p101_d100,1005,INFORMATIONAL_CAMOUFLAGE,TRADITIONAL_MEDIA,FAKE_NEWS_SOURCE,101.0,200.0,,-1.0,0.33,1.0,5.0,1.0,COMPLETE,0.13154,0.1216,0.015349999999999999,0.01264,26308,0.65,480,0.07508,0.16412000000000002
news-source-strategies,RQ2,E2-timing-duration,informational_p101_d100,1006,INFORMATIONAL_CAMOUFLAGE,TRADITIONAL_MEDIA,FAKE_NEWS_SOURCE,101.0,200.0,,-1.0,0.33,1.0,5.0,1.0,COMPLETE,0.106205,0.07881999999999999,0.013635,0.0085,21241,0.6675,480,0.08732,0.08854000000000001
news-source-strategies,RQ2,E2-timing-duration,informational_p101_d100,1007,INFORMATIONAL_CAMOUFLAGE,TRADITIONAL_MEDIA,FAKE_NEWS_SOURCE,101.0,200.0,,-1.0,0.33,1.0,5.0,1.0,COMPLETE,0.14831999999999998,0.05736,0.02526,0.005900000000000001,29664,0.6975,499,0.13756000000000002,0.14528
news-source-strategies,RQ2,E2-timing-duration,informational_p101_d100,1008,INFORMATIONAL_CAMOUFLAGE,TRADITIONAL_MEDIA,FAKE_NEWS_SOURCE,101.0,200.0,,-1.0,0.33,1.0,5.0,1.0,COMPLETE,0.12422,0.11724,0.016120000000000002,0.012060000000000001,24844,0.6625,491,0.12048,0.11888
news-source-strategies,RQ2,E2-timing-duration,informational_p101_d100,1009,INFORMATIONAL_CAMOUFLAGE,TRADITIONAL_MEDIA,FAKE_NEWS_SOURCE,101.0,200.0,,-1.0,0.33,1.0,5.0,1.0,COMPLETE,0.15859,0.07765999999999999,0.02649,0.01194,31718,0.6775,499,0.10794,0.23568
news-source-strategies,RQ2,E2-timing-duration,informational_p101_d100,1010,INFORMATIONAL_CAMOUFLAGE,TRADITIONAL_MEDIA,FAKE_NEWS_SOURCE,101.0,200.0,,-1.0,0.33,1.0,5.0,1.0,COMPLETE,0.151565,0.07576000000000001,0.027355,0.004019999999999999,30313,0.64,497,0.24364,0.10108
news-source-strategies,RQ2,E2-timing-duration,informational_p101_d100,1011,INFORMATIONAL_CAMOUFLAGE,TRADITIONAL_MEDIA,FAKE_NEWS_SOURCE,101.0,200.0,,-1.0,0.33,1.0,5.0,1.0,COMPLETE,0.08897,0.05484000000000001,0.009175,0.00282,17794,0.695,426,0.07378,0.09036
news-source-strategies,RQ2,E2-timing-duration,informational_p101_d100,1012,INFORMATIONAL_CAMOUFLAGE,TRADITIONAL_MEDIA,FAKE_NEWS_SOURCE,101.0,200.0,,-1.0,0.33,1.0,5.0,1.0,COMPLETE,0.12706,0.14018,0.013300000000000001,0.013439999999999999,25412,0.64,470,0.1336,0.09262000000000001
news-source-strategies,RQ2,E2-timing-duration,informational_p101_d100,1013,INFORMATIONAL_CAMOUFLAGE,TRADITIONAL_MEDIA,FAKE_NEWS_SOURCE,101.0,200.0,,-1.0,0.33,1.0,5.0,1.0,COMPLETE,0.087905,0.08674,0.008154999999999999,0.0070999999999999995,17581,0.6725,411,0.1167,0.04318
news-source-strategies,RQ2,E2-timing-duration,informational_p101_d100,1014,INFORMATIONAL_CAMOUFLAGE,TRADITIONAL_MEDIA,FAKE_NEWS_SOURCE,101.0,200.0,,-1.0,0.33,1.0,5.0,1.0,COMPLETE,0.11456000000000001,0.0533,0.011675000000000001,0.00282,22912,0.7075,460,0.12340000000000001,0.15159999999999998
news-source-strategies,RQ2,E2-timing-duration,informational_p101_d100,1015,INFORMATIONAL_CAMOUFLAGE,TRADITIONAL_MEDIA,FAKE_NEWS_SOURCE,101.0,200.0,,-1.0,0.33,1.0,5.0,1.0,COMPLETE,0.12988999999999998,0.13219999999999998,0.015645,0.01062,25978,0.6525,485,0.18866,0.0431
news-source-strategies,RQ2,E2-timing-duration,informational_p101_d100,1016,INFORMATIONAL_CAMOUFLAGE,TRADITIONAL_MEDIA,FAKE_NEWS_SOURCE,101.0,200.0,,-1.0,0.33,1.0,5.0,1.0,COMPLETE,0.10875,0.11852,0.01173,0.0083,21750,0.66,447,0.07496,0.11986
news-source-strategies,RQ2,E2-timing-duration,informational_p101_d100,1017,INFORMATIONAL_CAMOUFLAGE,TRADITIONAL_MEDIA,FAKE_NEWS_SOURCE,101.0,200.0,,-1.0,0.33,1.0,5.0,1.0,COMPLETE,0.114215,0.13038,0.01238,0.00958,22843,0.665,459,0.0866,0.09831999999999999
news-source-strategies,RQ2,E2-timing-duration,informational_p101_d100,1018,INFORMATIONAL_CAMOUFLAGE,TRADITIONAL_MEDIA,FAKE_NEWS_SOURCE,101.0,200.0,,-1.0,0.33,1.0,5.0,1.0,COMPLETE,0.118215,0.08786,0.01227,0.00554,23643,0.6625,456,0.17615999999999998,0.09902
news-source-strategies,RQ2,E2-timing-duration,informational_p101_d100,1019,INFORMATIONAL_CAMOUFLAGE,TRADITIONAL_MEDIA,FAKE_NEWS_SOURCE,101.0,200.0,,-1.0,0.33,1.0,5.0,1.0,COMPLETE,0.09634999999999999,0.055240000000000004,0.009025,0.0033799999999999998,19270,0.6825,435,0.09795999999999999,0.10308
news-source-strategies,RQ2,E2-timing-duration,informational_p101_d100,1020,INFORMATIONAL_CAMOUFLAGE,TRADITIONAL_MEDIA,FAKE_NEWS_SOURCE,101.0,200.0,,-1.0,0.33,1.0,5.0,1.0,COMPLETE,0.105615,0.12052,0.01066,0.008039999999999999,21123,0.7025,440,0.053520000000000005,0.12928
news-source-strategies,RQ2,E2-timing-duration,informational_p101_d100,1021,INFORMATIONAL_CAMOUFLAGE,TRADITIONAL_MEDIA,FAKE_NEWS_SOURCE,101.0,200.0,,-1.0,0.33,1.0,5.0,1.0,COMPLETE,0.10712,0.15475999999999998,0.012345,0.0159,21424,0.685,466,0.10966,0.06364
news-source-strategies,RQ2,E2-timing-duration,informational_p101_d100,1022,INFORMATIONAL_CAMOUFLAGE,TRADITIONAL_MEDIA,FAKE_NEWS_SOURCE,101.0,200.0,,-1.0,0.33,1.0,5.0,1.0,COMPLETE,0.119795,0.11986,0.011009999999999999,0.01202,23959,0.675,448,0.12192,0.09724
news-source-strategies,RQ2,E2-timing-duration,informational_p101_d100,1023,INFORMATIONAL_CAMOUFLAGE,TRADITIONAL_MEDIA,FAKE_NEWS_SOURCE,101.0,200.0,,-1.0,0.33,1.0,5.0,1.0,COMPLETE,0.13435,0.12536,0.012765,0.01056,26870,0.6625,461,0.13754,0.15197999999999998
news-source-strategies,RQ2,E2-timing-duration,informational_p101_d100,1024,INFORMATIONAL_CAMOUFLAGE,TRADITIONAL_MEDIA,FAKE_NEWS_SOURCE,101.0,200.0,,-1.0,0.33,1.0,5.0,1.0,COMPLETE,0.108315,0.12129999999999999,0.009394999999999999,0.00968,21663,0.67,432,0.12176000000000001,0.08676
news-source-strategies,RQ2,E2-timing-duration,informational_p101_d100,1025,INFORMATIONAL_CAMOUFLAGE,TRADITIONAL_MEDIA,FAKE_NEWS_SOURCE,101.0,200.0,,-1.0,0.33,1.0,5.0,1.0,COMPLETE,0.115835,0.09709999999999999,0.011695,0.00588,23167,0.6525,463,0.13276,0.1095
news-source-strategies,RQ2,E2-timing-duration,informational_p101_d100,1026,INFORMATIONAL_CAMOUFLAGE,TRADITIONAL_MEDIA,FAKE_NEWS_SOURCE,101.0,200.0,,-1.0,0.33,1.0,5.0,1.0,COMPLETE,0.09444,0.04406,0.012105000000000001,0.0022,18888,0.6775,464,0.0896,0.08434
news-source-strategies,RQ2,E2-timing-duration,informational_p101_d100,1027,INFORMATIONAL_CAMOUFLAGE,TRADITIONAL_MEDIA,FAKE_NEWS_SOURCE,101.0,200.0,,-1.0,0.33,1.0,5.0,1.0,COMPLETE,0.10417,0.07845999999999999,0.012580000000000001,0.0066,20834,0.65,465,0.10782,0.08506
news-source-strategies,RQ2,E2-timing-duration,informational_p101_d100,1028,INFORMATIONAL_CAMOUFLAGE,TRADITIONAL_MEDIA,FAKE_NEWS_SOURCE,101.0,200.0,,-1.0,0.33,1.0,5.0,1.0,COMPLETE,0.13205,0.18018,0.015855,0.0237,26410,0.6325,475,0.07554000000000001,0.11862
news-source-strategies,RQ2,E2-timing-duration,informational_p101_d100,1029,INFORMATIONAL_CAMOUFLAGE,TRADITIONAL_MEDIA,FAKE_NEWS_SOURCE,101.0,200.0,,-1.0,0.33,1.0,5.0,1.0,COMPLETE,0.099885,0.13196000000000002,0.009605,0.014119999999999999,19977,0.6725,436,0.08626,0.11054
news-source-strategies,RQ2,E2-timing-duration,informational_p101_d100,1030,INFORMATIONAL_CAMOUFLAGE,TRADITIONAL_MEDIA,FAKE_NEWS_SOURCE,101.0,200.0,,-1.0,0.33,1.0,5.0,1.0,COMPLETE,0.09144,0.09151999999999999,0.010345,0.00658,18288,0.68,445,0.1195,0.0767
news-source-strategies,RQ2,E2-timing-duration,informational_p101_permanent,1001,INFORMATIONAL_CAMOUFLAGE,TRADITIONAL_MEDIA,FAKE_NEWS_SOURCE,101.0,-1.0,,-1.0,0.33,1.0,5.0,1.0,COMPLETE,0.10517499999999999,0.12437999999999999,0.011564999999999999,0.011859999999999999,21035,0.6875,453,0.10043333333333333,
news-source-strategies,RQ2,E2-timing-duration,informational_p101_permanent,1002,INFORMATIONAL_CAMOUFLAGE,TRADITIONAL_MEDIA,FAKE_NEWS_SOURCE,101.0,-1.0,,-1.0,0.33,1.0,5.0,1.0,COMPLETE,0.08181000000000001,0.04342,0.00874,0.0026,16362,0.6875,432,0.07710666666666667,
news-source-strategies,RQ2,E2-timing-duration,informational_p101_permanent,1003,INFORMATIONAL_CAMOUFLAGE,TRADITIONAL_MEDIA,FAKE_NEWS_SOURCE,101.0,-1.0,,-1.0,0.33,1.0,5.0,1.0,COMPLETE,0.10815000000000001,0.13163999999999998,0.011835,0.0121,21630,0.66,459,0.09895999999999999,
news-source-strategies,RQ2,E2-timing-duration,informational_p101_permanent,1004,INFORMATIONAL_CAMOUFLAGE,TRADITIONAL_MEDIA,FAKE_NEWS_SOURCE,101.0,-1.0,,-1.0,0.33,1.0,5.0,1.0,COMPLETE,0.12106,0.0654,0.01573,0.00546,24212,0.6775,492,0.11718666666666666,
news-source-strategies,RQ2,E2-timing-duration,informational_p101_permanent,1005,INFORMATIONAL_CAMOUFLAGE,TRADITIONAL_MEDIA,FAKE_NEWS_SOURCE,101.0,-1.0,,-1.0,0.33,1.0,5.0,1.0,COMPLETE,0.132,0.122,0.016355,0.01416,26400,0.65,484,0.12088,
news-source-strategies,RQ2,E2-timing-duration,informational_p101_permanent,1006,INFORMATIONAL_CAMOUFLAGE,TRADITIONAL_MEDIA,FAKE_NEWS_SOURCE,101.0,-1.0,,-1.0,0.33,1.0,5.0,1.0,COMPLETE,0.10618000000000001,0.07934000000000001,0.013619999999999998,0.00856,21236,0.6675,477,0.08486,
news-source-strategies,RQ2,E2-timing-duration,informational_p101_permanent,1007,INFORMATIONAL_CAMOUFLAGE,TRADITIONAL_MEDIA,FAKE_NEWS_SOURCE,101.0,-1.0,,-1.0,0.33,1.0,5.0,1.0,COMPLETE,0.14866,0.057280000000000005,0.025875,0.00632,29732,0.6975,498,0.11385333333333333,
news-source-strategies,RQ2,E2-timing-duration,informational_p101_permanent,1008,INFORMATIONAL_CAMOUFLAGE,TRADITIONAL_MEDIA,FAKE_NEWS_SOURCE,101.0,-1.0,,-1.0,0.33,1.0,5.0,1.0,COMPLETE,0.12409,0.11704,0.01651,0.01366,24818,0.6625,491,0.11869333333333333,
news-source-strategies,RQ2,E2-timing-duration,informational_p101_permanent,1009,INFORMATIONAL_CAMOUFLAGE,TRADITIONAL_MEDIA,FAKE_NEWS_SOURCE,101.0,-1.0,,-1.0,0.33,1.0,5.0,1.0,COMPLETE,0.15859,0.07698,0.02707,0.01182,31718,0.6775,499,0.14042666666666667,
news-source-strategies,RQ2,E2-timing-duration,informational_p101_permanent,1010,INFORMATIONAL_CAMOUFLAGE,TRADITIONAL_MEDIA,FAKE_NEWS_SOURCE,101.0,-1.0,,-1.0,0.33,1.0,5.0,1.0,COMPLETE,0.151705,0.07586,0.027870000000000002,0.00434,30341,0.64,497,0.14034666666666668,
news-source-strategies,RQ2,E2-timing-duration,informational_p101_permanent,1011,INFORMATIONAL_CAMOUFLAGE,TRADITIONAL_MEDIA,FAKE_NEWS_SOURCE,101.0,-1.0,,-1.0,0.33,1.0,5.0,1.0,COMPLETE,0.089045,0.05472,0.009255000000000001,0.00276,17809,0.695,426,0.07309333333333333,
news-source-strategies,RQ2,E2-timing-duration,informational_p101_permanent,1012,INFORMATIONAL_CAMOUFLAGE,TRADITIONAL_MEDIA,FAKE_NEWS_SOURCE,101.0,-1.0,,-1.0,0.33,1.0,5.0,1.0,COMPLETE,0.126945,0.13968,0.01349,0.013640000000000001,25389,0.64,474,0.12198,
news-source-strategies,RQ2,E2-timing-duration,informational_p101_permanent,1013,INFORMATIONAL_CAMOUFLAGE,TRADITIONAL_MEDIA,FAKE_NEWS_SOURCE,101.0,-1.0,,-1.0,0.33,1.0,5.0,1.0,COMPLETE,0.088025,0.08702,0.008525,0.00802,17605,0.6725,414,0.08236666666666666,
news-source-strategies,RQ2,E2-timing-duration,informational_p101_permanent,1014,INFORMATIONAL_CAMOUFLAGE,TRADITIONAL_MEDIA,FAKE_NEWS_SOURCE,101.0,-1.0,,-1.0,0.33,1.0,5.0,1.0,COMPLETE,0.11458,0.05312,0.012025000000000001,0.0029,22916,0.7075,461,0.10945999999999999,
news-source-strategies,RQ2,E2-timing-duration,informational_p101_permanent,1015,INFORMATIONAL_CAMOUFLAGE,TRADITIONAL_MEDIA,FAKE_NEWS_SOURCE,101.0,-1.0,,-1.0,0.33,1.0,5.0,1.0,COMPLETE,0.13005,0.13278,0.015985,0.01168,26010,0.6525,484,0.12153333333333333,
news-source-strategies,RQ2,E2-timing-duration,informational_p101_permanent,1016,INFORMATIONAL_CAMOUFLAGE,TRADITIONAL_MEDIA,FAKE_NEWS_SOURCE,101.0,-1.0,,-1.0,0.33,1.0,5.0,1.0,COMPLETE,0.109065,0.11878,0.012515,0.00934,21813,0.66,454,0.10486666666666666,
news-source-strategies,RQ2,E2-timing-duration,informational_p101_permanent,1017,INFORMATIONAL_CAMOUFLAGE,TRADITIONAL_MEDIA,FAKE_NEWS_SOURCE,101.0,-1.0,,-1.0,0.33,1.0,5.0,1.0,COMPLETE,0.114155,0.12969999999999998,0.01259,0.0096,22831,0.665,461,0.10502,
news-source-strategies,RQ2,E2-timing-duration,informational_p101_permanent,1018,INFORMATIONAL_CAMOUFLAGE,TRADITIONAL_MEDIA,FAKE_NEWS_SOURCE,101.0,-1.0,,-1.0,0.33,1.0,5.0,1.0,COMPLETE,0.11791,0.08746,0.01222,0.0054800000000000005,23582,0.6625,456,0.12060666666666667,
news-source-strategies,RQ2,E2-timing-duration,informational_p101_permanent,1019,INFORMATIONAL_CAMOUFLAGE,TRADITIONAL_MEDIA,FAKE_NEWS_SOURCE,101.0,-1.0,,-1.0,0.33,1.0,5.0,1.0,COMPLETE,0.09610500000000001,0.054520000000000006,0.009205,0.0032400000000000003,19221,0.6825,438,0.0851,
news-source-strategies,RQ2,E2-timing-duration,informational_p101_permanent,1020,INFORMATIONAL_CAMOUFLAGE,TRADITIONAL_MEDIA,FAKE_NEWS_SOURCE,101.0,-1.0,,-1.0,0.33,1.0,5.0,1.0,COMPLETE,0.10592499999999999,0.12118000000000001,0.01131,0.0095,21185,0.7025,445,0.10152,
news-source-strategies,RQ2,E2-timing-duration,informational_p101_permanent,1021,INFORMATIONAL_CAMOUFLAGE,TRADITIONAL_MEDIA,FAKE_NEWS_SOURCE,101.0,-1.0,,-1.0,0.33,1.0,5.0,1.0,COMPLETE,0.10728,0.15572,0.012945,0.01808,21456,0.685,466,0.10956666666666666,
news-source-strategies,RQ2,E2-timing-duration,informational_p101_permanent,1022,INFORMATIONAL_CAMOUFLAGE,TRADITIONAL_MEDIA,FAKE_NEWS_SOURCE,101.0,-1.0,,-1.0,0.33,1.0,5.0,1.0,COMPLETE,0.12031,0.12043999999999999,0.011890000000000001,0.013439999999999999,24062,0.675,456,0.11369333333333333,
news-source-strategies,RQ2,E2-timing-duration,informational_p101_permanent,1023,INFORMATIONAL_CAMOUFLAGE,TRADITIONAL_MEDIA,FAKE_NEWS_SOURCE,101.0,-1.0,,-1.0,0.33,1.0,5.0,1.0,COMPLETE,0.13409000000000001,0.125,0.013025,0.01114,26818,0.6625,462,0.13794666666666666,
news-source-strategies,RQ2,E2-timing-duration,informational_p101_permanent,1024,INFORMATIONAL_CAMOUFLAGE,TRADITIONAL_MEDIA,FAKE_NEWS_SOURCE,101.0,-1.0,,-1.0,0.33,1.0,5.0,1.0,COMPLETE,0.10816500000000001,0.12126,0.009550000000000001,0.0105,21633,0.67,429,0.10973999999999999,
news-source-strategies,RQ2,E2-timing-duration,informational_p101_permanent,1025,INFORMATIONAL_CAMOUFLAGE,TRADITIONAL_MEDIA,FAKE_NEWS_SOURCE,101.0,-1.0,,-1.0,0.33,1.0,5.0,1.0,COMPLETE,0.11590500000000001,0.0975,0.011955,0.0065,23181,0.6525,465,0.11321333333333333,
news-source-strategies,RQ2,E2-timing-duration,informational_p101_permanent,1026,INFORMATIONAL_CAMOUFLAGE,TRADITIONAL_MEDIA,FAKE_NEWS_SOURCE,101.0,-1.0,,-1.0,0.33,1.0,5.0,1.0,COMPLETE,0.0945,0.04412,0.01225,0.0023599999999999997,18900,0.6775,465,0.07274666666666667,
news-source-strategies,RQ2,E2-timing-duration,informational_p101_permanent,1027,INFORMATIONAL_CAMOUFLAGE,TRADITIONAL_MEDIA,FAKE_NEWS_SOURCE,101.0,-1.0,,-1.0,0.33,1.0,5.0,1.0,COMPLETE,0.10401,0.07778,0.012655,0.00622,20802,0.65,466,0.09023333333333333,
news-source-strategies,RQ2,E2-timing-duration,informational_p101_permanent,1028,INFORMATIONAL_CAMOUFLAGE,TRADITIONAL_MEDIA,FAKE_NEWS_SOURCE,101.0,-1.0,,-1.0,0.33,1.0,5.0,1.0,COMPLETE,0.13203,0.18,0.01635,0.02544,26406,0.6325,476,0.12475333333333333,
news-source-strategies,RQ2,E2-timing-duration,informational_p101_permanent,1029,INFORMATIONAL_CAMOUFLAGE,TRADITIONAL_MEDIA,FAKE_NEWS_SOURCE,101.0,-1.0,,-1.0,0.33,1.0,5.0,1.0,COMPLETE,0.100455,0.13334000000000001,0.010605,0.0165,20091,0.6725,447,0.11034666666666666,
news-source-strategies,RQ2,E2-timing-duration,informational_p101_permanent,1030,INFORMATIONAL_CAMOUFLAGE,TRADITIONAL_MEDIA,FAKE_NEWS_SOURCE,101.0,-1.0,,-1.0,0.33,1.0,5.0,1.0,COMPLETE,0.091155,0.09068000000000001,0.010345,0.00646,18231,0.68,447,0.09552666666666668,
news-source-strategies,RQ2,E2-timing-duration,informational_p201_d25,1001,INFORMATIONAL_CAMOUFLAGE,TRADITIONAL_MEDIA,FAKE_NEWS_SOURCE,201.0,225.0,,-1.0,0.33,1.0,5.0,1.0,COMPLETE,0.105345,0.1243,0.011245,0.01126,21069,0.6875,452,0.09151999999999999,0.08142
news-source-strategies,RQ2,E2-timing-duration,informational_p201_d25,1002,INFORMATIONAL_CAMOUFLAGE,TRADITIONAL_MEDIA,FAKE_NEWS_SOURCE,201.0,225.0,,-1.0,0.33,1.0,5.0,1.0,COMPLETE,0.08212,0.04372,0.00877,0.00262,16424,0.6875,433,0.22896,0.0885
news-source-strategies,RQ2,E2-timing-duration,informational_p201_d25,1003,INFORMATIONAL_CAMOUFLAGE,TRADITIONAL_MEDIA,FAKE_NEWS_SOURCE,201.0,225.0,,-1.0,0.33,1.0,5.0,1.0,COMPLETE,0.107925,0.13006,0.011235,0.009640000000000001,21585,0.66,455,0.04136,0.08792
news-source-strategies,RQ2,E2-timing-duration,informational_p201_d25,1004,INFORMATIONAL_CAMOUFLAGE,TRADITIONAL_MEDIA,FAKE_NEWS_SOURCE,201.0,225.0,,-1.0,0.33,1.0,5.0,1.0,COMPLETE,0.121715,0.06578,0.015715,0.00538,24343,0.6775,490,0.08712,0.14442
news-source-strategies,RQ2,E2-timing-duration,informational_p201_d25,1005,INFORMATIONAL_CAMOUFLAGE,TRADITIONAL_MEDIA,FAKE_NEWS_SOURCE,201.0,225.0,,-1.0,0.33,1.0,5.0,1.0,COMPLETE,0.13167500000000001,0.1216,0.015605,0.01264,26335,0.65,481,0.21719999999999998,0.15512
news-source-strategies,RQ2,E2-timing-duration,informational_p201_d25,1006,INFORMATIONAL_CAMOUFLAGE,TRADITIONAL_MEDIA,FAKE_NEWS_SOURCE,201.0,225.0,,-1.0,0.33,1.0,5.0,1.0,COMPLETE,0.10615999999999999,0.07881999999999999,0.013375,0.0085,21232,0.6675,478,0.12592,0.1015
news-source-strategies,RQ2,E2-timing-duration,informational_p201_d25,1007,INFORMATIONAL_CAMOUFLAGE,TRADITIONAL_MEDIA,FAKE_NEWS_SOURCE,201.0,225.0,,-1.0,0.33,1.0,5.0,1.0,COMPLETE,0.148675,0.05736,0.025285,0.005900000000000001,29735,0.6975,499,0.17184,0.12568000000000001
news-source-strategies,RQ2,E2-timing-duration,informational_p201_d25,1008,INFORMATIONAL_CAMOUFLAGE,TRADITIONAL_MEDIA,FAKE_NEWS_SOURCE,201.0,225.0,,-1.0,0.33,1.0,5.0,1.0,COMPLETE,0.124075,0.11724,0.01584,0.012060000000000001,24815,0.6625,488,0.09695999999999999,0.12248
news-source-strategies,RQ2,E2-timing-duration,informational_p201_d25,1009,INFORMATIONAL_CAMOUFLAGE,TRADITIONAL_MEDIA,FAKE_NEWS_SOURCE,201.0,225.0,,-1.0,0.33,1.0,5.0,1.0,COMPLETE,0.1589,0.07781999999999999,0.02658,0.011980000000000001,31780,0.6775,499,0.31056,0.171
news-source-strategies,RQ2,E2-timing-duration,informational_p201_d25,1010,INFORMATIONAL_CAMOUFLAGE,TRADITIONAL_MEDIA,FAKE_NEWS_SOURCE,201.0,225.0,,-1.0,0.33,1.0,5.0,1.0,COMPLETE,0.15377000000000002,0.07576000000000001,0.02658,0.004019999999999999,30754,0.64,497,0.10072,0.07814
news-source-strategies,RQ2,E2-timing-duration,informational_p201_d25,1011,INFORMATIONAL_CAMOUFLAGE,TRADITIONAL_MEDIA,FAKE_NEWS_SOURCE,201.0,225.0,,-1.0,0.33,1.0,5.0,1.0,COMPLETE,0.08912,0.054799999999999995,0.009224999999999999,0.00282,17824,0.695,426,0.08656,0.0692
news-source-strategies,RQ2,E2-timing-duration,informational_p201_d25,1012,INFORMATIONAL_CAMOUFLAGE,TRADITIONAL_MEDIA,FAKE_NEWS_SOURCE,201.0,225.0,,-1.0,0.33,1.0,5.0,1.0,COMPLETE,0.126865,0.14018,0.01298,0.013439999999999999,25373,0.64,467,0.084,0.10332
news-source-strategies,RQ2,E2-timing-duration,informational_p201_d25,1013,INFORMATIONAL_CAMOUFLAGE,TRADITIONAL_MEDIA,FAKE_NEWS_SOURCE,201.0,225.0,,-1.0,0.33,1.0,5.0,1.0,COMPLETE,0.08813,0.08674,0.00831,0.00708,17626,0.6725,412,0.0005600000000000001,0.07562
news-source-strategies,RQ2,E2-timing-duration,informational_p201_d25,1014,INFORMATIONAL_CAMOUFLAGE,TRADITIONAL_MEDIA,FAKE_NEWS_SOURCE,201.0,225.0,,-1.0,0.33,1.0,5.0,1.0,COMPLETE,0.11454,0.0533,0.011695,0.0028399999999999996,22908,0.7075,458,0.04728,0.1408
news-source-strategies,RQ2,E2-timing-duration,informational_p201_d25,1015,INFORMATIONAL_CAMOUFLAGE,TRADITIONAL_MEDIA,FAKE_NEWS_SOURCE,201.0,225.0,,-1.0,0.33,1.0,5.0,1.0,COMPLETE,0.129495,0.13219999999999998,0.014735,0.01062,25899,0.6525,484,0.09008,0.06454
news-source-strategies,RQ2,E2-timing-duration,informational_p201_d25,1016,INFORMATIONAL_CAMOUFLAGE,TRADITIONAL_MEDIA,FAKE_NEWS_SOURCE,201.0,225.0,,-1.0,0.33,1.0,5.0,1.0,COMPLETE,0.10878,0.11852,0.011705,0.0083,21756,0.66,448,0.08224,0.11120000000000001
news-source-strategies,RQ2,E2-timing-duration,informational_p201_d25,1017,INFORMATIONAL_CAMOUFLAGE,TRADITIONAL_MEDIA,FAKE_NEWS_SOURCE,201.0,225.0,,-1.0,0.33,1.0,5.0,1.0,COMPLETE,0.11434,0.13038,0.012405,0.00958,22868,0.665,459,0.08832,0.13972
news-source-strategies,RQ2,E2-timing-duration,informational_p201_d25,1018,INFORMATIONAL_CAMOUFLAGE,TRADITIONAL_MEDIA,FAKE_NEWS_SOURCE,201.0,225.0,,-1.0,0.33,1.0,5.0,1.0,COMPLETE,0.118075,0.08768000000000001,0.011890000000000001,0.00554,23615,0.6625,457,0.12944,0.06816
news-source-strategies,RQ2,E2-timing-duration,informational_p201_d25,1019,INFORMATIONAL_CAMOUFLAGE,TRADITIONAL_MEDIA,FAKE_NEWS_SOURCE,201.0,225.0,,-1.0,0.33,1.0,5.0,1.0,COMPLETE,0.09648999999999999,0.05504,0.00906,0.00332,19298,0.6825,433,0.05088,0.10031999999999999
news-source-strategies,RQ2,E2-timing-duration,informational_p201_d25,1020,INFORMATIONAL_CAMOUFLAGE,TRADITIONAL_MEDIA,FAKE_NEWS_SOURCE,201.0,225.0,,-1.0,0.33,1.0,5.0,1.0,COMPLETE,0.10578499999999999,0.12052,0.010845,0.008039999999999999,21157,0.7025,444,0.17352,0.1285
news-source-strategies,RQ2,E2-timing-duration,informational_p201_d25,1021,INFORMATIONAL_CAMOUFLAGE,TRADITIONAL_MEDIA,FAKE_NEWS_SOURCE,201.0,225.0,,-1.0,0.33,1.0,5.0,1.0,COMPLETE,0.106875,0.15475999999999998,0.012115,0.0159,21375,0.685,464,0.041280000000000004,0.1216
news-source-strategies,RQ2,E2-timing-duration,informational_p201_d25,1022,INFORMATIONAL_CAMOUFLAGE,TRADITIONAL_MEDIA,FAKE_NEWS_SOURCE,201.0,225.0,,-1.0,0.33,1.0,5.0,1.0,COMPLETE,0.119875,0.11984,0.011115,0.01196,23975,0.675,448,0.04808,0.11782
news-source-strategies,RQ2,E2-timing-duration,informational_p201_d25,1023,INFORMATIONAL_CAMOUFLAGE,TRADITIONAL_MEDIA,FAKE_NEWS_SOURCE,201.0,225.0,,-1.0,0.33,1.0,5.0,1.0,COMPLETE,0.13452,0.12538,0.01267,0.01058,26904,0.6625,461,0.16368000000000002,0.122
news-source-strategies,RQ2,E2-timing-duration,informational_p201_d25,1024,INFORMATIONAL_CAMOUFLAGE,TRADITIONAL_MEDIA,FAKE_NEWS_SOURCE,201.0,225.0,,-1.0,0.33,1.0,5.0,1.0,COMPLETE,0.10815999999999999,0.12129999999999999,0.009210000000000001,0.00968,21632,0.67,425,0.1268,0.07622
news-source-strategies,RQ2,E2-timing-duration,informational_p201_d25,1025,INFORMATIONAL_CAMOUFLAGE,TRADITIONAL_MEDIA,FAKE_NEWS_SOURCE,201.0,225.0,,-1.0,0.33,1.0,5.0,1.0,COMPLETE,0.11572,0.09709999999999999,0.01139,0.00588,23144,0.6525,458,0.08704,0.12947999999999998
news-source-strategies,RQ2,E2-timing-duration,informational_p201_d25,1026,INFORMATIONAL_CAMOUFLAGE,TRADITIONAL_MEDIA,FAKE_NEWS_SOURCE,201.0,225.0,,-1.0,0.33,1.0,5.0,1.0,COMPLETE,0.09466500000000001,0.04406,0.01209,0.00222,18933,0.6775,464,0.13008,0.06288
news-source-strategies,RQ2,E2-timing-duration,informational_p201_d25,1027,INFORMATIONAL_CAMOUFLAGE,TRADITIONAL_MEDIA,FAKE_NEWS_SOURCE,201.0,225.0,,-1.0,0.33,1.0,5.0,1.0,COMPLETE,0.104485,0.07845999999999999,0.012645,0.0066,20897,0.65,465,0.04352,0.09816
news-source-strategies,RQ2,E2-timing-duration,informational_p201_d25,1028,INFORMATIONAL_CAMOUFLAGE,TRADITIONAL_MEDIA,FAKE_NEWS_SOURCE,201.0,225.0,,-1.0,0.33,1.0,5.0,1.0,COMPLETE,0.132015,0.18009999999999998,0.015755,0.02368,26403,0.6325,475,0.12792,0.11996
news-source-strategies,RQ2,E2-timing-duration,informational_p201_d25,1029,INFORMATIONAL_CAMOUFLAGE,TRADITIONAL_MEDIA,FAKE_NEWS_SOURCE,201.0,225.0,,-1.0,0.33,1.0,5.0,1.0,COMPLETE,0.099875,0.13196000000000002,0.009529999999999999,0.014119999999999999,19975,0.6725,433,0.08552,0.11056
news-source-strategies,RQ2,E2-timing-duration,informational_p201_d25,1030,INFORMATIONAL_CAMOUFLAGE,TRADITIONAL_MEDIA,FAKE_NEWS_SOURCE,201.0,225.0,,-1.0,0.33,1.0,5.0,1.0,COMPLETE,0.09133,0.0915,0.010015000000000001,0.0065,18266,0.68,444,0.09232,0.06466
news-source-strategies,RQ2,E2-timing-duration,informational_p201_d100,1001,INFORMATIONAL_CAMOUFLAGE,TRADITIONAL_MEDIA,FAKE_NEWS_SOURCE,201.0,300.0,,-1.0,0.33,1.0,5.0,1.0,COMPLETE,0.10505500000000001,0.12387999999999999,0.01119,0.01106,21011,0.6875,453,0.06795999999999999,0.12387999999999999
news-source-strategies,RQ2,E2-timing-duration,informational_p201_d100,1002,INFORMATIONAL_CAMOUFLAGE,TRADITIONAL_MEDIA,FAKE_NEWS_SOURCE,201.0,300.0,,-1.0,0.33,1.0,5.0,1.0,COMPLETE,0.082145,0.04372,0.008825,0.00262,16429,0.6875,433,0.12436,0.04372
news-source-strategies,RQ2,E2-timing-duration,informational_p201_d100,1003,INFORMATIONAL_CAMOUFLAGE,TRADITIONAL_MEDIA,FAKE_NEWS_SOURCE,201.0,300.0,,-1.0,0.33,1.0,5.0,1.0,COMPLETE,0.107875,0.13004,0.011265,0.00962,21575,0.66,455,0.07601999999999999,0.13004
news-source-strategies,RQ2,E2-timing-duration,informational_p201_d100,1004,INFORMATIONAL_CAMOUFLAGE,TRADITIONAL_MEDIA,FAKE_NEWS_SOURCE,201.0,300.0,,-1.0,0.33,1.0,5.0,1.0,COMPLETE,0.12164,0.06581999999999999,0.015885,0.00536,24328,0.6775,491,0.14366,0.06581999999999999
news-source-strategies,RQ2,E2-timing-duration,informational_p201_d100,1005,INFORMATIONAL_CAMOUFLAGE,TRADITIONAL_MEDIA,FAKE_NEWS_SOURCE,201.0,300.0,,-1.0,0.33,1.0,5.0,1.0,COMPLETE,0.13188999999999998,0.12142,0.01597,0.01268,26378,0.65,481,0.16556,0.12142
news-source-strategies,RQ2,E2-timing-duration,informational_p201_d100,1006,INFORMATIONAL_CAMOUFLAGE,TRADITIONAL_MEDIA,FAKE_NEWS_SOURCE,201.0,300.0,,-1.0,0.33,1.0,5.0,1.0,COMPLETE,0.105985,0.07876000000000001,0.013314999999999999,0.00842,21197,0.6675,477,0.08794,0.07876000000000001
news-source-strategies,RQ2,E2-timing-duration,informational_p201_d100,1007,INFORMATIONAL_CAMOUFLAGE,TRADITIONAL_MEDIA,FAKE_NEWS_SOURCE,201.0,300.0,,-1.0,0.33,1.0,5.0,1.0,COMPLETE,0.148895,0.0572,0.02563,0.00574,29779,0.6975,498,0.14694,0.0572
news-source-strategies,RQ2,E2-timing-duration,informational_p201_d100,1008,INFORMATIONAL_CAMOUFLAGE,TRADITIONAL_MEDIA,FAKE_NEWS_SOURCE,201.0,300.0,,-1.0,0.33,1.0,5.0,1.0,COMPLETE,0.12414,0.11776,0.015945,0.01238,24828,0.6625,488,0.11864,0.11776
news-source-strategies,RQ2,E2-timing-duration,informational_p201_d100,1009,INFORMATIONAL_CAMOUFLAGE,TRADITIONAL_MEDIA,FAKE_NEWS_SOURCE,201.0,300.0,,-1.0,0.33,1.0,5.0,1.0,COMPLETE,0.15909,0.07814,0.026949999999999998,0.012240000000000001,31818,0.6775,499,0.23666,0.07814
news-source-strategies,RQ2,E2-timing-duration,informational_p201_d100,1010,INFORMATIONAL_CAMOUFLAGE,TRADITIONAL_MEDIA,FAKE_NEWS_SOURCE,201.0,300.0,,-1.0,0.33,1.0,5.0,1.0,COMPLETE,0.15396,0.07582,0.027065000000000002,0.004200000000000001,30792,0.64,497,0.10354000000000001,0.07582
news-source-strategies,RQ2,E2-timing-duration,informational_p201_d100,1011,INFORMATIONAL_CAMOUFLAGE,TRADITIONAL_MEDIA,FAKE_NEWS_SOURCE,201.0,300.0,,-1.0,0.33,1.0,5.0,1.0,COMPLETE,0.089245,0.054920000000000004,0.009315,0.0028399999999999996,17849,0.695,426,0.09104000000000001,0.054920000000000004
news-source-strategies,RQ2,E2-timing-duration,informational_p201_d100,1012,INFORMATIONAL_CAMOUFLAGE,TRADITIONAL_MEDIA,FAKE_NEWS_SOURCE,201.0,300.0,,-1.0,0.33,1.0,5.0,1.0,COMPLETE,0.12689,0.14008,0.013205,0.01342,25378,0.64,469,0.09258,0.14008
news-source-strategies,RQ2,E2-timing-duration,informational_p201_d100,1013,INFORMATIONAL_CAMOUFLAGE,TRADITIONAL_MEDIA,FAKE_NEWS_SOURCE,201.0,300.0,,-1.0,0.33,1.0,5.0,1.0,COMPLETE,0.0881,0.08642,0.008395,0.006860000000000001,17620,0.6725,413,0.0435,0.08642
news-source-strategies,RQ2,E2-timing-duration,informational_p201_d100,1014,INFORMATIONAL_CAMOUFLAGE,TRADITIONAL_MEDIA,FAKE_NEWS_SOURCE,201.0,300.0,,-1.0,0.33,1.0,5.0,1.0,COMPLETE,0.114575,0.05312,0.011984999999999999,0.0027400000000000002,22915,0.7075,458,0.1522,0.05312
news-source-strategies,RQ2,E2-timing-duration,informational_p201_d100,1015,INFORMATIONAL_CAMOUFLAGE,TRADITIONAL_MEDIA,FAKE_NEWS_SOURCE,201.0,300.0,,-1.0,0.33,1.0,5.0,1.0,COMPLETE,0.12946000000000002,0.13219999999999998,0.014735,0.0106,25892,0.6525,484,0.04362,0.13219999999999998
news-source-strategies,RQ2,E2-timing-duration,informational_p201_d100,1016,INFORMATIONAL_CAMOUFLAGE,TRADITIONAL_MEDIA,FAKE_NEWS_SOURCE,201.0,300.0,,-1.0,0.33,1.0,5.0,1.0,COMPLETE,0.10903,0.11832,0.012230000000000001,0.00822,21806,0.66,454,0.12108,0.11832
news-source-strategies,RQ2,E2-timing-duration,informational_p201_d100,1017,INFORMATIONAL_CAMOUFLAGE,TRADITIONAL_MEDIA,FAKE_NEWS_SOURCE,201.0,300.0,,-1.0,0.33,1.0,5.0,1.0,COMPLETE,0.11438,0.13022,0.012535000000000001,0.00948,22876,0.665,460,0.0988,0.13022
news-source-strategies,RQ2,E2-timing-duration,informational_p201_d100,1018,INFORMATIONAL_CAMOUFLAGE,TRADITIONAL_MEDIA,FAKE_NEWS_SOURCE,201.0,300.0,,-1.0,0.33,1.0,5.0,1.0,COMPLETE,0.11801,0.0878,0.011904999999999999,0.0055,23602,0.6625,457,0.09820000000000001,0.0878
news-source-strategies,RQ2,E2-timing-duration,informational_p201_d100,1019,INFORMATIONAL_CAMOUFLAGE,TRADITIONAL_MEDIA,FAKE_NEWS_SOURCE,201.0,300.0,,-1.0,0.33,1.0,5.0,1.0,COMPLETE,0.09647,0.05496,0.009300000000000001,0.0033,19294,0.6825,436,0.10264,0.05496
news-source-strategies,RQ2,E2-timing-duration,informational_p201_d100,1020,INFORMATIONAL_CAMOUFLAGE,TRADITIONAL_MEDIA,FAKE_NEWS_SOURCE,201.0,300.0,,-1.0,0.33,1.0,5.0,1.0,COMPLETE,0.105845,0.12052,0.01097,0.008039999999999999,21169,0.7025,443,0.12986,0.12052
news-source-strategies,RQ2,E2-timing-duration,informational_p201_d100,1021,INFORMATIONAL_CAMOUFLAGE,TRADITIONAL_MEDIA,FAKE_NEWS_SOURCE,201.0,300.0,,-1.0,0.33,1.0,5.0,1.0,COMPLETE,0.10681,0.15475999999999998,0.012145,0.01578,21362,0.685,464,0.06326,0.15475999999999998
news-source-strategies,RQ2,E2-timing-duration,informational_p201_d100,1022,INFORMATIONAL_CAMOUFLAGE,TRADITIONAL_MEDIA,FAKE_NEWS_SOURCE,201.0,300.0,,-1.0,0.33,1.0,5.0,1.0,COMPLETE,0.12028,0.12007999999999999,0.011699999999999999,0.0124,24056,0.675,454,0.09892000000000001,0.12007999999999999
news-source-strategies,RQ2,E2-timing-duration,informational_p201_d100,1023,INFORMATIONAL_CAMOUFLAGE,TRADITIONAL_MEDIA,FAKE_NEWS_SOURCE,201.0,300.0,,-1.0,0.33,1.0,5.0,1.0,COMPLETE,0.134305,0.1252,0.012755,0.0105,26861,0.6625,459,0.15138,0.1252
news-source-strategies,RQ2,E2-timing-duration,informational_p201_d100,1024,INFORMATIONAL_CAMOUFLAGE,TRADITIONAL_MEDIA,FAKE_NEWS_SOURCE,201.0,300.0,,-1.0,0.33,1.0,5.0,1.0,COMPLETE,0.108125,0.12126,0.00919,0.00968,21625,0.67,425,0.08626,0.12126
news-source-strategies,RQ2,E2-timing-duration,informational_p201_d100,1025,INFORMATIONAL_CAMOUFLAGE,TRADITIONAL_MEDIA,FAKE_NEWS_SOURCE,201.0,300.0,,-1.0,0.33,1.0,5.0,1.0,COMPLETE,0.115625,0.09686,0.011425000000000001,0.005679999999999999,23125,0.6525,458,0.10945999999999999,0.09686
news-source-strategies,RQ2,E2-timing-duration,informational_p201_d100,1026,INFORMATIONAL_CAMOUFLAGE,TRADITIONAL_MEDIA,FAKE_NEWS_SOURCE,201.0,300.0,,-1.0,0.33,1.0,5.0,1.0,COMPLETE,0.09469499999999999,0.04396,0.012145,0.00214,18939,0.6775,464,0.08456,0.04396
news-source-strategies,RQ2,E2-timing-duration,informational_p201_d100,1027,INFORMATIONAL_CAMOUFLAGE,TRADITIONAL_MEDIA,FAKE_NEWS_SOURCE,201.0,300.0,,-1.0,0.33,1.0,5.0,1.0,COMPLETE,0.104475,0.07834,0.012805,0.00656,20895,0.65,466,0.08526,0.07834
news-source-strategies,RQ2,E2-timing-duration,informational_p201_d100,1028,INFORMATIONAL_CAMOUFLAGE,TRADITIONAL_MEDIA,FAKE_NEWS_SOURCE,201.0,300.0,,-1.0,0.33,1.0,5.0,1.0,COMPLETE,0.13194,0.17918,0.015525,0.022019999999999998,26388,0.6325,475,0.11886,0.17918
news-source-strategies,RQ2,E2-timing-duration,informational_p201_d100,1029,INFORMATIONAL_CAMOUFLAGE,TRADITIONAL_MEDIA,FAKE_NEWS_SOURCE,201.0,300.0,,-1.0,0.33,1.0,5.0,1.0,COMPLETE,0.100095,0.13188,0.00996,0.014119999999999999,20019,0.6725,438,0.11145999999999999,0.13188
news-source-strategies,RQ2,E2-timing-duration,informational_p201_d100,1030,INFORMATIONAL_CAMOUFLAGE,TRADITIONAL_MEDIA,FAKE_NEWS_SOURCE,201.0,300.0,,-1.0,0.33,1.0,5.0,1.0,COMPLETE,0.091185,0.09112,0.009994999999999999,0.00626,18237,0.68,446,0.07648,0.09112
news-source-strategies,RQ2,E2-timing-duration,informational_p201_permanent,1001,INFORMATIONAL_CAMOUFLAGE,TRADITIONAL_MEDIA,FAKE_NEWS_SOURCE,201.0,-1.0,,-1.0,0.33,1.0,5.0,1.0,COMPLETE,0.10518000000000001,0.12437999999999999,0.01139,0.011859999999999999,21036,0.6875,453,0.09617,
news-source-strategies,RQ2,E2-timing-duration,informational_p201_permanent,1002,INFORMATIONAL_CAMOUFLAGE,TRADITIONAL_MEDIA,FAKE_NEWS_SOURCE,201.0,-1.0,,-1.0,0.33,1.0,5.0,1.0,COMPLETE,0.082065,0.0434,0.00882,0.0026,16413,0.6875,433,0.08388,
news-source-strategies,RQ2,E2-timing-duration,informational_p201_permanent,1003,INFORMATIONAL_CAMOUFLAGE,TRADITIONAL_MEDIA,FAKE_NEWS_SOURCE,201.0,-1.0,,-1.0,0.33,1.0,5.0,1.0,COMPLETE,0.10827500000000001,0.13163999999999998,0.011885,0.0121,21655,0.66,459,0.10382999999999999,
news-source-strategies,RQ2,E2-timing-duration,informational_p201_permanent,1004,INFORMATIONAL_CAMOUFLAGE,TRADITIONAL_MEDIA,FAKE_NEWS_SOURCE,201.0,-1.0,,-1.0,0.33,1.0,5.0,1.0,COMPLETE,0.12151999999999999,0.06534000000000001,0.01589,0.00538,24304,0.6775,491,0.1045,
news-source-strategies,RQ2,E2-timing-duration,informational_p201_permanent,1005,INFORMATIONAL_CAMOUFLAGE,TRADITIONAL_MEDIA,FAKE_NEWS_SOURCE,201.0,-1.0,,-1.0,0.33,1.0,5.0,1.0,COMPLETE,0.13203499999999999,0.122,0.01634,0.01416,26407,0.65,484,0.14378,
news-source-strategies,RQ2,E2-timing-duration,informational_p201_permanent,1006,INFORMATIONAL_CAMOUFLAGE,TRADITIONAL_MEDIA,FAKE_NEWS_SOURCE,201.0,-1.0,,-1.0,0.33,1.0,5.0,1.0,COMPLETE,0.10613,0.07934000000000001,0.013349999999999999,0.00856,21226,0.6675,475,0.08364,
news-source-strategies,RQ2,E2-timing-duration,informational_p201_permanent,1007,INFORMATIONAL_CAMOUFLAGE,TRADITIONAL_MEDIA,FAKE_NEWS_SOURCE,201.0,-1.0,,-1.0,0.33,1.0,5.0,1.0,COMPLETE,0.148915,0.057280000000000005,0.025775,0.00632,29783,0.6975,498,0.10211,
news-source-strategies,RQ2,E2-timing-duration,informational_p201_permanent,1008,INFORMATIONAL_CAMOUFLAGE,TRADITIONAL_MEDIA,FAKE_NEWS_SOURCE,201.0,-1.0,,-1.0,0.33,1.0,5.0,1.0,COMPLETE,0.12395999999999999,0.11704,0.016265,0.01366,24792,0.6625,488,0.11784,
news-source-strategies,RQ2,E2-timing-duration,informational_p201_permanent,1009,INFORMATIONAL_CAMOUFLAGE,TRADITIONAL_MEDIA,FAKE_NEWS_SOURCE,201.0,-1.0,,-1.0,0.33,1.0,5.0,1.0,COMPLETE,0.15880000000000002,0.07698,0.026844999999999997,0.01182,31760,0.6775,499,0.15682,
news-source-strategies,RQ2,E2-timing-duration,informational_p201_permanent,1010,INFORMATIONAL_CAMOUFLAGE,TRADITIONAL_MEDIA,FAKE_NEWS_SOURCE,201.0,-1.0,,-1.0,0.33,1.0,5.0,1.0,COMPLETE,0.15397,0.07586,0.027100000000000003,0.00434,30794,0.64,497,0.0897,
news-source-strategies,RQ2,E2-timing-duration,informational_p201_permanent,1011,INFORMATIONAL_CAMOUFLAGE,TRADITIONAL_MEDIA,FAKE_NEWS_SOURCE,201.0,-1.0,,-1.0,0.33,1.0,5.0,1.0,COMPLETE,0.089185,0.05468,0.009295,0.00276,17837,0.695,426,0.07286,
news-source-strategies,RQ2,E2-timing-duration,informational_p201_permanent,1012,INFORMATIONAL_CAMOUFLAGE,TRADITIONAL_MEDIA,FAKE_NEWS_SOURCE,201.0,-1.0,,-1.0,0.33,1.0,5.0,1.0,COMPLETE,0.12679,0.13968,0.01326,0.013640000000000001,25358,0.64,473,0.11613,
news-source-strategies,RQ2,E2-timing-duration,informational_p201_permanent,1013,INFORMATIONAL_CAMOUFLAGE,TRADITIONAL_MEDIA,FAKE_NEWS_SOURCE,201.0,-1.0,,-1.0,0.33,1.0,5.0,1.0,COMPLETE,0.08823,0.08694,0.00867,0.00796,17646,0.6725,415,0.06522,
news-source-strategies,RQ2,E2-timing-duration,informational_p201_permanent,1014,INFORMATIONAL_CAMOUFLAGE,TRADITIONAL_MEDIA,FAKE_NEWS_SOURCE,201.0,-1.0,,-1.0,0.33,1.0,5.0,1.0,COMPLETE,0.114575,0.05312,0.012029999999999999,0.00292,22915,0.7075,458,0.10266,
news-source-strategies,RQ2,E2-timing-duration,informational_p201_permanent,1015,INFORMATIONAL_CAMOUFLAGE,TRADITIONAL_MEDIA,FAKE_NEWS_SOURCE,201.0,-1.0,,-1.0,0.33,1.0,5.0,1.0,COMPLETE,0.129605,0.13278,0.015005000000000001,0.01168,25921,0.6525,484,0.0882,
news-source-strategies,RQ2,E2-timing-duration,informational_p201_permanent,1016,INFORMATIONAL_CAMOUFLAGE,TRADITIONAL_MEDIA,FAKE_NEWS_SOURCE,201.0,-1.0,,-1.0,0.33,1.0,5.0,1.0,COMPLETE,0.10914499999999999,0.11878,0.01251,0.00934,21829,0.66,455,0.11993000000000001,
news-source-strategies,RQ2,E2-timing-duration,informational_p201_permanent,1017,INFORMATIONAL_CAMOUFLAGE,TRADITIONAL_MEDIA,FAKE_NEWS_SOURCE,201.0,-1.0,,-1.0,0.33,1.0,5.0,1.0,COMPLETE,0.11425,0.12969999999999998,0.012565,0.0096,22850,0.665,461,0.11425,
news-source-strategies,RQ2,E2-timing-duration,informational_p201_permanent,1018,INFORMATIONAL_CAMOUFLAGE,TRADITIONAL_MEDIA,FAKE_NEWS_SOURCE,201.0,-1.0,,-1.0,0.33,1.0,5.0,1.0,COMPLETE,0.11788,0.08728,0.0119,0.0054800000000000005,23576,0.6625,457,0.09273999999999999,
news-source-strategies,RQ2,E2-timing-duration,informational_p201_permanent,1019,INFORMATIONAL_CAMOUFLAGE,TRADITIONAL_MEDIA,FAKE_NEWS_SOURCE,201.0,-1.0,,-1.0,0.33,1.0,5.0,1.0,COMPLETE,0.096315,0.054340000000000006,0.009275,0.0032,19263,0.6825,436,0.07848999999999999,
news-source-strategies,RQ2,E2-timing-duration,informational_p201_permanent,1020,INFORMATIONAL_CAMOUFLAGE,TRADITIONAL_MEDIA,FAKE_NEWS_SOURCE,201.0,-1.0,,-1.0,0.33,1.0,5.0,1.0,COMPLETE,0.10601000000000001,0.12118000000000001,0.011335000000000001,0.0095,21202,0.7025,445,0.12552,
news-source-strategies,RQ2,E2-timing-duration,informational_p201_permanent,1021,INFORMATIONAL_CAMOUFLAGE,TRADITIONAL_MEDIA,FAKE_NEWS_SOURCE,201.0,-1.0,,-1.0,0.33,1.0,5.0,1.0,COMPLETE,0.10704999999999999,0.15572,0.01272,0.01808,21410,0.685,465,0.10948999999999999,
news-source-strategies,RQ2,E2-timing-duration,informational_p201_permanent,1022,INFORMATIONAL_CAMOUFLAGE,TRADITIONAL_MEDIA,FAKE_NEWS_SOURCE,201.0,-1.0,,-1.0,0.33,1.0,5.0,1.0,COMPLETE,0.120365,0.12042,0.011945,0.013380000000000001,24073,0.675,456,0.10967,
news-source-strategies,RQ2,E2-timing-duration,informational_p201_permanent,1023,INFORMATIONAL_CAMOUFLAGE,TRADITIONAL_MEDIA,FAKE_NEWS_SOURCE,201.0,-1.0,,-1.0,0.33,1.0,5.0,1.0,COMPLETE,0.13425499999999999,0.125,0.012915,0.01114,26851,0.6625,462,0.13819,
news-source-strategies,RQ2,E2-timing-duration,informational_p201_permanent,1024,INFORMATIONAL_CAMOUFLAGE,TRADITIONAL_MEDIA,FAKE_NEWS_SOURCE,201.0,-1.0,,-1.0,0.33,1.0,5.0,1.0,COMPLETE,0.108125,0.12126,0.009394999999999999,0.0105,21625,0.67,426,0.10376,
news-source-strategies,RQ2,E2-timing-duration,informational_p201_permanent,1025,INFORMATIONAL_CAMOUFLAGE,TRADITIONAL_MEDIA,FAKE_NEWS_SOURCE,201.0,-1.0,,-1.0,0.33,1.0,5.0,1.0,COMPLETE,0.115785,0.0975,0.011630000000000001,0.0065,23157,0.6525,460,0.10348,
news-source-strategies,RQ2,E2-timing-duration,informational_p201_permanent,1026,INFORMATIONAL_CAMOUFLAGE,TRADITIONAL_MEDIA,FAKE_NEWS_SOURCE,201.0,-1.0,,-1.0,0.33,1.0,5.0,1.0,COMPLETE,0.094735,0.04412,0.012205,0.0023799999999999997,18947,0.6775,464,0.06434000000000001,
news-source-strategies,RQ2,E2-timing-duration,informational_p201_permanent,1027,INFORMATIONAL_CAMOUFLAGE,TRADITIONAL_MEDIA,FAKE_NEWS_SOURCE,201.0,-1.0,,-1.0,0.33,1.0,5.0,1.0,COMPLETE,0.104335,0.07778,0.01272,0.00622,20867,0.65,466,0.08152,
news-source-strategies,RQ2,E2-timing-duration,informational_p201_permanent,1028,INFORMATIONAL_CAMOUFLAGE,TRADITIONAL_MEDIA,FAKE_NEWS_SOURCE,201.0,-1.0,,-1.0,0.33,1.0,5.0,1.0,COMPLETE,0.132145,0.18,0.01638,0.02544,26429,0.6325,476,0.14943,
news-source-strategies,RQ2,E2-timing-duration,informational_p201_permanent,1029,INFORMATIONAL_CAMOUFLAGE,TRADITIONAL_MEDIA,FAKE_NEWS_SOURCE,201.0,-1.0,,-1.0,0.33,1.0,5.0,1.0,COMPLETE,0.10046,0.13334000000000001,0.010555,0.0165,20092,0.6725,444,0.12240000000000001,
news-source-strategies,RQ2,E2-timing-duration,informational_p201_permanent,1030,INFORMATIONAL_CAMOUFLAGE,TRADITIONAL_MEDIA,FAKE_NEWS_SOURCE,201.0,-1.0,,-1.0,0.33,1.0,5.0,1.0,COMPLETE,0.09107,0.09065999999999999,0.010025000000000001,0.00638,18214,0.68,446,0.08356999999999999,
news-source-strategies,RQ3,E3-reach-mitigation,control_reach14_7_wom0,1001,NONE,,,,,14.7,-1.0,0.33,0.0,5.0,1.0,COMPLETE,0.12538,0.09495999999999999,0.011644999999999999,0.01084,25076,0.7075,37,0.12538,
news-source-strategies,RQ3,E3-reach-mitigation,control_reach14_7_wom0,1002,NONE,,,,,14.7,-1.0,0.33,0.0,5.0,1.0,COMPLETE,0.152025,0.13422,0.02085,0.018699999999999998,30405,0.6475,35,0.152025,
news-source-strategies,RQ3,E3-reach-mitigation,control_reach14_7_wom0,1003,NONE,,,,,14.7,-1.0,0.33,0.0,5.0,1.0,COMPLETE,0.16413999999999998,0.14362,0.017005,0.015220000000000001,32828,0.6675,38,0.16413999999999998,
news-source-strategies,RQ3,E3-reach-mitigation,control_reach14_7_wom0,1004,NONE,,,,,14.7,-1.0,0.33,0.0,5.0,1.0,COMPLETE,0.12449500000000001,0.11268,0.0077599999999999995,0.00466,24899,0.655,38,0.12449500000000001,
news-source-strategies,RQ3,E3-reach-mitigation,control_reach14_7_wom0,1005,NONE,,,,,14.7,-1.0,0.33,0.0,5.0,1.0,COMPLETE,0.16070500000000001,0.17482,0.018715,0.01744,32141,0.6575,38,0.16070500000000001,
news-source-strategies,RQ3,E3-reach-mitigation,control_reach14_7_wom0,1006,NONE,,,,,14.7,-1.0,0.33,0.0,5.0,1.0,COMPLETE,0.14073500000000003,0.1409,0.021565,0.020739999999999998,28147,0.63,44,0.14073500000000003,
news-source-strategies,RQ3,E3-reach-mitigation,control_reach14_7_wom0,1007,NONE,,,,,14.7,-1.0,0.33,0.0,5.0,1.0,COMPLETE,0.154965,0.19728,0.017375,0.01458,30993,0.6825,41,0.154965,
news-source-strategies,RQ3,E3-reach-mitigation,control_reach14_7_wom0,1008,NONE,,,,,14.7,-1.0,0.33,0.0,5.0,1.0,COMPLETE,0.14627,0.10629999999999999,0.02649,0.0221,29254,0.635,48,0.14627,
news-source-strategies,RQ3,E3-reach-mitigation,control_reach14_7_wom0,1009,NONE,,,,,14.7,-1.0,0.33,0.0,5.0,1.0,COMPLETE,0.14325,0.16776,0.013065,0.011380000000000001,28650,0.655,30,0.14325,
news-source-strategies,RQ3,E3-reach-mitigation,control_reach14_7_wom0,1010,NONE,,,,,14.7,-1.0,0.33,0.0,5.0,1.0,COMPLETE,0.15459,0.15919999999999998,0.023434999999999997,0.02176,30918,0.6975,42,0.15459,
news-source-strategies,RQ3,E3-reach-mitigation,control_reach14_7_wom0,1011,NONE,,,,,14.7,-1.0,0.33,0.0,5.0,1.0,COMPLETE,0.144625,0.11406000000000001,0.02161,0.01864,28925,0.62,48,0.144625,
news-source-strategies,RQ3,E3-reach-mitigation,control_reach14_7_wom0,1012,NONE,,,,,14.7,-1.0,0.33,0.0,5.0,1.0,COMPLETE,0.1359,0.11762,0.01762,0.01436,27180,0.6575,37,0.1359,
news-source-strategies,RQ3,E3-reach-mitigation,control_reach14_7_wom0,1013,NONE,,,,,14.7,-1.0,0.33,0.0,5.0,1.0,COMPLETE,0.133765,0.1351,0.01272,0.008320000000000001,26753,0.6275,42,0.133765,
news-source-strategies,RQ3,E3-reach-mitigation,control_reach14_7_wom0,1014,NONE,,,,,14.7,-1.0,0.33,0.0,5.0,1.0,COMPLETE,0.150315,0.16062,0.020485,0.0214,30063,0.6825,49,0.150315,
news-source-strategies,RQ3,E3-reach-mitigation,control_reach14_7_wom0,1015,NONE,,,,,14.7,-1.0,0.33,0.0,5.0,1.0,COMPLETE,0.152075,0.11408,0.022335,0.02232,30415,0.675,47,0.152075,
news-source-strategies,RQ3,E3-reach-mitigation,control_reach14_7_wom0,1016,NONE,,,,,14.7,-1.0,0.33,0.0,5.0,1.0,COMPLETE,0.16993,0.20882,0.0215,0.019,33986,0.67,44,0.16993,
news-source-strategies,RQ3,E3-reach-mitigation,control_reach14_7_wom0,1017,NONE,,,,,14.7,-1.0,0.33,0.0,5.0,1.0,COMPLETE,0.172195,0.16108,0.019940000000000003,0.0188,34439,0.7125,37,0.172195,
news-source-strategies,RQ3,E3-reach-mitigation,control_reach14_7_wom0,1018,NONE,,,,,14.7,-1.0,0.33,0.0,5.0,1.0,COMPLETE,0.15597999999999998,0.19646,0.015875,0.0158,31196,0.6625,42,0.15597999999999998,
news-source-strategies,RQ3,E3-reach-mitigation,control_reach14_7_wom0,1019,NONE,,,,,14.7,-1.0,0.33,0.0,5.0,1.0,COMPLETE,0.134085,0.11288,0.009134999999999999,0.00634,26817,0.675,40,0.134085,
news-source-strategies,RQ3,E3-reach-mitigation,control_reach14_7_wom0,1020,NONE,,,,,14.7,-1.0,0.33,0.0,5.0,1.0,COMPLETE,0.134565,0.12954,0.01039,0.0065,26913,0.6575,35,0.134565,
news-source-strategies,RQ3,E3-reach-mitigation,control_reach14_7_wom0,1021,NONE,,,,,14.7,-1.0,0.33,0.0,5.0,1.0,COMPLETE,0.117185,0.1035,0.014155,0.0111,23437,0.6575,44,0.117185,
news-source-strategies,RQ3,E3-reach-mitigation,control_reach14_7_wom0,1022,NONE,,,,,14.7,-1.0,0.33,0.0,5.0,1.0,COMPLETE,0.139845,0.13632,0.01848,0.014060000000000001,27969,0.665,37,0.139845,
news-source-strategies,RQ3,E3-reach-mitigation,control_reach14_7_wom0,1023,NONE,,,,,14.7,-1.0,0.33,0.0,5.0,1.0,COMPLETE,0.17155,0.16156,0.019684999999999998,0.01772,34310,0.7325,37,0.17155,
news-source-strategies,RQ3,E3-reach-mitigation,control_reach14_7_wom0,1024,NONE,,,,,14.7,-1.0,0.33,0.0,5.0,1.0,COMPLETE,0.145255,0.15003999999999998,0.018144999999999998,0.01604,29051,0.6525,48,0.145255,
news-source-strategies,RQ3,E3-reach-mitigation,control_reach14_7_wom0,1025,NONE,,,,,14.7,-1.0,0.33,0.0,5.0,1.0,COMPLETE,0.11535,0.13426,0.01394,0.00992,23070,0.625,36,0.11535,
news-source-strategies,RQ3,E3-reach-mitigation,control_reach14_7_wom0,1026,NONE,,,,,14.7,-1.0,0.33,0.0,5.0,1.0,COMPLETE,0.14338499999999998,0.14515999999999998,0.022675,0.019780000000000002,28677,0.6825,39,0.14338499999999998,
news-source-strategies,RQ3,E3-reach-mitigation,control_reach14_7_wom0,1027,NONE,,,,,14.7,-1.0,0.33,0.0,5.0,1.0,COMPLETE,0.13933,0.13184,0.016550000000000002,0.015179999999999999,27866,0.635,40,0.13933,
news-source-strategies,RQ3,E3-reach-mitigation,control_reach14_7_wom0,1028,NONE,,,,,14.7,-1.0,0.33,0.0,5.0,1.0,COMPLETE,0.13211,0.13374,0.005555,0.0014399999999999999,26422,0.6675,35,0.13211,
news-source-strategies,RQ3,E3-reach-mitigation,control_reach14_7_wom0,1029,NONE,,,,,14.7,-1.0,0.33,0.0,5.0,1.0,COMPLETE,0.141975,0.12376000000000001,0.016579999999999998,0.0148,28395,0.6675,46,0.141975,
news-source-strategies,RQ3,E3-reach-mitigation,control_reach14_7_wom0,1030,NONE,,,,,14.7,-1.0,0.33,0.0,5.0,1.0,COMPLETE,0.148985,0.16602,0.01297,0.01166,29797,0.61,40,0.148985,
news-source-strategies,RQ3,E3-reach-mitigation,control_reach14_7_wom1,1001,NONE,,,,,14.7,-1.0,0.33,1.0,5.0,1.0,COMPLETE,0.09531,0.06358,0.002205,0.00047999999999999996,19062,0.69,86,0.09531,
news-source-strategies,RQ3,E3-reach-mitigation,control_reach14_7_wom1,1002,NONE,,,,,14.7,-1.0,0.33,1.0,5.0,1.0,COMPLETE,0.10703499999999999,0.10422,0.0019199999999999998,0.00092,21407,0.6525,75,0.10703499999999999,
news-source-strategies,RQ3,E3-reach-mitigation,control_reach14_7_wom1,1003,NONE,,,,,14.7,-1.0,0.33,1.0,5.0,1.0,COMPLETE,0.13757499999999998,0.17478,0.00438,0.0073,27515,0.6725,144,0.13757499999999998,
news-source-strategies,RQ3,E3-reach-mitigation,control_reach14_7_wom1,1004,NONE,,,,,14.7,-1.0,0.33,1.0,5.0,1.0,COMPLETE,0.09427500000000001,0.05258,0.002245,0.0008,18855,0.66,105,0.09427500000000001,
news-source-strategies,RQ3,E3-reach-mitigation,control_reach14_7_wom1,1005,NONE,,,,,14.7,-1.0,0.33,1.0,5.0,1.0,COMPLETE,0.112985,0.11596,0.00362,0.00302,22597,0.7025,116,0.112985,
news-source-strategies,RQ3,E3-reach-mitigation,control_reach14_7_wom1,1006,NONE,,,,,14.7,-1.0,0.33,1.0,5.0,1.0,COMPLETE,0.104735,0.1036,0.00235,0.00176,20947,0.6775,101,0.104735,
news-source-strategies,RQ3,E3-reach-mitigation,control_reach14_7_wom1,1007,NONE,,,,,14.7,-1.0,0.33,1.0,5.0,1.0,COMPLETE,0.098825,0.10412,0.00182,0.00122,19765,0.6675,81,0.098825,
news-source-strategies,RQ3,E3-reach-mitigation,control_reach14_7_wom1,1008,NONE,,,,,14.7,-1.0,0.33,1.0,5.0,1.0,COMPLETE,0.10674,0.1042,0.0023450000000000003,0.00216,21348,0.655,76,0.10674,
news-source-strategies,RQ3,E3-reach-mitigation,control_reach14_7_wom1,1009,NONE,,,,,14.7,-1.0,0.33,1.0,5.0,1.0,COMPLETE,0.09453,0.07429999999999999,0.002065,0.0018,18906,0.6975,69,0.09453,
news-source-strategies,RQ3,E3-reach-mitigation,control_reach14_7_wom1,1010,NONE,,,,,14.7,-1.0,0.33,1.0,5.0,1.0,COMPLETE,0.12339499999999999,0.14862,0.0034649999999999998,0.00368,24679,0.675,110,0.12339499999999999,
news-source-strategies,RQ3,E3-reach-mitigation,control_reach14_7_wom1,1011,NONE,,,,,14.7,-1.0,0.33,1.0,5.0,1.0,COMPLETE,0.09523999999999999,0.07304000000000001,0.0027,0.00116,19048,0.675,110,0.09523999999999999,
news-source-strategies,RQ3,E3-reach-mitigation,control_reach14_7_wom1,1012,NONE,,,,,14.7,-1.0,0.33,1.0,5.0,1.0,COMPLETE,0.09633499999999999,0.0852,0.00263,0.00136,19267,0.68,89,0.09633499999999999,
news-source-strategies,RQ3,E3-reach-mitigation,control_reach14_7_wom1,1013,NONE,,,,,14.7,-1.0,0.33,1.0,5.0,1.0,COMPLETE,0.08258499999999999,0.0711,0.001485,0.00066,16517,0.6525,63,0.08258499999999999,
news-source-strategies,RQ3,E3-reach-mitigation,control_reach14_7_wom1,1014,NONE,,,,,14.7,-1.0,0.33,1.0,5.0,1.0,COMPLETE,0.09984,0.1183,0.0025299999999999997,0.0022,19968,0.635,97,0.09984,
news-source-strategies,RQ3,E3-reach-mitigation,control_reach14_7_wom1,1015,NONE,,,,,14.7,-1.0,0.33,1.0,5.0,1.0,COMPLETE,0.113285,0.14774,0.0032400000000000003,0.00546,22657,0.6275,120,0.113285,
news-source-strategies,RQ3,E3-reach-mitigation,control_reach14_7_wom1,1016,NONE,,,,,14.7,-1.0,0.33,1.0,5.0,1.0,COMPLETE,0.082895,0.05298,0.0017150000000000002,0.00092,16579,0.6275,74,0.082895,
news-source-strategies,RQ3,E3-reach-mitigation,control_reach14_7_wom1,1017,NONE,,,,,14.7,-1.0,0.33,1.0,5.0,1.0,COMPLETE,0.107475,0.16088,0.0019,0.00222,21495,0.6425,86,0.107475,
news-source-strategies,RQ3,E3-reach-mitigation,control_reach14_7_wom1,1018,NONE,,,,,14.7,-1.0,0.33,1.0,5.0,1.0,COMPLETE,0.08034000000000001,0.062479999999999994,0.001545,0.00078,16068,0.68,72,0.08034000000000001,
news-source-strategies,RQ3,E3-reach-mitigation,control_reach14_7_wom1,1019,NONE,,,,,14.7,-1.0,0.33,1.0,5.0,1.0,COMPLETE,0.09723000000000001,0.09531999999999999,0.001615,0.00146,19446,0.66,73,0.09723000000000001,
news-source-strategies,RQ3,E3-reach-mitigation,control_reach14_7_wom1,1020,NONE,,,,,14.7,-1.0,0.33,1.0,5.0,1.0,COMPLETE,0.08641,0.11374,0.001685,0.00184,17282,0.6575,66,0.08641,
news-source-strategies,RQ3,E3-reach-mitigation,control_reach14_7_wom1,1021,NONE,,,,,14.7,-1.0,0.33,1.0,5.0,1.0,COMPLETE,0.107825,0.09251999999999999,0.00177,0.00088,21565,0.6525,67,0.107825,
news-source-strategies,RQ3,E3-reach-mitigation,control_reach14_7_wom1,1022,NONE,,,,,14.7,-1.0,0.33,1.0,5.0,1.0,COMPLETE,0.087505,0.09731999999999999,0.0017800000000000001,0.00202,17501,0.675,83,0.087505,
news-source-strategies,RQ3,E3-reach-mitigation,control_reach14_7_wom1,1023,NONE,,,,,14.7,-1.0,0.33,1.0,5.0,1.0,COMPLETE,0.08322,0.06246,0.001875,0.00076,16644,0.68,86,0.08322,
news-source-strategies,RQ3,E3-reach-mitigation,control_reach14_7_wom1,1024,NONE,,,,,14.7,-1.0,0.33,1.0,5.0,1.0,COMPLETE,0.103495,0.09345999999999999,0.003,0.00198,20699,0.635,108,0.103495,
news-source-strategies,RQ3,E3-reach-mitigation,control_reach14_7_wom1,1025,NONE,,,,,14.7,-1.0,0.33,1.0,5.0,1.0,COMPLETE,0.09528,0.15652000000000002,0.001645,0.0036,19056,0.69,77,0.09528,
news-source-strategies,RQ3,E3-reach-mitigation,control_reach14_7_wom1,1026,NONE,,,,,14.7,-1.0,0.33,1.0,5.0,1.0,COMPLETE,0.105705,0.08588,0.002475,0.0016200000000000001,21141,0.665,87,0.105705,
news-source-strategies,RQ3,E3-reach-mitigation,control_reach14_7_wom1,1027,NONE,,,,,14.7,-1.0,0.33,1.0,5.0,1.0,COMPLETE,0.08968999999999999,0.02184,0.0019199999999999998,0.00076,17938,0.6775,84,0.08968999999999999,
news-source-strategies,RQ3,E3-reach-mitigation,control_reach14_7_wom1,1028,NONE,,,,,14.7,-1.0,0.33,1.0,5.0,1.0,COMPLETE,0.09439,0.10284,0.00102,0.00068,18878,0.665,50,0.09439,
news-source-strategies,RQ3,E3-reach-mitigation,control_reach14_7_wom1,1029,NONE,,,,,14.7,-1.0,0.33,1.0,5.0,1.0,COMPLETE,0.0586,0.10524,0.00131,0.0009599999999999999,11720,0.6775,76,0.0586,
news-source-strategies,RQ3,E3-reach-mitigation,control_reach14_7_wom1,1030,NONE,,,,,14.7,-1.0,0.33,1.0,5.0,1.0,COMPLETE,0.1031,0.0726,0.00225,0.00108,20620,0.6575,90,0.1031,
news-source-strategies,RQ3,E3-reach-mitigation,control_reach10_0_wom0,1001,NONE,,,,,10.0,-1.0,0.33,0.0,5.0,1.0,COMPLETE,0.169005,0.15208000000000002,0.009005,0.006679999999999999,33801,0.7,24,0.169005,
news-source-strategies,RQ3,E3-reach-mitigation,control_reach10_0_wom0,1002,NONE,,,,,10.0,-1.0,0.33,0.0,5.0,1.0,COMPLETE,0.13663499999999998,0.14524,0.009155,0.00846,27327,0.6425,24,0.13663499999999998,
news-source-strategies,RQ3,E3-reach-mitigation,control_reach10_0_wom0,1003,NONE,,,,,10.0,-1.0,0.33,0.0,5.0,1.0,COMPLETE,0.12969999999999998,0.10864,0.008324999999999999,0.0077599999999999995,25940,0.67,27,0.12969999999999998,
news-source-strategies,RQ3,E3-reach-mitigation,control_reach10_0_wom0,1004,NONE,,,,,10.0,-1.0,0.33,0.0,5.0,1.0,COMPLETE,0.12362999999999999,0.11188,0.006679999999999999,0.0045,24726,0.655,27,0.12362999999999999,
news-source-strategies,RQ3,E3-reach-mitigation,control_reach10_0_wom0,1005,NONE,,,,,10.0,-1.0,0.33,0.0,5.0,1.0,COMPLETE,0.14508500000000002,0.1725,0.011015,0.01082,29017,0.6475,22,0.14508500000000002,
news-source-strategies,RQ3,E3-reach-mitigation,control_reach10_0_wom0,1006,NONE,,,,,10.0,-1.0,0.33,0.0,5.0,1.0,COMPLETE,0.13817,0.13526,0.016085000000000002,0.018260000000000002,27634,0.705,36,0.13817,
news-source-strategies,RQ3,E3-reach-mitigation,control_reach10_0_wom0,1007,NONE,,,,,10.0,-1.0,0.33,0.0,5.0,1.0,COMPLETE,0.154055,0.19728,0.015179999999999999,0.014199999999999999,30811,0.6825,27,0.154055,
news-source-strategies,RQ3,E3-reach-mitigation,control_reach10_0_wom0,1008,NONE,,,,,10.0,-1.0,0.33,0.0,5.0,1.0,COMPLETE,0.130095,0.12918000000000002,0.019135000000000003,0.019440000000000002,26019,0.64,35,0.130095,
news-source-strategies,RQ3,E3-reach-mitigation,control_reach10_0_wom0,1009,NONE,,,,,10.0,-1.0,0.33,0.0,5.0,1.0,COMPLETE,0.13275,0.14934,0.008275000000000001,0.00696,26550,0.6475,23,0.13275,
news-source-strategies,RQ3,E3-reach-mitigation,control_reach10_0_wom0,1010,NONE,,,,,10.0,-1.0,0.33,0.0,5.0,1.0,COMPLETE,0.150445,0.16438,0.016625,0.01422,30089,0.6675,27,0.150445,
news-source-strategies,RQ3,E3-reach-mitigation,control_reach10_0_wom0,1011,NONE,,,,,10.0,-1.0,0.33,0.0,5.0,1.0,COMPLETE,0.163835,0.13932,0.01267,0.01104,32767,0.68,28,0.163835,
news-source-strategies,RQ3,E3-reach-mitigation,control_reach10_0_wom0,1012,NONE,,,,,10.0,-1.0,0.33,0.0,5.0,1.0,COMPLETE,0.15522999999999998,0.13852,0.011984999999999999,0.0124,31046,0.6525,28,0.15522999999999998,
news-source-strategies,RQ3,E3-reach-mitigation,control_reach10_0_wom0,1013,NONE,,,,,10.0,-1.0,0.33,0.0,5.0,1.0,COMPLETE,0.13340000000000002,0.13522,0.011564999999999999,0.0077599999999999995,26680,0.6275,32,0.13340000000000002,
news-source-strategies,RQ3,E3-reach-mitigation,control_reach10_0_wom0,1014,NONE,,,,,10.0,-1.0,0.33,0.0,5.0,1.0,COMPLETE,0.14339,0.13416,0.01452,0.01388,28678,0.6725,35,0.14339,
news-source-strategies,RQ3,E3-reach-mitigation,control_reach10_0_wom0,1015,NONE,,,,,10.0,-1.0,0.33,0.0,5.0,1.0,COMPLETE,0.136115,0.11273999999999999,0.016210000000000002,0.01446,27223,0.6875,35,0.136115,
news-source-strategies,RQ3,E3-reach-mitigation,control_reach10_0_wom0,1016,NONE,,,,,10.0,-1.0,0.33,0.0,5.0,1.0,COMPLETE,0.13636500000000001,0.13524,0.014215,0.01242,27273,0.6675,32,0.13636500000000001,
news-source-strategies,RQ3,E3-reach-mitigation,control_reach10_0_wom0,1017,NONE,,,,,10.0,-1.0,0.33,0.0,5.0,1.0,COMPLETE,0.14134,0.14809999999999998,0.013925,0.01252,28268,0.62,29,0.14134,
news-source-strategies,RQ3,E3-reach-mitigation,control_reach10_0_wom0,1018,NONE,,,,,10.0,-1.0,0.33,0.0,5.0,1.0,COMPLETE,0.155515,0.19622,0.014074999999999999,0.014119999999999999,31103,0.6625,33,0.155515,
news-source-strategies,RQ3,E3-reach-mitigation,control_reach10_0_wom0,1019,NONE,,,,,10.0,-1.0,0.33,0.0,5.0,1.0,COMPLETE,0.125955,0.12476000000000001,0.001625,0.00116,25191,0.6475,24,0.125955,
news-source-strategies,RQ3,E3-reach-mitigation,control_reach10_0_wom0,1020,NONE,,,,,10.0,-1.0,0.33,0.0,5.0,1.0,COMPLETE,0.1262,0.15541999999999997,0.00517,0.00452,25240,0.6575,30,0.1262,
news-source-strategies,RQ3,E3-reach-mitigation,control_reach10_0_wom0,1021,NONE,,,,,10.0,-1.0,0.33,0.0,5.0,1.0,COMPLETE,0.137435,0.13794,0.00974,0.00834,27487,0.6975,34,0.137435,
news-source-strategies,RQ3,E3-reach-mitigation,control_reach10_0_wom0,1022,NONE,,,,,10.0,-1.0,0.33,0.0,5.0,1.0,COMPLETE,0.142745,0.1805,0.012465,0.01106,28549,0.7,23,0.142745,
news-source-strategies,RQ3,E3-reach-mitigation,control_reach10_0_wom0,1023,NONE,,,,,10.0,-1.0,0.33,0.0,5.0,1.0,COMPLETE,0.13244,0.13588,0.009345000000000001,0.00878,26488,0.6475,25,0.13244,
news-source-strategies,RQ3,E3-reach-mitigation,control_reach10_0_wom0,1024,NONE,,,,,10.0,-1.0,0.33,0.0,5.0,1.0,COMPLETE,0.143025,0.14352,0.013195,0.012320000000000001,28605,0.64,34,0.143025,
news-source-strategies,RQ3,E3-reach-mitigation,control_reach10_0_wom0,1025,NONE,,,,,10.0,-1.0,0.33,0.0,5.0,1.0,COMPLETE,0.11519499999999999,0.13482,0.012555,0.0094,23039,0.625,25,0.11519499999999999,
news-source-strategies,RQ3,E3-reach-mitigation,control_reach10_0_wom0,1026,NONE,,,,,10.0,-1.0,0.33,0.0,5.0,1.0,COMPLETE,0.12057,0.09136,0.016050000000000002,0.014320000000000001,24114,0.645,26,0.12057,
news-source-strategies,RQ3,E3-reach-mitigation,control_reach10_0_wom0,1027,NONE,,,,,10.0,-1.0,0.33,0.0,5.0,1.0,COMPLETE,0.13445500000000002,0.10540000000000001,0.013765000000000001,0.013380000000000001,26891,0.68,38,0.13445500000000002,
news-source-strategies,RQ3,E3-reach-mitigation,control_reach10_0_wom0,1028,NONE,,,,,10.0,-1.0,0.33,0.0,5.0,1.0,COMPLETE,0.130905,0.13328,0.00292,0.0011200000000000001,26181,0.6675,20,0.130905,
news-source-strategies,RQ3,E3-reach-mitigation,control_reach10_0_wom0,1029,NONE,,,,,10.0,-1.0,0.33,0.0,5.0,1.0,COMPLETE,0.13816499999999998,0.10414,0.01019,0.0067599999999999995,27633,0.705,29,0.13816499999999998,
news-source-strategies,RQ3,E3-reach-mitigation,control_reach10_0_wom0,1030,NONE,,,,,10.0,-1.0,0.33,0.0,5.0,1.0,COMPLETE,0.148115,0.16591999999999998,0.01139,0.011519999999999999,29623,0.61,25,0.148115,
news-source-strategies,RQ3,E3-reach-mitigation,control_reach10_0_wom1,1001,NONE,,,,,10.0,-1.0,0.33,1.0,5.0,1.0,COMPLETE,0.14020500000000002,0.16522,0.003125,0.0058200000000000005,28041,0.65,93,0.14020500000000002,
news-source-strategies,RQ3,E3-reach-mitigation,control_reach10_0_wom1,1002,NONE,,,,,10.0,-1.0,0.33,1.0,5.0,1.0,COMPLETE,0.09375499999999999,0.07343999999999999,0.00141,0.00028000000000000003,18751,0.6725,61,0.09375499999999999,
news-source-strategies,RQ3,E3-reach-mitigation,control_reach10_0_wom1,1003,NONE,,,,,10.0,-1.0,0.33,1.0,5.0,1.0,COMPLETE,0.121395,0.16504,0.00199,0.0048,24279,0.655,80,0.121395,
news-source-strategies,RQ3,E3-reach-mitigation,control_reach10_0_wom1,1004,NONE,,,,,10.0,-1.0,0.33,1.0,5.0,1.0,COMPLETE,0.093825,0.05246,0.001655,0.00066,18765,0.66,80,0.093825,
news-source-strategies,RQ3,E3-reach-mitigation,control_reach10_0_wom1,1005,NONE,,,,,10.0,-1.0,0.33,1.0,5.0,1.0,COMPLETE,0.09544,0.10615999999999999,0.001095,0.0011200000000000001,19088,0.6825,47,0.09544,
news-source-strategies,RQ3,E3-reach-mitigation,control_reach10_0_wom1,1006,NONE,,,,,10.0,-1.0,0.33,1.0,5.0,1.0,COMPLETE,0.07836,0.08272,0.000985,0.0006,15672,0.6625,58,0.07836,
news-source-strategies,RQ3,E3-reach-mitigation,control_reach10_0_wom1,1007,NONE,,,,,10.0,-1.0,0.33,1.0,5.0,1.0,COMPLETE,0.098615,0.10382,0.0014199999999999998,0.0008399999999999999,19723,0.6675,65,0.098615,
news-source-strategies,RQ3,E3-reach-mitigation,control_reach10_0_wom1,1008,NONE,,,,,10.0,-1.0,0.33,1.0,5.0,1.0,COMPLETE,0.12202500000000001,0.13648,0.001895,0.0016,24405,0.68,61,0.12202500000000001,
news-source-strategies,RQ3,E3-reach-mitigation,control_reach10_0_wom1,1009,NONE,,,,,10.0,-1.0,0.33,1.0,5.0,1.0,COMPLETE,0.07739,0.06344,0.001045,0.00108,15478,0.66,58,0.07739,
news-source-strategies,RQ3,E3-reach-mitigation,control_reach10_0_wom1,1010,NONE,,,,,10.0,-1.0,0.33,1.0,5.0,1.0,COMPLETE,0.10359499999999999,0.09472,0.002145,0.0017800000000000001,20719,0.6525,84,0.10359499999999999,
news-source-strategies,RQ3,E3-reach-mitigation,control_reach10_0_wom1,1011,NONE,,,,,10.0,-1.0,0.33,1.0,5.0,1.0,COMPLETE,0.08174,0.09337999999999999,0.00123,0.0012,16348,0.6375,52,0.08174,
news-source-strategies,RQ3,E3-reach-mitigation,control_reach10_0_wom1,1012,NONE,,,,,10.0,-1.0,0.33,1.0,5.0,1.0,COMPLETE,0.11404500000000001,0.11578000000000001,0.0025800000000000003,0.0014399999999999999,22809,0.7125,77,0.11404500000000001,
news-source-strategies,RQ3,E3-reach-mitigation,control_reach10_0_wom1,1013,NONE,,,,,10.0,-1.0,0.33,1.0,5.0,1.0,COMPLETE,0.08237,0.07084,0.001065,0.00026000000000000003,16474,0.6525,44,0.08237,
news-source-strategies,RQ3,E3-reach-mitigation,control_reach10_0_wom1,1014,NONE,,,,,10.0,-1.0,0.33,1.0,5.0,1.0,COMPLETE,0.11564,0.14518,0.001615,0.00176,23128,0.605,67,0.11564,
news-source-strategies,RQ3,E3-reach-mitigation,control_reach10_0_wom1,1015,NONE,,,,,10.0,-1.0,0.33,1.0,5.0,1.0,COMPLETE,0.069765,0.09584000000000001,0.000915,0.0007199999999999999,13953,0.73,50,0.069765,
news-source-strategies,RQ3,E3-reach-mitigation,control_reach10_0_wom1,1016,NONE,,,,,10.0,-1.0,0.33,1.0,5.0,1.0,COMPLETE,0.10385,0.08262,0.0014650000000000002,0.00076,20770,0.6725,65,0.10385,
news-source-strategies,RQ3,E3-reach-mitigation,control_reach10_0_wom1,1017,NONE,,,,,10.0,-1.0,0.33,1.0,5.0,1.0,COMPLETE,0.09101000000000001,0.05154,0.00172,0.00078,18202,0.665,61,0.09101000000000001,
news-source-strategies,RQ3,E3-reach-mitigation,control_reach10_0_wom1,1018,NONE,,,,,10.0,-1.0,0.33,1.0,5.0,1.0,COMPLETE,0.080235,0.062340000000000007,0.00133,0.0005,16047,0.68,58,0.080235,
news-source-strategies,RQ3,E3-reach-mitigation,control_reach10_0_wom1,1019,NONE,,,,,10.0,-1.0,0.33,1.0,5.0,1.0,COMPLETE,0.12456999999999999,0.14642,0.001885,0.00148,24914,0.64,62,0.12456999999999999,
news-source-strategies,RQ3,E3-reach-mitigation,control_reach10_0_wom1,1020,NONE,,,,,10.0,-1.0,0.33,1.0,5.0,1.0,COMPLETE,0.10371,0.12312000000000001,0.0015300000000000001,0.00266,20742,0.665,61,0.10371,
news-source-strategies,RQ3,E3-reach-mitigation,control_reach10_0_wom1,1021,NONE,,,,,10.0,-1.0,0.33,1.0,5.0,1.0,COMPLETE,0.099105,0.062,0.001605,0.00054,19821,0.7225,61,0.099105,
news-source-strategies,RQ3,E3-reach-mitigation,control_reach10_0_wom1,1022,NONE,,,,,10.0,-1.0,0.33,1.0,5.0,1.0,COMPLETE,0.074045,0.05288,0.00099,0.0004,14809,0.6875,71,0.074045,
news-source-strategies,RQ3,E3-reach-mitigation,control_reach10_0_wom1,1023,NONE,,,,,10.0,-1.0,0.33,1.0,5.0,1.0,COMPLETE,0.11075499999999999,0.09282,0.00272,0.0011799999999999998,22151,0.66,105,0.11075499999999999,
news-source-strategies,RQ3,E3-reach-mitigation,control_reach10_0_wom1,1024,NONE,,,,,10.0,-1.0,0.33,1.0,5.0,1.0,COMPLETE,0.110825,0.11572,0.0019950000000000002,0.00166,22165,0.6675,88,0.110825,
news-source-strategies,RQ3,E3-reach-mitigation,control_reach10_0_wom1,1025,NONE,,,,,10.0,-1.0,0.33,1.0,5.0,1.0,COMPLETE,0.09508499999999999,0.15616,0.0012,0.0029,19017,0.69,60,0.09508499999999999,
news-source-strategies,RQ3,E3-reach-mitigation,control_reach10_0_wom1,1026,NONE,,,,,10.0,-1.0,0.33,1.0,5.0,1.0,COMPLETE,0.09478,0.11226,0.0012749999999999999,0.0008,18956,0.695,53,0.09478,
news-source-strategies,RQ3,E3-reach-mitigation,control_reach10_0_wom1,1027,NONE,,,,,10.0,-1.0,0.33,1.0,5.0,1.0,COMPLETE,0.070055,0.10368000000000001,0.001035,0.00122,14011,0.655,60,0.070055,
news-source-strategies,RQ3,E3-reach-mitigation,control_reach10_0_wom1,1028,NONE,,,,,10.0,-1.0,0.33,1.0,5.0,1.0,COMPLETE,0.09419499999999999,0.10268000000000001,0.00065,0.0005200000000000001,18839,0.665,31,0.09419499999999999,
news-source-strategies,RQ3,E3-reach-mitigation,control_reach10_0_wom1,1029,NONE,,,,,10.0,-1.0,0.33,1.0,5.0,1.0,COMPLETE,0.1237,0.05088,0.001445,0.00062,24740,0.6325,54,0.1237,
news-source-strategies,RQ3,E3-reach-mitigation,control_reach10_0_wom1,1030,NONE,,,,,10.0,-1.0,0.33,1.0,5.0,1.0,COMPLETE,0.10272,0.07256,0.0015149999999999999,0.00074,20544,0.6575,58,0.10272,
news-source-strategies,RQ3,E3-reach-mitigation,control_reach5_0_wom0,1001,NONE,,,,,5.0,-1.0,0.33,0.0,5.0,1.0,COMPLETE,0.14880500000000002,0.14746,0.004065,0.0029,29761,0.63,12,0.14880500000000002,
news-source-strategies,RQ3,E3-reach-mitigation,control_reach5_0_wom0,1002,NONE,,,,,5.0,-1.0,0.33,0.0,5.0,1.0,COMPLETE,0.13494499999999998,0.13006,0.00309,0.004059999999999999,26989,0.635,11,0.13494499999999998,
news-source-strategies,RQ3,E3-reach-mitigation,control_reach5_0_wom0,1003,NONE,,,,,5.0,-1.0,0.33,0.0,5.0,1.0,COMPLETE,0.12695,0.10694,0.00067,0.00047999999999999996,25390,0.65,11,0.12695,
news-source-strategies,RQ3,E3-reach-mitigation,control_reach5_0_wom0,1004,NONE,,,,,5.0,-1.0,0.33,0.0,5.0,1.0,COMPLETE,0.15095,0.16913999999999998,0.00207,0.0,30190,0.69,10,0.15095,
news-source-strategies,RQ3,E3-reach-mitigation,control_reach5_0_wom0,1005,NONE,,,,,5.0,-1.0,0.33,0.0,5.0,1.0,COMPLETE,0.15390500000000001,0.14648,0.004900000000000001,0.0054,30781,0.6825,11,0.15390500000000001,
news-source-strategies,RQ3,E3-reach-mitigation,control_reach5_0_wom0,1006,NONE,,,,,5.0,-1.0,0.33,0.0,5.0,1.0,COMPLETE,0.14113,0.15252000000000002,0.008605,0.00774,28226,0.715,17,0.14113,
news-source-strategies,RQ3,E3-reach-mitigation,control_reach5_0_wom0,1007,NONE,,,,,5.0,-1.0,0.33,0.0,5.0,1.0,COMPLETE,0.158005,0.19802,0.007845,0.00818,31601,0.6825,15,0.158005,
news-source-strategies,RQ3,E3-reach-mitigation,control_reach5_0_wom0,1008,NONE,,,,,5.0,-1.0,0.33,0.0,5.0,1.0,COMPLETE,0.144725,0.13626,0.007764999999999999,0.00556,28945,0.695,18,0.144725,
news-source-strategies,RQ3,E3-reach-mitigation,control_reach5_0_wom0,1009,NONE,,,,,5.0,-1.0,0.33,0.0,5.0,1.0,COMPLETE,0.13231,0.14934,0.007625,0.00696,26462,0.6475,18,0.13231,
news-source-strategies,RQ3,E3-reach-mitigation,control_reach5_0_wom0,1010,NONE,,,,,5.0,-1.0,0.33,0.0,5.0,1.0,COMPLETE,0.1375,0.12314,0.013664999999999998,0.01214,27500,0.62,18,0.1375,
news-source-strategies,RQ3,E3-reach-mitigation,control_reach5_0_wom0,1011,NONE,,,,,5.0,-1.0,0.33,0.0,5.0,1.0,COMPLETE,0.15054499999999998,0.1536,0.00132,0.00234,30109,0.6675,11,0.15054499999999998,
news-source-strategies,RQ3,E3-reach-mitigation,control_reach5_0_wom0,1012,NONE,,,,,5.0,-1.0,0.33,0.0,5.0,1.0,COMPLETE,0.13163999999999998,0.13018000000000002,0.00907,0.01036,26328,0.6325,14,0.13163999999999998,
news-source-strategies,RQ3,E3-reach-mitigation,control_reach5_0_wom0,1013,NONE,,,,,5.0,-1.0,0.33,0.0,5.0,1.0,COMPLETE,0.14575,0.14426,0.0039700000000000004,0.00372,29150,0.685,12,0.14575,
news-source-strategies,RQ3,E3-reach-mitigation,control_reach5_0_wom0,1014,NONE,,,,,5.0,-1.0,0.33,0.0,5.0,1.0,COMPLETE,0.143195,0.12598,0.012085,0.01084,28639,0.665,22,0.143195,
news-source-strategies,RQ3,E3-reach-mitigation,control_reach5_0_wom0,1015,NONE,,,,,5.0,-1.0,0.33,0.0,5.0,1.0,COMPLETE,0.13644,0.13572,0.00857,0.008039999999999999,27288,0.6475,18,0.13644,
news-source-strategies,RQ3,E3-reach-mitigation,control_reach5_0_wom0,1016,NONE,,,,,5.0,-1.0,0.33,0.0,5.0,1.0,COMPLETE,0.13535,0.15824000000000002,0.008785,0.008119999999999999,27070,0.675,16,0.13535,
news-source-strategies,RQ3,E3-reach-mitigation,control_reach5_0_wom0,1017,NONE,,,,,5.0,-1.0,0.33,0.0,5.0,1.0,COMPLETE,0.11909499999999999,0.12362000000000001,0.004085,0.0041600000000000005,23819,0.6575,17,0.11909499999999999,
news-source-strategies,RQ3,E3-reach-mitigation,control_reach5_0_wom0,1018,NONE,,,,,5.0,-1.0,0.33,0.0,5.0,1.0,COMPLETE,0.125205,0.10028000000000001,0.003835,0.00328,25041,0.6675,10,0.125205,
news-source-strategies,RQ3,E3-reach-mitigation,control_reach5_0_wom0,1019,NONE,,,,,5.0,-1.0,0.33,0.0,5.0,1.0,COMPLETE,0.12581,0.12462000000000001,0.001355,0.0011200000000000001,25162,0.6475,12,0.12581,
news-source-strategies,RQ3,E3-reach-mitigation,control_reach5_0_wom0,1020,NONE,,,,,5.0,-1.0,0.33,0.0,5.0,1.0,COMPLETE,0.125995,0.1554,0.0039900000000000005,0.00272,25199,0.6575,20,0.125995,
news-source-strategies,RQ3,E3-reach-mitigation,control_reach5_0_wom0,1021,NONE,,,,,5.0,-1.0,0.33,0.0,5.0,1.0,COMPLETE,0.119645,0.10034,0.005215,0.0041600000000000005,23929,0.695,15,0.119645,
news-source-strategies,RQ3,E3-reach-mitigation,control_reach5_0_wom0,1022,NONE,,,,,5.0,-1.0,0.33,0.0,5.0,1.0,COMPLETE,0.134265,0.13926,0.00643,0.0067,26853,0.6425,10,0.134265,
news-source-strategies,RQ3,E3-reach-mitigation,control_reach5_0_wom0,1023,NONE,,,,,5.0,-1.0,0.33,0.0,5.0,1.0,COMPLETE,0.125805,0.12822,0.00296,0.00212,25161,0.7,11,0.125805,
news-source-strategies,RQ3,E3-reach-mitigation,control_reach5_0_wom0,1024,NONE,,,,,5.0,-1.0,0.33,0.0,5.0,1.0,COMPLETE,0.134785,0.1045,0.008215,0.0075,26957,0.6325,19,0.134785,
news-source-strategies,RQ3,E3-reach-mitigation,control_reach5_0_wom0,1025,NONE,,,,,5.0,-1.0,0.33,0.0,5.0,1.0,COMPLETE,0.142655,0.14953999999999998,0.004455,0.00404,28531,0.6675,11,0.142655,
news-source-strategies,RQ3,E3-reach-mitigation,control_reach5_0_wom0,1026,NONE,,,,,5.0,-1.0,0.33,0.0,5.0,1.0,COMPLETE,0.14033500000000002,0.16058,0.012675,0.01308,28067,0.67,12,0.14033500000000002,
news-source-strategies,RQ3,E3-reach-mitigation,control_reach5_0_wom0,1027,NONE,,,,,5.0,-1.0,0.33,0.0,5.0,1.0,COMPLETE,0.11928,0.104,0.001875,0.0008,23856,0.645,16,0.11928,
news-source-strategies,RQ3,E3-reach-mitigation,control_reach5_0_wom0,1028,NONE,,,,,5.0,-1.0,0.33,0.0,5.0,1.0,COMPLETE,0.129435,0.13326,0.001055,0.00108,25887,0.6675,8,0.129435,
news-source-strategies,RQ3,E3-reach-mitigation,control_reach5_0_wom0,1029,NONE,,,,,5.0,-1.0,0.33,0.0,5.0,1.0,COMPLETE,0.127965,0.13512000000000002,0.00411,0.00588,25593,0.625,17,0.127965,
news-source-strategies,RQ3,E3-reach-mitigation,control_reach5_0_wom0,1030,NONE,,,,,5.0,-1.0,0.33,0.0,5.0,1.0,COMPLETE,0.13757499999999998,0.12398,0.0083,0.00852,27515,0.65,16,0.13757499999999998,
news-source-strategies,RQ3,E3-reach-mitigation,control_reach5_0_wom1,1001,NONE,,,,,5.0,-1.0,0.33,1.0,5.0,1.0,COMPLETE,0.09609000000000001,0.09518,0.000415,0.00038,19218,0.67,23,0.09609000000000001,
news-source-strategies,RQ3,E3-reach-mitigation,control_reach5_0_wom1,1002,NONE,,,,,5.0,-1.0,0.33,1.0,5.0,1.0,COMPLETE,0.11138500000000001,0.07284,0.00063,5.9999999999999995e-05,22277,0.64,29,0.11138500000000001,
news-source-strategies,RQ3,E3-reach-mitigation,control_reach5_0_wom1,1003,NONE,,,,,5.0,-1.0,0.33,1.0,5.0,1.0,COMPLETE,0.077565,0.062240000000000004,0.00066,0.00035999999999999997,15513,0.6775,28,0.077565,
news-source-strategies,RQ3,E3-reach-mitigation,control_reach5_0_wom1,1004,NONE,,,,,5.0,-1.0,0.33,1.0,5.0,1.0,COMPLETE,0.10714499999999999,0.05258,0.000955,0.00046,21429,0.705,36,0.10714499999999999,
news-source-strategies,RQ3,E3-reach-mitigation,control_reach5_0_wom1,1005,NONE,,,,,5.0,-1.0,0.33,1.0,5.0,1.0,COMPLETE,0.113095,0.13692,0.00087,0.00156,22619,0.6675,31,0.113095,
news-source-strategies,RQ3,E3-reach-mitigation,control_reach5_0_wom1,1006,NONE,,,,,5.0,-1.0,0.33,1.0,5.0,1.0,COMPLETE,0.087325,0.09354000000000001,0.0007650000000000001,0.0011,17465,0.67,40,0.087325,
news-source-strategies,RQ3,E3-reach-mitigation,control_reach5_0_wom1,1007,NONE,,,,,5.0,-1.0,0.33,1.0,5.0,1.0,COMPLETE,0.07765999999999999,0.06386,0.0006450000000000001,0.0005200000000000001,15532,0.635,36,0.07765999999999999,
news-source-strategies,RQ3,E3-reach-mitigation,control_reach5_0_wom1,1008,NONE,,,,,5.0,-1.0,0.33,1.0,5.0,1.0,COMPLETE,0.08888,0.042140000000000004,0.00075,0.00041999999999999996,17776,0.6225,28,0.08888,
news-source-strategies,RQ3,E3-reach-mitigation,control_reach5_0_wom1,1009,NONE,,,,,5.0,-1.0,0.33,1.0,5.0,1.0,COMPLETE,0.07726000000000001,0.06314,0.000785,0.00068,15452,0.66,41,0.07726000000000001,
news-source-strategies,RQ3,E3-reach-mitigation,control_reach5_0_wom1,1010,NONE,,,,,5.0,-1.0,0.33,1.0,5.0,1.0,COMPLETE,0.06885,0.05244,0.00049,0.00026000000000000003,13770,0.6725,24,0.06885,
news-source-strategies,RQ3,E3-reach-mitigation,control_reach5_0_wom1,1011,NONE,,,,,5.0,-1.0,0.33,1.0,5.0,1.0,COMPLETE,0.11182500000000001,0.11518,0.000795,0.00026000000000000003,22365,0.6525,24,0.11182500000000001,
news-source-strategies,RQ3,E3-reach-mitigation,control_reach5_0_wom1,1012,NONE,,,,,5.0,-1.0,0.33,1.0,5.0,1.0,COMPLETE,0.08834,0.020640000000000002,0.00055,0.0001,17668,0.6575,22,0.08834,
news-source-strategies,RQ3,E3-reach-mitigation,control_reach5_0_wom1,1013,NONE,,,,,5.0,-1.0,0.33,1.0,5.0,1.0,COMPLETE,0.090405,0.12522,0.00041999999999999996,0.00068,18081,0.6775,23,0.090405,
news-source-strategies,RQ3,E3-reach-mitigation,control_reach5_0_wom1,1014,NONE,,,,,5.0,-1.0,0.33,1.0,5.0,1.0,COMPLETE,0.08977,0.10723999999999999,0.001155,0.0016200000000000001,17954,0.68,46,0.08977,
news-source-strategies,RQ3,E3-reach-mitigation,control_reach5_0_wom1,1015,NONE,,,,,5.0,-1.0,0.33,1.0,5.0,1.0,COMPLETE,0.09336,0.10723999999999999,0.00069,0.0005200000000000001,18672,0.66,24,0.09336,
news-source-strategies,RQ3,E3-reach-mitigation,control_reach5_0_wom1,1016,NONE,,,,,5.0,-1.0,0.33,1.0,5.0,1.0,COMPLETE,0.06723,0.040799999999999996,0.000555,0.00026000000000000003,13446,0.67,25,0.06723,
news-source-strategies,RQ3,E3-reach-mitigation,control_reach5_0_wom1,1017,NONE,,,,,5.0,-1.0,0.33,1.0,5.0,1.0,COMPLETE,0.10735,0.10796,0.001055,0.0010400000000000001,21470,0.6625,43,0.10735,
news-source-strategies,RQ3,E3-reach-mitigation,control_reach5_0_wom1,1018,NONE,,,,,5.0,-1.0,0.33,1.0,5.0,1.0,COMPLETE,0.083485,0.04356,0.00044,0.00026000000000000003,16697,0.6775,20,0.083485,
news-source-strategies,RQ3,E3-reach-mitigation,control_reach5_0_wom1,1019,NONE,,,,,5.0,-1.0,0.33,1.0,5.0,1.0,COMPLETE,0.12422,0.14608000000000002,0.0009,0.00068,24844,0.64,31,0.12422,
news-source-strategies,RQ3,E3-reach-mitigation,control_reach5_0_wom1,1020,NONE,,,,,5.0,-1.0,0.33,1.0,5.0,1.0,COMPLETE,0.10404000000000001,0.12478,0.0009649999999999999,0.00132,20808,0.665,39,0.10404000000000001,
news-source-strategies,RQ3,E3-reach-mitigation,control_reach5_0_wom1,1021,NONE,,,,,5.0,-1.0,0.33,1.0,5.0,1.0,COMPLETE,0.14133500000000002,0.12392,0.00082,0.0004,28267,0.67,27,0.14133500000000002,
news-source-strategies,RQ3,E3-reach-mitigation,control_reach5_0_wom1,1022,NONE,,,,,5.0,-1.0,0.33,1.0,5.0,1.0,COMPLETE,0.10981,0.13366,0.0006,0.0005,21962,0.66,26,0.10981,
news-source-strategies,RQ3,E3-reach-mitigation,control_reach5_0_wom1,1023,NONE,,,,,5.0,-1.0,0.33,1.0,5.0,1.0,COMPLETE,0.123105,0.18086000000000002,0.0009599999999999999,0.0011,24621,0.6825,29,0.123105,
news-source-strategies,RQ3,E3-reach-mitigation,control_reach5_0_wom1,1024,NONE,,,,,5.0,-1.0,0.33,1.0,5.0,1.0,COMPLETE,0.09929,0.10624,0.001165,0.0008,19858,0.6675,42,0.09929,
news-source-strategies,RQ3,E3-reach-mitigation,control_reach5_0_wom1,1025,NONE,,,,,5.0,-1.0,0.33,1.0,5.0,1.0,COMPLETE,0.11602,0.07392,0.000585,4e-05,23204,0.6375,25,0.11602,
news-source-strategies,RQ3,E3-reach-mitigation,control_reach5_0_wom1,1026,NONE,,,,,5.0,-1.0,0.33,1.0,5.0,1.0,COMPLETE,0.10924500000000001,0.0845,0.0006,0.00022,21849,0.7225,20,0.10924500000000001,
news-source-strategies,RQ3,E3-reach-mitigation,control_reach5_0_wom1,1027,NONE,,,,,5.0,-1.0,0.33,1.0,5.0,1.0,COMPLETE,0.089195,0.12664,0.001385,0.00276,17839,0.6975,55,0.089195,
news-source-strategies,RQ3,E3-reach-mitigation,control_reach5_0_wom1,1028,NONE,,,,,5.0,-1.0,0.33,1.0,5.0,1.0,COMPLETE,0.09397499999999999,0.1024,0.000215,5.9999999999999995e-05,18795,0.665,12,0.09397499999999999,
news-source-strategies,RQ3,E3-reach-mitigation,control_reach5_0_wom1,1029,NONE,,,,,5.0,-1.0,0.33,1.0,5.0,1.0,COMPLETE,0.09406,0.0613,0.00091,0.00054,18812,0.6825,38,0.09406,
news-source-strategies,RQ3,E3-reach-mitigation,control_reach5_0_wom1,1030,NONE,,,,,5.0,-1.0,0.33,1.0,5.0,1.0,COMPLETE,0.08552,0.07429999999999999,0.00088,0.00064,17104,0.645,37,0.08552,
news-source-strategies,RQ3,E3-reach-mitigation,control_reach1_0_wom0,1001,NONE,,,,,1.0,-1.0,0.33,0.0,5.0,1.0,COMPLETE,0.13022999999999998,0.0884,0.00043,2e-05,26046,0.7075,6,0.13022999999999998,
news-source-strategies,RQ3,E3-reach-mitigation,control_reach1_0_wom0,1002,NONE,,,,,1.0,-1.0,0.33,0.0,5.0,1.0,COMPLETE,0.13341,0.11273999999999999,0.0001,0.00023999999999999998,26682,0.6475,3,0.13341,
news-source-strategies,RQ3,E3-reach-mitigation,control_reach1_0_wom0,1003,NONE,,,,,1.0,-1.0,0.33,0.0,5.0,1.0,COMPLETE,0.12652,0.10656,0.00016,0.00038,25304,0.65,2,0.12652,
news-source-strategies,RQ3,E3-reach-mitigation,control_reach1_0_wom0,1004,NONE,,,,,1.0,-1.0,0.33,0.0,5.0,1.0,COMPLETE,0.14997,0.16913999999999998,5e-06,0.0,29994,0.69,1,0.14997,
news-source-strategies,RQ3,E3-reach-mitigation,control_reach1_0_wom0,1005,NONE,,,,,1.0,-1.0,0.33,0.0,5.0,1.0,COMPLETE,0.13261,0.15231999999999998,0.0020800000000000003,0.002,26522,0.6425,2,0.13261,
news-source-strategies,RQ3,E3-reach-mitigation,control_reach1_0_wom0,1006,NONE,,,,,1.0,-1.0,0.33,0.0,5.0,1.0,COMPLETE,0.141625,0.13334000000000001,0.00411,0.004,28325,0.65,5,0.141625,
news-source-strategies,RQ3,E3-reach-mitigation,control_reach1_0_wom0,1007,NONE,,,,,1.0,-1.0,0.33,0.0,5.0,1.0,COMPLETE,0.148385,0.17062,0.000925,0.0,29677,0.65,3,0.148385,
news-source-strategies,RQ3,E3-reach-mitigation,control_reach1_0_wom0,1008,NONE,,,,,1.0,-1.0,0.33,0.0,5.0,1.0,COMPLETE,0.15124500000000002,0.15703999999999999,0.000335,0.0,30249,0.68,3,0.15124500000000002,
news-source-strategies,RQ3,E3-reach-mitigation,control_reach1_0_wom0,1009,NONE,,,,,1.0,-1.0,0.33,0.0,5.0,1.0,COMPLETE,0.16942500000000002,0.15806,0.00020999999999999998,0.0,33885,0.6825,1,0.16942500000000002,
news-source-strategies,RQ3,E3-reach-mitigation,control_reach1_0_wom0,1010,NONE,,,,,1.0,-1.0,0.33,0.0,5.0,1.0,COMPLETE,0.126825,0.12678,0.002,0.002,25365,0.67,1,0.126825,
news-source-strategies,RQ3,E3-reach-mitigation,control_reach1_0_wom0,1011,NONE,,,,,1.0,-1.0,0.33,0.0,5.0,1.0,COMPLETE,0.150505,0.15396,0.000365,0.00138,30101,0.6675,1,0.150505,
news-source-strategies,RQ3,E3-reach-mitigation,control_reach1_0_wom0,1012,NONE,,,,,1.0,-1.0,0.33,0.0,5.0,1.0,COMPLETE,0.14428,0.1802,0.002,0.002,28856,0.7175,1,0.14428,
news-source-strategies,RQ3,E3-reach-mitigation,control_reach1_0_wom0,1013,NONE,,,,,1.0,-1.0,0.33,0.0,5.0,1.0,COMPLETE,0.127135,0.11785999999999999,0.001045,4e-05,25427,0.68,4,0.127135,
news-source-strategies,RQ3,E3-reach-mitigation,control_reach1_0_wom0,1014,NONE,,,,,1.0,-1.0,0.33,0.0,5.0,1.0,COMPLETE,0.13019999999999998,0.14298,0.004475,0.00418,26040,0.665,9,0.13019999999999998,
news-source-strategies,RQ3,E3-reach-mitigation,control_reach1_0_wom0,1015,NONE,,,,,1.0,-1.0,0.33,0.0,5.0,1.0,COMPLETE,0.12557,0.13354,5e-06,0.0,25114,0.6775,1,0.12557,
news-source-strategies,RQ3,E3-reach-mitigation,control_reach1_0_wom0,1016,NONE,,,,,1.0,-1.0,0.33,0.0,5.0,1.0,COMPLETE,0.143725,0.14844,0.0020099999999999996,0.00202,28745,0.6825,2,0.143725,
news-source-strategies,RQ3,E3-reach-mitigation,control_reach1_0_wom0,1017,NONE,,,,,1.0,-1.0,0.33,0.0,5.0,1.0,COMPLETE,0.12456999999999999,0.09778,0.00025,0.0,24914,0.6925,1,0.12456999999999999,
news-source-strategies,RQ3,E3-reach-mitigation,control_reach1_0_wom0,1018,NONE,,,,,1.0,-1.0,0.33,0.0,5.0,1.0,COMPLETE,0.12548,0.09968,0.00017,0.0,25096,0.67,3,0.12548,
news-source-strategies,RQ3,E3-reach-mitigation,control_reach1_0_wom0,1019,NONE,,,,,1.0,-1.0,0.33,0.0,5.0,1.0,COMPLETE,0.12490000000000001,0.12356,4.4999999999999996e-05,0.0,24980,0.6475,1,0.12490000000000001,
news-source-strategies,RQ3,E3-reach-mitigation,control_reach1_0_wom0,1020,NONE,,,,,1.0,-1.0,0.33,0.0,5.0,1.0,COMPLETE,0.131435,0.12884,3.5000000000000004e-05,4e-05,26287,0.66,4,0.131435,
news-source-strategies,RQ3,E3-reach-mitigation,control_reach1_0_wom0,1021,NONE,,,,,1.0,-1.0,0.33,0.0,5.0,1.0,COMPLETE,0.13698500000000002,0.11664,0.00078,0.00106,27397,0.635,3,0.13698500000000002,
news-source-strategies,RQ3,E3-reach-mitigation,control_reach1_0_wom0,1022,NONE,,,,,1.0,-1.0,0.33,0.0,5.0,1.0,COMPLETE,0.123445,0.1273,0.0023650000000000003,0.0023799999999999997,24689,0.6425,3,0.123445,
news-source-strategies,RQ3,E3-reach-mitigation,control_reach1_0_wom0,1023,NONE,,,,,1.0,-1.0,0.33,0.0,5.0,1.0,COMPLETE,0.12298999999999999,0.09745999999999999,0.00040500000000000003,0.0,24598,0.6525,3,0.12298999999999999,
news-source-strategies,RQ3,E3-reach-mitigation,control_reach1_0_wom0,1024,NONE,,,,,1.0,-1.0,0.33,0.0,5.0,1.0,COMPLETE,0.1449,0.12694,0.002665,0.002,28980,0.6525,3,0.1449,
news-source-strategies,RQ3,E3-reach-mitigation,control_reach1_0_wom0,1025,NONE,,,,,1.0,-1.0,0.33,0.0,5.0,1.0,COMPLETE,0.15321,0.14126,0.000585,0.00174,30642,0.6875,3,0.15321,
news-source-strategies,RQ3,E3-reach-mitigation,control_reach1_0_wom0,1026,NONE,,,,,1.0,-1.0,0.33,0.0,5.0,1.0,COMPLETE,0.130355,0.1367,0.0020350000000000004,0.002,26071,0.685,3,0.130355,
news-source-strategies,RQ3,E3-reach-mitigation,control_reach1_0_wom0,1027,NONE,,,,,1.0,-1.0,0.33,0.0,5.0,1.0,COMPLETE,0.118565,0.1036,0.00082,0.0,23713,0.645,3,0.118565,
news-source-strategies,RQ3,E3-reach-mitigation,control_reach1_0_wom0,1028,NONE,,,,,1.0,-1.0,0.33,0.0,5.0,1.0,COMPLETE,0.12890000000000001,0.13244,4.4999999999999996e-05,0.0,25780,0.6675,3,0.12890000000000001,
news-source-strategies,RQ3,E3-reach-mitigation,control_reach1_0_wom0,1029,NONE,,,,,1.0,-1.0,0.33,0.0,5.0,1.0,COMPLETE,0.127025,0.13382,0.002055,0.00212,25405,0.625,4,0.127025,
news-source-strategies,RQ3,E3-reach-mitigation,control_reach1_0_wom0,1030,NONE,,,,,1.0,-1.0,0.33,0.0,5.0,1.0,COMPLETE,0.14306,0.14908000000000002,0.00038,0.0,28612,0.65,2,0.14306,
news-source-strategies,RQ3,E3-reach-mitigation,control_reach1_0_wom1,1001,NONE,,,,,1.0,-1.0,0.33,1.0,5.0,1.0,COMPLETE,0.08148000000000001,0.04208,0.000265,0.00022,16296,0.6975,12,0.08148000000000001,
news-source-strategies,RQ3,E3-reach-mitigation,control_reach1_0_wom1,1002,NONE,,,,,1.0,-1.0,0.33,1.0,5.0,1.0,COMPLETE,0.10466,0.12708,5.9999999999999995e-05,5.9999999999999995e-05,20932,0.635,5,0.10466,
news-source-strategies,RQ3,E3-reach-mitigation,control_reach1_0_wom1,1003,NONE,,,,,1.0,-1.0,0.33,1.0,5.0,1.0,COMPLETE,0.077345,0.06214,0.00026000000000000003,0.0001,15469,0.6775,10,0.077345,
news-source-strategies,RQ3,E3-reach-mitigation,control_reach1_0_wom1,1004,NONE,,,,,1.0,-1.0,0.33,1.0,5.0,1.0,COMPLETE,0.10685,0.05248,0.000275,0.00016,21370,0.705,7,0.10685,
news-source-strategies,RQ3,E3-reach-mitigation,control_reach1_0_wom1,1005,NONE,,,,,1.0,-1.0,0.33,1.0,5.0,1.0,COMPLETE,0.07546,0.08208,0.00016,0.00014000000000000001,15092,0.6625,8,0.07546,
news-source-strategies,RQ3,E3-reach-mitigation,control_reach1_0_wom1,1006,NONE,,,,,1.0,-1.0,0.33,1.0,5.0,1.0,COMPLETE,0.091235,0.14618,0.000315,0.00028000000000000003,18247,0.68,13,0.091235,
news-source-strategies,RQ3,E3-reach-mitigation,control_reach1_0_wom1,1007,NONE,,,,,1.0,-1.0,0.33,1.0,5.0,1.0,COMPLETE,0.092295,0.09401999999999999,0.00049,0.00046,18459,0.6625,20,0.092295,
news-source-strategies,RQ3,E3-reach-mitigation,control_reach1_0_wom1,1008,NONE,,,,,1.0,-1.0,0.33,1.0,5.0,1.0,COMPLETE,0.092605,0.09666,0.00023999999999999998,0.0004,18521,0.7075,8,0.092605,
news-source-strategies,RQ3,E3-reach-mitigation,control_reach1_0_wom1,1009,NONE,,,,,1.0,-1.0,0.33,1.0,5.0,1.0,COMPLETE,0.10026,0.08484,5e-06,2e-05,20052,0.665,1,0.10026,
news-source-strategies,RQ3,E3-reach-mitigation,control_reach1_0_wom1,1010,NONE,,,,,1.0,-1.0,0.33,1.0,5.0,1.0,COMPLETE,0.09294,0.12392,5e-05,0.00016,18588,0.64,3,0.09294,
news-source-strategies,RQ3,E3-reach-mitigation,control_reach1_0_wom1,1011,NONE,,,,,1.0,-1.0,0.33,1.0,5.0,1.0,COMPLETE,0.113275,0.1154,0.00023999999999999998,0.00014000000000000001,22655,0.6525,10,0.113275,
news-source-strategies,RQ3,E3-reach-mitigation,control_reach1_0_wom1,1012,NONE,,,,,1.0,-1.0,0.33,1.0,5.0,1.0,COMPLETE,0.09622,0.07452,5.9999999999999995e-05,4e-05,19244,0.6675,2,0.09622,
news-source-strategies,RQ3,E3-reach-mitigation,control_reach1_0_wom1,1013,NONE,,,,,1.0,-1.0,0.33,1.0,5.0,1.0,COMPLETE,0.10524,0.10496,0.000345,2e-05,21048,0.705,16,0.10524,
news-source-strategies,RQ3,E3-reach-mitigation,control_reach1_0_wom1,1014,NONE,,,,,1.0,-1.0,0.33,1.0,5.0,1.0,COMPLETE,0.09095,0.10722,0.00121,0.00246,18190,0.67,55,0.09095,
news-source-strategies,RQ3,E3-reach-mitigation,control_reach1_0_wom1,1015,NONE,,,,,1.0,-1.0,0.33,1.0,5.0,1.0,COMPLETE,0.087225,0.08272,5.5e-05,0.0,17445,0.6575,2,0.087225,
news-source-strategies,RQ3,E3-reach-mitigation,control_reach1_0_wom1,1016,NONE,,,,,1.0,-1.0,0.33,1.0,5.0,1.0,COMPLETE,0.101485,0.11622,0.000115,0.00011999999999999999,20297,0.6725,4,0.101485,
news-source-strategies,RQ3,E3-reach-mitigation,control_reach1_0_wom1,1017,NONE,,,,,1.0,-1.0,0.33,1.0,5.0,1.0,COMPLETE,0.086485,0.07518000000000001,0.00015,0.00034,17297,0.6675,7,0.086485,
news-source-strategies,RQ3,E3-reach-mitigation,control_reach1_0_wom1,1018,NONE,,,,,1.0,-1.0,0.33,1.0,5.0,1.0,COMPLETE,0.086655,0.168,6.500000000000001e-05,2e-05,17331,0.68,3,0.086655,
news-source-strategies,RQ3,E3-reach-mitigation,control_reach1_0_wom1,1019,NONE,,,,,1.0,-1.0,0.33,1.0,5.0,1.0,COMPLETE,0.12378499999999999,0.1456,8.5e-05,5.9999999999999995e-05,24757,0.64,2,0.12378499999999999,
news-source-strategies,RQ3,E3-reach-mitigation,control_reach1_0_wom1,1020,NONE,,,,,1.0,-1.0,0.33,1.0,5.0,1.0,COMPLETE,0.08601,0.07292,0.00013000000000000002,8e-05,17202,0.6825,5,0.08601,
news-source-strategies,RQ3,E3-reach-mitigation,control_reach1_0_wom1,1021,NONE,,,,,1.0,-1.0,0.33,1.0,5.0,1.0,COMPLETE,0.09729,0.105,8e-05,0.0001,19458,0.6625,5,0.09729,
news-source-strategies,RQ3,E3-reach-mitigation,control_reach1_0_wom1,1022,NONE,,,,,1.0,-1.0,0.33,1.0,5.0,1.0,COMPLETE,0.094455,0.12229999999999999,0.000115,0.00017999999999999998,18891,0.66,5,0.094455,
news-source-strategies,RQ3,E3-reach-mitigation,control_reach1_0_wom1,1023,NONE,,,,,1.0,-1.0,0.33,1.0,5.0,1.0,COMPLETE,0.09631,0.08364,0.000235,0.0001,19262,0.6875,7,0.09631,
news-source-strategies,RQ3,E3-reach-mitigation,control_reach1_0_wom1,1024,NONE,,,,,1.0,-1.0,0.33,1.0,5.0,1.0,COMPLETE,0.086025,0.10779999999999999,0.000215,0.00011999999999999999,17205,0.69,7,0.086025,
news-source-strategies,RQ3,E3-reach-mitigation,control_reach1_0_wom1,1025,NONE,,,,,1.0,-1.0,0.33,1.0,5.0,1.0,COMPLETE,0.081145,0.05122,6.500000000000001e-05,8e-05,16229,0.6875,3,0.081145,
news-source-strategies,RQ3,E3-reach-mitigation,control_reach1_0_wom1,1026,NONE,,,,,1.0,-1.0,0.33,1.0,5.0,1.0,COMPLETE,0.084535,0.12642,0.00010499999999999999,0.0002,16907,0.6675,6,0.084535,
news-source-strategies,RQ3,E3-reach-mitigation,control_reach1_0_wom1,1027,NONE,,,,,1.0,-1.0,0.33,1.0,5.0,1.0,COMPLETE,0.08841,0.12478,0.000195,0.0002,17682,0.6975,7,0.08841,
news-source-strategies,RQ3,E3-reach-mitigation,control_reach1_0_wom1,1028,NONE,,,,,1.0,-1.0,0.33,1.0,5.0,1.0,COMPLETE,0.09384,0.10238,5.5e-05,2e-05,18768,0.665,3,0.09384,
news-source-strategies,RQ3,E3-reach-mitigation,control_reach1_0_wom1,1029,NONE,,,,,1.0,-1.0,0.33,1.0,5.0,1.0,COMPLETE,0.09387999999999999,0.06114,0.000155,0.00017999999999999998,18776,0.6825,6,0.09387999999999999,
news-source-strategies,RQ3,E3-reach-mitigation,control_reach1_0_wom1,1030,NONE,,,,,1.0,-1.0,0.33,1.0,5.0,1.0,COMPLETE,0.097395,0.1273,8.5e-05,0.0001,19479,0.7025,3,0.097395,
news-source-strategies,RQ3,E3-reach-mitigation,control_reach0_0_wom0,1001,NONE,,,,,0.0,-1.0,0.33,0.0,5.0,1.0,COMPLETE,0.130685,0.08907999999999999,0.0,0.0,26137,0.7075,0,0.130685,
news-source-strategies,RQ3,E3-reach-mitigation,control_reach0_0_wom0,1002,NONE,,,,,0.0,-1.0,0.33,0.0,5.0,1.0,COMPLETE,0.133285,0.11226,0.0,0.0,26657,0.6475,0,0.133285,
news-source-strategies,RQ3,E3-reach-mitigation,control_reach0_0_wom0,1003,NONE,,,,,0.0,-1.0,0.33,0.0,5.0,1.0,COMPLETE,0.126315,0.10636,0.0,0.0,25263,0.65,0,0.126315,
news-source-strategies,RQ3,E3-reach-mitigation,control_reach0_0_wom0,1004,NONE,,,,,0.0,-1.0,0.33,0.0,5.0,1.0,COMPLETE,0.14995,0.16913999999999998,0.0,0.0,29990,0.69,0,0.14995,
news-source-strategies,RQ3,E3-reach-mitigation,control_reach0_0_wom0,1005,NONE,,,,,0.0,-1.0,0.33,0.0,5.0,1.0,COMPLETE,0.13442500000000002,0.1269,0.0,0.0,26885,0.64,0,0.13442500000000002,
news-source-strategies,RQ3,E3-reach-mitigation,control_reach0_0_wom0,1006,NONE,,,,,0.0,-1.0,0.33,0.0,5.0,1.0,COMPLETE,0.136575,0.13566,0.0,0.0,27315,0.6675,0,0.136575,
news-source-strategies,RQ3,E3-reach-mitigation,control_reach0_0_wom0,1007,NONE,,,,,0.0,-1.0,0.33,0.0,5.0,1.0,COMPLETE,0.148125,0.17094,0.0,0.0,29625,0.65,0,0.148125,
news-source-strategies,RQ3,E3-reach-mitigation,control_reach0_0_wom0,1008,NONE,,,,,0.0,-1.0,0.33,0.0,5.0,1.0,COMPLETE,0.151055,0.15703999999999999,0.0,0.0,30211,0.68,0,0.151055,
news-source-strategies,RQ3,E3-reach-mitigation,control_reach0_0_wom0,1009,NONE,,,,,0.0,-1.0,0.33,0.0,5.0,1.0,COMPLETE,0.16931000000000002,0.15806,0.0,0.0,33862,0.6825,0,0.16931000000000002,
news-source-strategies,RQ3,E3-reach-mitigation,control_reach0_0_wom0,1010,NONE,,,,,0.0,-1.0,0.33,0.0,5.0,1.0,COMPLETE,0.11048999999999999,0.11292,0.0,0.0,22098,0.6575,0,0.11048999999999999,
news-source-strategies,RQ3,E3-reach-mitigation,control_reach0_0_wom0,1011,NONE,,,,,0.0,-1.0,0.33,0.0,5.0,1.0,COMPLETE,0.15018,0.15346,0.0,0.0,30036,0.6675,0,0.15018,
news-source-strategies,RQ3,E3-reach-mitigation,control_reach0_0_wom0,1012,NONE,,,,,0.0,-1.0,0.33,0.0,5.0,1.0,COMPLETE,0.15139,0.14221999999999999,0.0,0.0,30278,0.635,0,0.15139,
news-source-strategies,RQ3,E3-reach-mitigation,control_reach0_0_wom0,1013,NONE,,,,,0.0,-1.0,0.33,0.0,5.0,1.0,COMPLETE,0.12684,0.11792,0.0,0.0,25368,0.68,0,0.12684,
news-source-strategies,RQ3,E3-reach-mitigation,control_reach0_0_wom0,1014,NONE,,,,,0.0,-1.0,0.33,0.0,5.0,1.0,COMPLETE,0.13358,0.10674,0.0,0.0,26716,0.67,0,0.13358,
news-source-strategies,RQ3,E3-reach-mitigation,control_reach0_0_wom0,1015,NONE,,,,,0.0,-1.0,0.33,0.0,5.0,1.0,COMPLETE,0.125565,0.13354,0.0,0.0,25113,0.6775,0,0.125565,
news-source-strategies,RQ3,E3-reach-mitigation,control_reach0_0_wom0,1016,NONE,,,,,0.0,-1.0,0.33,0.0,5.0,1.0,COMPLETE,0.113155,0.095,0.0,0.0,22631,0.66,0,0.113155,
news-source-strategies,RQ3,E3-reach-mitigation,control_reach0_0_wom0,1017,NONE,,,,,0.0,-1.0,0.33,0.0,5.0,1.0,COMPLETE,0.12440999999999999,0.09778,0.0,0.0,24882,0.6925,0,0.12440999999999999,
news-source-strategies,RQ3,E3-reach-mitigation,control_reach0_0_wom0,1018,NONE,,,,,0.0,-1.0,0.33,0.0,5.0,1.0,COMPLETE,0.12538,0.09968,0.0,0.0,25076,0.67,0,0.12538,
news-source-strategies,RQ3,E3-reach-mitigation,control_reach0_0_wom0,1019,NONE,,,,,0.0,-1.0,0.33,0.0,5.0,1.0,COMPLETE,0.12487999999999999,0.12356,0.0,0.0,24976,0.6475,0,0.12487999999999999,
news-source-strategies,RQ3,E3-reach-mitigation,control_reach0_0_wom0,1020,NONE,,,,,0.0,-1.0,0.33,0.0,5.0,1.0,COMPLETE,0.13172999999999999,0.12958,0.0,0.0,26346,0.66,0,0.13172999999999999,
news-source-strategies,RQ3,E3-reach-mitigation,control_reach0_0_wom0,1021,NONE,,,,,0.0,-1.0,0.33,0.0,5.0,1.0,COMPLETE,0.137295,0.11676,0.0,0.0,27459,0.635,0,0.137295,
news-source-strategies,RQ3,E3-reach-mitigation,control_reach0_0_wom0,1022,NONE,,,,,0.0,-1.0,0.33,0.0,5.0,1.0,COMPLETE,0.128935,0.11584,0.0,0.0,25787,0.675,0,0.128935,
news-source-strategies,RQ3,E3-reach-mitigation,control_reach0_0_wom0,1023,NONE,,,,,0.0,-1.0,0.33,0.0,5.0,1.0,COMPLETE,0.12332,0.09812,0.0,0.0,24664,0.6525,0,0.12332,
news-source-strategies,RQ3,E3-reach-mitigation,control_reach0_0_wom0,1024,NONE,,,,,0.0,-1.0,0.33,0.0,5.0,1.0,COMPLETE,0.13225499999999998,0.1205,0.0,0.0,26451,0.6975,0,0.13225499999999998,
news-source-strategies,RQ3,E3-reach-mitigation,control_reach0_0_wom0,1025,NONE,,,,,0.0,-1.0,0.33,0.0,5.0,1.0,COMPLETE,0.152965,0.14058,0.0,0.0,30593,0.6875,0,0.152965,
news-source-strategies,RQ3,E3-reach-mitigation,control_reach0_0_wom0,1026,NONE,,,,,0.0,-1.0,0.33,0.0,5.0,1.0,COMPLETE,0.116625,0.13356,0.0,0.0,23325,0.67,0,0.116625,
news-source-strategies,RQ3,E3-reach-mitigation,control_reach0_0_wom0,1027,NONE,,,,,0.0,-1.0,0.33,0.0,5.0,1.0,COMPLETE,0.118095,0.1036,0.0,0.0,23619,0.645,0,0.118095,
news-source-strategies,RQ3,E3-reach-mitigation,control_reach0_0_wom0,1028,NONE,,,,,0.0,-1.0,0.33,0.0,5.0,1.0,COMPLETE,0.128885,0.13244,0.0,0.0,25777,0.6675,0,0.128885,
news-source-strategies,RQ3,E3-reach-mitigation,control_reach0_0_wom0,1029,NONE,,,,,0.0,-1.0,0.33,0.0,5.0,1.0,COMPLETE,0.144815,0.13948,0.0,0.0,28963,0.655,0,0.144815,
news-source-strategies,RQ3,E3-reach-mitigation,control_reach0_0_wom0,1030,NONE,,,,,0.0,-1.0,0.33,0.0,5.0,1.0,COMPLETE,0.14317500000000002,0.14931999999999998,0.0,0.0,28635,0.65,0,0.14317500000000002,
news-source-strategies,RQ3,E3-reach-mitigation,control_reach0_0_wom1,1001,NONE,,,,,0.0,-1.0,0.33,1.0,5.0,1.0,COMPLETE,0.081395,0.04206,0.0,0.0,16279,0.6975,0,0.081395,
news-source-strategies,RQ3,E3-reach-mitigation,control_reach0_0_wom1,1002,NONE,,,,,0.0,-1.0,0.33,1.0,5.0,1.0,COMPLETE,0.104645,0.1271,0.0,0.0,20929,0.635,0,0.104645,
news-source-strategies,RQ3,E3-reach-mitigation,control_reach0_0_wom1,1003,NONE,,,,,0.0,-1.0,0.33,1.0,5.0,1.0,COMPLETE,0.07745,0.062119999999999995,0.0,0.0,15490,0.6775,0,0.07745,
news-source-strategies,RQ3,E3-reach-mitigation,control_reach0_0_wom1,1004,NONE,,,,,0.0,-1.0,0.33,1.0,5.0,1.0,COMPLETE,0.106715,0.05236,0.0,0.0,21343,0.705,0,0.106715,
news-source-strategies,RQ3,E3-reach-mitigation,control_reach0_0_wom1,1005,NONE,,,,,0.0,-1.0,0.33,1.0,5.0,1.0,COMPLETE,0.09427500000000001,0.07392,0.0,0.0,18855,0.6475,0,0.09427500000000001,
news-source-strategies,RQ3,E3-reach-mitigation,control_reach0_0_wom1,1006,NONE,,,,,0.0,-1.0,0.33,1.0,5.0,1.0,COMPLETE,0.097955,0.09570000000000001,0.0,0.0,19591,0.635,0,0.097955,
news-source-strategies,RQ3,E3-reach-mitigation,control_reach0_0_wom1,1007,NONE,,,,,0.0,-1.0,0.33,1.0,5.0,1.0,COMPLETE,0.09189499999999999,0.09368000000000001,0.0,0.0,18379,0.6625,0,0.09189499999999999,
news-source-strategies,RQ3,E3-reach-mitigation,control_reach0_0_wom1,1008,NONE,,,,,0.0,-1.0,0.33,1.0,5.0,1.0,COMPLETE,0.09249500000000001,0.0965,0.0,0.0,18499,0.7075,0,0.09249500000000001,
news-source-strategies,RQ3,E3-reach-mitigation,control_reach0_0_wom1,1009,NONE,,,,,0.0,-1.0,0.33,1.0,5.0,1.0,COMPLETE,0.100255,0.08481999999999999,0.0,0.0,20051,0.665,0,0.100255,
news-source-strategies,RQ3,E3-reach-mitigation,control_reach0_0_wom1,1010,NONE,,,,,0.0,-1.0,0.33,1.0,5.0,1.0,COMPLETE,0.11016500000000001,0.07454000000000001,0.0,0.0,22033,0.6675,0,0.11016500000000001,
news-source-strategies,RQ3,E3-reach-mitigation,control_reach0_0_wom1,1011,NONE,,,,,0.0,-1.0,0.33,1.0,5.0,1.0,COMPLETE,0.11268,0.11544,0.0,0.0,22536,0.6525,0,0.11268,
news-source-strategies,RQ3,E3-reach-mitigation,control_reach0_0_wom1,1012,NONE,,,,,0.0,-1.0,0.33,1.0,5.0,1.0,COMPLETE,0.1123,0.08406,0.0,0.0,22460,0.675,0,0.1123,
news-source-strategies,RQ3,E3-reach-mitigation,control_reach0_0_wom1,1013,NONE,,,,,0.0,-1.0,0.33,1.0,5.0,1.0,COMPLETE,0.10502500000000001,0.10496,0.0,0.0,21005,0.705,0,0.10502500000000001,
news-source-strategies,RQ3,E3-reach-mitigation,control_reach0_0_wom1,1014,NONE,,,,,0.0,-1.0,0.33,1.0,5.0,1.0,COMPLETE,0.07889499999999999,0.06322,0.0,0.0,15779,0.6225,0,0.07889499999999999,
news-source-strategies,RQ3,E3-reach-mitigation,control_reach0_0_wom1,1015,NONE,,,,,0.0,-1.0,0.33,1.0,5.0,1.0,COMPLETE,0.08721,0.08272,0.0,0.0,17442,0.6575,0,0.08721,
news-source-strategies,RQ3,E3-reach-mitigation,control_reach0_0_wom1,1016,NONE,,,,,0.0,-1.0,0.33,1.0,5.0,1.0,COMPLETE,0.09486,0.11544,0.0,0.0,18972,0.6775,0,0.09486,
news-source-strategies,RQ3,E3-reach-mitigation,control_reach0_0_wom1,1017,NONE,,,,,0.0,-1.0,0.33,1.0,5.0,1.0,COMPLETE,0.08638,0.07492,0.0,0.0,17276,0.6675,0,0.08638,
news-source-strategies,RQ3,E3-reach-mitigation,control_reach0_0_wom1,1018,NONE,,,,,0.0,-1.0,0.33,1.0,5.0,1.0,COMPLETE,0.08665,0.16802,0.0,0.0,17330,0.68,0,0.08665,
news-source-strategies,RQ3,E3-reach-mitigation,control_reach0_0_wom1,1019,NONE,,,,,0.0,-1.0,0.33,1.0,5.0,1.0,COMPLETE,0.123765,0.14568,0.0,0.0,24753,0.64,0,0.123765,
news-source-strategies,RQ3,E3-reach-mitigation,control_reach0_0_wom1,1020,NONE,,,,,0.0,-1.0,0.33,1.0,5.0,1.0,COMPLETE,0.08592,0.07286,0.0,0.0,17184,0.6825,0,0.08592,
news-source-strategies,RQ3,E3-reach-mitigation,control_reach0_0_wom1,1021,NONE,,,,,0.0,-1.0,0.33,1.0,5.0,1.0,COMPLETE,0.097565,0.10506,0.0,0.0,19513,0.6625,0,0.097565,
news-source-strategies,RQ3,E3-reach-mitigation,control_reach0_0_wom1,1022,NONE,,,,,0.0,-1.0,0.33,1.0,5.0,1.0,COMPLETE,0.09381999999999999,0.10402,0.0,0.0,18764,0.685,0,0.09381999999999999,
news-source-strategies,RQ3,E3-reach-mitigation,control_reach0_0_wom1,1023,NONE,,,,,0.0,-1.0,0.33,1.0,5.0,1.0,COMPLETE,0.09620999999999999,0.08362,0.0,0.0,19242,0.6875,0,0.09620999999999999,
news-source-strategies,RQ3,E3-reach-mitigation,control_reach0_0_wom1,1024,NONE,,,,,0.0,-1.0,0.33,1.0,5.0,1.0,COMPLETE,0.11097,0.11886,0.0,0.0,22194,0.6825,0,0.11097,
news-source-strategies,RQ3,E3-reach-mitigation,control_reach0_0_wom1,1025,NONE,,,,,0.0,-1.0,0.33,1.0,5.0,1.0,COMPLETE,0.08115,0.05114,0.0,0.0,16230,0.6875,0,0.08115,
news-source-strategies,RQ3,E3-reach-mitigation,control_reach0_0_wom1,1026,NONE,,,,,0.0,-1.0,0.33,1.0,5.0,1.0,COMPLETE,0.092345,0.10326,0.0,0.0,18469,0.6575,0,0.092345,
news-source-strategies,RQ3,E3-reach-mitigation,control_reach0_0_wom1,1027,NONE,,,,,0.0,-1.0,0.33,1.0,5.0,1.0,COMPLETE,0.08834,0.12494,0.0,0.0,17668,0.6975,0,0.08834,
news-source-strategies,RQ3,E3-reach-mitigation,control_reach0_0_wom1,1028,NONE,,,,,0.0,-1.0,0.33,1.0,5.0,1.0,COMPLETE,0.093785,0.10224,0.0,0.0,18757,0.665,0,0.093785,
news-source-strategies,RQ3,E3-reach-mitigation,control_reach0_0_wom1,1029,NONE,,,,,0.0,-1.0,0.33,1.0,5.0,1.0,COMPLETE,0.08665,0.04228,0.0,0.0,17330,0.7,0,0.08665,
news-source-strategies,RQ3,E3-reach-mitigation,control_reach0_0_wom1,1030,NONE,,,,,0.0,-1.0,0.33,1.0,5.0,1.0,COMPLETE,0.09734000000000001,0.12724,0.0,0.0,19468,0.7025,0,0.09734000000000001,
news-source-strategies,RQ3,E3-reach-mitigation,credibility_reach14_7_wom0,1001,CREDIBILITY_CAMOUFLAGE,TRADITIONAL_MEDIA,FAKE_NEWS_SOURCE,1.0,-1.0,14.7,-1.0,0.33,0.0,5.0,1.0,COMPLETE,0.126525,0.09506,0.01333,0.01094,25305,0.7075,37,0.126525,
news-source-strategies,RQ3,E3-reach-mitigation,credibility_reach14_7_wom0,1002,CREDIBILITY_CAMOUFLAGE,TRADITIONAL_MEDIA,FAKE_NEWS_SOURCE,1.0,-1.0,14.7,-1.0,0.33,0.0,5.0,1.0,COMPLETE,0.155135,0.13744,0.02657,0.02404,31027,0.6475,35,0.155135,
news-source-strategies,RQ3,E3-reach-mitigation,credibility_reach14_7_wom0,1003,CREDIBILITY_CAMOUFLAGE,TRADITIONAL_MEDIA,FAKE_NEWS_SOURCE,1.0,-1.0,14.7,-1.0,0.33,0.0,5.0,1.0,COMPLETE,0.16676,0.1449,0.022085,0.01848,33352,0.6675,38,0.16676,
news-source-strategies,RQ3,E3-reach-mitigation,credibility_reach14_7_wom0,1004,CREDIBILITY_CAMOUFLAGE,TRADITIONAL_MEDIA,FAKE_NEWS_SOURCE,1.0,-1.0,14.7,-1.0,0.33,0.0,5.0,1.0,COMPLETE,0.12643000000000001,0.11528000000000001,0.012085,0.01076,25286,0.655,38,0.12643000000000001,
news-source-strategies,RQ3,E3-reach-mitigation,credibility_reach14_7_wom0,1005,CREDIBILITY_CAMOUFLAGE,TRADITIONAL_MEDIA,FAKE_NEWS_SOURCE,1.0,-1.0,14.7,-1.0,0.33,0.0,5.0,1.0,COMPLETE,0.16500499999999999,0.17668,0.027579999999999997,0.02348,33001,0.6575,38,0.16500499999999999,
news-source-strategies,RQ3,E3-reach-mitigation,credibility_reach14_7_wom0,1006,CREDIBILITY_CAMOUFLAGE,TRADITIONAL_MEDIA,FAKE_NEWS_SOURCE,1.0,-1.0,14.7,-1.0,0.33,0.0,5.0,1.0,COMPLETE,0.14439,0.14402,0.02789,0.0259,28878,0.63,44,0.14439,
news-source-strategies,RQ3,E3-reach-mitigation,credibility_reach14_7_wom0,1007,CREDIBILITY_CAMOUFLAGE,TRADITIONAL_MEDIA,FAKE_NEWS_SOURCE,1.0,-1.0,14.7,-1.0,0.33,0.0,5.0,1.0,COMPLETE,0.156605,0.19813999999999998,0.0208,0.01782,31321,0.6825,41,0.156605,
news-source-strategies,RQ3,E3-reach-mitigation,credibility_reach14_7_wom0,1008,CREDIBILITY_CAMOUFLAGE,TRADITIONAL_MEDIA,FAKE_NEWS_SOURCE,1.0,-1.0,14.7,-1.0,0.33,0.0,5.0,1.0,COMPLETE,0.14967,0.10744,0.033985,0.023260000000000003,29934,0.635,48,0.14967,
news-source-strategies,RQ3,E3-reach-mitigation,credibility_reach14_7_wom0,1009,CREDIBILITY_CAMOUFLAGE,TRADITIONAL_MEDIA,FAKE_NEWS_SOURCE,1.0,-1.0,14.7,-1.0,0.33,0.0,5.0,1.0,COMPLETE,0.14756,0.17138,0.0211,0.01968,29512,0.655,30,0.14756,
news-source-strategies,RQ3,E3-reach-mitigation,credibility_reach14_7_wom0,1010,CREDIBILITY_CAMOUFLAGE,TRADITIONAL_MEDIA,FAKE_NEWS_SOURCE,1.0,-1.0,14.7,-1.0,0.33,0.0,5.0,1.0,COMPLETE,0.156215,0.15962,0.02723,0.023559999999999998,31243,0.6975,42,0.156215,
news-source-strategies,RQ3,E3-reach-mitigation,credibility_reach14_7_wom0,1011,CREDIBILITY_CAMOUFLAGE,TRADITIONAL_MEDIA,FAKE_NEWS_SOURCE,1.0,-1.0,14.7,-1.0,0.33,0.0,5.0,1.0,COMPLETE,0.14849500000000002,0.1157,0.02918,0.02134,29699,0.62,48,0.14849500000000002,
news-source-strategies,RQ3,E3-reach-mitigation,credibility_reach14_7_wom0,1012,CREDIBILITY_CAMOUFLAGE,TRADITIONAL_MEDIA,FAKE_NEWS_SOURCE,1.0,-1.0,14.7,-1.0,0.33,0.0,5.0,1.0,COMPLETE,0.13862,0.12136,0.021245,0.01858,27724,0.6575,37,0.13862,
news-source-strategies,RQ3,E3-reach-mitigation,credibility_reach14_7_wom0,1013,CREDIBILITY_CAMOUFLAGE,TRADITIONAL_MEDIA,FAKE_NEWS_SOURCE,1.0,-1.0,14.7,-1.0,0.33,0.0,5.0,1.0,COMPLETE,0.13734,0.13804,0.020775,0.01282,27468,0.6275,42,0.13734,
news-source-strategies,RQ3,E3-reach-mitigation,credibility_reach14_7_wom0,1014,CREDIBILITY_CAMOUFLAGE,TRADITIONAL_MEDIA,FAKE_NEWS_SOURCE,1.0,-1.0,14.7,-1.0,0.33,0.0,5.0,1.0,COMPLETE,0.15347,0.16226,0.026835,0.02598,30694,0.6825,49,0.15347,
news-source-strategies,RQ3,E3-reach-mitigation,credibility_reach14_7_wom0,1015,CREDIBILITY_CAMOUFLAGE,TRADITIONAL_MEDIA,FAKE_NEWS_SOURCE,1.0,-1.0,14.7,-1.0,0.33,0.0,5.0,1.0,COMPLETE,0.155395,0.11744,0.030100000000000002,0.029,31079,0.675,47,0.155395,
news-source-strategies,RQ3,E3-reach-mitigation,credibility_reach14_7_wom0,1016,CREDIBILITY_CAMOUFLAGE,TRADITIONAL_MEDIA,FAKE_NEWS_SOURCE,1.0,-1.0,14.7,-1.0,0.33,0.0,5.0,1.0,COMPLETE,0.17272,0.21081999999999998,0.026195,0.02198,34544,0.67,44,0.17272,
news-source-strategies,RQ3,E3-reach-mitigation,credibility_reach14_7_wom0,1017,CREDIBILITY_CAMOUFLAGE,TRADITIONAL_MEDIA,FAKE_NEWS_SOURCE,1.0,-1.0,14.7,-1.0,0.33,0.0,5.0,1.0,COMPLETE,0.175975,0.16434,0.027024999999999997,0.02548,35195,0.7125,37,0.175975,
news-source-strategies,RQ3,E3-reach-mitigation,credibility_reach14_7_wom0,1018,CREDIBILITY_CAMOUFLAGE,TRADITIONAL_MEDIA,FAKE_NEWS_SOURCE,1.0,-1.0,14.7,-1.0,0.33,0.0,5.0,1.0,COMPLETE,0.159895,0.19996,0.02382,0.02388,31979,0.6625,42,0.159895,
news-source-strategies,RQ3,E3-reach-mitigation,credibility_reach14_7_wom0,1019,CREDIBILITY_CAMOUFLAGE,TRADITIONAL_MEDIA,FAKE_NEWS_SOURCE,1.0,-1.0,14.7,-1.0,0.33,0.0,5.0,1.0,COMPLETE,0.13516499999999998,0.11494,0.01123,0.008919999999999999,27033,0.675,40,0.13516499999999998,
news-source-strategies,RQ3,E3-reach-mitigation,credibility_reach14_7_wom0,1020,CREDIBILITY_CAMOUFLAGE,TRADITIONAL_MEDIA,FAKE_NEWS_SOURCE,1.0,-1.0,14.7,-1.0,0.33,0.0,5.0,1.0,COMPLETE,0.13807,0.13282,0.01659,0.011779999999999999,27614,0.6575,35,0.13807,
news-source-strategies,RQ3,E3-reach-mitigation,credibility_reach14_7_wom0,1021,CREDIBILITY_CAMOUFLAGE,TRADITIONAL_MEDIA,FAKE_NEWS_SOURCE,1.0,-1.0,14.7,-1.0,0.33,0.0,5.0,1.0,COMPLETE,0.123215,0.10826000000000001,0.02447,0.01768,24643,0.6575,44,0.123215,
news-source-strategies,RQ3,E3-reach-mitigation,credibility_reach14_7_wom0,1022,CREDIBILITY_CAMOUFLAGE,TRADITIONAL_MEDIA,FAKE_NEWS_SOURCE,1.0,-1.0,14.7,-1.0,0.33,0.0,5.0,1.0,COMPLETE,0.141975,0.13906,0.022515,0.01908,28395,0.665,37,0.141975,
news-source-strategies,RQ3,E3-reach-mitigation,credibility_reach14_7_wom0,1023,CREDIBILITY_CAMOUFLAGE,TRADITIONAL_MEDIA,FAKE_NEWS_SOURCE,1.0,-1.0,14.7,-1.0,0.33,0.0,5.0,1.0,COMPLETE,0.17474,0.1638,0.024815,0.020120000000000002,34948,0.7325,37,0.17474,
news-source-strategies,RQ3,E3-reach-mitigation,credibility_reach14_7_wom0,1024,CREDIBILITY_CAMOUFLAGE,TRADITIONAL_MEDIA,FAKE_NEWS_SOURCE,1.0,-1.0,14.7,-1.0,0.33,0.0,5.0,1.0,COMPLETE,0.14901499999999998,0.15158000000000002,0.024895,0.01852,29803,0.6525,48,0.14901499999999998,
news-source-strategies,RQ3,E3-reach-mitigation,credibility_reach14_7_wom0,1025,CREDIBILITY_CAMOUFLAGE,TRADITIONAL_MEDIA,FAKE_NEWS_SOURCE,1.0,-1.0,14.7,-1.0,0.33,0.0,5.0,1.0,COMPLETE,0.11959499999999999,0.1388,0.020815,0.01604,23919,0.625,36,0.11959499999999999,
news-source-strategies,RQ3,E3-reach-mitigation,credibility_reach14_7_wom0,1026,CREDIBILITY_CAMOUFLAGE,TRADITIONAL_MEDIA,FAKE_NEWS_SOURCE,1.0,-1.0,14.7,-1.0,0.33,0.0,5.0,1.0,COMPLETE,0.14676499999999998,0.14918,0.02842,0.027280000000000002,29353,0.6825,39,0.14676499999999998,
news-source-strategies,RQ3,E3-reach-mitigation,credibility_reach14_7_wom0,1027,CREDIBILITY_CAMOUFLAGE,TRADITIONAL_MEDIA,FAKE_NEWS_SOURCE,1.0,-1.0,14.7,-1.0,0.33,0.0,5.0,1.0,COMPLETE,0.14185499999999998,0.13369999999999999,0.022205,0.01886,28371,0.635,40,0.14185499999999998,
news-source-strategies,RQ3,E3-reach-mitigation,credibility_reach14_7_wom0,1028,CREDIBILITY_CAMOUFLAGE,TRADITIONAL_MEDIA,FAKE_NEWS_SOURCE,1.0,-1.0,14.7,-1.0,0.33,0.0,5.0,1.0,COMPLETE,0.13515,0.13582,0.013865,0.00644,27030,0.6675,35,0.13515,
news-source-strategies,RQ3,E3-reach-mitigation,credibility_reach14_7_wom0,1029,CREDIBILITY_CAMOUFLAGE,TRADITIONAL_MEDIA,FAKE_NEWS_SOURCE,1.0,-1.0,14.7,-1.0,0.33,0.0,5.0,1.0,COMPLETE,0.146405,0.12978,0.024215,0.0254,29281,0.6675,46,0.146405,
news-source-strategies,RQ3,E3-reach-mitigation,credibility_reach14_7_wom0,1030,CREDIBILITY_CAMOUFLAGE,TRADITIONAL_MEDIA,FAKE_NEWS_SOURCE,1.0,-1.0,14.7,-1.0,0.33,0.0,5.0,1.0,COMPLETE,0.150825,0.16744,0.01579,0.01314,30165,0.61,40,0.150825,
news-source-strategies,RQ3,E3-reach-mitigation,credibility_reach14_7_wom1,1001,CREDIBILITY_CAMOUFLAGE,TRADITIONAL_MEDIA,FAKE_NEWS_SOURCE,1.0,-1.0,14.7,-1.0,0.33,1.0,5.0,1.0,COMPLETE,0.09523999999999999,0.06358,0.0023599999999999997,0.0005600000000000001,19048,0.69,97,0.09523999999999999,
news-source-strategies,RQ3,E3-reach-mitigation,credibility_reach14_7_wom1,1002,CREDIBILITY_CAMOUFLAGE,TRADITIONAL_MEDIA,FAKE_NEWS_SOURCE,1.0,-1.0,14.7,-1.0,0.33,1.0,5.0,1.0,COMPLETE,0.107295,0.10448,0.00242,0.00134,21459,0.6525,95,0.107295,
news-source-strategies,RQ3,E3-reach-mitigation,credibility_reach14_7_wom1,1003,CREDIBILITY_CAMOUFLAGE,TRADITIONAL_MEDIA,FAKE_NEWS_SOURCE,1.0,-1.0,14.7,-1.0,0.33,1.0,5.0,1.0,COMPLETE,0.137045,0.17421999999999999,0.0041849999999999995,0.006900000000000001,27409,0.6725,151,0.137045,
news-source-strategies,RQ3,E3-reach-mitigation,credibility_reach14_7_wom1,1004,CREDIBILITY_CAMOUFLAGE,TRADITIONAL_MEDIA,FAKE_NEWS_SOURCE,1.0,-1.0,14.7,-1.0,0.33,1.0,5.0,1.0,COMPLETE,0.09427500000000001,0.05262,0.002315,0.0009,18855,0.66,106,0.09427500000000001,
news-source-strategies,RQ3,E3-reach-mitigation,credibility_reach14_7_wom1,1005,CREDIBILITY_CAMOUFLAGE,TRADITIONAL_MEDIA,FAKE_NEWS_SOURCE,1.0,-1.0,14.7,-1.0,0.33,1.0,5.0,1.0,COMPLETE,0.11311,0.11608,0.0038050000000000002,0.0028,22622,0.7025,114,0.11311,
news-source-strategies,RQ3,E3-reach-mitigation,credibility_reach14_7_wom1,1006,CREDIBILITY_CAMOUFLAGE,TRADITIONAL_MEDIA,FAKE_NEWS_SOURCE,1.0,-1.0,14.7,-1.0,0.33,1.0,5.0,1.0,COMPLETE,0.10531,0.10496,0.00327,0.00346,21062,0.6775,131,0.10531,
news-source-strategies,RQ3,E3-reach-mitigation,credibility_reach14_7_wom1,1007,CREDIBILITY_CAMOUFLAGE,TRADITIONAL_MEDIA,FAKE_NEWS_SOURCE,1.0,-1.0,14.7,-1.0,0.33,1.0,5.0,1.0,COMPLETE,0.09915500000000001,0.10446,0.0024100000000000002,0.00198,19831,0.6675,101,0.09915500000000001,
news-source-strategies,RQ3,E3-reach-mitigation,credibility_reach14_7_wom1,1008,CREDIBILITY_CAMOUFLAGE,TRADITIONAL_MEDIA,FAKE_NEWS_SOURCE,1.0,-1.0,14.7,-1.0,0.33,1.0,5.0,1.0,COMPLETE,0.10675,0.10436,0.0024500000000000004,0.0028399999999999996,21350,0.655,83,0.10675,
news-source-strategies,RQ3,E3-reach-mitigation,credibility_reach14_7_wom1,1009,CREDIBILITY_CAMOUFLAGE,TRADITIONAL_MEDIA,FAKE_NEWS_SOURCE,1.0,-1.0,14.7,-1.0,0.33,1.0,5.0,1.0,COMPLETE,0.094535,0.07426,0.00229,0.00222,18907,0.6975,84,0.094535,
news-source-strategies,RQ3,E3-reach-mitigation,credibility_reach14_7_wom1,1010,CREDIBILITY_CAMOUFLAGE,TRADITIONAL_MEDIA,FAKE_NEWS_SOURCE,1.0,-1.0,14.7,-1.0,0.33,1.0,5.0,1.0,COMPLETE,0.12351999999999999,0.14916,0.00398,0.00512,24704,0.675,128,0.12351999999999999,
news-source-strategies,RQ3,E3-reach-mitigation,credibility_reach14_7_wom1,1011,CREDIBILITY_CAMOUFLAGE,TRADITIONAL_MEDIA,FAKE_NEWS_SOURCE,1.0,-1.0,14.7,-1.0,0.33,1.0,5.0,1.0,COMPLETE,0.09548999999999999,0.07296,0.00335,0.00134,19098,0.675,136,0.09548999999999999,
news-source-strategies,RQ3,E3-reach-mitigation,credibility_reach14_7_wom1,1012,CREDIBILITY_CAMOUFLAGE,TRADITIONAL_MEDIA,FAKE_NEWS_SOURCE,1.0,-1.0,14.7,-1.0,0.33,1.0,5.0,1.0,COMPLETE,0.096435,0.0852,0.003025,0.0012,19287,0.68,118,0.096435,
news-source-strategies,RQ3,E3-reach-mitigation,credibility_reach14_7_wom1,1013,CREDIBILITY_CAMOUFLAGE,TRADITIONAL_MEDIA,FAKE_NEWS_SOURCE,1.0,-1.0,14.7,-1.0,0.33,1.0,5.0,1.0,COMPLETE,0.082345,0.07106,0.001445,0.00074,16469,0.6525,66,0.082345,
news-source-strategies,RQ3,E3-reach-mitigation,credibility_reach14_7_wom1,1014,CREDIBILITY_CAMOUFLAGE,TRADITIONAL_MEDIA,FAKE_NEWS_SOURCE,1.0,-1.0,14.7,-1.0,0.33,1.0,5.0,1.0,COMPLETE,0.099885,0.11832,0.00277,0.00242,19977,0.635,114,0.099885,
news-source-strategies,RQ3,E3-reach-mitigation,credibility_reach14_7_wom1,1015,CREDIBILITY_CAMOUFLAGE,TRADITIONAL_MEDIA,FAKE_NEWS_SOURCE,1.0,-1.0,14.7,-1.0,0.33,1.0,5.0,1.0,COMPLETE,0.113355,0.14864,0.00398,0.008539999999999999,22671,0.6275,157,0.113355,
news-source-strategies,RQ3,E3-reach-mitigation,credibility_reach14_7_wom1,1016,CREDIBILITY_CAMOUFLAGE,TRADITIONAL_MEDIA,FAKE_NEWS_SOURCE,1.0,-1.0,14.7,-1.0,0.33,1.0,5.0,1.0,COMPLETE,0.08289,0.052700000000000004,0.0017649999999999999,0.0006,16578,0.6275,82,0.08289,
news-source-strategies,RQ3,E3-reach-mitigation,credibility_reach14_7_wom1,1017,CREDIBILITY_CAMOUFLAGE,TRADITIONAL_MEDIA,FAKE_NEWS_SOURCE,1.0,-1.0,14.7,-1.0,0.33,1.0,5.0,1.0,COMPLETE,0.10773999999999999,0.16138,0.002375,0.00298,21548,0.6425,103,0.10773999999999999,
news-source-strategies,RQ3,E3-reach-mitigation,credibility_reach14_7_wom1,1018,CREDIBILITY_CAMOUFLAGE,TRADITIONAL_MEDIA,FAKE_NEWS_SOURCE,1.0,-1.0,14.7,-1.0,0.33,1.0,5.0,1.0,COMPLETE,0.08044499999999999,0.062259999999999996,0.00186,0.0007199999999999999,16089,0.68,93,0.08044499999999999,
news-source-strategies,RQ3,E3-reach-mitigation,credibility_reach14_7_wom1,1019,CREDIBILITY_CAMOUFLAGE,TRADITIONAL_MEDIA,FAKE_NEWS_SOURCE,1.0,-1.0,14.7,-1.0,0.33,1.0,5.0,1.0,COMPLETE,0.09726,0.09537999999999999,0.001805,0.00186,19452,0.66,85,0.09726,
news-source-strategies,RQ3,E3-reach-mitigation,credibility_reach14_7_wom1,1020,CREDIBILITY_CAMOUFLAGE,TRADITIONAL_MEDIA,FAKE_NEWS_SOURCE,1.0,-1.0,14.7,-1.0,0.33,1.0,5.0,1.0,COMPLETE,0.086515,0.11402,0.001905,0.00242,17303,0.6575,79,0.086515,
news-source-strategies,RQ3,E3-reach-mitigation,credibility_reach14_7_wom1,1021,CREDIBILITY_CAMOUFLAGE,TRADITIONAL_MEDIA,FAKE_NEWS_SOURCE,1.0,-1.0,14.7,-1.0,0.33,1.0,5.0,1.0,COMPLETE,0.108065,0.09251999999999999,0.00206,0.00086,21613,0.6525,76,0.108065,
news-source-strategies,RQ3,E3-reach-mitigation,credibility_reach14_7_wom1,1022,CREDIBILITY_CAMOUFLAGE,TRADITIONAL_MEDIA,FAKE_NEWS_SOURCE,1.0,-1.0,14.7,-1.0,0.33,1.0,5.0,1.0,COMPLETE,0.08773,0.09722,0.002415,0.0027400000000000002,17546,0.675,122,0.08773,
news-source-strategies,RQ3,E3-reach-mitigation,credibility_reach14_7_wom1,1023,CREDIBILITY_CAMOUFLAGE,TRADITIONAL_MEDIA,FAKE_NEWS_SOURCE,1.0,-1.0,14.7,-1.0,0.33,1.0,5.0,1.0,COMPLETE,0.083235,0.06246,0.002005,0.0008399999999999999,16647,0.68,93,0.083235,
news-source-strategies,RQ3,E3-reach-mitigation,credibility_reach14_7_wom1,1024,CREDIBILITY_CAMOUFLAGE,TRADITIONAL_MEDIA,FAKE_NEWS_SOURCE,1.0,-1.0,14.7,-1.0,0.33,1.0,5.0,1.0,COMPLETE,0.10349,0.09366,0.0034950000000000003,0.00244,20698,0.635,128,0.10349,
news-source-strategies,RQ3,E3-reach-mitigation,credibility_reach14_7_wom1,1025,CREDIBILITY_CAMOUFLAGE,TRADITIONAL_MEDIA,FAKE_NEWS_SOURCE,1.0,-1.0,14.7,-1.0,0.33,1.0,5.0,1.0,COMPLETE,0.09569,0.15796000000000002,0.0023250000000000002,0.00598,19138,0.69,112,0.09569,
news-source-strategies,RQ3,E3-reach-mitigation,credibility_reach14_7_wom1,1026,CREDIBILITY_CAMOUFLAGE,TRADITIONAL_MEDIA,FAKE_NEWS_SOURCE,1.0,-1.0,14.7,-1.0,0.33,1.0,5.0,1.0,COMPLETE,0.105985,0.0859,0.00297,0.00196,21197,0.665,107,0.105985,
news-source-strategies,RQ3,E3-reach-mitigation,credibility_reach14_7_wom1,1027,CREDIBILITY_CAMOUFLAGE,TRADITIONAL_MEDIA,FAKE_NEWS_SOURCE,1.0,-1.0,14.7,-1.0,0.33,1.0,5.0,1.0,COMPLETE,0.08984,0.0218,0.0022,0.00064,17968,0.6775,99,0.08984,
news-source-strategies,RQ3,E3-reach-mitigation,credibility_reach14_7_wom1,1028,CREDIBILITY_CAMOUFLAGE,TRADITIONAL_MEDIA,FAKE_NEWS_SOURCE,1.0,-1.0,14.7,-1.0,0.33,1.0,5.0,1.0,COMPLETE,0.09441500000000001,0.1029,0.00109,0.0008,18883,0.665,53,0.09441500000000001,
news-source-strategies,RQ3,E3-reach-mitigation,credibility_reach14_7_wom1,1029,CREDIBILITY_CAMOUFLAGE,TRADITIONAL_MEDIA,FAKE_NEWS_SOURCE,1.0,-1.0,14.7,-1.0,0.33,1.0,5.0,1.0,COMPLETE,0.058595,0.10524,0.001405,0.00102,11719,0.6775,81,0.058595,
news-source-strategies,RQ3,E3-reach-mitigation,credibility_reach14_7_wom1,1030,CREDIBILITY_CAMOUFLAGE,TRADITIONAL_MEDIA,FAKE_NEWS_SOURCE,1.0,-1.0,14.7,-1.0,0.33,1.0,5.0,1.0,COMPLETE,0.10313,0.07252,0.00263,0.00122,20626,0.6575,107,0.10313,
news-source-strategies,RQ3,E3-reach-mitigation,credibility_reach10_0_wom0,1001,CREDIBILITY_CAMOUFLAGE,TRADITIONAL_MEDIA,FAKE_NEWS_SOURCE,1.0,-1.0,10.0,-1.0,0.33,0.0,5.0,1.0,COMPLETE,0.17238499999999998,0.15547999999999998,0.015189999999999999,0.01216,34477,0.7,24,0.17238499999999998,
news-source-strategies,RQ3,E3-reach-mitigation,credibility_reach10_0_wom0,1002,CREDIBILITY_CAMOUFLAGE,TRADITIONAL_MEDIA,FAKE_NEWS_SOURCE,1.0,-1.0,10.0,-1.0,0.33,0.0,5.0,1.0,COMPLETE,0.13863499999999998,0.14742,0.013365,0.013,27727,0.6425,24,0.13863499999999998,
news-source-strategies,RQ3,E3-reach-mitigation,credibility_reach10_0_wom0,1003,CREDIBILITY_CAMOUFLAGE,TRADITIONAL_MEDIA,FAKE_NEWS_SOURCE,1.0,-1.0,10.0,-1.0,0.33,0.0,5.0,1.0,COMPLETE,0.13272499999999998,0.11106,0.012505,0.01034,26545,0.67,27,0.13272499999999998,
news-source-strategies,RQ3,E3-reach-mitigation,credibility_reach10_0_wom0,1004,CREDIBILITY_CAMOUFLAGE,TRADITIONAL_MEDIA,FAKE_NEWS_SOURCE,1.0,-1.0,10.0,-1.0,0.33,0.0,5.0,1.0,COMPLETE,0.124465,0.11342,0.00833,0.0068200000000000005,24893,0.655,27,0.124465,
news-source-strategies,RQ3,E3-reach-mitigation,credibility_reach10_0_wom0,1005,CREDIBILITY_CAMOUFLAGE,TRADITIONAL_MEDIA,FAKE_NEWS_SOURCE,1.0,-1.0,10.0,-1.0,0.33,0.0,5.0,1.0,COMPLETE,0.14639,0.1731,0.013394999999999999,0.01188,29278,0.6475,22,0.14639,
news-source-strategies,RQ3,E3-reach-mitigation,credibility_reach10_0_wom0,1006,CREDIBILITY_CAMOUFLAGE,TRADITIONAL_MEDIA,FAKE_NEWS_SOURCE,1.0,-1.0,10.0,-1.0,0.33,0.0,5.0,1.0,COMPLETE,0.140745,0.13663999999999998,0.020665,0.02154,28149,0.705,36,0.140745,
news-source-strategies,RQ3,E3-reach-mitigation,credibility_reach10_0_wom0,1007,CREDIBILITY_CAMOUFLAGE,TRADITIONAL_MEDIA,FAKE_NEWS_SOURCE,1.0,-1.0,10.0,-1.0,0.33,0.0,5.0,1.0,COMPLETE,0.15565,0.19812000000000002,0.01802,0.01576,31130,0.6825,27,0.15565,
news-source-strategies,RQ3,E3-reach-mitigation,credibility_reach10_0_wom0,1008,CREDIBILITY_CAMOUFLAGE,TRADITIONAL_MEDIA,FAKE_NEWS_SOURCE,1.0,-1.0,10.0,-1.0,0.33,0.0,5.0,1.0,COMPLETE,0.132965,0.13128,0.0238,0.02352,26593,0.64,35,0.132965,
news-source-strategies,RQ3,E3-reach-mitigation,credibility_reach10_0_wom0,1009,CREDIBILITY_CAMOUFLAGE,TRADITIONAL_MEDIA,FAKE_NEWS_SOURCE,1.0,-1.0,10.0,-1.0,0.33,0.0,5.0,1.0,COMPLETE,0.13688,0.15192,0.015595000000000001,0.011640000000000001,27376,0.6475,23,0.13688,
news-source-strategies,RQ3,E3-reach-mitigation,credibility_reach10_0_wom0,1010,CREDIBILITY_CAMOUFLAGE,TRADITIONAL_MEDIA,FAKE_NEWS_SOURCE,1.0,-1.0,10.0,-1.0,0.33,0.0,5.0,1.0,COMPLETE,0.153635,0.1682,0.02177,0.019940000000000003,30727,0.6675,27,0.153635,
news-source-strategies,RQ3,E3-reach-mitigation,credibility_reach10_0_wom0,1011,CREDIBILITY_CAMOUFLAGE,TRADITIONAL_MEDIA,FAKE_NEWS_SOURCE,1.0,-1.0,10.0,-1.0,0.33,0.0,5.0,1.0,COMPLETE,0.1661,0.14178,0.01661,0.01504,33220,0.68,28,0.1661,
news-source-strategies,RQ3,E3-reach-mitigation,credibility_reach10_0_wom0,1012,CREDIBILITY_CAMOUFLAGE,TRADITIONAL_MEDIA,FAKE_NEWS_SOURCE,1.0,-1.0,10.0,-1.0,0.33,0.0,5.0,1.0,COMPLETE,0.1566,0.1393,0.015015,0.01498,31320,0.6525,28,0.1566,
news-source-strategies,RQ3,E3-reach-mitigation,credibility_reach10_0_wom0,1013,CREDIBILITY_CAMOUFLAGE,TRADITIONAL_MEDIA,FAKE_NEWS_SOURCE,1.0,-1.0,10.0,-1.0,0.33,0.0,5.0,1.0,COMPLETE,0.135855,0.1376,0.017075,0.01112,27171,0.6275,32,0.135855,
news-source-strategies,RQ3,E3-reach-mitigation,credibility_reach10_0_wom0,1014,CREDIBILITY_CAMOUFLAGE,TRADITIONAL_MEDIA,FAKE_NEWS_SOURCE,1.0,-1.0,10.0,-1.0,0.33,0.0,5.0,1.0,COMPLETE,0.14892,0.13832,0.024730000000000002,0.022019999999999998,29784,0.6725,35,0.14892,
news-source-strategies,RQ3,E3-reach-mitigation,credibility_reach10_0_wom0,1015,CREDIBILITY_CAMOUFLAGE,TRADITIONAL_MEDIA,FAKE_NEWS_SOURCE,1.0,-1.0,10.0,-1.0,0.33,0.0,5.0,1.0,COMPLETE,0.13660499999999998,0.11216,0.01677,0.0126,27321,0.6875,35,0.13660499999999998,
news-source-strategies,RQ3,E3-reach-mitigation,credibility_reach10_0_wom0,1016,CREDIBILITY_CAMOUFLAGE,TRADITIONAL_MEDIA,FAKE_NEWS_SOURCE,1.0,-1.0,10.0,-1.0,0.33,0.0,5.0,1.0,COMPLETE,0.13907,0.1365,0.018275,0.014320000000000001,27814,0.6675,32,0.13907,
news-source-strategies,RQ3,E3-reach-mitigation,credibility_reach10_0_wom0,1017,CREDIBILITY_CAMOUFLAGE,TRADITIONAL_MEDIA,FAKE_NEWS_SOURCE,1.0,-1.0,10.0,-1.0,0.33,0.0,5.0,1.0,COMPLETE,0.14217500000000002,0.14828,0.016815,0.01428,28435,0.62,29,0.14217500000000002,
news-source-strategies,RQ3,E3-reach-mitigation,credibility_reach10_0_wom0,1018,CREDIBILITY_CAMOUFLAGE,TRADITIONAL_MEDIA,FAKE_NEWS_SOURCE,1.0,-1.0,10.0,-1.0,0.33,0.0,5.0,1.0,COMPLETE,0.157005,0.19728,0.017185,0.016079999999999997,31401,0.6625,33,0.157005,
news-source-strategies,RQ3,E3-reach-mitigation,credibility_reach10_0_wom0,1019,CREDIBILITY_CAMOUFLAGE,TRADITIONAL_MEDIA,FAKE_NEWS_SOURCE,1.0,-1.0,10.0,-1.0,0.33,0.0,5.0,1.0,COMPLETE,0.1263,0.1245,0.00228,0.00038,25260,0.6475,24,0.1263,
news-source-strategies,RQ3,E3-reach-mitigation,credibility_reach10_0_wom0,1020,CREDIBILITY_CAMOUFLAGE,TRADITIONAL_MEDIA,FAKE_NEWS_SOURCE,1.0,-1.0,10.0,-1.0,0.33,0.0,5.0,1.0,COMPLETE,0.127475,0.15597999999999998,0.007895,0.0066,25495,0.6575,30,0.127475,
news-source-strategies,RQ3,E3-reach-mitigation,credibility_reach10_0_wom0,1021,CREDIBILITY_CAMOUFLAGE,TRADITIONAL_MEDIA,FAKE_NEWS_SOURCE,1.0,-1.0,10.0,-1.0,0.33,0.0,5.0,1.0,COMPLETE,0.14035499999999998,0.1415,0.015535,0.01448,28071,0.6975,34,0.14035499999999998,
news-source-strategies,RQ3,E3-reach-mitigation,credibility_reach10_0_wom0,1022,CREDIBILITY_CAMOUFLAGE,TRADITIONAL_MEDIA,FAKE_NEWS_SOURCE,1.0,-1.0,10.0,-1.0,0.33,0.0,5.0,1.0,COMPLETE,0.14462,0.1812,0.015035,0.01262,28924,0.7,23,0.14462,
news-source-strategies,RQ3,E3-reach-mitigation,credibility_reach10_0_wom0,1023,CREDIBILITY_CAMOUFLAGE,TRADITIONAL_MEDIA,FAKE_NEWS_SOURCE,1.0,-1.0,10.0,-1.0,0.33,0.0,5.0,1.0,COMPLETE,0.13450499999999999,0.1384,0.013085000000000001,0.013439999999999999,26901,0.6475,25,0.13450499999999999,
news-source-strategies,RQ3,E3-reach-mitigation,credibility_reach10_0_wom0,1024,CREDIBILITY_CAMOUFLAGE,TRADITIONAL_MEDIA,FAKE_NEWS_SOURCE,1.0,-1.0,10.0,-1.0,0.33,0.0,5.0,1.0,COMPLETE,0.145565,0.14434,0.01726,0.01196,29113,0.64,34,0.145565,
news-source-strategies,RQ3,E3-reach-mitigation,credibility_reach10_0_wom0,1025,CREDIBILITY_CAMOUFLAGE,TRADITIONAL_MEDIA,FAKE_NEWS_SOURCE,1.0,-1.0,10.0,-1.0,0.33,0.0,5.0,1.0,COMPLETE,0.11681,0.13698,0.0152,0.01284,23362,0.625,25,0.11681,
news-source-strategies,RQ3,E3-reach-mitigation,credibility_reach10_0_wom0,1026,CREDIBILITY_CAMOUFLAGE,TRADITIONAL_MEDIA,FAKE_NEWS_SOURCE,1.0,-1.0,10.0,-1.0,0.33,0.0,5.0,1.0,COMPLETE,0.12190999999999999,0.09354000000000001,0.017785,0.01716,24382,0.645,26,0.12190999999999999,
news-source-strategies,RQ3,E3-reach-mitigation,credibility_reach10_0_wom0,1027,CREDIBILITY_CAMOUFLAGE,TRADITIONAL_MEDIA,FAKE_NEWS_SOURCE,1.0,-1.0,10.0,-1.0,0.33,0.0,5.0,1.0,COMPLETE,0.137045,0.10636,0.018609999999999998,0.016460000000000002,27409,0.68,38,0.137045,
news-source-strategies,RQ3,E3-reach-mitigation,credibility_reach10_0_wom0,1028,CREDIBILITY_CAMOUFLAGE,TRADITIONAL_MEDIA,FAKE_NEWS_SOURCE,1.0,-1.0,10.0,-1.0,0.33,0.0,5.0,1.0,COMPLETE,0.13179,0.13384000000000001,0.00562,0.00272,26358,0.6675,20,0.13179,
news-source-strategies,RQ3,E3-reach-mitigation,credibility_reach10_0_wom0,1029,CREDIBILITY_CAMOUFLAGE,TRADITIONAL_MEDIA,FAKE_NEWS_SOURCE,1.0,-1.0,10.0,-1.0,0.33,0.0,5.0,1.0,COMPLETE,0.14116,0.10614,0.01589,0.01126,28232,0.705,29,0.14116,
news-source-strategies,RQ3,E3-reach-mitigation,credibility_reach10_0_wom0,1030,CREDIBILITY_CAMOUFLAGE,TRADITIONAL_MEDIA,FAKE_NEWS_SOURCE,1.0,-1.0,10.0,-1.0,0.33,0.0,5.0,1.0,COMPLETE,0.1489,0.16662000000000002,0.012945,0.01294,29780,0.61,25,0.1489,
news-source-strategies,RQ3,E3-reach-mitigation,credibility_reach10_0_wom1,1001,CREDIBILITY_CAMOUFLAGE,TRADITIONAL_MEDIA,FAKE_NEWS_SOURCE,1.0,-1.0,10.0,-1.0,0.33,1.0,5.0,1.0,COMPLETE,0.14032,0.16474,0.003755,0.006719999999999999,28064,0.65,114,0.14032,
news-source-strategies,RQ3,E3-reach-mitigation,credibility_reach10_0_wom1,1002,CREDIBILITY_CAMOUFLAGE,TRADITIONAL_MEDIA,FAKE_NEWS_SOURCE,1.0,-1.0,10.0,-1.0,0.33,1.0,5.0,1.0,COMPLETE,0.093715,0.07343999999999999,0.0014550000000000001,0.0003,18743,0.6725,60,0.093715,
news-source-strategies,RQ3,E3-reach-mitigation,credibility_reach10_0_wom1,1003,CREDIBILITY_CAMOUFLAGE,TRADITIONAL_MEDIA,FAKE_NEWS_SOURCE,1.0,-1.0,10.0,-1.0,0.33,1.0,5.0,1.0,COMPLETE,0.121235,0.1645,0.00231,0.00622,24247,0.655,100,0.121235,
news-source-strategies,RQ3,E3-reach-mitigation,credibility_reach10_0_wom1,1004,CREDIBILITY_CAMOUFLAGE,TRADITIONAL_MEDIA,FAKE_NEWS_SOURCE,1.0,-1.0,10.0,-1.0,0.33,1.0,5.0,1.0,COMPLETE,0.09373999999999999,0.05244,0.001635,0.0007,18748,0.66,79,0.09373999999999999,
news-source-strategies,RQ3,E3-reach-mitigation,credibility_reach10_0_wom1,1005,CREDIBILITY_CAMOUFLAGE,TRADITIONAL_MEDIA,FAKE_NEWS_SOURCE,1.0,-1.0,10.0,-1.0,0.33,1.0,5.0,1.0,COMPLETE,0.09547499999999999,0.1062,0.00108,0.00108,19095,0.6825,49,0.09547499999999999,
news-source-strategies,RQ3,E3-reach-mitigation,credibility_reach10_0_wom1,1006,CREDIBILITY_CAMOUFLAGE,TRADITIONAL_MEDIA,FAKE_NEWS_SOURCE,1.0,-1.0,10.0,-1.0,0.33,1.0,5.0,1.0,COMPLETE,0.07866500000000001,0.08281999999999999,0.00151,0.0008,15733,0.6625,76,0.07866500000000001,
news-source-strategies,RQ3,E3-reach-mitigation,credibility_reach10_0_wom1,1007,CREDIBILITY_CAMOUFLAGE,TRADITIONAL_MEDIA,FAKE_NEWS_SOURCE,1.0,-1.0,10.0,-1.0,0.33,1.0,5.0,1.0,COMPLETE,0.09868,0.10382,0.0016899999999999999,0.0011200000000000001,19736,0.6675,72,0.09868,
news-source-strategies,RQ3,E3-reach-mitigation,credibility_reach10_0_wom1,1008,CREDIBILITY_CAMOUFLAGE,TRADITIONAL_MEDIA,FAKE_NEWS_SOURCE,1.0,-1.0,10.0,-1.0,0.33,1.0,5.0,1.0,COMPLETE,0.12212999999999999,0.13676,0.002075,0.0019199999999999998,24426,0.68,69,0.12212999999999999,
news-source-strategies,RQ3,E3-reach-mitigation,credibility_reach10_0_wom1,1009,CREDIBILITY_CAMOUFLAGE,TRADITIONAL_MEDIA,FAKE_NEWS_SOURCE,1.0,-1.0,10.0,-1.0,0.33,1.0,5.0,1.0,COMPLETE,0.07763500000000001,0.06384000000000001,0.00141,0.0016799999999999999,15527,0.66,79,0.07763500000000001,
news-source-strategies,RQ3,E3-reach-mitigation,credibility_reach10_0_wom1,1010,CREDIBILITY_CAMOUFLAGE,TRADITIONAL_MEDIA,FAKE_NEWS_SOURCE,1.0,-1.0,10.0,-1.0,0.33,1.0,5.0,1.0,COMPLETE,0.10374,0.09478,0.0024,0.00186,20748,0.6525,100,0.10374,
news-source-strategies,RQ3,E3-reach-mitigation,credibility_reach10_0_wom1,1011,CREDIBILITY_CAMOUFLAGE,TRADITIONAL_MEDIA,FAKE_NEWS_SOURCE,1.0,-1.0,10.0,-1.0,0.33,1.0,5.0,1.0,COMPLETE,0.081735,0.09337999999999999,0.00124,0.00124,16347,0.6375,54,0.081735,
news-source-strategies,RQ3,E3-reach-mitigation,credibility_reach10_0_wom1,1012,CREDIBILITY_CAMOUFLAGE,TRADITIONAL_MEDIA,FAKE_NEWS_SOURCE,1.0,-1.0,10.0,-1.0,0.33,1.0,5.0,1.0,COMPLETE,0.114265,0.11602,0.0028599999999999997,0.0017800000000000001,22853,0.7125,92,0.114265,
news-source-strategies,RQ3,E3-reach-mitigation,credibility_reach10_0_wom1,1013,CREDIBILITY_CAMOUFLAGE,TRADITIONAL_MEDIA,FAKE_NEWS_SOURCE,1.0,-1.0,10.0,-1.0,0.33,1.0,5.0,1.0,COMPLETE,0.082125,0.07084,0.000985,0.0003,16425,0.6525,45,0.082125,
news-source-strategies,RQ3,E3-reach-mitigation,credibility_reach10_0_wom1,1014,CREDIBILITY_CAMOUFLAGE,TRADITIONAL_MEDIA,FAKE_NEWS_SOURCE,1.0,-1.0,10.0,-1.0,0.33,1.0,5.0,1.0,COMPLETE,0.11597,0.14636000000000002,0.002105,0.00348,23194,0.605,91,0.11597,
news-source-strategies,RQ3,E3-reach-mitigation,credibility_reach10_0_wom1,1015,CREDIBILITY_CAMOUFLAGE,TRADITIONAL_MEDIA,FAKE_NEWS_SOURCE,1.0,-1.0,10.0,-1.0,0.33,1.0,5.0,1.0,COMPLETE,0.069825,0.0959,0.0010149999999999998,0.00078,13965,0.73,50,0.069825,
news-source-strategies,RQ3,E3-reach-mitigation,credibility_reach10_0_wom1,1016,CREDIBILITY_CAMOUFLAGE,TRADITIONAL_MEDIA,FAKE_NEWS_SOURCE,1.0,-1.0,10.0,-1.0,0.33,1.0,5.0,1.0,COMPLETE,0.103995,0.08281999999999999,0.001825,0.0009599999999999999,20799,0.6725,78,0.103995,
news-source-strategies,RQ3,E3-reach-mitigation,credibility_reach10_0_wom1,1017,CREDIBILITY_CAMOUFLAGE,TRADITIONAL_MEDIA,FAKE_NEWS_SOURCE,1.0,-1.0,10.0,-1.0,0.33,1.0,5.0,1.0,COMPLETE,0.09115000000000001,0.05164,0.00199,0.00094,18230,0.665,75,0.09115000000000001,
news-source-strategies,RQ3,E3-reach-mitigation,credibility_reach10_0_wom1,1018,CREDIBILITY_CAMOUFLAGE,TRADITIONAL_MEDIA,FAKE_NEWS_SOURCE,1.0,-1.0,10.0,-1.0,0.33,1.0,5.0,1.0,COMPLETE,0.08033,0.062340000000000007,0.0016200000000000001,0.00064,16066,0.68,79,0.08033,
news-source-strategies,RQ3,E3-reach-mitigation,credibility_reach10_0_wom1,1019,CREDIBILITY_CAMOUFLAGE,TRADITIONAL_MEDIA,FAKE_NEWS_SOURCE,1.0,-1.0,10.0,-1.0,0.33,1.0,5.0,1.0,COMPLETE,0.12465999999999999,0.14656,0.002175,0.002,24932,0.64,76,0.12465999999999999,
news-source-strategies,RQ3,E3-reach-mitigation,credibility_reach10_0_wom1,1020,CREDIBILITY_CAMOUFLAGE,TRADITIONAL_MEDIA,FAKE_NEWS_SOURCE,1.0,-1.0,10.0,-1.0,0.33,1.0,5.0,1.0,COMPLETE,0.103575,0.12228,0.0017150000000000002,0.0028799999999999997,20715,0.665,73,0.103575,
news-source-strategies,RQ3,E3-reach-mitigation,credibility_reach10_0_wom1,1021,CREDIBILITY_CAMOUFLAGE,TRADITIONAL_MEDIA,FAKE_NEWS_SOURCE,1.0,-1.0,10.0,-1.0,0.33,1.0,5.0,1.0,COMPLETE,0.099105,0.06222,0.0017800000000000001,0.00092,19821,0.7225,70,0.099105,
news-source-strategies,RQ3,E3-reach-mitigation,credibility_reach10_0_wom1,1022,CREDIBILITY_CAMOUFLAGE,TRADITIONAL_MEDIA,FAKE_NEWS_SOURCE,1.0,-1.0,10.0,-1.0,0.33,1.0,5.0,1.0,COMPLETE,0.07414,0.053020000000000005,0.001165,0.0005600000000000001,14828,0.6875,76,0.07414,
news-source-strategies,RQ3,E3-reach-mitigation,credibility_reach10_0_wom1,1023,CREDIBILITY_CAMOUFLAGE,TRADITIONAL_MEDIA,FAKE_NEWS_SOURCE,1.0,-1.0,10.0,-1.0,0.33,1.0,5.0,1.0,COMPLETE,0.110825,0.09268000000000001,0.002915,0.00102,22165,0.66,110,0.110825,
news-source-strategies,RQ3,E3-reach-mitigation,credibility_reach10_0_wom1,1024,CREDIBILITY_CAMOUFLAGE,TRADITIONAL_MEDIA,FAKE_NEWS_SOURCE,1.0,-1.0,10.0,-1.0,0.33,1.0,5.0,1.0,COMPLETE,0.11125,0.11596,0.0024449999999999997,0.00226,22250,0.6675,104,0.11125,
news-source-strategies,RQ3,E3-reach-mitigation,credibility_reach10_0_wom1,1025,CREDIBILITY_CAMOUFLAGE,TRADITIONAL_MEDIA,FAKE_NEWS_SOURCE,1.0,-1.0,10.0,-1.0,0.33,1.0,5.0,1.0,COMPLETE,0.09523000000000001,0.1566,0.0013700000000000001,0.0034,19046,0.69,66,0.09523000000000001,
news-source-strategies,RQ3,E3-reach-mitigation,credibility_reach10_0_wom1,1026,CREDIBILITY_CAMOUFLAGE,TRADITIONAL_MEDIA,FAKE_NEWS_SOURCE,1.0,-1.0,10.0,-1.0,0.33,1.0,5.0,1.0,COMPLETE,0.094895,0.11238,0.001565,0.001,18979,0.695,63,0.094895,
news-source-strategies,RQ3,E3-reach-mitigation,credibility_reach10_0_wom1,1027,CREDIBILITY_CAMOUFLAGE,TRADITIONAL_MEDIA,FAKE_NEWS_SOURCE,1.0,-1.0,10.0,-1.0,0.33,1.0,5.0,1.0,COMPLETE,0.070205,0.10384,0.0012649999999999998,0.0014399999999999999,14041,0.655,68,0.070205,
news-source-strategies,RQ3,E3-reach-mitigation,credibility_reach10_0_wom1,1028,CREDIBILITY_CAMOUFLAGE,TRADITIONAL_MEDIA,FAKE_NEWS_SOURCE,1.0,-1.0,10.0,-1.0,0.33,1.0,5.0,1.0,COMPLETE,0.09425,0.1027,0.000745,0.0006,18850,0.665,34,0.09425,
news-source-strategies,RQ3,E3-reach-mitigation,credibility_reach10_0_wom1,1029,CREDIBILITY_CAMOUFLAGE,TRADITIONAL_MEDIA,FAKE_NEWS_SOURCE,1.0,-1.0,10.0,-1.0,0.33,1.0,5.0,1.0,COMPLETE,0.12379000000000001,0.05092,0.00161,0.0007,24758,0.6325,62,0.12379000000000001,
news-source-strategies,RQ3,E3-reach-mitigation,credibility_reach10_0_wom1,1030,CREDIBILITY_CAMOUFLAGE,TRADITIONAL_MEDIA,FAKE_NEWS_SOURCE,1.0,-1.0,10.0,-1.0,0.33,1.0,5.0,1.0,COMPLETE,0.102835,0.0724,0.001815,0.00074,20567,0.6575,68,0.102835,
news-source-strategies,RQ3,E3-reach-mitigation,credibility_reach5_0_wom0,1001,CREDIBILITY_CAMOUFLAGE,TRADITIONAL_MEDIA,FAKE_NEWS_SOURCE,1.0,-1.0,5.0,-1.0,0.33,0.0,5.0,1.0,COMPLETE,0.148705,0.14644,0.004465,0.00218,29741,0.63,12,0.148705,
news-source-strategies,RQ3,E3-reach-mitigation,credibility_reach5_0_wom0,1002,CREDIBILITY_CAMOUFLAGE,TRADITIONAL_MEDIA,FAKE_NEWS_SOURCE,1.0,-1.0,5.0,-1.0,0.33,0.0,5.0,1.0,COMPLETE,0.13523,0.13063999999999998,0.003205,0.00378,27046,0.635,11,0.13523,
news-source-strategies,RQ3,E3-reach-mitigation,credibility_reach5_0_wom0,1003,CREDIBILITY_CAMOUFLAGE,TRADITIONAL_MEDIA,FAKE_NEWS_SOURCE,1.0,-1.0,5.0,-1.0,0.33,0.0,5.0,1.0,COMPLETE,0.12866,0.1083,0.00434,0.00332,25732,0.65,11,0.12866,
news-source-strategies,RQ3,E3-reach-mitigation,credibility_reach5_0_wom0,1004,CREDIBILITY_CAMOUFLAGE,TRADITIONAL_MEDIA,FAKE_NEWS_SOURCE,1.0,-1.0,5.0,-1.0,0.33,0.0,5.0,1.0,COMPLETE,0.152955,0.17136,0.006144999999999999,0.00538,30591,0.69,10,0.152955,
news-source-strategies,RQ3,E3-reach-mitigation,credibility_reach5_0_wom0,1005,CREDIBILITY_CAMOUFLAGE,TRADITIONAL_MEDIA,FAKE_NEWS_SOURCE,1.0,-1.0,5.0,-1.0,0.33,0.0,5.0,1.0,COMPLETE,0.154875,0.14762,0.006915,0.0074800000000000005,30975,0.6825,11,0.154875,
news-source-strategies,RQ3,E3-reach-mitigation,credibility_reach5_0_wom0,1006,CREDIBILITY_CAMOUFLAGE,TRADITIONAL_MEDIA,FAKE_NEWS_SOURCE,1.0,-1.0,5.0,-1.0,0.33,0.0,5.0,1.0,COMPLETE,0.14423,0.1555,0.01348,0.0124,28846,0.715,17,0.14423,
news-source-strategies,RQ3,E3-reach-mitigation,credibility_reach5_0_wom0,1007,CREDIBILITY_CAMOUFLAGE,TRADITIONAL_MEDIA,FAKE_NEWS_SOURCE,1.0,-1.0,5.0,-1.0,0.33,0.0,5.0,1.0,COMPLETE,0.1591,0.19856000000000001,0.009725,0.009880000000000002,31820,0.6825,15,0.1591,
news-source-strategies,RQ3,E3-reach-mitigation,credibility_reach5_0_wom0,1008,CREDIBILITY_CAMOUFLAGE,TRADITIONAL_MEDIA,FAKE_NEWS_SOURCE,1.0,-1.0,5.0,-1.0,0.33,0.0,5.0,1.0,COMPLETE,0.147405,0.14044,0.012655,0.013779999999999999,29481,0.695,18,0.147405,
news-source-strategies,RQ3,E3-reach-mitigation,credibility_reach5_0_wom0,1009,CREDIBILITY_CAMOUFLAGE,TRADITIONAL_MEDIA,FAKE_NEWS_SOURCE,1.0,-1.0,5.0,-1.0,0.33,0.0,5.0,1.0,COMPLETE,0.135505,0.15094,0.01323,0.00992,27101,0.6475,18,0.135505,
news-source-strategies,RQ3,E3-reach-mitigation,credibility_reach5_0_wom0,1010,CREDIBILITY_CAMOUFLAGE,TRADITIONAL_MEDIA,FAKE_NEWS_SOURCE,1.0,-1.0,5.0,-1.0,0.33,0.0,5.0,1.0,COMPLETE,0.13783,0.12314,0.01423,0.01214,27566,0.62,18,0.13783,
news-source-strategies,RQ3,E3-reach-mitigation,credibility_reach5_0_wom0,1011,CREDIBILITY_CAMOUFLAGE,TRADITIONAL_MEDIA,FAKE_NEWS_SOURCE,1.0,-1.0,5.0,-1.0,0.33,0.0,5.0,1.0,COMPLETE,0.150425,0.15309999999999999,0.00257,0.00282,30085,0.6675,11,0.150425,
news-source-strategies,RQ3,E3-reach-mitigation,credibility_reach5_0_wom0,1012,CREDIBILITY_CAMOUFLAGE,TRADITIONAL_MEDIA,FAKE_NEWS_SOURCE,1.0,-1.0,5.0,-1.0,0.33,0.0,5.0,1.0,COMPLETE,0.13194999999999998,0.13018000000000002,0.009605,0.00968,26390,0.6325,14,0.13194999999999998,
news-source-strategies,RQ3,E3-reach-mitigation,credibility_reach5_0_wom0,1013,CREDIBILITY_CAMOUFLAGE,TRADITIONAL_MEDIA,FAKE_NEWS_SOURCE,1.0,-1.0,5.0,-1.0,0.33,0.0,5.0,1.0,COMPLETE,0.14682,0.14468,0.005995,0.00456,29364,0.685,12,0.14682,
news-source-strategies,RQ3,E3-reach-mitigation,credibility_reach5_0_wom0,1014,CREDIBILITY_CAMOUFLAGE,TRADITIONAL_MEDIA,FAKE_NEWS_SOURCE,1.0,-1.0,5.0,-1.0,0.33,0.0,5.0,1.0,COMPLETE,0.14418999999999998,0.12788,0.01402,0.013300000000000001,28838,0.665,22,0.14418999999999998,
news-source-strategies,RQ3,E3-reach-mitigation,credibility_reach5_0_wom0,1015,CREDIBILITY_CAMOUFLAGE,TRADITIONAL_MEDIA,FAKE_NEWS_SOURCE,1.0,-1.0,5.0,-1.0,0.33,0.0,5.0,1.0,COMPLETE,0.13720500000000002,0.13646,0.010285,0.00976,27441,0.6475,18,0.13720500000000002,
news-source-strategies,RQ3,E3-reach-mitigation,credibility_reach5_0_wom0,1016,CREDIBILITY_CAMOUFLAGE,TRADITIONAL_MEDIA,FAKE_NEWS_SOURCE,1.0,-1.0,5.0,-1.0,0.33,0.0,5.0,1.0,COMPLETE,0.13723,0.16002000000000002,0.012455,0.01196,27446,0.675,16,0.13723,
news-source-strategies,RQ3,E3-reach-mitigation,credibility_reach5_0_wom0,1017,CREDIBILITY_CAMOUFLAGE,TRADITIONAL_MEDIA,FAKE_NEWS_SOURCE,1.0,-1.0,5.0,-1.0,0.33,0.0,5.0,1.0,COMPLETE,0.120755,0.12426000000000001,0.00718,0.00596,24151,0.6575,17,0.120755,
news-source-strategies,RQ3,E3-reach-mitigation,credibility_reach5_0_wom0,1018,CREDIBILITY_CAMOUFLAGE,TRADITIONAL_MEDIA,FAKE_NEWS_SOURCE,1.0,-1.0,5.0,-1.0,0.33,0.0,5.0,1.0,COMPLETE,0.12668000000000001,0.09992,0.00652,0.0028599999999999997,25336,0.6675,10,0.12668000000000001,
news-source-strategies,RQ3,E3-reach-mitigation,credibility_reach5_0_wom0,1019,CREDIBILITY_CAMOUFLAGE,TRADITIONAL_MEDIA,FAKE_NEWS_SOURCE,1.0,-1.0,5.0,-1.0,0.33,0.0,5.0,1.0,COMPLETE,0.12604,0.12436,0.00174,0.00034,25208,0.6475,12,0.12604,
news-source-strategies,RQ3,E3-reach-mitigation,credibility_reach5_0_wom0,1020,CREDIBILITY_CAMOUFLAGE,TRADITIONAL_MEDIA,FAKE_NEWS_SOURCE,1.0,-1.0,5.0,-1.0,0.33,0.0,5.0,1.0,COMPLETE,0.12615,0.15497999999999998,0.004705,0.00256,25230,0.6575,20,0.12615,
news-source-strategies,RQ3,E3-reach-mitigation,credibility_reach5_0_wom0,1021,CREDIBILITY_CAMOUFLAGE,TRADITIONAL_MEDIA,FAKE_NEWS_SOURCE,1.0,-1.0,5.0,-1.0,0.33,0.0,5.0,1.0,COMPLETE,0.12036,0.10008,0.006634999999999999,0.00414,24072,0.695,15,0.12036,
news-source-strategies,RQ3,E3-reach-mitigation,credibility_reach5_0_wom0,1022,CREDIBILITY_CAMOUFLAGE,TRADITIONAL_MEDIA,FAKE_NEWS_SOURCE,1.0,-1.0,5.0,-1.0,0.33,0.0,5.0,1.0,COMPLETE,0.13499,0.13938,0.00683,0.00608,26998,0.6425,10,0.13499,
news-source-strategies,RQ3,E3-reach-mitigation,credibility_reach5_0_wom0,1023,CREDIBILITY_CAMOUFLAGE,TRADITIONAL_MEDIA,FAKE_NEWS_SOURCE,1.0,-1.0,5.0,-1.0,0.33,0.0,5.0,1.0,COMPLETE,0.126715,0.13,0.003685,0.0033399999999999997,25343,0.7,11,0.126715,
news-source-strategies,RQ3,E3-reach-mitigation,credibility_reach5_0_wom0,1024,CREDIBILITY_CAMOUFLAGE,TRADITIONAL_MEDIA,FAKE_NEWS_SOURCE,1.0,-1.0,5.0,-1.0,0.33,0.0,5.0,1.0,COMPLETE,0.13705,0.10686,0.012575,0.011699999999999999,27410,0.6325,19,0.13705,
news-source-strategies,RQ3,E3-reach-mitigation,credibility_reach5_0_wom0,1025,CREDIBILITY_CAMOUFLAGE,TRADITIONAL_MEDIA,FAKE_NEWS_SOURCE,1.0,-1.0,5.0,-1.0,0.33,0.0,5.0,1.0,COMPLETE,0.143655,0.1507,0.0062699999999999995,0.00608,28731,0.6675,11,0.143655,
news-source-strategies,RQ3,E3-reach-mitigation,credibility_reach5_0_wom0,1026,CREDIBILITY_CAMOUFLAGE,TRADITIONAL_MEDIA,FAKE_NEWS_SOURCE,1.0,-1.0,5.0,-1.0,0.33,0.0,5.0,1.0,COMPLETE,0.14023500000000003,0.16016,0.012495,0.0123,28047,0.67,12,0.14023500000000003,
news-source-strategies,RQ3,E3-reach-mitigation,credibility_reach5_0_wom0,1027,CREDIBILITY_CAMOUFLAGE,TRADITIONAL_MEDIA,FAKE_NEWS_SOURCE,1.0,-1.0,5.0,-1.0,0.33,0.0,5.0,1.0,COMPLETE,0.11966500000000001,0.10374,0.0034500000000000004,0.0014,23933,0.645,16,0.11966500000000001,
news-source-strategies,RQ3,E3-reach-mitigation,credibility_reach5_0_wom0,1028,CREDIBILITY_CAMOUFLAGE,TRADITIONAL_MEDIA,FAKE_NEWS_SOURCE,1.0,-1.0,5.0,-1.0,0.33,0.0,5.0,1.0,COMPLETE,0.12899000000000002,0.13268000000000002,0.00121,0.0008399999999999999,25798,0.6675,8,0.12899000000000002,
news-source-strategies,RQ3,E3-reach-mitigation,credibility_reach5_0_wom0,1029,CREDIBILITY_CAMOUFLAGE,TRADITIONAL_MEDIA,FAKE_NEWS_SOURCE,1.0,-1.0,5.0,-1.0,0.33,0.0,5.0,1.0,COMPLETE,0.12976,0.13594,0.007445,0.0073,25952,0.625,17,0.12976,
news-source-strategies,RQ3,E3-reach-mitigation,credibility_reach5_0_wom0,1030,CREDIBILITY_CAMOUFLAGE,TRADITIONAL_MEDIA,FAKE_NEWS_SOURCE,1.0,-1.0,5.0,-1.0,0.33,0.0,5.0,1.0,COMPLETE,0.13935,0.12456,0.01255,0.01084,27870,0.65,16,0.13935,
news-source-strategies,RQ3,E3-reach-mitigation,credibility_reach5_0_wom1,1001,CREDIBILITY_CAMOUFLAGE,TRADITIONAL_MEDIA,FAKE_NEWS_SOURCE,1.0,-1.0,5.0,-1.0,0.33,1.0,5.0,1.0,COMPLETE,0.09609000000000001,0.09518,0.000425,0.00038,19218,0.67,23,0.09609000000000001,
news-source-strategies,RQ3,E3-reach-mitigation,credibility_reach5_0_wom1,1002,CREDIBILITY_CAMOUFLAGE,TRADITIONAL_MEDIA,FAKE_NEWS_SOURCE,1.0,-1.0,5.0,-1.0,0.33,1.0,5.0,1.0,COMPLETE,0.11137999999999999,0.07284,0.000665,8e-05,22276,0.64,31,0.11137999999999999,
news-source-strategies,RQ3,E3-reach-mitigation,credibility_reach5_0_wom1,1003,CREDIBILITY_CAMOUFLAGE,TRADITIONAL_MEDIA,FAKE_NEWS_SOURCE,1.0,-1.0,5.0,-1.0,0.33,1.0,5.0,1.0,COMPLETE,0.07773000000000001,0.062299999999999994,0.000775,0.00044,15546,0.6775,35,0.07773000000000001,
news-source-strategies,RQ3,E3-reach-mitigation,credibility_reach5_0_wom1,1004,CREDIBILITY_CAMOUFLAGE,TRADITIONAL_MEDIA,FAKE_NEWS_SOURCE,1.0,-1.0,5.0,-1.0,0.33,1.0,5.0,1.0,COMPLETE,0.10700499999999999,0.05274,0.001065,0.0005600000000000001,21401,0.705,36,0.10700499999999999,
news-source-strategies,RQ3,E3-reach-mitigation,credibility_reach5_0_wom1,1005,CREDIBILITY_CAMOUFLAGE,TRADITIONAL_MEDIA,FAKE_NEWS_SOURCE,1.0,-1.0,5.0,-1.0,0.33,1.0,5.0,1.0,COMPLETE,0.11283,0.1359,0.0008,0.00124,22566,0.6675,28,0.11283,
news-source-strategies,RQ3,E3-reach-mitigation,credibility_reach5_0_wom1,1006,CREDIBILITY_CAMOUFLAGE,TRADITIONAL_MEDIA,FAKE_NEWS_SOURCE,1.0,-1.0,5.0,-1.0,0.33,1.0,5.0,1.0,COMPLETE,0.08737,0.09362000000000001,0.00091,0.0011799999999999998,17474,0.67,45,0.08737,
news-source-strategies,RQ3,E3-reach-mitigation,credibility_reach5_0_wom1,1007,CREDIBILITY_CAMOUFLAGE,TRADITIONAL_MEDIA,FAKE_NEWS_SOURCE,1.0,-1.0,5.0,-1.0,0.33,1.0,5.0,1.0,COMPLETE,0.077735,0.06392,0.00073,0.00064,15547,0.635,38,0.077735,
news-source-strategies,RQ3,E3-reach-mitigation,credibility_reach5_0_wom1,1008,CREDIBILITY_CAMOUFLAGE,TRADITIONAL_MEDIA,FAKE_NEWS_SOURCE,1.0,-1.0,5.0,-1.0,0.33,1.0,5.0,1.0,COMPLETE,0.088875,0.04202,0.000815,0.0003,17775,0.6225,30,0.088875,
news-source-strategies,RQ3,E3-reach-mitigation,credibility_reach5_0_wom1,1009,CREDIBILITY_CAMOUFLAGE,TRADITIONAL_MEDIA,FAKE_NEWS_SOURCE,1.0,-1.0,5.0,-1.0,0.33,1.0,5.0,1.0,COMPLETE,0.07733,0.06338,0.00091,0.0010400000000000001,15466,0.66,51,0.07733,
news-source-strategies,RQ3,E3-reach-mitigation,credibility_reach5_0_wom1,1010,CREDIBILITY_CAMOUFLAGE,TRADITIONAL_MEDIA,FAKE_NEWS_SOURCE,1.0,-1.0,5.0,-1.0,0.33,1.0,5.0,1.0,COMPLETE,0.068855,0.05246,0.000505,0.0003,13771,0.6725,27,0.068855,
news-source-strategies,RQ3,E3-reach-mitigation,credibility_reach5_0_wom1,1011,CREDIBILITY_CAMOUFLAGE,TRADITIONAL_MEDIA,FAKE_NEWS_SOURCE,1.0,-1.0,5.0,-1.0,0.33,1.0,5.0,1.0,COMPLETE,0.112,0.1154,0.00108,0.0004,22400,0.6525,34,0.112,
news-source-strategies,RQ3,E3-reach-mitigation,credibility_reach5_0_wom1,1012,CREDIBILITY_CAMOUFLAGE,TRADITIONAL_MEDIA,FAKE_NEWS_SOURCE,1.0,-1.0,5.0,-1.0,0.33,1.0,5.0,1.0,COMPLETE,0.08834,0.020640000000000002,0.0005600000000000001,0.00011999999999999999,17668,0.6575,23,0.08834,
news-source-strategies,RQ3,E3-reach-mitigation,credibility_reach5_0_wom1,1013,CREDIBILITY_CAMOUFLAGE,TRADITIONAL_MEDIA,FAKE_NEWS_SOURCE,1.0,-1.0,5.0,-1.0,0.33,1.0,5.0,1.0,COMPLETE,0.09039499999999999,0.12518,0.00041,0.00068,18079,0.6775,24,0.09039499999999999,
news-source-strategies,RQ3,E3-reach-mitigation,credibility_reach5_0_wom1,1014,CREDIBILITY_CAMOUFLAGE,TRADITIONAL_MEDIA,FAKE_NEWS_SOURCE,1.0,-1.0,5.0,-1.0,0.33,1.0,5.0,1.0,COMPLETE,0.08992,0.1077,0.001575,0.00292,17984,0.68,67,0.08992,
news-source-strategies,RQ3,E3-reach-mitigation,credibility_reach5_0_wom1,1015,CREDIBILITY_CAMOUFLAGE,TRADITIONAL_MEDIA,FAKE_NEWS_SOURCE,1.0,-1.0,5.0,-1.0,0.33,1.0,5.0,1.0,COMPLETE,0.093425,0.1072,0.0007650000000000001,0.00046,18685,0.66,24,0.093425,
news-source-strategies,RQ3,E3-reach-mitigation,credibility_reach5_0_wom1,1016,CREDIBILITY_CAMOUFLAGE,TRADITIONAL_MEDIA,FAKE_NEWS_SOURCE,1.0,-1.0,5.0,-1.0,0.33,1.0,5.0,1.0,COMPLETE,0.06729500000000001,0.040920000000000005,0.000655,0.00038,13459,0.67,29,0.06729500000000001,
news-source-strategies,RQ3,E3-reach-mitigation,credibility_reach5_0_wom1,1017,CREDIBILITY_CAMOUFLAGE,TRADITIONAL_MEDIA,FAKE_NEWS_SOURCE,1.0,-1.0,5.0,-1.0,0.33,1.0,5.0,1.0,COMPLETE,0.10750499999999999,0.10809999999999999,0.0014,0.0014399999999999999,21501,0.6625,58,0.10750499999999999,
news-source-strategies,RQ3,E3-reach-mitigation,credibility_reach5_0_wom1,1018,CREDIBILITY_CAMOUFLAGE,TRADITIONAL_MEDIA,FAKE_NEWS_SOURCE,1.0,-1.0,5.0,-1.0,0.33,1.0,5.0,1.0,COMPLETE,0.0834,0.0434,0.000435,0.0002,16680,0.6775,20,0.0834,
news-source-strategies,RQ3,E3-reach-mitigation,credibility_reach5_0_wom1,1019,CREDIBILITY_CAMOUFLAGE,TRADITIONAL_MEDIA,FAKE_NEWS_SOURCE,1.0,-1.0,5.0,-1.0,0.33,1.0,5.0,1.0,COMPLETE,0.12417,0.14598,0.000855,0.0007,24834,0.64,31,0.12417,
news-source-strategies,RQ3,E3-reach-mitigation,credibility_reach5_0_wom1,1020,CREDIBILITY_CAMOUFLAGE,TRADITIONAL_MEDIA,FAKE_NEWS_SOURCE,1.0,-1.0,5.0,-1.0,0.33,1.0,5.0,1.0,COMPLETE,0.10404000000000001,0.12459999999999999,0.001155,0.00174,20808,0.665,47,0.10404000000000001,
news-source-strategies,RQ3,E3-reach-mitigation,credibility_reach5_0_wom1,1021,CREDIBILITY_CAMOUFLAGE,TRADITIONAL_MEDIA,FAKE_NEWS_SOURCE,1.0,-1.0,5.0,-1.0,0.33,1.0,5.0,1.0,COMPLETE,0.14141,0.12392,0.0008900000000000001,0.00046,28282,0.67,32,0.14141,
news-source-strategies,RQ3,E3-reach-mitigation,credibility_reach5_0_wom1,1022,CREDIBILITY_CAMOUFLAGE,TRADITIONAL_MEDIA,FAKE_NEWS_SOURCE,1.0,-1.0,5.0,-1.0,0.33,1.0,5.0,1.0,COMPLETE,0.10992,0.13406,0.000885,0.001,21984,0.66,35,0.10992,
news-source-strategies,RQ3,E3-reach-mitigation,credibility_reach5_0_wom1,1023,CREDIBILITY_CAMOUFLAGE,TRADITIONAL_MEDIA,FAKE_NEWS_SOURCE,1.0,-1.0,5.0,-1.0,0.33,1.0,5.0,1.0,COMPLETE,0.12317,0.181,0.00106,0.00128,24634,0.6825,32,0.12317,
news-source-strategies,RQ3,E3-reach-mitigation,credibility_reach5_0_wom1,1024,CREDIBILITY_CAMOUFLAGE,TRADITIONAL_MEDIA,FAKE_NEWS_SOURCE,1.0,-1.0,5.0,-1.0,0.33,1.0,5.0,1.0,COMPLETE,0.09926,0.10628,0.0011899999999999999,0.0008,19852,0.6675,47,0.09926,
news-source-strategies,RQ3,E3-reach-mitigation,credibility_reach5_0_wom1,1025,CREDIBILITY_CAMOUFLAGE,TRADITIONAL_MEDIA,FAKE_NEWS_SOURCE,1.0,-1.0,5.0,-1.0,0.33,1.0,5.0,1.0,COMPLETE,0.116295,0.07402,0.001125,0.00023999999999999998,23259,0.6375,46,0.116295,
news-source-strategies,RQ3,E3-reach-mitigation,credibility_reach5_0_wom1,1026,CREDIBILITY_CAMOUFLAGE,TRADITIONAL_MEDIA,FAKE_NEWS_SOURCE,1.0,-1.0,5.0,-1.0,0.33,1.0,5.0,1.0,COMPLETE,0.10931999999999999,0.08458,0.00069,0.00038,21864,0.7225,26,0.10931999999999999,
news-source-strategies,RQ3,E3-reach-mitigation,credibility_reach5_0_wom1,1027,CREDIBILITY_CAMOUFLAGE,TRADITIONAL_MEDIA,FAKE_NEWS_SOURCE,1.0,-1.0,5.0,-1.0,0.33,1.0,5.0,1.0,COMPLETE,0.08930500000000001,0.12664,0.00163,0.00322,17861,0.6975,67,0.08930500000000001,
news-source-strategies,RQ3,E3-reach-mitigation,credibility_reach5_0_wom1,1028,CREDIBILITY_CAMOUFLAGE,TRADITIONAL_MEDIA,FAKE_NEWS_SOURCE,1.0,-1.0,5.0,-1.0,0.33,1.0,5.0,1.0,COMPLETE,0.09398000000000001,0.10242,0.000225,8e-05,18796,0.665,13,0.09398000000000001,
news-source-strategies,RQ3,E3-reach-mitigation,credibility_reach5_0_wom1,1029,CREDIBILITY_CAMOUFLAGE,TRADITIONAL_MEDIA,FAKE_NEWS_SOURCE,1.0,-1.0,5.0,-1.0,0.33,1.0,5.0,1.0,COMPLETE,0.0943,0.061380000000000004,0.001245,0.00058,18860,0.6825,54,0.0943,
news-source-strategies,RQ3,E3-reach-mitigation,credibility_reach5_0_wom1,1030,CREDIBILITY_CAMOUFLAGE,TRADITIONAL_MEDIA,FAKE_NEWS_SOURCE,1.0,-1.0,5.0,-1.0,0.33,1.0,5.0,1.0,COMPLETE,0.085585,0.07434,0.00093,0.00064,17117,0.645,41,0.085585,
news-source-strategies,RQ3,E3-reach-mitigation,credibility_reach1_0_wom0,1001,CREDIBILITY_CAMOUFLAGE,TRADITIONAL_MEDIA,FAKE_NEWS_SOURCE,1.0,-1.0,1.0,-1.0,0.33,0.0,5.0,1.0,COMPLETE,0.131145,0.08962,0.00189,0.00198,26229,0.7075,6,0.131145,
news-source-strategies,RQ3,E3-reach-mitigation,credibility_reach1_0_wom0,1002,CREDIBILITY_CAMOUFLAGE,TRADITIONAL_MEDIA,FAKE_NEWS_SOURCE,1.0,-1.0,1.0,-1.0,0.33,0.0,5.0,1.0,COMPLETE,0.13342500000000002,0.1128,0.00010499999999999999,0.00026000000000000003,26685,0.6475,3,0.13342500000000002,
news-source-strategies,RQ3,E3-reach-mitigation,credibility_reach1_0_wom0,1003,CREDIBILITY_CAMOUFLAGE,TRADITIONAL_MEDIA,FAKE_NEWS_SOURCE,1.0,-1.0,1.0,-1.0,0.33,0.0,5.0,1.0,COMPLETE,0.126465,0.10694,0.00038500000000000003,0.00146,25293,0.65,2,0.126465,
news-source-strategies,RQ3,E3-reach-mitigation,credibility_reach1_0_wom0,1004,CREDIBILITY_CAMOUFLAGE,TRADITIONAL_MEDIA,FAKE_NEWS_SOURCE,1.0,-1.0,1.0,-1.0,0.33,0.0,5.0,1.0,COMPLETE,0.14997,0.16913999999999998,5e-06,0.0,29994,0.69,1,0.14997,
news-source-strategies,RQ3,E3-reach-mitigation,credibility_reach1_0_wom0,1005,CREDIBILITY_CAMOUFLAGE,TRADITIONAL_MEDIA,FAKE_NEWS_SOURCE,1.0,-1.0,1.0,-1.0,0.33,0.0,5.0,1.0,COMPLETE,0.132845,0.15231999999999998,0.00252,0.002,26569,0.6425,2,0.132845,
news-source-strategies,RQ3,E3-reach-mitigation,credibility_reach1_0_wom0,1006,CREDIBILITY_CAMOUFLAGE,TRADITIONAL_MEDIA,FAKE_NEWS_SOURCE,1.0,-1.0,1.0,-1.0,0.33,0.0,5.0,1.0,COMPLETE,0.14181,0.13334000000000001,0.0044599999999999996,0.004,28362,0.65,5,0.14181,
news-source-strategies,RQ3,E3-reach-mitigation,credibility_reach1_0_wom0,1007,CREDIBILITY_CAMOUFLAGE,TRADITIONAL_MEDIA,FAKE_NEWS_SOURCE,1.0,-1.0,1.0,-1.0,0.33,0.0,5.0,1.0,COMPLETE,0.149815,0.17152,0.0035499999999999998,0.00174,29963,0.65,3,0.149815,
news-source-strategies,RQ3,E3-reach-mitigation,credibility_reach1_0_wom0,1008,CREDIBILITY_CAMOUFLAGE,TRADITIONAL_MEDIA,FAKE_NEWS_SOURCE,1.0,-1.0,1.0,-1.0,0.33,0.0,5.0,1.0,COMPLETE,0.15139,0.15703999999999999,0.000625,0.0,30278,0.68,3,0.15139,
news-source-strategies,RQ3,E3-reach-mitigation,credibility_reach1_0_wom0,1009,CREDIBILITY_CAMOUFLAGE,TRADITIONAL_MEDIA,FAKE_NEWS_SOURCE,1.0,-1.0,1.0,-1.0,0.33,0.0,5.0,1.0,COMPLETE,0.17037,0.15912,0.00191,0.00188,34074,0.6825,1,0.17037,
news-source-strategies,RQ3,E3-reach-mitigation,credibility_reach1_0_wom0,1010,CREDIBILITY_CAMOUFLAGE,TRADITIONAL_MEDIA,FAKE_NEWS_SOURCE,1.0,-1.0,1.0,-1.0,0.33,0.0,5.0,1.0,COMPLETE,0.126825,0.12678,0.002,0.002,25365,0.67,1,0.126825,
news-source-strategies,RQ3,E3-reach-mitigation,credibility_reach1_0_wom0,1011,CREDIBILITY_CAMOUFLAGE,TRADITIONAL_MEDIA,FAKE_NEWS_SOURCE,1.0,-1.0,1.0,-1.0,0.33,0.0,5.0,1.0,COMPLETE,0.15059999999999998,0.15408000000000002,0.00065,0.00166,30120,0.6675,1,0.15059999999999998,
news-source-strategies,RQ3,E3-reach-mitigation,credibility_reach1_0_wom0,1012,CREDIBILITY_CAMOUFLAGE,TRADITIONAL_MEDIA,FAKE_NEWS_SOURCE,1.0,-1.0,1.0,-1.0,0.33,0.0,5.0,1.0,COMPLETE,0.14428,0.1802,0.002,0.002,28856,0.7175,1,0.14428,
news-source-strategies,RQ3,E3-reach-mitigation,credibility_reach1_0_wom0,1013,CREDIBILITY_CAMOUFLAGE,TRADITIONAL_MEDIA,FAKE_NEWS_SOURCE,1.0,-1.0,1.0,-1.0,0.33,0.0,5.0,1.0,COMPLETE,0.128285,0.11868000000000001,0.0030499999999999998,0.00166,25657,0.68,4,0.128285,
news-source-strategies,RQ3,E3-reach-mitigation,credibility_reach1_0_wom0,1014,CREDIBILITY_CAMOUFLAGE,TRADITIONAL_MEDIA,FAKE_NEWS_SOURCE,1.0,-1.0,1.0,-1.0,0.33,0.0,5.0,1.0,COMPLETE,0.13013,0.14294,0.0042699999999999995,0.00408,26026,0.665,9,0.13013,
news-source-strategies,RQ3,E3-reach-mitigation,credibility_reach1_0_wom0,1015,CREDIBILITY_CAMOUFLAGE,TRADITIONAL_MEDIA,FAKE_NEWS_SOURCE,1.0,-1.0,1.0,-1.0,0.33,0.0,5.0,1.0,COMPLETE,0.12557,0.13354,5e-06,0.0,25114,0.6775,1,0.12557,
news-source-strategies,RQ3,E3-reach-mitigation,credibility_reach1_0_wom0,1016,CREDIBILITY_CAMOUFLAGE,TRADITIONAL_MEDIA,FAKE_NEWS_SOURCE,1.0,-1.0,1.0,-1.0,0.33,0.0,5.0,1.0,COMPLETE,0.143725,0.14844,0.0020099999999999996,0.00202,28745,0.6825,2,0.143725,
news-source-strategies,RQ3,E3-reach-mitigation,credibility_reach1_0_wom0,1017,CREDIBILITY_CAMOUFLAGE,TRADITIONAL_MEDIA,FAKE_NEWS_SOURCE,1.0,-1.0,1.0,-1.0,0.33,0.0,5.0,1.0,COMPLETE,0.12551,0.09902,0.00181,0.0019,25102,0.6925,1,0.12551,
news-source-strategies,RQ3,E3-reach-mitigation,credibility_reach1_0_wom0,1018,CREDIBILITY_CAMOUFLAGE,TRADITIONAL_MEDIA,FAKE_NEWS_SOURCE,1.0,-1.0,1.0,-1.0,0.33,0.0,5.0,1.0,COMPLETE,0.12539,0.09968,2e-05,0.0,25078,0.67,3,0.12539,
news-source-strategies,RQ3,E3-reach-mitigation,credibility_reach1_0_wom0,1019,CREDIBILITY_CAMOUFLAGE,TRADITIONAL_MEDIA,FAKE_NEWS_SOURCE,1.0,-1.0,1.0,-1.0,0.33,0.0,5.0,1.0,COMPLETE,0.12490000000000001,0.12356,4.4999999999999996e-05,0.0,24980,0.6475,1,0.12490000000000001,
news-source-strategies,RQ3,E3-reach-mitigation,credibility_reach1_0_wom0,1020,CREDIBILITY_CAMOUFLAGE,TRADITIONAL_MEDIA,FAKE_NEWS_SOURCE,1.0,-1.0,1.0,-1.0,0.33,0.0,5.0,1.0,COMPLETE,0.13223,0.12884,0.001355,4e-05,26446,0.66,4,0.13223,
news-source-strategies,RQ3,E3-reach-mitigation,credibility_reach1_0_wom0,1021,CREDIBILITY_CAMOUFLAGE,TRADITIONAL_MEDIA,FAKE_NEWS_SOURCE,1.0,-1.0,1.0,-1.0,0.33,0.0,5.0,1.0,COMPLETE,0.13779,0.11678,0.0023450000000000003,0.0014199999999999998,27558,0.635,3,0.13779,
news-source-strategies,RQ3,E3-reach-mitigation,credibility_reach1_0_wom0,1022,CREDIBILITY_CAMOUFLAGE,TRADITIONAL_MEDIA,FAKE_NEWS_SOURCE,1.0,-1.0,1.0,-1.0,0.33,0.0,5.0,1.0,COMPLETE,0.12337000000000001,0.12716,0.002275,0.002,24674,0.6425,3,0.12337000000000001,
news-source-strategies,RQ3,E3-reach-mitigation,credibility_reach1_0_wom0,1023,CREDIBILITY_CAMOUFLAGE,TRADITIONAL_MEDIA,FAKE_NEWS_SOURCE,1.0,-1.0,1.0,-1.0,0.33,0.0,5.0,1.0,COMPLETE,0.123435,0.09812,0.00022,0.0,24687,0.6525,3,0.123435,
news-source-strategies,RQ3,E3-reach-mitigation,credibility_reach1_0_wom0,1024,CREDIBILITY_CAMOUFLAGE,TRADITIONAL_MEDIA,FAKE_NEWS_SOURCE,1.0,-1.0,1.0,-1.0,0.33,0.0,5.0,1.0,COMPLETE,0.14571,0.12724,0.00423,0.00272,29142,0.6525,3,0.14571,
news-source-strategies,RQ3,E3-reach-mitigation,credibility_reach1_0_wom0,1025,CREDIBILITY_CAMOUFLAGE,TRADITIONAL_MEDIA,FAKE_NEWS_SOURCE,1.0,-1.0,1.0,-1.0,0.33,0.0,5.0,1.0,COMPLETE,0.15297999999999998,0.1406,3.5000000000000004e-05,4e-05,30596,0.6875,3,0.15297999999999998,
news-source-strategies,RQ3,E3-reach-mitigation,credibility_reach1_0_wom0,1026,CREDIBILITY_CAMOUFLAGE,TRADITIONAL_MEDIA,FAKE_NEWS_SOURCE,1.0,-1.0,1.0,-1.0,0.33,0.0,5.0,1.0,COMPLETE,0.130355,0.1367,0.0020350000000000004,0.002,26071,0.685,3,0.130355,
news-source-strategies,RQ3,E3-reach-mitigation,credibility_reach1_0_wom0,1027,CREDIBILITY_CAMOUFLAGE,TRADITIONAL_MEDIA,FAKE_NEWS_SOURCE,1.0,-1.0,1.0,-1.0,0.33,0.0,5.0,1.0,COMPLETE,0.11899,0.10438,0.00173,0.00132,23798,0.645,3,0.11899,
news-source-strategies,RQ3,E3-reach-mitigation,credibility_reach1_0_wom0,1028,CREDIBILITY_CAMOUFLAGE,TRADITIONAL_MEDIA,FAKE_NEWS_SOURCE,1.0,-1.0,1.0,-1.0,0.33,0.0,5.0,1.0,COMPLETE,0.12890000000000001,0.13244,4.4999999999999996e-05,0.0,25780,0.6675,3,0.12890000000000001,
news-source-strategies,RQ3,E3-reach-mitigation,credibility_reach1_0_wom0,1029,CREDIBILITY_CAMOUFLAGE,TRADITIONAL_MEDIA,FAKE_NEWS_SOURCE,1.0,-1.0,1.0,-1.0,0.33,0.0,5.0,1.0,COMPLETE,0.12703,0.1338,0.0020800000000000003,0.00218,25406,0.625,4,0.12703,
news-source-strategies,RQ3,E3-reach-mitigation,credibility_reach1_0_wom0,1030,CREDIBILITY_CAMOUFLAGE,TRADITIONAL_MEDIA,FAKE_NEWS_SOURCE,1.0,-1.0,1.0,-1.0,0.33,0.0,5.0,1.0,COMPLETE,0.14303,0.1492,0.00010499999999999999,0.0,28606,0.65,2,0.14303,
news-source-strategies,RQ3,E3-reach-mitigation,credibility_reach1_0_wom1,1001,CREDIBILITY_CAMOUFLAGE,TRADITIONAL_MEDIA,FAKE_NEWS_SOURCE,1.0,-1.0,1.0,-1.0,0.33,1.0,5.0,1.0,COMPLETE,0.081495,0.041979999999999996,0.00034,0.00016,16299,0.6975,17,0.081495,
news-source-strategies,RQ3,E3-reach-mitigation,credibility_reach1_0_wom1,1002,CREDIBILITY_CAMOUFLAGE,TRADITIONAL_MEDIA,FAKE_NEWS_SOURCE,1.0,-1.0,1.0,-1.0,0.33,1.0,5.0,1.0,COMPLETE,0.10466,0.12708,5.9999999999999995e-05,5.9999999999999995e-05,20932,0.635,5,0.10466,
news-source-strategies,RQ3,E3-reach-mitigation,credibility_reach1_0_wom1,1003,CREDIBILITY_CAMOUFLAGE,TRADITIONAL_MEDIA,FAKE_NEWS_SOURCE,1.0,-1.0,1.0,-1.0,0.33,1.0,5.0,1.0,COMPLETE,0.07740999999999999,0.06216,0.0003,0.00014000000000000001,15482,0.6775,14,0.07740999999999999,
news-source-strategies,RQ3,E3-reach-mitigation,credibility_reach1_0_wom1,1004,CREDIBILITY_CAMOUFLAGE,TRADITIONAL_MEDIA,FAKE_NEWS_SOURCE,1.0,-1.0,1.0,-1.0,0.33,1.0,5.0,1.0,COMPLETE,0.10695,0.05266,0.0005250000000000001,0.0004,21390,0.705,16,0.10695,
news-source-strategies,RQ3,E3-reach-mitigation,credibility_reach1_0_wom1,1005,CREDIBILITY_CAMOUFLAGE,TRADITIONAL_MEDIA,FAKE_NEWS_SOURCE,1.0,-1.0,1.0,-1.0,0.33,1.0,5.0,1.0,COMPLETE,0.075465,0.08216,0.00019,0.00028000000000000003,15093,0.6625,8,0.075465,
news-source-strategies,RQ3,E3-reach-mitigation,credibility_reach1_0_wom1,1006,CREDIBILITY_CAMOUFLAGE,TRADITIONAL_MEDIA,FAKE_NEWS_SOURCE,1.0,-1.0,1.0,-1.0,0.33,1.0,5.0,1.0,COMPLETE,0.09128499999999999,0.14626,0.00038500000000000003,0.00038,18257,0.68,19,0.09128499999999999,
news-source-strategies,RQ3,E3-reach-mitigation,credibility_reach1_0_wom1,1007,CREDIBILITY_CAMOUFLAGE,TRADITIONAL_MEDIA,FAKE_NEWS_SOURCE,1.0,-1.0,1.0,-1.0,0.33,1.0,5.0,1.0,COMPLETE,0.09209,0.09386,0.000265,0.00026000000000000003,18418,0.6625,12,0.09209,
news-source-strategies,RQ3,E3-reach-mitigation,credibility_reach1_0_wom1,1008,CREDIBILITY_CAMOUFLAGE,TRADITIONAL_MEDIA,FAKE_NEWS_SOURCE,1.0,-1.0,1.0,-1.0,0.33,1.0,5.0,1.0,COMPLETE,0.092595,0.09659999999999999,0.00022,0.00032,18519,0.7075,8,0.092595,
news-source-strategies,RQ3,E3-reach-mitigation,credibility_reach1_0_wom1,1009,CREDIBILITY_CAMOUFLAGE,TRADITIONAL_MEDIA,FAKE_NEWS_SOURCE,1.0,-1.0,1.0,-1.0,0.33,1.0,5.0,1.0,COMPLETE,0.10026,0.08484,5e-06,2e-05,20052,0.665,1,0.10026,
news-source-strategies,RQ3,E3-reach-mitigation,credibility_reach1_0_wom1,1010,CREDIBILITY_CAMOUFLAGE,TRADITIONAL_MEDIA,FAKE_NEWS_SOURCE,1.0,-1.0,1.0,-1.0,0.33,1.0,5.0,1.0,COMPLETE,0.093,0.12409999999999999,0.000115,0.00034,18600,0.64,6,0.093,
news-source-strategies,RQ3,E3-reach-mitigation,credibility_reach1_0_wom1,1011,CREDIBILITY_CAMOUFLAGE,TRADITIONAL_MEDIA,FAKE_NEWS_SOURCE,1.0,-1.0,1.0,-1.0,0.33,1.0,5.0,1.0,COMPLETE,0.11325,0.11536,0.00022,0.0001,22650,0.6525,10,0.11325,
news-source-strategies,RQ3,E3-reach-mitigation,credibility_reach1_0_wom1,1012,CREDIBILITY_CAMOUFLAGE,TRADITIONAL_MEDIA,FAKE_NEWS_SOURCE,1.0,-1.0,1.0,-1.0,0.33,1.0,5.0,1.0,COMPLETE,0.096205,0.07452,5e-05,4e-05,19241,0.6675,2,0.096205,
news-source-strategies,RQ3,E3-reach-mitigation,credibility_reach1_0_wom1,1013,CREDIBILITY_CAMOUFLAGE,TRADITIONAL_MEDIA,FAKE_NEWS_SOURCE,1.0,-1.0,1.0,-1.0,0.33,1.0,5.0,1.0,COMPLETE,0.10522,0.10504000000000001,0.00041,0.00014000000000000001,21044,0.705,18,0.10522,
news-source-strategies,RQ3,E3-reach-mitigation,credibility_reach1_0_wom1,1014,CREDIBILITY_CAMOUFLAGE,TRADITIONAL_MEDIA,FAKE_NEWS_SOURCE,1.0,-1.0,1.0,-1.0,0.33,1.0,5.0,1.0,COMPLETE,0.09109,0.10776000000000001,0.00134,0.00256,18218,0.67,60,0.09109,
news-source-strategies,RQ3,E3-reach-mitigation,credibility_reach1_0_wom1,1015,CREDIBILITY_CAMOUFLAGE,TRADITIONAL_MEDIA,FAKE_NEWS_SOURCE,1.0,-1.0,1.0,-1.0,0.33,1.0,5.0,1.0,COMPLETE,0.087225,0.08272,5e-05,0.0,17445,0.6575,2,0.087225,
news-source-strategies,RQ3,E3-reach-mitigation,credibility_reach1_0_wom1,1016,CREDIBILITY_CAMOUFLAGE,TRADITIONAL_MEDIA,FAKE_NEWS_SOURCE,1.0,-1.0,1.0,-1.0,0.33,1.0,5.0,1.0,COMPLETE,0.10149,0.11624,0.00011999999999999999,0.00014000000000000001,20298,0.6725,4,0.10149,
news-source-strategies,RQ3,E3-reach-mitigation,credibility_reach1_0_wom1,1017,CREDIBILITY_CAMOUFLAGE,TRADITIONAL_MEDIA,FAKE_NEWS_SOURCE,1.0,-1.0,1.0,-1.0,0.33,1.0,5.0,1.0,COMPLETE,0.08667,0.07574,0.00027,0.0005600000000000001,17334,0.6675,14,0.08667,
news-source-strategies,RQ3,E3-reach-mitigation,credibility_reach1_0_wom1,1018,CREDIBILITY_CAMOUFLAGE,TRADITIONAL_MEDIA,FAKE_NEWS_SOURCE,1.0,-1.0,1.0,-1.0,0.33,1.0,5.0,1.0,COMPLETE,0.08669,0.168,8.999999999999999e-05,2e-05,17338,0.68,5,0.08669,
news-source-strategies,RQ3,E3-reach-mitigation,credibility_reach1_0_wom1,1019,CREDIBILITY_CAMOUFLAGE,TRADITIONAL_MEDIA,FAKE_NEWS_SOURCE,1.0,-1.0,1.0,-1.0,0.33,1.0,5.0,1.0,COMPLETE,0.12378499999999999,0.1456,8.5e-05,5.9999999999999995e-05,24757,0.64,2,0.12378499999999999,
news-source-strategies,RQ3,E3-reach-mitigation,credibility_reach1_0_wom1,1020,CREDIBILITY_CAMOUFLAGE,TRADITIONAL_MEDIA,FAKE_NEWS_SOURCE,1.0,-1.0,1.0,-1.0,0.33,1.0,5.0,1.0,COMPLETE,0.08601,0.07292,0.00013000000000000002,8e-05,17202,0.6825,5,0.08601,
news-source-strategies,RQ3,E3-reach-mitigation,credibility_reach1_0_wom1,1021,CREDIBILITY_CAMOUFLAGE,TRADITIONAL_MEDIA,FAKE_NEWS_SOURCE,1.0,-1.0,1.0,-1.0,0.33,1.0,5.0,1.0,COMPLETE,0.097305,0.10502,9.5e-05,8e-05,19461,0.6625,5,0.097305,
news-source-strategies,RQ3,E3-reach-mitigation,credibility_reach1_0_wom1,1022,CREDIBILITY_CAMOUFLAGE,TRADITIONAL_MEDIA,FAKE_NEWS_SOURCE,1.0,-1.0,1.0,-1.0,0.33,1.0,5.0,1.0,COMPLETE,0.09445999999999999,0.12228,0.00011999999999999999,0.00014000000000000001,18892,0.66,5,0.09445999999999999,
news-source-strategies,RQ3,E3-reach-mitigation,credibility_reach1_0_wom1,1023,CREDIBILITY_CAMOUFLAGE,TRADITIONAL_MEDIA,FAKE_NEWS_SOURCE,1.0,-1.0,1.0,-1.0,0.33,1.0,5.0,1.0,COMPLETE,0.09633,0.08368,0.00027,0.0002,19266,0.6875,8,0.09633,
news-source-strategies,RQ3,E3-reach-mitigation,credibility_reach1_0_wom1,1024,CREDIBILITY_CAMOUFLAGE,TRADITIONAL_MEDIA,FAKE_NEWS_SOURCE,1.0,-1.0,1.0,-1.0,0.33,1.0,5.0,1.0,COMPLETE,0.086095,0.10782,0.000285,0.00011999999999999999,17219,0.69,8,0.086095,
news-source-strategies,RQ3,E3-reach-mitigation,credibility_reach1_0_wom1,1025,CREDIBILITY_CAMOUFLAGE,TRADITIONAL_MEDIA,FAKE_NEWS_SOURCE,1.0,-1.0,1.0,-1.0,0.33,1.0,5.0,1.0,COMPLETE,0.081155,0.05122,8e-05,8e-05,16231,0.6875,3,0.081155,
news-source-strategies,RQ3,E3-reach-mitigation,credibility_reach1_0_wom1,1026,CREDIBILITY_CAMOUFLAGE,TRADITIONAL_MEDIA,FAKE_NEWS_SOURCE,1.0,-1.0,1.0,-1.0,0.33,1.0,5.0,1.0,COMPLETE,0.084505,0.1263,8e-05,0.0001,16901,0.6675,6,0.084505,
news-source-strategies,RQ3,E3-reach-mitigation,credibility_reach1_0_wom1,1027,CREDIBILITY_CAMOUFLAGE,TRADITIONAL_MEDIA,FAKE_NEWS_SOURCE,1.0,-1.0,1.0,-1.0,0.33,1.0,5.0,1.0,COMPLETE,0.08839,0.12478,0.00017,0.0002,17678,0.6975,7,0.08839,
news-source-strategies,RQ3,E3-reach-mitigation,credibility_reach1_0_wom1,1028,CREDIBILITY_CAMOUFLAGE,TRADITIONAL_MEDIA,FAKE_NEWS_SOURCE,1.0,-1.0,1.0,-1.0,0.33,1.0,5.0,1.0,COMPLETE,0.09383499999999999,0.10238,4.4999999999999996e-05,2e-05,18767,0.665,3,0.09383499999999999,
news-source-strategies,RQ3,E3-reach-mitigation,credibility_reach1_0_wom1,1029,CREDIBILITY_CAMOUFLAGE,TRADITIONAL_MEDIA,FAKE_NEWS_SOURCE,1.0,-1.0,1.0,-1.0,0.33,1.0,5.0,1.0,COMPLETE,0.09387999999999999,0.06114,0.00016,0.00017999999999999998,18776,0.6825,6,0.09387999999999999,
news-source-strategies,RQ3,E3-reach-mitigation,credibility_reach1_0_wom1,1030,CREDIBILITY_CAMOUFLAGE,TRADITIONAL_MEDIA,FAKE_NEWS_SOURCE,1.0,-1.0,1.0,-1.0,0.33,1.0,5.0,1.0,COMPLETE,0.097395,0.12732,9.5e-05,0.00017999999999999998,19479,0.7025,3,0.097395,
news-source-strategies,RQ3,E3-reach-mitigation,credibility_reach0_0_wom0,1001,CREDIBILITY_CAMOUFLAGE,TRADITIONAL_MEDIA,FAKE_NEWS_SOURCE,1.0,-1.0,0.0,-1.0,0.33,0.0,5.0,1.0,COMPLETE,0.130685,0.08907999999999999,0.0,0.0,26137,0.7075,0,0.130685,
news-source-strategies,RQ3,E3-reach-mitigation,credibility_reach0_0_wom0,1002,CREDIBILITY_CAMOUFLAGE,TRADITIONAL_MEDIA,FAKE_NEWS_SOURCE,1.0,-1.0,0.0,-1.0,0.33,0.0,5.0,1.0,COMPLETE,0.133285,0.11226,0.0,0.0,26657,0.6475,0,0.133285,
news-source-strategies,RQ3,E3-reach-mitigation,credibility_reach0_0_wom0,1003,CREDIBILITY_CAMOUFLAGE,TRADITIONAL_MEDIA,FAKE_NEWS_SOURCE,1.0,-1.0,0.0,-1.0,0.33,0.0,5.0,1.0,COMPLETE,0.126315,0.10636,0.0,0.0,25263,0.65,0,0.126315,
news-source-strategies,RQ3,E3-reach-mitigation,credibility_reach0_0_wom0,1004,CREDIBILITY_CAMOUFLAGE,TRADITIONAL_MEDIA,FAKE_NEWS_SOURCE,1.0,-1.0,0.0,-1.0,0.33,0.0,5.0,1.0,COMPLETE,0.14995,0.16913999999999998,0.0,0.0,29990,0.69,0,0.14995,
news-source-strategies,RQ3,E3-reach-mitigation,credibility_reach0_0_wom0,1005,CREDIBILITY_CAMOUFLAGE,TRADITIONAL_MEDIA,FAKE_NEWS_SOURCE,1.0,-1.0,0.0,-1.0,0.33,0.0,5.0,1.0,COMPLETE,0.13442500000000002,0.1269,0.0,0.0,26885,0.64,0,0.13442500000000002,
news-source-strategies,RQ3,E3-reach-mitigation,credibility_reach0_0_wom0,1006,CREDIBILITY_CAMOUFLAGE,TRADITIONAL_MEDIA,FAKE_NEWS_SOURCE,1.0,-1.0,0.0,-1.0,0.33,0.0,5.0,1.0,COMPLETE,0.136575,0.13566,0.0,0.0,27315,0.6675,0,0.136575,
news-source-strategies,RQ3,E3-reach-mitigation,credibility_reach0_0_wom0,1007,CREDIBILITY_CAMOUFLAGE,TRADITIONAL_MEDIA,FAKE_NEWS_SOURCE,1.0,-1.0,0.0,-1.0,0.33,0.0,5.0,1.0,COMPLETE,0.148125,0.17094,0.0,0.0,29625,0.65,0,0.148125,
news-source-strategies,RQ3,E3-reach-mitigation,credibility_reach0_0_wom0,1008,CREDIBILITY_CAMOUFLAGE,TRADITIONAL_MEDIA,FAKE_NEWS_SOURCE,1.0,-1.0,0.0,-1.0,0.33,0.0,5.0,1.0,COMPLETE,0.151055,0.15703999999999999,0.0,0.0,30211,0.68,0,0.151055,
news-source-strategies,RQ3,E3-reach-mitigation,credibility_reach0_0_wom0,1009,CREDIBILITY_CAMOUFLAGE,TRADITIONAL_MEDIA,FAKE_NEWS_SOURCE,1.0,-1.0,0.0,-1.0,0.33,0.0,5.0,1.0,COMPLETE,0.16931000000000002,0.15806,0.0,0.0,33862,0.6825,0,0.16931000000000002,
news-source-strategies,RQ3,E3-reach-mitigation,credibility_reach0_0_wom0,1010,CREDIBILITY_CAMOUFLAGE,TRADITIONAL_MEDIA,FAKE_NEWS_SOURCE,1.0,-1.0,0.0,-1.0,0.33,0.0,5.0,1.0,COMPLETE,0.11048999999999999,0.11292,0.0,0.0,22098,0.6575,0,0.11048999999999999,
news-source-strategies,RQ3,E3-reach-mitigation,credibility_reach0_0_wom0,1011,CREDIBILITY_CAMOUFLAGE,TRADITIONAL_MEDIA,FAKE_NEWS_SOURCE,1.0,-1.0,0.0,-1.0,0.33,0.0,5.0,1.0,COMPLETE,0.15018,0.15346,0.0,0.0,30036,0.6675,0,0.15018,
news-source-strategies,RQ3,E3-reach-mitigation,credibility_reach0_0_wom0,1012,CREDIBILITY_CAMOUFLAGE,TRADITIONAL_MEDIA,FAKE_NEWS_SOURCE,1.0,-1.0,0.0,-1.0,0.33,0.0,5.0,1.0,COMPLETE,0.15139,0.14221999999999999,0.0,0.0,30278,0.635,0,0.15139,
news-source-strategies,RQ3,E3-reach-mitigation,credibility_reach0_0_wom0,1013,CREDIBILITY_CAMOUFLAGE,TRADITIONAL_MEDIA,FAKE_NEWS_SOURCE,1.0,-1.0,0.0,-1.0,0.33,0.0,5.0,1.0,COMPLETE,0.12684,0.11792,0.0,0.0,25368,0.68,0,0.12684,
news-source-strategies,RQ3,E3-reach-mitigation,credibility_reach0_0_wom0,1014,CREDIBILITY_CAMOUFLAGE,TRADITIONAL_MEDIA,FAKE_NEWS_SOURCE,1.0,-1.0,0.0,-1.0,0.33,0.0,5.0,1.0,COMPLETE,0.13358,0.10674,0.0,0.0,26716,0.67,0,0.13358,
news-source-strategies,RQ3,E3-reach-mitigation,credibility_reach0_0_wom0,1015,CREDIBILITY_CAMOUFLAGE,TRADITIONAL_MEDIA,FAKE_NEWS_SOURCE,1.0,-1.0,0.0,-1.0,0.33,0.0,5.0,1.0,COMPLETE,0.125565,0.13354,0.0,0.0,25113,0.6775,0,0.125565,
news-source-strategies,RQ3,E3-reach-mitigation,credibility_reach0_0_wom0,1016,CREDIBILITY_CAMOUFLAGE,TRADITIONAL_MEDIA,FAKE_NEWS_SOURCE,1.0,-1.0,0.0,-1.0,0.33,0.0,5.0,1.0,COMPLETE,0.113155,0.095,0.0,0.0,22631,0.66,0,0.113155,
news-source-strategies,RQ3,E3-reach-mitigation,credibility_reach0_0_wom0,1017,CREDIBILITY_CAMOUFLAGE,TRADITIONAL_MEDIA,FAKE_NEWS_SOURCE,1.0,-1.0,0.0,-1.0,0.33,0.0,5.0,1.0,COMPLETE,0.12440999999999999,0.09778,0.0,0.0,24882,0.6925,0,0.12440999999999999,
news-source-strategies,RQ3,E3-reach-mitigation,credibility_reach0_0_wom0,1018,CREDIBILITY_CAMOUFLAGE,TRADITIONAL_MEDIA,FAKE_NEWS_SOURCE,1.0,-1.0,0.0,-1.0,0.33,0.0,5.0,1.0,COMPLETE,0.12538,0.09968,0.0,0.0,25076,0.67,0,0.12538,
news-source-strategies,RQ3,E3-reach-mitigation,credibility_reach0_0_wom0,1019,CREDIBILITY_CAMOUFLAGE,TRADITIONAL_MEDIA,FAKE_NEWS_SOURCE,1.0,-1.0,0.0,-1.0,0.33,0.0,5.0,1.0,COMPLETE,0.12487999999999999,0.12356,0.0,0.0,24976,0.6475,0,0.12487999999999999,
news-source-strategies,RQ3,E3-reach-mitigation,credibility_reach0_0_wom0,1020,CREDIBILITY_CAMOUFLAGE,TRADITIONAL_MEDIA,FAKE_NEWS_SOURCE,1.0,-1.0,0.0,-1.0,0.33,0.0,5.0,1.0,COMPLETE,0.13172999999999999,0.12958,0.0,0.0,26346,0.66,0,0.13172999999999999,
news-source-strategies,RQ3,E3-reach-mitigation,credibility_reach0_0_wom0,1021,CREDIBILITY_CAMOUFLAGE,TRADITIONAL_MEDIA,FAKE_NEWS_SOURCE,1.0,-1.0,0.0,-1.0,0.33,0.0,5.0,1.0,COMPLETE,0.137295,0.11676,0.0,0.0,27459,0.635,0,0.137295,
news-source-strategies,RQ3,E3-reach-mitigation,credibility_reach0_0_wom0,1022,CREDIBILITY_CAMOUFLAGE,TRADITIONAL_MEDIA,FAKE_NEWS_SOURCE,1.0,-1.0,0.0,-1.0,0.33,0.0,5.0,1.0,COMPLETE,0.128935,0.11584,0.0,0.0,25787,0.675,0,0.128935,
news-source-strategies,RQ3,E3-reach-mitigation,credibility_reach0_0_wom0,1023,CREDIBILITY_CAMOUFLAGE,TRADITIONAL_MEDIA,FAKE_NEWS_SOURCE,1.0,-1.0,0.0,-1.0,0.33,0.0,5.0,1.0,COMPLETE,0.12332,0.09812,0.0,0.0,24664,0.6525,0,0.12332,
news-source-strategies,RQ3,E3-reach-mitigation,credibility_reach0_0_wom0,1024,CREDIBILITY_CAMOUFLAGE,TRADITIONAL_MEDIA,FAKE_NEWS_SOURCE,1.0,-1.0,0.0,-1.0,0.33,0.0,5.0,1.0,COMPLETE,0.13225499999999998,0.1205,0.0,0.0,26451,0.6975,0,0.13225499999999998,
news-source-strategies,RQ3,E3-reach-mitigation,credibility_reach0_0_wom0,1025,CREDIBILITY_CAMOUFLAGE,TRADITIONAL_MEDIA,FAKE_NEWS_SOURCE,1.0,-1.0,0.0,-1.0,0.33,0.0,5.0,1.0,COMPLETE,0.152965,0.14058,0.0,0.0,30593,0.6875,0,0.152965,
news-source-strategies,RQ3,E3-reach-mitigation,credibility_reach0_0_wom0,1026,CREDIBILITY_CAMOUFLAGE,TRADITIONAL_MEDIA,FAKE_NEWS_SOURCE,1.0,-1.0,0.0,-1.0,0.33,0.0,5.0,1.0,COMPLETE,0.116625,0.13356,0.0,0.0,23325,0.67,0,0.116625,
news-source-strategies,RQ3,E3-reach-mitigation,credibility_reach0_0_wom0,1027,CREDIBILITY_CAMOUFLAGE,TRADITIONAL_MEDIA,FAKE_NEWS_SOURCE,1.0,-1.0,0.0,-1.0,0.33,0.0,5.0,1.0,COMPLETE,0.118095,0.1036,0.0,0.0,23619,0.645,0,0.118095,
news-source-strategies,RQ3,E3-reach-mitigation,credibility_reach0_0_wom0,1028,CREDIBILITY_CAMOUFLAGE,TRADITIONAL_MEDIA,FAKE_NEWS_SOURCE,1.0,-1.0,0.0,-1.0,0.33,0.0,5.0,1.0,COMPLETE,0.128885,0.13244,0.0,0.0,25777,0.6675,0,0.128885,
news-source-strategies,RQ3,E3-reach-mitigation,credibility_reach0_0_wom0,1029,CREDIBILITY_CAMOUFLAGE,TRADITIONAL_MEDIA,FAKE_NEWS_SOURCE,1.0,-1.0,0.0,-1.0,0.33,0.0,5.0,1.0,COMPLETE,0.144815,0.13948,0.0,0.0,28963,0.655,0,0.144815,
news-source-strategies,RQ3,E3-reach-mitigation,credibility_reach0_0_wom0,1030,CREDIBILITY_CAMOUFLAGE,TRADITIONAL_MEDIA,FAKE_NEWS_SOURCE,1.0,-1.0,0.0,-1.0,0.33,0.0,5.0,1.0,COMPLETE,0.14317500000000002,0.14931999999999998,0.0,0.0,28635,0.65,0,0.14317500000000002,
news-source-strategies,RQ3,E3-reach-mitigation,credibility_reach0_0_wom1,1001,CREDIBILITY_CAMOUFLAGE,TRADITIONAL_MEDIA,FAKE_NEWS_SOURCE,1.0,-1.0,0.0,-1.0,0.33,1.0,5.0,1.0,COMPLETE,0.081395,0.04206,0.0,0.0,16279,0.6975,0,0.081395,
news-source-strategies,RQ3,E3-reach-mitigation,credibility_reach0_0_wom1,1002,CREDIBILITY_CAMOUFLAGE,TRADITIONAL_MEDIA,FAKE_NEWS_SOURCE,1.0,-1.0,0.0,-1.0,0.33,1.0,5.0,1.0,COMPLETE,0.104645,0.1271,0.0,0.0,20929,0.635,0,0.104645,
news-source-strategies,RQ3,E3-reach-mitigation,credibility_reach0_0_wom1,1003,CREDIBILITY_CAMOUFLAGE,TRADITIONAL_MEDIA,FAKE_NEWS_SOURCE,1.0,-1.0,0.0,-1.0,0.33,1.0,5.0,1.0,COMPLETE,0.07745,0.062119999999999995,0.0,0.0,15490,0.6775,0,0.07745,
news-source-strategies,RQ3,E3-reach-mitigation,credibility_reach0_0_wom1,1004,CREDIBILITY_CAMOUFLAGE,TRADITIONAL_MEDIA,FAKE_NEWS_SOURCE,1.0,-1.0,0.0,-1.0,0.33,1.0,5.0,1.0,COMPLETE,0.106715,0.05236,0.0,0.0,21343,0.705,0,0.106715,
news-source-strategies,RQ3,E3-reach-mitigation,credibility_reach0_0_wom1,1005,CREDIBILITY_CAMOUFLAGE,TRADITIONAL_MEDIA,FAKE_NEWS_SOURCE,1.0,-1.0,0.0,-1.0,0.33,1.0,5.0,1.0,COMPLETE,0.09427500000000001,0.07392,0.0,0.0,18855,0.6475,0,0.09427500000000001,
news-source-strategies,RQ3,E3-reach-mitigation,credibility_reach0_0_wom1,1006,CREDIBILITY_CAMOUFLAGE,TRADITIONAL_MEDIA,FAKE_NEWS_SOURCE,1.0,-1.0,0.0,-1.0,0.33,1.0,5.0,1.0,COMPLETE,0.097955,0.09570000000000001,0.0,0.0,19591,0.635,0,0.097955,
news-source-strategies,RQ3,E3-reach-mitigation,credibility_reach0_0_wom1,1007,CREDIBILITY_CAMOUFLAGE,TRADITIONAL_MEDIA,FAKE_NEWS_SOURCE,1.0,-1.0,0.0,-1.0,0.33,1.0,5.0,1.0,COMPLETE,0.09189499999999999,0.09368000000000001,0.0,0.0,18379,0.6625,0,0.09189499999999999,
news-source-strategies,RQ3,E3-reach-mitigation,credibility_reach0_0_wom1,1008,CREDIBILITY_CAMOUFLAGE,TRADITIONAL_MEDIA,FAKE_NEWS_SOURCE,1.0,-1.0,0.0,-1.0,0.33,1.0,5.0,1.0,COMPLETE,0.09249500000000001,0.0965,0.0,0.0,18499,0.7075,0,0.09249500000000001,
news-source-strategies,RQ3,E3-reach-mitigation,credibility_reach0_0_wom1,1009,CREDIBILITY_CAMOUFLAGE,TRADITIONAL_MEDIA,FAKE_NEWS_SOURCE,1.0,-1.0,0.0,-1.0,0.33,1.0,5.0,1.0,COMPLETE,0.100255,0.08481999999999999,0.0,0.0,20051,0.665,0,0.100255,
news-source-strategies,RQ3,E3-reach-mitigation,credibility_reach0_0_wom1,1010,CREDIBILITY_CAMOUFLAGE,TRADITIONAL_MEDIA,FAKE_NEWS_SOURCE,1.0,-1.0,0.0,-1.0,0.33,1.0,5.0,1.0,COMPLETE,0.11016500000000001,0.07454000000000001,0.0,0.0,22033,0.6675,0,0.11016500000000001,
news-source-strategies,RQ3,E3-reach-mitigation,credibility_reach0_0_wom1,1011,CREDIBILITY_CAMOUFLAGE,TRADITIONAL_MEDIA,FAKE_NEWS_SOURCE,1.0,-1.0,0.0,-1.0,0.33,1.0,5.0,1.0,COMPLETE,0.11268,0.11544,0.0,0.0,22536,0.6525,0,0.11268,
news-source-strategies,RQ3,E3-reach-mitigation,credibility_reach0_0_wom1,1012,CREDIBILITY_CAMOUFLAGE,TRADITIONAL_MEDIA,FAKE_NEWS_SOURCE,1.0,-1.0,0.0,-1.0,0.33,1.0,5.0,1.0,COMPLETE,0.1123,0.08406,0.0,0.0,22460,0.675,0,0.1123,
news-source-strategies,RQ3,E3-reach-mitigation,credibility_reach0_0_wom1,1013,CREDIBILITY_CAMOUFLAGE,TRADITIONAL_MEDIA,FAKE_NEWS_SOURCE,1.0,-1.0,0.0,-1.0,0.33,1.0,5.0,1.0,COMPLETE,0.10502500000000001,0.10496,0.0,0.0,21005,0.705,0,0.10502500000000001,
news-source-strategies,RQ3,E3-reach-mitigation,credibility_reach0_0_wom1,1014,CREDIBILITY_CAMOUFLAGE,TRADITIONAL_MEDIA,FAKE_NEWS_SOURCE,1.0,-1.0,0.0,-1.0,0.33,1.0,5.0,1.0,COMPLETE,0.07889499999999999,0.06322,0.0,0.0,15779,0.6225,0,0.07889499999999999,
news-source-strategies,RQ3,E3-reach-mitigation,credibility_reach0_0_wom1,1015,CREDIBILITY_CAMOUFLAGE,TRADITIONAL_MEDIA,FAKE_NEWS_SOURCE,1.0,-1.0,0.0,-1.0,0.33,1.0,5.0,1.0,COMPLETE,0.08721,0.08272,0.0,0.0,17442,0.6575,0,0.08721,
news-source-strategies,RQ3,E3-reach-mitigation,credibility_reach0_0_wom1,1016,CREDIBILITY_CAMOUFLAGE,TRADITIONAL_MEDIA,FAKE_NEWS_SOURCE,1.0,-1.0,0.0,-1.0,0.33,1.0,5.0,1.0,COMPLETE,0.09486,0.11544,0.0,0.0,18972,0.6775,0,0.09486,
news-source-strategies,RQ3,E3-reach-mitigation,credibility_reach0_0_wom1,1017,CREDIBILITY_CAMOUFLAGE,TRADITIONAL_MEDIA,FAKE_NEWS_SOURCE,1.0,-1.0,0.0,-1.0,0.33,1.0,5.0,1.0,COMPLETE,0.08638,0.07492,0.0,0.0,17276,0.6675,0,0.08638,
news-source-strategies,RQ3,E3-reach-mitigation,credibility_reach0_0_wom1,1018,CREDIBILITY_CAMOUFLAGE,TRADITIONAL_MEDIA,FAKE_NEWS_SOURCE,1.0,-1.0,0.0,-1.0,0.33,1.0,5.0,1.0,COMPLETE,0.08665,0.16802,0.0,0.0,17330,0.68,0,0.08665,
news-source-strategies,RQ3,E3-reach-mitigation,credibility_reach0_0_wom1,1019,CREDIBILITY_CAMOUFLAGE,TRADITIONAL_MEDIA,FAKE_NEWS_SOURCE,1.0,-1.0,0.0,-1.0,0.33,1.0,5.0,1.0,COMPLETE,0.123765,0.14568,0.0,0.0,24753,0.64,0,0.123765,
news-source-strategies,RQ3,E3-reach-mitigation,credibility_reach0_0_wom1,1020,CREDIBILITY_CAMOUFLAGE,TRADITIONAL_MEDIA,FAKE_NEWS_SOURCE,1.0,-1.0,0.0,-1.0,0.33,1.0,5.0,1.0,COMPLETE,0.08592,0.07286,0.0,0.0,17184,0.6825,0,0.08592,
news-source-strategies,RQ3,E3-reach-mitigation,credibility_reach0_0_wom1,1021,CREDIBILITY_CAMOUFLAGE,TRADITIONAL_MEDIA,FAKE_NEWS_SOURCE,1.0,-1.0,0.0,-1.0,0.33,1.0,5.0,1.0,COMPLETE,0.097565,0.10506,0.0,0.0,19513,0.6625,0,0.097565,
news-source-strategies,RQ3,E3-reach-mitigation,credibility_reach0_0_wom1,1022,CREDIBILITY_CAMOUFLAGE,TRADITIONAL_MEDIA,FAKE_NEWS_SOURCE,1.0,-1.0,0.0,-1.0,0.33,1.0,5.0,1.0,COMPLETE,0.09381999999999999,0.10402,0.0,0.0,18764,0.685,0,0.09381999999999999,
news-source-strategies,RQ3,E3-reach-mitigation,credibility_reach0_0_wom1,1023,CREDIBILITY_CAMOUFLAGE,TRADITIONAL_MEDIA,FAKE_NEWS_SOURCE,1.0,-1.0,0.0,-1.0,0.33,1.0,5.0,1.0,COMPLETE,0.09620999999999999,0.08362,0.0,0.0,19242,0.6875,0,0.09620999999999999,
news-source-strategies,RQ3,E3-reach-mitigation,credibility_reach0_0_wom1,1024,CREDIBILITY_CAMOUFLAGE,TRADITIONAL_MEDIA,FAKE_NEWS_SOURCE,1.0,-1.0,0.0,-1.0,0.33,1.0,5.0,1.0,COMPLETE,0.11097,0.11886,0.0,0.0,22194,0.6825,0,0.11097,
news-source-strategies,RQ3,E3-reach-mitigation,credibility_reach0_0_wom1,1025,CREDIBILITY_CAMOUFLAGE,TRADITIONAL_MEDIA,FAKE_NEWS_SOURCE,1.0,-1.0,0.0,-1.0,0.33,1.0,5.0,1.0,COMPLETE,0.08115,0.05114,0.0,0.0,16230,0.6875,0,0.08115,
news-source-strategies,RQ3,E3-reach-mitigation,credibility_reach0_0_wom1,1026,CREDIBILITY_CAMOUFLAGE,TRADITIONAL_MEDIA,FAKE_NEWS_SOURCE,1.0,-1.0,0.0,-1.0,0.33,1.0,5.0,1.0,COMPLETE,0.092345,0.10326,0.0,0.0,18469,0.6575,0,0.092345,
news-source-strategies,RQ3,E3-reach-mitigation,credibility_reach0_0_wom1,1027,CREDIBILITY_CAMOUFLAGE,TRADITIONAL_MEDIA,FAKE_NEWS_SOURCE,1.0,-1.0,0.0,-1.0,0.33,1.0,5.0,1.0,COMPLETE,0.08834,0.12494,0.0,0.0,17668,0.6975,0,0.08834,
news-source-strategies,RQ3,E3-reach-mitigation,credibility_reach0_0_wom1,1028,CREDIBILITY_CAMOUFLAGE,TRADITIONAL_MEDIA,FAKE_NEWS_SOURCE,1.0,-1.0,0.0,-1.0,0.33,1.0,5.0,1.0,COMPLETE,0.093785,0.10224,0.0,0.0,18757,0.665,0,0.093785,
news-source-strategies,RQ3,E3-reach-mitigation,credibility_reach0_0_wom1,1029,CREDIBILITY_CAMOUFLAGE,TRADITIONAL_MEDIA,FAKE_NEWS_SOURCE,1.0,-1.0,0.0,-1.0,0.33,1.0,5.0,1.0,COMPLETE,0.08665,0.04228,0.0,0.0,17330,0.7,0,0.08665,
news-source-strategies,RQ3,E3-reach-mitigation,credibility_reach0_0_wom1,1030,CREDIBILITY_CAMOUFLAGE,TRADITIONAL_MEDIA,FAKE_NEWS_SOURCE,1.0,-1.0,0.0,-1.0,0.33,1.0,5.0,1.0,COMPLETE,0.09734000000000001,0.12724,0.0,0.0,19468,0.7025,0,0.09734000000000001,
news-source-strategies,RQ3,E3-reach-mitigation,informational_reach14_7_wom0,1001,INFORMATIONAL_CAMOUFLAGE,TRADITIONAL_MEDIA,FAKE_NEWS_SOURCE,1.0,-1.0,14.7,-1.0,0.33,0.0,5.0,1.0,COMPLETE,0.1306,0.10066,0.018475000000000002,0.018420000000000002,26120,0.7075,37,0.1306,
news-source-strategies,RQ3,E3-reach-mitigation,informational_reach14_7_wom0,1002,INFORMATIONAL_CAMOUFLAGE,TRADITIONAL_MEDIA,FAKE_NEWS_SOURCE,1.0,-1.0,14.7,-1.0,0.33,0.0,5.0,1.0,COMPLETE,0.157995,0.14202,0.032045000000000004,0.03154,31599,0.6475,35,0.157995,
news-source-strategies,RQ3,E3-reach-mitigation,informational_reach14_7_wom0,1003,INFORMATIONAL_CAMOUFLAGE,TRADITIONAL_MEDIA,FAKE_NEWS_SOURCE,1.0,-1.0,14.7,-1.0,0.33,0.0,5.0,1.0,COMPLETE,0.16747,0.14596,0.023594999999999998,0.0207,33494,0.6675,38,0.16747,
news-source-strategies,RQ3,E3-reach-mitigation,informational_reach14_7_wom0,1004,INFORMATIONAL_CAMOUFLAGE,TRADITIONAL_MEDIA,FAKE_NEWS_SOURCE,1.0,-1.0,14.7,-1.0,0.33,0.0,5.0,1.0,COMPLETE,0.128845,0.11754,0.01662,0.014240000000000001,25769,0.655,38,0.128845,
news-source-strategies,RQ3,E3-reach-mitigation,informational_reach14_7_wom0,1005,INFORMATIONAL_CAMOUFLAGE,TRADITIONAL_MEDIA,FAKE_NEWS_SOURCE,1.0,-1.0,14.7,-1.0,0.33,0.0,5.0,1.0,COMPLETE,0.165405,0.17978,0.027954999999999997,0.02804,33081,0.6575,38,0.165405,
news-source-strategies,RQ3,E3-reach-mitigation,informational_reach14_7_wom0,1006,INFORMATIONAL_CAMOUFLAGE,TRADITIONAL_MEDIA,FAKE_NEWS_SOURCE,1.0,-1.0,14.7,-1.0,0.33,0.0,5.0,1.0,COMPLETE,0.1455,0.14382,0.02916,0.02612,29100,0.63,44,0.1455,
news-source-strategies,RQ3,E3-reach-mitigation,informational_reach14_7_wom0,1007,INFORMATIONAL_CAMOUFLAGE,TRADITIONAL_MEDIA,FAKE_NEWS_SOURCE,1.0,-1.0,14.7,-1.0,0.33,0.0,5.0,1.0,COMPLETE,0.158865,0.20163999999999999,0.02538,0.02578,31773,0.6825,41,0.158865,
news-source-strategies,RQ3,E3-reach-mitigation,informational_reach14_7_wom0,1008,INFORMATIONAL_CAMOUFLAGE,TRADITIONAL_MEDIA,FAKE_NEWS_SOURCE,1.0,-1.0,14.7,-1.0,0.33,0.0,5.0,1.0,COMPLETE,0.15116,0.11328,0.037295,0.03694,30232,0.635,48,0.15116,
news-source-strategies,RQ3,E3-reach-mitigation,informational_reach14_7_wom0,1009,INFORMATIONAL_CAMOUFLAGE,TRADITIONAL_MEDIA,FAKE_NEWS_SOURCE,1.0,-1.0,14.7,-1.0,0.33,0.0,5.0,1.0,COMPLETE,0.146685,0.1697,0.02036,0.01686,29337,0.655,30,0.146685,
news-source-strategies,RQ3,E3-reach-mitigation,informational_reach14_7_wom0,1010,INFORMATIONAL_CAMOUFLAGE,TRADITIONAL_MEDIA,FAKE_NEWS_SOURCE,1.0,-1.0,14.7,-1.0,0.33,0.0,5.0,1.0,COMPLETE,0.15852000000000002,0.16394,0.030899999999999997,0.029920000000000002,31704,0.6975,42,0.15852000000000002,
news-source-strategies,RQ3,E3-reach-mitigation,informational_reach14_7_wom0,1011,INFORMATIONAL_CAMOUFLAGE,TRADITIONAL_MEDIA,FAKE_NEWS_SOURCE,1.0,-1.0,14.7,-1.0,0.33,0.0,5.0,1.0,COMPLETE,0.15087,0.1199,0.0352,0.030719999999999997,30174,0.62,48,0.15087,
news-source-strategies,RQ3,E3-reach-mitigation,informational_reach14_7_wom0,1012,INFORMATIONAL_CAMOUFLAGE,TRADITIONAL_MEDIA,FAKE_NEWS_SOURCE,1.0,-1.0,14.7,-1.0,0.33,0.0,5.0,1.0,COMPLETE,0.14171,0.12442,0.026609999999999998,0.023960000000000002,28342,0.6575,37,0.14171,
news-source-strategies,RQ3,E3-reach-mitigation,informational_reach14_7_wom0,1013,INFORMATIONAL_CAMOUFLAGE,TRADITIONAL_MEDIA,FAKE_NEWS_SOURCE,1.0,-1.0,14.7,-1.0,0.33,0.0,5.0,1.0,COMPLETE,0.14116,0.1419,0.02831,0.02102,28232,0.6275,42,0.14116,
news-source-strategies,RQ3,E3-reach-mitigation,informational_reach14_7_wom0,1014,INFORMATIONAL_CAMOUFLAGE,TRADITIONAL_MEDIA,FAKE_NEWS_SOURCE,1.0,-1.0,14.7,-1.0,0.33,0.0,5.0,1.0,COMPLETE,0.155695,0.16294,0.03066,0.02678,31139,0.6825,49,0.155695,
news-source-strategies,RQ3,E3-reach-mitigation,informational_reach14_7_wom0,1015,INFORMATIONAL_CAMOUFLAGE,TRADITIONAL_MEDIA,FAKE_NEWS_SOURCE,1.0,-1.0,14.7,-1.0,0.33,0.0,5.0,1.0,COMPLETE,0.15680000000000002,0.11852,0.032515,0.030100000000000002,31360,0.675,47,0.15680000000000002,
news-source-strategies,RQ3,E3-reach-mitigation,informational_reach14_7_wom0,1016,INFORMATIONAL_CAMOUFLAGE,TRADITIONAL_MEDIA,FAKE_NEWS_SOURCE,1.0,-1.0,14.7,-1.0,0.33,0.0,5.0,1.0,COMPLETE,0.17529,0.21446,0.03154,0.0296,35058,0.67,44,0.17529,
news-source-strategies,RQ3,E3-reach-mitigation,informational_reach14_7_wom0,1017,INFORMATIONAL_CAMOUFLAGE,TRADITIONAL_MEDIA,FAKE_NEWS_SOURCE,1.0,-1.0,14.7,-1.0,0.33,0.0,5.0,1.0,COMPLETE,0.175455,0.16522,0.026185,0.02684,35091,0.7125,37,0.175455,
news-source-strategies,RQ3,E3-reach-mitigation,informational_reach14_7_wom0,1018,INFORMATIONAL_CAMOUFLAGE,TRADITIONAL_MEDIA,FAKE_NEWS_SOURCE,1.0,-1.0,14.7,-1.0,0.33,0.0,5.0,1.0,COMPLETE,0.16374,0.20352,0.02975,0.02934,32748,0.6625,42,0.16374,
news-source-strategies,RQ3,E3-reach-mitigation,informational_reach14_7_wom0,1019,INFORMATIONAL_CAMOUFLAGE,TRADITIONAL_MEDIA,FAKE_NEWS_SOURCE,1.0,-1.0,14.7,-1.0,0.33,0.0,5.0,1.0,COMPLETE,0.13722,0.11722,0.013800000000000002,0.0103,27444,0.675,40,0.13722,
news-source-strategies,RQ3,E3-reach-mitigation,informational_reach14_7_wom0,1020,INFORMATIONAL_CAMOUFLAGE,TRADITIONAL_MEDIA,FAKE_NEWS_SOURCE,1.0,-1.0,14.7,-1.0,0.33,0.0,5.0,1.0,COMPLETE,0.14076,0.1357,0.02113,0.016120000000000002,28152,0.6575,35,0.14076,
news-source-strategies,RQ3,E3-reach-mitigation,informational_reach14_7_wom0,1021,INFORMATIONAL_CAMOUFLAGE,TRADITIONAL_MEDIA,FAKE_NEWS_SOURCE,1.0,-1.0,14.7,-1.0,0.33,0.0,5.0,1.0,COMPLETE,0.12365000000000001,0.10992,0.026055,0.0217,24730,0.6575,44,0.12365000000000001,
news-source-strategies,RQ3,E3-reach-mitigation,informational_reach14_7_wom0,1022,INFORMATIONAL_CAMOUFLAGE,TRADITIONAL_MEDIA,FAKE_NEWS_SOURCE,1.0,-1.0,14.7,-1.0,0.33,0.0,5.0,1.0,COMPLETE,0.143955,0.141,0.025795000000000002,0.02168,28791,0.665,37,0.143955,
news-source-strategies,RQ3,E3-reach-mitigation,informational_reach14_7_wom0,1023,INFORMATIONAL_CAMOUFLAGE,TRADITIONAL_MEDIA,FAKE_NEWS_SOURCE,1.0,-1.0,14.7,-1.0,0.33,0.0,5.0,1.0,COMPLETE,0.17851499999999998,0.16713999999999998,0.031505,0.02588,35703,0.7325,37,0.17851499999999998,
news-source-strategies,RQ3,E3-reach-mitigation,informational_reach14_7_wom0,1024,INFORMATIONAL_CAMOUFLAGE,TRADITIONAL_MEDIA,FAKE_NEWS_SOURCE,1.0,-1.0,14.7,-1.0,0.33,0.0,5.0,1.0,COMPLETE,0.150195,0.15352000000000002,0.027399999999999997,0.02348,30039,0.6525,48,0.150195,
news-source-strategies,RQ3,E3-reach-mitigation,informational_reach14_7_wom0,1025,INFORMATIONAL_CAMOUFLAGE,TRADITIONAL_MEDIA,FAKE_NEWS_SOURCE,1.0,-1.0,14.7,-1.0,0.33,0.0,5.0,1.0,COMPLETE,0.119285,0.1388,0.019235,0.01488,23857,0.625,36,0.119285,
news-source-strategies,RQ3,E3-reach-mitigation,informational_reach14_7_wom0,1026,INFORMATIONAL_CAMOUFLAGE,TRADITIONAL_MEDIA,FAKE_NEWS_SOURCE,1.0,-1.0,14.7,-1.0,0.33,0.0,5.0,1.0,COMPLETE,0.150135,0.15234,0.036345,0.03362,30027,0.6825,39,0.150135,
news-source-strategies,RQ3,E3-reach-mitigation,informational_reach14_7_wom0,1027,INFORMATIONAL_CAMOUFLAGE,TRADITIONAL_MEDIA,FAKE_NEWS_SOURCE,1.0,-1.0,14.7,-1.0,0.33,0.0,5.0,1.0,COMPLETE,0.14535,0.13806000000000002,0.028225,0.02552,29070,0.635,40,0.14535,
news-source-strategies,RQ3,E3-reach-mitigation,informational_reach14_7_wom0,1028,INFORMATIONAL_CAMOUFLAGE,TRADITIONAL_MEDIA,FAKE_NEWS_SOURCE,1.0,-1.0,14.7,-1.0,0.33,0.0,5.0,1.0,COMPLETE,0.136035,0.13688,0.01427,0.00736,27207,0.6675,35,0.136035,
news-source-strategies,RQ3,E3-reach-mitigation,informational_reach14_7_wom0,1029,INFORMATIONAL_CAMOUFLAGE,TRADITIONAL_MEDIA,FAKE_NEWS_SOURCE,1.0,-1.0,14.7,-1.0,0.33,0.0,5.0,1.0,COMPLETE,0.148255,0.13032,0.02853,0.026600000000000002,29651,0.6675,46,0.148255,
news-source-strategies,RQ3,E3-reach-mitigation,informational_reach14_7_wom0,1030,INFORMATIONAL_CAMOUFLAGE,TRADITIONAL_MEDIA,FAKE_NEWS_SOURCE,1.0,-1.0,14.7,-1.0,0.33,0.0,5.0,1.0,COMPLETE,0.152925,0.17,0.019985,0.01872,30585,0.61,40,0.152925,
news-source-strategies,RQ3,E3-reach-mitigation,informational_reach14_7_wom1,1001,INFORMATIONAL_CAMOUFLAGE,TRADITIONAL_MEDIA,FAKE_NEWS_SOURCE,1.0,-1.0,14.7,-1.0,0.33,1.0,5.0,1.0,COMPLETE,0.095415,0.06368,0.002785,0.00074,19083,0.69,113,0.095415,
news-source-strategies,RQ3,E3-reach-mitigation,informational_reach14_7_wom1,1002,INFORMATIONAL_CAMOUFLAGE,TRADITIONAL_MEDIA,FAKE_NEWS_SOURCE,1.0,-1.0,14.7,-1.0,0.33,1.0,5.0,1.0,COMPLETE,0.10712,0.1042,0.00217,0.001,21424,0.6525,84,0.10712,
news-source-strategies,RQ3,E3-reach-mitigation,informational_reach14_7_wom1,1003,INFORMATIONAL_CAMOUFLAGE,TRADITIONAL_MEDIA,FAKE_NEWS_SOURCE,1.0,-1.0,14.7,-1.0,0.33,1.0,5.0,1.0,COMPLETE,0.13774,0.17643999999999999,0.005085,0.00924,27548,0.6725,177,0.13774,
news-source-strategies,RQ3,E3-reach-mitigation,informational_reach14_7_wom1,1004,INFORMATIONAL_CAMOUFLAGE,TRADITIONAL_MEDIA,FAKE_NEWS_SOURCE,1.0,-1.0,14.7,-1.0,0.33,1.0,5.0,1.0,COMPLETE,0.09420999999999999,0.05266,0.0024249999999999996,0.00092,18842,0.66,113,0.09420999999999999,
news-source-strategies,RQ3,E3-reach-mitigation,informational_reach14_7_wom1,1005,INFORMATIONAL_CAMOUFLAGE,TRADITIONAL_MEDIA,FAKE_NEWS_SOURCE,1.0,-1.0,14.7,-1.0,0.33,1.0,5.0,1.0,COMPLETE,0.112785,0.11588,0.0034249999999999997,0.00262,22557,0.7025,106,0.112785,
news-source-strategies,RQ3,E3-reach-mitigation,informational_reach14_7_wom1,1006,INFORMATIONAL_CAMOUFLAGE,TRADITIONAL_MEDIA,FAKE_NEWS_SOURCE,1.0,-1.0,14.7,-1.0,0.33,1.0,5.0,1.0,COMPLETE,0.10506,0.10442,0.0028799999999999997,0.00276,21012,0.6775,121,0.10506,
news-source-strategies,RQ3,E3-reach-mitigation,informational_reach14_7_wom1,1007,INFORMATIONAL_CAMOUFLAGE,TRADITIONAL_MEDIA,FAKE_NEWS_SOURCE,1.0,-1.0,14.7,-1.0,0.33,1.0,5.0,1.0,COMPLETE,0.0994,0.10472,0.002605,0.0023,19880,0.6675,108,0.0994,
news-source-strategies,RQ3,E3-reach-mitigation,informational_reach14_7_wom1,1008,INFORMATIONAL_CAMOUFLAGE,TRADITIONAL_MEDIA,FAKE_NEWS_SOURCE,1.0,-1.0,14.7,-1.0,0.33,1.0,5.0,1.0,COMPLETE,0.10683,0.10438,0.002555,0.00266,21366,0.655,87,0.10683,
news-source-strategies,RQ3,E3-reach-mitigation,informational_reach14_7_wom1,1009,INFORMATIONAL_CAMOUFLAGE,TRADITIONAL_MEDIA,FAKE_NEWS_SOURCE,1.0,-1.0,14.7,-1.0,0.33,1.0,5.0,1.0,COMPLETE,0.09473999999999999,0.07462,0.0023799999999999997,0.00252,18948,0.6975,85,0.09473999999999999,
news-source-strategies,RQ3,E3-reach-mitigation,informational_reach14_7_wom1,1010,INFORMATIONAL_CAMOUFLAGE,TRADITIONAL_MEDIA,FAKE_NEWS_SOURCE,1.0,-1.0,14.7,-1.0,0.33,1.0,5.0,1.0,COMPLETE,0.123375,0.14756,0.004175,0.00426,24675,0.675,131,0.123375,
news-source-strategies,RQ3,E3-reach-mitigation,informational_reach14_7_wom1,1011,INFORMATIONAL_CAMOUFLAGE,TRADITIONAL_MEDIA,FAKE_NEWS_SOURCE,1.0,-1.0,14.7,-1.0,0.33,1.0,5.0,1.0,COMPLETE,0.09593,0.07304000000000001,0.004035,0.0016,19186,0.675,167,0.09593,
news-source-strategies,RQ3,E3-reach-mitigation,informational_reach14_7_wom1,1012,INFORMATIONAL_CAMOUFLAGE,TRADITIONAL_MEDIA,FAKE_NEWS_SOURCE,1.0,-1.0,14.7,-1.0,0.33,1.0,5.0,1.0,COMPLETE,0.09658499999999999,0.08564,0.003535,0.00198,19317,0.68,133,0.09658499999999999,
news-source-strategies,RQ3,E3-reach-mitigation,informational_reach14_7_wom1,1013,INFORMATIONAL_CAMOUFLAGE,TRADITIONAL_MEDIA,FAKE_NEWS_SOURCE,1.0,-1.0,14.7,-1.0,0.33,1.0,5.0,1.0,COMPLETE,0.08241,0.07104,0.001485,0.0007,16482,0.6525,72,0.08241,
news-source-strategies,RQ3,E3-reach-mitigation,informational_reach14_7_wom1,1014,INFORMATIONAL_CAMOUFLAGE,TRADITIONAL_MEDIA,FAKE_NEWS_SOURCE,1.0,-1.0,14.7,-1.0,0.33,1.0,5.0,1.0,COMPLETE,0.10027,0.11858,0.00364,0.00368,20054,0.635,143,0.10027,
news-source-strategies,RQ3,E3-reach-mitigation,informational_reach14_7_wom1,1015,INFORMATIONAL_CAMOUFLAGE,TRADITIONAL_MEDIA,FAKE_NEWS_SOURCE,1.0,-1.0,14.7,-1.0,0.33,1.0,5.0,1.0,COMPLETE,0.11352,0.14930000000000002,0.003895,0.00816,22704,0.6275,145,0.11352,
news-source-strategies,RQ3,E3-reach-mitigation,informational_reach14_7_wom1,1016,INFORMATIONAL_CAMOUFLAGE,TRADITIONAL_MEDIA,FAKE_NEWS_SOURCE,1.0,-1.0,14.7,-1.0,0.33,1.0,5.0,1.0,COMPLETE,0.082915,0.05278,0.001815,0.00074,16583,0.6275,85,0.082915,
news-source-strategies,RQ3,E3-reach-mitigation,informational_reach14_7_wom1,1017,INFORMATIONAL_CAMOUFLAGE,TRADITIONAL_MEDIA,FAKE_NEWS_SOURCE,1.0,-1.0,14.7,-1.0,0.33,1.0,5.0,1.0,COMPLETE,0.10755500000000001,0.1611,0.00222,0.0028599999999999997,21511,0.6425,100,0.10755500000000001,
news-source-strategies,RQ3,E3-reach-mitigation,informational_reach14_7_wom1,1018,INFORMATIONAL_CAMOUFLAGE,TRADITIONAL_MEDIA,FAKE_NEWS_SOURCE,1.0,-1.0,14.7,-1.0,0.33,1.0,5.0,1.0,COMPLETE,0.08045999999999999,0.06228,0.00166,0.00068,16092,0.68,83,0.08045999999999999,
news-source-strategies,RQ3,E3-reach-mitigation,informational_reach14_7_wom1,1019,INFORMATIONAL_CAMOUFLAGE,TRADITIONAL_MEDIA,FAKE_NEWS_SOURCE,1.0,-1.0,14.7,-1.0,0.33,1.0,5.0,1.0,COMPLETE,0.09736,0.09522,0.001905,0.00152,19472,0.66,84,0.09736,
news-source-strategies,RQ3,E3-reach-mitigation,informational_reach14_7_wom1,1020,INFORMATIONAL_CAMOUFLAGE,TRADITIONAL_MEDIA,FAKE_NEWS_SOURCE,1.0,-1.0,14.7,-1.0,0.33,1.0,5.0,1.0,COMPLETE,0.086555,0.1141,0.0019399999999999999,0.00246,17311,0.6575,80,0.086555,
news-source-strategies,RQ3,E3-reach-mitigation,informational_reach14_7_wom1,1021,INFORMATIONAL_CAMOUFLAGE,TRADITIONAL_MEDIA,FAKE_NEWS_SOURCE,1.0,-1.0,14.7,-1.0,0.33,1.0,5.0,1.0,COMPLETE,0.108125,0.09264,0.00232,0.00102,21625,0.6525,89,0.108125,
news-source-strategies,RQ3,E3-reach-mitigation,informational_reach14_7_wom1,1022,INFORMATIONAL_CAMOUFLAGE,TRADITIONAL_MEDIA,FAKE_NEWS_SOURCE,1.0,-1.0,14.7,-1.0,0.33,1.0,5.0,1.0,COMPLETE,0.08787,0.09731999999999999,0.00264,0.00314,17574,0.675,124,0.08787,
news-source-strategies,RQ3,E3-reach-mitigation,informational_reach14_7_wom1,1023,INFORMATIONAL_CAMOUFLAGE,TRADITIONAL_MEDIA,FAKE_NEWS_SOURCE,1.0,-1.0,14.7,-1.0,0.33,1.0,5.0,1.0,COMPLETE,0.08333499999999999,0.06242,0.002175,0.001,16667,0.68,100,0.08333499999999999,
news-source-strategies,RQ3,E3-reach-mitigation,informational_reach14_7_wom1,1024,INFORMATIONAL_CAMOUFLAGE,TRADITIONAL_MEDIA,FAKE_NEWS_SOURCE,1.0,-1.0,14.7,-1.0,0.33,1.0,5.0,1.0,COMPLETE,0.10391,0.09426000000000001,0.004105,0.0030600000000000002,20782,0.635,154,0.10391,
news-source-strategies,RQ3,E3-reach-mitigation,informational_reach14_7_wom1,1025,INFORMATIONAL_CAMOUFLAGE,TRADITIONAL_MEDIA,FAKE_NEWS_SOURCE,1.0,-1.0,14.7,-1.0,0.33,1.0,5.0,1.0,COMPLETE,0.09564,0.15766,0.002235,0.00546,19128,0.69,106,0.09564,
news-source-strategies,RQ3,E3-reach-mitigation,informational_reach14_7_wom1,1026,INFORMATIONAL_CAMOUFLAGE,TRADITIONAL_MEDIA,FAKE_NEWS_SOURCE,1.0,-1.0,14.7,-1.0,0.33,1.0,5.0,1.0,COMPLETE,0.10574,0.08582,0.0028599999999999997,0.0019,21148,0.665,98,0.10574,
news-source-strategies,RQ3,E3-reach-mitigation,informational_reach14_7_wom1,1027,INFORMATIONAL_CAMOUFLAGE,TRADITIONAL_MEDIA,FAKE_NEWS_SOURCE,1.0,-1.0,14.7,-1.0,0.33,1.0,5.0,1.0,COMPLETE,0.08979999999999999,0.02182,0.00232,0.0008,17960,0.6775,106,0.08979999999999999,
news-source-strategies,RQ3,E3-reach-mitigation,informational_reach14_7_wom1,1028,INFORMATIONAL_CAMOUFLAGE,TRADITIONAL_MEDIA,FAKE_NEWS_SOURCE,1.0,-1.0,14.7,-1.0,0.33,1.0,5.0,1.0,COMPLETE,0.09451000000000001,0.10276,0.0012649999999999998,0.0008399999999999999,18902,0.665,57,0.09451000000000001,
news-source-strategies,RQ3,E3-reach-mitigation,informational_reach14_7_wom1,1029,INFORMATIONAL_CAMOUFLAGE,TRADITIONAL_MEDIA,FAKE_NEWS_SOURCE,1.0,-1.0,14.7,-1.0,0.33,1.0,5.0,1.0,COMPLETE,0.058655,0.10534,0.0014750000000000002,0.00114,11731,0.6775,83,0.058655,
news-source-strategies,RQ3,E3-reach-mitigation,informational_reach14_7_wom1,1030,INFORMATIONAL_CAMOUFLAGE,TRADITIONAL_MEDIA,FAKE_NEWS_SOURCE,1.0,-1.0,14.7,-1.0,0.33,1.0,5.0,1.0,COMPLETE,0.103775,0.07266,0.003645,0.00176,20755,0.6575,149,0.103775,
news-source-strategies,RQ3,E3-reach-mitigation,informational_reach10_0_wom0,1001,INFORMATIONAL_CAMOUFLAGE,TRADITIONAL_MEDIA,FAKE_NEWS_SOURCE,1.0,-1.0,10.0,-1.0,0.33,0.0,5.0,1.0,COMPLETE,0.17447,0.15875999999999998,0.018844999999999997,0.018,34894,0.7,24,0.17447,
news-source-strategies,RQ3,E3-reach-mitigation,informational_reach10_0_wom0,1002,INFORMATIONAL_CAMOUFLAGE,TRADITIONAL_MEDIA,FAKE_NEWS_SOURCE,1.0,-1.0,10.0,-1.0,0.33,0.0,5.0,1.0,COMPLETE,0.13848,0.14752,0.013130000000000001,0.013619999999999998,27696,0.6425,24,0.13848,
news-source-strategies,RQ3,E3-reach-mitigation,informational_reach10_0_wom0,1003,INFORMATIONAL_CAMOUFLAGE,TRADITIONAL_MEDIA,FAKE_NEWS_SOURCE,1.0,-1.0,10.0,-1.0,0.33,0.0,5.0,1.0,COMPLETE,0.133435,0.11202,0.014145,0.013439999999999999,26687,0.67,27,0.133435,
news-source-strategies,RQ3,E3-reach-mitigation,informational_reach10_0_wom0,1004,INFORMATIONAL_CAMOUFLAGE,TRADITIONAL_MEDIA,FAKE_NEWS_SOURCE,1.0,-1.0,10.0,-1.0,0.33,0.0,5.0,1.0,COMPLETE,0.12546,0.11406000000000001,0.01061,0.00838,25092,0.655,27,0.12546,
news-source-strategies,RQ3,E3-reach-mitigation,informational_reach10_0_wom0,1005,INFORMATIONAL_CAMOUFLAGE,TRADITIONAL_MEDIA,FAKE_NEWS_SOURCE,1.0,-1.0,10.0,-1.0,0.33,0.0,5.0,1.0,COMPLETE,0.14926499999999998,0.17756,0.01855,0.01988,29853,0.6475,22,0.14926499999999998,
news-source-strategies,RQ3,E3-reach-mitigation,informational_reach10_0_wom0,1006,INFORMATIONAL_CAMOUFLAGE,TRADITIONAL_MEDIA,FAKE_NEWS_SOURCE,1.0,-1.0,10.0,-1.0,0.33,0.0,5.0,1.0,COMPLETE,0.14271999999999999,0.13808,0.02284,0.02248,28544,0.705,36,0.14271999999999999,
news-source-strategies,RQ3,E3-reach-mitigation,informational_reach10_0_wom0,1007,INFORMATIONAL_CAMOUFLAGE,TRADITIONAL_MEDIA,FAKE_NEWS_SOURCE,1.0,-1.0,10.0,-1.0,0.33,0.0,5.0,1.0,COMPLETE,0.157445,0.20062,0.02177,0.0217,31489,0.6825,27,0.157445,
news-source-strategies,RQ3,E3-reach-mitigation,informational_reach10_0_wom0,1008,INFORMATIONAL_CAMOUFLAGE,TRADITIONAL_MEDIA,FAKE_NEWS_SOURCE,1.0,-1.0,10.0,-1.0,0.33,0.0,5.0,1.0,COMPLETE,0.13466999999999998,0.13226,0.026844999999999997,0.02512,26934,0.64,35,0.13466999999999998,
news-source-strategies,RQ3,E3-reach-mitigation,informational_reach10_0_wom0,1009,INFORMATIONAL_CAMOUFLAGE,TRADITIONAL_MEDIA,FAKE_NEWS_SOURCE,1.0,-1.0,10.0,-1.0,0.33,0.0,5.0,1.0,COMPLETE,0.13668,0.1507,0.015404999999999999,0.00922,27336,0.6475,23,0.13668,
news-source-strategies,RQ3,E3-reach-mitigation,informational_reach10_0_wom0,1010,INFORMATIONAL_CAMOUFLAGE,TRADITIONAL_MEDIA,FAKE_NEWS_SOURCE,1.0,-1.0,10.0,-1.0,0.33,0.0,5.0,1.0,COMPLETE,0.153275,0.16838,0.02209,0.0205,30655,0.6675,27,0.153275,
news-source-strategies,RQ3,E3-reach-mitigation,informational_reach10_0_wom0,1011,INFORMATIONAL_CAMOUFLAGE,TRADITIONAL_MEDIA,FAKE_NEWS_SOURCE,1.0,-1.0,10.0,-1.0,0.33,0.0,5.0,1.0,COMPLETE,0.16694,0.1436,0.018165,0.018600000000000002,33388,0.68,28,0.16694,
news-source-strategies,RQ3,E3-reach-mitigation,informational_reach10_0_wom0,1012,INFORMATIONAL_CAMOUFLAGE,TRADITIONAL_MEDIA,FAKE_NEWS_SOURCE,1.0,-1.0,10.0,-1.0,0.33,0.0,5.0,1.0,COMPLETE,0.156405,0.13872,0.013949999999999999,0.01274,31281,0.6525,28,0.156405,
news-source-strategies,RQ3,E3-reach-mitigation,informational_reach10_0_wom0,1013,INFORMATIONAL_CAMOUFLAGE,TRADITIONAL_MEDIA,FAKE_NEWS_SOURCE,1.0,-1.0,10.0,-1.0,0.33,0.0,5.0,1.0,COMPLETE,0.138035,0.13988,0.021815,0.01724,27607,0.6275,32,0.138035,
news-source-strategies,RQ3,E3-reach-mitigation,informational_reach10_0_wom0,1014,INFORMATIONAL_CAMOUFLAGE,TRADITIONAL_MEDIA,FAKE_NEWS_SOURCE,1.0,-1.0,10.0,-1.0,0.33,0.0,5.0,1.0,COMPLETE,0.14953,0.1391,0.025670000000000002,0.02308,29906,0.6725,35,0.14953,
news-source-strategies,RQ3,E3-reach-mitigation,informational_reach10_0_wom0,1015,INFORMATIONAL_CAMOUFLAGE,TRADITIONAL_MEDIA,FAKE_NEWS_SOURCE,1.0,-1.0,10.0,-1.0,0.33,0.0,5.0,1.0,COMPLETE,0.13896,0.11642,0.020825,0.019760000000000003,27792,0.6875,35,0.13896,
news-source-strategies,RQ3,E3-reach-mitigation,informational_reach10_0_wom0,1016,INFORMATIONAL_CAMOUFLAGE,TRADITIONAL_MEDIA,FAKE_NEWS_SOURCE,1.0,-1.0,10.0,-1.0,0.33,0.0,5.0,1.0,COMPLETE,0.13936500000000002,0.13534000000000002,0.019844999999999998,0.01302,27873,0.6675,32,0.13936500000000002,
news-source-strategies,RQ3,E3-reach-mitigation,informational_reach10_0_wom0,1017,INFORMATIONAL_CAMOUFLAGE,TRADITIONAL_MEDIA,FAKE_NEWS_SOURCE,1.0,-1.0,10.0,-1.0,0.33,0.0,5.0,1.0,COMPLETE,0.142405,0.14880000000000002,0.017245,0.01598,28481,0.62,29,0.142405,
news-source-strategies,RQ3,E3-reach-mitigation,informational_reach10_0_wom0,1018,INFORMATIONAL_CAMOUFLAGE,TRADITIONAL_MEDIA,FAKE_NEWS_SOURCE,1.0,-1.0,10.0,-1.0,0.33,0.0,5.0,1.0,COMPLETE,0.159875,0.20004,0.02161,0.02062,31975,0.6625,33,0.159875,
news-source-strategies,RQ3,E3-reach-mitigation,informational_reach10_0_wom0,1019,INFORMATIONAL_CAMOUFLAGE,TRADITIONAL_MEDIA,FAKE_NEWS_SOURCE,1.0,-1.0,10.0,-1.0,0.33,0.0,5.0,1.0,COMPLETE,0.129515,0.12756,0.008140000000000001,0.006019999999999999,25903,0.6475,24,0.129515,
news-source-strategies,RQ3,E3-reach-mitigation,informational_reach10_0_wom0,1020,INFORMATIONAL_CAMOUFLAGE,TRADITIONAL_MEDIA,FAKE_NEWS_SOURCE,1.0,-1.0,10.0,-1.0,0.33,0.0,5.0,1.0,COMPLETE,0.12997999999999998,0.15878,0.01358,0.01576,25996,0.6575,30,0.12997999999999998,
news-source-strategies,RQ3,E3-reach-mitigation,informational_reach10_0_wom0,1021,INFORMATIONAL_CAMOUFLAGE,TRADITIONAL_MEDIA,FAKE_NEWS_SOURCE,1.0,-1.0,10.0,-1.0,0.33,0.0,5.0,1.0,COMPLETE,0.14157,0.14232,0.017415,0.01644,28314,0.6975,34,0.14157,
news-source-strategies,RQ3,E3-reach-mitigation,informational_reach10_0_wom0,1022,INFORMATIONAL_CAMOUFLAGE,TRADITIONAL_MEDIA,FAKE_NEWS_SOURCE,1.0,-1.0,10.0,-1.0,0.33,0.0,5.0,1.0,COMPLETE,0.14639,0.18312,0.018054999999999998,0.01576,29278,0.7,23,0.14639,
news-source-strategies,RQ3,E3-reach-mitigation,informational_reach10_0_wom0,1023,INFORMATIONAL_CAMOUFLAGE,TRADITIONAL_MEDIA,FAKE_NEWS_SOURCE,1.0,-1.0,10.0,-1.0,0.33,0.0,5.0,1.0,COMPLETE,0.135755,0.13906,0.01568,0.01476,27151,0.6475,25,0.135755,
news-source-strategies,RQ3,E3-reach-mitigation,informational_reach10_0_wom0,1024,INFORMATIONAL_CAMOUFLAGE,TRADITIONAL_MEDIA,FAKE_NEWS_SOURCE,1.0,-1.0,10.0,-1.0,0.33,0.0,5.0,1.0,COMPLETE,0.147985,0.14754,0.022539999999999998,0.01804,29597,0.64,34,0.147985,
news-source-strategies,RQ3,E3-reach-mitigation,informational_reach10_0_wom0,1025,INFORMATIONAL_CAMOUFLAGE,TRADITIONAL_MEDIA,FAKE_NEWS_SOURCE,1.0,-1.0,10.0,-1.0,0.33,0.0,5.0,1.0,COMPLETE,0.117105,0.13678,0.01495,0.01134,23421,0.625,25,0.117105,
news-source-strategies,RQ3,E3-reach-mitigation,informational_reach10_0_wom0,1026,INFORMATIONAL_CAMOUFLAGE,TRADITIONAL_MEDIA,FAKE_NEWS_SOURCE,1.0,-1.0,10.0,-1.0,0.33,0.0,5.0,1.0,COMPLETE,0.12539,0.09808,0.024390000000000002,0.02436,25078,0.645,26,0.12539,
news-source-strategies,RQ3,E3-reach-mitigation,informational_reach10_0_wom0,1027,INFORMATIONAL_CAMOUFLAGE,TRADITIONAL_MEDIA,FAKE_NEWS_SOURCE,1.0,-1.0,10.0,-1.0,0.33,0.0,5.0,1.0,COMPLETE,0.13997,0.10944,0.024605000000000002,0.02214,27994,0.68,38,0.13997,
news-source-strategies,RQ3,E3-reach-mitigation,informational_reach10_0_wom0,1028,INFORMATIONAL_CAMOUFLAGE,TRADITIONAL_MEDIA,FAKE_NEWS_SOURCE,1.0,-1.0,10.0,-1.0,0.33,0.0,5.0,1.0,COMPLETE,0.13203,0.13332,0.00567,0.00188,26406,0.6675,20,0.13203,
news-source-strategies,RQ3,E3-reach-mitigation,informational_reach10_0_wom0,1029,INFORMATIONAL_CAMOUFLAGE,TRADITIONAL_MEDIA,FAKE_NEWS_SOURCE,1.0,-1.0,10.0,-1.0,0.33,0.0,5.0,1.0,COMPLETE,0.14455500000000002,0.11040000000000001,0.021915,0.01776,28911,0.705,29,0.14455500000000002,
news-source-strategies,RQ3,E3-reach-mitigation,informational_reach10_0_wom0,1030,INFORMATIONAL_CAMOUFLAGE,TRADITIONAL_MEDIA,FAKE_NEWS_SOURCE,1.0,-1.0,10.0,-1.0,0.33,0.0,5.0,1.0,COMPLETE,0.14887,0.16684000000000002,0.01242,0.01288,29774,0.61,25,0.14887,
news-source-strategies,RQ3,E3-reach-mitigation,informational_reach10_0_wom1,1001,INFORMATIONAL_CAMOUFLAGE,TRADITIONAL_MEDIA,FAKE_NEWS_SOURCE,1.0,-1.0,10.0,-1.0,0.33,1.0,5.0,1.0,COMPLETE,0.14064500000000002,0.16632,0.00504,0.01106,28129,0.65,168,0.14064500000000002,
news-source-strategies,RQ3,E3-reach-mitigation,informational_reach10_0_wom1,1002,INFORMATIONAL_CAMOUFLAGE,TRADITIONAL_MEDIA,FAKE_NEWS_SOURCE,1.0,-1.0,10.0,-1.0,0.33,1.0,5.0,1.0,COMPLETE,0.09370999999999999,0.07348,0.0014550000000000001,0.00032,18742,0.6725,66,0.09370999999999999,
news-source-strategies,RQ3,E3-reach-mitigation,informational_reach10_0_wom1,1003,INFORMATIONAL_CAMOUFLAGE,TRADITIONAL_MEDIA,FAKE_NEWS_SOURCE,1.0,-1.0,10.0,-1.0,0.33,1.0,5.0,1.0,COMPLETE,0.12186,0.16613999999999998,0.00312,0.00828,24372,0.655,118,0.12186,
news-source-strategies,RQ3,E3-reach-mitigation,informational_reach10_0_wom1,1004,INFORMATIONAL_CAMOUFLAGE,TRADITIONAL_MEDIA,FAKE_NEWS_SOURCE,1.0,-1.0,10.0,-1.0,0.33,1.0,5.0,1.0,COMPLETE,0.09361499999999999,0.052399999999999995,0.00158,0.00062,18723,0.66,79,0.09361499999999999,
news-source-strategies,RQ3,E3-reach-mitigation,informational_reach10_0_wom1,1005,INFORMATIONAL_CAMOUFLAGE,TRADITIONAL_MEDIA,FAKE_NEWS_SOURCE,1.0,-1.0,10.0,-1.0,0.33,1.0,5.0,1.0,COMPLETE,0.095925,0.10701999999999999,0.0016899999999999999,0.00228,19185,0.6825,75,0.095925,
news-source-strategies,RQ3,E3-reach-mitigation,informational_reach10_0_wom1,1006,INFORMATIONAL_CAMOUFLAGE,TRADITIONAL_MEDIA,FAKE_NEWS_SOURCE,1.0,-1.0,10.0,-1.0,0.33,1.0,5.0,1.0,COMPLETE,0.078575,0.08312,0.00126,0.00106,15715,0.6625,67,0.078575,
news-source-strategies,RQ3,E3-reach-mitigation,informational_reach10_0_wom1,1007,INFORMATIONAL_CAMOUFLAGE,TRADITIONAL_MEDIA,FAKE_NEWS_SOURCE,1.0,-1.0,10.0,-1.0,0.33,1.0,5.0,1.0,COMPLETE,0.09895,0.10407999999999999,0.001865,0.00128,19790,0.6675,73,0.09895,
news-source-strategies,RQ3,E3-reach-mitigation,informational_reach10_0_wom1,1008,INFORMATIONAL_CAMOUFLAGE,TRADITIONAL_MEDIA,FAKE_NEWS_SOURCE,1.0,-1.0,10.0,-1.0,0.33,1.0,5.0,1.0,COMPLETE,0.1226,0.13692,0.0029049999999999996,0.0025,24520,0.68,103,0.1226,
news-source-strategies,RQ3,E3-reach-mitigation,informational_reach10_0_wom1,1009,INFORMATIONAL_CAMOUFLAGE,TRADITIONAL_MEDIA,FAKE_NEWS_SOURCE,1.0,-1.0,10.0,-1.0,0.33,1.0,5.0,1.0,COMPLETE,0.07784,0.06378,0.0017050000000000001,0.00166,15568,0.66,98,0.07784,
news-source-strategies,RQ3,E3-reach-mitigation,informational_reach10_0_wom1,1010,INFORMATIONAL_CAMOUFLAGE,TRADITIONAL_MEDIA,FAKE_NEWS_SOURCE,1.0,-1.0,10.0,-1.0,0.33,1.0,5.0,1.0,COMPLETE,0.104155,0.09502,0.003035,0.0022400000000000002,20831,0.6525,111,0.104155,
news-source-strategies,RQ3,E3-reach-mitigation,informational_reach10_0_wom1,1011,INFORMATIONAL_CAMOUFLAGE,TRADITIONAL_MEDIA,FAKE_NEWS_SOURCE,1.0,-1.0,10.0,-1.0,0.33,1.0,5.0,1.0,COMPLETE,0.08189,0.09376000000000001,0.001535,0.0017800000000000001,16378,0.6375,69,0.08189,
news-source-strategies,RQ3,E3-reach-mitigation,informational_reach10_0_wom1,1012,INFORMATIONAL_CAMOUFLAGE,TRADITIONAL_MEDIA,FAKE_NEWS_SOURCE,1.0,-1.0,10.0,-1.0,0.33,1.0,5.0,1.0,COMPLETE,0.114615,0.11646,0.00344,0.00254,22923,0.7125,130,0.114615,
news-source-strategies,RQ3,E3-reach-mitigation,informational_reach10_0_wom1,1013,INFORMATIONAL_CAMOUFLAGE,TRADITIONAL_MEDIA,FAKE_NEWS_SOURCE,1.0,-1.0,10.0,-1.0,0.33,1.0,5.0,1.0,COMPLETE,0.08223,0.07084,0.00109,0.00035999999999999997,16446,0.6525,53,0.08223,
news-source-strategies,RQ3,E3-reach-mitigation,informational_reach10_0_wom1,1014,INFORMATIONAL_CAMOUFLAGE,TRADITIONAL_MEDIA,FAKE_NEWS_SOURCE,1.0,-1.0,10.0,-1.0,0.33,1.0,5.0,1.0,COMPLETE,0.1159,0.14594,0.0019450000000000001,0.00276,23180,0.605,85,0.1159,
news-source-strategies,RQ3,E3-reach-mitigation,informational_reach10_0_wom1,1015,INFORMATIONAL_CAMOUFLAGE,TRADITIONAL_MEDIA,FAKE_NEWS_SOURCE,1.0,-1.0,10.0,-1.0,0.33,1.0,5.0,1.0,COMPLETE,0.069775,0.0959,0.000925,0.00076,13955,0.73,50,0.069775,
news-source-strategies,RQ3,E3-reach-mitigation,informational_reach10_0_wom1,1016,INFORMATIONAL_CAMOUFLAGE,TRADITIONAL_MEDIA,FAKE_NEWS_SOURCE,1.0,-1.0,10.0,-1.0,0.33,1.0,5.0,1.0,COMPLETE,0.103875,0.08272,0.00158,0.00088,20775,0.6725,67,0.103875,
news-source-strategies,RQ3,E3-reach-mitigation,informational_reach10_0_wom1,1017,INFORMATIONAL_CAMOUFLAGE,TRADITIONAL_MEDIA,FAKE_NEWS_SOURCE,1.0,-1.0,10.0,-1.0,0.33,1.0,5.0,1.0,COMPLETE,0.09107,0.05154,0.00198,0.0007199999999999999,18214,0.665,82,0.09107,
news-source-strategies,RQ3,E3-reach-mitigation,informational_reach10_0_wom1,1018,INFORMATIONAL_CAMOUFLAGE,TRADITIONAL_MEDIA,FAKE_NEWS_SOURCE,1.0,-1.0,10.0,-1.0,0.33,1.0,5.0,1.0,COMPLETE,0.080435,0.062299999999999994,0.001485,0.00054,16087,0.68,68,0.080435,
news-source-strategies,RQ3,E3-reach-mitigation,informational_reach10_0_wom1,1019,INFORMATIONAL_CAMOUFLAGE,TRADITIONAL_MEDIA,FAKE_NEWS_SOURCE,1.0,-1.0,10.0,-1.0,0.33,1.0,5.0,1.0,COMPLETE,0.12478,0.14704,0.0026,0.00248,24956,0.64,94,0.12478,
news-source-strategies,RQ3,E3-reach-mitigation,informational_reach10_0_wom1,1020,INFORMATIONAL_CAMOUFLAGE,TRADITIONAL_MEDIA,FAKE_NEWS_SOURCE,1.0,-1.0,10.0,-1.0,0.33,1.0,5.0,1.0,COMPLETE,0.1038,0.12301999999999999,0.0020499999999999997,0.00366,20760,0.665,88,0.1038,
news-source-strategies,RQ3,E3-reach-mitigation,informational_reach10_0_wom1,1021,INFORMATIONAL_CAMOUFLAGE,TRADITIONAL_MEDIA,FAKE_NEWS_SOURCE,1.0,-1.0,10.0,-1.0,0.33,1.0,5.0,1.0,COMPLETE,0.09901,0.06214,0.00159,0.00076,19802,0.7225,62,0.09901,
news-source-strategies,RQ3,E3-reach-mitigation,informational_reach10_0_wom1,1022,INFORMATIONAL_CAMOUFLAGE,TRADITIONAL_MEDIA,FAKE_NEWS_SOURCE,1.0,-1.0,10.0,-1.0,0.33,1.0,5.0,1.0,COMPLETE,0.074095,0.05294,0.00109,0.00047999999999999996,14819,0.6875,73,0.074095,
news-source-strategies,RQ3,E3-reach-mitigation,informational_reach10_0_wom1,1023,INFORMATIONAL_CAMOUFLAGE,TRADITIONAL_MEDIA,FAKE_NEWS_SOURCE,1.0,-1.0,10.0,-1.0,0.33,1.0,5.0,1.0,COMPLETE,0.110815,0.09259999999999999,0.002895,0.0012,22163,0.66,113,0.110815,
news-source-strategies,RQ3,E3-reach-mitigation,informational_reach10_0_wom1,1024,INFORMATIONAL_CAMOUFLAGE,TRADITIONAL_MEDIA,FAKE_NEWS_SOURCE,1.0,-1.0,10.0,-1.0,0.33,1.0,5.0,1.0,COMPLETE,0.11129,0.11522,0.00281,0.00214,22258,0.6675,110,0.11129,
news-source-strategies,RQ3,E3-reach-mitigation,informational_reach10_0_wom1,1025,INFORMATIONAL_CAMOUFLAGE,TRADITIONAL_MEDIA,FAKE_NEWS_SOURCE,1.0,-1.0,10.0,-1.0,0.33,1.0,5.0,1.0,COMPLETE,0.09531999999999999,0.15682,0.001585,0.00398,19064,0.69,74,0.09531999999999999,
news-source-strategies,RQ3,E3-reach-mitigation,informational_reach10_0_wom1,1026,INFORMATIONAL_CAMOUFLAGE,TRADITIONAL_MEDIA,FAKE_NEWS_SOURCE,1.0,-1.0,10.0,-1.0,0.33,1.0,5.0,1.0,COMPLETE,0.09498999999999999,0.11234000000000001,0.00157,0.0011200000000000001,18998,0.695,64,0.09498999999999999,
news-source-strategies,RQ3,E3-reach-mitigation,informational_reach10_0_wom1,1027,INFORMATIONAL_CAMOUFLAGE,TRADITIONAL_MEDIA,FAKE_NEWS_SOURCE,1.0,-1.0,10.0,-1.0,0.33,1.0,5.0,1.0,COMPLETE,0.0701,0.10354000000000001,0.00114,0.00108,14020,0.655,64,0.0701,
news-source-strategies,RQ3,E3-reach-mitigation,informational_reach10_0_wom1,1028,INFORMATIONAL_CAMOUFLAGE,TRADITIONAL_MEDIA,FAKE_NEWS_SOURCE,1.0,-1.0,10.0,-1.0,0.33,1.0,5.0,1.0,COMPLETE,0.094305,0.10256,0.0008900000000000001,0.00064,18861,0.665,38,0.094305,
news-source-strategies,RQ3,E3-reach-mitigation,informational_reach10_0_wom1,1029,INFORMATIONAL_CAMOUFLAGE,TRADITIONAL_MEDIA,FAKE_NEWS_SOURCE,1.0,-1.0,10.0,-1.0,0.33,1.0,5.0,1.0,COMPLETE,0.12389499999999999,0.05114,0.001825,0.00092,24779,0.6325,68,0.12389499999999999,
news-source-strategies,RQ3,E3-reach-mitigation,informational_reach10_0_wom1,1030,INFORMATIONAL_CAMOUFLAGE,TRADITIONAL_MEDIA,FAKE_NEWS_SOURCE,1.0,-1.0,10.0,-1.0,0.33,1.0,5.0,1.0,COMPLETE,0.103215,0.07246,0.0026349999999999998,0.0011799999999999998,20643,0.6575,100,0.103215,
news-source-strategies,RQ3,E3-reach-mitigation,informational_reach5_0_wom0,1001,INFORMATIONAL_CAMOUFLAGE,TRADITIONAL_MEDIA,FAKE_NEWS_SOURCE,1.0,-1.0,5.0,-1.0,0.33,0.0,5.0,1.0,COMPLETE,0.15086000000000002,0.14884,0.008235,0.00634,30172,0.63,12,0.15086000000000002,
news-source-strategies,RQ3,E3-reach-mitigation,informational_reach5_0_wom0,1002,INFORMATIONAL_CAMOUFLAGE,TRADITIONAL_MEDIA,FAKE_NEWS_SOURCE,1.0,-1.0,5.0,-1.0,0.33,0.0,5.0,1.0,COMPLETE,0.135855,0.13038,0.005215,0.00424,27171,0.635,11,0.135855,
news-source-strategies,RQ3,E3-reach-mitigation,informational_reach5_0_wom0,1003,INFORMATIONAL_CAMOUFLAGE,TRADITIONAL_MEDIA,FAKE_NEWS_SOURCE,1.0,-1.0,5.0,-1.0,0.33,0.0,5.0,1.0,COMPLETE,0.129725,0.11009999999999999,0.0059900000000000005,0.0060999999999999995,25945,0.65,11,0.129725,
news-source-strategies,RQ3,E3-reach-mitigation,informational_reach5_0_wom0,1004,INFORMATIONAL_CAMOUFLAGE,TRADITIONAL_MEDIA,FAKE_NEWS_SOURCE,1.0,-1.0,5.0,-1.0,0.33,0.0,5.0,1.0,COMPLETE,0.15278999999999998,0.17072,0.005055,0.0033599999999999997,30558,0.69,10,0.15278999999999998,
news-source-strategies,RQ3,E3-reach-mitigation,informational_reach5_0_wom0,1005,INFORMATIONAL_CAMOUFLAGE,TRADITIONAL_MEDIA,FAKE_NEWS_SOURCE,1.0,-1.0,5.0,-1.0,0.33,0.0,5.0,1.0,COMPLETE,0.15621000000000002,0.14792,0.009224999999999999,0.00784,31242,0.6825,11,0.15621000000000002,
news-source-strategies,RQ3,E3-reach-mitigation,informational_reach5_0_wom0,1006,INFORMATIONAL_CAMOUFLAGE,TRADITIONAL_MEDIA,FAKE_NEWS_SOURCE,1.0,-1.0,5.0,-1.0,0.33,0.0,5.0,1.0,COMPLETE,0.14522,0.15634,0.015705,0.015,29044,0.715,17,0.14522,
news-source-strategies,RQ3,E3-reach-mitigation,informational_reach5_0_wom0,1007,INFORMATIONAL_CAMOUFLAGE,TRADITIONAL_MEDIA,FAKE_NEWS_SOURCE,1.0,-1.0,5.0,-1.0,0.33,0.0,5.0,1.0,COMPLETE,0.159515,0.19888,0.010525,0.0101,31903,0.6825,15,0.159515,
news-source-strategies,RQ3,E3-reach-mitigation,informational_reach5_0_wom0,1008,INFORMATIONAL_CAMOUFLAGE,TRADITIONAL_MEDIA,FAKE_NEWS_SOURCE,1.0,-1.0,5.0,-1.0,0.33,0.0,5.0,1.0,COMPLETE,0.14744,0.14066,0.01264,0.01374,29488,0.695,18,0.14744,
news-source-strategies,RQ3,E3-reach-mitigation,informational_reach5_0_wom0,1009,INFORMATIONAL_CAMOUFLAGE,TRADITIONAL_MEDIA,FAKE_NEWS_SOURCE,1.0,-1.0,5.0,-1.0,0.33,0.0,5.0,1.0,COMPLETE,0.135515,0.1507,0.01341,0.00922,27103,0.6475,18,0.135515,
news-source-strategies,RQ3,E3-reach-mitigation,informational_reach5_0_wom0,1010,INFORMATIONAL_CAMOUFLAGE,TRADITIONAL_MEDIA,FAKE_NEWS_SOURCE,1.0,-1.0,5.0,-1.0,0.33,0.0,5.0,1.0,COMPLETE,0.13888499999999998,0.12464,0.014255,0.01216,27777,0.62,18,0.13888499999999998,
news-source-strategies,RQ3,E3-reach-mitigation,informational_reach5_0_wom0,1011,INFORMATIONAL_CAMOUFLAGE,TRADITIONAL_MEDIA,FAKE_NEWS_SOURCE,1.0,-1.0,5.0,-1.0,0.33,0.0,5.0,1.0,COMPLETE,0.151005,0.15325999999999998,0.00312,0.00198,30201,0.6675,11,0.151005,
news-source-strategies,RQ3,E3-reach-mitigation,informational_reach5_0_wom0,1012,INFORMATIONAL_CAMOUFLAGE,TRADITIONAL_MEDIA,FAKE_NEWS_SOURCE,1.0,-1.0,5.0,-1.0,0.33,0.0,5.0,1.0,COMPLETE,0.132845,0.13122,0.01126,0.011699999999999999,26569,0.6325,14,0.132845,
news-source-strategies,RQ3,E3-reach-mitigation,informational_reach5_0_wom0,1013,INFORMATIONAL_CAMOUFLAGE,TRADITIONAL_MEDIA,FAKE_NEWS_SOURCE,1.0,-1.0,5.0,-1.0,0.33,0.0,5.0,1.0,COMPLETE,0.14732499999999998,0.14562,0.00649,0.005,29465,0.685,12,0.14732499999999998,
news-source-strategies,RQ3,E3-reach-mitigation,informational_reach5_0_wom0,1014,INFORMATIONAL_CAMOUFLAGE,TRADITIONAL_MEDIA,FAKE_NEWS_SOURCE,1.0,-1.0,5.0,-1.0,0.33,0.0,5.0,1.0,COMPLETE,0.14363499999999998,0.12712,0.012745,0.012039999999999999,28727,0.665,22,0.14363499999999998,
news-source-strategies,RQ3,E3-reach-mitigation,informational_reach5_0_wom0,1015,INFORMATIONAL_CAMOUFLAGE,TRADITIONAL_MEDIA,FAKE_NEWS_SOURCE,1.0,-1.0,5.0,-1.0,0.33,0.0,5.0,1.0,COMPLETE,0.13815,0.1358,0.012060000000000001,0.00862,27630,0.6475,18,0.13815,
news-source-strategies,RQ3,E3-reach-mitigation,informational_reach5_0_wom0,1016,INFORMATIONAL_CAMOUFLAGE,TRADITIONAL_MEDIA,FAKE_NEWS_SOURCE,1.0,-1.0,5.0,-1.0,0.33,0.0,5.0,1.0,COMPLETE,0.13759,0.15982,0.01185,0.01036,27518,0.675,16,0.13759,
news-source-strategies,RQ3,E3-reach-mitigation,informational_reach5_0_wom0,1017,INFORMATIONAL_CAMOUFLAGE,TRADITIONAL_MEDIA,FAKE_NEWS_SOURCE,1.0,-1.0,5.0,-1.0,0.33,0.0,5.0,1.0,COMPLETE,0.12206,0.12626,0.00828,0.00828,24412,0.6575,17,0.12206,
news-source-strategies,RQ3,E3-reach-mitigation,informational_reach5_0_wom0,1018,INFORMATIONAL_CAMOUFLAGE,TRADITIONAL_MEDIA,FAKE_NEWS_SOURCE,1.0,-1.0,5.0,-1.0,0.33,0.0,5.0,1.0,COMPLETE,0.12648,0.10124,0.005665,0.0045,25296,0.6675,10,0.12648,
news-source-strategies,RQ3,E3-reach-mitigation,informational_reach5_0_wom0,1019,INFORMATIONAL_CAMOUFLAGE,TRADITIONAL_MEDIA,FAKE_NEWS_SOURCE,1.0,-1.0,5.0,-1.0,0.33,0.0,5.0,1.0,COMPLETE,0.127595,0.1263,0.004745,0.00404,25519,0.6475,12,0.127595,
news-source-strategies,RQ3,E3-reach-mitigation,informational_reach5_0_wom0,1020,INFORMATIONAL_CAMOUFLAGE,TRADITIONAL_MEDIA,FAKE_NEWS_SOURCE,1.0,-1.0,5.0,-1.0,0.33,0.0,5.0,1.0,COMPLETE,0.12779000000000001,0.15712,0.00898,0.010320000000000001,25558,0.6575,20,0.12779000000000001,
news-source-strategies,RQ3,E3-reach-mitigation,informational_reach5_0_wom0,1021,INFORMATIONAL_CAMOUFLAGE,TRADITIONAL_MEDIA,FAKE_NEWS_SOURCE,1.0,-1.0,5.0,-1.0,0.33,0.0,5.0,1.0,COMPLETE,0.1221,0.10202,0.009335000000000001,0.00694,24420,0.695,15,0.1221,
news-source-strategies,RQ3,E3-reach-mitigation,informational_reach5_0_wom0,1022,INFORMATIONAL_CAMOUFLAGE,TRADITIONAL_MEDIA,FAKE_NEWS_SOURCE,1.0,-1.0,5.0,-1.0,0.33,0.0,5.0,1.0,COMPLETE,0.1357,0.13918,0.00877,0.006059999999999999,27140,0.6425,10,0.1357,
news-source-strategies,RQ3,E3-reach-mitigation,informational_reach5_0_wom0,1023,INFORMATIONAL_CAMOUFLAGE,TRADITIONAL_MEDIA,FAKE_NEWS_SOURCE,1.0,-1.0,5.0,-1.0,0.33,0.0,5.0,1.0,COMPLETE,0.128875,0.13040000000000002,0.0070999999999999995,0.004059999999999999,25775,0.7,11,0.128875,
news-source-strategies,RQ3,E3-reach-mitigation,informational_reach5_0_wom0,1024,INFORMATIONAL_CAMOUFLAGE,TRADITIONAL_MEDIA,FAKE_NEWS_SOURCE,1.0,-1.0,5.0,-1.0,0.33,0.0,5.0,1.0,COMPLETE,0.135855,0.10632,0.010675,0.01174,27171,0.6325,19,0.135855,
news-source-strategies,RQ3,E3-reach-mitigation,informational_reach5_0_wom0,1025,INFORMATIONAL_CAMOUFLAGE,TRADITIONAL_MEDIA,FAKE_NEWS_SOURCE,1.0,-1.0,5.0,-1.0,0.33,0.0,5.0,1.0,COMPLETE,0.14534,0.15148,0.009095,0.00714,29068,0.6675,11,0.14534,
news-source-strategies,RQ3,E3-reach-mitigation,informational_reach5_0_wom0,1026,INFORMATIONAL_CAMOUFLAGE,TRADITIONAL_MEDIA,FAKE_NEWS_SOURCE,1.0,-1.0,5.0,-1.0,0.33,0.0,5.0,1.0,COMPLETE,0.14188,0.1618,0.016385,0.0157,28376,0.67,12,0.14188,
news-source-strategies,RQ3,E3-reach-mitigation,informational_reach5_0_wom0,1027,INFORMATIONAL_CAMOUFLAGE,TRADITIONAL_MEDIA,FAKE_NEWS_SOURCE,1.0,-1.0,5.0,-1.0,0.33,0.0,5.0,1.0,COMPLETE,0.121975,0.10654000000000001,0.00705,0.00526,24395,0.645,16,0.121975,
news-source-strategies,RQ3,E3-reach-mitigation,informational_reach5_0_wom0,1028,INFORMATIONAL_CAMOUFLAGE,TRADITIONAL_MEDIA,FAKE_NEWS_SOURCE,1.0,-1.0,5.0,-1.0,0.33,0.0,5.0,1.0,COMPLETE,0.12916999999999998,0.13244,0.000855,0.0,25834,0.6675,8,0.12916999999999998,
news-source-strategies,RQ3,E3-reach-mitigation,informational_reach5_0_wom0,1029,INFORMATIONAL_CAMOUFLAGE,TRADITIONAL_MEDIA,FAKE_NEWS_SOURCE,1.0,-1.0,5.0,-1.0,0.33,0.0,5.0,1.0,COMPLETE,0.1298,0.13582,0.00745,0.006900000000000001,25960,0.625,17,0.1298,
news-source-strategies,RQ3,E3-reach-mitigation,informational_reach5_0_wom0,1030,INFORMATIONAL_CAMOUFLAGE,TRADITIONAL_MEDIA,FAKE_NEWS_SOURCE,1.0,-1.0,5.0,-1.0,0.33,0.0,5.0,1.0,COMPLETE,0.14029,0.12658,0.01411,0.015380000000000001,28058,0.65,16,0.14029,
news-source-strategies,RQ3,E3-reach-mitigation,informational_reach5_0_wom1,1001,INFORMATIONAL_CAMOUFLAGE,TRADITIONAL_MEDIA,FAKE_NEWS_SOURCE,1.0,-1.0,5.0,-1.0,0.33,1.0,5.0,1.0,COMPLETE,0.09609000000000001,0.09518,0.00045,0.00044,19218,0.67,23,0.09609000000000001,
news-source-strategies,RQ3,E3-reach-mitigation,informational_reach5_0_wom1,1002,INFORMATIONAL_CAMOUFLAGE,TRADITIONAL_MEDIA,FAKE_NEWS_SOURCE,1.0,-1.0,5.0,-1.0,0.33,1.0,5.0,1.0,COMPLETE,0.11148000000000001,0.07306,0.0010149999999999998,0.0005200000000000001,22296,0.64,53,0.11148000000000001,
news-source-strategies,RQ3,E3-reach-mitigation,informational_reach5_0_wom1,1003,INFORMATIONAL_CAMOUFLAGE,TRADITIONAL_MEDIA,FAKE_NEWS_SOURCE,1.0,-1.0,5.0,-1.0,0.33,1.0,5.0,1.0,COMPLETE,0.077485,0.062240000000000004,0.00076,0.0004,15497,0.6775,35,0.077485,
news-source-strategies,RQ3,E3-reach-mitigation,informational_reach5_0_wom1,1004,INFORMATIONAL_CAMOUFLAGE,TRADITIONAL_MEDIA,FAKE_NEWS_SOURCE,1.0,-1.0,5.0,-1.0,0.33,1.0,5.0,1.0,COMPLETE,0.10712,0.05274,0.0013,0.0005600000000000001,21424,0.705,40,0.10712,
news-source-strategies,RQ3,E3-reach-mitigation,informational_reach5_0_wom1,1005,INFORMATIONAL_CAMOUFLAGE,TRADITIONAL_MEDIA,FAKE_NEWS_SOURCE,1.0,-1.0,5.0,-1.0,0.33,1.0,5.0,1.0,COMPLETE,0.112705,0.13584000000000002,0.00055,0.0010400000000000001,22541,0.6675,23,0.112705,
news-source-strategies,RQ3,E3-reach-mitigation,informational_reach5_0_wom1,1006,INFORMATIONAL_CAMOUFLAGE,TRADITIONAL_MEDIA,FAKE_NEWS_SOURCE,1.0,-1.0,5.0,-1.0,0.33,1.0,5.0,1.0,COMPLETE,0.08741,0.09373999999999999,0.00088,0.0011799999999999998,17482,0.67,47,0.08741,
news-source-strategies,RQ3,E3-reach-mitigation,informational_reach5_0_wom1,1007,INFORMATIONAL_CAMOUFLAGE,TRADITIONAL_MEDIA,FAKE_NEWS_SOURCE,1.0,-1.0,5.0,-1.0,0.33,1.0,5.0,1.0,COMPLETE,0.07773999999999999,0.06396,0.0008,0.0007,15548,0.635,39,0.07773999999999999,
news-source-strategies,RQ3,E3-reach-mitigation,informational_reach5_0_wom1,1008,INFORMATIONAL_CAMOUFLAGE,TRADITIONAL_MEDIA,FAKE_NEWS_SOURCE,1.0,-1.0,5.0,-1.0,0.33,1.0,5.0,1.0,COMPLETE,0.08884,0.04208,0.0007199999999999999,0.00034,17768,0.6225,28,0.08884,
news-source-strategies,RQ3,E3-reach-mitigation,informational_reach5_0_wom1,1009,INFORMATIONAL_CAMOUFLAGE,TRADITIONAL_MEDIA,FAKE_NEWS_SOURCE,1.0,-1.0,5.0,-1.0,0.33,1.0,5.0,1.0,COMPLETE,0.07759,0.0635,0.00128,0.0013,15518,0.66,73,0.07759,
news-source-strategies,RQ3,E3-reach-mitigation,informational_reach5_0_wom1,1010,INFORMATIONAL_CAMOUFLAGE,TRADITIONAL_MEDIA,FAKE_NEWS_SOURCE,1.0,-1.0,5.0,-1.0,0.33,1.0,5.0,1.0,COMPLETE,0.06876,0.05244,0.000395,0.00028000000000000003,13752,0.6725,24,0.06876,
news-source-strategies,RQ3,E3-reach-mitigation,informational_reach5_0_wom1,1011,INFORMATIONAL_CAMOUFLAGE,TRADITIONAL_MEDIA,FAKE_NEWS_SOURCE,1.0,-1.0,5.0,-1.0,0.33,1.0,5.0,1.0,COMPLETE,0.11204,0.11578000000000001,0.001285,0.00066,22408,0.6525,43,0.11204,
news-source-strategies,RQ3,E3-reach-mitigation,informational_reach5_0_wom1,1012,INFORMATIONAL_CAMOUFLAGE,TRADITIONAL_MEDIA,FAKE_NEWS_SOURCE,1.0,-1.0,5.0,-1.0,0.33,1.0,5.0,1.0,COMPLETE,0.0884,0.02054,0.0007700000000000001,8e-05,17680,0.6575,32,0.0884,
news-source-strategies,RQ3,E3-reach-mitigation,informational_reach5_0_wom1,1013,INFORMATIONAL_CAMOUFLAGE,TRADITIONAL_MEDIA,FAKE_NEWS_SOURCE,1.0,-1.0,5.0,-1.0,0.33,1.0,5.0,1.0,COMPLETE,0.090405,0.12514,0.00044,0.00068,18081,0.6775,23,0.090405,
news-source-strategies,RQ3,E3-reach-mitigation,informational_reach5_0_wom1,1014,INFORMATIONAL_CAMOUFLAGE,TRADITIONAL_MEDIA,FAKE_NEWS_SOURCE,1.0,-1.0,5.0,-1.0,0.33,1.0,5.0,1.0,COMPLETE,0.090015,0.10786,0.0017900000000000001,0.0030600000000000002,18003,0.68,79,0.090015,
news-source-strategies,RQ3,E3-reach-mitigation,informational_reach5_0_wom1,1015,INFORMATIONAL_CAMOUFLAGE,TRADITIONAL_MEDIA,FAKE_NEWS_SOURCE,1.0,-1.0,5.0,-1.0,0.33,1.0,5.0,1.0,COMPLETE,0.093345,0.10715999999999999,0.000665,0.00038,18669,0.66,24,0.093345,
news-source-strategies,RQ3,E3-reach-mitigation,informational_reach5_0_wom1,1016,INFORMATIONAL_CAMOUFLAGE,TRADITIONAL_MEDIA,FAKE_NEWS_SOURCE,1.0,-1.0,5.0,-1.0,0.33,1.0,5.0,1.0,COMPLETE,0.06742000000000001,0.04094,0.000925,0.00044,13484,0.67,46,0.06742000000000001,
news-source-strategies,RQ3,E3-reach-mitigation,informational_reach5_0_wom1,1017,INFORMATIONAL_CAMOUFLAGE,TRADITIONAL_MEDIA,FAKE_NEWS_SOURCE,1.0,-1.0,5.0,-1.0,0.33,1.0,5.0,1.0,COMPLETE,0.10742,0.10772,0.00139,0.0011,21484,0.6625,52,0.10742,
news-source-strategies,RQ3,E3-reach-mitigation,informational_reach5_0_wom1,1018,INFORMATIONAL_CAMOUFLAGE,TRADITIONAL_MEDIA,FAKE_NEWS_SOURCE,1.0,-1.0,5.0,-1.0,0.33,1.0,5.0,1.0,COMPLETE,0.083395,0.04338,0.00043,0.0002,16679,0.6775,20,0.083395,
news-source-strategies,RQ3,E3-reach-mitigation,informational_reach5_0_wom1,1019,INFORMATIONAL_CAMOUFLAGE,TRADITIONAL_MEDIA,FAKE_NEWS_SOURCE,1.0,-1.0,5.0,-1.0,0.33,1.0,5.0,1.0,COMPLETE,0.124295,0.14634,0.00122,0.00098,24859,0.64,50,0.124295,
news-source-strategies,RQ3,E3-reach-mitigation,informational_reach5_0_wom1,1020,INFORMATIONAL_CAMOUFLAGE,TRADITIONAL_MEDIA,FAKE_NEWS_SOURCE,1.0,-1.0,5.0,-1.0,0.33,1.0,5.0,1.0,COMPLETE,0.104015,0.12445999999999999,0.0012050000000000001,0.00186,20803,0.665,51,0.104015,
news-source-strategies,RQ3,E3-reach-mitigation,informational_reach5_0_wom1,1021,INFORMATIONAL_CAMOUFLAGE,TRADITIONAL_MEDIA,FAKE_NEWS_SOURCE,1.0,-1.0,5.0,-1.0,0.33,1.0,5.0,1.0,COMPLETE,0.141435,0.12404000000000001,0.001065,0.00066,28287,0.67,41,0.141435,
news-source-strategies,RQ3,E3-reach-mitigation,informational_reach5_0_wom1,1022,INFORMATIONAL_CAMOUFLAGE,TRADITIONAL_MEDIA,FAKE_NEWS_SOURCE,1.0,-1.0,5.0,-1.0,0.33,1.0,5.0,1.0,COMPLETE,0.11016500000000001,0.13441999999999998,0.001385,0.0015400000000000001,22033,0.66,58,0.11016500000000001,
news-source-strategies,RQ3,E3-reach-mitigation,informational_reach5_0_wom1,1023,INFORMATIONAL_CAMOUFLAGE,TRADITIONAL_MEDIA,FAKE_NEWS_SOURCE,1.0,-1.0,5.0,-1.0,0.33,1.0,5.0,1.0,COMPLETE,0.123345,0.18126,0.0011799999999999998,0.0013,24669,0.6825,38,0.123345,
news-source-strategies,RQ3,E3-reach-mitigation,informational_reach5_0_wom1,1024,INFORMATIONAL_CAMOUFLAGE,TRADITIONAL_MEDIA,FAKE_NEWS_SOURCE,1.0,-1.0,5.0,-1.0,0.33,1.0,5.0,1.0,COMPLETE,0.09915,0.10596,0.001195,0.00094,19830,0.6675,52,0.09915,
news-source-strategies,RQ3,E3-reach-mitigation,informational_reach5_0_wom1,1025,INFORMATIONAL_CAMOUFLAGE,TRADITIONAL_MEDIA,FAKE_NEWS_SOURCE,1.0,-1.0,5.0,-1.0,0.33,1.0,5.0,1.0,COMPLETE,0.116315,0.07404000000000001,0.00113,0.00032,23263,0.6375,45,0.116315,
news-source-strategies,RQ3,E3-reach-mitigation,informational_reach5_0_wom1,1026,INFORMATIONAL_CAMOUFLAGE,TRADITIONAL_MEDIA,FAKE_NEWS_SOURCE,1.0,-1.0,5.0,-1.0,0.33,1.0,5.0,1.0,COMPLETE,0.10924500000000001,0.08458,0.00058,0.00032,21849,0.7225,21,0.10924500000000001,
news-source-strategies,RQ3,E3-reach-mitigation,informational_reach5_0_wom1,1027,INFORMATIONAL_CAMOUFLAGE,TRADITIONAL_MEDIA,FAKE_NEWS_SOURCE,1.0,-1.0,5.0,-1.0,0.33,1.0,5.0,1.0,COMPLETE,0.08949,0.12752,0.00184,0.00396,17898,0.6975,71,0.08949,
news-source-strategies,RQ3,E3-reach-mitigation,informational_reach5_0_wom1,1028,INFORMATIONAL_CAMOUFLAGE,TRADITIONAL_MEDIA,FAKE_NEWS_SOURCE,1.0,-1.0,5.0,-1.0,0.33,1.0,5.0,1.0,COMPLETE,0.093985,0.10242,0.000225,8e-05,18797,0.665,13,0.093985,
news-source-strategies,RQ3,E3-reach-mitigation,informational_reach5_0_wom1,1029,INFORMATIONAL_CAMOUFLAGE,TRADITIONAL_MEDIA,FAKE_NEWS_SOURCE,1.0,-1.0,5.0,-1.0,0.33,1.0,5.0,1.0,COMPLETE,0.09463500000000001,0.061579999999999996,0.00184,0.00088,18927,0.6825,88,0.09463500000000001,
news-source-strategies,RQ3,E3-reach-mitigation,informational_reach5_0_wom1,1030,INFORMATIONAL_CAMOUFLAGE,TRADITIONAL_MEDIA,FAKE_NEWS_SOURCE,1.0,-1.0,5.0,-1.0,0.33,1.0,5.0,1.0,COMPLETE,0.085535,0.07432,0.0008399999999999999,0.0005600000000000001,17107,0.645,36,0.085535,
news-source-strategies,RQ3,E3-reach-mitigation,informational_reach1_0_wom0,1001,INFORMATIONAL_CAMOUFLAGE,TRADITIONAL_MEDIA,FAKE_NEWS_SOURCE,1.0,-1.0,1.0,-1.0,0.33,0.0,5.0,1.0,COMPLETE,0.132865,0.09090000000000001,0.004719999999999999,0.004,26573,0.7075,6,0.132865,
news-source-strategies,RQ3,E3-reach-mitigation,informational_reach1_0_wom0,1002,INFORMATIONAL_CAMOUFLAGE,TRADITIONAL_MEDIA,FAKE_NEWS_SOURCE,1.0,-1.0,1.0,-1.0,0.33,0.0,5.0,1.0,COMPLETE,0.13343,0.1128,0.00011,0.00026000000000000003,26686,0.6475,3,0.13343,
news-source-strategies,RQ3,E3-reach-mitigation,informational_reach1_0_wom0,1003,INFORMATIONAL_CAMOUFLAGE,TRADITIONAL_MEDIA,FAKE_NEWS_SOURCE,1.0,-1.0,1.0,-1.0,0.33,0.0,5.0,1.0,COMPLETE,0.12672,0.10676000000000001,0.00040500000000000003,0.00016,25344,0.65,2,0.12672,
news-source-strategies,RQ3,E3-reach-mitigation,informational_reach1_0_wom0,1004,INFORMATIONAL_CAMOUFLAGE,TRADITIONAL_MEDIA,FAKE_NEWS_SOURCE,1.0,-1.0,1.0,-1.0,0.33,0.0,5.0,1.0,COMPLETE,0.14997,0.16913999999999998,5e-06,0.0,29994,0.69,1,0.14997,
news-source-strategies,RQ3,E3-reach-mitigation,informational_reach1_0_wom0,1005,INFORMATIONAL_CAMOUFLAGE,TRADITIONAL_MEDIA,FAKE_NEWS_SOURCE,1.0,-1.0,1.0,-1.0,0.33,0.0,5.0,1.0,COMPLETE,0.13337000000000002,0.15303999999999998,0.003785,0.00352,26674,0.6425,2,0.13337000000000002,
news-source-strategies,RQ3,E3-reach-mitigation,informational_reach1_0_wom0,1006,INFORMATIONAL_CAMOUFLAGE,TRADITIONAL_MEDIA,FAKE_NEWS_SOURCE,1.0,-1.0,1.0,-1.0,0.33,0.0,5.0,1.0,COMPLETE,0.14163499999999998,0.13334000000000001,0.004135,0.004,28327,0.65,5,0.14163499999999998,
news-source-strategies,RQ3,E3-reach-mitigation,informational_reach1_0_wom0,1007,INFORMATIONAL_CAMOUFLAGE,TRADITIONAL_MEDIA,FAKE_NEWS_SOURCE,1.0,-1.0,1.0,-1.0,0.33,0.0,5.0,1.0,COMPLETE,0.15016,0.1715,0.004265,0.00176,30032,0.65,3,0.15016,
news-source-strategies,RQ3,E3-reach-mitigation,informational_reach1_0_wom0,1008,INFORMATIONAL_CAMOUFLAGE,TRADITIONAL_MEDIA,FAKE_NEWS_SOURCE,1.0,-1.0,1.0,-1.0,0.33,0.0,5.0,1.0,COMPLETE,0.15200999999999998,0.15763999999999997,0.00212,0.00156,30402,0.68,3,0.15200999999999998,
news-source-strategies,RQ3,E3-reach-mitigation,informational_reach1_0_wom0,1009,INFORMATIONAL_CAMOUFLAGE,TRADITIONAL_MEDIA,FAKE_NEWS_SOURCE,1.0,-1.0,1.0,-1.0,0.33,0.0,5.0,1.0,COMPLETE,0.16944,0.15806,0.00023,0.0,33888,0.6825,1,0.16944,
news-source-strategies,RQ3,E3-reach-mitigation,informational_reach1_0_wom0,1010,INFORMATIONAL_CAMOUFLAGE,TRADITIONAL_MEDIA,FAKE_NEWS_SOURCE,1.0,-1.0,1.0,-1.0,0.33,0.0,5.0,1.0,COMPLETE,0.126825,0.12678,0.002,0.002,25365,0.67,1,0.126825,
news-source-strategies,RQ3,E3-reach-mitigation,informational_reach1_0_wom0,1011,INFORMATIONAL_CAMOUFLAGE,TRADITIONAL_MEDIA,FAKE_NEWS_SOURCE,1.0,-1.0,1.0,-1.0,0.33,0.0,5.0,1.0,COMPLETE,0.150455,0.15375999999999998,5.5e-05,0.00014000000000000001,30091,0.6675,1,0.150455,
news-source-strategies,RQ3,E3-reach-mitigation,informational_reach1_0_wom0,1012,INFORMATIONAL_CAMOUFLAGE,TRADITIONAL_MEDIA,FAKE_NEWS_SOURCE,1.0,-1.0,1.0,-1.0,0.33,0.0,5.0,1.0,COMPLETE,0.14428,0.1802,0.002,0.002,28856,0.7175,1,0.14428,
news-source-strategies,RQ3,E3-reach-mitigation,informational_reach1_0_wom0,1013,INFORMATIONAL_CAMOUFLAGE,TRADITIONAL_MEDIA,FAKE_NEWS_SOURCE,1.0,-1.0,1.0,-1.0,0.33,0.0,5.0,1.0,COMPLETE,0.12765,0.1189,0.001965,0.00184,25530,0.68,4,0.12765,
news-source-strategies,RQ3,E3-reach-mitigation,informational_reach1_0_wom0,1014,INFORMATIONAL_CAMOUFLAGE,TRADITIONAL_MEDIA,FAKE_NEWS_SOURCE,1.0,-1.0,1.0,-1.0,0.33,0.0,5.0,1.0,COMPLETE,0.132,0.14508000000000001,0.007809999999999999,0.007980000000000001,26400,0.665,9,0.132,
news-source-strategies,RQ3,E3-reach-mitigation,informational_reach1_0_wom0,1015,INFORMATIONAL_CAMOUFLAGE,TRADITIONAL_MEDIA,FAKE_NEWS_SOURCE,1.0,-1.0,1.0,-1.0,0.33,0.0,5.0,1.0,COMPLETE,0.12557,0.13354,5e-06,0.0,25114,0.6775,1,0.12557,
news-source-strategies,RQ3,E3-reach-mitigation,informational_reach1_0_wom0,1016,INFORMATIONAL_CAMOUFLAGE,TRADITIONAL_MEDIA,FAKE_NEWS_SOURCE,1.0,-1.0,1.0,-1.0,0.33,0.0,5.0,1.0,COMPLETE,0.14373,0.14846,0.002025,0.0020800000000000003,28746,0.6825,2,0.14373,
news-source-strategies,RQ3,E3-reach-mitigation,informational_reach1_0_wom0,1017,INFORMATIONAL_CAMOUFLAGE,TRADITIONAL_MEDIA,FAKE_NEWS_SOURCE,1.0,-1.0,1.0,-1.0,0.33,0.0,5.0,1.0,COMPLETE,0.124595,0.09778,0.00029499999999999996,0.0,24919,0.6925,1,0.124595,
news-source-strategies,RQ3,E3-reach-mitigation,informational_reach1_0_wom0,1018,INFORMATIONAL_CAMOUFLAGE,TRADITIONAL_MEDIA,FAKE_NEWS_SOURCE,1.0,-1.0,1.0,-1.0,0.33,0.0,5.0,1.0,COMPLETE,0.12539,0.09968,2e-05,0.0,25078,0.67,3,0.12539,
news-source-strategies,RQ3,E3-reach-mitigation,informational_reach1_0_wom0,1019,INFORMATIONAL_CAMOUFLAGE,TRADITIONAL_MEDIA,FAKE_NEWS_SOURCE,1.0,-1.0,1.0,-1.0,0.33,0.0,5.0,1.0,COMPLETE,0.12490000000000001,0.12356,4.4999999999999996e-05,0.0,24980,0.6475,1,0.12490000000000001,
news-source-strategies,RQ3,E3-reach-mitigation,informational_reach1_0_wom0,1020,INFORMATIONAL_CAMOUFLAGE,TRADITIONAL_MEDIA,FAKE_NEWS_SOURCE,1.0,-1.0,1.0,-1.0,0.33,0.0,5.0,1.0,COMPLETE,0.13144,0.12884,4e-05,4e-05,26288,0.66,4,0.13144,
news-source-strategies,RQ3,E3-reach-mitigation,informational_reach1_0_wom0,1021,INFORMATIONAL_CAMOUFLAGE,TRADITIONAL_MEDIA,FAKE_NEWS_SOURCE,1.0,-1.0,1.0,-1.0,0.33,0.0,5.0,1.0,COMPLETE,0.13807499999999998,0.11768,0.0028399999999999996,0.00316,27615,0.635,3,0.13807499999999998,
news-source-strategies,RQ3,E3-reach-mitigation,informational_reach1_0_wom0,1022,INFORMATIONAL_CAMOUFLAGE,TRADITIONAL_MEDIA,FAKE_NEWS_SOURCE,1.0,-1.0,1.0,-1.0,0.33,0.0,5.0,1.0,COMPLETE,0.12353,0.12788,0.00212,0.00228,24706,0.6425,3,0.12353,
news-source-strategies,RQ3,E3-reach-mitigation,informational_reach1_0_wom0,1023,INFORMATIONAL_CAMOUFLAGE,TRADITIONAL_MEDIA,FAKE_NEWS_SOURCE,1.0,-1.0,1.0,-1.0,0.33,0.0,5.0,1.0,COMPLETE,0.12436499999999999,0.09914,0.001895,0.00182,24873,0.6525,3,0.12436499999999999,
news-source-strategies,RQ3,E3-reach-mitigation,informational_reach1_0_wom0,1024,INFORMATIONAL_CAMOUFLAGE,TRADITIONAL_MEDIA,FAKE_NEWS_SOURCE,1.0,-1.0,1.0,-1.0,0.33,0.0,5.0,1.0,COMPLETE,0.14644,0.12828,0.005485,0.00456,29288,0.6525,3,0.14644,
news-source-strategies,RQ3,E3-reach-mitigation,informational_reach1_0_wom0,1025,INFORMATIONAL_CAMOUFLAGE,TRADITIONAL_MEDIA,FAKE_NEWS_SOURCE,1.0,-1.0,1.0,-1.0,0.33,0.0,5.0,1.0,COMPLETE,0.15297999999999998,0.1406,3.5000000000000004e-05,4e-05,30596,0.6875,3,0.15297999999999998,
news-source-strategies,RQ3,E3-reach-mitigation,informational_reach1_0_wom0,1026,INFORMATIONAL_CAMOUFLAGE,TRADITIONAL_MEDIA,FAKE_NEWS_SOURCE,1.0,-1.0,1.0,-1.0,0.33,0.0,5.0,1.0,COMPLETE,0.13035,0.1367,0.00204,0.002,26070,0.685,3,0.13035,
news-source-strategies,RQ3,E3-reach-mitigation,informational_reach1_0_wom0,1027,INFORMATIONAL_CAMOUFLAGE,TRADITIONAL_MEDIA,FAKE_NEWS_SOURCE,1.0,-1.0,1.0,-1.0,0.33,0.0,5.0,1.0,COMPLETE,0.1201,0.10558,0.00385,0.00378,24020,0.645,3,0.1201,
news-source-strategies,RQ3,E3-reach-mitigation,informational_reach1_0_wom0,1028,INFORMATIONAL_CAMOUFLAGE,TRADITIONAL_MEDIA,FAKE_NEWS_SOURCE,1.0,-1.0,1.0,-1.0,0.33,0.0,5.0,1.0,COMPLETE,0.12890000000000001,0.13244,4.4999999999999996e-05,0.0,25780,0.6675,3,0.12890000000000001,
news-source-strategies,RQ3,E3-reach-mitigation,informational_reach1_0_wom0,1029,INFORMATIONAL_CAMOUFLAGE,TRADITIONAL_MEDIA,FAKE_NEWS_SOURCE,1.0,-1.0,1.0,-1.0,0.33,0.0,5.0,1.0,COMPLETE,0.127035,0.13382,0.00206,0.00212,25407,0.625,4,0.127035,
news-source-strategies,RQ3,E3-reach-mitigation,informational_reach1_0_wom0,1030,INFORMATIONAL_CAMOUFLAGE,TRADITIONAL_MEDIA,FAKE_NEWS_SOURCE,1.0,-1.0,1.0,-1.0,0.33,0.0,5.0,1.0,COMPLETE,0.14333,0.14931999999999998,0.00046,0.0,28666,0.65,2,0.14333,
news-source-strategies,RQ3,E3-reach-mitigation,informational_reach1_0_wom1,1001,INFORMATIONAL_CAMOUFLAGE,TRADITIONAL_MEDIA,FAKE_NEWS_SOURCE,1.0,-1.0,1.0,-1.0,0.33,1.0,5.0,1.0,COMPLETE,0.08153,0.04212,0.000375,0.00034,16306,0.6975,17,0.08153,
news-source-strategies,RQ3,E3-reach-mitigation,informational_reach1_0_wom1,1002,INFORMATIONAL_CAMOUFLAGE,TRADITIONAL_MEDIA,FAKE_NEWS_SOURCE,1.0,-1.0,1.0,-1.0,0.33,1.0,5.0,1.0,COMPLETE,0.10466,0.12708,5.9999999999999995e-05,5.9999999999999995e-05,20932,0.635,5,0.10466,
news-source-strategies,RQ3,E3-reach-mitigation,informational_reach1_0_wom1,1003,INFORMATIONAL_CAMOUFLAGE,TRADITIONAL_MEDIA,FAKE_NEWS_SOURCE,1.0,-1.0,1.0,-1.0,0.33,1.0,5.0,1.0,COMPLETE,0.07728,0.06218,0.000345,0.00014000000000000001,15456,0.6775,17,0.07728,
news-source-strategies,RQ3,E3-reach-mitigation,informational_reach1_0_wom1,1004,INFORMATIONAL_CAMOUFLAGE,TRADITIONAL_MEDIA,FAKE_NEWS_SOURCE,1.0,-1.0,1.0,-1.0,0.33,1.0,5.0,1.0,COMPLETE,0.10687,0.052520000000000004,0.000375,0.00026000000000000003,21374,0.705,10,0.10687,
news-source-strategies,RQ3,E3-reach-mitigation,informational_reach1_0_wom1,1005,INFORMATIONAL_CAMOUFLAGE,TRADITIONAL_MEDIA,FAKE_NEWS_SOURCE,1.0,-1.0,1.0,-1.0,0.33,1.0,5.0,1.0,COMPLETE,0.07544,0.08209999999999999,0.000155,0.00016,15088,0.6625,8,0.07544,
news-source-strategies,RQ3,E3-reach-mitigation,informational_reach1_0_wom1,1006,INFORMATIONAL_CAMOUFLAGE,TRADITIONAL_MEDIA,FAKE_NEWS_SOURCE,1.0,-1.0,1.0,-1.0,0.33,1.0,5.0,1.0,COMPLETE,0.09123,0.14618,0.000305,0.00028000000000000003,18246,0.68,13,0.09123,
news-source-strategies,RQ3,E3-reach-mitigation,informational_reach1_0_wom1,1007,INFORMATIONAL_CAMOUFLAGE,TRADITIONAL_MEDIA,FAKE_NEWS_SOURCE,1.0,-1.0,1.0,-1.0,0.33,1.0,5.0,1.0,COMPLETE,0.092075,0.09386,0.00023999999999999998,0.00022,18415,0.6625,12,0.092075,
news-source-strategies,RQ3,E3-reach-mitigation,informational_reach1_0_wom1,1008,INFORMATIONAL_CAMOUFLAGE,TRADITIONAL_MEDIA,FAKE_NEWS_SOURCE,1.0,-1.0,1.0,-1.0,0.33,1.0,5.0,1.0,COMPLETE,0.092655,0.09688,0.000365,0.00082,18531,0.7075,13,0.092655,
news-source-strategies,RQ3,E3-reach-mitigation,informational_reach1_0_wom1,1009,INFORMATIONAL_CAMOUFLAGE,TRADITIONAL_MEDIA,FAKE_NEWS_SOURCE,1.0,-1.0,1.0,-1.0,0.33,1.0,5.0,1.0,COMPLETE,0.100265,0.08486,1e-05,4e-05,20053,0.665,1,0.100265,
news-source-strategies,RQ3,E3-reach-mitigation,informational_reach1_0_wom1,1010,INFORMATIONAL_CAMOUFLAGE,TRADITIONAL_MEDIA,FAKE_NEWS_SOURCE,1.0,-1.0,1.0,-1.0,0.33,1.0,5.0,1.0,COMPLETE,0.092955,0.12392,7.5e-05,0.00017999999999999998,18591,0.64,4,0.092955,
news-source-strategies,RQ3,E3-reach-mitigation,informational_reach1_0_wom1,1011,INFORMATIONAL_CAMOUFLAGE,TRADITIONAL_MEDIA,FAKE_NEWS_SOURCE,1.0,-1.0,1.0,-1.0,0.33,1.0,5.0,1.0,COMPLETE,0.113285,0.1154,0.000245,0.00016,22657,0.6525,10,0.113285,
news-source-strategies,RQ3,E3-reach-mitigation,informational_reach1_0_wom1,1012,INFORMATIONAL_CAMOUFLAGE,TRADITIONAL_MEDIA,FAKE_NEWS_SOURCE,1.0,-1.0,1.0,-1.0,0.33,1.0,5.0,1.0,COMPLETE,0.096205,0.07452,4.4999999999999996e-05,4e-05,19241,0.6675,2,0.096205,
news-source-strategies,RQ3,E3-reach-mitigation,informational_reach1_0_wom1,1013,INFORMATIONAL_CAMOUFLAGE,TRADITIONAL_MEDIA,FAKE_NEWS_SOURCE,1.0,-1.0,1.0,-1.0,0.33,1.0,5.0,1.0,COMPLETE,0.105395,0.10543999999999999,0.0005949999999999999,0.00074,21079,0.705,23,0.105395,
news-source-strategies,RQ3,E3-reach-mitigation,informational_reach1_0_wom1,1014,INFORMATIONAL_CAMOUFLAGE,TRADITIONAL_MEDIA,FAKE_NEWS_SOURCE,1.0,-1.0,1.0,-1.0,0.33,1.0,5.0,1.0,COMPLETE,0.09121,0.10798,0.0014550000000000001,0.003,18242,0.67,68,0.09121,
news-source-strategies,RQ3,E3-reach-mitigation,informational_reach1_0_wom1,1015,INFORMATIONAL_CAMOUFLAGE,TRADITIONAL_MEDIA,FAKE_NEWS_SOURCE,1.0,-1.0,1.0,-1.0,0.33,1.0,5.0,1.0,COMPLETE,0.087225,0.08272,5e-05,0.0,17445,0.6575,2,0.087225,
news-source-strategies,RQ3,E3-reach-mitigation,informational_reach1_0_wom1,1016,INFORMATIONAL_CAMOUFLAGE,TRADITIONAL_MEDIA,FAKE_NEWS_SOURCE,1.0,-1.0,1.0,-1.0,0.33,1.0,5.0,1.0,COMPLETE,0.101485,0.1162,0.000165,0.0003,20297,0.6725,6,0.101485,
news-source-strategies,RQ3,E3-reach-mitigation,informational_reach1_0_wom1,1017,INFORMATIONAL_CAMOUFLAGE,TRADITIONAL_MEDIA,FAKE_NEWS_SOURCE,1.0,-1.0,1.0,-1.0,0.33,1.0,5.0,1.0,COMPLETE,0.08663,0.0756,0.00029499999999999996,0.0007199999999999999,17326,0.6675,16,0.08663,
news-source-strategies,RQ3,E3-reach-mitigation,informational_reach1_0_wom1,1018,INFORMATIONAL_CAMOUFLAGE,TRADITIONAL_MEDIA,FAKE_NEWS_SOURCE,1.0,-1.0,1.0,-1.0,0.33,1.0,5.0,1.0,COMPLETE,0.086705,0.16798,0.00011,2e-05,17341,0.68,6,0.086705,
news-source-strategies,RQ3,E3-reach-mitigation,informational_reach1_0_wom1,1019,INFORMATIONAL_CAMOUFLAGE,TRADITIONAL_MEDIA,FAKE_NEWS_SOURCE,1.0,-1.0,1.0,-1.0,0.33,1.0,5.0,1.0,COMPLETE,0.12383,0.14574,0.000135,0.00022,24766,0.64,5,0.12383,
news-source-strategies,RQ3,E3-reach-mitigation,informational_reach1_0_wom1,1020,INFORMATIONAL_CAMOUFLAGE,TRADITIONAL_MEDIA,FAKE_NEWS_SOURCE,1.0,-1.0,1.0,-1.0,0.33,1.0,5.0,1.0,COMPLETE,0.086015,0.07292,0.000145,8e-05,17203,0.6825,5,0.086015,
news-source-strategies,RQ3,E3-reach-mitigation,informational_reach1_0_wom1,1021,INFORMATIONAL_CAMOUFLAGE,TRADITIONAL_MEDIA,FAKE_NEWS_SOURCE,1.0,-1.0,1.0,-1.0,0.33,1.0,5.0,1.0,COMPLETE,0.097305,0.10502,0.0001,8e-05,19461,0.6625,6,0.097305,
news-source-strategies,RQ3,E3-reach-mitigation,informational_reach1_0_wom1,1022,INFORMATIONAL_CAMOUFLAGE,TRADITIONAL_MEDIA,FAKE_NEWS_SOURCE,1.0,-1.0,1.0,-1.0,0.33,1.0,5.0,1.0,COMPLETE,0.09445999999999999,0.12236,0.00013000000000000002,0.00026000000000000003,18892,0.66,6,0.09445999999999999,
news-source-strategies,RQ3,E3-reach-mitigation,informational_reach1_0_wom1,1023,INFORMATIONAL_CAMOUFLAGE,TRADITIONAL_MEDIA,FAKE_NEWS_SOURCE,1.0,-1.0,1.0,-1.0,0.33,1.0,5.0,1.0,COMPLETE,0.096315,0.08368,0.000265,0.0002,19263,0.6875,8,0.096315,
news-source-strategies,RQ3,E3-reach-mitigation,informational_reach1_0_wom1,1024,INFORMATIONAL_CAMOUFLAGE,TRADITIONAL_MEDIA,FAKE_NEWS_SOURCE,1.0,-1.0,1.0,-1.0,0.33,1.0,5.0,1.0,COMPLETE,0.08608,0.10784,0.00026000000000000003,0.00016,17216,0.69,8,0.08608,
news-source-strategies,RQ3,E3-reach-mitigation,informational_reach1_0_wom1,1025,INFORMATIONAL_CAMOUFLAGE,TRADITIONAL_MEDIA,FAKE_NEWS_SOURCE,1.0,-1.0,1.0,-1.0,0.33,1.0,5.0,1.0,COMPLETE,0.081155,0.05122,8e-05,8e-05,16231,0.6875,3,0.081155,
news-source-strategies,RQ3,E3-reach-mitigation,informational_reach1_0_wom1,1026,INFORMATIONAL_CAMOUFLAGE,TRADITIONAL_MEDIA,FAKE_NEWS_SOURCE,1.0,-1.0,1.0,-1.0,0.33,1.0,5.0,1.0,COMPLETE,0.084515,0.12632,0.0001,0.00014000000000000001,16903,0.6675,6,0.084515,
news-source-strategies,RQ3,E3-reach-mitigation,informational_reach1_0_wom1,1027,INFORMATIONAL_CAMOUFLAGE,TRADITIONAL_MEDIA,FAKE_NEWS_SOURCE,1.0,-1.0,1.0,-1.0,0.33,1.0,5.0,1.0,COMPLETE,0.08842,0.12472,0.000305,0.0004,17684,0.6975,10,0.08842,
news-source-strategies,RQ3,E3-reach-mitigation,informational_reach1_0_wom1,1028,INFORMATIONAL_CAMOUFLAGE,TRADITIONAL_MEDIA,FAKE_NEWS_SOURCE,1.0,-1.0,1.0,-1.0,0.33,1.0,5.0,1.0,COMPLETE,0.093845,0.10238,5.5e-05,2e-05,18769,0.665,3,0.093845,
news-source-strategies,RQ3,E3-reach-mitigation,informational_reach1_0_wom1,1029,INFORMATIONAL_CAMOUFLAGE,TRADITIONAL_MEDIA,FAKE_NEWS_SOURCE,1.0,-1.0,1.0,-1.0,0.33,1.0,5.0,1.0,COMPLETE,0.09389499999999999,0.061200000000000004,0.000185,0.00023999999999999998,18779,0.6825,8,0.09389499999999999,
news-source-strategies,RQ3,E3-reach-mitigation,informational_reach1_0_wom1,1030,INFORMATIONAL_CAMOUFLAGE,TRADITIONAL_MEDIA,FAKE_NEWS_SOURCE,1.0,-1.0,1.0,-1.0,0.33,1.0,5.0,1.0,COMPLETE,0.0974,0.12732,8.999999999999999e-05,0.00017999999999999998,19480,0.7025,3,0.0974,
news-source-strategies,RQ3,E3-reach-mitigation,informational_reach0_0_wom0,1001,INFORMATIONAL_CAMOUFLAGE,TRADITIONAL_MEDIA,FAKE_NEWS_SOURCE,1.0,-1.0,0.0,-1.0,0.33,0.0,5.0,1.0,COMPLETE,0.130685,0.08907999999999999,0.0,0.0,26137,0.7075,0,0.130685,
news-source-strategies,RQ3,E3-reach-mitigation,informational_reach0_0_wom0,1002,INFORMATIONAL_CAMOUFLAGE,TRADITIONAL_MEDIA,FAKE_NEWS_SOURCE,1.0,-1.0,0.0,-1.0,0.33,0.0,5.0,1.0,COMPLETE,0.133285,0.11226,0.0,0.0,26657,0.6475,0,0.133285,
news-source-strategies,RQ3,E3-reach-mitigation,informational_reach0_0_wom0,1003,INFORMATIONAL_CAMOUFLAGE,TRADITIONAL_MEDIA,FAKE_NEWS_SOURCE,1.0,-1.0,0.0,-1.0,0.33,0.0,5.0,1.0,COMPLETE,0.126315,0.10636,0.0,0.0,25263,0.65,0,0.126315,
news-source-strategies,RQ3,E3-reach-mitigation,informational_reach0_0_wom0,1004,INFORMATIONAL_CAMOUFLAGE,TRADITIONAL_MEDIA,FAKE_NEWS_SOURCE,1.0,-1.0,0.0,-1.0,0.33,0.0,5.0,1.0,COMPLETE,0.14995,0.16913999999999998,0.0,0.0,29990,0.69,0,0.14995,
news-source-strategies,RQ3,E3-reach-mitigation,informational_reach0_0_wom0,1005,INFORMATIONAL_CAMOUFLAGE,TRADITIONAL_MEDIA,FAKE_NEWS_SOURCE,1.0,-1.0,0.0,-1.0,0.33,0.0,5.0,1.0,COMPLETE,0.13442500000000002,0.1269,0.0,0.0,26885,0.64,0,0.13442500000000002,
news-source-strategies,RQ3,E3-reach-mitigation,informational_reach0_0_wom0,1006,INFORMATIONAL_CAMOUFLAGE,TRADITIONAL_MEDIA,FAKE_NEWS_SOURCE,1.0,-1.0,0.0,-1.0,0.33,0.0,5.0,1.0,COMPLETE,0.136575,0.13566,0.0,0.0,27315,0.6675,0,0.136575,
news-source-strategies,RQ3,E3-reach-mitigation,informational_reach0_0_wom0,1007,INFORMATIONAL_CAMOUFLAGE,TRADITIONAL_MEDIA,FAKE_NEWS_SOURCE,1.0,-1.0,0.0,-1.0,0.33,0.0,5.0,1.0,COMPLETE,0.148125,0.17094,0.0,0.0,29625,0.65,0,0.148125,
news-source-strategies,RQ3,E3-reach-mitigation,informational_reach0_0_wom0,1008,INFORMATIONAL_CAMOUFLAGE,TRADITIONAL_MEDIA,FAKE_NEWS_SOURCE,1.0,-1.0,0.0,-1.0,0.33,0.0,5.0,1.0,COMPLETE,0.151055,0.15703999999999999,0.0,0.0,30211,0.68,0,0.151055,
news-source-strategies,RQ3,E3-reach-mitigation,informational_reach0_0_wom0,1009,INFORMATIONAL_CAMOUFLAGE,TRADITIONAL_MEDIA,FAKE_NEWS_SOURCE,1.0,-1.0,0.0,-1.0,0.33,0.0,5.0,1.0,COMPLETE,0.16931000000000002,0.15806,0.0,0.0,33862,0.6825,0,0.16931000000000002,
news-source-strategies,RQ3,E3-reach-mitigation,informational_reach0_0_wom0,1010,INFORMATIONAL_CAMOUFLAGE,TRADITIONAL_MEDIA,FAKE_NEWS_SOURCE,1.0,-1.0,0.0,-1.0,0.33,0.0,5.0,1.0,COMPLETE,0.11048999999999999,0.11292,0.0,0.0,22098,0.6575,0,0.11048999999999999,
news-source-strategies,RQ3,E3-reach-mitigation,informational_reach0_0_wom0,1011,INFORMATIONAL_CAMOUFLAGE,TRADITIONAL_MEDIA,FAKE_NEWS_SOURCE,1.0,-1.0,0.0,-1.0,0.33,0.0,5.0,1.0,COMPLETE,0.15018,0.15346,0.0,0.0,30036,0.6675,0,0.15018,
news-source-strategies,RQ3,E3-reach-mitigation,informational_reach0_0_wom0,1012,INFORMATIONAL_CAMOUFLAGE,TRADITIONAL_MEDIA,FAKE_NEWS_SOURCE,1.0,-1.0,0.0,-1.0,0.33,0.0,5.0,1.0,COMPLETE,0.15139,0.14221999999999999,0.0,0.0,30278,0.635,0,0.15139,
news-source-strategies,RQ3,E3-reach-mitigation,informational_reach0_0_wom0,1013,INFORMATIONAL_CAMOUFLAGE,TRADITIONAL_MEDIA,FAKE_NEWS_SOURCE,1.0,-1.0,0.0,-1.0,0.33,0.0,5.0,1.0,COMPLETE,0.12684,0.11792,0.0,0.0,25368,0.68,0,0.12684,
news-source-strategies,RQ3,E3-reach-mitigation,informational_reach0_0_wom0,1014,INFORMATIONAL_CAMOUFLAGE,TRADITIONAL_MEDIA,FAKE_NEWS_SOURCE,1.0,-1.0,0.0,-1.0,0.33,0.0,5.0,1.0,COMPLETE,0.13358,0.10674,0.0,0.0,26716,0.67,0,0.13358,
news-source-strategies,RQ3,E3-reach-mitigation,informational_reach0_0_wom0,1015,INFORMATIONAL_CAMOUFLAGE,TRADITIONAL_MEDIA,FAKE_NEWS_SOURCE,1.0,-1.0,0.0,-1.0,0.33,0.0,5.0,1.0,COMPLETE,0.125565,0.13354,0.0,0.0,25113,0.6775,0,0.125565,
news-source-strategies,RQ3,E3-reach-mitigation,informational_reach0_0_wom0,1016,INFORMATIONAL_CAMOUFLAGE,TRADITIONAL_MEDIA,FAKE_NEWS_SOURCE,1.0,-1.0,0.0,-1.0,0.33,0.0,5.0,1.0,COMPLETE,0.113155,0.095,0.0,0.0,22631,0.66,0,0.113155,
news-source-strategies,RQ3,E3-reach-mitigation,informational_reach0_0_wom0,1017,INFORMATIONAL_CAMOUFLAGE,TRADITIONAL_MEDIA,FAKE_NEWS_SOURCE,1.0,-1.0,0.0,-1.0,0.33,0.0,5.0,1.0,COMPLETE,0.12440999999999999,0.09778,0.0,0.0,24882,0.6925,0,0.12440999999999999,
news-source-strategies,RQ3,E3-reach-mitigation,informational_reach0_0_wom0,1018,INFORMATIONAL_CAMOUFLAGE,TRADITIONAL_MEDIA,FAKE_NEWS_SOURCE,1.0,-1.0,0.0,-1.0,0.33,0.0,5.0,1.0,COMPLETE,0.12538,0.09968,0.0,0.0,25076,0.67,0,0.12538,
news-source-strategies,RQ3,E3-reach-mitigation,informational_reach0_0_wom0,1019,INFORMATIONAL_CAMOUFLAGE,TRADITIONAL_MEDIA,FAKE_NEWS_SOURCE,1.0,-1.0,0.0,-1.0,0.33,0.0,5.0,1.0,COMPLETE,0.12487999999999999,0.12356,0.0,0.0,24976,0.6475,0,0.12487999999999999,
news-source-strategies,RQ3,E3-reach-mitigation,informational_reach0_0_wom0,1020,INFORMATIONAL_CAMOUFLAGE,TRADITIONAL_MEDIA,FAKE_NEWS_SOURCE,1.0,-1.0,0.0,-1.0,0.33,0.0,5.0,1.0,COMPLETE,0.13172999999999999,0.12958,0.0,0.0,26346,0.66,0,0.13172999999999999,
news-source-strategies,RQ3,E3-reach-mitigation,informational_reach0_0_wom0,1021,INFORMATIONAL_CAMOUFLAGE,TRADITIONAL_MEDIA,FAKE_NEWS_SOURCE,1.0,-1.0,0.0,-1.0,0.33,0.0,5.0,1.0,COMPLETE,0.137295,0.11676,0.0,0.0,27459,0.635,0,0.137295,
news-source-strategies,RQ3,E3-reach-mitigation,informational_reach0_0_wom0,1022,INFORMATIONAL_CAMOUFLAGE,TRADITIONAL_MEDIA,FAKE_NEWS_SOURCE,1.0,-1.0,0.0,-1.0,0.33,0.0,5.0,1.0,COMPLETE,0.128935,0.11584,0.0,0.0,25787,0.675,0,0.128935,
news-source-strategies,RQ3,E3-reach-mitigation,informational_reach0_0_wom0,1023,INFORMATIONAL_CAMOUFLAGE,TRADITIONAL_MEDIA,FAKE_NEWS_SOURCE,1.0,-1.0,0.0,-1.0,0.33,0.0,5.0,1.0,COMPLETE,0.12332,0.09812,0.0,0.0,24664,0.6525,0,0.12332,
news-source-strategies,RQ3,E3-reach-mitigation,informational_reach0_0_wom0,1024,INFORMATIONAL_CAMOUFLAGE,TRADITIONAL_MEDIA,FAKE_NEWS_SOURCE,1.0,-1.0,0.0,-1.0,0.33,0.0,5.0,1.0,COMPLETE,0.13225499999999998,0.1205,0.0,0.0,26451,0.6975,0,0.13225499999999998,
news-source-strategies,RQ3,E3-reach-mitigation,informational_reach0_0_wom0,1025,INFORMATIONAL_CAMOUFLAGE,TRADITIONAL_MEDIA,FAKE_NEWS_SOURCE,1.0,-1.0,0.0,-1.0,0.33,0.0,5.0,1.0,COMPLETE,0.152965,0.14058,0.0,0.0,30593,0.6875,0,0.152965,
news-source-strategies,RQ3,E3-reach-mitigation,informational_reach0_0_wom0,1026,INFORMATIONAL_CAMOUFLAGE,TRADITIONAL_MEDIA,FAKE_NEWS_SOURCE,1.0,-1.0,0.0,-1.0,0.33,0.0,5.0,1.0,COMPLETE,0.116625,0.13356,0.0,0.0,23325,0.67,0,0.116625,
news-source-strategies,RQ3,E3-reach-mitigation,informational_reach0_0_wom0,1027,INFORMATIONAL_CAMOUFLAGE,TRADITIONAL_MEDIA,FAKE_NEWS_SOURCE,1.0,-1.0,0.0,-1.0,0.33,0.0,5.0,1.0,COMPLETE,0.118095,0.1036,0.0,0.0,23619,0.645,0,0.118095,
news-source-strategies,RQ3,E3-reach-mitigation,informational_reach0_0_wom0,1028,INFORMATIONAL_CAMOUFLAGE,TRADITIONAL_MEDIA,FAKE_NEWS_SOURCE,1.0,-1.0,0.0,-1.0,0.33,0.0,5.0,1.0,COMPLETE,0.128885,0.13244,0.0,0.0,25777,0.6675,0,0.128885,
news-source-strategies,RQ3,E3-reach-mitigation,informational_reach0_0_wom0,1029,INFORMATIONAL_CAMOUFLAGE,TRADITIONAL_MEDIA,FAKE_NEWS_SOURCE,1.0,-1.0,0.0,-1.0,0.33,0.0,5.0,1.0,COMPLETE,0.144815,0.13948,0.0,0.0,28963,0.655,0,0.144815,
news-source-strategies,RQ3,E3-reach-mitigation,informational_reach0_0_wom0,1030,INFORMATIONAL_CAMOUFLAGE,TRADITIONAL_MEDIA,FAKE_NEWS_SOURCE,1.0,-1.0,0.0,-1.0,0.33,0.0,5.0,1.0,COMPLETE,0.14317500000000002,0.14931999999999998,0.0,0.0,28635,0.65,0,0.14317500000000002,
news-source-strategies,RQ3,E3-reach-mitigation,informational_reach0_0_wom1,1001,INFORMATIONAL_CAMOUFLAGE,TRADITIONAL_MEDIA,FAKE_NEWS_SOURCE,1.0,-1.0,0.0,-1.0,0.33,1.0,5.0,1.0,COMPLETE,0.081395,0.04206,0.0,0.0,16279,0.6975,0,0.081395,
news-source-strategies,RQ3,E3-reach-mitigation,informational_reach0_0_wom1,1002,INFORMATIONAL_CAMOUFLAGE,TRADITIONAL_MEDIA,FAKE_NEWS_SOURCE,1.0,-1.0,0.0,-1.0,0.33,1.0,5.0,1.0,COMPLETE,0.104645,0.1271,0.0,0.0,20929,0.635,0,0.104645,
news-source-strategies,RQ3,E3-reach-mitigation,informational_reach0_0_wom1,1003,INFORMATIONAL_CAMOUFLAGE,TRADITIONAL_MEDIA,FAKE_NEWS_SOURCE,1.0,-1.0,0.0,-1.0,0.33,1.0,5.0,1.0,COMPLETE,0.07745,0.062119999999999995,0.0,0.0,15490,0.6775,0,0.07745,
news-source-strategies,RQ3,E3-reach-mitigation,informational_reach0_0_wom1,1004,INFORMATIONAL_CAMOUFLAGE,TRADITIONAL_MEDIA,FAKE_NEWS_SOURCE,1.0,-1.0,0.0,-1.0,0.33,1.0,5.0,1.0,COMPLETE,0.106715,0.05236,0.0,0.0,21343,0.705,0,0.106715,
news-source-strategies,RQ3,E3-reach-mitigation,informational_reach0_0_wom1,1005,INFORMATIONAL_CAMOUFLAGE,TRADITIONAL_MEDIA,FAKE_NEWS_SOURCE,1.0,-1.0,0.0,-1.0,0.33,1.0,5.0,1.0,COMPLETE,0.09427500000000001,0.07392,0.0,0.0,18855,0.6475,0,0.09427500000000001,
news-source-strategies,RQ3,E3-reach-mitigation,informational_reach0_0_wom1,1006,INFORMATIONAL_CAMOUFLAGE,TRADITIONAL_MEDIA,FAKE_NEWS_SOURCE,1.0,-1.0,0.0,-1.0,0.33,1.0,5.0,1.0,COMPLETE,0.097955,0.09570000000000001,0.0,0.0,19591,0.635,0,0.097955,
news-source-strategies,RQ3,E3-reach-mitigation,informational_reach0_0_wom1,1007,INFORMATIONAL_CAMOUFLAGE,TRADITIONAL_MEDIA,FAKE_NEWS_SOURCE,1.0,-1.0,0.0,-1.0,0.33,1.0,5.0,1.0,COMPLETE,0.09189499999999999,0.09368000000000001,0.0,0.0,18379,0.6625,0,0.09189499999999999,
news-source-strategies,RQ3,E3-reach-mitigation,informational_reach0_0_wom1,1008,INFORMATIONAL_CAMOUFLAGE,TRADITIONAL_MEDIA,FAKE_NEWS_SOURCE,1.0,-1.0,0.0,-1.0,0.33,1.0,5.0,1.0,COMPLETE,0.09249500000000001,0.0965,0.0,0.0,18499,0.7075,0,0.09249500000000001,
news-source-strategies,RQ3,E3-reach-mitigation,informational_reach0_0_wom1,1009,INFORMATIONAL_CAMOUFLAGE,TRADITIONAL_MEDIA,FAKE_NEWS_SOURCE,1.0,-1.0,0.0,-1.0,0.33,1.0,5.0,1.0,COMPLETE,0.100255,0.08481999999999999,0.0,0.0,20051,0.665,0,0.100255,
news-source-strategies,RQ3,E3-reach-mitigation,informational_reach0_0_wom1,1010,INFORMATIONAL_CAMOUFLAGE,TRADITIONAL_MEDIA,FAKE_NEWS_SOURCE,1.0,-1.0,0.0,-1.0,0.33,1.0,5.0,1.0,COMPLETE,0.11016500000000001,0.07454000000000001,0.0,0.0,22033,0.6675,0,0.11016500000000001,
news-source-strategies,RQ3,E3-reach-mitigation,informational_reach0_0_wom1,1011,INFORMATIONAL_CAMOUFLAGE,TRADITIONAL_MEDIA,FAKE_NEWS_SOURCE,1.0,-1.0,0.0,-1.0,0.33,1.0,5.0,1.0,COMPLETE,0.11268,0.11544,0.0,0.0,22536,0.6525,0,0.11268,
news-source-strategies,RQ3,E3-reach-mitigation,informational_reach0_0_wom1,1012,INFORMATIONAL_CAMOUFLAGE,TRADITIONAL_MEDIA,FAKE_NEWS_SOURCE,1.0,-1.0,0.0,-1.0,0.33,1.0,5.0,1.0,COMPLETE,0.1123,0.08406,0.0,0.0,22460,0.675,0,0.1123,
news-source-strategies,RQ3,E3-reach-mitigation,informational_reach0_0_wom1,1013,INFORMATIONAL_CAMOUFLAGE,TRADITIONAL_MEDIA,FAKE_NEWS_SOURCE,1.0,-1.0,0.0,-1.0,0.33,1.0,5.0,1.0,COMPLETE,0.10502500000000001,0.10496,0.0,0.0,21005,0.705,0,0.10502500000000001,
news-source-strategies,RQ3,E3-reach-mitigation,informational_reach0_0_wom1,1014,INFORMATIONAL_CAMOUFLAGE,TRADITIONAL_MEDIA,FAKE_NEWS_SOURCE,1.0,-1.0,0.0,-1.0,0.33,1.0,5.0,1.0,COMPLETE,0.07889499999999999,0.06322,0.0,0.0,15779,0.6225,0,0.07889499999999999,
news-source-strategies,RQ3,E3-reach-mitigation,informational_reach0_0_wom1,1015,INFORMATIONAL_CAMOUFLAGE,TRADITIONAL_MEDIA,FAKE_NEWS_SOURCE,1.0,-1.0,0.0,-1.0,0.33,1.0,5.0,1.0,COMPLETE,0.08721,0.08272,0.0,0.0,17442,0.6575,0,0.08721,
news-source-strategies,RQ3,E3-reach-mitigation,informational_reach0_0_wom1,1016,INFORMATIONAL_CAMOUFLAGE,TRADITIONAL_MEDIA,FAKE_NEWS_SOURCE,1.0,-1.0,0.0,-1.0,0.33,1.0,5.0,1.0,COMPLETE,0.09486,0.11544,0.0,0.0,18972,0.6775,0,0.09486,
news-source-strategies,RQ3,E3-reach-mitigation,informational_reach0_0_wom1,1017,INFORMATIONAL_CAMOUFLAGE,TRADITIONAL_MEDIA,FAKE_NEWS_SOURCE,1.0,-1.0,0.0,-1.0,0.33,1.0,5.0,1.0,COMPLETE,0.08638,0.07492,0.0,0.0,17276,0.6675,0,0.08638,
news-source-strategies,RQ3,E3-reach-mitigation,informational_reach0_0_wom1,1018,INFORMATIONAL_CAMOUFLAGE,TRADITIONAL_MEDIA,FAKE_NEWS_SOURCE,1.0,-1.0,0.0,-1.0,0.33,1.0,5.0,1.0,COMPLETE,0.08665,0.16802,0.0,0.0,17330,0.68,0,0.08665,
news-source-strategies,RQ3,E3-reach-mitigation,informational_reach0_0_wom1,1019,INFORMATIONAL_CAMOUFLAGE,TRADITIONAL_MEDIA,FAKE_NEWS_SOURCE,1.0,-1.0,0.0,-1.0,0.33,1.0,5.0,1.0,COMPLETE,0.123765,0.14568,0.0,0.0,24753,0.64,0,0.123765,
news-source-strategies,RQ3,E3-reach-mitigation,informational_reach0_0_wom1,1020,INFORMATIONAL_CAMOUFLAGE,TRADITIONAL_MEDIA,FAKE_NEWS_SOURCE,1.0,-1.0,0.0,-1.0,0.33,1.0,5.0,1.0,COMPLETE,0.08592,0.07286,0.0,0.0,17184,0.6825,0,0.08592,
news-source-strategies,RQ3,E3-reach-mitigation,informational_reach0_0_wom1,1021,INFORMATIONAL_CAMOUFLAGE,TRADITIONAL_MEDIA,FAKE_NEWS_SOURCE,1.0,-1.0,0.0,-1.0,0.33,1.0,5.0,1.0,COMPLETE,0.097565,0.10506,0.0,0.0,19513,0.6625,0,0.097565,
news-source-strategies,RQ3,E3-reach-mitigation,informational_reach0_0_wom1,1022,INFORMATIONAL_CAMOUFLAGE,TRADITIONAL_MEDIA,FAKE_NEWS_SOURCE,1.0,-1.0,0.0,-1.0,0.33,1.0,5.0,1.0,COMPLETE,0.09381999999999999,0.10402,0.0,0.0,18764,0.685,0,0.09381999999999999,
news-source-strategies,RQ3,E3-reach-mitigation,informational_reach0_0_wom1,1023,INFORMATIONAL_CAMOUFLAGE,TRADITIONAL_MEDIA,FAKE_NEWS_SOURCE,1.0,-1.0,0.0,-1.0,0.33,1.0,5.0,1.0,COMPLETE,0.09620999999999999,0.08362,0.0,0.0,19242,0.6875,0,0.09620999999999999,
news-source-strategies,RQ3,E3-reach-mitigation,informational_reach0_0_wom1,1024,INFORMATIONAL_CAMOUFLAGE,TRADITIONAL_MEDIA,FAKE_NEWS_SOURCE,1.0,-1.0,0.0,-1.0,0.33,1.0,5.0,1.0,COMPLETE,0.11097,0.11886,0.0,0.0,22194,0.6825,0,0.11097,
news-source-strategies,RQ3,E3-reach-mitigation,informational_reach0_0_wom1,1025,INFORMATIONAL_CAMOUFLAGE,TRADITIONAL_MEDIA,FAKE_NEWS_SOURCE,1.0,-1.0,0.0,-1.0,0.33,1.0,5.0,1.0,COMPLETE,0.08115,0.05114,0.0,0.0,16230,0.6875,0,0.08115,
news-source-strategies,RQ3,E3-reach-mitigation,informational_reach0_0_wom1,1026,INFORMATIONAL_CAMOUFLAGE,TRADITIONAL_MEDIA,FAKE_NEWS_SOURCE,1.0,-1.0,0.0,-1.0,0.33,1.0,5.0,1.0,COMPLETE,0.092345,0.10326,0.0,0.0,18469,0.6575,0,0.092345,
news-source-strategies,RQ3,E3-reach-mitigation,informational_reach0_0_wom1,1027,INFORMATIONAL_CAMOUFLAGE,TRADITIONAL_MEDIA,FAKE_NEWS_SOURCE,1.0,-1.0,0.0,-1.0,0.33,1.0,5.0,1.0,COMPLETE,0.08834,0.12494,0.0,0.0,17668,0.6975,0,0.08834,
news-source-strategies,RQ3,E3-reach-mitigation,informational_reach0_0_wom1,1028,INFORMATIONAL_CAMOUFLAGE,TRADITIONAL_MEDIA,FAKE_NEWS_SOURCE,1.0,-1.0,0.0,-1.0,0.33,1.0,5.0,1.0,COMPLETE,0.093785,0.10224,0.0,0.0,18757,0.665,0,0.093785,
news-source-strategies,RQ3,E3-reach-mitigation,informational_reach0_0_wom1,1029,INFORMATIONAL_CAMOUFLAGE,TRADITIONAL_MEDIA,FAKE_NEWS_SOURCE,1.0,-1.0,0.0,-1.0,0.33,1.0,5.0,1.0,COMPLETE,0.08665,0.04228,0.0,0.0,17330,0.7,0,0.08665,
news-source-strategies,RQ3,E3-reach-mitigation,informational_reach0_0_wom1,1030,INFORMATIONAL_CAMOUFLAGE,TRADITIONAL_MEDIA,FAKE_NEWS_SOURCE,1.0,-1.0,0.0,-1.0,0.33,1.0,5.0,1.0,COMPLETE,0.09734000000000001,0.12724,0.0,0.0,19468,0.7025,0,0.09734000000000001,
news-source-strategies,RQ4,E4-sensitivity-robustness,control_c3_window25,1001,NONE,,,,,,25.0,-1.0,1.0,3.0,1.0,COMPLETE,0.139935,0.0959,0.004285,2e-05,27987,0.63,258,0.139935,
news-source-strategies,RQ4,E4-sensitivity-robustness,control_c3_window25,1002,NONE,,,,,,25.0,-1.0,1.0,3.0,1.0,COMPLETE,0.13476,0.11134000000000001,0.004575,0.0,26952,0.715,289,0.13476,
news-source-strategies,RQ4,E4-sensitivity-robustness,control_c3_window25,1003,NONE,,,,,,25.0,-1.0,1.0,3.0,1.0,COMPLETE,0.14244,0.10736,0.00415,0.0,28488,0.6975,270,0.14244,
news-source-strategies,RQ4,E4-sensitivity-robustness,control_c3_window25,1004,NONE,,,,,,25.0,-1.0,1.0,3.0,1.0,COMPLETE,0.129995,0.09708,0.00391,0.0,25999,0.64,255,0.129995,
news-source-strategies,RQ4,E4-sensitivity-robustness,control_c3_window25,1005,NONE,,,,,,25.0,-1.0,1.0,3.0,1.0,COMPLETE,0.14025,0.06986,0.00497,0.0,28050,0.6925,273,0.14025,
news-source-strategies,RQ4,E4-sensitivity-robustness,control_c3_window25,1006,NONE,,,,,,25.0,-1.0,1.0,3.0,1.0,COMPLETE,0.110545,0.0973,0.004645,0.0,22109,0.705,261,0.110545,
news-source-strategies,RQ4,E4-sensitivity-robustness,control_c3_window25,1007,NONE,,,,,,25.0,-1.0,1.0,3.0,1.0,COMPLETE,0.12192499999999999,0.068,0.004215,0.0,24385,0.685,261,0.12192499999999999,
news-source-strategies,RQ4,E4-sensitivity-robustness,control_c3_window25,1008,NONE,,,,,,25.0,-1.0,1.0,3.0,1.0,COMPLETE,0.12417,0.10582,0.004345,0.0,24834,0.64,270,0.12417,
news-source-strategies,RQ4,E4-sensitivity-robustness,control_c3_window25,1009,NONE,,,,,,25.0,-1.0,1.0,3.0,1.0,COMPLETE,0.146215,0.13526,0.004615,0.0,29243,0.595,267,0.146215,
news-source-strategies,RQ4,E4-sensitivity-robustness,control_c3_window25,1010,NONE,,,,,,25.0,-1.0,1.0,3.0,1.0,COMPLETE,0.13753,0.08444,0.00442,0.0,27506,0.71,268,0.13753,
news-source-strategies,RQ4,E4-sensitivity-robustness,control_c3_window25,1011,NONE,,,,,,25.0,-1.0,1.0,3.0,1.0,COMPLETE,0.11008499999999999,0.05198,0.00491,0.0,22017,0.6375,260,0.11008499999999999,
news-source-strategies,RQ4,E4-sensitivity-robustness,control_c3_window25,1012,NONE,,,,,,25.0,-1.0,1.0,3.0,1.0,COMPLETE,0.15997999999999998,0.20152,0.004325,0.0,31996,0.64,273,0.15997999999999998,
news-source-strategies,RQ4,E4-sensitivity-robustness,control_c3_window25,1013,NONE,,,,,,25.0,-1.0,1.0,3.0,1.0,COMPLETE,0.143165,0.10578,0.0045650000000000005,0.0,28633,0.67,275,0.143165,
news-source-strategies,RQ4,E4-sensitivity-robustness,control_c3_window25,1014,NONE,,,,,,25.0,-1.0,1.0,3.0,1.0,COMPLETE,0.115375,0.10588,0.00393,0.0,23075,0.6825,271,0.115375,
news-source-strategies,RQ4,E4-sensitivity-robustness,control_c3_window25,1015,NONE,,,,,,25.0,-1.0,1.0,3.0,1.0,COMPLETE,0.12742,0.0886,0.005095,0.0,25484,0.6375,275,0.12742,
news-source-strategies,RQ4,E4-sensitivity-robustness,credibility_c3_window25,1001,CREDIBILITY_CAMOUFLAGE,TRADITIONAL_MEDIA,FAKE_NEWS_SOURCE,1.0,-1.0,,25.0,-1.0,1.0,3.0,1.0,COMPLETE,0.1415,0.09572,0.007755,2e-05,28300,0.63,263,0.1415,
news-source-strategies,RQ4,E4-sensitivity-robustness,credibility_c3_window25,1002,CREDIBILITY_CAMOUFLAGE,TRADITIONAL_MEDIA,FAKE_NEWS_SOURCE,1.0,-1.0,,25.0,-1.0,1.0,3.0,1.0,COMPLETE,0.13591,0.1113,0.006105,0.0,27182,0.715,285,0.13591,
news-source-strategies,RQ4,E4-sensitivity-robustness,credibility_c3_window25,1003,CREDIBILITY_CAMOUFLAGE,TRADITIONAL_MEDIA,FAKE_NEWS_SOURCE,1.0,-1.0,,25.0,-1.0,1.0,3.0,1.0,COMPLETE,0.14261000000000001,0.10565999999999999,0.006825,0.0,28522,0.6975,271,0.14261000000000001,
news-source-strategies,RQ4,E4-sensitivity-robustness,credibility_c3_window25,1004,CREDIBILITY_CAMOUFLAGE,TRADITIONAL_MEDIA,FAKE_NEWS_SOURCE,1.0,-1.0,,25.0,-1.0,1.0,3.0,1.0,COMPLETE,0.13203,0.09692,0.00662,0.0,26406,0.64,257,0.13203,
news-source-strategies,RQ4,E4-sensitivity-robustness,credibility_c3_window25,1005,CREDIBILITY_CAMOUFLAGE,TRADITIONAL_MEDIA,FAKE_NEWS_SOURCE,1.0,-1.0,,25.0,-1.0,1.0,3.0,1.0,COMPLETE,0.141875,0.07,0.00785,0.0,28375,0.6925,270,0.141875,
news-source-strategies,RQ4,E4-sensitivity-robustness,credibility_c3_window25,1006,CREDIBILITY_CAMOUFLAGE,TRADITIONAL_MEDIA,FAKE_NEWS_SOURCE,1.0,-1.0,,25.0,-1.0,1.0,3.0,1.0,COMPLETE,0.11209999999999999,0.09704,0.006974999999999999,0.0,22420,0.705,259,0.11209999999999999,
news-source-strategies,RQ4,E4-sensitivity-robustness,credibility_c3_window25,1007,CREDIBILITY_CAMOUFLAGE,TRADITIONAL_MEDIA,FAKE_NEWS_SOURCE,1.0,-1.0,,25.0,-1.0,1.0,3.0,1.0,COMPLETE,0.12344,0.06784,0.006849999999999999,0.0,24688,0.685,261,0.12344,
news-source-strategies,RQ4,E4-sensitivity-robustness,credibility_c3_window25,1008,CREDIBILITY_CAMOUFLAGE,TRADITIONAL_MEDIA,FAKE_NEWS_SOURCE,1.0,-1.0,,25.0,-1.0,1.0,3.0,1.0,COMPLETE,0.125445,0.1056,0.00707,0.0,25089,0.64,271,0.125445,
news-source-strategies,RQ4,E4-sensitivity-robustness,credibility_c3_window25,1009,CREDIBILITY_CAMOUFLAGE,TRADITIONAL_MEDIA,FAKE_NEWS_SOURCE,1.0,-1.0,,25.0,-1.0,1.0,3.0,1.0,COMPLETE,0.14805500000000002,0.13584000000000002,0.0066500000000000005,0.0,29611,0.595,266,0.14805500000000002,
news-source-strategies,RQ4,E4-sensitivity-robustness,credibility_c3_window25,1010,CREDIBILITY_CAMOUFLAGE,TRADITIONAL_MEDIA,FAKE_NEWS_SOURCE,1.0,-1.0,,25.0,-1.0,1.0,3.0,1.0,COMPLETE,0.13858,0.08436,0.006634999999999999,0.0,27716,0.71,269,0.13858,
news-source-strategies,RQ4,E4-sensitivity-robustness,credibility_c3_window25,1011,CREDIBILITY_CAMOUFLAGE,TRADITIONAL_MEDIA,FAKE_NEWS_SOURCE,1.0,-1.0,,25.0,-1.0,1.0,3.0,1.0,COMPLETE,0.11144,0.0518,0.008154999999999999,0.0,22288,0.6375,259,0.11144,
news-source-strategies,RQ4,E4-sensitivity-robustness,credibility_c3_window25,1012,CREDIBILITY_CAMOUFLAGE,TRADITIONAL_MEDIA,FAKE_NEWS_SOURCE,1.0,-1.0,,25.0,-1.0,1.0,3.0,1.0,COMPLETE,0.161725,0.2019,0.006695,0.0,32345,0.64,272,0.161725,
news-source-strategies,RQ4,E4-sensitivity-robustness,credibility_c3_window25,1013,CREDIBILITY_CAMOUFLAGE,TRADITIONAL_MEDIA,FAKE_NEWS_SOURCE,1.0,-1.0,,25.0,-1.0,1.0,3.0,1.0,COMPLETE,0.146215,0.10665999999999999,0.007435,0.0,29243,0.67,280,0.146215,
news-source-strategies,RQ4,E4-sensitivity-robustness,credibility_c3_window25,1014,CREDIBILITY_CAMOUFLAGE,TRADITIONAL_MEDIA,FAKE_NEWS_SOURCE,1.0,-1.0,,25.0,-1.0,1.0,3.0,1.0,COMPLETE,0.116185,0.10558,0.006945000000000001,0.0,23237,0.6825,274,0.116185,
news-source-strategies,RQ4,E4-sensitivity-robustness,credibility_c3_window25,1015,CREDIBILITY_CAMOUFLAGE,TRADITIONAL_MEDIA,FAKE_NEWS_SOURCE,1.0,-1.0,,25.0,-1.0,1.0,3.0,1.0,COMPLETE,0.12843000000000002,0.08806,0.00861,0.0,25686,0.6375,280,0.12843000000000002,
news-source-strategies,RQ4,E4-sensitivity-robustness,control_c3_half0_33,1001,NONE,,,,,,-1.0,0.33,1.0,3.0,1.0,COMPLETE,0.102375,0.08716,0.01305,0.004940000000000001,20475,0.63,463,0.102375,
news-source-strategies,RQ4,E4-sensitivity-robustness,control_c3_half0_33,1002,NONE,,,,,,-1.0,0.33,1.0,3.0,1.0,COMPLETE,0.105945,0.11404,0.009625,0.009439999999999999,21189,0.715,437,0.105945,
news-source-strategies,RQ4,E4-sensitivity-robustness,control_c3_half0_33,1003,NONE,,,,,,-1.0,0.33,1.0,3.0,1.0,COMPLETE,0.117855,0.10718000000000001,0.011755000000000002,0.0063,23571,0.6975,451,0.117855,
news-source-strategies,RQ4,E4-sensitivity-robustness,control_c3_half0_33,1004,NONE,,,,,,-1.0,0.33,1.0,3.0,1.0,COMPLETE,0.098475,0.09864,0.011965,0.00666,19695,0.64,461,0.098475,
news-source-strategies,RQ4,E4-sensitivity-robustness,control_c3_half0_33,1005,NONE,,,,,,-1.0,0.33,1.0,3.0,1.0,COMPLETE,0.10411,0.06872,0.01076,0.004940000000000001,20822,0.6925,447,0.10411,
news-source-strategies,RQ4,E4-sensitivity-robustness,control_c3_half0_33,1006,NONE,,,,,,-1.0,0.33,1.0,3.0,1.0,COMPLETE,0.07948999999999999,0.0975,0.00619,0.0052,15898,0.705,375,0.07948999999999999,
news-source-strategies,RQ4,E4-sensitivity-robustness,control_c3_half0_33,1007,NONE,,,,,,-1.0,0.33,1.0,3.0,1.0,COMPLETE,0.08522,0.06426000000000001,0.007405,0.00332,17044,0.685,391,0.08522,
news-source-strategies,RQ4,E4-sensitivity-robustness,control_c3_half0_33,1008,NONE,,,,,,-1.0,0.33,1.0,3.0,1.0,COMPLETE,0.09176999999999999,0.10837999999999999,0.009375,0.00694,18354,0.64,432,0.09176999999999999,
news-source-strategies,RQ4,E4-sensitivity-robustness,control_c3_half0_33,1009,NONE,,,,,,-1.0,0.33,1.0,3.0,1.0,COMPLETE,0.12994999999999998,0.14462,0.019965,0.01486,25990,0.595,494,0.12994999999999998,
news-source-strategies,RQ4,E4-sensitivity-robustness,control_c3_half0_33,1010,NONE,,,,,,-1.0,0.33,1.0,3.0,1.0,COMPLETE,0.117265,0.08786,0.013054999999999999,0.00622,23453,0.71,465,0.117265,
news-source-strategies,RQ4,E4-sensitivity-robustness,control_c3_half0_33,1011,NONE,,,,,,-1.0,0.33,1.0,3.0,1.0,COMPLETE,0.077685,0.0435,0.00901,0.0028599999999999997,15537,0.6375,432,0.077685,
news-source-strategies,RQ4,E4-sensitivity-robustness,control_c3_half0_33,1012,NONE,,,,,,-1.0,0.33,1.0,3.0,1.0,COMPLETE,0.14361500000000002,0.22146000000000002,0.019635000000000003,0.03694,28723,0.64,488,0.14361500000000002,
news-source-strategies,RQ4,E4-sensitivity-robustness,control_c3_half0_33,1013,NONE,,,,,,-1.0,0.33,1.0,3.0,1.0,COMPLETE,0.116405,0.11123999999999999,0.017329999999999998,0.0095,23281,0.67,489,0.116405,
news-source-strategies,RQ4,E4-sensitivity-robustness,control_c3_half0_33,1014,NONE,,,,,,-1.0,0.33,1.0,3.0,1.0,COMPLETE,0.08394499999999999,0.11126000000000001,0.01031,0.00714,16789,0.6825,449,0.08394499999999999,
news-source-strategies,RQ4,E4-sensitivity-robustness,control_c3_half0_33,1015,NONE,,,,,,-1.0,0.33,1.0,3.0,1.0,COMPLETE,0.107435,0.08674,0.012895,0.00514,21487,0.6375,480,0.107435,
news-source-strategies,RQ4,E4-sensitivity-robustness,credibility_c3_half0_33,1001,CREDIBILITY_CAMOUFLAGE,TRADITIONAL_MEDIA,FAKE_NEWS_SOURCE,1.0,-1.0,,-1.0,0.33,1.0,3.0,1.0,COMPLETE,0.102455,0.08654,0.013484999999999999,0.004900000000000001,20491,0.63,473,0.102455,
news-source-strategies,RQ4,E4-sensitivity-robustness,credibility_c3_half0_33,1002,CREDIBILITY_CAMOUFLAGE,TRADITIONAL_MEDIA,FAKE_NEWS_SOURCE,1.0,-1.0,,-1.0,0.33,1.0,3.0,1.0,COMPLETE,0.105685,0.11462,0.00965,0.009880000000000002,21137,0.715,439,0.105685,
news-source-strategies,RQ4,E4-sensitivity-robustness,credibility_c3_half0_33,1003,CREDIBILITY_CAMOUFLAGE,TRADITIONAL_MEDIA,FAKE_NEWS_SOURCE,1.0,-1.0,,-1.0,0.33,1.0,3.0,1.0,COMPLETE,0.117205,0.107,0.011545,0.0063,23441,0.6975,454,0.117205,
news-source-strategies,RQ4,E4-sensitivity-robustness,credibility_c3_half0_33,1004,CREDIBILITY_CAMOUFLAGE,TRADITIONAL_MEDIA,FAKE_NEWS_SOURCE,1.0,-1.0,,-1.0,0.33,1.0,3.0,1.0,COMPLETE,0.09859,0.09862,0.01247,0.00694,19718,0.64,464,0.09859,
news-source-strategies,RQ4,E4-sensitivity-robustness,credibility_c3_half0_33,1005,CREDIBILITY_CAMOUFLAGE,TRADITIONAL_MEDIA,FAKE_NEWS_SOURCE,1.0,-1.0,,-1.0,0.33,1.0,3.0,1.0,COMPLETE,0.10377,0.06812,0.0109,0.00462,20754,0.6925,449,0.10377,
news-source-strategies,RQ4,E4-sensitivity-robustness,credibility_c3_half0_33,1006,CREDIBILITY_CAMOUFLAGE,TRADITIONAL_MEDIA,FAKE_NEWS_SOURCE,1.0,-1.0,,-1.0,0.33,1.0,3.0,1.0,COMPLETE,0.07933,0.09745999999999999,0.006425,0.0058,15866,0.705,380,0.07933,
news-source-strategies,RQ4,E4-sensitivity-robustness,credibility_c3_half0_33,1007,CREDIBILITY_CAMOUFLAGE,TRADITIONAL_MEDIA,FAKE_NEWS_SOURCE,1.0,-1.0,,-1.0,0.33,1.0,3.0,1.0,COMPLETE,0.084925,0.06423999999999999,0.00756,0.0034,16985,0.685,395,0.084925,
news-source-strategies,RQ4,E4-sensitivity-robustness,credibility_c3_half0_33,1008,CREDIBILITY_CAMOUFLAGE,TRADITIONAL_MEDIA,FAKE_NEWS_SOURCE,1.0,-1.0,,-1.0,0.33,1.0,3.0,1.0,COMPLETE,0.09194,0.10892,0.010135,0.008119999999999999,18388,0.64,431,0.09194,
news-source-strategies,RQ4,E4-sensitivity-robustness,credibility_c3_half0_33,1009,CREDIBILITY_CAMOUFLAGE,TRADITIONAL_MEDIA,FAKE_NEWS_SOURCE,1.0,-1.0,,-1.0,0.33,1.0,3.0,1.0,COMPLETE,0.13021000000000002,0.1443,0.021525,0.01486,26042,0.595,497,0.13021000000000002,
news-source-strategies,RQ4,E4-sensitivity-robustness,credibility_c3_half0_33,1010,CREDIBILITY_CAMOUFLAGE,TRADITIONAL_MEDIA,FAKE_NEWS_SOURCE,1.0,-1.0,,-1.0,0.33,1.0,3.0,1.0,COMPLETE,0.11667,0.08746,0.013545,0.00632,23334,0.71,469,0.11667,
news-source-strategies,RQ4,E4-sensitivity-robustness,credibility_c3_half0_33,1011,CREDIBILITY_CAMOUFLAGE,TRADITIONAL_MEDIA,FAKE_NEWS_SOURCE,1.0,-1.0,,-1.0,0.33,1.0,3.0,1.0,COMPLETE,0.07792,0.04368,0.009155,0.00294,15584,0.6375,438,0.07792,
news-source-strategies,RQ4,E4-sensitivity-robustness,credibility_c3_half0_33,1012,CREDIBILITY_CAMOUFLAGE,TRADITIONAL_MEDIA,FAKE_NEWS_SOURCE,1.0,-1.0,,-1.0,0.33,1.0,3.0,1.0,COMPLETE,0.14349,0.22225999999999999,0.020315,0.03932,28698,0.64,494,0.14349,
news-source-strategies,RQ4,E4-sensitivity-robustness,credibility_c3_half0_33,1013,CREDIBILITY_CAMOUFLAGE,TRADITIONAL_MEDIA,FAKE_NEWS_SOURCE,1.0,-1.0,,-1.0,0.33,1.0,3.0,1.0,COMPLETE,0.115875,0.11156,0.017685,0.01016,23175,0.67,486,0.115875,
news-source-strategies,RQ4,E4-sensitivity-robustness,credibility_c3_half0_33,1014,CREDIBILITY_CAMOUFLAGE,TRADITIONAL_MEDIA,FAKE_NEWS_SOURCE,1.0,-1.0,,-1.0,0.33,1.0,3.0,1.0,COMPLETE,0.084015,0.11186,0.01078,0.008,16803,0.6825,460,0.084015,
news-source-strategies,RQ4,E4-sensitivity-robustness,credibility_c3_half0_33,1015,CREDIBILITY_CAMOUFLAGE,TRADITIONAL_MEDIA,FAKE_NEWS_SOURCE,1.0,-1.0,,-1.0,0.33,1.0,3.0,1.0,COMPLETE,0.1077,0.08618,0.013640000000000001,0.00492,21540,0.6375,478,0.1077,
news-source-strategies,RQ4,E4-sensitivity-robustness,control_c3_half1,1001,NONE,,,,,,-1.0,1.0,1.0,3.0,1.0,COMPLETE,0.100705,0.08,0.005035,0.0,20141,0.63,261,0.100705,
news-source-strategies,RQ4,E4-sensitivity-robustness,control_c3_half1,1002,NONE,,,,,,-1.0,1.0,1.0,3.0,1.0,COMPLETE,0.10776000000000001,0.11,0.00447,0.0,21552,0.715,266,0.10776000000000001,
news-source-strategies,RQ4,E4-sensitivity-robustness,control_c3_half1,1003,NONE,,,,,,-1.0,1.0,1.0,3.0,1.0,COMPLETE,0.116485,0.1,0.004965,0.0,23297,0.6975,273,0.116485,
news-source-strategies,RQ4,E4-sensitivity-robustness,control_c3_half1,1004,NONE,,,,,,-1.0,1.0,1.0,3.0,1.0,COMPLETE,0.100065,0.09,0.00619,0.0,20013,0.64,310,0.100065,
news-source-strategies,RQ4,E4-sensitivity-robustness,control_c3_half1,1005,NONE,,,,,,-1.0,1.0,1.0,3.0,1.0,COMPLETE,0.10481,0.06,0.006045,0.0,20962,0.6925,295,0.10481,
news-source-strategies,RQ4,E4-sensitivity-robustness,control_c3_half1,1006,NONE,,,,,,-1.0,1.0,1.0,3.0,1.0,COMPLETE,0.080165,0.09,0.00296,0.0,16033,0.705,192,0.080165,
news-source-strategies,RQ4,E4-sensitivity-robustness,control_c3_half1,1007,NONE,,,,,,-1.0,1.0,1.0,3.0,1.0,COMPLETE,0.08724,0.06,0.003725,0.0,17448,0.685,217,0.08724,
news-source-strategies,RQ4,E4-sensitivity-robustness,control_c3_half1,1008,NONE,,,,,,-1.0,1.0,1.0,3.0,1.0,COMPLETE,0.09107,0.1,0.00375,0.0,18214,0.64,232,0.09107,
news-source-strategies,RQ4,E4-sensitivity-robustness,control_c3_half1,1009,NONE,,,,,,-1.0,1.0,1.0,3.0,1.0,COMPLETE,0.11879,0.13004,0.00704,0.0,23758,0.595,333,0.11879,
news-source-strategies,RQ4,E4-sensitivity-robustness,control_c3_half1,1010,NONE,,,,,,-1.0,1.0,1.0,3.0,1.0,COMPLETE,0.11315,0.08,0.004625,0.0,22630,0.71,247,0.11315,
news-source-strategies,RQ4,E4-sensitivity-robustness,control_c3_half1,1011,NONE,,,,,,-1.0,1.0,1.0,3.0,1.0,COMPLETE,0.0762,0.04,0.00428,0.0,15240,0.6375,238,0.0762,
news-source-strategies,RQ4,E4-sensitivity-robustness,control_c3_half1,1012,NONE,,,,,,-1.0,1.0,1.0,3.0,1.0,COMPLETE,0.13426,0.2,0.003005,0.0,26852,0.64,194,0.13426,
news-source-strategies,RQ4,E4-sensitivity-robustness,control_c3_half1,1013,NONE,,,,,,-1.0,1.0,1.0,3.0,1.0,COMPLETE,0.11013500000000001,0.1,0.006900000000000001,0.0,22027,0.67,324,0.11013500000000001,
news-source-strategies,RQ4,E4-sensitivity-robustness,control_c3_half1,1014,NONE,,,,,,-1.0,1.0,1.0,3.0,1.0,COMPLETE,0.08459,0.1,0.00546,0.0,16918,0.6825,290,0.08459,
news-source-strategies,RQ4,E4-sensitivity-robustness,control_c3_half1,1015,NONE,,,,,,-1.0,1.0,1.0,3.0,1.0,COMPLETE,0.105985,0.08,0.006175,0.0,21197,0.6375,303,0.105985,
news-source-strategies,RQ4,E4-sensitivity-robustness,credibility_c3_half1,1001,CREDIBILITY_CAMOUFLAGE,TRADITIONAL_MEDIA,FAKE_NEWS_SOURCE,1.0,-1.0,,-1.0,1.0,1.0,3.0,1.0,COMPLETE,0.10211,0.08,0.0071600000000000006,0.0,20422,0.63,287,0.10211,
news-source-strategies,RQ4,E4-sensitivity-robustness,credibility_c3_half1,1002,CREDIBILITY_CAMOUFLAGE,TRADITIONAL_MEDIA,FAKE_NEWS_SOURCE,1.0,-1.0,,-1.0,1.0,1.0,3.0,1.0,COMPLETE,0.10742,0.11,0.005415,0.0,21484,0.715,271,0.10742,
news-source-strategies,RQ4,E4-sensitivity-robustness,credibility_c3_half1,1003,CREDIBILITY_CAMOUFLAGE,TRADITIONAL_MEDIA,FAKE_NEWS_SOURCE,1.0,-1.0,,-1.0,1.0,1.0,3.0,1.0,COMPLETE,0.117435,0.1,0.006835,0.0,23487,0.6975,288,0.117435,
news-source-strategies,RQ4,E4-sensitivity-robustness,credibility_c3_half1,1004,CREDIBILITY_CAMOUFLAGE,TRADITIONAL_MEDIA,FAKE_NEWS_SOURCE,1.0,-1.0,,-1.0,1.0,1.0,3.0,1.0,COMPLETE,0.098955,0.09,0.007615,0.0,19791,0.64,301,0.098955,
news-source-strategies,RQ4,E4-sensitivity-robustness,credibility_c3_half1,1005,CREDIBILITY_CAMOUFLAGE,TRADITIONAL_MEDIA,FAKE_NEWS_SOURCE,1.0,-1.0,,-1.0,1.0,1.0,3.0,1.0,COMPLETE,0.105245,0.06,0.00797,0.0,21049,0.6925,304,0.105245,
news-source-strategies,RQ4,E4-sensitivity-robustness,credibility_c3_half1,1006,CREDIBILITY_CAMOUFLAGE,TRADITIONAL_MEDIA,FAKE_NEWS_SOURCE,1.0,-1.0,,-1.0,1.0,1.0,3.0,1.0,COMPLETE,0.08099500000000001,0.09,0.003925,0.0,16199,0.705,204,0.08099500000000001,
news-source-strategies,RQ4,E4-sensitivity-robustness,credibility_c3_half1,1007,CREDIBILITY_CAMOUFLAGE,TRADITIONAL_MEDIA,FAKE_NEWS_SOURCE,1.0,-1.0,,-1.0,1.0,1.0,3.0,1.0,COMPLETE,0.08821999999999999,0.06,0.004595,0.0,17644,0.685,244,0.08821999999999999,
news-source-strategies,RQ4,E4-sensitivity-robustness,credibility_c3_half1,1008,CREDIBILITY_CAMOUFLAGE,TRADITIONAL_MEDIA,FAKE_NEWS_SOURCE,1.0,-1.0,,-1.0,1.0,1.0,3.0,1.0,COMPLETE,0.09212999999999999,0.1,0.00529,0.0,18426,0.64,253,0.09212999999999999,
news-source-strategies,RQ4,E4-sensitivity-robustness,credibility_c3_half1,1009,CREDIBILITY_CAMOUFLAGE,TRADITIONAL_MEDIA,FAKE_NEWS_SOURCE,1.0,-1.0,,-1.0,1.0,1.0,3.0,1.0,COMPLETE,0.11873,0.13004,0.009045,0.0,23746,0.595,338,0.11873,
news-source-strategies,RQ4,E4-sensitivity-robustness,credibility_c3_half1,1010,CREDIBILITY_CAMOUFLAGE,TRADITIONAL_MEDIA,FAKE_NEWS_SOURCE,1.0,-1.0,,-1.0,1.0,1.0,3.0,1.0,COMPLETE,0.11324,0.08,0.00504,0.0,22648,0.71,258,0.11324,
news-source-strategies,RQ4,E4-sensitivity-robustness,credibility_c3_half1,1011,CREDIBILITY_CAMOUFLAGE,TRADITIONAL_MEDIA,FAKE_NEWS_SOURCE,1.0,-1.0,,-1.0,1.0,1.0,3.0,1.0,COMPLETE,0.0767,0.04,0.004955,0.0,15340,0.6375,254,0.0767,
news-source-strategies,RQ4,E4-sensitivity-robustness,credibility_c3_half1,1012,CREDIBILITY_CAMOUFLAGE,TRADITIONAL_MEDIA,FAKE_NEWS_SOURCE,1.0,-1.0,,-1.0,1.0,1.0,3.0,1.0,COMPLETE,0.134575,0.2,0.0037,0.0,26915,0.64,198,0.134575,
news-source-strategies,RQ4,E4-sensitivity-robustness,credibility_c3_half1,1013,CREDIBILITY_CAMOUFLAGE,TRADITIONAL_MEDIA,FAKE_NEWS_SOURCE,1.0,-1.0,,-1.0,1.0,1.0,3.0,1.0,COMPLETE,0.11005,0.1,0.00898,0.0,22010,0.67,343,0.11005,
news-source-strategies,RQ4,E4-sensitivity-robustness,credibility_c3_half1,1014,CREDIBILITY_CAMOUFLAGE,TRADITIONAL_MEDIA,FAKE_NEWS_SOURCE,1.0,-1.0,,-1.0,1.0,1.0,3.0,1.0,COMPLETE,0.084805,0.1,0.006615,0.0,16961,0.6825,294,0.084805,
news-source-strategies,RQ4,E4-sensitivity-robustness,credibility_c3_half1,1015,CREDIBILITY_CAMOUFLAGE,TRADITIONAL_MEDIA,FAKE_NEWS_SOURCE,1.0,-1.0,,-1.0,1.0,1.0,3.0,1.0,COMPLETE,0.10632,0.08,0.008465,0.0,21264,0.6375,312,0.10632,
news-source-strategies,RQ4,E4-sensitivity-robustness,control_c3_half5,1001,NONE,,,,,,-1.0,5.0,1.0,3.0,1.0,COMPLETE,0.12181,0.0834,0.003455,5.9999999999999995e-05,24362,0.63,237,0.12181,
news-source-strategies,RQ4,E4-sensitivity-robustness,control_c3_half5,1002,NONE,,,,,,-1.0,5.0,1.0,3.0,1.0,COMPLETE,0.12229999999999999,0.11066,0.0042450000000000005,0.00017999999999999998,24460,0.715,245,0.12229999999999999,
news-source-strategies,RQ4,E4-sensitivity-robustness,control_c3_half5,1003,NONE,,,,,,-1.0,5.0,1.0,3.0,1.0,COMPLETE,0.12879,0.10146,0.003525,0.00035999999999999997,25758,0.6975,229,0.12879,
news-source-strategies,RQ4,E4-sensitivity-robustness,control_c3_half5,1004,NONE,,,,,,-1.0,5.0,1.0,3.0,1.0,COMPLETE,0.11579,0.09124,0.003435,0.00011999999999999999,23158,0.64,216,0.11579,
news-source-strategies,RQ4,E4-sensitivity-robustness,control_c3_half5,1005,NONE,,,,,,-1.0,5.0,1.0,3.0,1.0,COMPLETE,0.125245,0.06288,0.004445,0.00046,25049,0.6925,249,0.125245,
news-source-strategies,RQ4,E4-sensitivity-robustness,control_c3_half5,1006,NONE,,,,,,-1.0,5.0,1.0,3.0,1.0,COMPLETE,0.09660500000000001,0.0912,0.00362,0.00028000000000000003,19321,0.705,226,0.09660500000000001,
news-source-strategies,RQ4,E4-sensitivity-robustness,control_c3_half5,1007,NONE,,,,,,-1.0,5.0,1.0,3.0,1.0,COMPLETE,0.10532,0.061619999999999994,0.0031,0.00044,21064,0.685,213,0.10532,
news-source-strategies,RQ4,E4-sensitivity-robustness,control_c3_half5,1008,NONE,,,,,,-1.0,5.0,1.0,3.0,1.0,COMPLETE,0.10875499999999999,0.1011,0.00361,0.0001,21751,0.64,241,0.10875499999999999,
news-source-strategies,RQ4,E4-sensitivity-robustness,control_c3_half5,1009,NONE,,,,,,-1.0,5.0,1.0,3.0,1.0,COMPLETE,0.132385,0.13141999999999998,0.003955,0.00032,26477,0.595,241,0.132385,
news-source-strategies,RQ4,E4-sensitivity-robustness,control_c3_half5,1010,NONE,,,,,,-1.0,5.0,1.0,3.0,1.0,COMPLETE,0.12813999999999998,0.08134000000000001,0.003175,0.00017999999999999998,25628,0.71,216,0.12813999999999998,
news-source-strategies,RQ4,E4-sensitivity-robustness,control_c3_half5,1011,NONE,,,,,,-1.0,5.0,1.0,3.0,1.0,COMPLETE,0.09229000000000001,0.042140000000000004,0.0038799999999999998,0.00054,18458,0.6375,246,0.09229000000000001,
news-source-strategies,RQ4,E4-sensitivity-robustness,control_c3_half5,1012,NONE,,,,,,-1.0,5.0,1.0,3.0,1.0,COMPLETE,0.149335,0.20068,0.003265,5.9999999999999995e-05,29867,0.64,225,0.149335,
news-source-strategies,RQ4,E4-sensitivity-robustness,control_c3_half5,1013,NONE,,,,,,-1.0,5.0,1.0,3.0,1.0,COMPLETE,0.12662,0.10134,0.00385,0.0003,25324,0.67,240,0.12662,
news-source-strategies,RQ4,E4-sensitivity-robustness,control_c3_half5,1014,NONE,,,,,,-1.0,5.0,1.0,3.0,1.0,COMPLETE,0.10003000000000001,0.10154,0.0035600000000000002,0.00047999999999999996,20006,0.6825,231,0.10003000000000001,
news-source-strategies,RQ4,E4-sensitivity-robustness,control_c3_half5,1015,NONE,,,,,,-1.0,5.0,1.0,3.0,1.0,COMPLETE,0.11534,0.0832,0.0034300000000000003,0.00017999999999999998,23068,0.6375,217,0.11534,
news-source-strategies,RQ4,E4-sensitivity-robustness,credibility_c3_half5,1001,CREDIBILITY_CAMOUFLAGE,TRADITIONAL_MEDIA,FAKE_NEWS_SOURCE,1.0,-1.0,,-1.0,5.0,1.0,3.0,1.0,COMPLETE,0.12282,0.08358,0.006405,0.00023999999999999998,24564,0.63,244,0.12282,
news-source-strategies,RQ4,E4-sensitivity-robustness,credibility_c3_half5,1002,CREDIBILITY_CAMOUFLAGE,TRADITIONAL_MEDIA,FAKE_NEWS_SOURCE,1.0,-1.0,,-1.0,5.0,1.0,3.0,1.0,COMPLETE,0.12342499999999999,0.11064,0.00652,0.00034,24685,0.715,257,0.12342499999999999,
news-source-strategies,RQ4,E4-sensitivity-robustness,credibility_c3_half5,1003,CREDIBILITY_CAMOUFLAGE,TRADITIONAL_MEDIA,FAKE_NEWS_SOURCE,1.0,-1.0,,-1.0,5.0,1.0,3.0,1.0,COMPLETE,0.130265,0.10202,0.00505,0.00047999999999999996,26053,0.6975,242,0.130265,
news-source-strategies,RQ4,E4-sensitivity-robustness,credibility_c3_half5,1004,CREDIBILITY_CAMOUFLAGE,TRADITIONAL_MEDIA,FAKE_NEWS_SOURCE,1.0,-1.0,,-1.0,5.0,1.0,3.0,1.0,COMPLETE,0.116835,0.09124,0.0058449999999999995,4e-05,23367,0.64,233,0.116835,
news-source-strategies,RQ4,E4-sensitivity-robustness,credibility_c3_half5,1005,CREDIBILITY_CAMOUFLAGE,TRADITIONAL_MEDIA,FAKE_NEWS_SOURCE,1.0,-1.0,,-1.0,5.0,1.0,3.0,1.0,COMPLETE,0.12478,0.061799999999999994,0.006435,0.00034,24956,0.6925,245,0.12478,
news-source-strategies,RQ4,E4-sensitivity-robustness,credibility_c3_half5,1006,CREDIBILITY_CAMOUFLAGE,TRADITIONAL_MEDIA,FAKE_NEWS_SOURCE,1.0,-1.0,,-1.0,5.0,1.0,3.0,1.0,COMPLETE,0.09853,0.09164,0.005375,0.00035999999999999997,19706,0.705,233,0.09853,
news-source-strategies,RQ4,E4-sensitivity-robustness,credibility_c3_half5,1007,CREDIBILITY_CAMOUFLAGE,TRADITIONAL_MEDIA,FAKE_NEWS_SOURCE,1.0,-1.0,,-1.0,5.0,1.0,3.0,1.0,COMPLETE,0.10637,0.061079999999999995,0.005045,0.00016,21274,0.685,222,0.10637,
news-source-strategies,RQ4,E4-sensitivity-robustness,credibility_c3_half5,1008,CREDIBILITY_CAMOUFLAGE,TRADITIONAL_MEDIA,FAKE_NEWS_SOURCE,1.0,-1.0,,-1.0,5.0,1.0,3.0,1.0,COMPLETE,0.10929000000000001,0.10096,0.005685,8e-05,21858,0.64,247,0.10929000000000001,
news-source-strategies,RQ4,E4-sensitivity-robustness,credibility_c3_half5,1009,CREDIBILITY_CAMOUFLAGE,TRADITIONAL_MEDIA,FAKE_NEWS_SOURCE,1.0,-1.0,,-1.0,5.0,1.0,3.0,1.0,COMPLETE,0.13176,0.13116,0.006255,0.00011999999999999999,26352,0.595,244,0.13176,
news-source-strategies,RQ4,E4-sensitivity-robustness,credibility_c3_half5,1010,CREDIBILITY_CAMOUFLAGE,TRADITIONAL_MEDIA,FAKE_NEWS_SOURCE,1.0,-1.0,,-1.0,5.0,1.0,3.0,1.0,COMPLETE,0.12888,0.08154,0.004985000000000001,0.00038,25776,0.71,226,0.12888,
news-source-strategies,RQ4,E4-sensitivity-robustness,credibility_c3_half5,1011,CREDIBILITY_CAMOUFLAGE,TRADITIONAL_MEDIA,FAKE_NEWS_SOURCE,1.0,-1.0,,-1.0,5.0,1.0,3.0,1.0,COMPLETE,0.09287000000000001,0.04204,0.006455,0.00046,18574,0.6375,257,0.09287000000000001,
news-source-strategies,RQ4,E4-sensitivity-robustness,credibility_c3_half5,1012,CREDIBILITY_CAMOUFLAGE,TRADITIONAL_MEDIA,FAKE_NEWS_SOURCE,1.0,-1.0,,-1.0,5.0,1.0,3.0,1.0,COMPLETE,0.14992,0.2004,0.00601,0.00023999999999999998,29984,0.64,233,0.14992,
news-source-strategies,RQ4,E4-sensitivity-robustness,credibility_c3_half5,1013,CREDIBILITY_CAMOUFLAGE,TRADITIONAL_MEDIA,FAKE_NEWS_SOURCE,1.0,-1.0,,-1.0,5.0,1.0,3.0,1.0,COMPLETE,0.126525,0.10116,0.005889999999999999,0.0005200000000000001,25305,0.67,258,0.126525,
news-source-strategies,RQ4,E4-sensitivity-robustness,credibility_c3_half5,1014,CREDIBILITY_CAMOUFLAGE,TRADITIONAL_MEDIA,FAKE_NEWS_SOURCE,1.0,-1.0,,-1.0,5.0,1.0,3.0,1.0,COMPLETE,0.101305,0.10136,0.0050750000000000005,4e-05,20261,0.6825,240,0.101305,
news-source-strategies,RQ4,E4-sensitivity-robustness,credibility_c3_half5,1015,CREDIBILITY_CAMOUFLAGE,TRADITIONAL_MEDIA,FAKE_NEWS_SOURCE,1.0,-1.0,,-1.0,5.0,1.0,3.0,1.0,COMPLETE,0.116675,0.0829,0.006445,0.00014000000000000001,23335,0.6375,228,0.116675,
news-source-strategies,RQ4,E4-sensitivity-robustness,control_c5_window25,1001,NONE,,,,,,25.0,-1.0,1.0,5.0,1.0,COMPLETE,0.1326,0.1135,0.005205,0.0,26520,0.6875,287,0.1326,
news-source-strategies,RQ4,E4-sensitivity-robustness,control_c5_window25,1002,NONE,,,,,,25.0,-1.0,1.0,5.0,1.0,COMPLETE,0.10749500000000001,0.046060000000000004,0.0042699999999999995,0.0,21499,0.6875,268,0.10749500000000001,
news-source-strategies,RQ4,E4-sensitivity-robustness,control_c5_window25,1003,NONE,,,,,,25.0,-1.0,1.0,5.0,1.0,COMPLETE,0.13097,0.12390000000000001,0.003915,0.0,26194,0.66,268,0.13097,
news-source-strategies,RQ4,E4-sensitivity-robustness,control_c5_window25,1004,NONE,,,,,,25.0,-1.0,1.0,5.0,1.0,COMPLETE,0.13615,0.0649,0.003975,4e-05,27230,0.6775,258,0.13615,
news-source-strategies,RQ4,E4-sensitivity-robustness,control_c5_window25,1005,NONE,,,,,,25.0,-1.0,1.0,5.0,1.0,COMPLETE,0.148415,0.11366,0.00477,0.0,29683,0.65,260,0.148415,
news-source-strategies,RQ4,E4-sensitivity-robustness,control_c5_window25,1006,NONE,,,,,,25.0,-1.0,1.0,5.0,1.0,COMPLETE,0.12872999999999998,0.07352,0.00367,0.0,25746,0.6675,250,0.12872999999999998,
news-source-strategies,RQ4,E4-sensitivity-robustness,control_c5_window25,1007,NONE,,,,,,25.0,-1.0,1.0,5.0,1.0,COMPLETE,0.144155,0.061079999999999995,0.004825,0.0,28831,0.6975,279,0.144155,
news-source-strategies,RQ4,E4-sensitivity-robustness,control_c5_window25,1008,NONE,,,,,,25.0,-1.0,1.0,5.0,1.0,COMPLETE,0.137075,0.1047,0.0044800000000000005,0.0,27415,0.6625,279,0.137075,
news-source-strategies,RQ4,E4-sensitivity-robustness,control_c5_window25,1009,NONE,,,,,,25.0,-1.0,1.0,5.0,1.0,COMPLETE,0.16402,0.08192,0.005045,0.0,32804,0.6775,270,0.16402,
news-source-strategies,RQ4,E4-sensitivity-robustness,control_c5_window25,1010,NONE,,,,,,25.0,-1.0,1.0,5.0,1.0,COMPLETE,0.125565,0.07712000000000001,0.004745,0.0,25113,0.64,282,0.125565,
news-source-strategies,RQ4,E4-sensitivity-robustness,control_c5_window25,1011,NONE,,,,,,25.0,-1.0,1.0,5.0,1.0,COMPLETE,0.10958499999999999,0.05458,0.0048449999999999995,0.0,21917,0.695,274,0.10958499999999999,
news-source-strategies,RQ4,E4-sensitivity-robustness,control_c5_window25,1012,NONE,,,,,,25.0,-1.0,1.0,5.0,1.0,COMPLETE,0.1458,0.13166,0.004125,2e-05,29160,0.64,272,0.1458,
news-source-strategies,RQ4,E4-sensitivity-robustness,control_c5_window25,1013,NONE,,,,,,25.0,-1.0,1.0,5.0,1.0,COMPLETE,0.110705,0.08866,0.004764999999999999,0.0,22141,0.6725,270,0.110705,
news-source-strategies,RQ4,E4-sensitivity-robustness,control_c5_window25,1014,NONE,,,,,,25.0,-1.0,1.0,5.0,1.0,COMPLETE,0.13615,0.06038,0.00449,2e-05,27230,0.7075,294,0.13615,
news-source-strategies,RQ4,E4-sensitivity-robustness,control_c5_window25,1015,NONE,,,,,,25.0,-1.0,1.0,5.0,1.0,COMPLETE,0.14052,0.12344,0.00451,0.0,28104,0.6525,270,0.14052,
news-source-strategies,RQ4,E4-sensitivity-robustness,credibility_c5_window25,1001,CREDIBILITY_CAMOUFLAGE,TRADITIONAL_MEDIA,FAKE_NEWS_SOURCE,1.0,-1.0,,25.0,-1.0,1.0,5.0,1.0,COMPLETE,0.13465,0.11372,0.00851,0.0,26930,0.6875,286,0.13465,
news-source-strategies,RQ4,E4-sensitivity-robustness,credibility_c5_window25,1002,CREDIBILITY_CAMOUFLAGE,TRADITIONAL_MEDIA,FAKE_NEWS_SOURCE,1.0,-1.0,,25.0,-1.0,1.0,5.0,1.0,COMPLETE,0.10903499999999999,0.04566,0.0072050000000000005,0.0,21807,0.6875,269,0.10903499999999999,
news-source-strategies,RQ4,E4-sensitivity-robustness,credibility_c5_window25,1003,CREDIBILITY_CAMOUFLAGE,TRADITIONAL_MEDIA,FAKE_NEWS_SOURCE,1.0,-1.0,,25.0,-1.0,1.0,5.0,1.0,COMPLETE,0.13097999999999999,0.12351999999999999,0.007255,0.0,26196,0.66,268,0.13097999999999999,
news-source-strategies,RQ4,E4-sensitivity-robustness,credibility_c5_window25,1004,CREDIBILITY_CAMOUFLAGE,TRADITIONAL_MEDIA,FAKE_NEWS_SOURCE,1.0,-1.0,,25.0,-1.0,1.0,5.0,1.0,COMPLETE,0.13691499999999998,0.0645,0.00626,4e-05,27383,0.6775,258,0.13691499999999998,
news-source-strategies,RQ4,E4-sensitivity-robustness,credibility_c5_window25,1005,CREDIBILITY_CAMOUFLAGE,TRADITIONAL_MEDIA,FAKE_NEWS_SOURCE,1.0,-1.0,,25.0,-1.0,1.0,5.0,1.0,COMPLETE,0.149785,0.11416,0.0075250000000000004,0.0,29957,0.65,262,0.149785,
news-source-strategies,RQ4,E4-sensitivity-robustness,credibility_c5_window25,1006,CREDIBILITY_CAMOUFLAGE,TRADITIONAL_MEDIA,FAKE_NEWS_SOURCE,1.0,-1.0,,25.0,-1.0,1.0,5.0,1.0,COMPLETE,0.12966,0.07343999999999999,0.00562,0.0,25932,0.6675,253,0.12966,
news-source-strategies,RQ4,E4-sensitivity-robustness,credibility_c5_window25,1007,CREDIBILITY_CAMOUFLAGE,TRADITIONAL_MEDIA,FAKE_NEWS_SOURCE,1.0,-1.0,,25.0,-1.0,1.0,5.0,1.0,COMPLETE,0.14629499999999998,0.06132,0.007975,0.0,29259,0.6975,279,0.14629499999999998,
news-source-strategies,RQ4,E4-sensitivity-robustness,credibility_c5_window25,1008,CREDIBILITY_CAMOUFLAGE,TRADITIONAL_MEDIA,FAKE_NEWS_SOURCE,1.0,-1.0,,25.0,-1.0,1.0,5.0,1.0,COMPLETE,0.138085,0.10479999999999999,0.006595,0.0,27617,0.6625,277,0.138085,
news-source-strategies,RQ4,E4-sensitivity-robustness,credibility_c5_window25,1009,CREDIBILITY_CAMOUFLAGE,TRADITIONAL_MEDIA,FAKE_NEWS_SOURCE,1.0,-1.0,,25.0,-1.0,1.0,5.0,1.0,COMPLETE,0.16444499999999998,0.08028,0.00853,0.0,32889,0.6775,273,0.16444499999999998,
news-source-strategies,RQ4,E4-sensitivity-robustness,credibility_c5_window25,1010,CREDIBILITY_CAMOUFLAGE,TRADITIONAL_MEDIA,FAKE_NEWS_SOURCE,1.0,-1.0,,25.0,-1.0,1.0,5.0,1.0,COMPLETE,0.127765,0.07759999999999999,0.0078049999999999994,0.0,25553,0.64,286,0.127765,
news-source-strategies,RQ4,E4-sensitivity-robustness,credibility_c5_window25,1011,CREDIBILITY_CAMOUFLAGE,TRADITIONAL_MEDIA,FAKE_NEWS_SOURCE,1.0,-1.0,,25.0,-1.0,1.0,5.0,1.0,COMPLETE,0.11191,0.054939999999999996,0.008185000000000001,0.0,22382,0.695,276,0.11191,
news-source-strategies,RQ4,E4-sensitivity-robustness,credibility_c5_window25,1012,CREDIBILITY_CAMOUFLAGE,TRADITIONAL_MEDIA,FAKE_NEWS_SOURCE,1.0,-1.0,,25.0,-1.0,1.0,5.0,1.0,COMPLETE,0.146895,0.13163999999999998,0.0072699999999999996,2e-05,29379,0.64,271,0.146895,
news-source-strategies,RQ4,E4-sensitivity-robustness,credibility_c5_window25,1013,CREDIBILITY_CAMOUFLAGE,TRADITIONAL_MEDIA,FAKE_NEWS_SOURCE,1.0,-1.0,,25.0,-1.0,1.0,5.0,1.0,COMPLETE,0.111885,0.08776,0.008060000000000001,0.0,22377,0.6725,272,0.111885,
news-source-strategies,RQ4,E4-sensitivity-robustness,credibility_c5_window25,1014,CREDIBILITY_CAMOUFLAGE,TRADITIONAL_MEDIA,FAKE_NEWS_SOURCE,1.0,-1.0,,25.0,-1.0,1.0,5.0,1.0,COMPLETE,0.13813,0.06012,0.007345,2e-05,27626,0.7075,297,0.13813,
news-source-strategies,RQ4,E4-sensitivity-robustness,credibility_c5_window25,1015,CREDIBILITY_CAMOUFLAGE,TRADITIONAL_MEDIA,FAKE_NEWS_SOURCE,1.0,-1.0,,25.0,-1.0,1.0,5.0,1.0,COMPLETE,0.14236000000000001,0.12356,0.007809999999999999,0.0,28472,0.6525,268,0.14236000000000001,
news-source-strategies,RQ4,E4-sensitivity-robustness,control_c5_half0_33,1001,NONE,,,,,,-1.0,0.33,1.0,5.0,1.0,COMPLETE,0.10526,0.1243,0.01116,0.01126,21052,0.6875,452,0.10526,
news-source-strategies,RQ4,E4-sensitivity-robustness,control_c5_half0_33,1002,NONE,,,,,,-1.0,0.33,1.0,5.0,1.0,COMPLETE,0.08181999999999999,0.04374,0.008494999999999999,0.00262,16364,0.6875,425,0.08181999999999999,
news-source-strategies,RQ4,E4-sensitivity-robustness,control_c5_half0_33,1003,NONE,,,,,,-1.0,0.33,1.0,5.0,1.0,COMPLETE,0.107925,0.13006,0.01123,0.009640000000000001,21585,0.66,455,0.107925,
news-source-strategies,RQ4,E4-sensitivity-robustness,control_c5_half0_33,1004,NONE,,,,,,-1.0,0.33,1.0,5.0,1.0,COMPLETE,0.12174,0.06578,0.015715,0.00538,24348,0.6775,490,0.12174,
news-source-strategies,RQ4,E4-sensitivity-robustness,control_c5_half0_33,1005,NONE,,,,,,-1.0,0.33,1.0,5.0,1.0,COMPLETE,0.131575,0.1216,0.015335000000000001,0.01264,26315,0.65,480,0.131575,
news-source-strategies,RQ4,E4-sensitivity-robustness,control_c5_half0_33,1006,NONE,,,,,,-1.0,0.33,1.0,5.0,1.0,COMPLETE,0.10615999999999999,0.07881999999999999,0.01337,0.0085,21232,0.6675,478,0.10615999999999999,
news-source-strategies,RQ4,E4-sensitivity-robustness,control_c5_half0_33,1007,NONE,,,,,,-1.0,0.33,1.0,5.0,1.0,COMPLETE,0.14857499999999998,0.05736,0.025145,0.005900000000000001,29715,0.6975,499,0.14857499999999998,
news-source-strategies,RQ4,E4-sensitivity-robustness,control_c5_half0_33,1008,NONE,,,,,,-1.0,0.33,1.0,5.0,1.0,COMPLETE,0.12408499999999999,0.11724,0.015875,0.012060000000000001,24817,0.6625,488,0.12408499999999999,
news-source-strategies,RQ4,E4-sensitivity-robustness,control_c5_half0_33,1009,NONE,,,,,,-1.0,0.33,1.0,5.0,1.0,COMPLETE,0.15888,0.07765999999999999,0.026355,0.01194,31776,0.6775,499,0.15888,
news-source-strategies,RQ4,E4-sensitivity-robustness,control_c5_half0_33,1010,NONE,,,,,,-1.0,0.33,1.0,5.0,1.0,COMPLETE,0.15375,0.07576000000000001,0.026484999999999998,0.004019999999999999,30750,0.64,497,0.15375,
news-source-strategies,RQ4,E4-sensitivity-robustness,control_c5_half0_33,1011,NONE,,,,,,-1.0,0.33,1.0,5.0,1.0,COMPLETE,0.08911,0.054799999999999995,0.00922,0.00282,17822,0.695,426,0.08911,
news-source-strategies,RQ4,E4-sensitivity-robustness,control_c5_half0_33,1012,NONE,,,,,,-1.0,0.33,1.0,5.0,1.0,COMPLETE,0.12685,0.14018,0.01298,0.013439999999999999,25370,0.64,467,0.12685,
news-source-strategies,RQ4,E4-sensitivity-robustness,control_c5_half0_33,1013,NONE,,,,,,-1.0,0.33,1.0,5.0,1.0,COMPLETE,0.08813,0.08674,0.00831,0.00708,17626,0.6725,412,0.08813,
news-source-strategies,RQ4,E4-sensitivity-robustness,control_c5_half0_33,1014,NONE,,,,,,-1.0,0.33,1.0,5.0,1.0,COMPLETE,0.11454500000000001,0.0533,0.011689999999999999,0.0028399999999999996,22909,0.7075,457,0.11454500000000001,
news-source-strategies,RQ4,E4-sensitivity-robustness,control_c5_half0_33,1015,NONE,,,,,,-1.0,0.33,1.0,5.0,1.0,COMPLETE,0.12946000000000002,0.13219999999999998,0.01469,0.01062,25892,0.6525,484,0.12946000000000002,
news-source-strategies,RQ4,E4-sensitivity-robustness,credibility_c5_half0_33,1001,CREDIBILITY_CAMOUFLAGE,TRADITIONAL_MEDIA,FAKE_NEWS_SOURCE,1.0,-1.0,,-1.0,0.33,1.0,5.0,1.0,COMPLETE,0.105265,0.12487999999999999,0.011619999999999998,0.01208,21053,0.6875,459,0.105265,
news-source-strategies,RQ4,E4-sensitivity-robustness,credibility_c5_half0_33,1002,CREDIBILITY_CAMOUFLAGE,TRADITIONAL_MEDIA,FAKE_NEWS_SOURCE,1.0,-1.0,,-1.0,0.33,1.0,5.0,1.0,COMPLETE,0.081615,0.0437,0.008605,0.00276,16323,0.6875,432,0.081615,
news-source-strategies,RQ4,E4-sensitivity-robustness,credibility_c5_half0_33,1003,CREDIBILITY_CAMOUFLAGE,TRADITIONAL_MEDIA,FAKE_NEWS_SOURCE,1.0,-1.0,,-1.0,0.33,1.0,5.0,1.0,COMPLETE,0.10817,0.13066,0.01202,0.01076,21634,0.66,459,0.10817,
news-source-strategies,RQ4,E4-sensitivity-robustness,credibility_c5_half0_33,1004,CREDIBILITY_CAMOUFLAGE,TRADITIONAL_MEDIA,FAKE_NEWS_SOURCE,1.0,-1.0,,-1.0,0.33,1.0,5.0,1.0,COMPLETE,0.12192499999999999,0.06516,0.01669,0.00508,24385,0.6775,494,0.12192499999999999,
news-source-strategies,RQ4,E4-sensitivity-robustness,credibility_c5_half0_33,1005,CREDIBILITY_CAMOUFLAGE,TRADITIONAL_MEDIA,FAKE_NEWS_SOURCE,1.0,-1.0,,-1.0,0.33,1.0,5.0,1.0,COMPLETE,0.13169999999999998,0.12212,0.016059999999999998,0.01396,26340,0.65,479,0.13169999999999998,
news-source-strategies,RQ4,E4-sensitivity-robustness,credibility_c5_half0_33,1006,CREDIBILITY_CAMOUFLAGE,TRADITIONAL_MEDIA,FAKE_NEWS_SOURCE,1.0,-1.0,,-1.0,0.33,1.0,5.0,1.0,COMPLETE,0.106815,0.07904000000000001,0.014410000000000001,0.00826,21363,0.6675,479,0.106815,
news-source-strategies,RQ4,E4-sensitivity-robustness,credibility_c5_half0_33,1007,CREDIBILITY_CAMOUFLAGE,TRADITIONAL_MEDIA,FAKE_NEWS_SOURCE,1.0,-1.0,,-1.0,0.33,1.0,5.0,1.0,COMPLETE,0.14661000000000002,0.056780000000000004,0.025715,0.00566,29322,0.6975,499,0.14661000000000002,
news-source-strategies,RQ4,E4-sensitivity-robustness,credibility_c5_half0_33,1008,CREDIBILITY_CAMOUFLAGE,TRADITIONAL_MEDIA,FAKE_NEWS_SOURCE,1.0,-1.0,,-1.0,0.33,1.0,5.0,1.0,COMPLETE,0.12403,0.11664,0.016545,0.01312,24806,0.6625,496,0.12403,
news-source-strategies,RQ4,E4-sensitivity-robustness,credibility_c5_half0_33,1009,CREDIBILITY_CAMOUFLAGE,TRADITIONAL_MEDIA,FAKE_NEWS_SOURCE,1.0,-1.0,,-1.0,0.33,1.0,5.0,1.0,COMPLETE,0.15887,0.07764,0.027170000000000003,0.01182,31774,0.6775,499,0.15887,
news-source-strategies,RQ4,E4-sensitivity-robustness,credibility_c5_half0_33,1010,CREDIBILITY_CAMOUFLAGE,TRADITIONAL_MEDIA,FAKE_NEWS_SOURCE,1.0,-1.0,,-1.0,0.33,1.0,5.0,1.0,COMPLETE,0.157585,0.07587999999999999,0.030125,0.00424,31517,0.64,499,0.157585,
news-source-strategies,RQ4,E4-sensitivity-robustness,credibility_c5_half0_33,1011,CREDIBILITY_CAMOUFLAGE,TRADITIONAL_MEDIA,FAKE_NEWS_SOURCE,1.0,-1.0,,-1.0,0.33,1.0,5.0,1.0,COMPLETE,0.08866,0.05465999999999999,0.008915,0.0028599999999999997,17732,0.695,426,0.08866,
news-source-strategies,RQ4,E4-sensitivity-robustness,credibility_c5_half0_33,1012,CREDIBILITY_CAMOUFLAGE,TRADITIONAL_MEDIA,FAKE_NEWS_SOURCE,1.0,-1.0,,-1.0,0.33,1.0,5.0,1.0,COMPLETE,0.127185,0.14074,0.013699999999999999,0.01428,25437,0.64,473,0.127185,
news-source-strategies,RQ4,E4-sensitivity-robustness,credibility_c5_half0_33,1013,CREDIBILITY_CAMOUFLAGE,TRADITIONAL_MEDIA,FAKE_NEWS_SOURCE,1.0,-1.0,,-1.0,0.33,1.0,5.0,1.0,COMPLETE,0.08791,0.08666,0.008535000000000001,0.00752,17582,0.6725,414,0.08791,
news-source-strategies,RQ4,E4-sensitivity-robustness,credibility_c5_half0_33,1014,CREDIBILITY_CAMOUFLAGE,TRADITIONAL_MEDIA,FAKE_NEWS_SOURCE,1.0,-1.0,,-1.0,0.33,1.0,5.0,1.0,COMPLETE,0.115185,0.0531,0.012695,0.0027400000000000002,23037,0.7075,466,0.115185,
news-source-strategies,RQ4,E4-sensitivity-robustness,credibility_c5_half0_33,1015,CREDIBILITY_CAMOUFLAGE,TRADITIONAL_MEDIA,FAKE_NEWS_SOURCE,1.0,-1.0,,-1.0,0.33,1.0,5.0,1.0,COMPLETE,0.12988,0.13291999999999998,0.016,0.01168,25976,0.6525,486,0.12988,
news-source-strategies,RQ4,E4-sensitivity-robustness,control_c5_half1,1001,NONE,,,,,,-1.0,1.0,1.0,5.0,1.0,COMPLETE,0.09996,0.11006,0.0034049999999999996,0.0,19992,0.6875,207,0.09996,
news-source-strategies,RQ4,E4-sensitivity-robustness,control_c5_half1,1002,NONE,,,,,,-1.0,1.0,1.0,5.0,1.0,COMPLETE,0.080285,0.04,0.00359,0.0,16057,0.6875,220,0.080285,
news-source-strategies,RQ4,E4-sensitivity-robustness,control_c5_half1,1003,NONE,,,,,,-1.0,1.0,1.0,5.0,1.0,COMPLETE,0.099665,0.12,0.00327,0.0,19933,0.66,204,0.099665,
news-source-strategies,RQ4,E4-sensitivity-robustness,control_c5_half1,1004,NONE,,,,,,-1.0,1.0,1.0,5.0,1.0,COMPLETE,0.10943000000000001,0.06,0.002915,0.0,21886,0.6775,186,0.10943000000000001,
news-source-strategies,RQ4,E4-sensitivity-robustness,control_c5_half1,1005,NONE,,,,,,-1.0,1.0,1.0,5.0,1.0,COMPLETE,0.12490000000000001,0.11,0.00537,0.0,24980,0.65,276,0.12490000000000001,
news-source-strategies,RQ4,E4-sensitivity-robustness,control_c5_half1,1006,NONE,,,,,,-1.0,1.0,1.0,5.0,1.0,COMPLETE,0.095815,0.07,0.003935,0.0,19163,0.6675,235,0.095815,
news-source-strategies,RQ4,E4-sensitivity-robustness,control_c5_half1,1007,NONE,,,,,,-1.0,1.0,1.0,5.0,1.0,COMPLETE,0.122715,0.05,0.0056500000000000005,0.0,24543,0.6975,297,0.122715,
news-source-strategies,RQ4,E4-sensitivity-robustness,control_c5_half1,1008,NONE,,,,,,-1.0,1.0,1.0,5.0,1.0,COMPLETE,0.112295,0.1,0.0033450000000000003,0.0,22459,0.6625,227,0.112295,
news-source-strategies,RQ4,E4-sensitivity-robustness,control_c5_half1,1009,NONE,,,,,,-1.0,1.0,1.0,5.0,1.0,COMPLETE,0.13845,0.06,0.007395,0.0,27690,0.6775,353,0.13845,
news-source-strategies,RQ4,E4-sensitivity-robustness,control_c5_half1,1010,NONE,,,,,,-1.0,1.0,1.0,5.0,1.0,COMPLETE,0.08879000000000001,0.07,0.00354,0.0,17758,0.64,232,0.08879000000000001,
news-source-strategies,RQ4,E4-sensitivity-robustness,control_c5_half1,1011,NONE,,,,,,-1.0,1.0,1.0,5.0,1.0,COMPLETE,0.0864,0.05,0.003585,0.0,17280,0.695,195,0.0864,
news-source-strategies,RQ4,E4-sensitivity-robustness,control_c5_half1,1012,NONE,,,,,,-1.0,1.0,1.0,5.0,1.0,COMPLETE,0.11788,0.13,0.003435,0.0,23576,0.64,207,0.11788,
news-source-strategies,RQ4,E4-sensitivity-robustness,control_c5_half1,1013,NONE,,,,,,-1.0,1.0,1.0,5.0,1.0,COMPLETE,0.08705,0.08,0.003255,0.0,17410,0.6725,189,0.08705,
news-source-strategies,RQ4,E4-sensitivity-robustness,control_c5_half1,1014,NONE,,,,,,-1.0,1.0,1.0,5.0,1.0,COMPLETE,0.11048999999999999,0.05,0.005215,0.0,22098,0.7075,279,0.11048999999999999,
news-source-strategies,RQ4,E4-sensitivity-robustness,control_c5_half1,1015,NONE,,,,,,-1.0,1.0,1.0,5.0,1.0,COMPLETE,0.12433,0.12,0.004275,0.0,24866,0.6525,239,0.12433,
news-source-strategies,RQ4,E4-sensitivity-robustness,credibility_c5_half1,1001,CREDIBILITY_CAMOUFLAGE,TRADITIONAL_MEDIA,FAKE_NEWS_SOURCE,1.0,-1.0,,-1.0,1.0,1.0,5.0,1.0,COMPLETE,0.09963,0.11006,0.00369,0.0,19926,0.6875,206,0.09963,
news-source-strategies,RQ4,E4-sensitivity-robustness,credibility_c5_half1,1002,CREDIBILITY_CAMOUFLAGE,TRADITIONAL_MEDIA,FAKE_NEWS_SOURCE,1.0,-1.0,,-1.0,1.0,1.0,5.0,1.0,COMPLETE,0.081175,0.04,0.00504,0.0,16235,0.6875,239,0.081175,
news-source-strategies,RQ4,E4-sensitivity-robustness,credibility_c5_half1,1003,CREDIBILITY_CAMOUFLAGE,TRADITIONAL_MEDIA,FAKE_NEWS_SOURCE,1.0,-1.0,,-1.0,1.0,1.0,5.0,1.0,COMPLETE,0.100165,0.12,0.00437,0.0,20033,0.66,217,0.100165,
news-source-strategies,RQ4,E4-sensitivity-robustness,credibility_c5_half1,1004,CREDIBILITY_CAMOUFLAGE,TRADITIONAL_MEDIA,FAKE_NEWS_SOURCE,1.0,-1.0,,-1.0,1.0,1.0,5.0,1.0,COMPLETE,0.10979000000000001,0.06,0.00367,0.0,21958,0.6775,199,0.10979000000000001,
news-source-strategies,RQ4,E4-sensitivity-robustness,credibility_c5_half1,1005,CREDIBILITY_CAMOUFLAGE,TRADITIONAL_MEDIA,FAKE_NEWS_SOURCE,1.0,-1.0,,-1.0,1.0,1.0,5.0,1.0,COMPLETE,0.124935,0.11,0.00643,0.0,24987,0.65,268,0.124935,
news-source-strategies,RQ4,E4-sensitivity-robustness,credibility_c5_half1,1006,CREDIBILITY_CAMOUFLAGE,TRADITIONAL_MEDIA,FAKE_NEWS_SOURCE,1.0,-1.0,,-1.0,1.0,1.0,5.0,1.0,COMPLETE,0.09658,0.07,0.004690000000000001,0.0,19316,0.6675,238,0.09658,
news-source-strategies,RQ4,E4-sensitivity-robustness,credibility_c5_half1,1007,CREDIBILITY_CAMOUFLAGE,TRADITIONAL_MEDIA,FAKE_NEWS_SOURCE,1.0,-1.0,,-1.0,1.0,1.0,5.0,1.0,COMPLETE,0.12323,0.05,0.00745,0.0,24646,0.6975,300,0.12323,
news-source-strategies,RQ4,E4-sensitivity-robustness,credibility_c5_half1,1008,CREDIBILITY_CAMOUFLAGE,TRADITIONAL_MEDIA,FAKE_NEWS_SOURCE,1.0,-1.0,,-1.0,1.0,1.0,5.0,1.0,COMPLETE,0.1133,0.1,0.005205,0.0,22660,0.6625,241,0.1133,
news-source-strategies,RQ4,E4-sensitivity-robustness,credibility_c5_half1,1009,CREDIBILITY_CAMOUFLAGE,TRADITIONAL_MEDIA,FAKE_NEWS_SOURCE,1.0,-1.0,,-1.0,1.0,1.0,5.0,1.0,COMPLETE,0.13823,0.06,0.009935000000000001,0.0,27646,0.6775,346,0.13823,
news-source-strategies,RQ4,E4-sensitivity-robustness,credibility_c5_half1,1010,CREDIBILITY_CAMOUFLAGE,TRADITIONAL_MEDIA,FAKE_NEWS_SOURCE,1.0,-1.0,,-1.0,1.0,1.0,5.0,1.0,COMPLETE,0.090365,0.07,0.00495,0.0,18073,0.64,259,0.090365,
news-source-strategies,RQ4,E4-sensitivity-robustness,credibility_c5_half1,1011,CREDIBILITY_CAMOUFLAGE,TRADITIONAL_MEDIA,FAKE_NEWS_SOURCE,1.0,-1.0,,-1.0,1.0,1.0,5.0,1.0,COMPLETE,0.08666,0.05,0.00491,0.0,17332,0.695,212,0.08666,
news-source-strategies,RQ4,E4-sensitivity-robustness,credibility_c5_half1,1012,CREDIBILITY_CAMOUFLAGE,TRADITIONAL_MEDIA,FAKE_NEWS_SOURCE,1.0,-1.0,,-1.0,1.0,1.0,5.0,1.0,COMPLETE,0.11832,0.13,0.0038900000000000002,0.0,23664,0.64,226,0.11832,
news-source-strategies,RQ4,E4-sensitivity-robustness,credibility_c5_half1,1013,CREDIBILITY_CAMOUFLAGE,TRADITIONAL_MEDIA,FAKE_NEWS_SOURCE,1.0,-1.0,,-1.0,1.0,1.0,5.0,1.0,COMPLETE,0.08743000000000001,0.08,0.004030000000000001,0.0,17486,0.6725,203,0.08743000000000001,
news-source-strategies,RQ4,E4-sensitivity-robustness,credibility_c5_half1,1014,CREDIBILITY_CAMOUFLAGE,TRADITIONAL_MEDIA,FAKE_NEWS_SOURCE,1.0,-1.0,,-1.0,1.0,1.0,5.0,1.0,COMPLETE,0.111145,0.05,0.00638,0.0,22229,0.7075,286,0.111145,
news-source-strategies,RQ4,E4-sensitivity-robustness,credibility_c5_half1,1015,CREDIBILITY_CAMOUFLAGE,TRADITIONAL_MEDIA,FAKE_NEWS_SOURCE,1.0,-1.0,,-1.0,1.0,1.0,5.0,1.0,COMPLETE,0.12565,0.1201,0.006525,5.9999999999999995e-05,25130,0.6525,257,0.12565,
news-source-strategies,RQ4,E4-sensitivity-robustness,control_c5_half5,1001,NONE,,,,,,-1.0,5.0,1.0,5.0,1.0,COMPLETE,0.118185,0.11073999999999999,0.00408,4e-05,23637,0.6875,247,0.118185,
news-source-strategies,RQ4,E4-sensitivity-robustness,control_c5_half5,1002,NONE,,,,,,-1.0,5.0,1.0,5.0,1.0,COMPLETE,0.094345,0.04082,0.003,8e-05,18869,0.6875,208,0.094345,
news-source-strategies,RQ4,E4-sensitivity-robustness,control_c5_half5,1003,NONE,,,,,,-1.0,5.0,1.0,5.0,1.0,COMPLETE,0.1145,0.12098,0.00309,4e-05,22900,0.66,221,0.1145,
news-source-strategies,RQ4,E4-sensitivity-robustness,control_c5_half5,1004,NONE,,,,,,-1.0,5.0,1.0,5.0,1.0,COMPLETE,0.12302500000000001,0.06146,0.003815,0.0003,24605,0.6775,222,0.12302500000000001,
news-source-strategies,RQ4,E4-sensitivity-robustness,control_c5_half5,1005,NONE,,,,,,-1.0,5.0,1.0,5.0,1.0,COMPLETE,0.13576,0.11056,0.00344,5.9999999999999995e-05,27152,0.65,214,0.13576,
news-source-strategies,RQ4,E4-sensitivity-robustness,control_c5_half5,1006,NONE,,,,,,-1.0,5.0,1.0,5.0,1.0,COMPLETE,0.11329,0.07044,0.002675,2e-05,22658,0.6675,225,0.11329,
news-source-strategies,RQ4,E4-sensitivity-robustness,control_c5_half5,1007,NONE,,,,,,-1.0,5.0,1.0,5.0,1.0,COMPLETE,0.13315000000000002,0.052899999999999996,0.00418,0.00058,26630,0.6975,235,0.13315000000000002,
news-source-strategies,RQ4,E4-sensitivity-robustness,control_c5_half5,1008,NONE,,,,,,-1.0,5.0,1.0,5.0,1.0,COMPLETE,0.12454000000000001,0.10048,0.0034,0.00016,24908,0.6625,236,0.12454000000000001,
news-source-strategies,RQ4,E4-sensitivity-robustness,control_c5_half5,1009,NONE,,,,,,-1.0,5.0,1.0,5.0,1.0,COMPLETE,0.149865,0.06616,0.003655,0.0003,29973,0.6775,230,0.149865,
news-source-strategies,RQ4,E4-sensitivity-robustness,control_c5_half5,1010,NONE,,,,,,-1.0,5.0,1.0,5.0,1.0,COMPLETE,0.10923999999999999,0.07106,0.003745,0.00011999999999999999,21848,0.64,236,0.10923999999999999,
news-source-strategies,RQ4,E4-sensitivity-robustness,control_c5_half5,1011,NONE,,,,,,-1.0,5.0,1.0,5.0,1.0,COMPLETE,0.096635,0.0511,0.0035800000000000003,2e-05,19327,0.695,231,0.096635,
news-source-strategies,RQ4,E4-sensitivity-robustness,control_c5_half5,1012,NONE,,,,,,-1.0,5.0,1.0,5.0,1.0,COMPLETE,0.13175,0.13034,0.00316,0.00016,26350,0.64,222,0.13175,
news-source-strategies,RQ4,E4-sensitivity-robustness,control_c5_half5,1013,NONE,,,,,,-1.0,5.0,1.0,5.0,1.0,COMPLETE,0.099035,0.08195999999999999,0.00321,0.00026000000000000003,19807,0.6725,225,0.099035,
news-source-strategies,RQ4,E4-sensitivity-robustness,control_c5_half5,1014,NONE,,,,,,-1.0,5.0,1.0,5.0,1.0,COMPLETE,0.122455,0.05232,0.00391,0.0003,24491,0.7075,238,0.122455,
news-source-strategies,RQ4,E4-sensitivity-robustness,control_c5_half5,1015,NONE,,,,,,-1.0,5.0,1.0,5.0,1.0,COMPLETE,0.133155,0.12156,0.003735,0.00028000000000000003,26631,0.6525,213,0.133155,
news-source-strategies,RQ4,E4-sensitivity-robustness,credibility_c5_half5,1001,CREDIBILITY_CAMOUFLAGE,TRADITIONAL_MEDIA,FAKE_NEWS_SOURCE,1.0,-1.0,,-1.0,5.0,1.0,5.0,1.0,COMPLETE,0.11915,0.11092,0.0062900000000000005,8e-05,23830,0.6875,251,0.11915,
news-source-strategies,RQ4,E4-sensitivity-robustness,credibility_c5_half5,1002,CREDIBILITY_CAMOUFLAGE,TRADITIONAL_MEDIA,FAKE_NEWS_SOURCE,1.0,-1.0,,-1.0,5.0,1.0,5.0,1.0,COMPLETE,0.095055,0.04068,0.004875,0.0,19011,0.6875,214,0.095055,
news-source-strategies,RQ4,E4-sensitivity-robustness,credibility_c5_half5,1003,CREDIBILITY_CAMOUFLAGE,TRADITIONAL_MEDIA,FAKE_NEWS_SOURCE,1.0,-1.0,,-1.0,5.0,1.0,5.0,1.0,COMPLETE,0.114725,0.12106,0.005385,0.00011999999999999999,22945,0.66,220,0.114725,
news-source-strategies,RQ4,E4-sensitivity-robustness,credibility_c5_half5,1004,CREDIBILITY_CAMOUFLAGE,TRADITIONAL_MEDIA,FAKE_NEWS_SOURCE,1.0,-1.0,,-1.0,5.0,1.0,5.0,1.0,COMPLETE,0.123465,0.061439999999999995,0.005605000000000001,0.00028000000000000003,24693,0.6775,224,0.123465,
news-source-strategies,RQ4,E4-sensitivity-robustness,credibility_c5_half5,1005,CREDIBILITY_CAMOUFLAGE,TRADITIONAL_MEDIA,FAKE_NEWS_SOURCE,1.0,-1.0,,-1.0,5.0,1.0,5.0,1.0,COMPLETE,0.138,0.11128,0.005265,0.00038,27600,0.65,219,0.138,
news-source-strategies,RQ4,E4-sensitivity-robustness,credibility_c5_half5,1006,CREDIBILITY_CAMOUFLAGE,TRADITIONAL_MEDIA,FAKE_NEWS_SOURCE,1.0,-1.0,,-1.0,5.0,1.0,5.0,1.0,COMPLETE,0.11397,0.07052,0.00385,2e-05,22794,0.6675,222,0.11397,
news-source-strategies,RQ4,E4-sensitivity-robustness,credibility_c5_half5,1007,CREDIBILITY_CAMOUFLAGE,TRADITIONAL_MEDIA,FAKE_NEWS_SOURCE,1.0,-1.0,,-1.0,5.0,1.0,5.0,1.0,COMPLETE,0.13423500000000002,0.052719999999999996,0.006855000000000001,0.00092,26847,0.6975,247,0.13423500000000002,
news-source-strategies,RQ4,E4-sensitivity-robustness,credibility_c5_half5,1008,CREDIBILITY_CAMOUFLAGE,TRADITIONAL_MEDIA,FAKE_NEWS_SOURCE,1.0,-1.0,,-1.0,5.0,1.0,5.0,1.0,COMPLETE,0.125595,0.10076,0.0048,0.00034,25119,0.6625,243,0.125595,
news-source-strategies,RQ4,E4-sensitivity-robustness,credibility_c5_half5,1009,CREDIBILITY_CAMOUFLAGE,TRADITIONAL_MEDIA,FAKE_NEWS_SOURCE,1.0,-1.0,,-1.0,5.0,1.0,5.0,1.0,COMPLETE,0.1514,0.06672,0.00584,0.00035999999999999997,30280,0.6775,236,0.1514,
news-source-strategies,RQ4,E4-sensitivity-robustness,credibility_c5_half5,1010,CREDIBILITY_CAMOUFLAGE,TRADITIONAL_MEDIA,FAKE_NEWS_SOURCE,1.0,-1.0,,-1.0,5.0,1.0,5.0,1.0,COMPLETE,0.11014499999999999,0.07092,0.0059050000000000005,0.0001,22029,0.64,246,0.11014499999999999,
news-source-strategies,RQ4,E4-sensitivity-robustness,credibility_c5_half5,1011,CREDIBILITY_CAMOUFLAGE,TRADITIONAL_MEDIA,FAKE_NEWS_SOURCE,1.0,-1.0,,-1.0,5.0,1.0,5.0,1.0,COMPLETE,0.097205,0.05094,0.005345,8e-05,19441,0.695,233,0.097205,
news-source-strategies,RQ4,E4-sensitivity-robustness,credibility_c5_half5,1012,CREDIBILITY_CAMOUFLAGE,TRADITIONAL_MEDIA,FAKE_NEWS_SOURCE,1.0,-1.0,,-1.0,5.0,1.0,5.0,1.0,COMPLETE,0.13237000000000002,0.13046000000000002,0.0042699999999999995,0.00016,26474,0.64,221,0.13237000000000002,
news-source-strategies,RQ4,E4-sensitivity-robustness,credibility_c5_half5,1013,CREDIBILITY_CAMOUFLAGE,TRADITIONAL_MEDIA,FAKE_NEWS_SOURCE,1.0,-1.0,,-1.0,5.0,1.0,5.0,1.0,COMPLETE,0.10015500000000001,0.08204,0.005495,0.00046,20031,0.6725,226,0.10015500000000001,
news-source-strategies,RQ4,E4-sensitivity-robustness,credibility_c5_half5,1014,CREDIBILITY_CAMOUFLAGE,TRADITIONAL_MEDIA,FAKE_NEWS_SOURCE,1.0,-1.0,,-1.0,5.0,1.0,5.0,1.0,COMPLETE,0.125245,0.05268,0.00642,0.00046,25049,0.7075,239,0.125245,
news-source-strategies,RQ4,E4-sensitivity-robustness,credibility_c5_half5,1015,CREDIBILITY_CAMOUFLAGE,TRADITIONAL_MEDIA,FAKE_NEWS_SOURCE,1.0,-1.0,,-1.0,5.0,1.0,5.0,1.0,COMPLETE,0.13381,0.12146,0.005335,8e-05,26762,0.6525,219,0.13381,
news-source-strategies,RQ4,E4-sensitivity-robustness,control_c10_window25,1001,NONE,,,,,,25.0,-1.0,1.0,10.0,1.0,COMPLETE,0.13972,0.14334,0.00394,0.0,27944,0.635,265,0.13972,
news-source-strategies,RQ4,E4-sensitivity-robustness,control_c10_window25,1002,NONE,,,,,,25.0,-1.0,1.0,10.0,1.0,COMPLETE,0.117905,0.06420000000000001,0.00464,0.0,23581,0.645,272,0.117905,
news-source-strategies,RQ4,E4-sensitivity-robustness,control_c10_window25,1003,NONE,,,,,,25.0,-1.0,1.0,10.0,1.0,COMPLETE,0.128275,0.12359999999999999,0.004795,0.0,25655,0.66,267,0.128275,
news-source-strategies,RQ4,E4-sensitivity-robustness,control_c10_window25,1004,NONE,,,,,,25.0,-1.0,1.0,10.0,1.0,COMPLETE,0.090515,0.05876,0.004115000000000001,0.0,18103,0.6675,255,0.090515,
news-source-strategies,RQ4,E4-sensitivity-robustness,control_c10_window25,1005,NONE,,,,,,25.0,-1.0,1.0,10.0,1.0,COMPLETE,0.141215,0.18308000000000002,0.00481,0.0,28243,0.66,275,0.141215,
news-source-strategies,RQ4,E4-sensitivity-robustness,control_c10_window25,1006,NONE,,,,,,25.0,-1.0,1.0,10.0,1.0,COMPLETE,0.12147,0.0884,0.004915,0.0,24294,0.635,281,0.12147,
news-source-strategies,RQ4,E4-sensitivity-robustness,control_c10_window25,1007,NONE,,,,,,25.0,-1.0,1.0,10.0,1.0,COMPLETE,0.09725,0.052899999999999996,0.00383,0.0,19450,0.6875,248,0.09725,
news-source-strategies,RQ4,E4-sensitivity-robustness,control_c10_window25,1008,NONE,,,,,,25.0,-1.0,1.0,10.0,1.0,COMPLETE,0.120505,0.08438,0.004505,0.0,24101,0.6625,281,0.120505,
news-source-strategies,RQ4,E4-sensitivity-robustness,control_c10_window25,1009,NONE,,,,,,25.0,-1.0,1.0,10.0,1.0,COMPLETE,0.12368000000000001,0.08214,0.00424,0.0,24736,0.6225,267,0.12368000000000001,
news-source-strategies,RQ4,E4-sensitivity-robustness,control_c10_window25,1010,NONE,,,,,,25.0,-1.0,1.0,10.0,1.0,COMPLETE,0.13572,0.15197999999999998,0.004315,0.0,27144,0.67,266,0.13572,
news-source-strategies,RQ4,E4-sensitivity-robustness,control_c10_window25,1011,NONE,,,,,,25.0,-1.0,1.0,10.0,1.0,COMPLETE,0.118625,0.10524,0.00414,0.0,23725,0.665,262,0.118625,
news-source-strategies,RQ4,E4-sensitivity-robustness,control_c10_window25,1012,NONE,,,,,,25.0,-1.0,1.0,10.0,1.0,COMPLETE,0.148485,0.0911,0.00429,0.0,29697,0.6725,263,0.148485,
news-source-strategies,RQ4,E4-sensitivity-robustness,control_c10_window25,1013,NONE,,,,,,25.0,-1.0,1.0,10.0,1.0,COMPLETE,0.113645,0.11195999999999999,0.00501,0.0,22729,0.6875,279,0.113645,
news-source-strategies,RQ4,E4-sensitivity-robustness,control_c10_window25,1014,NONE,,,,,,25.0,-1.0,1.0,10.0,1.0,COMPLETE,0.139275,0.09542,0.00463,0.0,27855,0.6125,266,0.139275,
news-source-strategies,RQ4,E4-sensitivity-robustness,control_c10_window25,1015,NONE,,,,,,25.0,-1.0,1.0,10.0,1.0,COMPLETE,0.12887,0.08462,0.00423,0.0,25774,0.6825,256,0.12887,
news-source-strategies,RQ4,E4-sensitivity-robustness,credibility_c10_window25,1001,CREDIBILITY_CAMOUFLAGE,TRADITIONAL_MEDIA,FAKE_NEWS_SOURCE,1.0,-1.0,,25.0,-1.0,1.0,10.0,1.0,COMPLETE,0.14078,0.14312,0.00622,0.0,28156,0.635,266,0.14078,
news-source-strategies,RQ4,E4-sensitivity-robustness,credibility_c10_window25,1002,CREDIBILITY_CAMOUFLAGE,TRADITIONAL_MEDIA,FAKE_NEWS_SOURCE,1.0,-1.0,,25.0,-1.0,1.0,10.0,1.0,COMPLETE,0.119635,0.06426000000000001,0.008565,8e-05,23927,0.645,271,0.119635,
news-source-strategies,RQ4,E4-sensitivity-robustness,credibility_c10_window25,1003,CREDIBILITY_CAMOUFLAGE,TRADITIONAL_MEDIA,FAKE_NEWS_SOURCE,1.0,-1.0,,25.0,-1.0,1.0,10.0,1.0,COMPLETE,0.12991999999999998,0.1238,0.00752,0.0,25984,0.66,267,0.12991999999999998,
news-source-strategies,RQ4,E4-sensitivity-robustness,credibility_c10_window25,1004,CREDIBILITY_CAMOUFLAGE,TRADITIONAL_MEDIA,FAKE_NEWS_SOURCE,1.0,-1.0,,25.0,-1.0,1.0,10.0,1.0,COMPLETE,0.09117499999999999,0.0573,0.00677,0.0,18235,0.6675,255,0.09117499999999999,
news-source-strategies,RQ4,E4-sensitivity-robustness,credibility_c10_window25,1005,CREDIBILITY_CAMOUFLAGE,TRADITIONAL_MEDIA,FAKE_NEWS_SOURCE,1.0,-1.0,,25.0,-1.0,1.0,10.0,1.0,COMPLETE,0.142625,0.18297999999999998,0.007809999999999999,0.0,28525,0.66,274,0.142625,
news-source-strategies,RQ4,E4-sensitivity-robustness,credibility_c10_window25,1006,CREDIBILITY_CAMOUFLAGE,TRADITIONAL_MEDIA,FAKE_NEWS_SOURCE,1.0,-1.0,,25.0,-1.0,1.0,10.0,1.0,COMPLETE,0.122655,0.0888,0.007485,0.0,24531,0.635,281,0.122655,
news-source-strategies,RQ4,E4-sensitivity-robustness,credibility_c10_window25,1007,CREDIBILITY_CAMOUFLAGE,TRADITIONAL_MEDIA,FAKE_NEWS_SOURCE,1.0,-1.0,,25.0,-1.0,1.0,10.0,1.0,COMPLETE,0.09831000000000001,0.05328,0.005755,0.0,19662,0.6875,249,0.09831000000000001,
news-source-strategies,RQ4,E4-sensitivity-robustness,credibility_c10_window25,1008,CREDIBILITY_CAMOUFLAGE,TRADITIONAL_MEDIA,FAKE_NEWS_SOURCE,1.0,-1.0,,25.0,-1.0,1.0,10.0,1.0,COMPLETE,0.12240000000000001,0.08458,0.006825,0.0,24480,0.6625,279,0.12240000000000001,
news-source-strategies,RQ4,E4-sensitivity-robustness,credibility_c10_window25,1009,CREDIBILITY_CAMOUFLAGE,TRADITIONAL_MEDIA,FAKE_NEWS_SOURCE,1.0,-1.0,,25.0,-1.0,1.0,10.0,1.0,COMPLETE,0.12445,0.08209999999999999,0.0068200000000000005,0.0,24890,0.6225,263,0.12445,
news-source-strategies,RQ4,E4-sensitivity-robustness,credibility_c10_window25,1010,CREDIBILITY_CAMOUFLAGE,TRADITIONAL_MEDIA,FAKE_NEWS_SOURCE,1.0,-1.0,,25.0,-1.0,1.0,10.0,1.0,COMPLETE,0.13697,0.15202000000000002,0.007245,0.0,27394,0.67,264,0.13697,
news-source-strategies,RQ4,E4-sensitivity-robustness,credibility_c10_window25,1011,CREDIBILITY_CAMOUFLAGE,TRADITIONAL_MEDIA,FAKE_NEWS_SOURCE,1.0,-1.0,,25.0,-1.0,1.0,10.0,1.0,COMPLETE,0.12018000000000001,0.10507999999999999,0.006665,0.0,24036,0.665,261,0.12018000000000001,
news-source-strategies,RQ4,E4-sensitivity-robustness,credibility_c10_window25,1012,CREDIBILITY_CAMOUFLAGE,TRADITIONAL_MEDIA,FAKE_NEWS_SOURCE,1.0,-1.0,,25.0,-1.0,1.0,10.0,1.0,COMPLETE,0.14922,0.09115999999999999,0.006835,0.0,29844,0.6725,262,0.14922,
news-source-strategies,RQ4,E4-sensitivity-robustness,credibility_c10_window25,1013,CREDIBILITY_CAMOUFLAGE,TRADITIONAL_MEDIA,FAKE_NEWS_SOURCE,1.0,-1.0,,25.0,-1.0,1.0,10.0,1.0,COMPLETE,0.11543,0.11181999999999999,0.00789,0.0,23086,0.6875,278,0.11543,
news-source-strategies,RQ4,E4-sensitivity-robustness,credibility_c10_window25,1014,CREDIBILITY_CAMOUFLAGE,TRADITIONAL_MEDIA,FAKE_NEWS_SOURCE,1.0,-1.0,,25.0,-1.0,1.0,10.0,1.0,COMPLETE,0.14055,0.09584000000000001,0.0074800000000000005,0.0,28110,0.6125,264,0.14055,
news-source-strategies,RQ4,E4-sensitivity-robustness,credibility_c10_window25,1015,CREDIBILITY_CAMOUFLAGE,TRADITIONAL_MEDIA,FAKE_NEWS_SOURCE,1.0,-1.0,,25.0,-1.0,1.0,10.0,1.0,COMPLETE,0.129935,0.08458,0.00764,0.0,25987,0.6825,256,0.129935,
news-source-strategies,RQ4,E4-sensitivity-robustness,control_c10_half0_33,1001,NONE,,,,,,-1.0,0.33,1.0,10.0,1.0,COMPLETE,0.12351000000000001,0.16008,0.01857,0.02154,24702,0.635,492,0.12351000000000001,
news-source-strategies,RQ4,E4-sensitivity-robustness,control_c10_half0_33,1002,NONE,,,,,,-1.0,0.33,1.0,10.0,1.0,COMPLETE,0.088285,0.07112,0.009779999999999999,0.00722,17657,0.645,420,0.088285,
news-source-strategies,RQ4,E4-sensitivity-robustness,control_c10_half0_33,1003,NONE,,,,,,-1.0,0.33,1.0,10.0,1.0,COMPLETE,0.10593999999999999,0.13662,0.012865,0.0121,21188,0.66,467,0.10593999999999999,
news-source-strategies,RQ4,E4-sensitivity-robustness,control_c10_half0_33,1004,NONE,,,,,,-1.0,0.33,1.0,10.0,1.0,COMPLETE,0.07271,0.054920000000000004,0.00796,0.0033,14542,0.6675,408,0.07271,
news-source-strategies,RQ4,E4-sensitivity-robustness,control_c10_half0_33,1005,NONE,,,,,,-1.0,0.33,1.0,10.0,1.0,COMPLETE,0.12932,0.22518000000000002,0.016965,0.037759999999999995,25864,0.66,487,0.12932,
news-source-strategies,RQ4,E4-sensitivity-robustness,control_c10_half0_33,1006,NONE,,,,,,-1.0,0.33,1.0,10.0,1.0,COMPLETE,0.124295,0.08738,0.020145,0.00556,24859,0.635,493,0.124295,
news-source-strategies,RQ4,E4-sensitivity-robustness,control_c10_half0_33,1007,NONE,,,,,,-1.0,0.33,1.0,10.0,1.0,COMPLETE,0.07013,0.05484000000000001,0.00853,0.0028,14026,0.6875,421,0.07013,
news-source-strategies,RQ4,E4-sensitivity-robustness,control_c10_half0_33,1008,NONE,,,,,,-1.0,0.33,1.0,10.0,1.0,COMPLETE,0.10590000000000001,0.0863,0.012635,0.0045,21180,0.6625,468,0.10590000000000001,
news-source-strategies,RQ4,E4-sensitivity-robustness,control_c10_half0_33,1009,NONE,,,,,,-1.0,0.33,1.0,10.0,1.0,COMPLETE,0.10209,0.08688,0.01262,0.00464,20418,0.6225,467,0.10209,
news-source-strategies,RQ4,E4-sensitivity-robustness,control_c10_half0_33,1010,NONE,,,,,,-1.0,0.33,1.0,10.0,1.0,COMPLETE,0.13342500000000002,0.18272,0.022850000000000002,0.040240000000000005,26685,0.67,498,0.13342500000000002,
news-source-strategies,RQ4,E4-sensitivity-robustness,control_c10_half0_33,1011,NONE,,,,,,-1.0,0.33,1.0,10.0,1.0,COMPLETE,0.137595,0.1123,0.02184,0.0085,27519,0.665,494,0.137595,
news-source-strategies,RQ4,E4-sensitivity-robustness,control_c10_half0_33,1012,NONE,,,,,,-1.0,0.33,1.0,10.0,1.0,COMPLETE,0.12561,0.08972,0.019325,0.0061600000000000005,25122,0.6725,497,0.12561,
news-source-strategies,RQ4,E4-sensitivity-robustness,control_c10_half0_33,1013,NONE,,,,,,-1.0,0.33,1.0,10.0,1.0,COMPLETE,0.090125,0.13434000000000001,0.01199,0.01678,18025,0.6875,453,0.090125,
news-source-strategies,RQ4,E4-sensitivity-robustness,control_c10_half0_33,1014,NONE,,,,,,-1.0,0.33,1.0,10.0,1.0,COMPLETE,0.12577,0.10302,0.01448,0.01088,25154,0.6125,466,0.12577,
news-source-strategies,RQ4,E4-sensitivity-robustness,control_c10_half0_33,1015,NONE,,,,,,-1.0,0.33,1.0,10.0,1.0,COMPLETE,0.10482,0.08826,0.012185,0.00634,20964,0.6825,464,0.10482,
news-source-strategies,RQ4,E4-sensitivity-robustness,credibility_c10_half0_33,1001,CREDIBILITY_CAMOUFLAGE,TRADITIONAL_MEDIA,FAKE_NEWS_SOURCE,1.0,-1.0,,-1.0,0.33,1.0,10.0,1.0,COMPLETE,0.12277500000000001,0.1589,0.019545000000000003,0.02204,24555,0.635,491,0.12277500000000001,
news-source-strategies,RQ4,E4-sensitivity-robustness,credibility_c10_half0_33,1002,CREDIBILITY_CAMOUFLAGE,TRADITIONAL_MEDIA,FAKE_NEWS_SOURCE,1.0,-1.0,,-1.0,0.33,1.0,10.0,1.0,COMPLETE,0.089015,0.07166,0.01069,0.007940000000000001,17803,0.645,439,0.089015,
news-source-strategies,RQ4,E4-sensitivity-robustness,credibility_c10_half0_33,1003,CREDIBILITY_CAMOUFLAGE,TRADITIONAL_MEDIA,FAKE_NEWS_SOURCE,1.0,-1.0,,-1.0,0.33,1.0,10.0,1.0,COMPLETE,0.10599,0.13762,0.01351,0.01358,21198,0.66,470,0.10599,
news-source-strategies,RQ4,E4-sensitivity-robustness,credibility_c10_half0_33,1004,CREDIBILITY_CAMOUFLAGE,TRADITIONAL_MEDIA,FAKE_NEWS_SOURCE,1.0,-1.0,,-1.0,0.33,1.0,10.0,1.0,COMPLETE,0.07327,0.05504,0.00861,0.00348,14654,0.6675,420,0.07327,
news-source-strategies,RQ4,E4-sensitivity-robustness,credibility_c10_half0_33,1005,CREDIBILITY_CAMOUFLAGE,TRADITIONAL_MEDIA,FAKE_NEWS_SOURCE,1.0,-1.0,,-1.0,0.33,1.0,10.0,1.0,COMPLETE,0.130555,0.23124,0.01907,0.04536,26111,0.66,494,0.130555,
news-source-strategies,RQ4,E4-sensitivity-robustness,credibility_c10_half0_33,1006,CREDIBILITY_CAMOUFLAGE,TRADITIONAL_MEDIA,FAKE_NEWS_SOURCE,1.0,-1.0,,-1.0,0.33,1.0,10.0,1.0,COMPLETE,0.147435,0.08738,0.028875,0.005860000000000001,29487,0.635,499,0.147435,
news-source-strategies,RQ4,E4-sensitivity-robustness,credibility_c10_half0_33,1007,CREDIBILITY_CAMOUFLAGE,TRADITIONAL_MEDIA,FAKE_NEWS_SOURCE,1.0,-1.0,,-1.0,0.33,1.0,10.0,1.0,COMPLETE,0.069615,0.054939999999999996,0.008725,0.00282,13923,0.6875,423,0.069615,
news-source-strategies,RQ4,E4-sensitivity-robustness,credibility_c10_half0_33,1008,CREDIBILITY_CAMOUFLAGE,TRADITIONAL_MEDIA,FAKE_NEWS_SOURCE,1.0,-1.0,,-1.0,0.33,1.0,10.0,1.0,COMPLETE,0.107205,0.08644,0.014125,0.00508,21441,0.6625,472,0.107205,
news-source-strategies,RQ4,E4-sensitivity-robustness,credibility_c10_half0_33,1009,CREDIBILITY_CAMOUFLAGE,TRADITIONAL_MEDIA,FAKE_NEWS_SOURCE,1.0,-1.0,,-1.0,0.33,1.0,10.0,1.0,COMPLETE,0.100875,0.08674,0.01174,0.0044599999999999996,20175,0.6225,466,0.100875,
news-source-strategies,RQ4,E4-sensitivity-robustness,credibility_c10_half0_33,1010,CREDIBILITY_CAMOUFLAGE,TRADITIONAL_MEDIA,FAKE_NEWS_SOURCE,1.0,-1.0,,-1.0,0.33,1.0,10.0,1.0,COMPLETE,0.13432,0.18478,0.02506,0.04514,26864,0.67,500,0.13432,
news-source-strategies,RQ4,E4-sensitivity-robustness,credibility_c10_half0_33,1011,CREDIBILITY_CAMOUFLAGE,TRADITIONAL_MEDIA,FAKE_NEWS_SOURCE,1.0,-1.0,,-1.0,0.33,1.0,10.0,1.0,COMPLETE,0.116215,0.11034000000000001,0.017705,0.00842,23243,0.665,492,0.116215,
news-source-strategies,RQ4,E4-sensitivity-robustness,credibility_c10_half0_33,1012,CREDIBILITY_CAMOUFLAGE,TRADITIONAL_MEDIA,FAKE_NEWS_SOURCE,1.0,-1.0,,-1.0,0.33,1.0,10.0,1.0,COMPLETE,0.125,0.08929999999999999,0.019895,0.00622,25000,0.6725,497,0.125,
news-source-strategies,RQ4,E4-sensitivity-robustness,credibility_c10_half0_33,1013,CREDIBILITY_CAMOUFLAGE,TRADITIONAL_MEDIA,FAKE_NEWS_SOURCE,1.0,-1.0,,-1.0,0.33,1.0,10.0,1.0,COMPLETE,0.09049,0.13763999999999998,0.013380000000000001,0.02168,18098,0.6875,471,0.09049,
news-source-strategies,RQ4,E4-sensitivity-robustness,credibility_c10_half0_33,1014,CREDIBILITY_CAMOUFLAGE,TRADITIONAL_MEDIA,FAKE_NEWS_SOURCE,1.0,-1.0,,-1.0,0.33,1.0,10.0,1.0,COMPLETE,0.126195,0.10092,0.015515000000000001,0.009179999999999999,25239,0.6125,468,0.126195,
news-source-strategies,RQ4,E4-sensitivity-robustness,credibility_c10_half0_33,1015,CREDIBILITY_CAMOUFLAGE,TRADITIONAL_MEDIA,FAKE_NEWS_SOURCE,1.0,-1.0,,-1.0,0.33,1.0,10.0,1.0,COMPLETE,0.10354000000000001,0.08872,0.011779999999999999,0.0070999999999999995,20708,0.6825,467,0.10354000000000001,
news-source-strategies,RQ4,E4-sensitivity-robustness,control_c10_half1,1001,NONE,,,,,,-1.0,1.0,1.0,10.0,1.0,COMPLETE,0.111595,0.14,0.00344,0.0,22319,0.635,209,0.111595,
news-source-strategies,RQ4,E4-sensitivity-robustness,control_c10_half1,1002,NONE,,,,,,-1.0,1.0,1.0,10.0,1.0,COMPLETE,0.085485,0.06,0.00319,0.0,17097,0.645,213,0.085485,
news-source-strategies,RQ4,E4-sensitivity-robustness,control_c10_half1,1003,NONE,,,,,,-1.0,1.0,1.0,10.0,1.0,COMPLETE,0.098785,0.12,0.004205,0.0,19757,0.66,229,0.098785,
news-source-strategies,RQ4,E4-sensitivity-robustness,control_c10_half1,1004,NONE,,,,,,-1.0,1.0,1.0,10.0,1.0,COMPLETE,0.06919499999999999,0.05,0.00299,0.0,13839,0.6675,188,0.06919499999999999,
news-source-strategies,RQ4,E4-sensitivity-robustness,control_c10_half1,1005,NONE,,,,,,-1.0,1.0,1.0,10.0,1.0,COMPLETE,0.11692,0.18,0.0035150000000000003,0.0,23384,0.66,215,0.11692,
news-source-strategies,RQ4,E4-sensitivity-robustness,control_c10_half1,1006,NONE,,,,,,-1.0,1.0,1.0,10.0,1.0,COMPLETE,0.09788,0.08,0.0041600000000000005,0.0,19576,0.635,225,0.09788,
news-source-strategies,RQ4,E4-sensitivity-robustness,control_c10_half1,1007,NONE,,,,,,-1.0,1.0,1.0,10.0,1.0,COMPLETE,0.053765,0.05,0.0030800000000000003,0.0,10753,0.6875,208,0.053765,
news-source-strategies,RQ4,E4-sensitivity-robustness,control_c10_half1,1008,NONE,,,,,,-1.0,1.0,1.0,10.0,1.0,COMPLETE,0.09661,0.08,0.004055,0.0,19322,0.6625,222,0.09661,
news-source-strategies,RQ4,E4-sensitivity-robustness,control_c10_half1,1009,NONE,,,,,,-1.0,1.0,1.0,10.0,1.0,COMPLETE,0.09531,0.08,0.004030000000000001,0.0,19062,0.6225,244,0.09531,
news-source-strategies,RQ4,E4-sensitivity-robustness,control_c10_half1,1010,NONE,,,,,,-1.0,1.0,1.0,10.0,1.0,COMPLETE,0.117515,0.15,0.003965,0.0,23503,0.67,224,0.117515,
news-source-strategies,RQ4,E4-sensitivity-robustness,control_c10_half1,1011,NONE,,,,,,-1.0,1.0,1.0,10.0,1.0,COMPLETE,0.09744499999999999,0.1,0.004375,0.0,19489,0.665,222,0.09744499999999999,
news-source-strategies,RQ4,E4-sensitivity-robustness,control_c10_half1,1012,NONE,,,,,,-1.0,1.0,1.0,10.0,1.0,COMPLETE,0.11107500000000001,0.08,0.00436,0.0,22215,0.6725,241,0.11107500000000001,
news-source-strategies,RQ4,E4-sensitivity-robustness,control_c10_half1,1013,NONE,,,,,,-1.0,1.0,1.0,10.0,1.0,COMPLETE,0.08394499999999999,0.11,0.00335,0.0,16789,0.6875,191,0.08394499999999999,
news-source-strategies,RQ4,E4-sensitivity-robustness,control_c10_half1,1014,NONE,,,,,,-1.0,1.0,1.0,10.0,1.0,COMPLETE,0.11622,0.09,0.0030800000000000003,0.0,23244,0.6125,184,0.11622,
news-source-strategies,RQ4,E4-sensitivity-robustness,control_c10_half1,1015,NONE,,,,,,-1.0,1.0,1.0,10.0,1.0,COMPLETE,0.10098,0.08,0.0046749999999999995,0.0,20196,0.6825,251,0.10098,
news-source-strategies,RQ4,E4-sensitivity-robustness,credibility_c10_half1,1001,CREDIBILITY_CAMOUFLAGE,TRADITIONAL_MEDIA,FAKE_NEWS_SOURCE,1.0,-1.0,,-1.0,1.0,1.0,10.0,1.0,COMPLETE,0.11137000000000001,0.14,0.004125,0.0,22274,0.635,207,0.11137000000000001,
news-source-strategies,RQ4,E4-sensitivity-robustness,credibility_c10_half1,1002,CREDIBILITY_CAMOUFLAGE,TRADITIONAL_MEDIA,FAKE_NEWS_SOURCE,1.0,-1.0,,-1.0,1.0,1.0,10.0,1.0,COMPLETE,0.08591,0.06,0.004285,0.0,17182,0.645,224,0.08591,
news-source-strategies,RQ4,E4-sensitivity-robustness,credibility_c10_half1,1003,CREDIBILITY_CAMOUFLAGE,TRADITIONAL_MEDIA,FAKE_NEWS_SOURCE,1.0,-1.0,,-1.0,1.0,1.0,10.0,1.0,COMPLETE,0.0995,0.12,0.005265,0.0,19900,0.66,249,0.0995,
news-source-strategies,RQ4,E4-sensitivity-robustness,credibility_c10_half1,1004,CREDIBILITY_CAMOUFLAGE,TRADITIONAL_MEDIA,FAKE_NEWS_SOURCE,1.0,-1.0,,-1.0,1.0,1.0,10.0,1.0,COMPLETE,0.06944,0.05,0.003665,0.0,13888,0.6675,191,0.06944,
news-source-strategies,RQ4,E4-sensitivity-robustness,credibility_c10_half1,1005,CREDIBILITY_CAMOUFLAGE,TRADITIONAL_MEDIA,FAKE_NEWS_SOURCE,1.0,-1.0,,-1.0,1.0,1.0,10.0,1.0,COMPLETE,0.116745,0.18,0.00422,0.0,23349,0.66,215,0.116745,
news-source-strategies,RQ4,E4-sensitivity-robustness,credibility_c10_half1,1006,CREDIBILITY_CAMOUFLAGE,TRADITIONAL_MEDIA,FAKE_NEWS_SOURCE,1.0,-1.0,,-1.0,1.0,1.0,10.0,1.0,COMPLETE,0.098875,0.08,0.00539,0.0,19775,0.635,242,0.098875,
news-source-strategies,RQ4,E4-sensitivity-robustness,credibility_c10_half1,1007,CREDIBILITY_CAMOUFLAGE,TRADITIONAL_MEDIA,FAKE_NEWS_SOURCE,1.0,-1.0,,-1.0,1.0,1.0,10.0,1.0,COMPLETE,0.05373,0.05,0.0038599999999999997,0.0,10746,0.6875,205,0.05373,
news-source-strategies,RQ4,E4-sensitivity-robustness,credibility_c10_half1,1008,CREDIBILITY_CAMOUFLAGE,TRADITIONAL_MEDIA,FAKE_NEWS_SOURCE,1.0,-1.0,,-1.0,1.0,1.0,10.0,1.0,COMPLETE,0.096745,0.08,0.00483,0.0,19349,0.6625,219,0.096745,
news-source-strategies,RQ4,E4-sensitivity-robustness,credibility_c10_half1,1009,CREDIBILITY_CAMOUFLAGE,TRADITIONAL_MEDIA,FAKE_NEWS_SOURCE,1.0,-1.0,,-1.0,1.0,1.0,10.0,1.0,COMPLETE,0.095785,0.08,0.005325,0.0,19157,0.6225,243,0.095785,
news-source-strategies,RQ4,E4-sensitivity-robustness,credibility_c10_half1,1010,CREDIBILITY_CAMOUFLAGE,TRADITIONAL_MEDIA,FAKE_NEWS_SOURCE,1.0,-1.0,,-1.0,1.0,1.0,10.0,1.0,COMPLETE,0.11814,0.15,0.005365,0.0,23628,0.67,234,0.11814,
news-source-strategies,RQ4,E4-sensitivity-robustness,credibility_c10_half1,1011,CREDIBILITY_CAMOUFLAGE,TRADITIONAL_MEDIA,FAKE_NEWS_SOURCE,1.0,-1.0,,-1.0,1.0,1.0,10.0,1.0,COMPLETE,0.09775,0.1,0.00544,0.0,19550,0.665,222,0.09775,
news-source-strategies,RQ4,E4-sensitivity-robustness,credibility_c10_half1,1012,CREDIBILITY_CAMOUFLAGE,TRADITIONAL_MEDIA,FAKE_NEWS_SOURCE,1.0,-1.0,,-1.0,1.0,1.0,10.0,1.0,COMPLETE,0.111165,0.08,0.00537,0.0,22233,0.6725,245,0.111165,
news-source-strategies,RQ4,E4-sensitivity-robustness,credibility_c10_half1,1013,CREDIBILITY_CAMOUFLAGE,TRADITIONAL_MEDIA,FAKE_NEWS_SOURCE,1.0,-1.0,,-1.0,1.0,1.0,10.0,1.0,COMPLETE,0.08445,0.11,0.004105,0.0,16890,0.6875,201,0.08445,
news-source-strategies,RQ4,E4-sensitivity-robustness,credibility_c10_half1,1014,CREDIBILITY_CAMOUFLAGE,TRADITIONAL_MEDIA,FAKE_NEWS_SOURCE,1.0,-1.0,,-1.0,1.0,1.0,10.0,1.0,COMPLETE,0.11644,0.09,0.003735,0.0,23288,0.6125,179,0.11644,
news-source-strategies,RQ4,E4-sensitivity-robustness,credibility_c10_half1,1015,CREDIBILITY_CAMOUFLAGE,TRADITIONAL_MEDIA,FAKE_NEWS_SOURCE,1.0,-1.0,,-1.0,1.0,1.0,10.0,1.0,COMPLETE,0.101765,0.08,0.005925,0.0,20353,0.6825,269,0.101765,
news-source-strategies,RQ4,E4-sensitivity-robustness,control_c10_half5,1001,NONE,,,,,,-1.0,5.0,1.0,10.0,1.0,COMPLETE,0.12558,0.14042,0.00299,4e-05,25116,0.635,229,0.12558,
news-source-strategies,RQ4,E4-sensitivity-robustness,control_c10_half5,1002,NONE,,,,,,-1.0,5.0,1.0,10.0,1.0,COMPLETE,0.101535,0.06082,0.00318,0.00022,20307,0.645,227,0.101535,
news-source-strategies,RQ4,E4-sensitivity-robustness,control_c10_half5,1003,NONE,,,,,,-1.0,5.0,1.0,10.0,1.0,COMPLETE,0.112185,0.12066,0.00319,0.0,22437,0.66,213,0.112185,
news-source-strategies,RQ4,E4-sensitivity-robustness,control_c10_half5,1004,NONE,,,,,,-1.0,5.0,1.0,10.0,1.0,COMPLETE,0.076605,0.05108,0.0033650000000000004,0.0003,15321,0.6675,219,0.076605,
news-source-strategies,RQ4,E4-sensitivity-robustness,control_c10_half5,1005,NONE,,,,,,-1.0,5.0,1.0,10.0,1.0,COMPLETE,0.12858,0.18052,0.003525,0.00026000000000000003,25716,0.66,224,0.12858,
news-source-strategies,RQ4,E4-sensitivity-robustness,control_c10_half5,1006,NONE,,,,,,-1.0,5.0,1.0,10.0,1.0,COMPLETE,0.10962999999999999,0.08116,0.00348,0.0001,21926,0.635,228,0.10962999999999999,
news-source-strategies,RQ4,E4-sensitivity-robustness,control_c10_half5,1007,NONE,,,,,,-1.0,5.0,1.0,10.0,1.0,COMPLETE,0.07631,0.05072,0.00342,0.00044,15262,0.6875,225,0.07631,
news-source-strategies,RQ4,E4-sensitivity-robustness,control_c10_half5,1008,NONE,,,,,,-1.0,5.0,1.0,10.0,1.0,COMPLETE,0.10931999999999999,0.08088,0.0032400000000000003,0.00011999999999999999,21864,0.6625,225,0.10931999999999999,
news-source-strategies,RQ4,E4-sensitivity-robustness,control_c10_half5,1009,NONE,,,,,,-1.0,5.0,1.0,10.0,1.0,COMPLETE,0.11045999999999999,0.08095999999999999,0.0030600000000000002,0.0,22092,0.6225,220,0.11045999999999999,
news-source-strategies,RQ4,E4-sensitivity-robustness,control_c10_half5,1010,NONE,,,,,,-1.0,5.0,1.0,10.0,1.0,COMPLETE,0.126275,0.15042,0.0029049999999999996,0.0,25255,0.67,210,0.126275,
news-source-strategies,RQ4,E4-sensitivity-robustness,control_c10_half5,1011,NONE,,,,,,-1.0,5.0,1.0,10.0,1.0,COMPLETE,0.10940000000000001,0.10146,0.002725,4e-05,21880,0.665,192,0.10940000000000001,
news-source-strategies,RQ4,E4-sensitivity-robustness,control_c10_half5,1012,NONE,,,,,,-1.0,5.0,1.0,10.0,1.0,COMPLETE,0.13019999999999998,0.08222,0.00366,0.00014000000000000001,26040,0.6725,216,0.13019999999999998,
news-source-strategies,RQ4,E4-sensitivity-robustness,control_c10_half5,1013,NONE,,,,,,-1.0,5.0,1.0,10.0,1.0,COMPLETE,0.09996,0.11064,0.0038450000000000003,0.00016,19992,0.6875,226,0.09996,
news-source-strategies,RQ4,E4-sensitivity-robustness,control_c10_half5,1014,NONE,,,,,,-1.0,5.0,1.0,10.0,1.0,COMPLETE,0.128745,0.09126000000000001,0.00311,0.0,25749,0.6125,218,0.128745,
news-source-strategies,RQ4,E4-sensitivity-robustness,control_c10_half5,1015,NONE,,,,,,-1.0,5.0,1.0,10.0,1.0,COMPLETE,0.116345,0.08159999999999999,0.00335,0.00028000000000000003,23269,0.6825,221,0.116345,
news-source-strategies,RQ4,E4-sensitivity-robustness,credibility_c10_half5,1001,CREDIBILITY_CAMOUFLAGE,TRADITIONAL_MEDIA,FAKE_NEWS_SOURCE,1.0,-1.0,,-1.0,5.0,1.0,10.0,1.0,COMPLETE,0.12641,0.14042,0.004685,4e-05,25282,0.635,227,0.12641,
news-source-strategies,RQ4,E4-sensitivity-robustness,credibility_c10_half5,1002,CREDIBILITY_CAMOUFLAGE,TRADITIONAL_MEDIA,FAKE_NEWS_SOURCE,1.0,-1.0,,-1.0,5.0,1.0,10.0,1.0,COMPLETE,0.102575,0.060579999999999995,0.005645,8e-05,20515,0.645,224,0.102575,
news-source-strategies,RQ4,E4-sensitivity-robustness,credibility_c10_half5,1003,CREDIBILITY_CAMOUFLAGE,TRADITIONAL_MEDIA,FAKE_NEWS_SOURCE,1.0,-1.0,,-1.0,5.0,1.0,10.0,1.0,COMPLETE,0.1134,0.12096,0.00464,4e-05,22680,0.66,213,0.1134,
news-source-strategies,RQ4,E4-sensitivity-robustness,credibility_c10_half5,1004,CREDIBILITY_CAMOUFLAGE,TRADITIONAL_MEDIA,FAKE_NEWS_SOURCE,1.0,-1.0,,-1.0,5.0,1.0,10.0,1.0,COMPLETE,0.07752500000000001,0.0513,0.005265,0.0005,15505,0.6675,227,0.07752500000000001,
news-source-strategies,RQ4,E4-sensitivity-robustness,credibility_c10_half5,1005,CREDIBILITY_CAMOUFLAGE,TRADITIONAL_MEDIA,FAKE_NEWS_SOURCE,1.0,-1.0,,-1.0,5.0,1.0,10.0,1.0,COMPLETE,0.12924000000000002,0.18052,0.00588,0.00028000000000000003,25848,0.66,223,0.12924000000000002,
news-source-strategies,RQ4,E4-sensitivity-robustness,credibility_c10_half5,1006,CREDIBILITY_CAMOUFLAGE,TRADITIONAL_MEDIA,FAKE_NEWS_SOURCE,1.0,-1.0,,-1.0,5.0,1.0,10.0,1.0,COMPLETE,0.11025,0.08131999999999999,0.005625,0.0001,22050,0.635,229,0.11025,
news-source-strategies,RQ4,E4-sensitivity-robustness,credibility_c10_half5,1007,CREDIBILITY_CAMOUFLAGE,TRADITIONAL_MEDIA,FAKE_NEWS_SOURCE,1.0,-1.0,,-1.0,5.0,1.0,10.0,1.0,COMPLETE,0.07728499999999999,0.05076,0.005055,0.00044,15457,0.6875,226,0.07728499999999999,
news-source-strategies,RQ4,E4-sensitivity-robustness,credibility_c10_half5,1008,CREDIBILITY_CAMOUFLAGE,TRADITIONAL_MEDIA,FAKE_NEWS_SOURCE,1.0,-1.0,,-1.0,5.0,1.0,10.0,1.0,COMPLETE,0.10994499999999999,0.08076,0.005,0.00011999999999999999,21989,0.6625,226,0.10994499999999999,
news-source-strategies,RQ4,E4-sensitivity-robustness,credibility_c10_half5,1009,CREDIBILITY_CAMOUFLAGE,TRADITIONAL_MEDIA,FAKE_NEWS_SOURCE,1.0,-1.0,,-1.0,5.0,1.0,10.0,1.0,COMPLETE,0.11023999999999999,0.08052,0.004525,8e-05,22048,0.6225,224,0.11023999999999999,
news-source-strategies,RQ4,E4-sensitivity-robustness,credibility_c10_half5,1010,CREDIBILITY_CAMOUFLAGE,TRADITIONAL_MEDIA,FAKE_NEWS_SOURCE,1.0,-1.0,,-1.0,5.0,1.0,10.0,1.0,COMPLETE,0.1273,0.15036000000000002,0.0046749999999999995,0.0,25460,0.67,207,0.1273,
news-source-strategies,RQ4,E4-sensitivity-robustness,credibility_c10_half5,1011,CREDIBILITY_CAMOUFLAGE,TRADITIONAL_MEDIA,FAKE_NEWS_SOURCE,1.0,-1.0,,-1.0,5.0,1.0,10.0,1.0,COMPLETE,0.11016500000000001,0.10144,0.0047599999999999995,0.00022,22033,0.665,195,0.11016500000000001,
news-source-strategies,RQ4,E4-sensitivity-robustness,credibility_c10_half5,1012,CREDIBILITY_CAMOUFLAGE,TRADITIONAL_MEDIA,FAKE_NEWS_SOURCE,1.0,-1.0,,-1.0,5.0,1.0,10.0,1.0,COMPLETE,0.13047999999999998,0.08208,0.004925,0.00038,26096,0.6725,210,0.13047999999999998,
news-source-strategies,RQ4,E4-sensitivity-robustness,credibility_c10_half5,1013,CREDIBILITY_CAMOUFLAGE,TRADITIONAL_MEDIA,FAKE_NEWS_SOURCE,1.0,-1.0,,-1.0,5.0,1.0,10.0,1.0,COMPLETE,0.101165,0.11068,0.0057350000000000005,0.00011999999999999999,20233,0.6875,224,0.101165,
news-source-strategies,RQ4,E4-sensitivity-robustness,credibility_c10_half5,1014,CREDIBILITY_CAMOUFLAGE,TRADITIONAL_MEDIA,FAKE_NEWS_SOURCE,1.0,-1.0,,-1.0,5.0,1.0,10.0,1.0,COMPLETE,0.129505,0.09124,0.0048449999999999995,0.0,25901,0.6125,217,0.129505,
news-source-strategies,RQ4,E4-sensitivity-robustness,credibility_c10_half5,1015,CREDIBILITY_CAMOUFLAGE,TRADITIONAL_MEDIA,FAKE_NEWS_SOURCE,1.0,-1.0,,-1.0,5.0,1.0,10.0,1.0,COMPLETE,0.11653,0.08109999999999999,0.004985000000000001,0.00017999999999999998,23306,0.6825,218,0.11653,
