study,research_question,experiment,condition,seed,strategy,from,to,start_period,end_period,target_reach,memory,memory_half_life,wom,contacts,friends,status
news-source-strategies,RQ1,E1-strategy-comparison,control,1001,NONE,,,,,,-1.0,0.33,1.0,5.0,1.0,COMPLETE
news-source-strategies,RQ1,E1-strategy-comparison,control,1002,NONE,,,,,,-1.0,0.33,1.0,5.0,1.0,COMPLETE
news-source-strategies,RQ1,E1-strategy-comparison,control,1003,NONE,,,,,,-1.0,0.33,1.0,5.0,1.0,COMPLETE
news-source-strategies,RQ1,E1-strategy-comparison,control,1004,NONE,,,,,,-1.0,0.33,1.0,5.0,1.0,COMPLETE
news-source-strategies,RQ1,E1-strategy-comparison,control,1005,NONE,,,,,,-1.0,0.33,1.0,5.0,1.0,COMPLETE
news-source-strategies,RQ1,E1-strategy-comparison,control,1006,NONE,,,,,,-1.0,0.33,1.0,5.0,1.0,COMPLETE
news-source-strategies,RQ1,E1-strategy-comparison,control,1007,NONE,,,,,,-1.0,0.33,1.0,5.0,1.0,COMPLETE
news-source-strategies,RQ1,E1-strategy-comparison,control,1008,NONE,,,,,,-1.0,0.33,1.0,5.0,1.0,COMPLETE
news-source-strategies,RQ1,E1-strategy-comparison,control,1009,NONE,,,,,,-1.0,0.33,1.0,5.0,1.0,COMPLETE
news-source-strategies,RQ1,E1-strategy-comparison,control,1010,NONE,,,,,,-1.0,0.33,1.0,5.0,1.0,COMPLETE
news-source-strategies,RQ1,E1-strategy-comparison,control,1011,NONE,,,,,,-1.0,0.33,1.0,5.0,1.0,COMPLETE
news-source-strategies,RQ1,E1-strategy-comparison,control,1012,NONE,,,,,,-1.0,0.33,1.0,5.0,1.0,COMPLETE
news-source-strategies,RQ1,E1-strategy-comparison,control,1013,NONE,,,,,,-1.0,0.33,1.0,5.0,1.0,COMPLETE
news-source-strategies,RQ1,E1-strategy-comparison,control,1014,NONE,,,,,,-1.0,0.33,1.0,5.0,1.0,COMPLETE
news-source-strategies,RQ1,E1-strategy-comparison,control,1015,NONE,,,,,,-1.0,0.33,1.0,5.0,1.0,COMPLETE
news-source-strategies,RQ1,E1-strategy-comparison,control,1016,NONE,,,,,,-1.0,0.33,1.0,5.0,1.0,COMPLETE
news-source-strategies,RQ1,E1-strategy-comparison,control,1017,NONE,,,,,,-1.0,0.33,1.0,5.0,1.0,COMPLETE
news-source-strategies,RQ1,E1-strategy-comparison,control,1018,NONE,,,,,,-1.0,0.33,1.0,5.0,1.0,COMPLETE
news-source-strategies,RQ1,E1-strategy-comparison,control,1019,NONE,,,,,,-1.0,0.33,1.0,5.0,1.0,COMPLETE
news-source-strategies,RQ1,E1-strategy-comparison,control,1020,NONE,,,,,,-1.0,0.33,1.0,5.0,1.0,COMPLETE
news-source-strategies,RQ1,E1-strategy-comparison,control,1021,NONE,,,,,,-1.0,0.33,1.0,5.0,1.0,COMPLETE
news-source-strategies,RQ1,E1-strategy-comparison,control,1022,NONE,,,,,,-1.0,0.33,1.0,5.0,1.0,COMPLETE
news-source-strategies,RQ1,E1-strategy-comparison,control,1023,NONE,,,,,,-1.0,0.33,1.0,5.0,1.0,COMPLETE
news-source-strategies,RQ1,E1-strategy-comparison,control,1024,NONE,,,,,,-1.0,0.33,1.0,5.0,1.0,COMPLETE
news-source-strategies,RQ1,E1-strategy-comparison,control,1025,NONE,,,,,,-1.0,0.33,1.0,5.0,1.0,COMPLETE
news-source-strategies,RQ1,E1-strategy-comparison,control,1026,NONE,,,,,,-1.0,0.33,1.0,5.0,1.0,COMPLETE
news-source-strategies,RQ1,E1-strategy-comparison,control,1027,NONE,,,,,,-1.0,0.33,1.0,5.0,1.0,COMPLETE
news-source-strategies,RQ1,E1-strategy-comparison,control,1028,NONE,,,,,,-1.0,0.33,1.0,5.0,1.0,COMPLETE
news-source-strategies,RQ1,E1-strategy-comparison,control,1029,NONE,,,,,,-1.0,0.33,1.0,5.0,1.0,COMPLETE
news-source-strategies,RQ1,E1-strategy-comparison,control,1030,NONE,,,,,,-1.0,0.33,1.0,5.0,1.0,COMPLETE
news-source-strategies,RQ1,E1-strategy-comparison,engagement,1001,ENGAGEMENT,TRADITIONAL_MEDIA,FAKE_NEWS_SOURCE,1.0,-1.0,,-1.0,0.33,1.0,5.0,1.0,COMPLETE
news-source-strategies,RQ1,E1-strategy-comparison,engagement,1002,ENGAGEMENT,TRADITIONAL_MEDIA,FAKE_NEWS_SOURCE,1.0,-1.0,,-1.0,0.33,1.0,5.0,1.0,COMPLETE
news-source-strategies,RQ1,E1-strategy-comparison,engagement,1003,ENGAGEMENT,TRADITIONAL_MEDIA,FAKE_NEWS_SOURCE,1.0,-1.0,,-1.0,0.33,1.0,5.0,1.0,COMPLETE
news-source-strategies,RQ1,E1-strategy-comparison,engagement,1004,ENGAGEMENT,TRADITIONAL_MEDIA,FAKE_NEWS_SOURCE,1.0,-1.0,,-1.0,0.33,1.0,5.0,1.0,COMPLETE
news-source-strategies,RQ1,E1-strategy-comparison,engagement,1005,ENGAGEMENT,TRADITIONAL_MEDIA,FAKE_NEWS_SOURCE,1.0,-1.0,,-1.0,0.33,1.0,5.0,1.0,COMPLETE
news-source-strategies,RQ1,E1-strategy-comparison,engagement,1006,ENGAGEMENT,TRADITIONAL_MEDIA,FAKE_NEWS_SOURCE,1.0,-1.0,,-1.0,0.33,1.0,5.0,1.0,COMPLETE
news-source-strategies,RQ1,E1-strategy-comparison,engagement,1007,ENGAGEMENT,TRADITIONAL_MEDIA,FAKE_NEWS_SOURCE,1.0,-1.0,,-1.0,0.33,1.0,5.0,1.0,COMPLETE
news-source-strategies,RQ1,E1-strategy-comparison,engagement,1008,ENGAGEMENT,TRADITIONAL_MEDIA,FAKE_NEWS_SOURCE,1.0,-1.0,,-1.0,0.33,1.0,5.0,1.0,COMPLETE
news-source-strategies,RQ1,E1-strategy-comparison,engagement,1009,ENGAGEMENT,TRADITIONAL_MEDIA,FAKE_NEWS_SOURCE,1.0,-1.0,,-1.0,0.33,1.0,5.0,1.0,COMPLETE
news-source-strategies,RQ1,E1-strategy-comparison,engagement,1010,ENGAGEMENT,TRADITIONAL_MEDIA,FAKE_NEWS_SOURCE,1.0,-1.0,,-1.0,0.33,1.0,5.0,1.0,COMPLETE
news-source-strategies,RQ1,E1-strategy-comparison,engagement,1011,ENGAGEMENT,TRADITIONAL_MEDIA,FAKE_NEWS_SOURCE,1.0,-1.0,,-1.0,0.33,1.0,5.0,1.0,COMPLETE
news-source-strategies,RQ1,E1-strategy-comparison,engagement,1012,ENGAGEMENT,TRADITIONAL_MEDIA,FAKE_NEWS_SOURCE,1.0,-1.0,,-1.0,0.33,1.0,5.0,1.0,COMPLETE
news-source-strategies,RQ1,E1-strategy-comparison,engagement,1013,ENGAGEMENT,TRADITIONAL_MEDIA,FAKE_NEWS_SOURCE,1.0,-1.0,,-1.0,0.33,1.0,5.0,1.0,COMPLETE
news-source-strategies,RQ1,E1-strategy-comparison,engagement,1014,ENGAGEMENT,TRADITIONAL_MEDIA,FAKE_NEWS_SOURCE,1.0,-1.0,,-1.0,0.33,1.0,5.0,1.0,COMPLETE
news-source-strategies,RQ1,E1-strategy-comparison,engagement,1015,ENGAGEMENT,TRADITIONAL_MEDIA,FAKE_NEWS_SOURCE,1.0,-1.0,,-1.0,0.33,1.0,5.0,1.0,COMPLETE
news-source-strategies,RQ1,E1-strategy-comparison,engagement,1016,ENGAGEMENT,TRADITIONAL_MEDIA,FAKE_NEWS_SOURCE,1.0,-1.0,,-1.0,0.33,1.0,5.0,1.0,COMPLETE
news-source-strategies,RQ1,E1-strategy-comparison,engagement,1017,ENGAGEMENT,TRADITIONAL_MEDIA,FAKE_NEWS_SOURCE,1.0,-1.0,,-1.0,0.33,1.0,5.0,1.0,COMPLETE
news-source-strategies,RQ1,E1-strategy-comparison,engagement,1018,ENGAGEMENT,TRADITIONAL_MEDIA,FAKE_NEWS_SOURCE,1.0,-1.0,,-1.0,0.33,1.0,5.0,1.0,COMPLETE
news-source-strategies,RQ1,E1-strategy-comparison,engagement,1019,ENGAGEMENT,TRADITIONAL_MEDIA,FAKE_NEWS_SOURCE,1.0,-1.0,,-1.0,0.33,1.0,5.0,1.0,COMPLETE
news-source-strategies,RQ1,E1-strategy-comparison,engagement,1020,ENGAGEMENT,TRADITIONAL_MEDIA,FAKE_NEWS_SOURCE,1.0,-1.0,,-1.0,0.33,1.0,5.0,1.0,COMPLETE
news-source-strategies,RQ1,E1-strategy-comparison,engagement,1021,ENGAGEMENT,TRADITIONAL_MEDIA,FAKE_NEWS_SOURCE,1.0,-1.0,,-1.0,0.33,1.0,5.0,1.0,COMPLETE
news-source-strategies,RQ1,E1-strategy-comparison,engagement,1022,ENGAGEMENT,TRADITIONAL_MEDIA,FAKE_NEWS_SOURCE,1.0,-1.0,,-1.0,0.33,1.0,5.0,1.0,COMPLETE
news-source-strategies,RQ1,E1-strategy-comparison,engagement,1023,ENGAGEMENT,TRADITIONAL_MEDIA,FAKE_NEWS_SOURCE,1.0,-1.0,,-1.0,0.33,1.0,5.0,1.0,COMPLETE
news-source-strategies,RQ1,E1-strategy-comparison,engagement,1024,ENGAGEMENT,TRADITIONAL_MEDIA,FAKE_NEWS_SOURCE,1.0,-1.0,,-1.0,0.33,1.0,5.0,1.0,COMPLETE
news-source-strategies,RQ1,E1-strategy-comparison,engagement,1025,ENGAGEMENT,TRADITIONAL_MEDIA,FAKE_NEWS_SOURCE,1.0,-1.0,,-1.0,0.33,1.0,5.0,1.0,COMPLETE
news-source-strategies,RQ1,E1-strategy-comparison,engagement,1026,ENGAGEMENT,TRADITIONAL_MEDIA,FAKE_NEWS_SOURCE,1.0,-1.0,,-1.0,0.33,1.0,5.0,1.0,COMPLETE
news-source-strategies,RQ1,E1-strategy-comparison,engagement,1027,ENGAGEMENT,TRADITIONAL_MEDIA,FAKE_NEWS_SOURCE,1.0,-1.0,,-1.0,0.33,1.0,5.0,1.0,COMPLETE
news-source-strategies,RQ1,E1-strategy-comparison,engagement,1028,ENGAGEMENT,TRADITIONAL_MEDIA,FAKE_NEWS_SOURCE,1.0,-1.0,,-1.0,0.33,1.0,5.0,1.0,COMPLETE
news-source-strategies,RQ1,E1-strategy-comparison,engagement,1029,ENGAGEMENT,TRADITIONAL_MEDIA,FAKE_NEWS_SOURCE,1.0,-1.0,,-1.0,0.33,1.0,5.0,1.0,COMPLETE
news-source-strategies,RQ1,E1-strategy-comparison,engagement,1030,ENGAGEMENT,TRADITIONAL_MEDIA,FAKE_NEWS_SOURCE,1.0,-1.0,,-1.0,0.33,1.0,5.0,1.0,COMPLETE
news-source-strategies,RQ1,E1-strategy-comparison,proximity,1001,PROXIMITY,TRADITIONAL_MEDIA,FAKE_NEWS_SOURCE,1.0,-1.0,,-1.0,0.33,1.0,5.0,1.0,COMPLETE
news-source-strategies,RQ1,E1-strategy-comparison,proximity,1002,PROXIMITY,TRADITIONAL_MEDIA,FAKE_NEWS_SOURCE,1.0,-1.0,,-1.0,0.33,1.0,5.0,1.0,COMPLETE
news-source-strategies,RQ1,E1-strategy-comparison,proximity,1003,PROXIMITY,TRADITIONAL_MEDIA,FAKE_NEWS_SOURCE,1.0,-1.0,,-1.0,0.33,1.0,5.0,1.0,COMPLETE
news-source-strategies,RQ1,E1-strategy-comparison,proximity,1004,PROXIMITY,TRADITIONAL_MEDIA,FAKE_NEWS_SOURCE,1.0,-1.0,,-1.0,0.33,1.0,5.0,1.0,COMPLETE
news-source-strategies,RQ1,E1-strategy-comparison,proximity,1005,PROXIMITY,TRADITIONAL_MEDIA,FAKE_NEWS_SOURCE,1.0,-1.0,,-1.0,0.33,1.0,5.0,1.0,COMPLETE
news-source-strategies,RQ1,E1-strategy-comparison,proximity,1006,PROXIMITY,TRADITIONAL_MEDIA,FAKE_NEWS_SOURCE,1.0,-1.0,,-1.0,0.33,1.0,5.0,1.0,COMPLETE
news-source-strategies,RQ1,E1-strategy-comparison,proximity,1007,PROXIMITY,TRADITIONAL_MEDIA,FAKE_NEWS_SOURCE,1.0,-1.0,,-1.0,0.33,1.0,5.0,1.0,COMPLETE
news-source-strategies,RQ1,E1-strategy-comparison,proximity,1008,PROXIMITY,TRADITIONAL_MEDIA,FAKE_NEWS_SOURCE,1.0,-1.0,,-1.0,0.33,1.0,5.0,1.0,COMPLETE
news-source-strategies,RQ1,E1-strategy-comparison,proximity,1009,PROXIMITY,TRADITIONAL_MEDIA,FAKE_NEWS_SOURCE,1.0,-1.0,,-1.0,0.33,1.0,5.0,1.0,COMPLETE
news-source-strategies,RQ1,E1-strategy-comparison,proximity,1010,PROXIMITY,TRADITIONAL_MEDIA,FAKE_NEWS_SOURCE,1.0,-1.0,,-1.0,0.33,1.0,5.0,1.0,COMPLETE
news-source-strategies,RQ1,E1-strategy-comparison,proximity,1011,PROXIMITY,TRADITIONAL_MEDIA,FAKE_NEWS_SOURCE,1.0,-1.0,,-1.0,0.33,1.0,5.0,1.0,COMPLETE
news-source-strategies,RQ1,E1-strategy-comparison,proximity,1012,PROXIMITY,TRADITIONAL_MEDIA,FAKE_NEWS_SOURCE,1.0,-1.0,,-1.0,0.33,1.0,5.0,1.0,COMPLETE
news-source-strategies,RQ1,E1-strategy-comparison,proximity,1013,PROXIMITY,TRADITIONAL_MEDIA,FAKE_NEWS_SOURCE,1.0,-1.0,,-1.0,0.33,1.0,5.0,1.0,COMPLETE
news-source-strategies,RQ1,E1-strategy-comparison,proximity,1014,PROXIMITY,TRADITIONAL_MEDIA,FAKE_NEWS_SOURCE,1.0,-1.0,,-1.0,0.33,1.0,5.0,1.0,COMPLETE
news-source-strategies,RQ1,E1-strategy-comparison,proximity,1015,PROXIMITY,TRADITIONAL_MEDIA,FAKE_NEWS_SOURCE,1.0,-1.0,,-1.0,0.33,1.0,5.0,1.0,COMPLETE
news-source-strategies,RQ1,E1-strategy-comparison,proximity,1016,PROXIMITY,TRADITIONAL_MEDIA,FAKE_NEWS_SOURCE,1.0,-1.0,,-1.0,0.33,1.0,5.0,1.0,COMPLETE
news-source-strategies,RQ1,E1-strategy-comparison,proximity,1017,PROXIMITY,TRADITIONAL_MEDIA,FAKE_NEWS_SOURCE,1.0,-1.0,,-1.0,0.33,1.0,5.0,1.0,COMPLETE
news-source-strategies,RQ1,E1-strategy-comparison,proximity,1018,PROXIMITY,TRADITIONAL_MEDIA,FAKE_NEWS_SOURCE,1.0,-1.0,,-1.0,0.33,1.0,5.0,1.0,COMPLETE
news-source-strategies,RQ1,E1-strategy-comparison,proximity,1019,PROXIMITY,TRADITIONAL_MEDIA,FAKE_NEWS_SOURCE,1.0,-1.0,,-1.0,0.33,1.0,5.0,1.0,COMPLETE
news-source-strategies,RQ1,E1-strategy-comparison,proximity,1020,PROXIMITY,TRADITIONAL_MEDIA,FAKE_NEWS_SOURCE,1.0,-1.0,,-1.0,0.33,1.0,5.0,1.0,COMPLETE
news-source-strategies,RQ1,E1-strategy-comparison,proximity,1021,PROXIMITY,TRADITIONAL_MEDIA,FAKE_NEWS_SOURCE,1.0,-1.0,,-1.0,0.33,1.0,5.0,1.0,COMPLETE
news-source-strategies,RQ1,E1-strategy-comparison,proximity,1022,PROXIMITY,TRADITIONAL_MEDIA,FAKE_NEWS_SOURCE,1.0,-1.0,,-1.0,0.33,1.0,5.0,1.0,COMPLETE
news-source-strategies,RQ1,E1-strategy-comparison,proximity,1023,PROXIMITY,TRADITIONAL_MEDIA,FAKE_NEWS_SOURCE,1.0,-1.0,,-1.0,0.33,1.0,5.0,1.0,COMPLETE
news-source-strategies,RQ1,E1-strategy-comparison,proximity,1024,PROXIMITY,TRADITIONAL_MEDIA,FAKE_NEWS_SOURCE,1.0,-1.0,,-1.0,0.33,1.0,5.0,1.0,COMPLETE
news-source-strategies,RQ1,E1-strategy-comparison,proximity,1025,PROXIMITY,TRADITIONAL_MEDIA,FAKE_NEWS_SOURCE,1.0,-1.0,,-1.0,0.33,1.0,5.0,1.0,COMPLETE
news-source-strategies,RQ1,E1-strategy-comparison,proximity,1026,PROXIMITY,TRADITIONAL_MEDIA,FAKE_NEWS_SOURCE,1.0,-1.0,,-1.0,0.33,1.0,5.0,1.0,COMPLETE
news-source-strategies,RQ1,E1-strategy-comparison,proximity,1027,PROXIMITY,TRADITIONAL_MEDIA,FAKE_NEWS_SOURCE,1.0,-1.0,,-1.0,0.33,1.0,5.0,1.0,COMPLETE
news-source-strategies,RQ1,E1-strategy-comparison,proximity,1028,PROXIMITY,TRADITIONAL_MEDIA,FAKE_NEWS_SOURCE,1.0,-1.0,,-1.0,0.33,1.0,5.0,1.0,COMPLETE
news-source-strategies,RQ1,E1-strategy-comparison,proximity,1029,PROXIMITY,TRADITIONAL_MEDIA,FAKE_NEWS_SOURCE,1.0,-1.0,,-1.0,0.33,1.0,5.0,1.0,COMPLETE
news-source-strategies,RQ1,E1-strategy-comparison,proximity,1030,PROXIMITY,TRADITIONAL_MEDIA,FAKE_NEWS_SOURCE,1.0,-1.0,,-1.0,0.33,1.0,5.0,1.0,COMPLETE
news-source-strategies,RQ1,E1-strategy-comparison,informational,1001,INFORMATIONAL_CAMOUFLAGE,TRADITIONAL_MEDIA,FAKE_NEWS_SOURCE,1.0,-1.0,,-1.0,0.33,1.0,5.0,1.0,COMPLETE
news-source-strategies,RQ1,E1-strategy-comparison,informational,1002,INFORMATIONAL_CAMOUFLAGE,TRADITIONAL_MEDIA,FAKE_NEWS_SOURCE,1.0,-1.0,,-1.0,0.33,1.0,5.0,1.0,COMPLETE
news-source-strategies,RQ1,E1-strategy-comparison,informational,1003,INFORMATIONAL_CAMOUFLAGE,TRADITIONAL_MEDIA,FAKE_NEWS_SOURCE,1.0,-1.0,,-1.0,0.33,1.0,5.0,1.0,COMPLETE
news-source-strategies,RQ1,E1-strategy-comparison,informational,1004,INFORMATIONAL_CAMOUFLAGE,TRADITIONAL_MEDIA,FAKE_NEWS_SOURCE,1.0,-1.0,,-1.0,0.33,1.0,5.0,1.0,COMPLETE
news-source-strategies,RQ1,E1-strategy-comparison,informational,1005,INFORMATIONAL_CAMOUFLAGE,TRADITIONAL_MEDIA,FAKE_NEWS_SOURCE,1.0,-1.0,,-1.0,0.33,1.0,5.0,1.0,COMPLETE
news-source-strategies,RQ1,E1-strategy-comparison,informational,1006,INFORMATIONAL_CAMOUFLAGE,TRADITIONAL_MEDIA,FAKE_NEWS_SOURCE,1.0,-1.0,,-1.0,0.33,1.0,5.0,1.0,COMPLETE
news-source-strategies,RQ1,E1-strategy-comparison,informational,1007,INFORMATIONAL_CAMOUFLAGE,TRADITIONAL_MEDIA,FAKE_NEWS_SOURCE,1.0,-1.0,,-1.0,0.33,1.0,5.0,1.0,COMPLETE
news-source-strategies,RQ1,E1-strategy-comparison,informational,1008,INFORMATIONAL_CAMOUFLAGE,TRADITIONAL_MEDIA,FAKE_NEWS_SOURCE,1.0,-1.0,,-1.0,0.33,1.0,5.0,1.0,COMPLETE
news-source-strategies,RQ1,E1-strategy-comparison,informational,1009,INFORMATIONAL_CAMOUFLAGE,TRADITIONAL_MEDIA,FAKE_NEWS_SOURCE,1.0,-1.0,,-1.0,0.33,1.0,5.0,1.0,COMPLETE
news-source-strategies,RQ1,E1-strategy-comparison,informational,1010,INFORMATIONAL_CAMOUFLAGE,TRADITIONAL_MEDIA,FAKE_NEWS_SOURCE,1.0,-1.0,,-1.0,0.33,1.0,5.0,1.0,COMPLETE
news-source-strategies,RQ1,E1-strategy-comparison,informational,1011,INFORMATIONAL_CAMOUFLAGE,TRADITIONAL_MEDIA,FAKE_NEWS_SOURCE,1.0,-1.0,,-1.0,0.33,1.0,5.0,1.0,COMPLETE
news-source-strategies,RQ1,E1-strategy-comparison,informational,1012,INFORMATIONAL_CAMOUFLAGE,TRADITIONAL_MEDIA,FAKE_NEWS_SOURCE,1.0,-1.0,,-1.0,0.33,1.0,5.0,1.0,COMPLETE
news-source-strategies,RQ1,E1-strategy-comparison,informational,1013,INFORMATIONAL_CAMOUFLAGE,TRADITIONAL_MEDIA,FAKE_NEWS_SOURCE,1.0,-1.0,,-1.0,0.33,1.0,5.0,1.0,COMPLETE
news-source-strategies,RQ1,E1-strategy-comparison,informational,1014,INFORMATIONAL_CAMOUFLAGE,TRADITIONAL_MEDIA,FAKE_NEWS_SOURCE,1.0,-1.0,,-1.0,0.33,1.0,5.0,1.0,COMPLETE
news-source-strategies,RQ1,E1-strategy-comparison,informational,1015,INFORMATIONAL_CAMOUFLAGE,TRADITIONAL_MEDIA,FAKE_NEWS_SOURCE,1.0,-1.0,,-1.0,0.33,1.0,5.0,1.0,COMPLETE
news-source-strategies,RQ1,E1-strategy-comparison,informational,1016,INFORMATIONAL_CAMOUFLAGE,TRADITIONAL_MEDIA,FAKE_NEWS_SOURCE,1.0,-1.0,,-1.0,0.33,1.0,5.0,1.0,COMPLETE
news-source-strategies,RQ1,E1-strategy-comparison,informational,1017,INFORMATIONAL_CAMOUFLAGE,TRADITIONAL_MEDIA,FAKE_NEWS_SOURCE,1.0,-1.0,,-1.0,0.33,1.0,5.0,1.0,COMPLETE
news-source-strategies,RQ1,E1-strategy-comparison,informational,1018,INFORMATIONAL_CAMOUFLAGE,TRADITIONAL_MEDIA,FAKE_NEWS_SOURCE,1.0,-1.0,,-1.0,0.33,1.0,5.0,1.0,COMPLETE
news-source-strategies,RQ1,E1-strategy-comparison,informational,1019,INFORMATIONAL_CAMOUFLAGE,TRADITIONAL_MEDIA,FAKE_NEWS_SOURCE,1.0,-1.0,,-1.0,0.33,1.0,5.0,1.0,COMPLETE
news-source-strategies,RQ1,E1-strategy-comparison,informational,1020,INFORMATIONAL_CAMOUFLAGE,TRADITIONAL_MEDIA,FAKE_NEWS_SOURCE,1.0,-1.0,,-1.0,0.33,1.0,5.0,1.0,COMPLETE
news-source-strategies,RQ1,E1-strategy-comparison,informational,1021,INFORMATIONAL_CAMOUFLAGE,TRADITIONAL_MEDIA,FAKE_NEWS_SOURCE,1.0,-1.0,,-1.0,0.33,1.0,5.0,1.0,COMPLETE
news-source-strategies,RQ1,E1-strategy-comparison,informational,1022,INFORMATIONAL_CAMOUFLAGE,TRADITIONAL_MEDIA,FAKE_NEWS_SOURCE,1.0,-1.0,,-1.0,0.33,1.0,5.0,1.0,COMPLETE
news-source-strategies,RQ1,E1-strategy-comparison,informational,1023,INFORMATIONAL_CAMOUFLAGE,TRADITIONAL_MEDIA,FAKE_NEWS_SOURCE,1.0,-1.0,,-1.0,0.33,1.0,5.0,1.0,COMPLETE
news-source-strategies,RQ1,E1-strategy-comparison,informational,1024,INFORMATIONAL_CAMOUFLAGE,TRADITIONAL_MEDIA,FAKE_NEWS_SOURCE,1.0,-1.0,,-1.0,0.33,1.0,5.0,1.0,COMPLETE
news-source-strategies,RQ1,E1-strategy-comparison,informational,1025,INFORMATIONAL_CAMOUFLAGE,TRADITIONAL_MEDIA,FAKE_NEWS_SOURCE,1.0,-1.0,,-1.0,0.33,1.0,5.0,1.0,COMPLETE
news-source-strategies,RQ1,E1-strategy-comparison,informational,1026,INFORMATIONAL_CAMOUFLAGE,TRADITIONAL_MEDIA,FAKE_NEWS_SOURCE,1.0,-1.0,,-1.0,0.33,1.0,5.0,1.0,COMPLETE
news-source-strategies,RQ1,E1-strategy-comparison,informational,1027,INFORMATIONAL_CAMOUFLAGE,TRADITIONAL_MEDIA,FAKE_NEWS_SOURCE,1.0,-1.0,,-1.0,0.33,1.0,5.0,1.0,COMPLETE
news-source-strategies,RQ1,E1-strategy-comparison,informational,1028,INFORMATIONAL_CAMOUFLAGE,TRADITIONAL_MEDIA,FAKE_NEWS_SOURCE,1.0,-1.0,,-1.0,0.33,1.0,5.0,1.0,COMPLETE
news-source-strategies,RQ1,E1-strategy-comparison,informational,1029,INFORMATIONAL_CAMOUFLAGE,TRADITIONAL_MEDIA,FAKE_NEWS_SOURCE,1.0,-1.0,,-1.0,0.33,1.0,5.0,1.0,COMPLETE
news-source-strategies,RQ1,E1-strategy-comparison,informational,1030,INFORMATIONAL_CAMOUFLAGE,TRADITIONAL_MEDIA,FAKE_NEWS_SOURCE,1.0,-1.0,,-1.0,0.33,1.0,5.0,1.0,COMPLETE
news-source-strategies,RQ1,E1-strategy-comparison,credibility,1001,CREDIBILITY_CAMOUFLAGE,TRADITIONAL_MEDIA,FAKE_NEWS_SOURCE,1.0,-1.0,,-1.0,0.33,1.0,5.0,1.0,COMPLETE
news-source-strategies,RQ1,E1-strategy-comparison,credibility,1002,CREDIBILITY_CAMOUFLAGE,TRADITIONAL_MEDIA,FAKE_NEWS_SOURCE,1.0,-1.0,,-1.0,0.33,1.0,5.0,1.0,COMPLETE
news-source-strategies,RQ1,E1-strategy-comparison,credibility,1003,CREDIBILITY_CAMOUFLAGE,TRADITIONAL_MEDIA,FAKE_NEWS_SOURCE,1.0,-1.0,,-1.0,0.33,1.0,5.0,1.0,COMPLETE
news-source-strategies,RQ1,E1-strategy-comparison,credibility,1004,CREDIBILITY_CAMOUFLAGE,TRADITIONAL_MEDIA,FAKE_NEWS_SOURCE,1.0,-1.0,,-1.0,0.33,1.0,5.0,1.0,COMPLETE
news-source-strategies,RQ1,E1-strategy-comparison,credibility,1005,CREDIBILITY_CAMOUFLAGE,TRADITIONAL_MEDIA,FAKE_NEWS_SOURCE,1.0,-1.0,,-1.0,0.33,1.0,5.0,1.0,COMPLETE
news-source-strategies,RQ1,E1-strategy-comparison,credibility,1006,CREDIBILITY_CAMOUFLAGE,TRADITIONAL_MEDIA,FAKE_NEWS_SOURCE,1.0,-1.0,,-1.0,0.33,1.0,5.0,1.0,COMPLETE
news-source-strategies,RQ1,E1-strategy-comparison,credibility,1007,CREDIBILITY_CAMOUFLAGE,TRADITIONAL_MEDIA,FAKE_NEWS_SOURCE,1.0,-1.0,,-1.0,0.33,1.0,5.0,1.0,COMPLETE
news-source-strategies,RQ1,E1-strategy-comparison,credibility,1008,CREDIBILITY_CAMOUFLAGE,TRADITIONAL_MEDIA,FAKE_NEWS_SOURCE,1.0,-1.0,,-1.0,0.33,1.0,5.0,1.0,COMPLETE
news-source-strategies,RQ1,E1-strategy-comparison,credibility,1009,CREDIBILITY_CAMOUFLAGE,TRADITIONAL_MEDIA,FAKE_NEWS_SOURCE,1.0,-1.0,,-1.0,0.33,1.0,5.0,1.0,COMPLETE
news-source-strategies,RQ1,E1-strategy-comparison,credibility,1010,CREDIBILITY_CAMOUFLAGE,TRADITIONAL_MEDIA,FAKE_NEWS_SOURCE,1.0,-1.0,,-1.0,0.33,1.0,5.0,1.0,COMPLETE
news-source-strategies,RQ1,E1-strategy-comparison,credibility,1011,CREDIBILITY_CAMOUFLAGE,TRADITIONAL_MEDIA,FAKE_NEWS_SOURCE,1.0,-1.0,,-1.0,0.33,1.0,5.0,1.0,COMPLETE
news-source-strategies,RQ1,E1-strategy-comparison,credibility,1012,CREDIBILITY_CAMOUFLAGE,TRADITIONAL_MEDIA,FAKE_NEWS_SOURCE,1.0,-1.0,,-1.0,0.33,1.0,5.0,1.0,COMPLETE
news-source-strategies,RQ1,E1-strategy-comparison,credibility,1013,CREDIBILITY_CAMOUFLAGE,TRADITIONAL_MEDIA,FAKE_NEWS_SOURCE,1.0,-1.0,,-1.0,0.33,1.0,5.0,1.0,COMPLETE
news-source-strategies,RQ1,E1-strategy-comparison,credibility,1014,CREDIBILITY_CAMOUFLAGE,TRADITIONAL_MEDIA,FAKE_NEWS_SOURCE,1.0,-1.0,,-1.0,0.33,1.0,5.0,1.0,COMPLETE
news-source-strategies,RQ1,E1-strategy-comparison,credibility,1015,CREDIBILITY_CAMOUFLAGE,TRADITIONAL_MEDIA,FAKE_NEWS_SOURCE,1.0,-1.0,,-1.0,0.33,1.0,5.0,1.0,COMPLETE
news-source-strategies,RQ1,E1-strategy-comparison,credibility,1016,CREDIBILITY_CAMOUFLAGE,TRADITIONAL_MEDIA,FAKE_NEWS_SOURCE,1.0,-1.0,,-1.0,0.33,1.0,5.0,1.0,COMPLETE
news-source-strategies,RQ1,E1-strategy-comparison,credibility,1017,CREDIBILITY_CAMOUFLAGE,TRADITIONAL_MEDIA,FAKE_NEWS_SOURCE,1.0,-1.0,,-1.0,0.33,1.0,5.0,1.0,COMPLETE
news-source-strategies,RQ1,E1-strategy-comparison,credibility,1018,CREDIBILITY_CAMOUFLAGE,TRADITIONAL_MEDIA,FAKE_NEWS_SOURCE,1.0,-1.0,,-1.0,0.33,1.0,5.0,1.0,COMPLETE
news-source-strategies,RQ1,E1-strategy-comparison,credibility,1019,CREDIBILITY_CAMOUFLAGE,TRADITIONAL_MEDIA,FAKE_NEWS_SOURCE,1.0,-1.0,,-1.0,0.33,1.0,5.0,1.0,COMPLETE
news-source-strategies,RQ1,E1-strategy-comparison,credibility,1020,CREDIBILITY_CAMOUFLAGE,TRADITIONAL_MEDIA,FAKE_NEWS_SOURCE,1.0,-1.0,,-1.0,0.33,1.0,5.0,1.0,COMPLETE
news-source-strategies,RQ1,E1-strategy-comparison,credibility,1021,CREDIBILITY_CAMOUFLAGE,TRADITIONAL_MEDIA,FAKE_NEWS_SOURCE,1.0,-1.0,,-1.0,0.33,1.0,5.0,1.0,COMPLETE
news-source-strategies,RQ1,E1-strategy-comparison,credibility,1022,CREDIBILITY_CAMOUFLAGE,TRADITIONAL_MEDIA,FAKE_NEWS_SOURCE,1.0,-1.0,,-1.0,0.33,1.0,5.0,1.0,COMPLETE
news-source-strategies,RQ1,E1-strategy-comparison,credibility,1023,CREDIBILITY_CAMOUFLAGE,TRADITIONAL_MEDIA,FAKE_NEWS_SOURCE,1.0,-1.0,,-1.0,0.33,1.0,5.0,1.0,COMPLETE
news-source-strategies,RQ1,E1-strategy-comparison,credibility,1024,CREDIBILITY_CAMOUFLAGE,TRADITIONAL_MEDIA,FAKE_NEWS_SOURCE,1.0,-1.0,,-1.0,0.33,1.0,5.0,1.0,COMPLETE
news-source-strategies,RQ1,E1-strategy-comparison,credibility,1025,CREDIBILITY_CAMOUFLAGE,TRADITIONAL_MEDIA,FAKE_NEWS_SOURCE,1.0,-1.0,,-1.0,0.33,1.0,5.0,1.0,COMPLETE
news-source-strategies,RQ1,E1-strategy-comparison,credibility,1026,CREDIBILITY_CAMOUFLAGE,TRADITIONAL_MEDIA,FAKE_NEWS_SOURCE,1.0,-1.0,,-1.0,0.33,1.0,5.0,1.0,COMPLETE
news-source-strategies,RQ1,E1-strategy-comparison,credibility,1027,CREDIBILITY_CAMOUFLAGE,TRADITIONAL_MEDIA,FAKE_NEWS_SOURCE,1.0,-1.0,,-1.0,0.33,1.0,5.0,1.0,COMPLETE
news-source-strategies,RQ1,E1-strategy-comparison,credibility,1028,CREDIBILITY_CAMOUFLAGE,TRADITIONAL_MEDIA,FAKE_NEWS_SOURCE,1.0,-1.0,,-1.0,0.33,1.0,5.0,1.0,COMPLETE
news-source-strategies,RQ1,E1-strategy-comparison,credibility,1029,CREDIBILITY_CAMOUFLAGE,TRADITIONAL_MEDIA,FAKE_NEWS_SOURCE,1.0,-1.0,,-1.0,0.33,1.0,5.0,1.0,COMPLETE
news-source-strategies,RQ1,E1-strategy-comparison,credibility,1030,CREDIBILITY_CAMOUFLAGE,TRADITIONAL_MEDIA,FAKE_NEWS_SOURCE,1.0,-1.0,,-1.0,0.33,1.0,5.0,1.0,COMPLETE
news-source-strategies,RQ1,E1-strategy-comparison,all,1001,"ENGAGEMENT,PROXIMITY,INFORMATIONAL_CAMOUFLAGE,CREDIBILITY_CAMOUFLAGE",TRADITIONAL_MEDIA,FAKE_NEWS_SOURCE,1.0,-1.0,,-1.0,0.33,1.0,5.0,1.0,COMPLETE
news-source-strategies,RQ1,E1-strategy-comparison,all,1002,"ENGAGEMENT,PROXIMITY,INFORMATIONAL_CAMOUFLAGE,CREDIBILITY_CAMOUFLAGE",TRADITIONAL_MEDIA,FAKE_NEWS_SOURCE,1.0,-1.0,,-1.0,0.33,1.0,5.0,1.0,COMPLETE
news-source-strategies,RQ1,E1-strategy-comparison,all,1003,"ENGAGEMENT,PROXIMITY,INFORMATIONAL_CAMOUFLAGE,CREDIBILITY_CAMOUFLAGE",TRADITIONAL_MEDIA,FAKE_NEWS_SOURCE,1.0,-1.0,,-1.0,0.33,1.0,5.0,1.0,COMPLETE
news-source-strategies,RQ1,E1-strategy-comparison,all,1004,"ENGAGEMENT,PROXIMITY,INFORMATIONAL_CAMOUFLAGE,CREDIBILITY_CAMOUFLAGE",TRADITIONAL_MEDIA,FAKE_NEWS_SOURCE,1.0,-1.0,,-1.0,0.33,1.0,5.0,1.0,COMPLETE
news-source-strategies,RQ1,E1-strategy-comparison,all,1005,"ENGAGEMENT,PROXIMITY,INFORMATIONAL_CAMOUFLAGE,CREDIBILITY_CAMOUFLAGE",TRADITIONAL_MEDIA,FAKE_NEWS_SOURCE,1.0,-1.0,,-1.0,0.33,1.0,5.0,1.0,COMPLETE
news-source-strategies,RQ1,E1-strategy-comparison,all,1006,"ENGAGEMENT,PROXIMITY,INFORMATIONAL_CAMOUFLAGE,CREDIBILITY_CAMOUFLAGE",TRADITIONAL_MEDIA,FAKE_NEWS_SOURCE,1.0,-1.0,,-1.0,0.33,1.0,5.0,1.0,COMPLETE
news-source-strategies,RQ1,E1-strategy-comparison,all,1007,"ENGAGEMENT,PROXIMITY,INFORMATIONAL_CAMOUFLAGE,CREDIBILITY_CAMOUFLAGE",TRADITIONAL_MEDIA,FAKE_NEWS_SOURCE,1.0,-1.0,,-1.0,0.33,1.0,5.0,1.0,COMPLETE
news-source-strategies,RQ1,E1-strategy-comparison,all,1008,"ENGAGEMENT,PROXIMITY,INFORMATIONAL_CAMOUFLAGE,CREDIBILITY_CAMOUFLAGE",TRADITIONAL_MEDIA,FAKE_NEWS_SOURCE,1.0,-1.0,,-1.0,0.33,1.0,5.0,1.0,COMPLETE
news-source-strategies,RQ1,E1-strategy-comparison,all,1009,"ENGAGEMENT,PROXIMITY,INFORMATIONAL_CAMOUFLAGE,CREDIBILITY_CAMOUFLAGE",TRADITIONAL_MEDIA,FAKE_NEWS_SOURCE,1.0,-1.0,,-1.0,0.33,1.0,5.0,1.0,COMPLETE
news-source-strategies,RQ1,E1-strategy-comparison,all,1010,"ENGAGEMENT,PROXIMITY,INFORMATIONAL_CAMOUFLAGE,CREDIBILITY_CAMOUFLAGE",TRADITIONAL_MEDIA,FAKE_NEWS_SOURCE,1.0,-1.0,,-1.0,0.33,1.0,5.0,1.0,COMPLETE
news-source-strategies,RQ1,E1-strategy-comparison,all,1011,"ENGAGEMENT,PROXIMITY,INFORMATIONAL_CAMOUFLAGE,CREDIBILITY_CAMOUFLAGE",TRADITIONAL_MEDIA,FAKE_NEWS_SOURCE,1.0,-1.0,,-1.0,0.33,1.0,5.0,1.0,COMPLETE
news-source-strategies,RQ1,E1-strategy-comparison,all,1012,"ENGAGEMENT,PROXIMITY,INFORMATIONAL_CAMOUFLAGE,CREDIBILITY_CAMOUFLAGE",TRADITIONAL_MEDIA,FAKE_NEWS_SOURCE,1.0,-1.0,,-1.0,0.33,1.0,5.0,1.0,COMPLETE
news-source-strategies,RQ1,E1-strategy-comparison,all,1013,"ENGAGEMENT,PROXIMITY,INFORMATIONAL_CAMOUFLAGE,CREDIBILITY_CAMOUFLAGE",TRADITIONAL_MEDIA,FAKE_NEWS_SOURCE,1.0,-1.0,,-1.0,0.33,1.0,5.0,1.0,COMPLETE
news-source-strategies,RQ1,E1-strategy-comparison,all,1014,"ENGAGEMENT,PROXIMITY,INFORMATIONAL_CAMOUFLAGE,CREDIBILITY_CAMOUFLAGE",TRADITIONAL_MEDIA,FAKE_NEWS_SOURCE,1.0,-1.0,,-1.0,0.33,1.0,5.0,1.0,COMPLETE
news-source-strategies,RQ1,E1-strategy-comparison,all,1015,"ENGAGEMENT,PROXIMITY,INFORMATIONAL_CAMOUFLAGE,CREDIBILITY_CAMOUFLAGE",TRADITIONAL_MEDIA,FAKE_NEWS_SOURCE,1.0,-1.0,,-1.0,0.33,1.0,5.0,1.0,COMPLETE
news-source-strategies,RQ1,E1-strategy-comparison,all,1016,"ENGAGEMENT,PROXIMITY,INFORMATIONAL_CAMOUFLAGE,CREDIBILITY_CAMOUFLAGE",TRADITIONAL_MEDIA,FAKE_NEWS_SOURCE,1.0,-1.0,,-1.0,0.33,1.0,5.0,1.0,COMPLETE
news-source-strategies,RQ1,E1-strategy-comparison,all,1017,"ENGAGEMENT,PROXIMITY,INFORMATIONAL_CAMOUFLAGE,CREDIBILITY_CAMOUFLAGE",TRADITIONAL_MEDIA,FAKE_NEWS_SOURCE,1.0,-1.0,,-1.0,0.33,1.0,5.0,1.0,COMPLETE
news-source-strategies,RQ1,E1-strategy-comparison,all,1018,"ENGAGEMENT,PROXIMITY,INFORMATIONAL_CAMOUFLAGE,CREDIBILITY_CAMOUFLAGE",TRADITIONAL_MEDIA,FAKE_NEWS_SOURCE,1.0,-1.0,,-1.0,0.33,1.0,5.0,1.0,COMPLETE
news-source-strategies,RQ1,E1-strategy-comparison,all,1019,"ENGAGEMENT,PROXIMITY,INFORMATIONAL_CAMOUFLAGE,CREDIBILITY_CAMOUFLAGE",TRADITIONAL_MEDIA,FAKE_NEWS_SOURCE,1.0,-1.0,,-1.0,0.33,1.0,5.0,1.0,COMPLETE
news-source-strategies,RQ1,E1-strategy-comparison,all,1020,"ENGAGEMENT,PROXIMITY,INFORMATIONAL_CAMOUFLAGE,CREDIBILITY_CAMOUFLAGE",TRADITIONAL_MEDIA,FAKE_NEWS_SOURCE,1.0,-1.0,,-1.0,0.33,1.0,5.0,1.0,COMPLETE
news-source-strategies,RQ1,E1-strategy-comparison,all,1021,"ENGAGEMENT,PROXIMITY,INFORMATIONAL_CAMOUFLAGE,CREDIBILITY_CAMOUFLAGE",TRADITIONAL_MEDIA,FAKE_NEWS_SOURCE,1.0,-1.0,,-1.0,0.33,1.0,5.0,1.0,COMPLETE
news-source-strategies,RQ1,E1-strategy-comparison,all,1022,"ENGAGEMENT,PROXIMITY,INFORMATIONAL_CAMOUFLAGE,CREDIBILITY_CAMOUFLAGE",TRADITIONAL_MEDIA,FAKE_NEWS_SOURCE,1.0,-1.0,,-1.0,0.33,1.0,5.0,1.0,COMPLETE
news-source-strategies,RQ1,E1-strategy-comparison,all,1023,"ENGAGEMENT,PROXIMITY,INFORMATIONAL_CAMOUFLAGE,CREDIBILITY_CAMOUFLAGE",TRADITIONAL_MEDIA,FAKE_NEWS_SOURCE,1.0,-1.0,,-1.0,0.33,1.0,5.0,1.0,COMPLETE
news-source-strategies,RQ1,E1-strategy-comparison,all,1024,"ENGAGEMENT,PROXIMITY,INFORMATIONAL_CAMOUFLAGE,CREDIBILITY_CAMOUFLAGE",TRADITIONAL_MEDIA,FAKE_NEWS_SOURCE,1.0,-1.0,,-1.0,0.33,1.0,5.0,1.0,COMPLETE
news-source-strategies,RQ1,E1-strategy-comparison,all,1025,"ENGAGEMENT,PROXIMITY,INFORMATIONAL_CAMOUFLAGE,CREDIBILITY_CAMOUFLAGE",TRADITIONAL_MEDIA,FAKE_NEWS_SOURCE,1.0,-1.0,,-1.0,0.33,1.0,5.0,1.0,COMPLETE
news-source-strategies,RQ1,E1-strategy-comparison,all,1026,"ENGAGEMENT,PROXIMITY,INFORMATIONAL_CAMOUFLAGE,CREDIBILITY_CAMOUFLAGE",TRADITIONAL_MEDIA,FAKE_NEWS_SOURCE,1.0,-1.0,,-1.0,0.33,1.0,5.0,1.0,COMPLETE
news-source-strategies,RQ1,E1-strategy-comparison,all,1027,"ENGAGEMENT,PROXIMITY,INFORMATIONAL_CAMOUFLAGE,CREDIBILITY_CAMOUFLAGE",TRADITIONAL_MEDIA,FAKE_NEWS_SOURCE,1.0,-1.0,,-1.0,0.33,1.0,5.0,1.0,COMPLETE
news-source-strategies,RQ1,E1-strategy-comparison,all,1028,"ENGAGEMENT,PROXIMITY,INFORMATIONAL_CAMOUFLAGE,CREDIBILITY_CAMOUFLAGE",TRADITIONAL_MEDIA,FAKE_NEWS_SOURCE,1.0,-1.0,,-1.0,0.33,1.0,5.0,1.0,COMPLETE
news-source-strategies,RQ1,E1-strategy-comparison,all,1029,"ENGAGEMENT,PROXIMITY,INFORMATIONAL_CAMOUFLAGE,CREDIBILITY_CAMOUFLAGE",TRADITIONAL_MEDIA,FAKE_NEWS_SOURCE,1.0,-1.0,,-1.0,0.33,1.0,5.0,1.0,COMPLETE
news-source-strategies,RQ1,E1-strategy-comparison,all,1030,"ENGAGEMENT,PROXIMITY,INFORMATIONAL_CAMOUFLAGE,CREDIBILITY_CAMOUFLAGE",TRADITIONAL_MEDIA,FAKE_NEWS_SOURCE,1.0,-1.0,,-1.0,0.33,1.0,5.0,1.0,COMPLETE
news-source-strategies,RQ2,E2-timing-duration,control,1001,NONE,,,,,,-1.0,0.33,1.0,5.0,1.0,COMPLETE
news-source-strategies,RQ2,E2-timing-duration,control,1002,NONE,,,,,,-1.0,0.33,1.0,5.0,1.0,COMPLETE
news-source-strategies,RQ2,E2-timing-duration,control,1003,NONE,,,,,,-1.0,0.33,1.0,5.0,1.0,COMPLETE
news-source-strategies,RQ2,E2-timing-duration,control,1004,NONE,,,,,,-1.0,0.33,1.0,5.0,1.0,COMPLETE
news-source-strategies,RQ2,E2-timing-duration,control,1005,NONE,,,,,,-1.0,0.33,1.0,5.0,1.0,COMPLETE
news-source-strategies,RQ2,E2-timing-duration,control,1006,NONE,,,,,,-1.0,0.33,1.0,5.0,1.0,COMPLETE
news-source-strategies,RQ2,E2-timing-duration,control,1007,NONE,,,,,,-1.0,0.33,1.0,5.0,1.0,COMPLETE
news-source-strategies,RQ2,E2-timing-duration,control,1008,NONE,,,,,,-1.0,0.33,1.0,5.0,1.0,COMPLETE
news-source-strategies,RQ2,E2-timing-duration,control,1009,NONE,,,,,,-1.0,0.33,1.0,5.0,1.0,COMPLETE
news-source-strategies,RQ2,E2-timing-duration,control,1010,NONE,,,,,,-1.0,0.33,1.0,5.0,1.0,COMPLETE
news-source-strategies,RQ2,E2-timing-duration,control,1011,NONE,,,,,,-1.0,0.33,1.0,5.0,1.0,COMPLETE
news-source-strategies,RQ2,E2-timing-duration,control,1012,NONE,,,,,,-1.0,0.33,1.0,5.0,1.0,COMPLETE
news-source-strategies,RQ2,E2-timing-duration,control,1013,NONE,,,,,,-1.0,0.33,1.0,5.0,1.0,COMPLETE
news-source-strategies,RQ2,E2-timing-duration,control,1014,NONE,,,,,,-1.0,0.33,1.0,5.0,1.0,COMPLETE
news-source-strategies,RQ2,E2-timing-duration,control,1015,NONE,,,,,,-1.0,0.33,1.0,5.0,1.0,COMPLETE
news-source-strategies,RQ2,E2-timing-duration,control,1016,NONE,,,,,,-1.0,0.33,1.0,5.0,1.0,COMPLETE
news-source-strategies,RQ2,E2-timing-duration,control,1017,NONE,,,,,,-1.0,0.33,1.0,5.0,1.0,COMPLETE
news-source-strategies,RQ2,E2-timing-duration,control,1018,NONE,,,,,,-1.0,0.33,1.0,5.0,1.0,COMPLETE
news-source-strategies,RQ2,E2-timing-duration,control,1019,NONE,,,,,,-1.0,0.33,1.0,5.0,1.0,COMPLETE
news-source-strategies,RQ2,E2-timing-duration,control,1020,NONE,,,,,,-1.0,0.33,1.0,5.0,1.0,COMPLETE
news-source-strategies,RQ2,E2-timing-duration,control,1021,NONE,,,,,,-1.0,0.33,1.0,5.0,1.0,COMPLETE
news-source-strategies,RQ2,E2-timing-duration,control,1022,NONE,,,,,,-1.0,0.33,1.0,5.0,1.0,COMPLETE
news-source-strategies,RQ2,E2-timing-duration,control,1023,NONE,,,,,,-1.0,0.33,1.0,5.0,1.0,COMPLETE
news-source-strategies,RQ2,E2-timing-duration,control,1024,NONE,,,,,,-1.0,0.33,1.0,5.0,1.0,COMPLETE
news-source-strategies,RQ2,E2-timing-duration,control,1025,NONE,,,,,,-1.0,0.33,1.0,5.0,1.0,COMPLETE
news-source-strategies,RQ2,E2-timing-duration,control,1026,NONE,,,,,,-1.0,0.33,1.0,5.0,1.0,COMPLETE
news-source-strategies,RQ2,E2-timing-duration,control,1027,NONE,,,,,,-1.0,0.33,1.0,5.0,1.0,COMPLETE
news-source-strategies,RQ2,E2-timing-duration,control,1028,NONE,,,,,,-1.0,0.33,1.0,5.0,1.0,COMPLETE
news-source-strategies,RQ2,E2-timing-duration,control,1029,NONE,,,,,,-1.0,0.33,1.0,5.0,1.0,COMPLETE
news-source-strategies,RQ2,E2-timing-duration,control,1030,NONE,,,,,,-1.0,0.33,1.0,5.0,1.0,COMPLETE
news-source-strategies,RQ2,E2-timing-duration,credibility_p1_d25,1001,CREDIBILITY_CAMOUFLAGE,TRADITIONAL_MEDIA,FAKE_NEWS_SOURCE,1.0,25.0,,-1.0,0.33,1.0,5.0,1.0,COMPLETE
news-source-strategies,RQ2,E2-timing-duration,credibility_p1_d25,1002,CREDIBILITY_CAMOUFLAGE,TRADITIONAL_MEDIA,FAKE_NEWS_SOURCE,1.0,25.0,,-1.0,0.33,1.0,5.0,1.0,COMPLETE
news-source-strategies,RQ2,E2-timing-duration,credibility_p1_d25,1003,CREDIBILITY_CAMOUFLAGE,TRADITIONAL_MEDIA,FAKE_NEWS_SOURCE,1.0,25.0,,-1.0,0.33,1.0,5.0,1.0,COMPLETE
news-source-strategies,RQ2,E2-timing-duration,credibility_p1_d25,1004,CREDIBILITY_CAMOUFLAGE,TRADITIONAL_MEDIA,FAKE_NEWS_SOURCE,1.0,25.0,,-1.0,0.33,1.0,5.0,1.0,COMPLETE
news-source-strategies,RQ2,E2-timing-duration,credibility_p1_d25,1005,CREDIBILITY_CAMOUFLAGE,TRADITIONAL_MEDIA,FAKE_NEWS_SOURCE,1.0,25.0,,-1.0,0.33,1.0,5.0,1.0,COMPLETE
news-source-strategies,RQ2,E2-timing-duration,credibility_p1_d25,1006,CREDIBILITY_CAMOUFLAGE,TRADITIONAL_MEDIA,FAKE_NEWS_SOURCE,1.0,25.0,,-1.0,0.33,1.0,5.0,1.0,COMPLETE
news-source-strategies,RQ2,E2-timing-duration,credibility_p1_d25,1007,CREDIBILITY_CAMOUFLAGE,TRADITIONAL_MEDIA,FAKE_NEWS_SOURCE,1.0,25.0,,-1.0,0.33,1.0,5.0,1.0,COMPLETE
news-source-strategies,RQ2,E2-timing-duration,credibility_p1_d25,1008,CREDIBILITY_CAMOUFLAGE,TRADITIONAL_MEDIA,FAKE_NEWS_SOURCE,1.0,25.0,,-1.0,0.33,1.0,5.0,1.0,COMPLETE
news-source-strategies,RQ2,E2-timing-duration,credibility_p1_d25,1009,CREDIBILITY_CAMOUFLAGE,TRADITIONAL_MEDIA,FAKE_NEWS_SOURCE,1.0,25.0,,-1.0,0.33,1.0,5.0,1.0,COMPLETE
news-source-strategies,RQ2,E2-timing-duration,credibility_p1_d25,1010,CREDIBILITY_CAMOUFLAGE,TRADITIONAL_MEDIA,FAKE_NEWS_SOURCE,1.0,25.0,,-1.0,0.33,1.0,5.0,1.0,COMPLETE
news-source-strategies,RQ2,E2-timing-duration,credibility_p1_d25,1011,CREDIBILITY_CAMOUFLAGE,TRADITIONAL_MEDIA,FAKE_NEWS_SOURCE,1.0,25.0,,-1.0,0.33,1.0,5.0,1.0,COMPLETE
news-source-strategies,RQ2,E2-timing-duration,credibility_p1_d25,1012,CREDIBILITY_CAMOUFLAGE,TRADITIONAL_MEDIA,FAKE_NEWS_SOURCE,1.0,25.0,,-1.0,0.33,1.0,5.0,1.0,COMPLETE
news-source-strategies,RQ2,E2-timing-duration,credibility_p1_d25,1013,CREDIBILITY_CAMOUFLAGE,TRADITIONAL_MEDIA,FAKE_NEWS_SOURCE,1.0,25.0,,-1.0,0.33,1.0,5.0,1.0,COMPLETE
news-source-strategies,RQ2,E2-timing-duration,credibility_p1_d25,1014,CREDIBILITY_CAMOUFLAGE,TRADITIONAL_MEDIA,FAKE_NEWS_SOURCE,1.0,25.0,,-1.0,0.33,1.0,5.0,1.0,COMPLETE
news-source-strategies,RQ2,E2-timing-duration,credibility_p1_d25,1015,CREDIBILITY_CAMOUFLAGE,TRADITIONAL_MEDIA,FAKE_NEWS_SOURCE,1.0,25.0,,-1.0,0.33,1.0,5.0,1.0,COMPLETE
news-source-strategies,RQ2,E2-timing-duration,credibility_p1_d25,1016,CREDIBILITY_CAMOUFLAGE,TRADITIONAL_MEDIA,FAKE_NEWS_SOURCE,1.0,25.0,,-1.0,0.33,1.0,5.0,1.0,COMPLETE
news-source-strategies,RQ2,E2-timing-duration,credibility_p1_d25,1017,CREDIBILITY_CAMOUFLAGE,TRADITIONAL_MEDIA,FAKE_NEWS_SOURCE,1.0,25.0,,-1.0,0.33,1.0,5.0,1.0,COMPLETE
news-source-strategies,RQ2,E2-timing-duration,credibility_p1_d25,1018,CREDIBILITY_CAMOUFLAGE,TRADITIONAL_MEDIA,FAKE_NEWS_SOURCE,1.0,25.0,,-1.0,0.33,1.0,5.0,1.0,COMPLETE
news-source-strategies,RQ2,E2-timing-duration,credibility_p1_d25,1019,CREDIBILITY_CAMOUFLAGE,TRADITIONAL_MEDIA,FAKE_NEWS_SOURCE,1.0,25.0,,-1.0,0.33,1.0,5.0,1.0,COMPLETE
news-source-strategies,RQ2,E2-timing-duration,credibility_p1_d25,1020,CREDIBILITY_CAMOUFLAGE,TRADITIONAL_MEDIA,FAKE_NEWS_SOURCE,1.0,25.0,,-1.0,0.33,1.0,5.0,1.0,COMPLETE
news-source-strategies,RQ2,E2-timing-duration,credibility_p1_d25,1021,CREDIBILITY_CAMOUFLAGE,TRADITIONAL_MEDIA,FAKE_NEWS_SOURCE,1.0,25.0,,-1.0,0.33,1.0,5.0,1.0,COMPLETE
news-source-strategies,RQ2,E2-timing-duration,credibility_p1_d25,1022,CREDIBILITY_CAMOUFLAGE,TRADITIONAL_MEDIA,FAKE_NEWS_SOURCE,1.0,25.0,,-1.0,0.33,1.0,5.0,1.0,COMPLETE
news-source-strategies,RQ2,E2-timing-duration,credibility_p1_d25,1023,CREDIBILITY_CAMOUFLAGE,TRADITIONAL_MEDIA,FAKE_NEWS_SOURCE,1.0,25.0,,-1.0,0.33,1.0,5.0,1.0,COMPLETE
news-source-strategies,RQ2,E2-timing-duration,credibility_p1_d25,1024,CREDIBILITY_CAMOUFLAGE,TRADITIONAL_MEDIA,FAKE_NEWS_SOURCE,1.0,25.0,,-1.0,0.33,1.0,5.0,1.0,COMPLETE
news-source-strategies,RQ2,E2-timing-duration,credibility_p1_d25,1025,CREDIBILITY_CAMOUFLAGE,TRADITIONAL_MEDIA,FAKE_NEWS_SOURCE,1.0,25.0,,-1.0,0.33,1.0,5.0,1.0,COMPLETE
news-source-strategies,RQ2,E2-timing-duration,credibility_p1_d25,1026,CREDIBILITY_CAMOUFLAGE,TRADITIONAL_MEDIA,FAKE_NEWS_SOURCE,1.0,25.0,,-1.0,0.33,1.0,5.0,1.0,COMPLETE
news-source-strategies,RQ2,E2-timing-duration,credibility_p1_d25,1027,CREDIBILITY_CAMOUFLAGE,TRADITIONAL_MEDIA,FAKE_NEWS_SOURCE,1.0,25.0,,-1.0,0.33,1.0,5.0,1.0,COMPLETE
news-source-strategies,RQ2,E2-timing-duration,credibility_p1_d25,1028,CREDIBILITY_CAMOUFLAGE,TRADITIONAL_MEDIA,FAKE_NEWS_SOURCE,1.0,25.0,,-1.0,0.33,1.0,5.0,1.0,COMPLETE
news-source-strategies,RQ2,E2-timing-duration,credibility_p1_d25,1029,CREDIBILITY_CAMOUFLAGE,TRADITIONAL_MEDIA,FAKE_NEWS_SOURCE,1.0,25.0,,-1.0,0.33,1.0,5.0,1.0,COMPLETE
news-source-strategies,RQ2,E2-timing-duration,credibility_p1_d25,1030,CREDIBILITY_CAMOUFLAGE,TRADITIONAL_MEDIA,FAKE_NEWS_SOURCE,1.0,25.0,,-1.0,0.33,1.0,5.0,1.0,COMPLETE
news-source-strategies,RQ2,E2-timing-duration,credibility_p1_d100,1001,CREDIBILITY_CAMOUFLAGE,TRADITIONAL_MEDIA,FAKE_NEWS_SOURCE,1.0,100.0,,-1.0,0.33,1.0,5.0,1.0,COMPLETE
news-source-strategies,RQ2,E2-timing-duration,credibility_p1_d100,1002,CREDIBILITY_CAMOUFLAGE,TRADITIONAL_MEDIA,FAKE_NEWS_SOURCE,1.0,100.0,,-1.0,0.33,1.0,5.0,1.0,COMPLETE
news-source-strategies,RQ2,E2-timing-duration,credibility_p1_d100,1003,CREDIBILITY_CAMOUFLAGE,TRADITIONAL_MEDIA,FAKE_NEWS_SOURCE,1.0,100.0,,-1.0,0.33,1.0,5.0,1.0,COMPLETE
news-source-strategies,RQ2,E2-timing-duration,credibility_p1_d100,1004,CREDIBILITY_CAMOUFLAGE,TRADITIONAL_MEDIA,FAKE_NEWS_SOURCE,1.0,100.0,,-1.0,0.33,1.0,5.0,1.0,COMPLETE
news-source-strategies,RQ2,E2-timing-duration,credibility_p1_d100,1005,CREDIBILITY_CAMOUFLAGE,TRADITIONAL_MEDIA,FAKE_NEWS_SOURCE,1.0,100.0,,-1.0,0.33,1.0,5.0,1.0,COMPLETE
news-source-strategies,RQ2,E2-timing-duration,credibility_p1_d100,1006,CREDIBILITY_CAMOUFLAGE,TRADITIONAL_MEDIA,FAKE_NEWS_SOURCE,1.0,100.0,,-1.0,0.33,1.0,5.0,1.0,COMPLETE
news-source-strategies,RQ2,E2-timing-duration,credibility_p1_d100,1007,CREDIBILITY_CAMOUFLAGE,TRADITIONAL_MEDIA,FAKE_NEWS_SOURCE,1.0,100.0,,-1.0,0.33,1.0,5.0,1.0,COMPLETE
news-source-strategies,RQ2,E2-timing-duration,credibility_p1_d100,1008,CREDIBILITY_CAMOUFLAGE,TRADITIONAL_MEDIA,FAKE_NEWS_SOURCE,1.0,100.0,,-1.0,0.33,1.0,5.0,1.0,COMPLETE
news-source-strategies,RQ2,E2-timing-duration,credibility_p1_d100,1009,CREDIBILITY_CAMOUFLAGE,TRADITIONAL_MEDIA,FAKE_NEWS_SOURCE,1.0,100.0,,-1.0,0.33,1.0,5.0,1.0,COMPLETE
news-source-strategies,RQ2,E2-timing-duration,credibility_p1_d100,1010,CREDIBILITY_CAMOUFLAGE,TRADITIONAL_MEDIA,FAKE_NEWS_SOURCE,1.0,100.0,,-1.0,0.33,1.0,5.0,1.0,COMPLETE
news-source-strategies,RQ2,E2-timing-duration,credibility_p1_d100,1011,CREDIBILITY_CAMOUFLAGE,TRADITIONAL_MEDIA,FAKE_NEWS_SOURCE,1.0,100.0,,-1.0,0.33,1.0,5.0,1.0,COMPLETE
news-source-strategies,RQ2,E2-timing-duration,credibility_p1_d100,1012,CREDIBILITY_CAMOUFLAGE,TRADITIONAL_MEDIA,FAKE_NEWS_SOURCE,1.0,100.0,,-1.0,0.33,1.0,5.0,1.0,COMPLETE
news-source-strategies,RQ2,E2-timing-duration,credibility_p1_d100,1013,CREDIBILITY_CAMOUFLAGE,TRADITIONAL_MEDIA,FAKE_NEWS_SOURCE,1.0,100.0,,-1.0,0.33,1.0,5.0,1.0,COMPLETE
news-source-strategies,RQ2,E2-timing-duration,credibility_p1_d100,1014,CREDIBILITY_CAMOUFLAGE,TRADITIONAL_MEDIA,FAKE_NEWS_SOURCE,1.0,100.0,,-1.0,0.33,1.0,5.0,1.0,COMPLETE
news-source-strategies,RQ2,E2-timing-duration,credibility_p1_d100,1015,CREDIBILITY_CAMOUFLAGE,TRADITIONAL_MEDIA,FAKE_NEWS_SOURCE,1.0,100.0,,-1.0,0.33,1.0,5.0,1.0,COMPLETE
news-source-strategies,RQ2,E2-timing-duration,credibility_p1_d100,1016,CREDIBILITY_CAMOUFLAGE,TRADITIONAL_MEDIA,FAKE_NEWS_SOURCE,1.0,100.0,,-1.0,0.33,1.0,5.0,1.0,COMPLETE
news-source-strategies,RQ2,E2-timing-duration,credibility_p1_d100,1017,CREDIBILITY_CAMOUFLAGE,TRADITIONAL_MEDIA,FAKE_NEWS_SOURCE,1.0,100.0,,-1.0,0.33,1.0,5.0,1.0,COMPLETE
news-source-strategies,RQ2,E2-timing-duration,credibility_p1_d100,1018,CREDIBILITY_CAMOUFLAGE,TRADITIONAL_MEDIA,FAKE_NEWS_SOURCE,1.0,100.0,,-1.0,0.33,1.0,5.0,1.0,COMPLETE
news-source-strategies,RQ2,E2-timing-duration,credibility_p1_d100,1019,CREDIBILITY_CAMOUFLAGE,TRADITIONAL_MEDIA,FAKE_NEWS_SOURCE,1.0,100.0,,-1.0,0.33,1.0,5.0,1.0,COMPLETE
news-source-strategies,RQ2,E2-timing-duration,credibility_p1_d100,1020,CREDIBILITY_CAMOUFLAGE,TRADITIONAL_MEDIA,FAKE_NEWS_SOURCE,1.0,100.0,,-1.0,0.33,1.0,5.0,1.0,COMPLETE
news-source-strategies,RQ2,E2-timing-duration,credibility_p1_d100,1021,CREDIBILITY_CAMOUFLAGE,TRADITIONAL_MEDIA,FAKE_NEWS_SOURCE,1.0,100.0,,-1.0,0.33,1.0,5.0,1.0,COMPLETE
news-source-strategies,RQ2,E2-timing-duration,credibility_p1_d100,1022,CREDIBILITY_CAMOUFLAGE,TRADITIONAL_MEDIA,FAKE_NEWS_SOURCE,1.0,100.0,,-1.0,0.33,1.0,5.0,1.0,COMPLETE
news-source-strategies,RQ2,E2-timing-duration,credibility_p1_d100,1023,CREDIBILITY_CAMOUFLAGE,TRADITIONAL_MEDIA,FAKE_NEWS_SOURCE,1.0,100.0,,-1.0,0.33,1.0,5.0,1.0,COMPLETE
news-source-strategies,RQ2,E2-timing-duration,credibility_p1_d100,1024,CREDIBILITY_CAMOUFLAGE,TRADITIONAL_MEDIA,FAKE_NEWS_SOURCE,1.0,100.0,,-1.0,0.33,1.0,5.0,1.0,COMPLETE
news-source-strategies,RQ2,E2-timing-duration,credibility_p1_d100,1025,CREDIBILITY_CAMOUFLAGE,TRADITIONAL_MEDIA,FAKE_NEWS_SOURCE,1.0,100.0,,-1.0,0.33,1.0,5.0,1.0,COMPLETE
news-source-strategies,RQ2,E2-timing-duration,credibility_p1_d100,1026,CREDIBILITY_CAMOUFLAGE,TRADITIONAL_MEDIA,FAKE_NEWS_SOURCE,1.0,100.0,,-1.0,0.33,1.0,5.0,1.0,COMPLETE
news-source-strategies,RQ2,E2-timing-duration,credibility_p1_d100,1027,CREDIBILITY_CAMOUFLAGE,TRADITIONAL_MEDIA,FAKE_NEWS_SOURCE,1.0,100.0,,-1.0,0.33,1.0,5.0,1.0,COMPLETE
news-source-strategies,RQ2,E2-timing-duration,credibility_p1_d100,1028,CREDIBILITY_CAMOUFLAGE,TRADITIONAL_MEDIA,FAKE_NEWS_SOURCE,1.0,100.0,,-1.0,0.33,1.0,5.0,1.0,COMPLETE
news-source-strategies,RQ2,E2-timing-duration,credibility_p1_d100,1029,CREDIBILITY_CAMOUFLAGE,TRADITIONAL_MEDIA,FAKE_NEWS_SOURCE,1.0,100.0,,-1.0,0.33,1.0,5.0,1.0,COMPLETE
news-source-strategies,RQ2,E2-timing-duration,credibility_p1_d100,1030,CREDIBILITY_CAMOUFLAGE,TRADITIONAL_MEDIA,FAKE_NEWS_SOURCE,1.0,100.0,,-1.0,0.33,1.0,5.0,1.0,COMPLETE
news-source-strategies,RQ2,E2-timing-duration,credibility_p1_permanent,1001,CREDIBILITY_CAMOUFLAGE,TRADITIONAL_MEDIA,FAKE_NEWS_SOURCE,1.0,-1.0,,-1.0,0.33,1.0,5.0,1.0,COMPLETE
news-source-strategies,RQ2,E2-timing-duration,credibility_p1_permanent,1002,CREDIBILITY_CAMOUFLAGE,TRADITIONAL_MEDIA,FAKE_NEWS_SOURCE,1.0,-1.0,,-1.0,0.33,1.0,5.0,1.0,COMPLETE
news-source-strategies,RQ2,E2-timing-duration,credibility_p1_permanent,1003,CREDIBILITY_CAMOUFLAGE,TRADITIONAL_MEDIA,FAKE_NEWS_SOURCE,1.0,-1.0,,-1.0,0.33,1.0,5.0,1.0,COMPLETE
news-source-strategies,RQ2,E2-timing-duration,credibility_p1_permanent,1004,CREDIBILITY_CAMOUFLAGE,TRADITIONAL_MEDIA,FAKE_NEWS_SOURCE,1.0,-1.0,,-1.0,0.33,1.0,5.0,1.0,COMPLETE
news-source-strategies,RQ2,E2-timing-duration,credibility_p1_permanent,1005,CREDIBILITY_CAMOUFLAGE,TRADITIONAL_MEDIA,FAKE_NEWS_SOURCE,1.0,-1.0,,-1.0,0.33,1.0,5.0,1.0,COMPLETE
news-source-strategies,RQ2,E2-timing-duration,credibility_p1_permanent,1006,CREDIBILITY_CAMOUFLAGE,TRADITIONAL_MEDIA,FAKE_NEWS_SOURCE,1.0,-1.0,,-1.0,0.33,1.0,5.0,1.0,COMPLETE
news-source-strategies,RQ2,E2-timing-duration,credibility_p1_permanent,1007,CREDIBILITY_CAMOUFLAGE,TRADITIONAL_MEDIA,FAKE_NEWS_SOURCE,1.0,-1.0,,-1.0,0.33,1.0,5.0,1.0,COMPLETE
news-source-strategies,RQ2,E2-timing-duration,credibility_p1_permanent,1008,CREDIBILITY_CAMOUFLAGE,TRADITIONAL_MEDIA,FAKE_NEWS_SOURCE,1.0,-1.0,,-1.0,0.33,1.0,5.0,1.0,COMPLETE
news-source-strategies,RQ2,E2-timing-duration,credibility_p1_permanent,1009,CREDIBILITY_CAMOUFLAGE,TRADITIONAL_MEDIA,FAKE_NEWS_SOURCE,1.0,-1.0,,-1.0,0.33,1.0,5.0,1.0,COMPLETE
news-source-strategies,RQ2,E2-timing-duration,credibility_p1_permanent,1010,CREDIBILITY_CAMOUFLAGE,TRADITIONAL_MEDIA,FAKE_NEWS_SOURCE,1.0,-1.0,,-1.0,0.33,1.0,5.0,1.0,COMPLETE
news-source-strategies,RQ2,E2-timing-duration,credibility_p1_permanent,1011,CREDIBILITY_CAMOUFLAGE,TRADITIONAL_MEDIA,FAKE_NEWS_SOURCE,1.0,-1.0,,-1.0,0.33,1.0,5.0,1.0,COMPLETE
news-source-strategies,RQ2,E2-timing-duration,credibility_p1_permanent,1012,CREDIBILITY_CAMOUFLAGE,TRADITIONAL_MEDIA,FAKE_NEWS_SOURCE,1.0,-1.0,,-1.0,0.33,1.0,5.0,1.0,COMPLETE
news-source-strategies,RQ2,E2-timing-duration,credibility_p1_permanent,1013,CREDIBILITY_CAMOUFLAGE,TRADITIONAL_MEDIA,FAKE_NEWS_SOURCE,1.0,-1.0,,-1.0,0.33,1.0,5.0,1.0,COMPLETE
news-source-strategies,RQ2,E2-timing-duration,credibility_p1_permanent,1014,CREDIBILITY_CAMOUFLAGE,TRADITIONAL_MEDIA,FAKE_NEWS_SOURCE,1.0,-1.0,,-1.0,0.33,1.0,5.0,1.0,COMPLETE
news-source-strategies,RQ2,E2-timing-duration,credibility_p1_permanent,1015,CREDIBILITY_CAMOUFLAGE,TRADITIONAL_MEDIA,FAKE_NEWS_SOURCE,1.0,-1.0,,-1.0,0.33,1.0,5.0,1.0,COMPLETE
news-source-strategies,RQ2,E2-timing-duration,credibility_p1_permanent,1016,CREDIBILITY_CAMOUFLAGE,TRADITIONAL_MEDIA,FAKE_NEWS_SOURCE,1.0,-1.0,,-1.0,0.33,1.0,5.0,1.0,COMPLETE
news-source-strategies,RQ2,E2-timing-duration,credibility_p1_permanent,1017,CREDIBILITY_CAMOUFLAGE,TRADITIONAL_MEDIA,FAKE_NEWS_SOURCE,1.0,-1.0,,-1.0,0.33,1.0,5.0,1.0,COMPLETE
news-source-strategies,RQ2,E2-timing-duration,credibility_p1_permanent,1018,CREDIBILITY_CAMOUFLAGE,TRADITIONAL_MEDIA,FAKE_NEWS_SOURCE,1.0,-1.0,,-1.0,0.33,1.0,5.0,1.0,COMPLETE
news-source-strategies,RQ2,E2-timing-duration,credibility_p1_permanent,1019,CREDIBILITY_CAMOUFLAGE,TRADITIONAL_MEDIA,FAKE_NEWS_SOURCE,1.0,-1.0,,-1.0,0.33,1.0,5.0,1.0,COMPLETE
news-source-strategies,RQ2,E2-timing-duration,credibility_p1_permanent,1020,CREDIBILITY_CAMOUFLAGE,TRADITIONAL_MEDIA,FAKE_NEWS_SOURCE,1.0,-1.0,,-1.0,0.33,1.0,5.0,1.0,COMPLETE
news-source-strategies,RQ2,E2-timing-duration,credibility_p1_permanent,1021,CREDIBILITY_CAMOUFLAGE,TRADITIONAL_MEDIA,FAKE_NEWS_SOURCE,1.0,-1.0,,-1.0,0.33,1.0,5.0,1.0,COMPLETE
news-source-strategies,RQ2,E2-timing-duration,credibility_p1_permanent,1022,CREDIBILITY_CAMOUFLAGE,TRADITIONAL_MEDIA,FAKE_NEWS_SOURCE,1.0,-1.0,,-1.0,0.33,1.0,5.0,1.0,COMPLETE
news-source-strategies,RQ2,E2-timing-duration,credibility_p1_permanent,1023,CREDIBILITY_CAMOUFLAGE,TRADITIONAL_MEDIA,FAKE_NEWS_SOURCE,1.0,-1.0,,-1.0,0.33,1.0,5.0,1.0,COMPLETE
news-source-strategies,RQ2,E2-timing-duration,credibility_p1_permanent,1024,CREDIBILITY_CAMOUFLAGE,TRADITIONAL_MEDIA,FAKE_NEWS_SOURCE,1.0,-1.0,,-1.0,0.33,1.0,5.0,1.0,COMPLETE
news-source-strategies,RQ2,E2-timing-duration,credibility_p1_permanent,1025,CREDIBILITY_CAMOUFLAGE,TRADITIONAL_MEDIA,FAKE_NEWS_SOURCE,1.0,-1.0,,-1.0,0.33,1.0,5.0,1.0,COMPLETE
news-source-strategies,RQ2,E2-timing-duration,credibility_p1_permanent,1026,CREDIBILITY_CAMOUFLAGE,TRADITIONAL_MEDIA,FAKE_NEWS_SOURCE,1.0,-1.0,,-1.0,0.33,1.0,5.0,1.0,COMPLETE
news-source-strategies,RQ2,E2-timing-duration,credibility_p1_permanent,1027,CREDIBILITY_CAMOUFLAGE,TRADITIONAL_MEDIA,FAKE_NEWS_SOURCE,1.0,-1.0,,-1.0,0.33,1.0,5.0,1.0,COMPLETE
news-source-strategies,RQ2,E2-timing-duration,credibility_p1_permanent,1028,CREDIBILITY_CAMOUFLAGE,TRADITIONAL_MEDIA,FAKE_NEWS_SOURCE,1.0,-1.0,,-1.0,0.33,1.0,5.0,1.0,COMPLETE
news-source-strategies,RQ2,E2-timing-duration,credibility_p1_permanent,1029,CREDIBILITY_CAMOUFLAGE,TRADITIONAL_MEDIA,FAKE_NEWS_SOURCE,1.0,-1.0,,-1.0,0.33,1.0,5.0,1.0,COMPLETE
news-source-strategies,RQ2,E2-timing-duration,credibility_p1_permanent,1030,CREDIBILITY_CAMOUFLAGE,TRADITIONAL_MEDIA,FAKE_NEWS_SOURCE,1.0,-1.0,,-1.0,0.33,1.0,5.0,1.0,COMPLETE
news-source-strategies,RQ2,E2-timing-duration,credibility_p101_d25,1001,CREDIBILITY_CAMOUFLAGE,TRADITIONAL_MEDIA,FAKE_NEWS_SOURCE,101.0,125.0,,-1.0,0.33,1.0,5.0,1.0,COMPLETE
news-source-strategies,RQ2,E2-timing-duration,credibility_p101_d25,1002,CREDIBILITY_CAMOUFLAGE,TRADITIONAL_MEDIA,FAKE_NEWS_SOURCE,101.0,125.0,,-1.0,0.33,1.0,5.0,1.0,COMPLETE
news-source-strategies,RQ2,E2-timing-duration,credibility_p101_d25,1003,CREDIBILITY_CAMOUFLAGE,TRADITIONAL_MEDIA,FAKE_NEWS_SOURCE,101.0,125.0,,-1.0,0.33,1.0,5.0,1.0,COMPLETE
news-source-strategies,RQ2,E2-timing-duration,credibility_p101_d25,1004,CREDIBILITY_CAMOUFLAGE,TRADITIONAL_MEDIA,FAKE_NEWS_SOURCE,101.0,125.0,,-1.0,0.33,1.0,5.0,1.0,COMPLETE
news-source-strategies,RQ2,E2-timing-duration,credibility_p101_d25,1005,CREDIBILITY_CAMOUFLAGE,TRADITIONAL_MEDIA,FAKE_NEWS_SOURCE,101.0,125.0,,-1.0,0.33,1.0,5.0,1.0,COMPLETE
news-source-strategies,RQ2,E2-timing-duration,credibility_p101_d25,1006,CREDIBILITY_CAMOUFLAGE,TRADITIONAL_MEDIA,FAKE_NEWS_SOURCE,101.0,125.0,,-1.0,0.33,1.0,5.0,1.0,COMPLETE
news-source-strategies,RQ2,E2-timing-duration,credibility_p101_d25,1007,CREDIBILITY_CAMOUFLAGE,TRADITIONAL_MEDIA,FAKE_NEWS_SOURCE,101.0,125.0,,-1.0,0.33,1.0,5.0,1.0,COMPLETE
news-source-strategies,RQ2,E2-timing-duration,credibility_p101_d25,1008,CREDIBILITY_CAMOUFLAGE,TRADITIONAL_MEDIA,FAKE_NEWS_SOURCE,101.0,125.0,,-1.0,0.33,1.0,5.0,1.0,COMPLETE
news-source-strategies,RQ2,E2-timing-duration,credibility_p101_d25,1009,CREDIBILITY_CAMOUFLAGE,TRADITIONAL_MEDIA,FAKE_NEWS_SOURCE,101.0,125.0,,-1.0,0.33,1.0,5.0,1.0,COMPLETE
news-source-strategies,RQ2,E2-timing-duration,credibility_p101_d25,1010,CREDIBILITY_CAMOUFLAGE,TRADITIONAL_MEDIA,FAKE_NEWS_SOURCE,101.0,125.0,,-1.0,0.33,1.0,5.0,1.0,COMPLETE
news-source-strategies,RQ2,E2-timing-duration,credibility_p101_d25,1011,CREDIBILITY_CAMOUFLAGE,TRADITIONAL_MEDIA,FAKE_NEWS_SOURCE,101.0,125.0,,-1.0,0.33,1.0,5.0,1.0,COMPLETE
news-source-strategies,RQ2,E2-timing-duration,credibility_p101_d25,1012,CREDIBILITY_CAMOUFLAGE,TRADITIONAL_MEDIA,FAKE_NEWS_SOURCE,101.0,125.0,,-1.0,0.33,1.0,5.0,1.0,COMPLETE
news-source-strategies,RQ2,E2-timing-duration,credibility_p101_d25,1013,CREDIBILITY_CAMOUFLAGE,TRADITIONAL_MEDIA,FAKE_NEWS_SOURCE,101.0,125.0,,-1.0,0.33,1.0,5.0,1.0,COMPLETE
news-source-strategies,RQ2,E2-timing-duration,credibility_p101_d25,1014,CREDIBILITY_CAMOUFLAGE,TRADITIONAL_MEDIA,FAKE_NEWS_SOURCE,101.0,125.0,,-1.0,0.33,1.0,5.0,1.0,COMPLETE
news-source-strategies,RQ2,E2-timing-duration,credibility_p101_d25,1015,CREDIBILITY_CAMOUFLAGE,TRADITIONAL_MEDIA,FAKE_NEWS_SOURCE,101.0,125.0,,-1.0,0.33,1.0,5.0,1.0,COMPLETE
news-source-strategies,RQ2,E2-timing-duration,credibility_p101_d25,1016,CREDIBILITY_CAMOUFLAGE,TRADITIONAL_MEDIA,FAKE_NEWS_SOURCE,101.0,125.0,,-1.0,0.33,1.0,5.0,1.0,COMPLETE
news-source-strategies,RQ2,E2-timing-duration,credibility_p101_d25,1017,CREDIBILITY_CAMOUFLAGE,TRADITIONAL_MEDIA,FAKE_NEWS_SOURCE,101.0,125.0,,-1.0,0.33,1.0,5.0,1.0,COMPLETE
news-source-strategies,RQ2,E2-timing-duration,credibility_p101_d25,1018,CREDIBILITY_CAMOUFLAGE,TRADITIONAL_MEDIA,FAKE_NEWS_SOURCE,101.0,125.0,,-1.0,0.33,1.0,5.0,1.0,COMPLETE
news-source-strategies,RQ2,E2-timing-duration,credibility_p101_d25,1019,CREDIBILITY_CAMOUFLAGE,TRADITIONAL_MEDIA,FAKE_NEWS_SOURCE,101.0,125.0,,-1.0,0.33,1.0,5.0,1.0,COMPLETE
news-source-strategies,RQ2,E2-timing-duration,credibility_p101_d25,1020,CREDIBILITY_CAMOUFLAGE,TRADITIONAL_MEDIA,FAKE_NEWS_SOURCE,101.0,125.0,,-1.0,0.33,1.0,5.0,1.0,COMPLETE
news-source-strategies,RQ2,E2-timing-duration,credibility_p101_d25,1021,CREDIBILITY_CAMOUFLAGE,TRADITIONAL_MEDIA,FAKE_NEWS_SOURCE,101.0,125.0,,-1.0,0.33,1.0,5.0,1.0,COMPLETE
news-source-strategies,RQ2,E2-timing-duration,credibility_p101_d25,1022,CREDIBILITY_CAMOUFLAGE,TRADITIONAL_MEDIA,FAKE_NEWS_SOURCE,101.0,125.0,,-1.0,0.33,1.0,5.0,1.0,COMPLETE
news-source-strategies,RQ2,E2-timing-duration,credibility_p101_d25,1023,CREDIBILITY_CAMOUFLAGE,TRADITIONAL_MEDIA,FAKE_NEWS_SOURCE,101.0,125.0,,-1.0,0.33,1.0,5.0,1.0,COMPLETE
news-source-strategies,RQ2,E2-timing-duration,credibility_p101_d25,1024,CREDIBILITY_CAMOUFLAGE,TRADITIONAL_MEDIA,FAKE_NEWS_SOURCE,101.0,125.0,,-1.0,0.33,1.0,5.0,1.0,COMPLETE
news-source-strategies,RQ2,E2-timing-duration,credibility_p101_d25,1025,CREDIBILITY_CAMOUFLAGE,TRADITIONAL_MEDIA,FAKE_NEWS_SOURCE,101.0,125.0,,-1.0,0.33,1.0,5.0,1.0,COMPLETE
news-source-strategies,RQ2,E2-timing-duration,credibility_p101_d25,1026,CREDIBILITY_CAMOUFLAGE,TRADITIONAL_MEDIA,FAKE_NEWS_SOURCE,101.0,125.0,,-1.0,0.33,1.0,5.0,1.0,COMPLETE
news-source-strategies,RQ2,E2-timing-duration,credibility_p101_d25,1027,CREDIBILITY_CAMOUFLAGE,TRADITIONAL_MEDIA,FAKE_NEWS_SOURCE,101.0,125.0,,-1.0,0.33,1.0,5.0,1.0,COMPLETE
news-source-strategies,RQ2,E2-timing-duration,credibility_p101_d25,1028,CREDIBILITY_CAMOUFLAGE,TRADITIONAL_MEDIA,FAKE_NEWS_SOURCE,101.0,125.0,,-1.0,0.33,1.0,5.0,1.0,COMPLETE
news-source-strategies,RQ2,E2-timing-duration,credibility_p101_d25,1029,CREDIBILITY_CAMOUFLAGE,TRADITIONAL_MEDIA,FAKE_NEWS_SOURCE,101.0,125.0,,-1.0,0.33,1.0,5.0,1.0,COMPLETE
news-source-strategies,RQ2,E2-timing-duration,credibility_p101_d25,1030,CREDIBILITY_CAMOUFLAGE,TRADITIONAL_MEDIA,FAKE_NEWS_SOURCE,101.0,125.0,,-1.0,0.33,1.0,5.0,1.0,COMPLETE
news-source-strategies,RQ2,E2-timing-duration,credibility_p101_d100,1001,CREDIBILITY_CAMOUFLAGE,TRADITIONAL_MEDIA,FAKE_NEWS_SOURCE,101.0,200.0,,-1.0,0.33,1.0,5.0,1.0,COMPLETE
news-source-strategies,RQ2,E2-timing-duration,credibility_p101_d100,1002,CREDIBILITY_CAMOUFLAGE,TRADITIONAL_MEDIA,FAKE_NEWS_SOURCE,101.0,200.0,,-1.0,0.33,1.0,5.0,1.0,COMPLETE
news-source-strategies,RQ2,E2-timing-duration,credibility_p101_d100,1003,CREDIBILITY_CAMOUFLAGE,TRADITIONAL_MEDIA,FAKE_NEWS_SOURCE,101.0,200.0,,-1.0,0.33,1.0,5.0,1.0,COMPLETE
news-source-strategies,RQ2,E2-timing-duration,credibility_p101_d100,1004,CREDIBILITY_CAMOUFLAGE,TRADITIONAL_MEDIA,FAKE_NEWS_SOURCE,101.0,200.0,,-1.0,0.33,1.0,5.0,1.0,COMPLETE
news-source-strategies,RQ2,E2-timing-duration,credibility_p101_d100,1005,CREDIBILITY_CAMOUFLAGE,TRADITIONAL_MEDIA,FAKE_NEWS_SOURCE,101.0,200.0,,-1.0,0.33,1.0,5.0,1.0,COMPLETE
news-source-strategies,RQ2,E2-timing-duration,credibility_p101_d100,1006,CREDIBILITY_CAMOUFLAGE,TRADITIONAL_MEDIA,FAKE_NEWS_SOURCE,101.0,200.0,,-1.0,0.33,1.0,5.0,1.0,COMPLETE
news-source-strategies,RQ2,E2-timing-duration,credibility_p101_d100,1007,CREDIBILITY_CAMOUFLAGE,TRADITIONAL_MEDIA,FAKE_NEWS_SOURCE,101.0,200.0,,-1.0,0.33,1.0,5.0,1.0,COMPLETE
news-source-strategies,RQ2,E2-timing-duration,credibility_p101_d100,1008,CREDIBILITY_CAMOUFLAGE,TRADITIONAL_MEDIA,FAKE_NEWS_SOURCE,101.0,200.0,,-1.0,0.33,1.0,5.0,1.0,COMPLETE
news-source-strategies,RQ2,E2-timing-duration,credibility_p101_d100,1009,CREDIBILITY_CAMOUFLAGE,TRADITIONAL_MEDIA,FAKE_NEWS_SOURCE,101.0,200.0,,-1.0,0.33,1.0,5.0,1.0,COMPLETE
news-source-strategies,RQ2,E2-timing-duration,credibility_p101_d100,1010,CREDIBILITY_CAMOUFLAGE,TRADITIONAL_MEDIA,FAKE_NEWS_SOURCE,101.0,200.0,,-1.0,0.33,1.0,5.0,1.0,COMPLETE
news-source-strategies,RQ2,E2-timing-duration,credibility_p101_d100,1011,CREDIBILITY_CAMOUFLAGE,TRADITIONAL_MEDIA,FAKE_NEWS_SOURCE,101.0,200.0,,-1.0,0.33,1.0,5.0,1.0,COMPLETE
news-source-strategies,RQ2,E2-timing-duration,credibility_p101_d100,1012,CREDIBILITY_CAMOUFLAGE,TRADITIONAL_MEDIA,FAKE_NEWS_SOURCE,101.0,200.0,,-1.0,0.33,1.0,5.0,1.0,COMPLETE
news-source-strategies,RQ2,E2-timing-duration,credibility_p101_d100,1013,CREDIBILITY_CAMOUFLAGE,TRADITIONAL_MEDIA,FAKE_NEWS_SOURCE,101.0,200.0,,-1.0,0.33,1.0,5.0,1.0,COMPLETE
news-source-strategies,RQ2,E2-timing-duration,credibility_p101_d100,1014,CREDIBILITY_CAMOUFLAGE,TRADITIONAL_MEDIA,FAKE_NEWS_SOURCE,101.0,200.0,,-1.0,0.33,1.0,5.0,1.0,COMPLETE
news-source-strategies,RQ2,E2-timing-duration,credibility_p101_d100,1015,CREDIBILITY_CAMOUFLAGE,TRADITIONAL_MEDIA,FAKE_NEWS_SOURCE,101.0,200.0,,-1.0,0.33,1.0,5.0,1.0,COMPLETE
news-source-strategies,RQ2,E2-timing-duration,credibility_p101_d100,1016,CREDIBILITY_CAMOUFLAGE,TRADITIONAL_MEDIA,FAKE_NEWS_SOURCE,101.0,200.0,,-1.0,0.33,1.0,5.0,1.0,COMPLETE
news-source-strategies,RQ2,E2-timing-duration,credibility_p101_d100,1017,CREDIBILITY_CAMOUFLAGE,TRADITIONAL_MEDIA,FAKE_NEWS_SOURCE,101.0,200.0,,-1.0,0.33,1.0,5.0,1.0,COMPLETE
news-source-strategies,RQ2,E2-timing-duration,credibility_p101_d100,1018,CREDIBILITY_CAMOUFLAGE,TRADITIONAL_MEDIA,FAKE_NEWS_SOURCE,101.0,200.0,,-1.0,0.33,1.0,5.0,1.0,COMPLETE
news-source-strategies,RQ2,E2-timing-duration,credibility_p101_d100,1019,CREDIBILITY_CAMOUFLAGE,TRADITIONAL_MEDIA,FAKE_NEWS_SOURCE,101.0,200.0,,-1.0,0.33,1.0,5.0,1.0,COMPLETE
news-source-strategies,RQ2,E2-timing-duration,credibility_p101_d100,1020,CREDIBILITY_CAMOUFLAGE,TRADITIONAL_MEDIA,FAKE_NEWS_SOURCE,101.0,200.0,,-1.0,0.33,1.0,5.0,1.0,COMPLETE
news-source-strategies,RQ2,E2-timing-duration,credibility_p101_d100,1021,CREDIBILITY_CAMOUFLAGE,TRADITIONAL_MEDIA,FAKE_NEWS_SOURCE,101.0,200.0,,-1.0,0.33,1.0,5.0,1.0,COMPLETE
news-source-strategies,RQ2,E2-timing-duration,credibility_p101_d100,1022,CREDIBILITY_CAMOUFLAGE,TRADITIONAL_MEDIA,FAKE_NEWS_SOURCE,101.0,200.0,,-1.0,0.33,1.0,5.0,1.0,COMPLETE
news-source-strategies,RQ2,E2-timing-duration,credibility_p101_d100,1023,CREDIBILITY_CAMOUFLAGE,TRADITIONAL_MEDIA,FAKE_NEWS_SOURCE,101.0,200.0,,-1.0,0.33,1.0,5.0,1.0,COMPLETE
news-source-strategies,RQ2,E2-timing-duration,credibility_p101_d100,1024,CREDIBILITY_CAMOUFLAGE,TRADITIONAL_MEDIA,FAKE_NEWS_SOURCE,101.0,200.0,,-1.0,0.33,1.0,5.0,1.0,COMPLETE
news-source-strategies,RQ2,E2-timing-duration,credibility_p101_d100,1025,CREDIBILITY_CAMOUFLAGE,TRADITIONAL_MEDIA,FAKE_NEWS_SOURCE,101.0,200.0,,-1.0,0.33,1.0,5.0,1.0,COMPLETE
news-source-strategies,RQ2,E2-timing-duration,credibility_p101_d100,1026,CREDIBILITY_CAMOUFLAGE,TRADITIONAL_MEDIA,FAKE_NEWS_SOURCE,101.0,200.0,,-1.0,0.33,1.0,5.0,1.0,COMPLETE
news-source-strategies,RQ2,E2-timing-duration,credibility_p101_d100,1027,CREDIBILITY_CAMOUFLAGE,TRADITIONAL_MEDIA,FAKE_NEWS_SOURCE,101.0,200.0,,-1.0,0.33,1.0,5.0,1.0,COMPLETE
news-source-strategies,RQ2,E2-timing-duration,credibility_p101_d100,1028,CREDIBILITY_CAMOUFLAGE,TRADITIONAL_MEDIA,FAKE_NEWS_SOURCE,101.0,200.0,,-1.0,0.33,1.0,5.0,1.0,COMPLETE
news-source-strategies,RQ2,E2-timing-duration,credibility_p101_d100,1029,CREDIBILITY_CAMOUFLAGE,TRADITIONAL_MEDIA,FAKE_NEWS_SOURCE,101.0,200.0,,-1.0,0.33,1.0,5.0,1.0,COMPLETE
news-source-strategies,RQ2,E2-timing-duration,credibility_p101_d100,1030,CREDIBILITY_CAMOUFLAGE,TRADITIONAL_MEDIA,FAKE_NEWS_SOURCE,101.0,200.0,,-1.0,0.33,1.0,5.0,1.0,COMPLETE
news-source-strategies,RQ2,E2-timing-duration,credibility_p101_permanent,1001,CREDIBILITY_CAMOUFLAGE,TRADITIONAL_MEDIA,FAKE_NEWS_SOURCE,101.0,-1.0,,-1.0,0.33,1.0,5.0,1.0,COMPLETE
news-source-strategies,RQ2,E2-timing-duration,credibility_p101_permanent,1002,CREDIBILITY_CAMOUFLAGE,TRADITIONAL_MEDIA,FAKE_NEWS_SOURCE,101.0,-1.0,,-1.0,0.33,1.0,5.0,1.0,COMPLETE
news-source-strategies,RQ2,E2-timing-duration,credibility_p101_permanent,1003,CREDIBILITY_CAMOUFLAGE,TRADITIONAL_MEDIA,FAKE_NEWS_SOURCE,101.0,-1.0,,-1.0,0.33,1.0,5.0,1.0,COMPLETE
news-source-strategies,RQ2,E2-timing-duration,credibility_p101_permanent,1004,CREDIBILITY_CAMOUFLAGE,TRADITIONAL_MEDIA,FAKE_NEWS_SOURCE,101.0,-1.0,,-1.0,0.33,1.0,5.0,1.0,COMPLETE
news-source-strategies,RQ2,E2-timing-duration,credibility_p101_permanent,1005,CREDIBILITY_CAMOUFLAGE,TRADITIONAL_MEDIA,FAKE_NEWS_SOURCE,101.0,-1.0,,-1.0,0.33,1.0,5.0,1.0,COMPLETE
news-source-strategies,RQ2,E2-timing-duration,credibility_p101_permanent,1006,CREDIBILITY_CAMOUFLAGE,TRADITIONAL_MEDIA,FAKE_NEWS_SOURCE,101.0,-1.0,,-1.0,0.33,1.0,5.0,1.0,COMPLETE
news-source-strategies,RQ2,E2-timing-duration,credibility_p101_permanent,1007,CREDIBILITY_CAMOUFLAGE,TRADITIONAL_MEDIA,FAKE_NEWS_SOURCE,101.0,-1.0,,-1.0,0.33,1.0,5.0,1.0,COMPLETE
news-source-strategies,RQ2,E2-timing-duration,credibility_p101_permanent,1008,CREDIBILITY_CAMOUFLAGE,TRADITIONAL_MEDIA,FAKE_NEWS_SOURCE,101.0,-1.0,,-1.0,0.33,1.0,5.0,1.0,COMPLETE
news-source-strategies,RQ2,E2-timing-duration,credibility_p101_permanent,1009,CREDIBILITY_CAMOUFLAGE,TRADITIONAL_MEDIA,FAKE_NEWS_SOURCE,101.0,-1.0,,-1.0,0.33,1.0,5.0,1.0,COMPLETE
news-source-strategies,RQ2,E2-timing-duration,credibility_p101_permanent,1010,CREDIBILITY_CAMOUFLAGE,TRADITIONAL_MEDIA,FAKE_NEWS_SOURCE,101.0,-1.0,,-1.0,0.33,1.0,5.0,1.0,COMPLETE
news-source-strategies,RQ2,E2-timing-duration,credibility_p101_permanent,1011,CREDIBILITY_CAMOUFLAGE,TRADITIONAL_MEDIA,FAKE_NEWS_SOURCE,101.0,-1.0,,-1.0,0.33,1.0,5.0,1.0,COMPLETE
news-source-strategies,RQ2,E2-timing-duration,credibility_p101_permanent,1012,CREDIBILITY_CAMOUFLAGE,TRADITIONAL_MEDIA,FAKE_NEWS_SOURCE,101.0,-1.0,,-1.0,0.33,1.0,5.0,1.0,COMPLETE
news-source-strategies,RQ2,E2-timing-duration,credibility_p101_permanent,1013,CREDIBILITY_CAMOUFLAGE,TRADITIONAL_MEDIA,FAKE_NEWS_SOURCE,101.0,-1.0,,-1.0,0.33,1.0,5.0,1.0,COMPLETE
news-source-strategies,RQ2,E2-timing-duration,credibility_p101_permanent,1014,CREDIBILITY_CAMOUFLAGE,TRADITIONAL_MEDIA,FAKE_NEWS_SOURCE,101.0,-1.0,,-1.0,0.33,1.0,5.0,1.0,COMPLETE
news-source-strategies,RQ2,E2-timing-duration,credibility_p101_permanent,1015,CREDIBILITY_CAMOUFLAGE,TRADITIONAL_MEDIA,FAKE_NEWS_SOURCE,101.0,-1.0,,-1.0,0.33,1.0,5.0,1.0,COMPLETE
news-source-strategies,RQ2,E2-timing-duration,credibility_p101_permanent,1016,CREDIBILITY_CAMOUFLAGE,TRADITIONAL_MEDIA,FAKE_NEWS_SOURCE,101.0,-1.0,,-1.0,0.33,1.0,5.0,1.0,COMPLETE
news-source-strategies,RQ2,E2-timing-duration,credibility_p101_permanent,1017,CREDIBILITY_CAMOUFLAGE,TRADITIONAL_MEDIA,FAKE_NEWS_SOURCE,101.0,-1.0,,-1.0,0.33,1.0,5.0,1.0,COMPLETE
news-source-strategies,RQ2,E2-timing-duration,credibility_p101_permanent,1018,CREDIBILITY_CAMOUFLAGE,TRADITIONAL_MEDIA,FAKE_NEWS_SOURCE,101.0,-1.0,,-1.0,0.33,1.0,5.0,1.0,COMPLETE
news-source-strategies,RQ2,E2-timing-duration,credibility_p101_permanent,1019,CREDIBILITY_CAMOUFLAGE,TRADITIONAL_MEDIA,FAKE_NEWS_SOURCE,101.0,-1.0,,-1.0,0.33,1.0,5.0,1.0,COMPLETE
news-source-strategies,RQ2,E2-timing-duration,credibility_p101_permanent,1020,CREDIBILITY_CAMOUFLAGE,TRADITIONAL_MEDIA,FAKE_NEWS_SOURCE,101.0,-1.0,,-1.0,0.33,1.0,5.0,1.0,COMPLETE
news-source-strategies,RQ2,E2-timing-duration,credibility_p101_permanent,1021,CREDIBILITY_CAMOUFLAGE,TRADITIONAL_MEDIA,FAKE_NEWS_SOURCE,101.0,-1.0,,-1.0,0.33,1.0,5.0,1.0,COMPLETE
news-source-strategies,RQ2,E2-timing-duration,credibility_p101_permanent,1022,CREDIBILITY_CAMOUFLAGE,TRADITIONAL_MEDIA,FAKE_NEWS_SOURCE,101.0,-1.0,,-1.0,0.33,1.0,5.0,1.0,COMPLETE
news-source-strategies,RQ2,E2-timing-duration,credibility_p101_permanent,1023,CREDIBILITY_CAMOUFLAGE,TRADITIONAL_MEDIA,FAKE_NEWS_SOURCE,101.0,-1.0,,-1.0,0.33,1.0,5.0,1.0,COMPLETE
news-source-strategies,RQ2,E2-timing-duration,credibility_p101_permanent,1024,CREDIBILITY_CAMOUFLAGE,TRADITIONAL_MEDIA,FAKE_NEWS_SOURCE,101.0,-1.0,,-1.0,0.33,1.0,5.0,1.0,COMPLETE
news-source-strategies,RQ2,E2-timing-duration,credibility_p101_permanent,1025,CREDIBILITY_CAMOUFLAGE,TRADITIONAL_MEDIA,FAKE_NEWS_SOURCE,101.0,-1.0,,-1.0,0.33,1.0,5.0,1.0,COMPLETE
news-source-strategies,RQ2,E2-timing-duration,credibility_p101_permanent,1026,CREDIBILITY_CAMOUFLAGE,TRADITIONAL_MEDIA,FAKE_NEWS_SOURCE,101.0,-1.0,,-1.0,0.33,1.0,5.0,1.0,COMPLETE
news-source-strategies,RQ2,E2-timing-duration,credibility_p101_permanent,1027,CREDIBILITY_CAMOUFLAGE,TRADITIONAL_MEDIA,FAKE_NEWS_SOURCE,101.0,-1.0,,-1.0,0.33,1.0,5.0,1.0,COMPLETE
news-source-strategies,RQ2,E2-timing-duration,credibility_p101_permanent,1028,CREDIBILITY_CAMOUFLAGE,TRADITIONAL_MEDIA,FAKE_NEWS_SOURCE,101.0,-1.0,,-1.0,0.33,1.0,5.0,1.0,COMPLETE
news-source-strategies,RQ2,E2-timing-duration,credibility_p101_permanent,1029,CREDIBILITY_CAMOUFLAGE,TRADITIONAL_MEDIA,FAKE_NEWS_SOURCE,101.0,-1.0,,-1.0,0.33,1.0,5.0,1.0,COMPLETE
news-source-strategies,RQ2,E2-timing-duration,credibility_p101_permanent,1030,CREDIBILITY_CAMOUFLAGE,TRADITIONAL_MEDIA,FAKE_NEWS_SOURCE,101.0,-1.0,,-1.0,0.33,1.0,5.0,1.0,COMPLETE
news-source-strategies,RQ2,E2-timing-duration,credibility_p201_d25,1001,CREDIBILITY_CAMOUFLAGE,TRADITIONAL_MEDIA,FAKE_NEWS_SOURCE,201.0,225.0,,-1.0,0.33,1.0,5.0,1.0,COMPLETE
news-source-strategies,RQ2,E2-timing-duration,credibility_p201_d25,1002,CREDIBILITY_CAMOUFLAGE,TRADITIONAL_MEDIA,FAKE_NEWS_SOURCE,201.0,225.0,,-1.0,0.33,1.0,5.0,1.0,COMPLETE
news-source-strategies,RQ2,E2-timing-duration,credibility_p201_d25,1003,CREDIBILITY_CAMOUFLAGE,TRADITIONAL_MEDIA,FAKE_NEWS_SOURCE,201.0,225.0,,-1.0,0.33,1.0,5.0,1.0,COMPLETE
news-source-strategies,RQ2,E2-timing-duration,credibility_p201_d25,1004,CREDIBILITY_CAMOUFLAGE,TRADITIONAL_MEDIA,FAKE_NEWS_SOURCE,201.0,225.0,,-1.0,0.33,1.0,5.0,1.0,COMPLETE
news-source-strategies,RQ2,E2-timing-duration,credibility_p201_d25,1005,CREDIBILITY_CAMOUFLAGE,TRADITIONAL_MEDIA,FAKE_NEWS_SOURCE,201.0,225.0,,-1.0,0.33,1.0,5.0,1.0,COMPLETE
news-source-strategies,RQ2,E2-timing-duration,credibility_p201_d25,1006,CREDIBILITY_CAMOUFLAGE,TRADITIONAL_MEDIA,FAKE_NEWS_SOURCE,201.0,225.0,,-1.0,0.33,1.0,5.0,1.0,COMPLETE
news-source-strategies,RQ2,E2-timing-duration,credibility_p201_d25,1007,CREDIBILITY_CAMOUFLAGE,TRADITIONAL_MEDIA,FAKE_NEWS_SOURCE,201.0,225.0,,-1.0,0.33,1.0,5.0,1.0,COMPLETE
news-source-strategies,RQ2,E2-timing-duration,credibility_p201_d25,1008,CREDIBILITY_CAMOUFLAGE,TRADITIONAL_MEDIA,FAKE_NEWS_SOURCE,201.0,225.0,,-1.0,0.33,1.0,5.0,1.0,COMPLETE
news-source-strategies,RQ2,E2-timing-duration,credibility_p201_d25,1009,CREDIBILITY_CAMOUFLAGE,TRADITIONAL_MEDIA,FAKE_NEWS_SOURCE,201.0,225.0,,-1.0,0.33,1.0,5.0,1.0,COMPLETE
news-source-strategies,RQ2,E2-timing-duration,credibility_p201_d25,1010,CREDIBILITY_CAMOUFLAGE,TRADITIONAL_MEDIA,FAKE_NEWS_SOURCE,201.0,225.0,,-1.0,0.33,1.0,5.0,1.0,COMPLETE
news-source-strategies,RQ2,E2-timing-duration,credibility_p201_d25,1011,CREDIBILITY_CAMOUFLAGE,TRADITIONAL_MEDIA,FAKE_NEWS_SOURCE,201.0,225.0,,-1.0,0.33,1.0,5.0,1.0,COMPLETE
news-source-strategies,RQ2,E2-timing-duration,credibility_p201_d25,1012,CREDIBILITY_CAMOUFLAGE,TRADITIONAL_MEDIA,FAKE_NEWS_SOURCE,201.0,225.0,,-1.0,0.33,1.0,5.0,1.0,COMPLETE
news-source-strategies,RQ2,E2-timing-duration,credibility_p201_d25,1013,CREDIBILITY_CAMOUFLAGE,TRADITIONAL_MEDIA,FAKE_NEWS_SOURCE,201.0,225.0,,-1.0,0.33,1.0,5.0,1.0,COMPLETE
news-source-strategies,RQ2,E2-timing-duration,credibility_p201_d25,1014,CREDIBILITY_CAMOUFLAGE,TRADITIONAL_MEDIA,FAKE_NEWS_SOURCE,201.0,225.0,,-1.0,0.33,1.0,5.0,1.0,COMPLETE
news-source-strategies,RQ2,E2-timing-duration,credibility_p201_d25,1015,CREDIBILITY_CAMOUFLAGE,TRADITIONAL_MEDIA,FAKE_NEWS_SOURCE,201.0,225.0,,-1.0,0.33,1.0,5.0,1.0,COMPLETE
news-source-strategies,RQ2,E2-timing-duration,credibility_p201_d25,1016,CREDIBILITY_CAMOUFLAGE,TRADITIONAL_MEDIA,FAKE_NEWS_SOURCE,201.0,225.0,,-1.0,0.33,1.0,5.0,1.0,COMPLETE
news-source-strategies,RQ2,E2-timing-duration,credibility_p201_d25,1017,CREDIBILITY_CAMOUFLAGE,TRADITIONAL_MEDIA,FAKE_NEWS_SOURCE,201.0,225.0,,-1.0,0.33,1.0,5.0,1.0,COMPLETE
news-source-strategies,RQ2,E2-timing-duration,credibility_p201_d25,1018,CREDIBILITY_CAMOUFLAGE,TRADITIONAL_MEDIA,FAKE_NEWS_SOURCE,201.0,225.0,,-1.0,0.33,1.0,5.0,1.0,COMPLETE
news-source-strategies,RQ2,E2-timing-duration,credibility_p201_d25,1019,CREDIBILITY_CAMOUFLAGE,TRADITIONAL_MEDIA,FAKE_NEWS_SOURCE,201.0,225.0,,-1.0,0.33,1.0,5.0,1.0,COMPLETE
news-source-strategies,RQ2,E2-timing-duration,credibility_p201_d25,1020,CREDIBILITY_CAMOUFLAGE,TRADITIONAL_MEDIA,FAKE_NEWS_SOURCE,201.0,225.0,,-1.0,0.33,1.0,5.0,1.0,COMPLETE
news-source-strategies,RQ2,E2-timing-duration,credibility_p201_d25,1021,CREDIBILITY_CAMOUFLAGE,TRADITIONAL_MEDIA,FAKE_NEWS_SOURCE,201.0,225.0,,-1.0,0.33,1.0,5.0,1.0,COMPLETE
news-source-strategies,RQ2,E2-timing-duration,credibility_p201_d25,1022,CREDIBILITY_CAMOUFLAGE,TRADITIONAL_MEDIA,FAKE_NEWS_SOURCE,201.0,225.0,,-1.0,0.33,1.0,5.0,1.0,COMPLETE
news-source-strategies,RQ2,E2-timing-duration,credibility_p201_d25,1023,CREDIBILITY_CAMOUFLAGE,TRADITIONAL_MEDIA,FAKE_NEWS_SOURCE,201.0,225.0,,-1.0,0.33,1.0,5.0,1.0,COMPLETE
news-source-strategies,RQ2,E2-timing-duration,credibility_p201_d25,1024,CREDIBILITY_CAMOUFLAGE,TRADITIONAL_MEDIA,FAKE_NEWS_SOURCE,201.0,225.0,,-1.0,0.33,1.0,5.0,1.0,COMPLETE
news-source-strategies,RQ2,E2-timing-duration,credibility_p201_d25,1025,CREDIBILITY_CAMOUFLAGE,TRADITIONAL_MEDIA,FAKE_NEWS_SOURCE,201.0,225.0,,-1.0,0.33,1.0,5.0,1.0,COMPLETE
news-source-strategies,RQ2,E2-timing-duration,credibility_p201_d25,1026,CREDIBILITY_CAMOUFLAGE,TRADITIONAL_MEDIA,FAKE_NEWS_SOURCE,201.0,225.0,,-1.0,0.33,1.0,5.0,1.0,COMPLETE
news-source-strategies,RQ2,E2-timing-duration,credibility_p201_d25,1027,CREDIBILITY_CAMOUFLAGE,TRADITIONAL_MEDIA,FAKE_NEWS_SOURCE,201.0,225.0,,-1.0,0.33,1.0,5.0,1.0,COMPLETE
news-source-strategies,RQ2,E2-timing-duration,credibility_p201_d25,1028,CREDIBILITY_CAMOUFLAGE,TRADITIONAL_MEDIA,FAKE_NEWS_SOURCE,201.0,225.0,,-1.0,0.33,1.0,5.0,1.0,COMPLETE
news-source-strategies,RQ2,E2-timing-duration,credibility_p201_d25,1029,CREDIBILITY_CAMOUFLAGE,TRADITIONAL_MEDIA,FAKE_NEWS_SOURCE,201.0,225.0,,-1.0,0.33,1.0,5.0,1.0,COMPLETE
news-source-strategies,RQ2,E2-timing-duration,credibility_p201_d25,1030,CREDIBILITY_CAMOUFLAGE,TRADITIONAL_MEDIA,FAKE_NEWS_SOURCE,201.0,225.0,,-1.0,0.33,1.0,5.0,1.0,COMPLETE
news-source-strategies,RQ2,E2-timing-duration,credibility_p201_d100,1001,CREDIBILITY_CAMOUFLAGE,TRADITIONAL_MEDIA,FAKE_NEWS_SOURCE,201.0,300.0,,-1.0,0.33,1.0,5.0,1.0,COMPLETE
news-source-strategies,RQ2,E2-timing-duration,credibility_p201_d100,1002,CREDIBILITY_CAMOUFLAGE,TRADITIONAL_MEDIA,FAKE_NEWS_SOURCE,201.0,300.0,,-1.0,0.33,1.0,5.0,1.0,COMPLETE
news-source-strategies,RQ2,E2-timing-duration,credibility_p201_d100,1003,CREDIBILITY_CAMOUFLAGE,TRADITIONAL_MEDIA,FAKE_NEWS_SOURCE,201.0,300.0,,-1.0,0.33,1.0,5.0,1.0,COMPLETE
news-source-strategies,RQ2,E2-timing-duration,credibility_p201_d100,1004,CREDIBILITY_CAMOUFLAGE,TRADITIONAL_MEDIA,FAKE_NEWS_SOURCE,201.0,300.0,,-1.0,0.33,1.0,5.0,1.0,COMPLETE
news-source-strategies,RQ2,E2-timing-duration,credibility_p201_d100,1005,CREDIBILITY_CAMOUFLAGE,TRADITIONAL_MEDIA,FAKE_NEWS_SOURCE,201.0,300.0,,-1.0,0.33,1.0,5.0,1.0,COMPLETE
news-source-strategies,RQ2,E2-timing-duration,credibility_p201_d100,1006,CREDIBILITY_CAMOUFLAGE,TRADITIONAL_MEDIA,FAKE_NEWS_SOURCE,201.0,300.0,,-1.0,0.33,1.0,5.0,1.0,COMPLETE
news-source-strategies,RQ2,E2-timing-duration,credibility_p201_d100,1007,CREDIBILITY_CAMOUFLAGE,TRADITIONAL_MEDIA,FAKE_NEWS_SOURCE,201.0,300.0,,-1.0,0.33,1.0,5.0,1.0,COMPLETE
news-source-strategies,RQ2,E2-timing-duration,credibility_p201_d100,1008,CREDIBILITY_CAMOUFLAGE,TRADITIONAL_MEDIA,FAKE_NEWS_SOURCE,201.0,300.0,,-1.0,0.33,1.0,5.0,1.0,COMPLETE
news-source-strategies,RQ2,E2-timing-duration,credibility_p201_d100,1009,CREDIBILITY_CAMOUFLAGE,TRADITIONAL_MEDIA,FAKE_NEWS_SOURCE,201.0,300.0,,-1.0,0.33,1.0,5.0,1.0,COMPLETE
news-source-strategies,RQ2,E2-timing-duration,credibility_p201_d100,1010,CREDIBILITY_CAMOUFLAGE,TRADITIONAL_MEDIA,FAKE_NEWS_SOURCE,201.0,300.0,,-1.0,0.33,1.0,5.0,1.0,COMPLETE
news-source-strategies,RQ2,E2-timing-duration,credibility_p201_d100,1011,CREDIBILITY_CAMOUFLAGE,TRADITIONAL_MEDIA,FAKE_NEWS_SOURCE,201.0,300.0,,-1.0,0.33,1.0,5.0,1.0,COMPLETE
news-source-strategies,RQ2,E2-timing-duration,credibility_p201_d100,1012,CREDIBILITY_CAMOUFLAGE,TRADITIONAL_MEDIA,FAKE_NEWS_SOURCE,201.0,300.0,,-1.0,0.33,1.0,5.0,1.0,COMPLETE
news-source-strategies,RQ2,E2-timing-duration,credibility_p201_d100,1013,CREDIBILITY_CAMOUFLAGE,TRADITIONAL_MEDIA,FAKE_NEWS_SOURCE,201.0,300.0,,-1.0,0.33,1.0,5.0,1.0,COMPLETE
news-source-strategies,RQ2,E2-timing-duration,credibility_p201_d100,1014,CREDIBILITY_CAMOUFLAGE,TRADITIONAL_MEDIA,FAKE_NEWS_SOURCE,201.0,300.0,,-1.0,0.33,1.0,5.0,1.0,COMPLETE
news-source-strategies,RQ2,E2-timing-duration,credibility_p201_d100,1015,CREDIBILITY_CAMOUFLAGE,TRADITIONAL_MEDIA,FAKE_NEWS_SOURCE,201.0,300.0,,-1.0,0.33,1.0,5.0,1.0,COMPLETE
news-source-strategies,RQ2,E2-timing-duration,credibility_p201_d100,1016,CREDIBILITY_CAMOUFLAGE,TRADITIONAL_MEDIA,FAKE_NEWS_SOURCE,201.0,300.0,,-1.0,0.33,1.0,5.0,1.0,COMPLETE
news-source-strategies,RQ2,E2-timing-duration,credibility_p201_d100,1017,CREDIBILITY_CAMOUFLAGE,TRADITIONAL_MEDIA,FAKE_NEWS_SOURCE,201.0,300.0,,-1.0,0.33,1.0,5.0,1.0,COMPLETE
news-source-strategies,RQ2,E2-timing-duration,credibility_p201_d100,1018,CREDIBILITY_CAMOUFLAGE,TRADITIONAL_MEDIA,FAKE_NEWS_SOURCE,201.0,300.0,,-1.0,0.33,1.0,5.0,1.0,COMPLETE
news-source-strategies,RQ2,E2-timing-duration,credibility_p201_d100,1019,CREDIBILITY_CAMOUFLAGE,TRADITIONAL_MEDIA,FAKE_NEWS_SOURCE,201.0,300.0,,-1.0,0.33,1.0,5.0,1.0,COMPLETE
news-source-strategies,RQ2,E2-timing-duration,credibility_p201_d100,1020,CREDIBILITY_CAMOUFLAGE,TRADITIONAL_MEDIA,FAKE_NEWS_SOURCE,201.0,300.0,,-1.0,0.33,1.0,5.0,1.0,COMPLETE
news-source-strategies,RQ2,E2-timing-duration,credibility_p201_d100,1021,CREDIBILITY_CAMOUFLAGE,TRADITIONAL_MEDIA,FAKE_NEWS_SOURCE,201.0,300.0,,-1.0,0.33,1.0,5.0,1.0,COMPLETE
news-source-strategies,RQ2,E2-timing-duration,credibility_p201_d100,1022,CREDIBILITY_CAMOUFLAGE,TRADITIONAL_MEDIA,FAKE_NEWS_SOURCE,201.0,300.0,,-1.0,0.33,1.0,5.0,1.0,COMPLETE
news-source-strategies,RQ2,E2-timing-duration,credibility_p201_d100,1023,CREDIBILITY_CAMOUFLAGE,TRADITIONAL_MEDIA,FAKE_NEWS_SOURCE,201.0,300.0,,-1.0,0.33,1.0,5.0,1.0,COMPLETE
news-source-strategies,RQ2,E2-timing-duration,credibility_p201_d100,1024,CREDIBILITY_CAMOUFLAGE,TRADITIONAL_MEDIA,FAKE_NEWS_SOURCE,201.0,300.0,,-1.0,0.33,1.0,5.0,1.0,COMPLETE
news-source-strategies,RQ2,E2-timing-duration,credibility_p201_d100,1025,CREDIBILITY_CAMOUFLAGE,TRADITIONAL_MEDIA,FAKE_NEWS_SOURCE,201.0,300.0,,-1.0,0.33,1.0,5.0,1.0,COMPLETE
news-source-strategies,RQ2,E2-timing-duration,credibility_p201_d100,1026,CREDIBILITY_CAMOUFLAGE,TRADITIONAL_MEDIA,FAKE_NEWS_SOURCE,201.0,300.0,,-1.0,0.33,1.0,5.0,1.0,COMPLETE
news-source-strategies,RQ2,E2-timing-duration,credibility_p201_d100,1027,CREDIBILITY_CAMOUFLAGE,TRADITIONAL_MEDIA,FAKE_NEWS_SOURCE,201.0,300.0,,-1.0,0.33,1.0,5.0,1.0,COMPLETE
news-source-strategies,RQ2,E2-timing-duration,credibility_p201_d100,1028,CREDIBILITY_CAMOUFLAGE,TRADITIONAL_MEDIA,FAKE_NEWS_SOURCE,201.0,300.0,,-1.0,0.33,1.0,5.0,1.0,COMPLETE
news-source-strategies,RQ2,E2-timing-duration,credibility_p201_d100,1029,CREDIBILITY_CAMOUFLAGE,TRADITIONAL_MEDIA,FAKE_NEWS_SOURCE,201.0,300.0,,-1.0,0.33,1.0,5.0,1.0,COMPLETE
news-source-strategies,RQ2,E2-timing-duration,credibility_p201_d100,1030,CREDIBILITY_CAMOUFLAGE,TRADITIONAL_MEDIA,FAKE_NEWS_SOURCE,201.0,300.0,,-1.0,0.33,1.0,5.0,1.0,COMPLETE
news-source-strategies,RQ2,E2-timing-duration,credibility_p201_permanent,1001,CREDIBILITY_CAMOUFLAGE,TRADITIONAL_MEDIA,FAKE_NEWS_SOURCE,201.0,-1.0,,-1.0,0.33,1.0,5.0,1.0,COMPLETE
news-source-strategies,RQ2,E2-timing-duration,credibility_p201_permanent,1002,CREDIBILITY_CAMOUFLAGE,TRADITIONAL_MEDIA,FAKE_NEWS_SOURCE,201.0,-1.0,,-1.0,0.33,1.0,5.0,1.0,COMPLETE
news-source-strategies,RQ2,E2-timing-duration,credibility_p201_permanent,1003,CREDIBILITY_CAMOUFLAGE,TRADITIONAL_MEDIA,FAKE_NEWS_SOURCE,201.0,-1.0,,-1.0,0.33,1.0,5.0,1.0,COMPLETE
news-source-strategies,RQ2,E2-timing-duration,credibility_p201_permanent,1004,CREDIBILITY_CAMOUFLAGE,TRADITIONAL_MEDIA,FAKE_NEWS_SOURCE,201.0,-1.0,,-1.0,0.33,1.0,5.0,1.0,COMPLETE
news-source-strategies,RQ2,E2-timing-duration,credibility_p201_permanent,1005,CREDIBILITY_CAMOUFLAGE,TRADITIONAL_MEDIA,FAKE_NEWS_SOURCE,201.0,-1.0,,-1.0,0.33,1.0,5.0,1.0,COMPLETE
news-source-strategies,RQ2,E2-timing-duration,credibility_p201_permanent,1006,CREDIBILITY_CAMOUFLAGE,TRADITIONAL_MEDIA,FAKE_NEWS_SOURCE,201.0,-1.0,,-1.0,0.33,1.0,5.0,1.0,COMPLETE
news-source-strategies,RQ2,E2-timing-duration,credibility_p201_permanent,1007,CREDIBILITY_CAMOUFLAGE,TRADITIONAL_MEDIA,FAKE_NEWS_SOURCE,201.0,-1.0,,-1.0,0.33,1.0,5.0,1.0,COMPLETE
news-source-strategies,RQ2,E2-timing-duration,credibility_p201_permanent,1008,CREDIBILITY_CAMOUFLAGE,TRADITIONAL_MEDIA,FAKE_NEWS_SOURCE,201.0,-1.0,,-1.0,0.33,1.0,5.0,1.0,COMPLETE
news-source-strategies,RQ2,E2-timing-duration,credibility_p201_permanent,1009,CREDIBILITY_CAMOUFLAGE,TRADITIONAL_MEDIA,FAKE_NEWS_SOURCE,201.0,-1.0,,-1.0,0.33,1.0,5.0,1.0,COMPLETE
news-source-strategies,RQ2,E2-timing-duration,credibility_p201_permanent,1010,CREDIBILITY_CAMOUFLAGE,TRADITIONAL_MEDIA,FAKE_NEWS_SOURCE,201.0,-1.0,,-1.0,0.33,1.0,5.0,1.0,COMPLETE
news-source-strategies,RQ2,E2-timing-duration,credibility_p201_permanent,1011,CREDIBILITY_CAMOUFLAGE,TRADITIONAL_MEDIA,FAKE_NEWS_SOURCE,201.0,-1.0,,-1.0,0.33,1.0,5.0,1.0,COMPLETE
news-source-strategies,RQ2,E2-timing-duration,credibility_p201_permanent,1012,CREDIBILITY_CAMOUFLAGE,TRADITIONAL_MEDIA,FAKE_NEWS_SOURCE,201.0,-1.0,,-1.0,0.33,1.0,5.0,1.0,COMPLETE
news-source-strategies,RQ2,E2-timing-duration,credibility_p201_permanent,1013,CREDIBILITY_CAMOUFLAGE,TRADITIONAL_MEDIA,FAKE_NEWS_SOURCE,201.0,-1.0,,-1.0,0.33,1.0,5.0,1.0,COMPLETE
news-source-strategies,RQ2,E2-timing-duration,credibility_p201_permanent,1014,CREDIBILITY_CAMOUFLAGE,TRADITIONAL_MEDIA,FAKE_NEWS_SOURCE,201.0,-1.0,,-1.0,0.33,1.0,5.0,1.0,COMPLETE
news-source-strategies,RQ2,E2-timing-duration,credibility_p201_permanent,1015,CREDIBILITY_CAMOUFLAGE,TRADITIONAL_MEDIA,FAKE_NEWS_SOURCE,201.0,-1.0,,-1.0,0.33,1.0,5.0,1.0,COMPLETE
news-source-strategies,RQ2,E2-timing-duration,credibility_p201_permanent,1016,CREDIBILITY_CAMOUFLAGE,TRADITIONAL_MEDIA,FAKE_NEWS_SOURCE,201.0,-1.0,,-1.0,0.33,1.0,5.0,1.0,COMPLETE
news-source-strategies,RQ2,E2-timing-duration,credibility_p201_permanent,1017,CREDIBILITY_CAMOUFLAGE,TRADITIONAL_MEDIA,FAKE_NEWS_SOURCE,201.0,-1.0,,-1.0,0.33,1.0,5.0,1.0,COMPLETE
news-source-strategies,RQ2,E2-timing-duration,credibility_p201_permanent,1018,CREDIBILITY_CAMOUFLAGE,TRADITIONAL_MEDIA,FAKE_NEWS_SOURCE,201.0,-1.0,,-1.0,0.33,1.0,5.0,1.0,COMPLETE
news-source-strategies,RQ2,E2-timing-duration,credibility_p201_permanent,1019,CREDIBILITY_CAMOUFLAGE,TRADITIONAL_MEDIA,FAKE_NEWS_SOURCE,201.0,-1.0,,-1.0,0.33,1.0,5.0,1.0,COMPLETE
news-source-strategies,RQ2,E2-timing-duration,credibility_p201_permanent,1020,CREDIBILITY_CAMOUFLAGE,TRADITIONAL_MEDIA,FAKE_NEWS_SOURCE,201.0,-1.0,,-1.0,0.33,1.0,5.0,1.0,COMPLETE
news-source-strategies,RQ2,E2-timing-duration,credibility_p201_permanent,1021,CREDIBILITY_CAMOUFLAGE,TRADITIONAL_MEDIA,FAKE_NEWS_SOURCE,201.0,-1.0,,-1.0,0.33,1.0,5.0,1.0,COMPLETE
news-source-strategies,RQ2,E2-timing-duration,credibility_p201_permanent,1022,CREDIBILITY_CAMOUFLAGE,TRADITIONAL_MEDIA,FAKE_NEWS_SOURCE,201.0,-1.0,,-1.0,0.33,1.0,5.0,1.0,COMPLETE
news-source-strategies,RQ2,E2-timing-duration,credibility_p201_permanent,1023,CREDIBILITY_CAMOUFLAGE,TRADITIONAL_MEDIA,FAKE_NEWS_SOURCE,201.0,-1.0,,-1.0,0.33,1.0,5.0,1.0,COMPLETE
news-source-strategies,RQ2,E2-timing-duration,credibility_p201_permanent,1024,CREDIBILITY_CAMOUFLAGE,TRADITIONAL_MEDIA,FAKE_NEWS_SOURCE,201.0,-1.0,,-1.0,0.33,1.0,5.0,1.0,COMPLETE
news-source-strategies,RQ2,E2-timing-duration,credibility_p201_permanent,1025,CREDIBILITY_CAMOUFLAGE,TRADITIONAL_MEDIA,FAKE_NEWS_SOURCE,201.0,-1.0,,-1.0,0.33,1.0,5.0,1.0,COMPLETE
news-source-strategies,RQ2,E2-timing-duration,credibility_p201_permanent,1026,CREDIBILITY_CAMOUFLAGE,TRADITIONAL_MEDIA,FAKE_NEWS_SOURCE,201.0,-1.0,,-1.0,0.33,1.0,5.0,1.0,COMPLETE
news-source-strategies,RQ2,E2-timing-duration,credibility_p201_permanent,1027,CREDIBILITY_CAMOUFLAGE,TRADITIONAL_MEDIA,FAKE_NEWS_SOURCE,201.0,-1.0,,-1.0,0.33,1.0,5.0,1.0,COMPLETE
news-source-strategies,RQ2,E2-timing-duration,credibility_p201_permanent,1028,CREDIBILITY_CAMOUFLAGE,TRADITIONAL_MEDIA,FAKE_NEWS_SOURCE,201.0,-1.0,,-1.0,0.33,1.0,5.0,1.0,COMPLETE
news-source-strategies,RQ2,E2-timing-duration,credibility_p201_permanent,1029,CREDIBILITY_CAMOUFLAGE,TRADITIONAL_MEDIA,FAKE_NEWS_SOURCE,201.0,-1.0,,-1.0,0.33,1.0,5.0,1.0,COMPLETE
news-source-strategies,RQ2,E2-timing-duration,credibility_p201_permanent,1030,CREDIBILITY_CAMOUFLAGE,TRADITIONAL_MEDIA,FAKE_NEWS_SOURCE,201.0,-1.0,,-1.0,0.33,1.0,5.0,1.0,COMPLETE
news-source-strategies,RQ2,E2-timing-duration,informational_p1_d25,1001,INFORMATIONAL_CAMOUFLAGE,TRADITIONAL_MEDIA,FAKE_NEWS_SOURCE,1.0,25.0,,-1.0,0.33,1.0,5.0,1.0,COMPLETE
news-source-strategies,RQ2,E2-timing-duration,informational_p1_d25,1002,INFORMATIONAL_CAMOUFLAGE,TRADITIONAL_MEDIA,FAKE_NEWS_SOURCE,1.0,25.0,,-1.0,0.33,1.0,5.0,1.0,COMPLETE
news-source-strategies,RQ2,E2-timing-duration,informational_p1_d25,1003,INFORMATIONAL_CAMOUFLAGE,TRADITIONAL_MEDIA,FAKE_NEWS_SOURCE,1.0,25.0,,-1.0,0.33,1.0,5.0,1.0,COMPLETE
news-source-strategies,RQ2,E2-timing-duration,informational_p1_d25,1004,INFORMATIONAL_CAMOUFLAGE,TRADITIONAL_MEDIA,FAKE_NEWS_SOURCE,1.0,25.0,,-1.0,0.33,1.0,5.0,1.0,COMPLETE
news-source-strategies,RQ2,E2-timing-duration,informational_p1_d25,1005,INFORMATIONAL_CAMOUFLAGE,TRADITIONAL_MEDIA,FAKE_NEWS_SOURCE,1.0,25.0,,-1.0,0.33,1.0,5.0,1.0,COMPLETE
news-source-strategies,RQ2,E2-timing-duration,informational_p1_d25,1006,INFORMATIONAL_CAMOUFLAGE,TRADITIONAL_MEDIA,FAKE_NEWS_SOURCE,1.0,25.0,,-1.0,0.33,1.0,5.0,1.0,COMPLETE
news-source-strategies,RQ2,E2-timing-duration,informational_p1_d25,1007,INFORMATIONAL_CAMOUFLAGE,TRADITIONAL_MEDIA,FAKE_NEWS_SOURCE,1.0,25.0,,-1.0,0.33,1.0,5.0,1.0,COMPLETE
news-source-strategies,RQ2,E2-timing-duration,informational_p1_d25,1008,INFORMATIONAL_CAMOUFLAGE,TRADITIONAL_MEDIA,FAKE_NEWS_SOURCE,1.0,25.0,,-1.0,0.33,1.0,5.0,1.0,COMPLETE
news-source-strategies,RQ2,E2-timing-duration,informational_p1_d25,1009,INFORMATIONAL_CAMOUFLAGE,TRADITIONAL_MEDIA,FAKE_NEWS_SOURCE,1.0,25.0,,-1.0,0.33,1.0,5.0,1.0,COMPLETE
news-source-strategies,RQ2,E2-timing-duration,informational_p1_d25,1010,INFORMATIONAL_CAMOUFLAGE,TRADITIONAL_MEDIA,FAKE_NEWS_SOURCE,1.0,25.0,,-1.0,0.33,1.0,5.0,1.0,COMPLETE
news-source-strategies,RQ2,E2-timing-duration,informational_p1_d25,1011,INFORMATIONAL_CAMOUFLAGE,TRADITIONAL_MEDIA,FAKE_NEWS_SOURCE,1.0,25.0,,-1.0,0.33,1.0,5.0,1.0,COMPLETE
news-source-strategies,RQ2,E2-timing-duration,informational_p1_d25,1012,INFORMATIONAL_CAMOUFLAGE,TRADITIONAL_MEDIA,FAKE_NEWS_SOURCE,1.0,25.0,,-1.0,0.33,1.0,5.0,1.0,COMPLETE
news-source-strategies,RQ2,E2-timing-duration,informational_p1_d25,1013,INFORMATIONAL_CAMOUFLAGE,TRADITIONAL_MEDIA,FAKE_NEWS_SOURCE,1.0,25.0,,-1.0,0.33,1.0,5.0,1.0,COMPLETE
news-source-strategies,RQ2,E2-timing-duration,informational_p1_d25,1014,INFORMATIONAL_CAMOUFLAGE,TRADITIONAL_MEDIA,FAKE_NEWS_SOURCE,1.0,25.0,,-1.0,0.33,1.0,5.0,1.0,COMPLETE
news-source-strategies,RQ2,E2-timing-duration,informational_p1_d25,1015,INFORMATIONAL_CAMOUFLAGE,TRADITIONAL_MEDIA,FAKE_NEWS_SOURCE,1.0,25.0,,-1.0,0.33,1.0,5.0,1.0,COMPLETE
news-source-strategies,RQ2,E2-timing-duration,informational_p1_d25,1016,INFORMATIONAL_CAMOUFLAGE,TRADITIONAL_MEDIA,FAKE_NEWS_SOURCE,1.0,25.0,,-1.0,0.33,1.0,5.0,1.0,COMPLETE
news-source-strategies,RQ2,E2-timing-duration,informational_p1_d25,1017,INFORMATIONAL_CAMOUFLAGE,TRADITIONAL_MEDIA,FAKE_NEWS_SOURCE,1.0,25.0,,-1.0,0.33,1.0,5.0,1.0,COMPLETE
news-source-strategies,RQ2,E2-timing-duration,informational_p1_d25,1018,INFORMATIONAL_CAMOUFLAGE,TRADITIONAL_MEDIA,FAKE_NEWS_SOURCE,1.0,25.0,,-1.0,0.33,1.0,5.0,1.0,COMPLETE
news-source-strategies,RQ2,E2-timing-duration,informational_p1_d25,1019,INFORMATIONAL_CAMOUFLAGE,TRADITIONAL_MEDIA,FAKE_NEWS_SOURCE,1.0,25.0,,-1.0,0.33,1.0,5.0,1.0,COMPLETE
news-source-strategies,RQ2,E2-timing-duration,informational_p1_d25,1020,INFORMATIONAL_CAMOUFLAGE,TRADITIONAL_MEDIA,FAKE_NEWS_SOURCE,1.0,25.0,,-1.0,0.33,1.0,5.0,1.0,COMPLETE
news-source-strategies,RQ2,E2-timing-duration,informational_p1_d25,1021,INFORMATIONAL_CAMOUFLAGE,TRADITIONAL_MEDIA,FAKE_NEWS_SOURCE,1.0,25.0,,-1.0,0.33,1.0,5.0,1.0,COMPLETE
news-source-strategies,RQ2,E2-timing-duration,informational_p1_d25,1022,INFORMATIONAL_CAMOUFLAGE,TRADITIONAL_MEDIA,FAKE_NEWS_SOURCE,1.0,25.0,,-1.0,0.33,1.0,5.0,1.0,COMPLETE
news-source-strategies,RQ2,E2-timing-duration,informational_p1_d25,1023,INFORMATIONAL_CAMOUFLAGE,TRADITIONAL_MEDIA,FAKE_NEWS_SOURCE,1.0,25.0,,-1.0,0.33,1.0,5.0,1.0,COMPLETE
news-source-strategies,RQ2,E2-timing-duration,informational_p1_d25,1024,INFORMATIONAL_CAMOUFLAGE,TRADITIONAL_MEDIA,FAKE_NEWS_SOURCE,1.0,25.0,,-1.0,0.33,1.0,5.0,1.0,COMPLETE
news-source-strategies,RQ2,E2-timing-duration,informational_p1_d25,1025,INFORMATIONAL_CAMOUFLAGE,TRADITIONAL_MEDIA,FAKE_NEWS_SOURCE,1.0,25.0,,-1.0,0.33,1.0,5.0,1.0,COMPLETE
news-source-strategies,RQ2,E2-timing-duration,informational_p1_d25,1026,INFORMATIONAL_CAMOUFLAGE,TRADITIONAL_MEDIA,FAKE_NEWS_SOURCE,1.0,25.0,,-1.0,0.33,1.0,5.0,1.0,COMPLETE
news-source-strategies,RQ2,E2-timing-duration,informational_p1_d25,1027,INFORMATIONAL_CAMOUFLAGE,TRADITIONAL_MEDIA,FAKE_NEWS_SOURCE,1.0,25.0,,-1.0,0.33,1.0,5.0,1.0,COMPLETE
news-source-strategies,RQ2,E2-timing-duration,informational_p1_d25,1028,INFORMATIONAL_CAMOUFLAGE,TRADITIONAL_MEDIA,FAKE_NEWS_SOURCE,1.0,25.0,,-1.0,0.33,1.0,5.0,1.0,COMPLETE
news-source-strategies,RQ2,E2-timing-duration,informational_p1_d25,1029,INFORMATIONAL_CAMOUFLAGE,TRADITIONAL_MEDIA,FAKE_NEWS_SOURCE,1.0,25.0,,-1.0,0.33,1.0,5.0,1.0,COMPLETE
news-source-strategies,RQ2,E2-timing-duration,informational_p1_d25,1030,INFORMATIONAL_CAMOUFLAGE,TRADITIONAL_MEDIA,FAKE_NEWS_SOURCE,1.0,25.0,,-1.0,0.33,1.0,5.0,1.0,COMPLETE
news-source-strategies,RQ2,E2-timing-duration,informational_p1_d100,1001,INFORMATIONAL_CAMOUFLAGE,TRADITIONAL_MEDIA,FAKE_NEWS_SOURCE,1.0,100.0,,-1.0,0.33,1.0,5.0,1.0,COMPLETE
news-source-strategies,RQ2,E2-timing-duration,informational_p1_d100,1002,INFORMATIONAL_CAMOUFLAGE,TRADITIONAL_MEDIA,FAKE_NEWS_SOURCE,1.0,100.0,,-1.0,0.33,1.0,5.0,1.0,COMPLETE
news-source-strategies,RQ2,E2-timing-duration,informational_p1_d100,1003,INFORMATIONAL_CAMOUFLAGE,TRADITIONAL_MEDIA,FAKE_NEWS_SOURCE,1.0,100.0,,-1.0,0.33,1.0,5.0,1.0,COMPLETE
news-source-strategies,RQ2,E2-timing-duration,informational_p1_d100,1004,INFORMATIONAL_CAMOUFLAGE,TRADITIONAL_MEDIA,FAKE_NEWS_SOURCE,1.0,100.0,,-1.0,0.33,1.0,5.0,1.0,COMPLETE
news-source-strategies,RQ2,E2-timing-duration,informational_p1_d100,1005,INFORMATIONAL_CAMOUFLAGE,TRADITIONAL_MEDIA,FAKE_NEWS_SOURCE,1.0,100.0,,-1.0,0.33,1.0,5.0,1.0,COMPLETE
news-source-strategies,RQ2,E2-timing-duration,informational_p1_d100,1006,INFORMATIONAL_CAMOUFLAGE,TRADITIONAL_MEDIA,FAKE_NEWS_SOURCE,1.0,100.0,,-1.0,0.33,1.0,5.0,1.0,COMPLETE
news-source-strategies,RQ2,E2-timing-duration,informational_p1_d100,1007,INFORMATIONAL_CAMOUFLAGE,TRADITIONAL_MEDIA,FAKE_NEWS_SOURCE,1.0,100.0,,-1.0,0.33,1.0,5.0,1.0,COMPLETE
news-source-strategies,RQ2,E2-timing-duration,informational_p1_d100,1008,INFORMATIONAL_CAMOUFLAGE,TRADITIONAL_MEDIA,FAKE_NEWS_SOURCE,1.0,100.0,,-1.0,0.33,1.0,5.0,1.0,COMPLETE
news-source-strategies,RQ2,E2-timing-duration,informational_p1_d100,1009,INFORMATIONAL_CAMOUFLAGE,TRADITIONAL_MEDIA,FAKE_NEWS_SOURCE,1.0,100.0,,-1.0,0.33,1.0,5.0,1.0,COMPLETE
news-source-strategies,RQ2,E2-timing-duration,informational_p1_d100,1010,INFORMATIONAL_CAMOUFLAGE,TRADITIONAL_MEDIA,FAKE_NEWS_SOURCE,1.0,100.0,,-1.0,0.33,1.0,5.0,1.0,COMPLETE
news-source-strategies,RQ2,E2-timing-duration,informational_p1_d100,1011,INFORMATIONAL_CAMOUFLAGE,TRADITIONAL_MEDIA,FAKE_NEWS_SOURCE,1.0,100.0,,-1.0,0.33,1.0,5.0,1.0,COMPLETE
news-source-strategies,RQ2,E2-timing-duration,informational_p1_d100,1012,INFORMATIONAL_CAMOUFLAGE,TRADITIONAL_MEDIA,FAKE_NEWS_SOURCE,1.0,100.0,,-1.0,0.33,1.0,5.0,1.0,COMPLETE
news-source-strategies,RQ2,E2-timing-duration,informational_p1_d100,1013,INFORMATIONAL_CAMOUFLAGE,TRADITIONAL_MEDIA,FAKE_NEWS_SOURCE,1.0,100.0,,-1.0,0.33,1.0,5.0,1.0,COMPLETE
news-source-strategies,RQ2,E2-timing-duration,informational_p1_d100,1014,INFORMATIONAL_CAMOUFLAGE,TRADITIONAL_MEDIA,FAKE_NEWS_SOURCE,1.0,100.0,,-1.0,0.33,1.0,5.0,1.0,COMPLETE
news-source-strategies,RQ2,E2-timing-duration,informational_p1_d100,1015,INFORMATIONAL_CAMOUFLAGE,TRADITIONAL_MEDIA,FAKE_NEWS_SOURCE,1.0,100.0,,-1.0,0.33,1.0,5.0,1.0,COMPLETE
news-source-strategies,RQ2,E2-timing-duration,informational_p1_d100,1016,INFORMATIONAL_CAMOUFLAGE,TRADITIONAL_MEDIA,FAKE_NEWS_SOURCE,1.0,100.0,,-1.0,0.33,1.0,5.0,1.0,COMPLETE
news-source-strategies,RQ2,E2-timing-duration,informational_p1_d100,1017,INFORMATIONAL_CAMOUFLAGE,TRADITIONAL_MEDIA,FAKE_NEWS_SOURCE,1.0,100.0,,-1.0,0.33,1.0,5.0,1.0,COMPLETE
news-source-strategies,RQ2,E2-timing-duration,informational_p1_d100,1018,INFORMATIONAL_CAMOUFLAGE,TRADITIONAL_MEDIA,FAKE_NEWS_SOURCE,1.0,100.0,,-1.0,0.33,1.0,5.0,1.0,COMPLETE
news-source-strategies,RQ2,E2-timing-duration,informational_p1_d100,1019,INFORMATIONAL_CAMOUFLAGE,TRADITIONAL_MEDIA,FAKE_NEWS_SOURCE,1.0,100.0,,-1.0,0.33,1.0,5.0,1.0,COMPLETE
news-source-strategies,RQ2,E2-timing-duration,informational_p1_d100,1020,INFORMATIONAL_CAMOUFLAGE,TRADITIONAL_MEDIA,FAKE_NEWS_SOURCE,1.0,100.0,,-1.0,0.33,1.0,5.0,1.0,COMPLETE
news-source-strategies,RQ2,E2-timing-duration,informational_p1_d100,1021,INFORMATIONAL_CAMOUFLAGE,TRADITIONAL_MEDIA,FAKE_NEWS_SOURCE,1.0,100.0,,-1.0,0.33,1.0,5.0,1.0,COMPLETE
news-source-strategies,RQ2,E2-timing-duration,informational_p1_d100,1022,INFORMATIONAL_CAMOUFLAGE,TRADITIONAL_MEDIA,FAKE_NEWS_SOURCE,1.0,100.0,,-1.0,0.33,1.0,5.0,1.0,COMPLETE
news-source-strategies,RQ2,E2-timing-duration,informational_p1_d100,1023,INFORMATIONAL_CAMOUFLAGE,TRADITIONAL_MEDIA,FAKE_NEWS_SOURCE,1.0,100.0,,-1.0,0.33,1.0,5.0,1.0,COMPLETE
news-source-strategies,RQ2,E2-timing-duration,informational_p1_d100,1024,INFORMATIONAL_CAMOUFLAGE,TRADITIONAL_MEDIA,FAKE_NEWS_SOURCE,1.0,100.0,,-1.0,0.33,1.0,5.0,1.0,COMPLETE
news-source-strategies,RQ2,E2-timing-duration,informational_p1_d100,1025,INFORMATIONAL_CAMOUFLAGE,TRADITIONAL_MEDIA,FAKE_NEWS_SOURCE,1.0,100.0,,-1.0,0.33,1.0,5.0,1.0,COMPLETE
news-source-strategies,RQ2,E2-timing-duration,informational_p1_d100,1026,INFORMATIONAL_CAMOUFLAGE,TRADITIONAL_MEDIA,FAKE_NEWS_SOURCE,1.0,100.0,,-1.0,0.33,1.0,5.0,1.0,COMPLETE
news-source-strategies,RQ2,E2-timing-duration,informational_p1_d100,1027,INFORMATIONAL_CAMOUFLAGE,TRADITIONAL_MEDIA,FAKE_NEWS_SOURCE,1.0,100.0,,-1.0,0.33,1.0,5.0,1.0,COMPLETE
news-source-strategies,RQ2,E2-timing-duration,informational_p1_d100,1028,INFORMATIONAL_CAMOUFLAGE,TRADITIONAL_MEDIA,FAKE_NEWS_SOURCE,1.0,100.0,,-1.0,0.33,1.0,5.0,1.0,COMPLETE
news-source-strategies,RQ2,E2-timing-duration,informational_p1_d100,1029,INFORMATIONAL_CAMOUFLAGE,TRADITIONAL_MEDIA,FAKE_NEWS_SOURCE,1.0,100.0,,-1.0,0.33,1.0,5.0,1.0,COMPLETE
news-source-strategies,RQ2,E2-timing-duration,informational_p1_d100,1030,INFORMATIONAL_CAMOUFLAGE,TRADITIONAL_MEDIA,FAKE_NEWS_SOURCE,1.0,100.0,,-1.0,0.33,1.0,5.0,1.0,COMPLETE
news-source-strategies,RQ2,E2-timing-duration,informational_p1_permanent,1001,INFORMATIONAL_CAMOUFLAGE,TRADITIONAL_MEDIA,FAKE_NEWS_SOURCE,1.0,-1.0,,-1.0,0.33,1.0,5.0,1.0,COMPLETE
news-source-strategies,RQ2,E2-timing-duration,informational_p1_permanent,1002,INFORMATIONAL_CAMOUFLAGE,TRADITIONAL_MEDIA,FAKE_NEWS_SOURCE,1.0,-1.0,,-1.0,0.33,1.0,5.0,1.0,COMPLETE
news-source-strategies,RQ2,E2-timing-duration,informational_p1_permanent,1003,INFORMATIONAL_CAMOUFLAGE,TRADITIONAL_MEDIA,FAKE_NEWS_SOURCE,1.0,-1.0,,-1.0,0.33,1.0,5.0,1.0,COMPLETE
news-source-strategies,RQ2,E2-timing-duration,informational_p1_permanent,1004,INFORMATIONAL_CAMOUFLAGE,TRADITIONAL_MEDIA,FAKE_NEWS_SOURCE,1.0,-1.0,,-1.0,0.33,1.0,5.0,1.0,COMPLETE
news-source-strategies,RQ2,E2-timing-duration,informational_p1_permanent,1005,INFORMATIONAL_CAMOUFLAGE,TRADITIONAL_MEDIA,FAKE_NEWS_SOURCE,1.0,-1.0,,-1.0,0.33,1.0,5.0,1.0,COMPLETE
news-source-strategies,RQ2,E2-timing-duration,informational_p1_permanent,1006,INFORMATIONAL_CAMOUFLAGE,TRADITIONAL_MEDIA,FAKE_NEWS_SOURCE,1.0,-1.0,,-1.0,0.33,1.0,5.0,1.0,COMPLETE
news-source-strategies,RQ2,E2-timing-duration,informational_p1_permanent,1007,INFORMATIONAL_CAMOUFLAGE,TRADITIONAL_MEDIA,FAKE_NEWS_SOURCE,1.0,-1.0,,-1.0,0.33,1.0,5.0,1.0,COMPLETE
news-source-strategies,RQ2,E2-timing-duration,informational_p1_permanent,1008,INFORMATIONAL_CAMOUFLAGE,TRADITIONAL_MEDIA,FAKE_NEWS_SOURCE,1.0,-1.0,,-1.0,0.33,1.0,5.0,1.0,COMPLETE
news-source-strategies,RQ2,E2-timing-duration,informational_p1_permanent,1009,INFORMATIONAL_CAMOUFLAGE,TRADITIONAL_MEDIA,FAKE_NEWS_SOURCE,1.0,-1.0,,-1.0,0.33,1.0,5.0,1.0,COMPLETE
news-source-strategies,RQ2,E2-timing-duration,informational_p1_permanent,1010,INFORMATIONAL_CAMOUFLAGE,TRADITIONAL_MEDIA,FAKE_NEWS_SOURCE,1.0,-1.0,,-1.0,0.33,1.0,5.0,1.0,COMPLETE
news-source-strategies,RQ2,E2-timing-duration,informational_p1_permanent,1011,INFORMATIONAL_CAMOUFLAGE,TRADITIONAL_MEDIA,FAKE_NEWS_SOURCE,1.0,-1.0,,-1.0,0.33,1.0,5.0,1.0,COMPLETE
news-source-strategies,RQ2,E2-timing-duration,informational_p1_permanent,1012,INFORMATIONAL_CAMOUFLAGE,TRADITIONAL_MEDIA,FAKE_NEWS_SOURCE,1.0,-1.0,,-1.0,0.33,1.0,5.0,1.0,COMPLETE
news-source-strategies,RQ2,E2-timing-duration,informational_p1_permanent,1013,INFORMATIONAL_CAMOUFLAGE,TRADITIONAL_MEDIA,FAKE_NEWS_SOURCE,1.0,-1.0,,-1.0,0.33,1.0,5.0,1.0,COMPLETE
news-source-strategies,RQ2,E2-timing-duration,informational_p1_permanent,1014,INFORMATIONAL_CAMOUFLAGE,TRADITIONAL_MEDIA,FAKE_NEWS_SOURCE,1.0,-1.0,,-1.0,0.33,1.0,5.0,1.0,COMPLETE
news-source-strategies,RQ2,E2-timing-duration,informational_p1_permanent,1015,INFORMATIONAL_CAMOUFLAGE,TRADITIONAL_MEDIA,FAKE_NEWS_SOURCE,1.0,-1.0,,-1.0,0.33,1.0,5.0,1.0,COMPLETE
news-source-strategies,RQ2,E2-timing-duration,informational_p1_permanent,1016,INFORMATIONAL_CAMOUFLAGE,TRADITIONAL_MEDIA,FAKE_NEWS_SOURCE,1.0,-1.0,,-1.0,0.33,1.0,5.0,1.0,COMPLETE
news-source-strategies,RQ2,E2-timing-duration,informational_p1_permanent,1017,INFORMATIONAL_CAMOUFLAGE,TRADITIONAL_MEDIA,FAKE_NEWS_SOURCE,1.0,-1.0,,-1.0,0.33,1.0,5.0,1.0,COMPLETE
news-source-strategies,RQ2,E2-timing-duration,informational_p1_permanent,1018,INFORMATIONAL_CAMOUFLAGE,TRADITIONAL_MEDIA,FAKE_NEWS_SOURCE,1.0,-1.0,,-1.0,0.33,1.0,5.0,1.0,COMPLETE
news-source-strategies,RQ2,E2-timing-duration,informational_p1_permanent,1019,INFORMATIONAL_CAMOUFLAGE,TRADITIONAL_MEDIA,FAKE_NEWS_SOURCE,1.0,-1.0,,-1.0,0.33,1.0,5.0,1.0,COMPLETE
news-source-strategies,RQ2,E2-timing-duration,informational_p1_permanent,1020,INFORMATIONAL_CAMOUFLAGE,TRADITIONAL_MEDIA,FAKE_NEWS_SOURCE,1.0,-1.0,,-1.0,0.33,1.0,5.0,1.0,COMPLETE
news-source-strategies,RQ2,E2-timing-duration,informational_p1_permanent,1021,INFORMATIONAL_CAMOUFLAGE,TRADITIONAL_MEDIA,FAKE_NEWS_SOURCE,1.0,-1.0,,-1.0,0.33,1.0,5.0,1.0,COMPLETE
news-source-strategies,RQ2,E2-timing-duration,informational_p1_permanent,1022,INFORMATIONAL_CAMOUFLAGE,TRADITIONAL_MEDIA,FAKE_NEWS_SOURCE,1.0,-1.0,,-1.0,0.33,1.0,5.0,1.0,COMPLETE
news-source-strategies,RQ2,E2-timing-duration,informational_p1_permanent,1023,INFORMATIONAL_CAMOUFLAGE,TRADITIONAL_MEDIA,FAKE_NEWS_SOURCE,1.0,-1.0,,-1.0,0.33,1.0,5.0,1.0,COMPLETE
news-source-strategies,RQ2,E2-timing-duration,informational_p1_permanent,1024,INFORMATIONAL_CAMOUFLAGE,TRADITIONAL_MEDIA,FAKE_NEWS_SOURCE,1.0,-1.0,,-1.0,0.33,1.0,5.0,1.0,COMPLETE
news-source-strategies,RQ2,E2-timing-duration,informational_p1_permanent,1025,INFORMATIONAL_CAMOUFLAGE,TRADITIONAL_MEDIA,FAKE_NEWS_SOURCE,1.0,-1.0,,-1.0,0.33,1.0,5.0,1.0,COMPLETE
news-source-strategies,RQ2,E2-timing-duration,informational_p1_permanent,1026,INFORMATIONAL_CAMOUFLAGE,TRADITIONAL_MEDIA,FAKE_NEWS_SOURCE,1.0,-1.0,,-1.0,0.33,1.0,5.0,1.0,COMPLETE
news-source-strategies,RQ2,E2-timing-duration,informational_p1_permanent,1027,INFORMATIONAL_CAMOUFLAGE,TRADITIONAL_MEDIA,FAKE_NEWS_SOURCE,1.0,-1.0,,-1.0,0.33,1.0,5.0,1.0,COMPLETE
news-source-strategies,RQ2,E2-timing-duration,informational_p1_permanent,1028,INFORMATIONAL_CAMOUFLAGE,TRADITIONAL_MEDIA,FAKE_NEWS_SOURCE,1.0,-1.0,,-1.0,0.33,1.0,5.0,1.0,COMPLETE
news-source-strategies,RQ2,E2-timing-duration,informational_p1_permanent,1029,INFORMATIONAL_CAMOUFLAGE,TRADITIONAL_MEDIA,FAKE_NEWS_SOURCE,1.0,-1.0,,-1.0,0.33,1.0,5.0,1.0,COMPLETE
news-source-strategies,RQ2,E2-timing-duration,informational_p1_permanent,1030,INFORMATIONAL_CAMOUFLAGE,TRADITIONAL_MEDIA,FAKE_NEWS_SOURCE,1.0,-1.0,,-1.0,0.33,1.0,5.0,1.0,COMPLETE
news-source-strategies,RQ2,E2-timing-duration,informational_p101_d25,1001,INFORMATIONAL_CAMOUFLAGE,TRADITIONAL_MEDIA,FAKE_NEWS_SOURCE,101.0,125.0,,-1.0,0.33,1.0,5.0,1.0,COMPLETE
news-source-strategies,RQ2,E2-timing-duration,informational_p101_d25,1002,INFORMATIONAL_CAMOUFLAGE,TRADITIONAL_MEDIA,FAKE_NEWS_SOURCE,101.0,125.0,,-1.0,0.33,1.0,5.0,1.0,COMPLETE
news-source-strategies,RQ2,E2-timing-duration,informational_p101_d25,1003,INFORMATIONAL_CAMOUFLAGE,TRADITIONAL_MEDIA,FAKE_NEWS_SOURCE,101.0,125.0,,-1.0,0.33,1.0,5.0,1.0,COMPLETE
news-source-strategies,RQ2,E2-timing-duration,informational_p101_d25,1004,INFORMATIONAL_CAMOUFLAGE,TRADITIONAL_MEDIA,FAKE_NEWS_SOURCE,101.0,125.0,,-1.0,0.33,1.0,5.0,1.0,COMPLETE
news-source-strategies,RQ2,E2-timing-duration,informational_p101_d25,1005,INFORMATIONAL_CAMOUFLAGE,TRADITIONAL_MEDIA,FAKE_NEWS_SOURCE,101.0,125.0,,-1.0,0.33,1.0,5.0,1.0,COMPLETE
news-source-strategies,RQ2,E2-timing-duration,informational_p101_d25,1006,INFORMATIONAL_CAMOUFLAGE,TRADITIONAL_MEDIA,FAKE_NEWS_SOURCE,101.0,125.0,,-1.0,0.33,1.0,5.0,1.0,COMPLETE
news-source-strategies,RQ2,E2-timing-duration,informational_p101_d25,1007,INFORMATIONAL_CAMOUFLAGE,TRADITIONAL_MEDIA,FAKE_NEWS_SOURCE,101.0,125.0,,-1.0,0.33,1.0,5.0,1.0,COMPLETE
news-source-strategies,RQ2,E2-timing-duration,informational_p101_d25,1008,INFORMATIONAL_CAMOUFLAGE,TRADITIONAL_MEDIA,FAKE_NEWS_SOURCE,101.0,125.0,,-1.0,0.33,1.0,5.0,1.0,COMPLETE
news-source-strategies,RQ2,E2-timing-duration,informational_p101_d25,1009,INFORMATIONAL_CAMOUFLAGE,TRADITIONAL_MEDIA,FAKE_NEWS_SOURCE,101.0,125.0,,-1.0,0.33,1.0,5.0,1.0,COMPLETE
news-source-strategies,RQ2,E2-timing-duration,informational_p101_d25,1010,INFORMATIONAL_CAMOUFLAGE,TRADITIONAL_MEDIA,FAKE_NEWS_SOURCE,101.0,125.0,,-1.0,0.33,1.0,5.0,1.0,COMPLETE
news-source-strategies,RQ2,E2-timing-duration,informational_p101_d25,1011,INFORMATIONAL_CAMOUFLAGE,TRADITIONAL_MEDIA,FAKE_NEWS_SOURCE,101.0,125.0,,-1.0,0.33,1.0,5.0,1.0,COMPLETE
news-source-strategies,RQ2,E2-timing-duration,informational_p101_d25,1012,INFORMATIONAL_CAMOUFLAGE,TRADITIONAL_MEDIA,FAKE_NEWS_SOURCE,101.0,125.0,,-1.0,0.33,1.0,5.0,1.0,COMPLETE
news-source-strategies,RQ2,E2-timing-duration,informational_p101_d25,1013,INFORMATIONAL_CAMOUFLAGE,TRADITIONAL_MEDIA,FAKE_NEWS_SOURCE,101.0,125.0,,-1.0,0.33,1.0,5.0,1.0,COMPLETE
news-source-strategies,RQ2,E2-timing-duration,informational_p101_d25,1014,INFORMATIONAL_CAMOUFLAGE,TRADITIONAL_MEDIA,FAKE_NEWS_SOURCE,101.0,125.0,,-1.0,0.33,1.0,5.0,1.0,COMPLETE
news-source-strategies,RQ2,E2-timing-duration,informational_p101_d25,1015,INFORMATIONAL_CAMOUFLAGE,TRADITIONAL_MEDIA,FAKE_NEWS_SOURCE,101.0,125.0,,-1.0,0.33,1.0,5.0,1.0,COMPLETE
news-source-strategies,RQ2,E2-timing-duration,informational_p101_d25,1016,INFORMATIONAL_CAMOUFLAGE,TRADITIONAL_MEDIA,FAKE_NEWS_SOURCE,101.0,125.0,,-1.0,0.33,1.0,5.0,1.0,COMPLETE
news-source-strategies,RQ2,E2-timing-duration,informational_p101_d25,1017,INFORMATIONAL_CAMOUFLAGE,TRADITIONAL_MEDIA,FAKE_NEWS_SOURCE,101.0,125.0,,-1.0,0.33,1.0,5.0,1.0,COMPLETE
news-source-strategies,RQ2,E2-timing-duration,informational_p101_d25,1018,INFORMATIONAL_CAMOUFLAGE,TRADITIONAL_MEDIA,FAKE_NEWS_SOURCE,101.0,125.0,,-1.0,0.33,1.0,5.0,1.0,COMPLETE
news-source-strategies,RQ2,E2-timing-duration,informational_p101_d25,1019,INFORMATIONAL_CAMOUFLAGE,TRADITIONAL_MEDIA,FAKE_NEWS_SOURCE,101.0,125.0,,-1.0,0.33,1.0,5.0,1.0,COMPLETE
news-source-strategies,RQ2,E2-timing-duration,informational_p101_d25,1020,INFORMATIONAL_CAMOUFLAGE,TRADITIONAL_MEDIA,FAKE_NEWS_SOURCE,101.0,125.0,,-1.0,0.33,1.0,5.0,1.0,COMPLETE
news-source-strategies,RQ2,E2-timing-duration,informational_p101_d25,1021,INFORMATIONAL_CAMOUFLAGE,TRADITIONAL_MEDIA,FAKE_NEWS_SOURCE,101.0,125.0,,-1.0,0.33,1.0,5.0,1.0,COMPLETE
news-source-strategies,RQ2,E2-timing-duration,informational_p101_d25,1022,INFORMATIONAL_CAMOUFLAGE,TRADITIONAL_MEDIA,FAKE_NEWS_SOURCE,101.0,125.0,,-1.0,0.33,1.0,5.0,1.0,COMPLETE
news-source-strategies,RQ2,E2-timing-duration,informational_p101_d25,1023,INFORMATIONAL_CAMOUFLAGE,TRADITIONAL_MEDIA,FAKE_NEWS_SOURCE,101.0,125.0,,-1.0,0.33,1.0,5.0,1.0,COMPLETE
news-source-strategies,RQ2,E2-timing-duration,informational_p101_d25,1024,INFORMATIONAL_CAMOUFLAGE,TRADITIONAL_MEDIA,FAKE_NEWS_SOURCE,101.0,125.0,,-1.0,0.33,1.0,5.0,1.0,COMPLETE
news-source-strategies,RQ2,E2-timing-duration,informational_p101_d25,1025,INFORMATIONAL_CAMOUFLAGE,TRADITIONAL_MEDIA,FAKE_NEWS_SOURCE,101.0,125.0,,-1.0,0.33,1.0,5.0,1.0,COMPLETE
news-source-strategies,RQ2,E2-timing-duration,informational_p101_d25,1026,INFORMATIONAL_CAMOUFLAGE,TRADITIONAL_MEDIA,FAKE_NEWS_SOURCE,101.0,125.0,,-1.0,0.33,1.0,5.0,1.0,COMPLETE
news-source-strategies,RQ2,E2-timing-duration,informational_p101_d25,1027,INFORMATIONAL_CAMOUFLAGE,TRADITIONAL_MEDIA,FAKE_NEWS_SOURCE,101.0,125.0,,-1.0,0.33,1.0,5.0,1.0,COMPLETE
news-source-strategies,RQ2,E2-timing-duration,informational_p101_d25,1028,INFORMATIONAL_CAMOUFLAGE,TRADITIONAL_MEDIA,FAKE_NEWS_SOURCE,101.0,125.0,,-1.0,0.33,1.0,5.0,1.0,COMPLETE
news-source-strategies,RQ2,E2-timing-duration,informational_p101_d25,1029,INFORMATIONAL_CAMOUFLAGE,TRADITIONAL_MEDIA,FAKE_NEWS_SOURCE,101.0,125.0,,-1.0,0.33,1.0,5.0,1.0,COMPLETE
news-source-strategies,RQ2,E2-timing-duration,informational_p101_d25,1030,INFORMATIONAL_CAMOUFLAGE,TRADITIONAL_MEDIA,FAKE_NEWS_SOURCE,101.0,125.0,,-1.0,0.33,1.0,5.0,1.0,COMPLETE
news-source-strategies,RQ2,E2-timing-duration,informational_p101_d100,1001,INFORMATIONAL_CAMOUFLAGE,TRADITIONAL_MEDIA,FAKE_NEWS_SOURCE,101.0,200.0,,-1.0,0.33,1.0,5.0,1.0,COMPLETE
news-source-strategies,RQ2,E2-timing-duration,informational_p101_d100,1002,INFORMATIONAL_CAMOUFLAGE,TRADITIONAL_MEDIA,FAKE_NEWS_SOURCE,101.0,200.0,,-1.0,0.33,1.0,5.0,1.0,COMPLETE
news-source-strategies,RQ2,E2-timing-duration,informational_p101_d100,1003,INFORMATIONAL_CAMOUFLAGE,TRADITIONAL_MEDIA,FAKE_NEWS_SOURCE,101.0,200.0,,-1.0,0.33,1.0,5.0,1.0,COMPLETE
news-source-strategies,RQ2,E2-timing-duration,informational_p101_d100,1004,INFORMATIONAL_CAMOUFLAGE,TRADITIONAL_MEDIA,FAKE_NEWS_SOURCE,101.0,200.0,,-1.0,0.33,1.0,5.0,1.0,COMPLETE
news-source-strategies,RQ2,E2-timing-duration,informational_p101_d100,1005,INFORMATIONAL_CAMOUFLAGE,TRADITIONAL_MEDIA,FAKE_NEWS_SOURCE,101.0,200.0,,-1.0,0.33,1.0,5.0,1.0,COMPLETE
news-source-strategies,RQ2,E2-timing-duration,informational_p101_d100,1006,INFORMATIONAL_CAMOUFLAGE,TRADITIONAL_MEDIA,FAKE_NEWS_SOURCE,101.0,200.0,,-1.0,0.33,1.0,5.0,1.0,COMPLETE
news-source-strategies,RQ2,E2-timing-duration,informational_p101_d100,1007,INFORMATIONAL_CAMOUFLAGE,TRADITIONAL_MEDIA,FAKE_NEWS_SOURCE,101.0,200.0,,-1.0,0.33,1.0,5.0,1.0,COMPLETE
news-source-strategies,RQ2,E2-timing-duration,informational_p101_d100,1008,INFORMATIONAL_CAMOUFLAGE,TRADITIONAL_MEDIA,FAKE_NEWS_SOURCE,101.0,200.0,,-1.0,0.33,1.0,5.0,1.0,COMPLETE
news-source-strategies,RQ2,E2-timing-duration,informational_p101_d100,1009,INFORMATIONAL_CAMOUFLAGE,TRADITIONAL_MEDIA,FAKE_NEWS_SOURCE,101.0,200.0,,-1.0,0.33,1.0,5.0,1.0,COMPLETE
news-source-strategies,RQ2,E2-timing-duration,informational_p101_d100,1010,INFORMATIONAL_CAMOUFLAGE,TRADITIONAL_MEDIA,FAKE_NEWS_SOURCE,101.0,200.0,,-1.0,0.33,1.0,5.0,1.0,COMPLETE
news-source-strategies,RQ2,E2-timing-duration,informational_p101_d100,1011,INFORMATIONAL_CAMOUFLAGE,TRADITIONAL_MEDIA,FAKE_NEWS_SOURCE,101.0,200.0,,-1.0,0.33,1.0,5.0,1.0,COMPLETE
news-source-strategies,RQ2,E2-timing-duration,informational_p101_d100,1012,INFORMATIONAL_CAMOUFLAGE,TRADITIONAL_MEDIA,FAKE_NEWS_SOURCE,101.0,200.0,,-1.0,0.33,1.0,5.0,1.0,COMPLETE
news-source-strategies,RQ2,E2-timing-duration,informational_p101_d100,1013,INFORMATIONAL_CAMOUFLAGE,TRADITIONAL_MEDIA,FAKE_NEWS_SOURCE,101.0,200.0,,-1.0,0.33,1.0,5.0,1.0,COMPLETE
news-source-strategies,RQ2,E2-timing-duration,informational_p101_d100,1014,INFORMATIONAL_CAMOUFLAGE,TRADITIONAL_MEDIA,FAKE_NEWS_SOURCE,101.0,200.0,,-1.0,0.33,1.0,5.0,1.0,COMPLETE
news-source-strategies,RQ2,E2-timing-duration,informational_p101_d100,1015,INFORMATIONAL_CAMOUFLAGE,TRADITIONAL_MEDIA,FAKE_NEWS_SOURCE,101.0,200.0,,-1.0,0.33,1.0,5.0,1.0,COMPLETE
news-source-strategies,RQ2,E2-timing-duration,informational_p101_d100,1016,INFORMATIONAL_CAMOUFLAGE,TRADITIONAL_MEDIA,FAKE_NEWS_SOURCE,101.0,200.0,,-1.0,0.33,1.0,5.0,1.0,COMPLETE
news-source-strategies,RQ2,E2-timing-duration,informational_p101_d100,1017,INFORMATIONAL_CAMOUFLAGE,TRADITIONAL_MEDIA,FAKE_NEWS_SOURCE,101.0,200.0,,-1.0,0.33,1.0,5.0,1.0,COMPLETE
news-source-strategies,RQ2,E2-timing-duration,informational_p101_d100,1018,INFORMATIONAL_CAMOUFLAGE,TRADITIONAL_MEDIA,FAKE_NEWS_SOURCE,101.0,200.0,,-1.0,0.33,1.0,5.0,1.0,COMPLETE
news-source-strategies,RQ2,E2-timing-duration,informational_p101_d100,1019,INFORMATIONAL_CAMOUFLAGE,TRADITIONAL_MEDIA,FAKE_NEWS_SOURCE,101.0,200.0,,-1.0,0.33,1.0,5.0,1.0,COMPLETE
news-source-strategies,RQ2,E2-timing-duration,informational_p101_d100,1020,INFORMATIONAL_CAMOUFLAGE,TRADITIONAL_MEDIA,FAKE_NEWS_SOURCE,101.0,200.0,,-1.0,0.33,1.0,5.0,1.0,COMPLETE
news-source-strategies,RQ2,E2-timing-duration,informational_p101_d100,1021,INFORMATIONAL_CAMOUFLAGE,TRADITIONAL_MEDIA,FAKE_NEWS_SOURCE,101.0,200.0,,-1.0,0.33,1.0,5.0,1.0,COMPLETE
news-source-strategies,RQ2,E2-timing-duration,informational_p101_d100,1022,INFORMATIONAL_CAMOUFLAGE,TRADITIONAL_MEDIA,FAKE_NEWS_SOURCE,101.0,200.0,,-1.0,0.33,1.0,5.0,1.0,COMPLETE
news-source-strategies,RQ2,E2-timing-duration,informational_p101_d100,1023,INFORMATIONAL_CAMOUFLAGE,TRADITIONAL_MEDIA,FAKE_NEWS_SOURCE,101.0,200.0,,-1.0,0.33,1.0,5.0,1.0,COMPLETE
news-source-strategies,RQ2,E2-timing-duration,informational_p101_d100,1024,INFORMATIONAL_CAMOUFLAGE,TRADITIONAL_MEDIA,FAKE_NEWS_SOURCE,101.0,200.0,,-1.0,0.33,1.0,5.0,1.0,COMPLETE
news-source-strategies,RQ2,E2-timing-duration,informational_p101_d100,1025,INFORMATIONAL_CAMOUFLAGE,TRADITIONAL_MEDIA,FAKE_NEWS_SOURCE,101.0,200.0,,-1.0,0.33,1.0,5.0,1.0,COMPLETE
news-source-strategies,RQ2,E2-timing-duration,informational_p101_d100,1026,INFORMATIONAL_CAMOUFLAGE,TRADITIONAL_MEDIA,FAKE_NEWS_SOURCE,101.0,200.0,,-1.0,0.33,1.0,5.0,1.0,COMPLETE
news-source-strategies,RQ2,E2-timing-duration,informational_p101_d100,1027,INFORMATIONAL_CAMOUFLAGE,TRADITIONAL_MEDIA,FAKE_NEWS_SOURCE,101.0,200.0,,-1.0,0.33,1.0,5.0,1.0,COMPLETE
news-source-strategies,RQ2,E2-timing-duration,informational_p101_d100,1028,INFORMATIONAL_CAMOUFLAGE,TRADITIONAL_MEDIA,FAKE_NEWS_SOURCE,101.0,200.0,,-1.0,0.33,1.0,5.0,1.0,COMPLETE
news-source-strategies,RQ2,E2-timing-duration,informational_p101_d100,1029,INFORMATIONAL_CAMOUFLAGE,TRADITIONAL_MEDIA,FAKE_NEWS_SOURCE,101.0,200.0,,-1.0,0.33,1.0,5.0,1.0,COMPLETE
news-source-strategies,RQ2,E2-timing-duration,informational_p101_d100,1030,INFORMATIONAL_CAMOUFLAGE,TRADITIONAL_MEDIA,FAKE_NEWS_SOURCE,101.0,200.0,,-1.0,0.33,1.0,5.0,1.0,COMPLETE
news-source-strategies,RQ2,E2-timing-duration,informational_p101_permanent,1001,INFORMATIONAL_CAMOUFLAGE,TRADITIONAL_MEDIA,FAKE_NEWS_SOURCE,101.0,-1.0,,-1.0,0.33,1.0,5.0,1.0,COMPLETE
news-source-strategies,RQ2,E2-timing-duration,informational_p101_permanent,1002,INFORMATIONAL_CAMOUFLAGE,TRADITIONAL_MEDIA,FAKE_NEWS_SOURCE,101.0,-1.0,,-1.0,0.33,1.0,5.0,1.0,COMPLETE
news-source-strategies,RQ2,E2-timing-duration,informational_p101_permanent,1003,INFORMATIONAL_CAMOUFLAGE,TRADITIONAL_MEDIA,FAKE_NEWS_SOURCE,101.0,-1.0,,-1.0,0.33,1.0,5.0,1.0,COMPLETE
news-source-strategies,RQ2,E2-timing-duration,informational_p101_permanent,1004,INFORMATIONAL_CAMOUFLAGE,TRADITIONAL_MEDIA,FAKE_NEWS_SOURCE,101.0,-1.0,,-1.0,0.33,1.0,5.0,1.0,COMPLETE
news-source-strategies,RQ2,E2-timing-duration,informational_p101_permanent,1005,INFORMATIONAL_CAMOUFLAGE,TRADITIONAL_MEDIA,FAKE_NEWS_SOURCE,101.0,-1.0,,-1.0,0.33,1.0,5.0,1.0,COMPLETE
news-source-strategies,RQ2,E2-timing-duration,informational_p101_permanent,1006,INFORMATIONAL_CAMOUFLAGE,TRADITIONAL_MEDIA,FAKE_NEWS_SOURCE,101.0,-1.0,,-1.0,0.33,1.0,5.0,1.0,COMPLETE
news-source-strategies,RQ2,E2-timing-duration,informational_p101_permanent,1007,INFORMATIONAL_CAMOUFLAGE,TRADITIONAL_MEDIA,FAKE_NEWS_SOURCE,101.0,-1.0,,-1.0,0.33,1.0,5.0,1.0,COMPLETE
news-source-strategies,RQ2,E2-timing-duration,informational_p101_permanent,1008,INFORMATIONAL_CAMOUFLAGE,TRADITIONAL_MEDIA,FAKE_NEWS_SOURCE,101.0,-1.0,,-1.0,0.33,1.0,5.0,1.0,COMPLETE
news-source-strategies,RQ2,E2-timing-duration,informational_p101_permanent,1009,INFORMATIONAL_CAMOUFLAGE,TRADITIONAL_MEDIA,FAKE_NEWS_SOURCE,101.0,-1.0,,-1.0,0.33,1.0,5.0,1.0,COMPLETE
news-source-strategies,RQ2,E2-timing-duration,informational_p101_permanent,1010,INFORMATIONAL_CAMOUFLAGE,TRADITIONAL_MEDIA,FAKE_NEWS_SOURCE,101.0,-1.0,,-1.0,0.33,1.0,5.0,1.0,COMPLETE
news-source-strategies,RQ2,E2-timing-duration,informational_p101_permanent,1011,INFORMATIONAL_CAMOUFLAGE,TRADITIONAL_MEDIA,FAKE_NEWS_SOURCE,101.0,-1.0,,-1.0,0.33,1.0,5.0,1.0,COMPLETE
news-source-strategies,RQ2,E2-timing-duration,informational_p101_permanent,1012,INFORMATIONAL_CAMOUFLAGE,TRADITIONAL_MEDIA,FAKE_NEWS_SOURCE,101.0,-1.0,,-1.0,0.33,1.0,5.0,1.0,COMPLETE
news-source-strategies,RQ2,E2-timing-duration,informational_p101_permanent,1013,INFORMATIONAL_CAMOUFLAGE,TRADITIONAL_MEDIA,FAKE_NEWS_SOURCE,101.0,-1.0,,-1.0,0.33,1.0,5.0,1.0,COMPLETE
news-source-strategies,RQ2,E2-timing-duration,informational_p101_permanent,1014,INFORMATIONAL_CAMOUFLAGE,TRADITIONAL_MEDIA,FAKE_NEWS_SOURCE,101.0,-1.0,,-1.0,0.33,1.0,5.0,1.0,COMPLETE
news-source-strategies,RQ2,E2-timing-duration,informational_p101_permanent,1015,INFORMATIONAL_CAMOUFLAGE,TRADITIONAL_MEDIA,FAKE_NEWS_SOURCE,101.0,-1.0,,-1.0,0.33,1.0,5.0,1.0,COMPLETE
news-source-strategies,RQ2,E2-timing-duration,informational_p101_permanent,1016,INFORMATIONAL_CAMOUFLAGE,TRADITIONAL_MEDIA,FAKE_NEWS_SOURCE,101.0,-1.0,,-1.0,0.33,1.0,5.0,1.0,COMPLETE
news-source-strategies,RQ2,E2-timing-duration,informational_p101_permanent,1017,INFORMATIONAL_CAMOUFLAGE,TRADITIONAL_MEDIA,FAKE_NEWS_SOURCE,101.0,-1.0,,-1.0,0.33,1.0,5.0,1.0,COMPLETE
news-source-strategies,RQ2,E2-timing-duration,informational_p101_permanent,1018,INFORMATIONAL_CAMOUFLAGE,TRADITIONAL_MEDIA,FAKE_NEWS_SOURCE,101.0,-1.0,,-1.0,0.33,1.0,5.0,1.0,COMPLETE
news-source-strategies,RQ2,E2-timing-duration,informational_p101_permanent,1019,INFORMATIONAL_CAMOUFLAGE,TRADITIONAL_MEDIA,FAKE_NEWS_SOURCE,101.0,-1.0,,-1.0,0.33,1.0,5.0,1.0,COMPLETE
news-source-strategies,RQ2,E2-timing-duration,informational_p101_permanent,1020,INFORMATIONAL_CAMOUFLAGE,TRADITIONAL_MEDIA,FAKE_NEWS_SOURCE,101.0,-1.0,,-1.0,0.33,1.0,5.0,1.0,COMPLETE
news-source-strategies,RQ2,E2-timing-duration,informational_p101_permanent,1021,INFORMATIONAL_CAMOUFLAGE,TRADITIONAL_MEDIA,FAKE_NEWS_SOURCE,101.0,-1.0,,-1.0,0.33,1.0,5.0,1.0,COMPLETE
news-source-strategies,RQ2,E2-timing-duration,informational_p101_permanent,1022,INFORMATIONAL_CAMOUFLAGE,TRADITIONAL_MEDIA,FAKE_NEWS_SOURCE,101.0,-1.0,,-1.0,0.33,1.0,5.0,1.0,COMPLETE
news-source-strategies,RQ2,E2-timing-duration,informational_p101_permanent,1023,INFORMATIONAL_CAMOUFLAGE,TRADITIONAL_MEDIA,FAKE_NEWS_SOURCE,101.0,-1.0,,-1.0,0.33,1.0,5.0,1.0,COMPLETE
news-source-strategies,RQ2,E2-timing-duration,informational_p101_permanent,1024,INFORMATIONAL_CAMOUFLAGE,TRADITIONAL_MEDIA,FAKE_NEWS_SOURCE,101.0,-1.0,,-1.0,0.33,1.0,5.0,1.0,COMPLETE
news-source-strategies,RQ2,E2-timing-duration,informational_p101_permanent,1025,INFORMATIONAL_CAMOUFLAGE,TRADITIONAL_MEDIA,FAKE_NEWS_SOURCE,101.0,-1.0,,-1.0,0.33,1.0,5.0,1.0,COMPLETE
news-source-strategies,RQ2,E2-timing-duration,informational_p101_permanent,1026,INFORMATIONAL_CAMOUFLAGE,TRADITIONAL_MEDIA,FAKE_NEWS_SOURCE,101.0,-1.0,,-1.0,0.33,1.0,5.0,1.0,COMPLETE
news-source-strategies,RQ2,E2-timing-duration,informational_p101_permanent,1027,INFORMATIONAL_CAMOUFLAGE,TRADITIONAL_MEDIA,FAKE_NEWS_SOURCE,101.0,-1.0,,-1.0,0.33,1.0,5.0,1.0,COMPLETE
news-source-strategies,RQ2,E2-timing-duration,informational_p101_permanent,1028,INFORMATIONAL_CAMOUFLAGE,TRADITIONAL_MEDIA,FAKE_NEWS_SOURCE,101.0,-1.0,,-1.0,0.33,1.0,5.0,1.0,COMPLETE
news-source-strategies,RQ2,E2-timing-duration,informational_p101_permanent,1029,INFORMATIONAL_CAMOUFLAGE,TRADITIONAL_MEDIA,FAKE_NEWS_SOURCE,101.0,-1.0,,-1.0,0.33,1.0,5.0,1.0,COMPLETE
news-source-strategies,RQ2,E2-timing-duration,informational_p101_permanent,1030,INFORMATIONAL_CAMOUFLAGE,TRADITIONAL_MEDIA,FAKE_NEWS_SOURCE,101.0,-1.0,,-1.0,0.33,1.0,5.0,1.0,COMPLETE
news-source-strategies,RQ2,E2-timing-duration,informational_p201_d25,1001,INFORMATIONAL_CAMOUFLAGE,TRADITIONAL_MEDIA,FAKE_NEWS_SOURCE,201.0,225.0,,-1.0,0.33,1.0,5.0,1.0,COMPLETE
news-source-strategies,RQ2,E2-timing-duration,informational_p201_d25,1002,INFORMATIONAL_CAMOUFLAGE,TRADITIONAL_MEDIA,FAKE_NEWS_SOURCE,201.0,225.0,,-1.0,0.33,1.0,5.0,1.0,COMPLETE
news-source-strategies,RQ2,E2-timing-duration,informational_p201_d25,1003,INFORMATIONAL_CAMOUFLAGE,TRADITIONAL_MEDIA,FAKE_NEWS_SOURCE,201.0,225.0,,-1.0,0.33,1.0,5.0,1.0,COMPLETE
news-source-strategies,RQ2,E2-timing-duration,informational_p201_d25,1004,INFORMATIONAL_CAMOUFLAGE,TRADITIONAL_MEDIA,FAKE_NEWS_SOURCE,201.0,225.0,,-1.0,0.33,1.0,5.0,1.0,COMPLETE
news-source-strategies,RQ2,E2-timing-duration,informational_p201_d25,1005,INFORMATIONAL_CAMOUFLAGE,TRADITIONAL_MEDIA,FAKE_NEWS_SOURCE,201.0,225.0,,-1.0,0.33,1.0,5.0,1.0,COMPLETE
news-source-strategies,RQ2,E2-timing-duration,informational_p201_d25,1006,INFORMATIONAL_CAMOUFLAGE,TRADITIONAL_MEDIA,FAKE_NEWS_SOURCE,201.0,225.0,,-1.0,0.33,1.0,5.0,1.0,COMPLETE
news-source-strategies,RQ2,E2-timing-duration,informational_p201_d25,1007,INFORMATIONAL_CAMOUFLAGE,TRADITIONAL_MEDIA,FAKE_NEWS_SOURCE,201.0,225.0,,-1.0,0.33,1.0,5.0,1.0,COMPLETE
news-source-strategies,RQ2,E2-timing-duration,informational_p201_d25,1008,INFORMATIONAL_CAMOUFLAGE,TRADITIONAL_MEDIA,FAKE_NEWS_SOURCE,201.0,225.0,,-1.0,0.33,1.0,5.0,1.0,COMPLETE
news-source-strategies,RQ2,E2-timing-duration,informational_p201_d25,1009,INFORMATIONAL_CAMOUFLAGE,TRADITIONAL_MEDIA,FAKE_NEWS_SOURCE,201.0,225.0,,-1.0,0.33,1.0,5.0,1.0,COMPLETE
news-source-strategies,RQ2,E2-timing-duration,informational_p201_d25,1010,INFORMATIONAL_CAMOUFLAGE,TRADITIONAL_MEDIA,FAKE_NEWS_SOURCE,201.0,225.0,,-1.0,0.33,1.0,5.0,1.0,COMPLETE
news-source-strategies,RQ2,E2-timing-duration,informational_p201_d25,1011,INFORMATIONAL_CAMOUFLAGE,TRADITIONAL_MEDIA,FAKE_NEWS_SOURCE,201.0,225.0,,-1.0,0.33,1.0,5.0,1.0,COMPLETE
news-source-strategies,RQ2,E2-timing-duration,informational_p201_d25,1012,INFORMATIONAL_CAMOUFLAGE,TRADITIONAL_MEDIA,FAKE_NEWS_SOURCE,201.0,225.0,,-1.0,0.33,1.0,5.0,1.0,COMPLETE
news-source-strategies,RQ2,E2-timing-duration,informational_p201_d25,1013,INFORMATIONAL_CAMOUFLAGE,TRADITIONAL_MEDIA,FAKE_NEWS_SOURCE,201.0,225.0,,-1.0,0.33,1.0,5.0,1.0,COMPLETE
news-source-strategies,RQ2,E2-timing-duration,informational_p201_d25,1014,INFORMATIONAL_CAMOUFLAGE,TRADITIONAL_MEDIA,FAKE_NEWS_SOURCE,201.0,225.0,,-1.0,0.33,1.0,5.0,1.0,COMPLETE
news-source-strategies,RQ2,E2-timing-duration,informational_p201_d25,1015,INFORMATIONAL_CAMOUFLAGE,TRADITIONAL_MEDIA,FAKE_NEWS_SOURCE,201.0,225.0,,-1.0,0.33,1.0,5.0,1.0,COMPLETE
news-source-strategies,RQ2,E2-timing-duration,informational_p201_d25,1016,INFORMATIONAL_CAMOUFLAGE,TRADITIONAL_MEDIA,FAKE_NEWS_SOURCE,201.0,225.0,,-1.0,0.33,1.0,5.0,1.0,COMPLETE
news-source-strategies,RQ2,E2-timing-duration,informational_p201_d25,1017,INFORMATIONAL_CAMOUFLAGE,TRADITIONAL_MEDIA,FAKE_NEWS_SOURCE,201.0,225.0,,-1.0,0.33,1.0,5.0,1.0,COMPLETE
news-source-strategies,RQ2,E2-timing-duration,informational_p201_d25,1018,INFORMATIONAL_CAMOUFLAGE,TRADITIONAL_MEDIA,FAKE_NEWS_SOURCE,201.0,225.0,,-1.0,0.33,1.0,5.0,1.0,COMPLETE
news-source-strategies,RQ2,E2-timing-duration,informational_p201_d25,1019,INFORMATIONAL_CAMOUFLAGE,TRADITIONAL_MEDIA,FAKE_NEWS_SOURCE,201.0,225.0,,-1.0,0.33,1.0,5.0,1.0,COMPLETE
news-source-strategies,RQ2,E2-timing-duration,informational_p201_d25,1020,INFORMATIONAL_CAMOUFLAGE,TRADITIONAL_MEDIA,FAKE_NEWS_SOURCE,201.0,225.0,,-1.0,0.33,1.0,5.0,1.0,COMPLETE
news-source-strategies,RQ2,E2-timing-duration,informational_p201_d25,1021,INFORMATIONAL_CAMOUFLAGE,TRADITIONAL_MEDIA,FAKE_NEWS_SOURCE,201.0,225.0,,-1.0,0.33,1.0,5.0,1.0,COMPLETE
news-source-strategies,RQ2,E2-timing-duration,informational_p201_d25,1022,INFORMATIONAL_CAMOUFLAGE,TRADITIONAL_MEDIA,FAKE_NEWS_SOURCE,201.0,225.0,,-1.0,0.33,1.0,5.0,1.0,COMPLETE
news-source-strategies,RQ2,E2-timing-duration,informational_p201_d25,1023,INFORMATIONAL_CAMOUFLAGE,TRADITIONAL_MEDIA,FAKE_NEWS_SOURCE,201.0,225.0,,-1.0,0.33,1.0,5.0,1.0,COMPLETE
news-source-strategies,RQ2,E2-timing-duration,informational_p201_d25,1024,INFORMATIONAL_CAMOUFLAGE,TRADITIONAL_MEDIA,FAKE_NEWS_SOURCE,201.0,225.0,,-1.0,0.33,1.0,5.0,1.0,COMPLETE
news-source-strategies,RQ2,E2-timing-duration,informational_p201_d25,1025,INFORMATIONAL_CAMOUFLAGE,TRADITIONAL_MEDIA,FAKE_NEWS_SOURCE,201.0,225.0,,-1.0,0.33,1.0,5.0,1.0,COMPLETE
news-source-strategies,RQ2,E2-timing-duration,informational_p201_d25,1026,INFORMATIONAL_CAMOUFLAGE,TRADITIONAL_MEDIA,FAKE_NEWS_SOURCE,201.0,225.0,,-1.0,0.33,1.0,5.0,1.0,COMPLETE
news-source-strategies,RQ2,E2-timing-duration,informational_p201_d25,1027,INFORMATIONAL_CAMOUFLAGE,TRADITIONAL_MEDIA,FAKE_NEWS_SOURCE,201.0,225.0,,-1.0,0.33,1.0,5.0,1.0,COMPLETE
news-source-strategies,RQ2,E2-timing-duration,informational_p201_d25,1028,INFORMATIONAL_CAMOUFLAGE,TRADITIONAL_MEDIA,FAKE_NEWS_SOURCE,201.0,225.0,,-1.0,0.33,1.0,5.0,1.0,COMPLETE
news-source-strategies,RQ2,E2-timing-duration,informational_p201_d25,1029,INFORMATIONAL_CAMOUFLAGE,TRADITIONAL_MEDIA,FAKE_NEWS_SOURCE,201.0,225.0,,-1.0,0.33,1.0,5.0,1.0,COMPLETE
news-source-strategies,RQ2,E2-timing-duration,informational_p201_d25,1030,INFORMATIONAL_CAMOUFLAGE,TRADITIONAL_MEDIA,FAKE_NEWS_SOURCE,201.0,225.0,,-1.0,0.33,1.0,5.0,1.0,COMPLETE
news-source-strategies,RQ2,E2-timing-duration,informational_p201_d100,1001,INFORMATIONAL_CAMOUFLAGE,TRADITIONAL_MEDIA,FAKE_NEWS_SOURCE,201.0,300.0,,-1.0,0.33,1.0,5.0,1.0,COMPLETE
news-source-strategies,RQ2,E2-timing-duration,informational_p201_d100,1002,INFORMATIONAL_CAMOUFLAGE,TRADITIONAL_MEDIA,FAKE_NEWS_SOURCE,201.0,300.0,,-1.0,0.33,1.0,5.0,1.0,COMPLETE
news-source-strategies,RQ2,E2-timing-duration,informational_p201_d100,1003,INFORMATIONAL_CAMOUFLAGE,TRADITIONAL_MEDIA,FAKE_NEWS_SOURCE,201.0,300.0,,-1.0,0.33,1.0,5.0,1.0,COMPLETE
news-source-strategies,RQ2,E2-timing-duration,informational_p201_d100,1004,INFORMATIONAL_CAMOUFLAGE,TRADITIONAL_MEDIA,FAKE_NEWS_SOURCE,201.0,300.0,,-1.0,0.33,1.0,5.0,1.0,COMPLETE
news-source-strategies,RQ2,E2-timing-duration,informational_p201_d100,1005,INFORMATIONAL_CAMOUFLAGE,TRADITIONAL_MEDIA,FAKE_NEWS_SOURCE,201.0,300.0,,-1.0,0.33,1.0,5.0,1.0,COMPLETE
news-source-strategies,RQ2,E2-timing-duration,informational_p201_d100,1006,INFORMATIONAL_CAMOUFLAGE,TRADITIONAL_MEDIA,FAKE_NEWS_SOURCE,201.0,300.0,,-1.0,0.33,1.0,5.0,1.0,COMPLETE
news-source-strategies,RQ2,E2-timing-duration,informational_p201_d100,1007,INFORMATIONAL_CAMOUFLAGE,TRADITIONAL_MEDIA,FAKE_NEWS_SOURCE,201.0,300.0,,-1.0,0.33,1.0,5.0,1.0,COMPLETE
news-source-strategies,RQ2,E2-timing-duration,informational_p201_d100,1008,INFORMATIONAL_CAMOUFLAGE,TRADITIONAL_MEDIA,FAKE_NEWS_SOURCE,201.0,300.0,,-1.0,0.33,1.0,5.0,1.0,COMPLETE
news-source-strategies,RQ2,E2-timing-duration,informational_p201_d100,1009,INFORMATIONAL_CAMOUFLAGE,TRADITIONAL_MEDIA,FAKE_NEWS_SOURCE,201.0,300.0,,-1.0,0.33,1.0,5.0,1.0,COMPLETE
news-source-strategies,RQ2,E2-timing-duration,informational_p201_d100,1010,INFORMATIONAL_CAMOUFLAGE,TRADITIONAL_MEDIA,FAKE_NEWS_SOURCE,201.0,300.0,,-1.0,0.33,1.0,5.0,1.0,COMPLETE
news-source-strategies,RQ2,E2-timing-duration,informational_p201_d100,1011,INFORMATIONAL_CAMOUFLAGE,TRADITIONAL_MEDIA,FAKE_NEWS_SOURCE,201.0,300.0,,-1.0,0.33,1.0,5.0,1.0,COMPLETE
news-source-strategies,RQ2,E2-timing-duration,informational_p201_d100,1012,INFORMATIONAL_CAMOUFLAGE,TRADITIONAL_MEDIA,FAKE_NEWS_SOURCE,201.0,300.0,,-1.0,0.33,1.0,5.0,1.0,COMPLETE
news-source-strategies,RQ2,E2-timing-duration,informational_p201_d100,1013,INFORMATIONAL_CAMOUFLAGE,TRADITIONAL_MEDIA,FAKE_NEWS_SOURCE,201.0,300.0,,-1.0,0.33,1.0,5.0,1.0,COMPLETE
news-source-strategies,RQ2,E2-timing-duration,informational_p201_d100,1014,INFORMATIONAL_CAMOUFLAGE,TRADITIONAL_MEDIA,FAKE_NEWS_SOURCE,201.0,300.0,,-1.0,0.33,1.0,5.0,1.0,COMPLETE
news-source-strategies,RQ2,E2-timing-duration,informational_p201_d100,1015,INFORMATIONAL_CAMOUFLAGE,TRADITIONAL_MEDIA,FAKE_NEWS_SOURCE,201.0,300.0,,-1.0,0.33,1.0,5.0,1.0,COMPLETE
news-source-strategies,RQ2,E2-timing-duration,informational_p201_d100,1016,INFORMATIONAL_CAMOUFLAGE,TRADITIONAL_MEDIA,FAKE_NEWS_SOURCE,201.0,300.0,,-1.0,0.33,1.0,5.0,1.0,COMPLETE
news-source-strategies,RQ2,E2-timing-duration,informational_p201_d100,1017,INFORMATIONAL_CAMOUFLAGE,TRADITIONAL_MEDIA,FAKE_NEWS_SOURCE,201.0,300.0,,-1.0,0.33,1.0,5.0,1.0,COMPLETE
news-source-strategies,RQ2,E2-timing-duration,informational_p201_d100,1018,INFORMATIONAL_CAMOUFLAGE,TRADITIONAL_MEDIA,FAKE_NEWS_SOURCE,201.0,300.0,,-1.0,0.33,1.0,5.0,1.0,COMPLETE
news-source-strategies,RQ2,E2-timing-duration,informational_p201_d100,1019,INFORMATIONAL_CAMOUFLAGE,TRADITIONAL_MEDIA,FAKE_NEWS_SOURCE,201.0,300.0,,-1.0,0.33,1.0,5.0,1.0,COMPLETE
news-source-strategies,RQ2,E2-timing-duration,informational_p201_d100,1020,INFORMATIONAL_CAMOUFLAGE,TRADITIONAL_MEDIA,FAKE_NEWS_SOURCE,201.0,300.0,,-1.0,0.33,1.0,5.0,1.0,COMPLETE
news-source-strategies,RQ2,E2-timing-duration,informational_p201_d100,1021,INFORMATIONAL_CAMOUFLAGE,TRADITIONAL_MEDIA,FAKE_NEWS_SOURCE,201.0,300.0,,-1.0,0.33,1.0,5.0,1.0,COMPLETE
news-source-strategies,RQ2,E2-timing-duration,informational_p201_d100,1022,INFORMATIONAL_CAMOUFLAGE,TRADITIONAL_MEDIA,FAKE_NEWS_SOURCE,201.0,300.0,,-1.0,0.33,1.0,5.0,1.0,COMPLETE
news-source-strategies,RQ2,E2-timing-duration,informational_p201_d100,1023,INFORMATIONAL_CAMOUFLAGE,TRADITIONAL_MEDIA,FAKE_NEWS_SOURCE,201.0,300.0,,-1.0,0.33,1.0,5.0,1.0,COMPLETE
news-source-strategies,RQ2,E2-timing-duration,informational_p201_d100,1024,INFORMATIONAL_CAMOUFLAGE,TRADITIONAL_MEDIA,FAKE_NEWS_SOURCE,201.0,300.0,,-1.0,0.33,1.0,5.0,1.0,COMPLETE
news-source-strategies,RQ2,E2-timing-duration,informational_p201_d100,1025,INFORMATIONAL_CAMOUFLAGE,TRADITIONAL_MEDIA,FAKE_NEWS_SOURCE,201.0,300.0,,-1.0,0.33,1.0,5.0,1.0,COMPLETE
news-source-strategies,RQ2,E2-timing-duration,informational_p201_d100,1026,INFORMATIONAL_CAMOUFLAGE,TRADITIONAL_MEDIA,FAKE_NEWS_SOURCE,201.0,300.0,,-1.0,0.33,1.0,5.0,1.0,COMPLETE
news-source-strategies,RQ2,E2-timing-duration,informational_p201_d100,1027,INFORMATIONAL_CAMOUFLAGE,TRADITIONAL_MEDIA,FAKE_NEWS_SOURCE,201.0,300.0,,-1.0,0.33,1.0,5.0,1.0,COMPLETE
news-source-strategies,RQ2,E2-timing-duration,informational_p201_d100,1028,INFORMATIONAL_CAMOUFLAGE,TRADITIONAL_MEDIA,FAKE_NEWS_SOURCE,201.0,300.0,,-1.0,0.33,1.0,5.0,1.0,COMPLETE
news-source-strategies,RQ2,E2-timing-duration,informational_p201_d100,1029,INFORMATIONAL_CAMOUFLAGE,TRADITIONAL_MEDIA,FAKE_NEWS_SOURCE,201.0,300.0,,-1.0,0.33,1.0,5.0,1.0,COMPLETE
news-source-strategies,RQ2,E2-timing-duration,informational_p201_d100,1030,INFORMATIONAL_CAMOUFLAGE,TRADITIONAL_MEDIA,FAKE_NEWS_SOURCE,201.0,300.0,,-1.0,0.33,1.0,5.0,1.0,COMPLETE
news-source-strategies,RQ2,E2-timing-duration,informational_p201_permanent,1001,INFORMATIONAL_CAMOUFLAGE,TRADITIONAL_MEDIA,FAKE_NEWS_SOURCE,201.0,-1.0,,-1.0,0.33,1.0,5.0,1.0,COMPLETE
news-source-strategies,RQ2,E2-timing-duration,informational_p201_permanent,1002,INFORMATIONAL_CAMOUFLAGE,TRADITIONAL_MEDIA,FAKE_NEWS_SOURCE,201.0,-1.0,,-1.0,0.33,1.0,5.0,1.0,COMPLETE
news-source-strategies,RQ2,E2-timing-duration,informational_p201_permanent,1003,INFORMATIONAL_CAMOUFLAGE,TRADITIONAL_MEDIA,FAKE_NEWS_SOURCE,201.0,-1.0,,-1.0,0.33,1.0,5.0,1.0,COMPLETE
news-source-strategies,RQ2,E2-timing-duration,informational_p201_permanent,1004,INFORMATIONAL_CAMOUFLAGE,TRADITIONAL_MEDIA,FAKE_NEWS_SOURCE,201.0,-1.0,,-1.0,0.33,1.0,5.0,1.0,COMPLETE
news-source-strategies,RQ2,E2-timing-duration,informational_p201_permanent,1005,INFORMATIONAL_CAMOUFLAGE,TRADITIONAL_MEDIA,FAKE_NEWS_SOURCE,201.0,-1.0,,-1.0,0.33,1.0,5.0,1.0,COMPLETE
news-source-strategies,RQ2,E2-timing-duration,informational_p201_permanent,1006,INFORMATIONAL_CAMOUFLAGE,TRADITIONAL_MEDIA,FAKE_NEWS_SOURCE,201.0,-1.0,,-1.0,0.33,1.0,5.0,1.0,COMPLETE
news-source-strategies,RQ2,E2-timing-duration,informational_p201_permanent,1007,INFORMATIONAL_CAMOUFLAGE,TRADITIONAL_MEDIA,FAKE_NEWS_SOURCE,201.0,-1.0,,-1.0,0.33,1.0,5.0,1.0,COMPLETE
news-source-strategies,RQ2,E2-timing-duration,informational_p201_permanent,1008,INFORMATIONAL_CAMOUFLAGE,TRADITIONAL_MEDIA,FAKE_NEWS_SOURCE,201.0,-1.0,,-1.0,0.33,1.0,5.0,1.0,COMPLETE
news-source-strategies,RQ2,E2-timing-duration,informational_p201_permanent,1009,INFORMATIONAL_CAMOUFLAGE,TRADITIONAL_MEDIA,FAKE_NEWS_SOURCE,201.0,-1.0,,-1.0,0.33,1.0,5.0,1.0,COMPLETE
news-source-strategies,RQ2,E2-timing-duration,informational_p201_permanent,1010,INFORMATIONAL_CAMOUFLAGE,TRADITIONAL_MEDIA,FAKE_NEWS_SOURCE,201.0,-1.0,,-1.0,0.33,1.0,5.0,1.0,COMPLETE
news-source-strategies,RQ2,E2-timing-duration,informational_p201_permanent,1011,INFORMATIONAL_CAMOUFLAGE,TRADITIONAL_MEDIA,FAKE_NEWS_SOURCE,201.0,-1.0,,-1.0,0.33,1.0,5.0,1.0,COMPLETE
news-source-strategies,RQ2,E2-timing-duration,informational_p201_permanent,1012,INFORMATIONAL_CAMOUFLAGE,TRADITIONAL_MEDIA,FAKE_NEWS_SOURCE,201.0,-1.0,,-1.0,0.33,1.0,5.0,1.0,COMPLETE
news-source-strategies,RQ2,E2-timing-duration,informational_p201_permanent,1013,INFORMATIONAL_CAMOUFLAGE,TRADITIONAL_MEDIA,FAKE_NEWS_SOURCE,201.0,-1.0,,-1.0,0.33,1.0,5.0,1.0,COMPLETE
news-source-strategies,RQ2,E2-timing-duration,informational_p201_permanent,1014,INFORMATIONAL_CAMOUFLAGE,TRADITIONAL_MEDIA,FAKE_NEWS_SOURCE,201.0,-1.0,,-1.0,0.33,1.0,5.0,1.0,COMPLETE
news-source-strategies,RQ2,E2-timing-duration,informational_p201_permanent,1015,INFORMATIONAL_CAMOUFLAGE,TRADITIONAL_MEDIA,FAKE_NEWS_SOURCE,201.0,-1.0,,-1.0,0.33,1.0,5.0,1.0,COMPLETE
news-source-strategies,RQ2,E2-timing-duration,informational_p201_permanent,1016,INFORMATIONAL_CAMOUFLAGE,TRADITIONAL_MEDIA,FAKE_NEWS_SOURCE,201.0,-1.0,,-1.0,0.33,1.0,5.0,1.0,COMPLETE
news-source-strategies,RQ2,E2-timing-duration,informational_p201_permanent,1017,INFORMATIONAL_CAMOUFLAGE,TRADITIONAL_MEDIA,FAKE_NEWS_SOURCE,201.0,-1.0,,-1.0,0.33,1.0,5.0,1.0,COMPLETE
news-source-strategies,RQ2,E2-timing-duration,informational_p201_permanent,1018,INFORMATIONAL_CAMOUFLAGE,TRADITIONAL_MEDIA,FAKE_NEWS_SOURCE,201.0,-1.0,,-1.0,0.33,1.0,5.0,1.0,COMPLETE
news-source-strategies,RQ2,E2-timing-duration,informational_p201_permanent,1019,INFORMATIONAL_CAMOUFLAGE,TRADITIONAL_MEDIA,FAKE_NEWS_SOURCE,201.0,-1.0,,-1.0,0.33,1.0,5.0,1.0,COMPLETE
news-source-strategies,RQ2,E2-timing-duration,informational_p201_permanent,1020,INFORMATIONAL_CAMOUFLAGE,TRADITIONAL_MEDIA,FAKE_NEWS_SOURCE,201.0,-1.0,,-1.0,0.33,1.0,5.0,1.0,COMPLETE
news-source-strategies,RQ2,E2-timing-duration,informational_p201_permanent,1021,INFORMATIONAL_CAMOUFLAGE,TRADITIONAL_MEDIA,FAKE_NEWS_SOURCE,201.0,-1.0,,-1.0,0.33,1.0,5.0,1.0,COMPLETE
news-source-strategies,RQ2,E2-timing-duration,informational_p201_permanent,1022,INFORMATIONAL_CAMOUFLAGE,TRADITIONAL_MEDIA,FAKE_NEWS_SOURCE,201.0,-1.0,,-1.0,0.33,1.0,5.0,1.0,COMPLETE
news-source-strategies,RQ2,E2-timing-duration,informational_p201_permanent,1023,INFORMATIONAL_CAMOUFLAGE,TRADITIONAL_MEDIA,FAKE_NEWS_SOURCE,201.0,-1.0,,-1.0,0.33,1.0,5.0,1.0,COMPLETE
news-source-strategies,RQ2,E2-timing-duration,informational_p201_permanent,1024,INFORMATIONAL_CAMOUFLAGE,TRADITIONAL_MEDIA,FAKE_NEWS_SOURCE,201.0,-1.0,,-1.0,0.33,1.0,5.0,1.0,COMPLETE
news-source-strategies,RQ2,E2-timing-duration,informational_p201_permanent,1025,INFORMATIONAL_CAMOUFLAGE,TRADITIONAL_MEDIA,FAKE_NEWS_SOURCE,201.0,-1.0,,-1.0,0.33,1.0,5.0,1.0,COMPLETE
news-source-strategies,RQ2,E2-timing-duration,informational_p201_permanent,1026,INFORMATIONAL_CAMOUFLAGE,TRADITIONAL_MEDIA,FAKE_NEWS_SOURCE,201.0,-1.0,,-1.0,0.33,1.0,5.0,1.0,COMPLETE
news-source-strategies,RQ2,E2-timing-duration,informational_p201_permanent,1027,INFORMATIONAL_CAMOUFLAGE,TRADITIONAL_MEDIA,FAKE_NEWS_SOURCE,201.0,-1.0,,-1.0,0.33,1.0,5.0,1.0,COMPLETE
news-source-strategies,RQ2,E2-timing-duration,informational_p201_permanent,1028,INFORMATIONAL_CAMOUFLAGE,TRADITIONAL_MEDIA,FAKE_NEWS_SOURCE,201.0,-1.0,,-1.0,0.33,1.0,5.0,1.0,COMPLETE
news-source-strategies,RQ2,E2-timing-duration,informational_p201_permanent,1029,INFORMATIONAL_CAMOUFLAGE,TRADITIONAL_MEDIA,FAKE_NEWS_SOURCE,201.0,-1.0,,-1.0,0.33,1.0,5.0,1.0,COMPLETE
news-source-strategies,RQ2,E2-timing-duration,informational_p201_permanent,1030,INFORMATIONAL_CAMOUFLAGE,TRADITIONAL_MEDIA,FAKE_NEWS_SOURCE,201.0,-1.0,,-1.0,0.33,1.0,5.0,1.0,COMPLETE
news-source-strategies,RQ3,E3-reach-mitigation,control_reach14_7_wom0,1001,NONE,,,,,14.7,-1.0,0.33,0.0,5.0,1.0,COMPLETE
news-source-strategies,RQ3,E3-reach-mitigation,control_reach14_7_wom0,1002,NONE,,,,,14.7,-1.0,0.33,0.0,5.0,1.0,COMPLETE
news-source-strategies,RQ3,E3-reach-mitigation,control_reach14_7_wom0,1003,NONE,,,,,14.7,-1.0,0.33,0.0,5.0,1.0,COMPLETE
news-source-strategies,RQ3,E3-reach-mitigation,control_reach14_7_wom0,1004,NONE,,,,,14.7,-1.0,0.33,0.0,5.0,1.0,COMPLETE
news-source-strategies,RQ3,E3-reach-mitigation,control_reach14_7_wom0,1005,NONE,,,,,14.7,-1.0,0.33,0.0,5.0,1.0,COMPLETE
news-source-strategies,RQ3,E3-reach-mitigation,control_reach14_7_wom0,1006,NONE,,,,,14.7,-1.0,0.33,0.0,5.0,1.0,COMPLETE
news-source-strategies,RQ3,E3-reach-mitigation,control_reach14_7_wom0,1007,NONE,,,,,14.7,-1.0,0.33,0.0,5.0,1.0,COMPLETE
news-source-strategies,RQ3,E3-reach-mitigation,control_reach14_7_wom0,1008,NONE,,,,,14.7,-1.0,0.33,0.0,5.0,1.0,COMPLETE
news-source-strategies,RQ3,E3-reach-mitigation,control_reach14_7_wom0,1009,NONE,,,,,14.7,-1.0,0.33,0.0,5.0,1.0,COMPLETE
news-source-strategies,RQ3,E3-reach-mitigation,control_reach14_7_wom0,1010,NONE,,,,,14.7,-1.0,0.33,0.0,5.0,1.0,COMPLETE
news-source-strategies,RQ3,E3-reach-mitigation,control_reach14_7_wom0,1011,NONE,,,,,14.7,-1.0,0.33,0.0,5.0,1.0,COMPLETE
news-source-strategies,RQ3,E3-reach-mitigation,control_reach14_7_wom0,1012,NONE,,,,,14.7,-1.0,0.33,0.0,5.0,1.0,COMPLETE
news-source-strategies,RQ3,E3-reach-mitigation,control_reach14_7_wom0,1013,NONE,,,,,14.7,-1.0,0.33,0.0,5.0,1.0,COMPLETE
news-source-strategies,RQ3,E3-reach-mitigation,control_reach14_7_wom0,1014,NONE,,,,,14.7,-1.0,0.33,0.0,5.0,1.0,COMPLETE
news-source-strategies,RQ3,E3-reach-mitigation,control_reach14_7_wom0,1015,NONE,,,,,14.7,-1.0,0.33,0.0,5.0,1.0,COMPLETE
news-source-strategies,RQ3,E3-reach-mitigation,control_reach14_7_wom0,1016,NONE,,,,,14.7,-1.0,0.33,0.0,5.0,1.0,COMPLETE
news-source-strategies,RQ3,E3-reach-mitigation,control_reach14_7_wom0,1017,NONE,,,,,14.7,-1.0,0.33,0.0,5.0,1.0,COMPLETE
news-source-strategies,RQ3,E3-reach-mitigation,control_reach14_7_wom0,1018,NONE,,,,,14.7,-1.0,0.33,0.0,5.0,1.0,COMPLETE
news-source-strategies,RQ3,E3-reach-mitigation,control_reach14_7_wom0,1019,NONE,,,,,14.7,-1.0,0.33,0.0,5.0,1.0,COMPLETE
news-source-strategies,RQ3,E3-reach-mitigation,control_reach14_7_wom0,1020,NONE,,,,,14.7,-1.0,0.33,0.0,5.0,1.0,COMPLETE
news-source-strategies,RQ3,E3-reach-mitigation,control_reach14_7_wom0,1021,NONE,,,,,14.7,-1.0,0.33,0.0,5.0,1.0,COMPLETE
news-source-strategies,RQ3,E3-reach-mitigation,control_reach14_7_wom0,1022,NONE,,,,,14.7,-1.0,0.33,0.0,5.0,1.0,COMPLETE
news-source-strategies,RQ3,E3-reach-mitigation,control_reach14_7_wom0,1023,NONE,,,,,14.7,-1.0,0.33,0.0,5.0,1.0,COMPLETE
news-source-strategies,RQ3,E3-reach-mitigation,control_reach14_7_wom0,1024,NONE,,,,,14.7,-1.0,0.33,0.0,5.0,1.0,COMPLETE
news-source-strategies,RQ3,E3-reach-mitigation,control_reach14_7_wom0,1025,NONE,,,,,14.7,-1.0,0.33,0.0,5.0,1.0,COMPLETE
news-source-strategies,RQ3,E3-reach-mitigation,control_reach14_7_wom0,1026,NONE,,,,,14.7,-1.0,0.33,0.0,5.0,1.0,COMPLETE
news-source-strategies,RQ3,E3-reach-mitigation,control_reach14_7_wom0,1027,NONE,,,,,14.7,-1.0,0.33,0.0,5.0,1.0,COMPLETE
news-source-strategies,RQ3,E3-reach-mitigation,control_reach14_7_wom0,1028,NONE,,,,,14.7,-1.0,0.33,0.0,5.0,1.0,COMPLETE
news-source-strategies,RQ3,E3-reach-mitigation,control_reach14_7_wom0,1029,NONE,,,,,14.7,-1.0,0.33,0.0,5.0,1.0,COMPLETE
news-source-strategies,RQ3,E3-reach-mitigation,control_reach14_7_wom0,1030,NONE,,,,,14.7,-1.0,0.33,0.0,5.0,1.0,COMPLETE
news-source-strategies,RQ3,E3-reach-mitigation,control_reach14_7_wom1,1001,NONE,,,,,14.7,-1.0,0.33,1.0,5.0,1.0,COMPLETE
news-source-strategies,RQ3,E3-reach-mitigation,control_reach14_7_wom1,1002,NONE,,,,,14.7,-1.0,0.33,1.0,5.0,1.0,COMPLETE
news-source-strategies,RQ3,E3-reach-mitigation,control_reach14_7_wom1,1003,NONE,,,,,14.7,-1.0,0.33,1.0,5.0,1.0,COMPLETE
news-source-strategies,RQ3,E3-reach-mitigation,control_reach14_7_wom1,1004,NONE,,,,,14.7,-1.0,0.33,1.0,5.0,1.0,COMPLETE
news-source-strategies,RQ3,E3-reach-mitigation,control_reach14_7_wom1,1005,NONE,,,,,14.7,-1.0,0.33,1.0,5.0,1.0,COMPLETE
news-source-strategies,RQ3,E3-reach-mitigation,control_reach14_7_wom1,1006,NONE,,,,,14.7,-1.0,0.33,1.0,5.0,1.0,COMPLETE
news-source-strategies,RQ3,E3-reach-mitigation,control_reach14_7_wom1,1007,NONE,,,,,14.7,-1.0,0.33,1.0,5.0,1.0,COMPLETE
news-source-strategies,RQ3,E3-reach-mitigation,control_reach14_7_wom1,1008,NONE,,,,,14.7,-1.0,0.33,1.0,5.0,1.0,COMPLETE
news-source-strategies,RQ3,E3-reach-mitigation,control_reach14_7_wom1,1009,NONE,,,,,14.7,-1.0,0.33,1.0,5.0,1.0,COMPLETE
news-source-strategies,RQ3,E3-reach-mitigation,control_reach14_7_wom1,1010,NONE,,,,,14.7,-1.0,0.33,1.0,5.0,1.0,COMPLETE
news-source-strategies,RQ3,E3-reach-mitigation,control_reach14_7_wom1,1011,NONE,,,,,14.7,-1.0,0.33,1.0,5.0,1.0,COMPLETE
news-source-strategies,RQ3,E3-reach-mitigation,control_reach14_7_wom1,1012,NONE,,,,,14.7,-1.0,0.33,1.0,5.0,1.0,COMPLETE
news-source-strategies,RQ3,E3-reach-mitigation,control_reach14_7_wom1,1013,NONE,,,,,14.7,-1.0,0.33,1.0,5.0,1.0,COMPLETE
news-source-strategies,RQ3,E3-reach-mitigation,control_reach14_7_wom1,1014,NONE,,,,,14.7,-1.0,0.33,1.0,5.0,1.0,COMPLETE
news-source-strategies,RQ3,E3-reach-mitigation,control_reach14_7_wom1,1015,NONE,,,,,14.7,-1.0,0.33,1.0,5.0,1.0,COMPLETE
news-source-strategies,RQ3,E3-reach-mitigation,control_reach14_7_wom1,1016,NONE,,,,,14.7,-1.0,0.33,1.0,5.0,1.0,COMPLETE
news-source-strategies,RQ3,E3-reach-mitigation,control_reach14_7_wom1,1017,NONE,,,,,14.7,-1.0,0.33,1.0,5.0,1.0,COMPLETE
news-source-strategies,RQ3,E3-reach-mitigation,control_reach14_7_wom1,1018,NONE,,,,,14.7,-1.0,0.33,1.0,5.0,1.0,COMPLETE
news-source-strategies,RQ3,E3-reach-mitigation,control_reach14_7_wom1,1019,NONE,,,,,14.7,-1.0,0.33,1.0,5.0,1.0,COMPLETE
news-source-strategies,RQ3,E3-reach-mitigation,control_reach14_7_wom1,1020,NONE,,,,,14.7,-1.0,0.33,1.0,5.0,1.0,COMPLETE
news-source-strategies,RQ3,E3-reach-mitigation,control_reach14_7_wom1,1021,NONE,,,,,14.7,-1.0,0.33,1.0,5.0,1.0,COMPLETE
news-source-strategies,RQ3,E3-reach-mitigation,control_reach14_7_wom1,1022,NONE,,,,,14.7,-1.0,0.33,1.0,5.0,1.0,COMPLETE
news-source-strategies,RQ3,E3-reach-mitigation,control_reach14_7_wom1,1023,NONE,,,,,14.7,-1.0,0.33,1.0,5.0,1.0,COMPLETE
news-source-strategies,RQ3,E3-reach-mitigation,control_reach14_7_wom1,1024,NONE,,,,,14.7,-1.0,0.33,1.0,5.0,1.0,COMPLETE
news-source-strategies,RQ3,E3-reach-mitigation,control_reach14_7_wom1,1025,NONE,,,,,14.7,-1.0,0.33,1.0,5.0,1.0,COMPLETE
news-source-strategies,RQ3,E3-reach-mitigation,control_reach14_7_wom1,1026,NONE,,,,,14.7,-1.0,0.33,1.0,5.0,1.0,COMPLETE
news-source-strategies,RQ3,E3-reach-mitigation,control_reach14_7_wom1,1027,NONE,,,,,14.7,-1.0,0.33,1.0,5.0,1.0,COMPLETE
news-source-strategies,RQ3,E3-reach-mitigation,control_reach14_7_wom1,1028,NONE,,,,,14.7,-1.0,0.33,1.0,5.0,1.0,COMPLETE
news-source-strategies,RQ3,E3-reach-mitigation,control_reach14_7_wom1,1029,NONE,,,,,14.7,-1.0,0.33,1.0,5.0,1.0,COMPLETE
news-source-strategies,RQ3,E3-reach-mitigation,control_reach14_7_wom1,1030,NONE,,,,,14.7,-1.0,0.33,1.0,5.0,1.0,COMPLETE
news-source-strategies,RQ3,E3-reach-mitigation,control_reach10_0_wom0,1001,NONE,,,,,10.0,-1.0,0.33,0.0,5.0,1.0,COMPLETE
news-source-strategies,RQ3,E3-reach-mitigation,control_reach10_0_wom0,1002,NONE,,,,,10.0,-1.0,0.33,0.0,5.0,1.0,COMPLETE
news-source-strategies,RQ3,E3-reach-mitigation,control_reach10_0_wom0,1003,NONE,,,,,10.0,-1.0,0.33,0.0,5.0,1.0,COMPLETE
news-source-strategies,RQ3,E3-reach-mitigation,control_reach10_0_wom0,1004,NONE,,,,,10.0,-1.0,0.33,0.0,5.0,1.0,COMPLETE
news-source-strategies,RQ3,E3-reach-mitigation,control_reach10_0_wom0,1005,NONE,,,,,10.0,-1.0,0.33,0.0,5.0,1.0,COMPLETE
news-source-strategies,RQ3,E3-reach-mitigation,control_reach10_0_wom0,1006,NONE,,,,,10.0,-1.0,0.33,0.0,5.0,1.0,COMPLETE
news-source-strategies,RQ3,E3-reach-mitigation,control_reach10_0_wom0,1007,NONE,,,,,10.0,-1.0,0.33,0.0,5.0,1.0,COMPLETE
news-source-strategies,RQ3,E3-reach-mitigation,control_reach10_0_wom0,1008,NONE,,,,,10.0,-1.0,0.33,0.0,5.0,1.0,COMPLETE
news-source-strategies,RQ3,E3-reach-mitigation,control_reach10_0_wom0,1009,NONE,,,,,10.0,-1.0,0.33,0.0,5.0,1.0,COMPLETE
news-source-strategies,RQ3,E3-reach-mitigation,control_reach10_0_wom0,1010,NONE,,,,,10.0,-1.0,0.33,0.0,5.0,1.0,COMPLETE
news-source-strategies,RQ3,E3-reach-mitigation,control_reach10_0_wom0,1011,NONE,,,,,10.0,-1.0,0.33,0.0,5.0,1.0,COMPLETE
news-source-strategies,RQ3,E3-reach-mitigation,control_reach10_0_wom0,1012,NONE,,,,,10.0,-1.0,0.33,0.0,5.0,1.0,COMPLETE
news-source-strategies,RQ3,E3-reach-mitigation,control_reach10_0_wom0,1013,NONE,,,,,10.0,-1.0,0.33,0.0,5.0,1.0,COMPLETE
news-source-strategies,RQ3,E3-reach-mitigation,control_reach10_0_wom0,1014,NONE,,,,,10.0,-1.0,0.33,0.0,5.0,1.0,COMPLETE
news-source-strategies,RQ3,E3-reach-mitigation,control_reach10_0_wom0,1015,NONE,,,,,10.0,-1.0,0.33,0.0,5.0,1.0,COMPLETE
news-source-strategies,RQ3,E3-reach-mitigation,control_reach10_0_wom0,1016,NONE,,,,,10.0,-1.0,0.33,0.0,5.0,1.0,COMPLETE
news-source-strategies,RQ3,E3-reach-mitigation,control_reach10_0_wom0,1017,NONE,,,,,10.0,-1.0,0.33,0.0,5.0,1.0,COMPLETE
news-source-strategies,RQ3,E3-reach-mitigation,control_reach10_0_wom0,1018,NONE,,,,,10.0,-1.0,0.33,0.0,5.0,1.0,COMPLETE
news-source-strategies,RQ3,E3-reach-mitigation,control_reach10_0_wom0,1019,NONE,,,,,10.0,-1.0,0.33,0.0,5.0,1.0,COMPLETE
news-source-strategies,RQ3,E3-reach-mitigation,control_reach10_0_wom0,1020,NONE,,,,,10.0,-1.0,0.33,0.0,5.0,1.0,COMPLETE
news-source-strategies,RQ3,E3-reach-mitigation,control_reach10_0_wom0,1021,NONE,,,,,10.0,-1.0,0.33,0.0,5.0,1.0,COMPLETE
news-source-strategies,RQ3,E3-reach-mitigation,control_reach10_0_wom0,1022,NONE,,,,,10.0,-1.0,0.33,0.0,5.0,1.0,COMPLETE
news-source-strategies,RQ3,E3-reach-mitigation,control_reach10_0_wom0,1023,NONE,,,,,10.0,-1.0,0.33,0.0,5.0,1.0,COMPLETE
news-source-strategies,RQ3,E3-reach-mitigation,control_reach10_0_wom0,1024,NONE,,,,,10.0,-1.0,0.33,0.0,5.0,1.0,COMPLETE
news-source-strategies,RQ3,E3-reach-mitigation,control_reach10_0_wom0,1025,NONE,,,,,10.0,-1.0,0.33,0.0,5.0,1.0,COMPLETE
news-source-strategies,RQ3,E3-reach-mitigation,control_reach10_0_wom0,1026,NONE,,,,,10.0,-1.0,0.33,0.0,5.0,1.0,COMPLETE
news-source-strategies,RQ3,E3-reach-mitigation,control_reach10_0_wom0,1027,NONE,,,,,10.0,-1.0,0.33,0.0,5.0,1.0,COMPLETE
news-source-strategies,RQ3,E3-reach-mitigation,control_reach10_0_wom0,1028,NONE,,,,,10.0,-1.0,0.33,0.0,5.0,1.0,COMPLETE
news-source-strategies,RQ3,E3-reach-mitigation,control_reach10_0_wom0,1029,NONE,,,,,10.0,-1.0,0.33,0.0,5.0,1.0,COMPLETE
news-source-strategies,RQ3,E3-reach-mitigation,control_reach10_0_wom0,1030,NONE,,,,,10.0,-1.0,0.33,0.0,5.0,1.0,COMPLETE
news-source-strategies,RQ3,E3-reach-mitigation,control_reach10_0_wom1,1001,NONE,,,,,10.0,-1.0,0.33,1.0,5.0,1.0,COMPLETE
news-source-strategies,RQ3,E3-reach-mitigation,control_reach10_0_wom1,1002,NONE,,,,,10.0,-1.0,0.33,1.0,5.0,1.0,COMPLETE
news-source-strategies,RQ3,E3-reach-mitigation,control_reach10_0_wom1,1003,NONE,,,,,10.0,-1.0,0.33,1.0,5.0,1.0,COMPLETE
news-source-strategies,RQ3,E3-reach-mitigation,control_reach10_0_wom1,1004,NONE,,,,,10.0,-1.0,0.33,1.0,5.0,1.0,COMPLETE
news-source-strategies,RQ3,E3-reach-mitigation,control_reach10_0_wom1,1005,NONE,,,,,10.0,-1.0,0.33,1.0,5.0,1.0,COMPLETE
news-source-strategies,RQ3,E3-reach-mitigation,control_reach10_0_wom1,1006,NONE,,,,,10.0,-1.0,0.33,1.0,5.0,1.0,COMPLETE
news-source-strategies,RQ3,E3-reach-mitigation,control_reach10_0_wom1,1007,NONE,,,,,10.0,-1.0,0.33,1.0,5.0,1.0,COMPLETE
news-source-strategies,RQ3,E3-reach-mitigation,control_reach10_0_wom1,1008,NONE,,,,,10.0,-1.0,0.33,1.0,5.0,1.0,COMPLETE
news-source-strategies,RQ3,E3-reach-mitigation,control_reach10_0_wom1,1009,NONE,,,,,10.0,-1.0,0.33,1.0,5.0,1.0,COMPLETE
news-source-strategies,RQ3,E3-reach-mitigation,control_reach10_0_wom1,1010,NONE,,,,,10.0,-1.0,0.33,1.0,5.0,1.0,COMPLETE
news-source-strategies,RQ3,E3-reach-mitigation,control_reach10_0_wom1,1011,NONE,,,,,10.0,-1.0,0.33,1.0,5.0,1.0,COMPLETE
news-source-strategies,RQ3,E3-reach-mitigation,control_reach10_0_wom1,1012,NONE,,,,,10.0,-1.0,0.33,1.0,5.0,1.0,COMPLETE
news-source-strategies,RQ3,E3-reach-mitigation,control_reach10_0_wom1,1013,NONE,,,,,10.0,-1.0,0.33,1.0,5.0,1.0,COMPLETE
news-source-strategies,RQ3,E3-reach-mitigation,control_reach10_0_wom1,1014,NONE,,,,,10.0,-1.0,0.33,1.0,5.0,1.0,COMPLETE
news-source-strategies,RQ3,E3-reach-mitigation,control_reach10_0_wom1,1015,NONE,,,,,10.0,-1.0,0.33,1.0,5.0,1.0,COMPLETE
news-source-strategies,RQ3,E3-reach-mitigation,control_reach10_0_wom1,1016,NONE,,,,,10.0,-1.0,0.33,1.0,5.0,1.0,COMPLETE
news-source-strategies,RQ3,E3-reach-mitigation,control_reach10_0_wom1,1017,NONE,,,,,10.0,-1.0,0.33,1.0,5.0,1.0,COMPLETE
news-source-strategies,RQ3,E3-reach-mitigation,control_reach10_0_wom1,1018,NONE,,,,,10.0,-1.0,0.33,1.0,5.0,1.0,COMPLETE
news-source-strategies,RQ3,E3-reach-mitigation,control_reach10_0_wom1,1019,NONE,,,,,10.0,-1.0,0.33,1.0,5.0,1.0,COMPLETE
news-source-strategies,RQ3,E3-reach-mitigation,control_reach10_0_wom1,1020,NONE,,,,,10.0,-1.0,0.33,1.0,5.0,1.0,COMPLETE
news-source-strategies,RQ3,E3-reach-mitigation,control_reach10_0_wom1,1021,NONE,,,,,10.0,-1.0,0.33,1.0,5.0,1.0,COMPLETE
news-source-strategies,RQ3,E3-reach-mitigation,control_reach10_0_wom1,1022,NONE,,,,,10.0,-1.0,0.33,1.0,5.0,1.0,COMPLETE
news-source-strategies,RQ3,E3-reach-mitigation,control_reach10_0_wom1,1023,NONE,,,,,10.0,-1.0,0.33,1.0,5.0,1.0,COMPLETE
news-source-strategies,RQ3,E3-reach-mitigation,control_reach10_0_wom1,1024,NONE,,,,,10.0,-1.0,0.33,1.0,5.0,1.0,COMPLETE
news-source-strategies,RQ3,E3-reach-mitigation,control_reach10_0_wom1,1025,NONE,,,,,10.0,-1.0,0.33,1.0,5.0,1.0,COMPLETE
news-source-strategies,RQ3,E3-reach-mitigation,control_reach10_0_wom1,1026,NONE,,,,,10.0,-1.0,0.33,1.0,5.0,1.0,COMPLETE
news-source-strategies,RQ3,E3-reach-mitigation,control_reach10_0_wom1,1027,NONE,,,,,10.0,-1.0,0.33,1.0,5.0,1.0,COMPLETE
news-source-strategies,RQ3,E3-reach-mitigation,control_reach10_0_wom1,1028,NONE,,,,,10.0,-1.0,0.33,1.0,5.0,1.0,COMPLETE
news-source-strategies,RQ3,E3-reach-mitigation,control_reach10_0_wom1,1029,NONE,,,,,10.0,-1.0,0.33,1.0,5.0,1.0,COMPLETE
news-source-strategies,RQ3,E3-reach-mitigation,control_reach10_0_wom1,1030,NONE,,,,,10.0,-1.0,0.33,1.0,5.0,1.0,COMPLETE
news-source-strategies,RQ3,E3-reach-mitigation,control_reach5_0_wom0,1001,NONE,,,,,5.0,-1.0,0.33,0.0,5.0,1.0,COMPLETE
news-source-strategies,RQ3,E3-reach-mitigation,control_reach5_0_wom0,1002,NONE,,,,,5.0,-1.0,0.33,0.0,5.0,1.0,COMPLETE
news-source-strategies,RQ3,E3-reach-mitigation,control_reach5_0_wom0,1003,NONE,,,,,5.0,-1.0,0.33,0.0,5.0,1.0,COMPLETE
news-source-strategies,RQ3,E3-reach-mitigation,control_reach5_0_wom0,1004,NONE,,,,,5.0,-1.0,0.33,0.0,5.0,1.0,COMPLETE
news-source-strategies,RQ3,E3-reach-mitigation,control_reach5_0_wom0,1005,NONE,,,,,5.0,-1.0,0.33,0.0,5.0,1.0,COMPLETE
news-source-strategies,RQ3,E3-reach-mitigation,control_reach5_0_wom0,1006,NONE,,,,,5.0,-1.0,0.33,0.0,5.0,1.0,COMPLETE
news-source-strategies,RQ3,E3-reach-mitigation,control_reach5_0_wom0,1007,NONE,,,,,5.0,-1.0,0.33,0.0,5.0,1.0,COMPLETE
news-source-strategies,RQ3,E3-reach-mitigation,control_reach5_0_wom0,1008,NONE,,,,,5.0,-1.0,0.33,0.0,5.0,1.0,COMPLETE
news-source-strategies,RQ3,E3-reach-mitigation,control_reach5_0_wom0,1009,NONE,,,,,5.0,-1.0,0.33,0.0,5.0,1.0,COMPLETE
news-source-strategies,RQ3,E3-reach-mitigation,control_reach5_0_wom0,1010,NONE,,,,,5.0,-1.0,0.33,0.0,5.0,1.0,COMPLETE
news-source-strategies,RQ3,E3-reach-mitigation,control_reach5_0_wom0,1011,NONE,,,,,5.0,-1.0,0.33,0.0,5.0,1.0,COMPLETE
news-source-strategies,RQ3,E3-reach-mitigation,control_reach5_0_wom0,1012,NONE,,,,,5.0,-1.0,0.33,0.0,5.0,1.0,COMPLETE
news-source-strategies,RQ3,E3-reach-mitigation,control_reach5_0_wom0,1013,NONE,,,,,5.0,-1.0,0.33,0.0,5.0,1.0,COMPLETE
news-source-strategies,RQ3,E3-reach-mitigation,control_reach5_0_wom0,1014,NONE,,,,,5.0,-1.0,0.33,0.0,5.0,1.0,COMPLETE
news-source-strategies,RQ3,E3-reach-mitigation,control_reach5_0_wom0,1015,NONE,,,,,5.0,-1.0,0.33,0.0,5.0,1.0,COMPLETE
news-source-strategies,RQ3,E3-reach-mitigation,control_reach5_0_wom0,1016,NONE,,,,,5.0,-1.0,0.33,0.0,5.0,1.0,COMPLETE
news-source-strategies,RQ3,E3-reach-mitigation,control_reach5_0_wom0,1017,NONE,,,,,5.0,-1.0,0.33,0.0,5.0,1.0,COMPLETE
news-source-strategies,RQ3,E3-reach-mitigation,control_reach5_0_wom0,1018,NONE,,,,,5.0,-1.0,0.33,0.0,5.0,1.0,COMPLETE
news-source-strategies,RQ3,E3-reach-mitigation,control_reach5_0_wom0,1019,NONE,,,,,5.0,-1.0,0.33,0.0,5.0,1.0,COMPLETE
news-source-strategies,RQ3,E3-reach-mitigation,control_reach5_0_wom0,1020,NONE,,,,,5.0,-1.0,0.33,0.0,5.0,1.0,COMPLETE
news-source-strategies,RQ3,E3-reach-mitigation,control_reach5_0_wom0,1021,NONE,,,,,5.0,-1.0,0.33,0.0,5.0,1.0,COMPLETE
news-source-strategies,RQ3,E3-reach-mitigation,control_reach5_0_wom0,1022,NONE,,,,,5.0,-1.0,0.33,0.0,5.0,1.0,COMPLETE
news-source-strategies,RQ3,E3-reach-mitigation,control_reach5_0_wom0,1023,NONE,,,,,5.0,-1.0,0.33,0.0,5.0,1.0,COMPLETE
news-source-strategies,RQ3,E3-reach-mitigation,control_reach5_0_wom0,1024,NONE,,,,,5.0,-1.0,0.33,0.0,5.0,1.0,COMPLETE
news-source-strategies,RQ3,E3-reach-mitigation,control_reach5_0_wom0,1025,NONE,,,,,5.0,-1.0,0.33,0.0,5.0,1.0,COMPLETE
news-source-strategies,RQ3,E3-reach-mitigation,control_reach5_0_wom0,1026,NONE,,,,,5.0,-1.0,0.33,0.0,5.0,1.0,COMPLETE
news-source-strategies,RQ3,E3-reach-mitigation,control_reach5_0_wom0,1027,NONE,,,,,5.0,-1.0,0.33,0.0,5.0,1.0,COMPLETE
news-source-strategies,RQ3,E3-reach-mitigation,control_reach5_0_wom0,1028,NONE,,,,,5.0,-1.0,0.33,0.0,5.0,1.0,COMPLETE
news-source-strategies,RQ3,E3-reach-mitigation,control_reach5_0_wom0,1029,NONE,,,,,5.0,-1.0,0.33,0.0,5.0,1.0,COMPLETE
news-source-strategies,RQ3,E3-reach-mitigation,control_reach5_0_wom0,1030,NONE,,,,,5.0,-1.0,0.33,0.0,5.0,1.0,COMPLETE
news-source-strategies,RQ3,E3-reach-mitigation,control_reach5_0_wom1,1001,NONE,,,,,5.0,-1.0,0.33,1.0,5.0,1.0,COMPLETE
news-source-strategies,RQ3,E3-reach-mitigation,control_reach5_0_wom1,1002,NONE,,,,,5.0,-1.0,0.33,1.0,5.0,1.0,COMPLETE
news-source-strategies,RQ3,E3-reach-mitigation,control_reach5_0_wom1,1003,NONE,,,,,5.0,-1.0,0.33,1.0,5.0,1.0,COMPLETE
news-source-strategies,RQ3,E3-reach-mitigation,control_reach5_0_wom1,1004,NONE,,,,,5.0,-1.0,0.33,1.0,5.0,1.0,COMPLETE
news-source-strategies,RQ3,E3-reach-mitigation,control_reach5_0_wom1,1005,NONE,,,,,5.0,-1.0,0.33,1.0,5.0,1.0,COMPLETE
news-source-strategies,RQ3,E3-reach-mitigation,control_reach5_0_wom1,1006,NONE,,,,,5.0,-1.0,0.33,1.0,5.0,1.0,COMPLETE
news-source-strategies,RQ3,E3-reach-mitigation,control_reach5_0_wom1,1007,NONE,,,,,5.0,-1.0,0.33,1.0,5.0,1.0,COMPLETE
news-source-strategies,RQ3,E3-reach-mitigation,control_reach5_0_wom1,1008,NONE,,,,,5.0,-1.0,0.33,1.0,5.0,1.0,COMPLETE
news-source-strategies,RQ3,E3-reach-mitigation,control_reach5_0_wom1,1009,NONE,,,,,5.0,-1.0,0.33,1.0,5.0,1.0,COMPLETE
news-source-strategies,RQ3,E3-reach-mitigation,control_reach5_0_wom1,1010,NONE,,,,,5.0,-1.0,0.33,1.0,5.0,1.0,COMPLETE
news-source-strategies,RQ3,E3-reach-mitigation,control_reach5_0_wom1,1011,NONE,,,,,5.0,-1.0,0.33,1.0,5.0,1.0,COMPLETE
news-source-strategies,RQ3,E3-reach-mitigation,control_reach5_0_wom1,1012,NONE,,,,,5.0,-1.0,0.33,1.0,5.0,1.0,COMPLETE
news-source-strategies,RQ3,E3-reach-mitigation,control_reach5_0_wom1,1013,NONE,,,,,5.0,-1.0,0.33,1.0,5.0,1.0,COMPLETE
news-source-strategies,RQ3,E3-reach-mitigation,control_reach5_0_wom1,1014,NONE,,,,,5.0,-1.0,0.33,1.0,5.0,1.0,COMPLETE
news-source-strategies,RQ3,E3-reach-mitigation,control_reach5_0_wom1,1015,NONE,,,,,5.0,-1.0,0.33,1.0,5.0,1.0,COMPLETE
news-source-strategies,RQ3,E3-reach-mitigation,control_reach5_0_wom1,1016,NONE,,,,,5.0,-1.0,0.33,1.0,5.0,1.0,COMPLETE
news-source-strategies,RQ3,E3-reach-mitigation,control_reach5_0_wom1,1017,NONE,,,,,5.0,-1.0,0.33,1.0,5.0,1.0,COMPLETE
news-source-strategies,RQ3,E3-reach-mitigation,control_reach5_0_wom1,1018,NONE,,,,,5.0,-1.0,0.33,1.0,5.0,1.0,COMPLETE
news-source-strategies,RQ3,E3-reach-mitigation,control_reach5_0_wom1,1019,NONE,,,,,5.0,-1.0,0.33,1.0,5.0,1.0,COMPLETE
news-source-strategies,RQ3,E3-reach-mitigation,control_reach5_0_wom1,1020,NONE,,,,,5.0,-1.0,0.33,1.0,5.0,1.0,COMPLETE
news-source-strategies,RQ3,E3-reach-mitigation,control_reach5_0_wom1,1021,NONE,,,,,5.0,-1.0,0.33,1.0,5.0,1.0,COMPLETE
news-source-strategies,RQ3,E3-reach-mitigation,control_reach5_0_wom1,1022,NONE,,,,,5.0,-1.0,0.33,1.0,5.0,1.0,COMPLETE
news-source-strategies,RQ3,E3-reach-mitigation,control_reach5_0_wom1,1023,NONE,,,,,5.0,-1.0,0.33,1.0,5.0,1.0,COMPLETE
news-source-strategies,RQ3,E3-reach-mitigation,control_reach5_0_wom1,1024,NONE,,,,,5.0,-1.0,0.33,1.0,5.0,1.0,COMPLETE
news-source-strategies,RQ3,E3-reach-mitigation,control_reach5_0_wom1,1025,NONE,,,,,5.0,-1.0,0.33,1.0,5.0,1.0,COMPLETE
news-source-strategies,RQ3,E3-reach-mitigation,control_reach5_0_wom1,1026,NONE,,,,,5.0,-1.0,0.33,1.0,5.0,1.0,COMPLETE
news-source-strategies,RQ3,E3-reach-mitigation,control_reach5_0_wom1,1027,NONE,,,,,5.0,-1.0,0.33,1.0,5.0,1.0,COMPLETE
news-source-strategies,RQ3,E3-reach-mitigation,control_reach5_0_wom1,1028,NONE,,,,,5.0,-1.0,0.33,1.0,5.0,1.0,COMPLETE
news-source-strategies,RQ3,E3-reach-mitigation,control_reach5_0_wom1,1029,NONE,,,,,5.0,-1.0,0.33,1.0,5.0,1.0,COMPLETE
news-source-strategies,RQ3,E3-reach-mitigation,control_reach5_0_wom1,1030,NONE,,,,,5.0,-1.0,0.33,1.0,5.0,1.0,COMPLETE
news-source-strategies,RQ3,E3-reach-mitigation,control_reach1_0_wom0,1001,NONE,,,,,1.0,-1.0,0.33,0.0,5.0,1.0,COMPLETE
news-source-strategies,RQ3,E3-reach-mitigation,control_reach1_0_wom0,1002,NONE,,,,,1.0,-1.0,0.33,0.0,5.0,1.0,COMPLETE
news-source-strategies,RQ3,E3-reach-mitigation,control_reach1_0_wom0,1003,NONE,,,,,1.0,-1.0,0.33,0.0,5.0,1.0,COMPLETE
news-source-strategies,RQ3,E3-reach-mitigation,control_reach1_0_wom0,1004,NONE,,,,,1.0,-1.0,0.33,0.0,5.0,1.0,COMPLETE
news-source-strategies,RQ3,E3-reach-mitigation,control_reach1_0_wom0,1005,NONE,,,,,1.0,-1.0,0.33,0.0,5.0,1.0,COMPLETE
news-source-strategies,RQ3,E3-reach-mitigation,control_reach1_0_wom0,1006,NONE,,,,,1.0,-1.0,0.33,0.0,5.0,1.0,COMPLETE
news-source-strategies,RQ3,E3-reach-mitigation,control_reach1_0_wom0,1007,NONE,,,,,1.0,-1.0,0.33,0.0,5.0,1.0,COMPLETE
news-source-strategies,RQ3,E3-reach-mitigation,control_reach1_0_wom0,1008,NONE,,,,,1.0,-1.0,0.33,0.0,5.0,1.0,COMPLETE
news-source-strategies,RQ3,E3-reach-mitigation,control_reach1_0_wom0,1009,NONE,,,,,1.0,-1.0,0.33,0.0,5.0,1.0,COMPLETE
news-source-strategies,RQ3,E3-reach-mitigation,control_reach1_0_wom0,1010,NONE,,,,,1.0,-1.0,0.33,0.0,5.0,1.0,COMPLETE
news-source-strategies,RQ3,E3-reach-mitigation,control_reach1_0_wom0,1011,NONE,,,,,1.0,-1.0,0.33,0.0,5.0,1.0,COMPLETE
news-source-strategies,RQ3,E3-reach-mitigation,control_reach1_0_wom0,1012,NONE,,,,,1.0,-1.0,0.33,0.0,5.0,1.0,COMPLETE
news-source-strategies,RQ3,E3-reach-mitigation,control_reach1_0_wom0,1013,NONE,,,,,1.0,-1.0,0.33,0.0,5.0,1.0,COMPLETE
news-source-strategies,RQ3,E3-reach-mitigation,control_reach1_0_wom0,1014,NONE,,,,,1.0,-1.0,0.33,0.0,5.0,1.0,COMPLETE
news-source-strategies,RQ3,E3-reach-mitigation,control_reach1_0_wom0,1015,NONE,,,,,1.0,-1.0,0.33,0.0,5.0,1.0,COMPLETE
news-source-strategies,RQ3,E3-reach-mitigation,control_reach1_0_wom0,1016,NONE,,,,,1.0,-1.0,0.33,0.0,5.0,1.0,COMPLETE
news-source-strategies,RQ3,E3-reach-mitigation,control_reach1_0_wom0,1017,NONE,,,,,1.0,-1.0,0.33,0.0,5.0,1.0,COMPLETE
news-source-strategies,RQ3,E3-reach-mitigation,control_reach1_0_wom0,1018,NONE,,,,,1.0,-1.0,0.33,0.0,5.0,1.0,COMPLETE
news-source-strategies,RQ3,E3-reach-mitigation,control_reach1_0_wom0,1019,NONE,,,,,1.0,-1.0,0.33,0.0,5.0,1.0,COMPLETE
news-source-strategies,RQ3,E3-reach-mitigation,control_reach1_0_wom0,1020,NONE,,,,,1.0,-1.0,0.33,0.0,5.0,1.0,COMPLETE
news-source-strategies,RQ3,E3-reach-mitigation,control_reach1_0_wom0,1021,NONE,,,,,1.0,-1.0,0.33,0.0,5.0,1.0,COMPLETE
news-source-strategies,RQ3,E3-reach-mitigation,control_reach1_0_wom0,1022,NONE,,,,,1.0,-1.0,0.33,0.0,5.0,1.0,COMPLETE
news-source-strategies,RQ3,E3-reach-mitigation,control_reach1_0_wom0,1023,NONE,,,,,1.0,-1.0,0.33,0.0,5.0,1.0,COMPLETE
news-source-strategies,RQ3,E3-reach-mitigation,control_reach1_0_wom0,1024,NONE,,,,,1.0,-1.0,0.33,0.0,5.0,1.0,COMPLETE
news-source-strategies,RQ3,E3-reach-mitigation,control_reach1_0_wom0,1025,NONE,,,,,1.0,-1.0,0.33,0.0,5.0,1.0,COMPLETE
news-source-strategies,RQ3,E3-reach-mitigation,control_reach1_0_wom0,1026,NONE,,,,,1.0,-1.0,0.33,0.0,5.0,1.0,COMPLETE
news-source-strategies,RQ3,E3-reach-mitigation,control_reach1_0_wom0,1027,NONE,,,,,1.0,-1.0,0.33,0.0,5.0,1.0,COMPLETE
news-source-strategies,RQ3,E3-reach-mitigation,control_reach1_0_wom0,1028,NONE,,,,,1.0,-1.0,0.33,0.0,5.0,1.0,COMPLETE
news-source-strategies,RQ3,E3-reach-mitigation,control_reach1_0_wom0,1029,NONE,,,,,1.0,-1.0,0.33,0.0,5.0,1.0,COMPLETE
news-source-strategies,RQ3,E3-reach-mitigation,control_reach1_0_wom0,1030,NONE,,,,,1.0,-1.0,0.33,0.0,5.0,1.0,COMPLETE
news-source-strategies,RQ3,E3-reach-mitigation,control_reach1_0_wom1,1001,NONE,,,,,1.0,-1.0,0.33,1.0,5.0,1.0,COMPLETE
news-source-strategies,RQ3,E3-reach-mitigation,control_reach1_0_wom1,1002,NONE,,,,,1.0,-1.0,0.33,1.0,5.0,1.0,COMPLETE
news-source-strategies,RQ3,E3-reach-mitigation,control_reach1_0_wom1,1003,NONE,,,,,1.0,-1.0,0.33,1.0,5.0,1.0,COMPLETE
news-source-strategies,RQ3,E3-reach-mitigation,control_reach1_0_wom1,1004,NONE,,,,,1.0,-1.0,0.33,1.0,5.0,1.0,COMPLETE
news-source-strategies,RQ3,E3-reach-mitigation,control_reach1_0_wom1,1005,NONE,,,,,1.0,-1.0,0.33,1.0,5.0,1.0,COMPLETE
news-source-strategies,RQ3,E3-reach-mitigation,control_reach1_0_wom1,1006,NONE,,,,,1.0,-1.0,0.33,1.0,5.0,1.0,COMPLETE
news-source-strategies,RQ3,E3-reach-mitigation,control_reach1_0_wom1,1007,NONE,,,,,1.0,-1.0,0.33,1.0,5.0,1.0,COMPLETE
news-source-strategies,RQ3,E3-reach-mitigation,control_reach1_0_wom1,1008,NONE,,,,,1.0,-1.0,0.33,1.0,5.0,1.0,COMPLETE
news-source-strategies,RQ3,E3-reach-mitigation,control_reach1_0_wom1,1009,NONE,,,,,1.0,-1.0,0.33,1.0,5.0,1.0,COMPLETE
news-source-strategies,RQ3,E3-reach-mitigation,control_reach1_0_wom1,1010,NONE,,,,,1.0,-1.0,0.33,1.0,5.0,1.0,COMPLETE
news-source-strategies,RQ3,E3-reach-mitigation,control_reach1_0_wom1,1011,NONE,,,,,1.0,-1.0,0.33,1.0,5.0,1.0,COMPLETE
news-source-strategies,RQ3,E3-reach-mitigation,control_reach1_0_wom1,1012,NONE,,,,,1.0,-1.0,0.33,1.0,5.0,1.0,COMPLETE
news-source-strategies,RQ3,E3-reach-mitigation,control_reach1_0_wom1,1013,NONE,,,,,1.0,-1.0,0.33,1.0,5.0,1.0,COMPLETE
news-source-strategies,RQ3,E3-reach-mitigation,control_reach1_0_wom1,1014,NONE,,,,,1.0,-1.0,0.33,1.0,5.0,1.0,COMPLETE
news-source-strategies,RQ3,E3-reach-mitigation,control_reach1_0_wom1,1015,NONE,,,,,1.0,-1.0,0.33,1.0,5.0,1.0,COMPLETE
news-source-strategies,RQ3,E3-reach-mitigation,control_reach1_0_wom1,1016,NONE,,,,,1.0,-1.0,0.33,1.0,5.0,1.0,COMPLETE
news-source-strategies,RQ3,E3-reach-mitigation,control_reach1_0_wom1,1017,NONE,,,,,1.0,-1.0,0.33,1.0,5.0,1.0,COMPLETE
news-source-strategies,RQ3,E3-reach-mitigation,control_reach1_0_wom1,1018,NONE,,,,,1.0,-1.0,0.33,1.0,5.0,1.0,COMPLETE
news-source-strategies,RQ3,E3-reach-mitigation,control_reach1_0_wom1,1019,NONE,,,,,1.0,-1.0,0.33,1.0,5.0,1.0,COMPLETE
news-source-strategies,RQ3,E3-reach-mitigation,control_reach1_0_wom1,1020,NONE,,,,,1.0,-1.0,0.33,1.0,5.0,1.0,COMPLETE
news-source-strategies,RQ3,E3-reach-mitigation,control_reach1_0_wom1,1021,NONE,,,,,1.0,-1.0,0.33,1.0,5.0,1.0,COMPLETE
news-source-strategies,RQ3,E3-reach-mitigation,control_reach1_0_wom1,1022,NONE,,,,,1.0,-1.0,0.33,1.0,5.0,1.0,COMPLETE
news-source-strategies,RQ3,E3-reach-mitigation,control_reach1_0_wom1,1023,NONE,,,,,1.0,-1.0,0.33,1.0,5.0,1.0,COMPLETE
news-source-strategies,RQ3,E3-reach-mitigation,control_reach1_0_wom1,1024,NONE,,,,,1.0,-1.0,0.33,1.0,5.0,1.0,COMPLETE
news-source-strategies,RQ3,E3-reach-mitigation,control_reach1_0_wom1,1025,NONE,,,,,1.0,-1.0,0.33,1.0,5.0,1.0,COMPLETE
news-source-strategies,RQ3,E3-reach-mitigation,control_reach1_0_wom1,1026,NONE,,,,,1.0,-1.0,0.33,1.0,5.0,1.0,COMPLETE
news-source-strategies,RQ3,E3-reach-mitigation,control_reach1_0_wom1,1027,NONE,,,,,1.0,-1.0,0.33,1.0,5.0,1.0,COMPLETE
news-source-strategies,RQ3,E3-reach-mitigation,control_reach1_0_wom1,1028,NONE,,,,,1.0,-1.0,0.33,1.0,5.0,1.0,COMPLETE
news-source-strategies,RQ3,E3-reach-mitigation,control_reach1_0_wom1,1029,NONE,,,,,1.0,-1.0,0.33,1.0,5.0,1.0,COMPLETE
news-source-strategies,RQ3,E3-reach-mitigation,control_reach1_0_wom1,1030,NONE,,,,,1.0,-1.0,0.33,1.0,5.0,1.0,COMPLETE
news-source-strategies,RQ3,E3-reach-mitigation,control_reach0_0_wom0,1001,NONE,,,,,0.0,-1.0,0.33,0.0,5.0,1.0,COMPLETE
news-source-strategies,RQ3,E3-reach-mitigation,control_reach0_0_wom0,1002,NONE,,,,,0.0,-1.0,0.33,0.0,5.0,1.0,COMPLETE
news-source-strategies,RQ3,E3-reach-mitigation,control_reach0_0_wom0,1003,NONE,,,,,0.0,-1.0,0.33,0.0,5.0,1.0,COMPLETE
news-source-strategies,RQ3,E3-reach-mitigation,control_reach0_0_wom0,1004,NONE,,,,,0.0,-1.0,0.33,0.0,5.0,1.0,COMPLETE
news-source-strategies,RQ3,E3-reach-mitigation,control_reach0_0_wom0,1005,NONE,,,,,0.0,-1.0,0.33,0.0,5.0,1.0,COMPLETE
news-source-strategies,RQ3,E3-reach-mitigation,control_reach0_0_wom0,1006,NONE,,,,,0.0,-1.0,0.33,0.0,5.0,1.0,COMPLETE
news-source-strategies,RQ3,E3-reach-mitigation,control_reach0_0_wom0,1007,NONE,,,,,0.0,-1.0,0.33,0.0,5.0,1.0,COMPLETE
news-source-strategies,RQ3,E3-reach-mitigation,control_reach0_0_wom0,1008,NONE,,,,,0.0,-1.0,0.33,0.0,5.0,1.0,COMPLETE
news-source-strategies,RQ3,E3-reach-mitigation,control_reach0_0_wom0,1009,NONE,,,,,0.0,-1.0,0.33,0.0,5.0,1.0,COMPLETE
news-source-strategies,RQ3,E3-reach-mitigation,control_reach0_0_wom0,1010,NONE,,,,,0.0,-1.0,0.33,0.0,5.0,1.0,COMPLETE
news-source-strategies,RQ3,E3-reach-mitigation,control_reach0_0_wom0,1011,NONE,,,,,0.0,-1.0,0.33,0.0,5.0,1.0,COMPLETE
news-source-strategies,RQ3,E3-reach-mitigation,control_reach0_0_wom0,1012,NONE,,,,,0.0,-1.0,0.33,0.0,5.0,1.0,COMPLETE
news-source-strategies,RQ3,E3-reach-mitigation,control_reach0_0_wom0,1013,NONE,,,,,0.0,-1.0,0.33,0.0,5.0,1.0,COMPLETE
news-source-strategies,RQ3,E3-reach-mitigation,control_reach0_0_wom0,1014,NONE,,,,,0.0,-1.0,0.33,0.0,5.0,1.0,COMPLETE
news-source-strategies,RQ3,E3-reach-mitigation,control_reach0_0_wom0,1015,NONE,,,,,0.0,-1.0,0.33,0.0,5.0,1.0,COMPLETE
news-source-strategies,RQ3,E3-reach-mitigation,control_reach0_0_wom0,1016,NONE,,,,,0.0,-1.0,0.33,0.0,5.0,1.0,COMPLETE
news-source-strategies,RQ3,E3-reach-mitigation,control_reach0_0_wom0,1017,NONE,,,,,0.0,-1.0,0.33,0.0,5.0,1.0,COMPLETE
news-source-strategies,RQ3,E3-reach-mitigation,control_reach0_0_wom0,1018,NONE,,,,,0.0,-1.0,0.33,0.0,5.0,1.0,COMPLETE
news-source-strategies,RQ3,E3-reach-mitigation,control_reach0_0_wom0,1019,NONE,,,,,0.0,-1.0,0.33,0.0,5.0,1.0,COMPLETE
news-source-strategies,RQ3,E3-reach-mitigation,control_reach0_0_wom0,1020,NONE,,,,,0.0,-1.0,0.33,0.0,5.0,1.0,COMPLETE
news-source-strategies,RQ3,E3-reach-mitigation,control_reach0_0_wom0,1021,NONE,,,,,0.0,-1.0,0.33,0.0,5.0,1.0,COMPLETE
news-source-strategies,RQ3,E3-reach-mitigation,control_reach0_0_wom0,1022,NONE,,,,,0.0,-1.0,0.33,0.0,5.0,1.0,COMPLETE
news-source-strategies,RQ3,E3-reach-mitigation,control_reach0_0_wom0,1023,NONE,,,,,0.0,-1.0,0.33,0.0,5.0,1.0,COMPLETE
news-source-strategies,RQ3,E3-reach-mitigation,control_reach0_0_wom0,1024,NONE,,,,,0.0,-1.0,0.33,0.0,5.0,1.0,COMPLETE
news-source-strategies,RQ3,E3-reach-mitigation,control_reach0_0_wom0,1025,NONE,,,,,0.0,-1.0,0.33,0.0,5.0,1.0,COMPLETE
news-source-strategies,RQ3,E3-reach-mitigation,control_reach0_0_wom0,1026,NONE,,,,,0.0,-1.0,0.33,0.0,5.0,1.0,COMPLETE
news-source-strategies,RQ3,E3-reach-mitigation,control_reach0_0_wom0,1027,NONE,,,,,0.0,-1.0,0.33,0.0,5.0,1.0,COMPLETE
news-source-strategies,RQ3,E3-reach-mitigation,control_reach0_0_wom0,1028,NONE,,,,,0.0,-1.0,0.33,0.0,5.0,1.0,COMPLETE
news-source-strategies,RQ3,E3-reach-mitigation,control_reach0_0_wom0,1029,NONE,,,,,0.0,-1.0,0.33,0.0,5.0,1.0,COMPLETE
news-source-strategies,RQ3,E3-reach-mitigation,control_reach0_0_wom0,1030,NONE,,,,,0.0,-1.0,0.33,0.0,5.0,1.0,COMPLETE
news-source-strategies,RQ3,E3-reach-mitigation,control_reach0_0_wom1,1001,NONE,,,,,0.0,-1.0,0.33,1.0,5.0,1.0,COMPLETE
news-source-strategies,RQ3,E3-reach-mitigation,control_reach0_0_wom1,1002,NONE,,,,,0.0,-1.0,0.33,1.0,5.0,1.0,COMPLETE
news-source-strategies,RQ3,E3-reach-mitigation,control_reach0_0_wom1,1003,NONE,,,,,0.0,-1.0,0.33,1.0,5.0,1.0,COMPLETE
news-source-strategies,RQ3,E3-reach-mitigation,control_reach0_0_wom1,1004,NONE,,,,,0.0,-1.0,0.33,1.0,5.0,1.0,COMPLETE
news-source-strategies,RQ3,E3-reach-mitigation,control_reach0_0_wom1,1005,NONE,,,,,0.0,-1.0,0.33,1.0,5.0,1.0,COMPLETE
news-source-strategies,RQ3,E3-reach-mitigation,control_reach0_0_wom1,1006,NONE,,,,,0.0,-1.0,0.33,1.0,5.0,1.0,COMPLETE
news-source-strategies,RQ3,E3-reach-mitigation,control_reach0_0_wom1,1007,NONE,,,,,0.0,-1.0,0.33,1.0,5.0,1.0,COMPLETE
news-source-strategies,RQ3,E3-reach-mitigation,control_reach0_0_wom1,1008,NONE,,,,,0.0,-1.0,0.33,1.0,5.0,1.0,COMPLETE
news-source-strategies,RQ3,E3-reach-mitigation,control_reach0_0_wom1,1009,NONE,,,,,0.0,-1.0,0.33,1.0,5.0,1.0,COMPLETE
news-source-strategies,RQ3,E3-reach-mitigation,control_reach0_0_wom1,1010,NONE,,,,,0.0,-1.0,0.33,1.0,5.0,1.0,COMPLETE
news-source-strategies,RQ3,E3-reach-mitigation,control_reach0_0_wom1,1011,NONE,,,,,0.0,-1.0,0.33,1.0,5.0,1.0,COMPLETE
news-source-strategies,RQ3,E3-reach-mitigation,control_reach0_0_wom1,1012,NONE,,,,,0.0,-1.0,0.33,1.0,5.0,1.0,COMPLETE
news-source-strategies,RQ3,E3-reach-mitigation,control_reach0_0_wom1,1013,NONE,,,,,0.0,-1.0,0.33,1.0,5.0,1.0,COMPLETE
news-source-strategies,RQ3,E3-reach-mitigation,control_reach0_0_wom1,1014,NONE,,,,,0.0,-1.0,0.33,1.0,5.0,1.0,COMPLETE
news-source-strategies,RQ3,E3-reach-mitigation,control_reach0_0_wom1,1015,NONE,,,,,0.0,-1.0,0.33,1.0,5.0,1.0,COMPLETE
news-source-strategies,RQ3,E3-reach-mitigation,control_reach0_0_wom1,1016,NONE,,,,,0.0,-1.0,0.33,1.0,5.0,1.0,COMPLETE
news-source-strategies,RQ3,E3-reach-mitigation,control_reach0_0_wom1,1017,NONE,,,,,0.0,-1.0,0.33,1.0,5.0,1.0,COMPLETE
news-source-strategies,RQ3,E3-reach-mitigation,control_reach0_0_wom1,1018,NONE,,,,,0.0,-1.0,0.33,1.0,5.0,1.0,COMPLETE
news-source-strategies,RQ3,E3-reach-mitigation,control_reach0_0_wom1,1019,NONE,,,,,0.0,-1.0,0.33,1.0,5.0,1.0,COMPLETE
news-source-strategies,RQ3,E3-reach-mitigation,control_reach0_0_wom1,1020,NONE,,,,,0.0,-1.0,0.33,1.0,5.0,1.0,COMPLETE
news-source-strategies,RQ3,E3-reach-mitigation,control_reach0_0_wom1,1021,NONE,,,,,0.0,-1.0,0.33,1.0,5.0,1.0,COMPLETE
news-source-strategies,RQ3,E3-reach-mitigation,control_reach0_0_wom1,1022,NONE,,,,,0.0,-1.0,0.33,1.0,5.0,1.0,COMPLETE
news-source-strategies,RQ3,E3-reach-mitigation,control_reach0_0_wom1,1023,NONE,,,,,0.0,-1.0,0.33,1.0,5.0,1.0,COMPLETE
news-source-strategies,RQ3,E3-reach-mitigation,control_reach0_0_wom1,1024,NONE,,,,,0.0,-1.0,0.33,1.0,5.0,1.0,COMPLETE
news-source-strategies,RQ3,E3-reach-mitigation,control_reach0_0_wom1,1025,NONE,,,,,0.0,-1.0,0.33,1.0,5.0,1.0,COMPLETE
news-source-strategies,RQ3,E3-reach-mitigation,control_reach0_0_wom1,1026,NONE,,,,,0.0,-1.0,0.33,1.0,5.0,1.0,COMPLETE
news-source-strategies,RQ3,E3-reach-mitigation,control_reach0_0_wom1,1027,NONE,,,,,0.0,-1.0,0.33,1.0,5.0,1.0,COMPLETE
news-source-strategies,RQ3,E3-reach-mitigation,control_reach0_0_wom1,1028,NONE,,,,,0.0,-1.0,0.33,1.0,5.0,1.0,COMPLETE
news-source-strategies,RQ3,E3-reach-mitigation,control_reach0_0_wom1,1029,NONE,,,,,0.0,-1.0,0.33,1.0,5.0,1.0,COMPLETE
news-source-strategies,RQ3,E3-reach-mitigation,control_reach0_0_wom1,1030,NONE,,,,,0.0,-1.0,0.33,1.0,5.0,1.0,COMPLETE
news-source-strategies,RQ3,E3-reach-mitigation,credibility_reach14_7_wom0,1001,CREDIBILITY_CAMOUFLAGE,TRADITIONAL_MEDIA,FAKE_NEWS_SOURCE,1.0,-1.0,14.7,-1.0,0.33,0.0,5.0,1.0,COMPLETE
news-source-strategies,RQ3,E3-reach-mitigation,credibility_reach14_7_wom0,1002,CREDIBILITY_CAMOUFLAGE,TRADITIONAL_MEDIA,FAKE_NEWS_SOURCE,1.0,-1.0,14.7,-1.0,0.33,0.0,5.0,1.0,COMPLETE
news-source-strategies,RQ3,E3-reach-mitigation,credibility_reach14_7_wom0,1003,CREDIBILITY_CAMOUFLAGE,TRADITIONAL_MEDIA,FAKE_NEWS_SOURCE,1.0,-1.0,14.7,-1.0,0.33,0.0,5.0,1.0,COMPLETE
news-source-strategies,RQ3,E3-reach-mitigation,credibility_reach14_7_wom0,1004,CREDIBILITY_CAMOUFLAGE,TRADITIONAL_MEDIA,FAKE_NEWS_SOURCE,1.0,-1.0,14.7,-1.0,0.33,0.0,5.0,1.0,COMPLETE
news-source-strategies,RQ3,E3-reach-mitigation,credibility_reach14_7_wom0,1005,CREDIBILITY_CAMOUFLAGE,TRADITIONAL_MEDIA,FAKE_NEWS_SOURCE,1.0,-1.0,14.7,-1.0,0.33,0.0,5.0,1.0,COMPLETE
news-source-strategies,RQ3,E3-reach-mitigation,credibility_reach14_7_wom0,1006,CREDIBILITY_CAMOUFLAGE,TRADITIONAL_MEDIA,FAKE_NEWS_SOURCE,1.0,-1.0,14.7,-1.0,0.33,0.0,5.0,1.0,COMPLETE
news-source-strategies,RQ3,E3-reach-mitigation,credibility_reach14_7_wom0,1007,CREDIBILITY_CAMOUFLAGE,TRADITIONAL_MEDIA,FAKE_NEWS_SOURCE,1.0,-1.0,14.7,-1.0,0.33,0.0,5.0,1.0,COMPLETE
news-source-strategies,RQ3,E3-reach-mitigation,credibility_reach14_7_wom0,1008,CREDIBILITY_CAMOUFLAGE,TRADITIONAL_MEDIA,FAKE_NEWS_SOURCE,1.0,-1.0,14.7,-1.0,0.33,0.0,5.0,1.0,COMPLETE
news-source-strategies,RQ3,E3-reach-mitigation,credibility_reach14_7_wom0,1009,CREDIBILITY_CAMOUFLAGE,TRADITIONAL_MEDIA,FAKE_NEWS_SOURCE,1.0,-1.0,14.7,-1.0,0.33,0.0,5.0,1.0,COMPLETE
news-source-strategies,RQ3,E3-reach-mitigation,credibility_reach14_7_wom0,1010,CREDIBILITY_CAMOUFLAGE,TRADITIONAL_MEDIA,FAKE_NEWS_SOURCE,1.0,-1.0,14.7,-1.0,0.33,0.0,5.0,1.0,COMPLETE
news-source-strategies,RQ3,E3-reach-mitigation,credibility_reach14_7_wom0,1011,CREDIBILITY_CAMOUFLAGE,TRADITIONAL_MEDIA,FAKE_NEWS_SOURCE,1.0,-1.0,14.7,-1.0,0.33,0.0,5.0,1.0,COMPLETE
news-source-strategies,RQ3,E3-reach-mitigation,credibility_reach14_7_wom0,1012,CREDIBILITY_CAMOUFLAGE,TRADITIONAL_MEDIA,FAKE_NEWS_SOURCE,1.0,-1.0,14.7,-1.0,0.33,0.0,5.0,1.0,COMPLETE
news-source-strategies,RQ3,E3-reach-mitigation,credibility_reach14_7_wom0,1013,CREDIBILITY_CAMOUFLAGE,TRADITIONAL_MEDIA,FAKE_NEWS_SOURCE,1.0,-1.0,14.7,-1.0,0.33,0.0,5.0,1.0,COMPLETE
news-source-strategies,RQ3,E3-reach-mitigation,credibility_reach14_7_wom0,1014,CREDIBILITY_CAMOUFLAGE,TRADITIONAL_MEDIA,FAKE_NEWS_SOURCE,1.0,-1.0,14.7,-1.0,0.33,0.0,5.0,1.0,COMPLETE
news-source-strategies,RQ3,E3-reach-mitigation,credibility_reach14_7_wom0,1015,CREDIBILITY_CAMOUFLAGE,TRADITIONAL_MEDIA,FAKE_NEWS_SOURCE,1.0,-1.0,14.7,-1.0,0.33,0.0,5.0,1.0,COMPLETE
news-source-strategies,RQ3,E3-reach-mitigation,credibility_reach14_7_wom0,1016,CREDIBILITY_CAMOUFLAGE,TRADITIONAL_MEDIA,FAKE_NEWS_SOURCE,1.0,-1.0,14.7,-1.0,0.33,0.0,5.0,1.0,COMPLETE
news-source-strategies,RQ3,E3-reach-mitigation,credibility_reach14_7_wom0,1017,CREDIBILITY_CAMOUFLAGE,TRADITIONAL_MEDIA,FAKE_NEWS_SOURCE,1.0,-1.0,14.7,-1.0,0.33,0.0,5.0,1.0,COMPLETE
news-source-strategies,RQ3,E3-reach-mitigation,credibility_reach14_7_wom0,1018,CREDIBILITY_CAMOUFLAGE,TRADITIONAL_MEDIA,FAKE_NEWS_SOURCE,1.0,-1.0,14.7,-1.0,0.33,0.0,5.0,1.0,COMPLETE
news-source-strategies,RQ3,E3-reach-mitigation,credibility_reach14_7_wom0,1019,CREDIBILITY_CAMOUFLAGE,TRADITIONAL_MEDIA,FAKE_NEWS_SOURCE,1.0,-1.0,14.7,-1.0,0.33,0.0,5.0,1.0,COMPLETE
news-source-strategies,RQ3,E3-reach-mitigation,credibility_reach14_7_wom0,1020,CREDIBILITY_CAMOUFLAGE,TRADITIONAL_MEDIA,FAKE_NEWS_SOURCE,1.0,-1.0,14.7,-1.0,0.33,0.0,5.0,1.0,COMPLETE
news-source-strategies,RQ3,E3-reach-mitigation,credibility_reach14_7_wom0,1021,CREDIBILITY_CAMOUFLAGE,TRADITIONAL_MEDIA,FAKE_NEWS_SOURCE,1.0,-1.0,14.7,-1.0,0.33,0.0,5.0,1.0,COMPLETE
news-source-strategies,RQ3,E3-reach-mitigation,credibility_reach14_7_wom0,1022,CREDIBILITY_CAMOUFLAGE,TRADITIONAL_MEDIA,FAKE_NEWS_SOURCE,1.0,-1.0,14.7,-1.0,0.33,0.0,5.0,1.0,COMPLETE
news-source-strategies,RQ3,E3-reach-mitigation,credibility_reach14_7_wom0,1023,CREDIBILITY_CAMOUFLAGE,TRADITIONAL_MEDIA,FAKE_NEWS_SOURCE,1.0,-1.0,14.7,-1.0,0.33,0.0,5.0,1.0,COMPLETE
news-source-strategies,RQ3,E3-reach-mitigation,credibility_reach14_7_wom0,1024,CREDIBILITY_CAMOUFLAGE,TRADITIONAL_MEDIA,FAKE_NEWS_SOURCE,1.0,-1.0,14.7,-1.0,0.33,0.0,5.0,1.0,COMPLETE
news-source-strategies,RQ3,E3-reach-mitigation,credibility_reach14_7_wom0,1025,CREDIBILITY_CAMOUFLAGE,TRADITIONAL_MEDIA,FAKE_NEWS_SOURCE,1.0,-1.0,14.7,-1.0,0.33,0.0,5.0,1.0,COMPLETE
news-source-strategies,RQ3,E3-reach-mitigation,credibility_reach14_7_wom0,1026,CREDIBILITY_CAMOUFLAGE,TRADITIONAL_MEDIA,FAKE_NEWS_SOURCE,1.0,-1.0,14.7,-1.0,0.33,0.0,5.0,1.0,COMPLETE
news-source-strategies,RQ3,E3-reach-mitigation,credibility_reach14_7_wom0,1027,CREDIBILITY_CAMOUFLAGE,TRADITIONAL_MEDIA,FAKE_NEWS_SOURCE,1.0,-1.0,14.7,-1.0,0.33,0.0,5.0,1.0,COMPLETE
news-source-strategies,RQ3,E3-reach-mitigation,credibility_reach14_7_wom0,1028,CREDIBILITY_CAMOUFLAGE,TRADITIONAL_MEDIA,FAKE_NEWS_SOURCE,1.0,-1.0,14.7,-1.0,0.33,0.0,5.0,1.0,COMPLETE
news-source-strategies,RQ3,E3-reach-mitigation,credibility_reach14_7_wom0,1029,CREDIBILITY_CAMOUFLAGE,TRADITIONAL_MEDIA,FAKE_NEWS_SOURCE,1.0,-1.0,14.7,-1.0,0.33,0.0,5.0,1.0,COMPLETE
news-source-strategies,RQ3,E3-reach-mitigation,credibility_reach14_7_wom0,1030,CREDIBILITY_CAMOUFLAGE,TRADITIONAL_MEDIA,FAKE_NEWS_SOURCE,1.0,-1.0,14.7,-1.0,0.33,0.0,5.0,1.0,COMPLETE
news-source-strategies,RQ3,E3-reach-mitigation,credibility_reach14_7_wom1,1001,CREDIBILITY_CAMOUFLAGE,TRADITIONAL_MEDIA,FAKE_NEWS_SOURCE,1.0,-1.0,14.7,-1.0,0.33,1.0,5.0,1.0,COMPLETE
news-source-strategies,RQ3,E3-reach-mitigation,credibility_reach14_7_wom1,1002,CREDIBILITY_CAMOUFLAGE,TRADITIONAL_MEDIA,FAKE_NEWS_SOURCE,1.0,-1.0,14.7,-1.0,0.33,1.0,5.0,1.0,COMPLETE
news-source-strategies,RQ3,E3-reach-mitigation,credibility_reach14_7_wom1,1003,CREDIBILITY_CAMOUFLAGE,TRADITIONAL_MEDIA,FAKE_NEWS_SOURCE,1.0,-1.0,14.7,-1.0,0.33,1.0,5.0,1.0,COMPLETE
news-source-strategies,RQ3,E3-reach-mitigation,credibility_reach14_7_wom1,1004,CREDIBILITY_CAMOUFLAGE,TRADITIONAL_MEDIA,FAKE_NEWS_SOURCE,1.0,-1.0,14.7,-1.0,0.33,1.0,5.0,1.0,COMPLETE
news-source-strategies,RQ3,E3-reach-mitigation,credibility_reach14_7_wom1,1005,CREDIBILITY_CAMOUFLAGE,TRADITIONAL_MEDIA,FAKE_NEWS_SOURCE,1.0,-1.0,14.7,-1.0,0.33,1.0,5.0,1.0,COMPLETE
news-source-strategies,RQ3,E3-reach-mitigation,credibility_reach14_7_wom1,1006,CREDIBILITY_CAMOUFLAGE,TRADITIONAL_MEDIA,FAKE_NEWS_SOURCE,1.0,-1.0,14.7,-1.0,0.33,1.0,5.0,1.0,COMPLETE
news-source-strategies,RQ3,E3-reach-mitigation,credibility_reach14_7_wom1,1007,CREDIBILITY_CAMOUFLAGE,TRADITIONAL_MEDIA,FAKE_NEWS_SOURCE,1.0,-1.0,14.7,-1.0,0.33,1.0,5.0,1.0,COMPLETE
news-source-strategies,RQ3,E3-reach-mitigation,credibility_reach14_7_wom1,1008,CREDIBILITY_CAMOUFLAGE,TRADITIONAL_MEDIA,FAKE_NEWS_SOURCE,1.0,-1.0,14.7,-1.0,0.33,1.0,5.0,1.0,COMPLETE
news-source-strategies,RQ3,E3-reach-mitigation,credibility_reach14_7_wom1,1009,CREDIBILITY_CAMOUFLAGE,TRADITIONAL_MEDIA,FAKE_NEWS_SOURCE,1.0,-1.0,14.7,-1.0,0.33,1.0,5.0,1.0,COMPLETE
news-source-strategies,RQ3,E3-reach-mitigation,credibility_reach14_7_wom1,1010,CREDIBILITY_CAMOUFLAGE,TRADITIONAL_MEDIA,FAKE_NEWS_SOURCE,1.0,-1.0,14.7,-1.0,0.33,1.0,5.0,1.0,COMPLETE
news-source-strategies,RQ3,E3-reach-mitigation,credibility_reach14_7_wom1,1011,CREDIBILITY_CAMOUFLAGE,TRADITIONAL_MEDIA,FAKE_NEWS_SOURCE,1.0,-1.0,14.7,-1.0,0.33,1.0,5.0,1.0,COMPLETE
news-source-strategies,RQ3,E3-reach-mitigation,credibility_reach14_7_wom1,1012,CREDIBILITY_CAMOUFLAGE,TRADITIONAL_MEDIA,FAKE_NEWS_SOURCE,1.0,-1.0,14.7,-1.0,0.33,1.0,5.0,1.0,COMPLETE
news-source-strategies,RQ3,E3-reach-mitigation,credibility_reach14_7_wom1,1013,CREDIBILITY_CAMOUFLAGE,TRADITIONAL_MEDIA,FAKE_NEWS_SOURCE,1.0,-1.0,14.7,-1.0,0.33,1.0,5.0,1.0,COMPLETE
news-source-strategies,RQ3,E3-reach-mitigation,credibility_reach14_7_wom1,1014,CREDIBILITY_CAMOUFLAGE,TRADITIONAL_MEDIA,FAKE_NEWS_SOURCE,1.0,-1.0,14.7,-1.0,0.33,1.0,5.0,1.0,COMPLETE
news-source-strategies,RQ3,E3-reach-mitigation,credibility_reach14_7_wom1,1015,CREDIBILITY_CAMOUFLAGE,TRADITIONAL_MEDIA,FAKE_NEWS_SOURCE,1.0,-1.0,14.7,-1.0,0.33,1.0,5.0,1.0,COMPLETE
news-source-strategies,RQ3,E3-reach-mitigation,credibility_reach14_7_wom1,1016,CREDIBILITY_CAMOUFLAGE,TRADITIONAL_MEDIA,FAKE_NEWS_SOURCE,1.0,-1.0,14.7,-1.0,0.33,1.0,5.0,1.0,COMPLETE
news-source-strategies,RQ3,E3-reach-mitigation,credibility_reach14_7_wom1,1017,CREDIBILITY_CAMOUFLAGE,TRADITIONAL_MEDIA,FAKE_NEWS_SOURCE,1.0,-1.0,14.7,-1.0,0.33,1.0,5.0,1.0,COMPLETE
news-source-strategies,RQ3,E3-reach-mitigation,credibility_reach14_7_wom1,1018,CREDIBILITY_CAMOUFLAGE,TRADITIONAL_MEDIA,FAKE_NEWS_SOURCE,1.0,-1.0,14.7,-1.0,0.33,1.0,5.0,1.0,COMPLETE
news-source-strategies,RQ3,E3-reach-mitigation,credibility_reach14_7_wom1,1019,CREDIBILITY_CAMOUFLAGE,TRADITIONAL_MEDIA,FAKE_NEWS_SOURCE,1.0,-1.0,14.7,-1.0,0.33,1.0,5.0,1.0,COMPLETE
news-source-strategies,RQ3,E3-reach-mitigation,credibility_reach14_7_wom1,1020,CREDIBILITY_CAMOUFLAGE,TRADITIONAL_MEDIA,FAKE_NEWS_SOURCE,1.0,-1.0,14.7,-1.0,0.33,1.0,5.0,1.0,COMPLETE
news-source-strategies,RQ3,E3-reach-mitigation,credibility_reach14_7_wom1,1021,CREDIBILITY_CAMOUFLAGE,TRADITIONAL_MEDIA,FAKE_NEWS_SOURCE,1.0,-1.0,14.7,-1.0,0.33,1.0,5.0,1.0,COMPLETE
news-source-strategies,RQ3,E3-reach-mitigation,credibility_reach14_7_wom1,1022,CREDIBILITY_CAMOUFLAGE,TRADITIONAL_MEDIA,FAKE_NEWS_SOURCE,1.0,-1.0,14.7,-1.0,0.33,1.0,5.0,1.0,COMPLETE
news-source-strategies,RQ3,E3-reach-mitigation,credibility_reach14_7_wom1,1023,CREDIBILITY_CAMOUFLAGE,TRADITIONAL_MEDIA,FAKE_NEWS_SOURCE,1.0,-1.0,14.7,-1.0,0.33,1.0,5.0,1.0,COMPLETE
news-source-strategies,RQ3,E3-reach-mitigation,credibility_reach14_7_wom1,1024,CREDIBILITY_CAMOUFLAGE,TRADITIONAL_MEDIA,FAKE_NEWS_SOURCE,1.0,-1.0,14.7,-1.0,0.33,1.0,5.0,1.0,COMPLETE
news-source-strategies,RQ3,E3-reach-mitigation,credibility_reach14_7_wom1,1025,CREDIBILITY_CAMOUFLAGE,TRADITIONAL_MEDIA,FAKE_NEWS_SOURCE,1.0,-1.0,14.7,-1.0,0.33,1.0,5.0,1.0,COMPLETE
news-source-strategies,RQ3,E3-reach-mitigation,credibility_reach14_7_wom1,1026,CREDIBILITY_CAMOUFLAGE,TRADITIONAL_MEDIA,FAKE_NEWS_SOURCE,1.0,-1.0,14.7,-1.0,0.33,1.0,5.0,1.0,COMPLETE
news-source-strategies,RQ3,E3-reach-mitigation,credibility_reach14_7_wom1,1027,CREDIBILITY_CAMOUFLAGE,TRADITIONAL_MEDIA,FAKE_NEWS_SOURCE,1.0,-1.0,14.7,-1.0,0.33,1.0,5.0,1.0,COMPLETE
news-source-strategies,RQ3,E3-reach-mitigation,credibility_reach14_7_wom1,1028,CREDIBILITY_CAMOUFLAGE,TRADITIONAL_MEDIA,FAKE_NEWS_SOURCE,1.0,-1.0,14.7,-1.0,0.33,1.0,5.0,1.0,COMPLETE
news-source-strategies,RQ3,E3-reach-mitigation,credibility_reach14_7_wom1,1029,CREDIBILITY_CAMOUFLAGE,TRADITIONAL_MEDIA,FAKE_NEWS_SOURCE,1.0,-1.0,14.7,-1.0,0.33,1.0,5.0,1.0,COMPLETE
news-source-strategies,RQ3,E3-reach-mitigation,credibility_reach14_7_wom1,1030,CREDIBILITY_CAMOUFLAGE,TRADITIONAL_MEDIA,FAKE_NEWS_SOURCE,1.0,-1.0,14.7,-1.0,0.33,1.0,5.0,1.0,COMPLETE
news-source-strategies,RQ3,E3-reach-mitigation,credibility_reach10_0_wom0,1001,CREDIBILITY_CAMOUFLAGE,TRADITIONAL_MEDIA,FAKE_NEWS_SOURCE,1.0,-1.0,10.0,-1.0,0.33,0.0,5.0,1.0,COMPLETE
news-source-strategies,RQ3,E3-reach-mitigation,credibility_reach10_0_wom0,1002,CREDIBILITY_CAMOUFLAGE,TRADITIONAL_MEDIA,FAKE_NEWS_SOURCE,1.0,-1.0,10.0,-1.0,0.33,0.0,5.0,1.0,COMPLETE
news-source-strategies,RQ3,E3-reach-mitigation,credibility_reach10_0_wom0,1003,CREDIBILITY_CAMOUFLAGE,TRADITIONAL_MEDIA,FAKE_NEWS_SOURCE,1.0,-1.0,10.0,-1.0,0.33,0.0,5.0,1.0,COMPLETE
news-source-strategies,RQ3,E3-reach-mitigation,credibility_reach10_0_wom0,1004,CREDIBILITY_CAMOUFLAGE,TRADITIONAL_MEDIA,FAKE_NEWS_SOURCE,1.0,-1.0,10.0,-1.0,0.33,0.0,5.0,1.0,COMPLETE
news-source-strategies,RQ3,E3-reach-mitigation,credibility_reach10_0_wom0,1005,CREDIBILITY_CAMOUFLAGE,TRADITIONAL_MEDIA,FAKE_NEWS_SOURCE,1.0,-1.0,10.0,-1.0,0.33,0.0,5.0,1.0,COMPLETE
news-source-strategies,RQ3,E3-reach-mitigation,credibility_reach10_0_wom0,1006,CREDIBILITY_CAMOUFLAGE,TRADITIONAL_MEDIA,FAKE_NEWS_SOURCE,1.0,-1.0,10.0,-1.0,0.33,0.0,5.0,1.0,COMPLETE
news-source-strategies,RQ3,E3-reach-mitigation,credibility_reach10_0_wom0,1007,CREDIBILITY_CAMOUFLAGE,TRADITIONAL_MEDIA,FAKE_NEWS_SOURCE,1.0,-1.0,10.0,-1.0,0.33,0.0,5.0,1.0,COMPLETE
news-source-strategies,RQ3,E3-reach-mitigation,credibility_reach10_0_wom0,1008,CREDIBILITY_CAMOUFLAGE,TRADITIONAL_MEDIA,FAKE_NEWS_SOURCE,1.0,-1.0,10.0,-1.0,0.33,0.0,5.0,1.0,COMPLETE
news-source-strategies,RQ3,E3-reach-mitigation,credibility_reach10_0_wom0,1009,CREDIBILITY_CAMOUFLAGE,TRADITIONAL_MEDIA,FAKE_NEWS_SOURCE,1.0,-1.0,10.0,-1.0,0.33,0.0,5.0,1.0,COMPLETE
news-source-strategies,RQ3,E3-reach-mitigation,credibility_reach10_0_wom0,1010,CREDIBILITY_CAMOUFLAGE,TRADITIONAL_MEDIA,FAKE_NEWS_SOURCE,1.0,-1.0,10.0,-1.0,0.33,0.0,5.0,1.0,COMPLETE
news-source-strategies,RQ3,E3-reach-mitigation,credibility_reach10_0_wom0,1011,CREDIBILITY_CAMOUFLAGE,TRADITIONAL_MEDIA,FAKE_NEWS_SOURCE,1.0,-1.0,10.0,-1.0,0.33,0.0,5.0,1.0,COMPLETE
news-source-strategies,RQ3,E3-reach-mitigation,credibility_reach10_0_wom0,1012,CREDIBILITY_CAMOUFLAGE,TRADITIONAL_MEDIA,FAKE_NEWS_SOURCE,1.0,-1.0,10.0,-1.0,0.33,0.0,5.0,1.0,COMPLETE
news-source-strategies,RQ3,E3-reach-mitigation,credibility_reach10_0_wom0,1013,CREDIBILITY_CAMOUFLAGE,TRADITIONAL_MEDIA,FAKE_NEWS_SOURCE,1.0,-1.0,10.0,-1.0,0.33,0.0,5.0,1.0,COMPLETE
news-source-strategies,RQ3,E3-reach-mitigation,credibility_reach10_0_wom0,1014,CREDIBILITY_CAMOUFLAGE,TRADITIONAL_MEDIA,FAKE_NEWS_SOURCE,1.0,-1.0,10.0,-1.0,0.33,0.0,5.0,1.0,COMPLETE
news-source-strategies,RQ3,E3-reach-mitigation,credibility_reach10_0_wom0,1015,CREDIBILITY_CAMOUFLAGE,TRADITIONAL_MEDIA,FAKE_NEWS_SOURCE,1.0,-1.0,10.0,-1.0,0.33,0.0,5.0,1.0,COMPLETE
news-source-strategies,RQ3,E3-reach-mitigation,credibility_reach10_0_wom0,1016,CREDIBILITY_CAMOUFLAGE,TRADITIONAL_MEDIA,FAKE_NEWS_SOURCE,1.0,-1.0,10.0,-1.0,0.33,0.0,5.0,1.0,COMPLETE
news-source-strategies,RQ3,E3-reach-mitigation,credibility_reach10_0_wom0,1017,CREDIBILITY_CAMOUFLAGE,TRADITIONAL_MEDIA,FAKE_NEWS_SOURCE,1.0,-1.0,10.0,-1.0,0.33,0.0,5.0,1.0,COMPLETE
news-source-strategies,RQ3,E3-reach-mitigation,credibility_reach10_0_wom0,1018,CREDIBILITY_CAMOUFLAGE,TRADITIONAL_MEDIA,FAKE_NEWS_SOURCE,1.0,-1.0,10.0,-1.0,0.33,0.0,5.0,1.0,COMPLETE
news-source-strategies,RQ3,E3-reach-mitigation,credibility_reach10_0_wom0,1019,CREDIBILITY_CAMOUFLAGE,TRADITIONAL_MEDIA,FAKE_NEWS_SOURCE,1.0,-1.0,10.0,-1.0,0.33,0.0,5.0,1.0,COMPLETE
news-source-strategies,RQ3,E3-reach-mitigation,credibility_reach10_0_wom0,1020,CREDIBILITY_CAMOUFLAGE,TRADITIONAL_MEDIA,FAKE_NEWS_SOURCE,1.0,-1.0,10.0,-1.0,0.33,0.0,5.0,1.0,COMPLETE
news-source-strategies,RQ3,E3-reach-mitigation,credibility_reach10_0_wom0,1021,CREDIBILITY_CAMOUFLAGE,TRADITIONAL_MEDIA,FAKE_NEWS_SOURCE,1.0,-1.0,10.0,-1.0,0.33,0.0,5.0,1.0,COMPLETE
news-source-strategies,RQ3,E3-reach-mitigation,credibility_reach10_0_wom0,1022,CREDIBILITY_CAMOUFLAGE,TRADITIONAL_MEDIA,FAKE_NEWS_SOURCE,1.0,-1.0,10.0,-1.0,0.33,0.0,5.0,1.0,COMPLETE
news-source-strategies,RQ3,E3-reach-mitigation,credibility_reach10_0_wom0,1023,CREDIBILITY_CAMOUFLAGE,TRADITIONAL_MEDIA,FAKE_NEWS_SOURCE,1.0,-1.0,10.0,-1.0,0.33,0.0,5.0,1.0,COMPLETE
news-source-strategies,RQ3,E3-reach-mitigation,credibility_reach10_0_wom0,1024,CREDIBILITY_CAMOUFLAGE,TRADITIONAL_MEDIA,FAKE_NEWS_SOURCE,1.0,-1.0,10.0,-1.0,0.33,0.0,5.0,1.0,COMPLETE
news-source-strategies,RQ3,E3-reach-mitigation,credibility_reach10_0_wom0,1025,CREDIBILITY_CAMOUFLAGE,TRADITIONAL_MEDIA,FAKE_NEWS_SOURCE,1.0,-1.0,10.0,-1.0,0.33,0.0,5.0,1.0,COMPLETE
news-source-strategies,RQ3,E3-reach-mitigation,credibility_reach10_0_wom0,1026,CREDIBILITY_CAMOUFLAGE,TRADITIONAL_MEDIA,FAKE_NEWS_SOURCE,1.0,-1.0,10.0,-1.0,0.33,0.0,5.0,1.0,COMPLETE
news-source-strategies,RQ3,E3-reach-mitigation,credibility_reach10_0_wom0,1027,CREDIBILITY_CAMOUFLAGE,TRADITIONAL_MEDIA,FAKE_NEWS_SOURCE,1.0,-1.0,10.0,-1.0,0.33,0.0,5.0,1.0,COMPLETE
news-source-strategies,RQ3,E3-reach-mitigation,credibility_reach10_0_wom0,1028,CREDIBILITY_CAMOUFLAGE,TRADITIONAL_MEDIA,FAKE_NEWS_SOURCE,1.0,-1.0,10.0,-1.0,0.33,0.0,5.0,1.0,COMPLETE
news-source-strategies,RQ3,E3-reach-mitigation,credibility_reach10_0_wom0,1029,CREDIBILITY_CAMOUFLAGE,TRADITIONAL_MEDIA,FAKE_NEWS_SOURCE,1.0,-1.0,10.0,-1.0,0.33,0.0,5.0,1.0,COMPLETE
news-source-strategies,RQ3,E3-reach-mitigation,credibility_reach10_0_wom0,1030,CREDIBILITY_CAMOUFLAGE,TRADITIONAL_MEDIA,FAKE_NEWS_SOURCE,1.0,-1.0,10.0,-1.0,0.33,0.0,5.0,1.0,COMPLETE
news-source-strategies,RQ3,E3-reach-mitigation,credibility_reach10_0_wom1,1001,CREDIBILITY_CAMOUFLAGE,TRADITIONAL_MEDIA,FAKE_NEWS_SOURCE,1.0,-1.0,10.0,-1.0,0.33,1.0,5.0,1.0,COMPLETE
news-source-strategies,RQ3,E3-reach-mitigation,credibility_reach10_0_wom1,1002,CREDIBILITY_CAMOUFLAGE,TRADITIONAL_MEDIA,FAKE_NEWS_SOURCE,1.0,-1.0,10.0,-1.0,0.33,1.0,5.0,1.0,COMPLETE
news-source-strategies,RQ3,E3-reach-mitigation,credibility_reach10_0_wom1,1003,CREDIBILITY_CAMOUFLAGE,TRADITIONAL_MEDIA,FAKE_NEWS_SOURCE,1.0,-1.0,10.0,-1.0,0.33,1.0,5.0,1.0,COMPLETE
news-source-strategies,RQ3,E3-reach-mitigation,credibility_reach10_0_wom1,1004,CREDIBILITY_CAMOUFLAGE,TRADITIONAL_MEDIA,FAKE_NEWS_SOURCE,1.0,-1.0,10.0,-1.0,0.33,1.0,5.0,1.0,COMPLETE
news-source-strategies,RQ3,E3-reach-mitigation,credibility_reach10_0_wom1,1005,CREDIBILITY_CAMOUFLAGE,TRADITIONAL_MEDIA,FAKE_NEWS_SOURCE,1.0,-1.0,10.0,-1.0,0.33,1.0,5.0,1.0,COMPLETE
news-source-strategies,RQ3,E3-reach-mitigation,credibility_reach10_0_wom1,1006,CREDIBILITY_CAMOUFLAGE,TRADITIONAL_MEDIA,FAKE_NEWS_SOURCE,1.0,-1.0,10.0,-1.0,0.33,1.0,5.0,1.0,COMPLETE
news-source-strategies,RQ3,E3-reach-mitigation,credibility_reach10_0_wom1,1007,CREDIBILITY_CAMOUFLAGE,TRADITIONAL_MEDIA,FAKE_NEWS_SOURCE,1.0,-1.0,10.0,-1.0,0.33,1.0,5.0,1.0,COMPLETE
news-source-strategies,RQ3,E3-reach-mitigation,credibility_reach10_0_wom1,1008,CREDIBILITY_CAMOUFLAGE,TRADITIONAL_MEDIA,FAKE_NEWS_SOURCE,1.0,-1.0,10.0,-1.0,0.33,1.0,5.0,1.0,COMPLETE
news-source-strategies,RQ3,E3-reach-mitigation,credibility_reach10_0_wom1,1009,CREDIBILITY_CAMOUFLAGE,TRADITIONAL_MEDIA,FAKE_NEWS_SOURCE,1.0,-1.0,10.0,-1.0,0.33,1.0,5.0,1.0,COMPLETE
news-source-strategies,RQ3,E3-reach-mitigation,credibility_reach10_0_wom1,1010,CREDIBILITY_CAMOUFLAGE,TRADITIONAL_MEDIA,FAKE_NEWS_SOURCE,1.0,-1.0,10.0,-1.0,0.33,1.0,5.0,1.0,COMPLETE
news-source-strategies,RQ3,E3-reach-mitigation,credibility_reach10_0_wom1,1011,CREDIBILITY_CAMOUFLAGE,TRADITIONAL_MEDIA,FAKE_NEWS_SOURCE,1.0,-1.0,10.0,-1.0,0.33,1.0,5.0,1.0,COMPLETE
news-source-strategies,RQ3,E3-reach-mitigation,credibility_reach10_0_wom1,1012,CREDIBILITY_CAMOUFLAGE,TRADITIONAL_MEDIA,FAKE_NEWS_SOURCE,1.0,-1.0,10.0,-1.0,0.33,1.0,5.0,1.0,COMPLETE
news-source-strategies,RQ3,E3-reach-mitigation,credibility_reach10_0_wom1,1013,CREDIBILITY_CAMOUFLAGE,TRADITIONAL_MEDIA,FAKE_NEWS_SOURCE,1.0,-1.0,10.0,-1.0,0.33,1.0,5.0,1.0,COMPLETE
news-source-strategies,RQ3,E3-reach-mitigation,credibility_reach10_0_wom1,1014,CREDIBILITY_CAMOUFLAGE,TRADITIONAL_MEDIA,FAKE_NEWS_SOURCE,1.0,-1.0,10.0,-1.0,0.33,1.0,5.0,1.0,COMPLETE
news-source-strategies,RQ3,E3-reach-mitigation,credibility_reach10_0_wom1,1015,CREDIBILITY_CAMOUFLAGE,TRADITIONAL_MEDIA,FAKE_NEWS_SOURCE,1.0,-1.0,10.0,-1.0,0.33,1.0,5.0,1.0,COMPLETE
news-source-strategies,RQ3,E3-reach-mitigation,credibility_reach10_0_wom1,1016,CREDIBILITY_CAMOUFLAGE,TRADITIONAL_MEDIA,FAKE_NEWS_SOURCE,1.0,-1.0,10.0,-1.0,0.33,1.0,5.0,1.0,COMPLETE
news-source-strategies,RQ3,E3-reach-mitigation,credibility_reach10_0_wom1,1017,CREDIBILITY_CAMOUFLAGE,TRADITIONAL_MEDIA,FAKE_NEWS_SOURCE,1.0,-1.0,10.0,-1.0,0.33,1.0,5.0,1.0,COMPLETE
news-source-strategies,RQ3,E3-reach-mitigation,credibility_reach10_0_wom1,1018,CREDIBILITY_CAMOUFLAGE,TRADITIONAL_MEDIA,FAKE_NEWS_SOURCE,1.0,-1.0,10.0,-1.0,0.33,1.0,5.0,1.0,COMPLETE
news-source-strategies,RQ3,E3-reach-mitigation,credibility_reach10_0_wom1,1019,CREDIBILITY_CAMOUFLAGE,TRADITIONAL_MEDIA,FAKE_NEWS_SOURCE,1.0,-1.0,10.0,-1.0,0.33,1.0,5.0,1.0,COMPLETE
news-source-strategies,RQ3,E3-reach-mitigation,credibility_reach10_0_wom1,1020,CREDIBILITY_CAMOUFLAGE,TRADITIONAL_MEDIA,FAKE_NEWS_SOURCE,1.0,-1.0,10.0,-1.0,0.33,1.0,5.0,1.0,COMPLETE
news-source-strategies,RQ3,E3-reach-mitigation,credibility_reach10_0_wom1,1021,CREDIBILITY_CAMOUFLAGE,TRADITIONAL_MEDIA,FAKE_NEWS_SOURCE,1.0,-1.0,10.0,-1.0,0.33,1.0,5.0,1.0,COMPLETE
news-source-strategies,RQ3,E3-reach-mitigation,credibility_reach10_0_wom1,1022,CREDIBILITY_CAMOUFLAGE,TRADITIONAL_MEDIA,FAKE_NEWS_SOURCE,1.0,-1.0,10.0,-1.0,0.33,1.0,5.0,1.0,COMPLETE
news-source-strategies,RQ3,E3-reach-mitigation,credibility_reach10_0_wom1,1023,CREDIBILITY_CAMOUFLAGE,TRADITIONAL_MEDIA,FAKE_NEWS_SOURCE,1.0,-1.0,10.0,-1.0,0.33,1.0,5.0,1.0,COMPLETE
news-source-strategies,RQ3,E3-reach-mitigation,credibility_reach10_0_wom1,1024,CREDIBILITY_CAMOUFLAGE,TRADITIONAL_MEDIA,FAKE_NEWS_SOURCE,1.0,-1.0,10.0,-1.0,0.33,1.0,5.0,1.0,COMPLETE
news-source-strategies,RQ3,E3-reach-mitigation,credibility_reach10_0_wom1,1025,CREDIBILITY_CAMOUFLAGE,TRADITIONAL_MEDIA,FAKE_NEWS_SOURCE,1.0,-1.0,10.0,-1.0,0.33,1.0,5.0,1.0,COMPLETE
news-source-strategies,RQ3,E3-reach-mitigation,credibility_reach10_0_wom1,1026,CREDIBILITY_CAMOUFLAGE,TRADITIONAL_MEDIA,FAKE_NEWS_SOURCE,1.0,-1.0,10.0,-1.0,0.33,1.0,5.0,1.0,COMPLETE
news-source-strategies,RQ3,E3-reach-mitigation,credibility_reach10_0_wom1,1027,CREDIBILITY_CAMOUFLAGE,TRADITIONAL_MEDIA,FAKE_NEWS_SOURCE,1.0,-1.0,10.0,-1.0,0.33,1.0,5.0,1.0,COMPLETE
news-source-strategies,RQ3,E3-reach-mitigation,credibility_reach10_0_wom1,1028,CREDIBILITY_CAMOUFLAGE,TRADITIONAL_MEDIA,FAKE_NEWS_SOURCE,1.0,-1.0,10.0,-1.0,0.33,1.0,5.0,1.0,COMPLETE
news-source-strategies,RQ3,E3-reach-mitigation,credibility_reach10_0_wom1,1029,CREDIBILITY_CAMOUFLAGE,TRADITIONAL_MEDIA,FAKE_NEWS_SOURCE,1.0,-1.0,10.0,-1.0,0.33,1.0,5.0,1.0,COMPLETE
news-source-strategies,RQ3,E3-reach-mitigation,credibility_reach10_0_wom1,1030,CREDIBILITY_CAMOUFLAGE,TRADITIONAL_MEDIA,FAKE_NEWS_SOURCE,1.0,-1.0,10.0,-1.0,0.33,1.0,5.0,1.0,COMPLETE
news-source-strategies,RQ3,E3-reach-mitigation,credibility_reach5_0_wom0,1001,CREDIBILITY_CAMOUFLAGE,TRADITIONAL_MEDIA,FAKE_NEWS_SOURCE,1.0,-1.0,5.0,-1.0,0.33,0.0,5.0,1.0,COMPLETE
news-source-strategies,RQ3,E3-reach-mitigation,credibility_reach5_0_wom0,1002,CREDIBILITY_CAMOUFLAGE,TRADITIONAL_MEDIA,FAKE_NEWS_SOURCE,1.0,-1.0,5.0,-1.0,0.33,0.0,5.0,1.0,COMPLETE
news-source-strategies,RQ3,E3-reach-mitigation,credibility_reach5_0_wom0,1003,CREDIBILITY_CAMOUFLAGE,TRADITIONAL_MEDIA,FAKE_NEWS_SOURCE,1.0,-1.0,5.0,-1.0,0.33,0.0,5.0,1.0,COMPLETE
news-source-strategies,RQ3,E3-reach-mitigation,credibility_reach5_0_wom0,1004,CREDIBILITY_CAMOUFLAGE,TRADITIONAL_MEDIA,FAKE_NEWS_SOURCE,1.0,-1.0,5.0,-1.0,0.33,0.0,5.0,1.0,COMPLETE
news-source-strategies,RQ3,E3-reach-mitigation,credibility_reach5_0_wom0,1005,CREDIBILITY_CAMOUFLAGE,TRADITIONAL_MEDIA,FAKE_NEWS_SOURCE,1.0,-1.0,5.0,-1.0,0.33,0.0,5.0,1.0,COMPLETE
news-source-strategies,RQ3,E3-reach-mitigation,credibility_reach5_0_wom0,1006,CREDIBILITY_CAMOUFLAGE,TRADITIONAL_MEDIA,FAKE_NEWS_SOURCE,1.0,-1.0,5.0,-1.0,0.33,0.0,5.0,1.0,COMPLETE
news-source-strategies,RQ3,E3-reach-mitigation,credibility_reach5_0_wom0,1007,CREDIBILITY_CAMOUFLAGE,TRADITIONAL_MEDIA,FAKE_NEWS_SOURCE,1.0,-1.0,5.0,-1.0,0.33,0.0,5.0,1.0,COMPLETE
news-source-strategies,RQ3,E3-reach-mitigation,credibility_reach5_0_wom0,1008,CREDIBILITY_CAMOUFLAGE,TRADITIONAL_MEDIA,FAKE_NEWS_SOURCE,1.0,-1.0,5.0,-1.0,0.33,0.0,5.0,1.0,COMPLETE
news-source-strategies,RQ3,E3-reach-mitigation,credibility_reach5_0_wom0,1009,CREDIBILITY_CAMOUFLAGE,TRADITIONAL_MEDIA,FAKE_NEWS_SOURCE,1.0,-1.0,5.0,-1.0,0.33,0.0,5.0,1.0,COMPLETE
news-source-strategies,RQ3,E3-reach-mitigation,credibility_reach5_0_wom0,1010,CREDIBILITY_CAMOUFLAGE,TRADITIONAL_MEDIA,FAKE_NEWS_SOURCE,1.0,-1.0,5.0,-1.0,0.33,0.0,5.0,1.0,COMPLETE
news-source-strategies,RQ3,E3-reach-mitigation,credibility_reach5_0_wom0,1011,CREDIBILITY_CAMOUFLAGE,TRADITIONAL_MEDIA,FAKE_NEWS_SOURCE,1.0,-1.0,5.0,-1.0,0.33,0.0,5.0,1.0,COMPLETE
news-source-strategies,RQ3,E3-reach-mitigation,credibility_reach5_0_wom0,1012,CREDIBILITY_CAMOUFLAGE,TRADITIONAL_MEDIA,FAKE_NEWS_SOURCE,1.0,-1.0,5.0,-1.0,0.33,0.0,5.0,1.0,COMPLETE
news-source-strategies,RQ3,E3-reach-mitigation,credibility_reach5_0_wom0,1013,CREDIBILITY_CAMOUFLAGE,TRADITIONAL_MEDIA,FAKE_NEWS_SOURCE,1.0,-1.0,5.0,-1.0,0.33,0.0,5.0,1.0,COMPLETE
news-source-strategies,RQ3,E3-reach-mitigation,credibility_reach5_0_wom0,1014,CREDIBILITY_CAMOUFLAGE,TRADITIONAL_MEDIA,FAKE_NEWS_SOURCE,1.0,-1.0,5.0,-1.0,0.33,0.0,5.0,1.0,COMPLETE
news-source-strategies,RQ3,E3-reach-mitigation,credibility_reach5_0_wom0,1015,CREDIBILITY_CAMOUFLAGE,TRADITIONAL_MEDIA,FAKE_NEWS_SOURCE,1.0,-1.0,5.0,-1.0,0.33,0.0,5.0,1.0,COMPLETE
news-source-strategies,RQ3,E3-reach-mitigation,credibility_reach5_0_wom0,1016,CREDIBILITY_CAMOUFLAGE,TRADITIONAL_MEDIA,FAKE_NEWS_SOURCE,1.0,-1.0,5.0,-1.0,0.33,0.0,5.0,1.0,COMPLETE
news-source-strategies,RQ3,E3-reach-mitigation,credibility_reach5_0_wom0,1017,CREDIBILITY_CAMOUFLAGE,TRADITIONAL_MEDIA,FAKE_NEWS_SOURCE,1.0,-1.0,5.0,-1.0,0.33,0.0,5.0,1.0,COMPLETE
news-source-strategies,RQ3,E3-reach-mitigation,credibility_reach5_0_wom0,1018,CREDIBILITY_CAMOUFLAGE,TRADITIONAL_MEDIA,FAKE_NEWS_SOURCE,1.0,-1.0,5.0,-1.0,0.33,0.0,5.0,1.0,COMPLETE
news-source-strategies,RQ3,E3-reach-mitigation,credibility_reach5_0_wom0,1019,CREDIBILITY_CAMOUFLAGE,TRADITIONAL_MEDIA,FAKE_NEWS_SOURCE,1.0,-1.0,5.0,-1.0,0.33,0.0,5.0,1.0,COMPLETE
news-source-strategies,RQ3,E3-reach-mitigation,credibility_reach5_0_wom0,1020,CREDIBILITY_CAMOUFLAGE,TRADITIONAL_MEDIA,FAKE_NEWS_SOURCE,1.0,-1.0,5.0,-1.0,0.33,0.0,5.0,1.0,COMPLETE
news-source-strategies,RQ3,E3-reach-mitigation,credibility_reach5_0_wom0,1021,CREDIBILITY_CAMOUFLAGE,TRADITIONAL_MEDIA,FAKE_NEWS_SOURCE,1.0,-1.0,5.0,-1.0,0.33,0.0,5.0,1.0,COMPLETE
news-source-strategies,RQ3,E3-reach-mitigation,credibility_reach5_0_wom0,1022,CREDIBILITY_CAMOUFLAGE,TRADITIONAL_MEDIA,FAKE_NEWS_SOURCE,1.0,-1.0,5.0,-1.0,0.33,0.0,5.0,1.0,COMPLETE
news-source-strategies,RQ3,E3-reach-mitigation,credibility_reach5_0_wom0,1023,CREDIBILITY_CAMOUFLAGE,TRADITIONAL_MEDIA,FAKE_NEWS_SOURCE,1.0,-1.0,5.0,-1.0,0.33,0.0,5.0,1.0,COMPLETE
news-source-strategies,RQ3,E3-reach-mitigation,credibility_reach5_0_wom0,1024,CREDIBILITY_CAMOUFLAGE,TRADITIONAL_MEDIA,FAKE_NEWS_SOURCE,1.0,-1.0,5.0,-1.0,0.33,0.0,5.0,1.0,COMPLETE
news-source-strategies,RQ3,E3-reach-mitigation,credibility_reach5_0_wom0,1025,CREDIBILITY_CAMOUFLAGE,TRADITIONAL_MEDIA,FAKE_NEWS_SOURCE,1.0,-1.0,5.0,-1.0,0.33,0.0,5.0,1.0,COMPLETE
news-source-strategies,RQ3,E3-reach-mitigation,credibility_reach5_0_wom0,1026,CREDIBILITY_CAMOUFLAGE,TRADITIONAL_MEDIA,FAKE_NEWS_SOURCE,1.0,-1.0,5.0,-1.0,0.33,0.0,5.0,1.0,COMPLETE
news-source-strategies,RQ3,E3-reach-mitigation,credibility_reach5_0_wom0,1027,CREDIBILITY_CAMOUFLAGE,TRADITIONAL_MEDIA,FAKE_NEWS_SOURCE,1.0,-1.0,5.0,-1.0,0.33,0.0,5.0,1.0,COMPLETE
news-source-strategies,RQ3,E3-reach-mitigation,credibility_reach5_0_wom0,1028,CREDIBILITY_CAMOUFLAGE,TRADITIONAL_MEDIA,FAKE_NEWS_SOURCE,1.0,-1.0,5.0,-1.0,0.33,0.0,5.0,1.0,COMPLETE
news-source-strategies,RQ3,E3-reach-mitigation,credibility_reach5_0_wom0,1029,CREDIBILITY_CAMOUFLAGE,TRADITIONAL_MEDIA,FAKE_NEWS_SOURCE,1.0,-1.0,5.0,-1.0,0.33,0.0,5.0,1.0,COMPLETE
news-source-strategies,RQ3,E3-reach-mitigation,credibility_reach5_0_wom0,1030,CREDIBILITY_CAMOUFLAGE,TRADITIONAL_MEDIA,FAKE_NEWS_SOURCE,1.0,-1.0,5.0,-1.0,0.33,0.0,5.0,1.0,COMPLETE
news-source-strategies,RQ3,E3-reach-mitigation,credibility_reach5_0_wom1,1001,CREDIBILITY_CAMOUFLAGE,TRADITIONAL_MEDIA,FAKE_NEWS_SOURCE,1.0,-1.0,5.0,-1.0,0.33,1.0,5.0,1.0,COMPLETE
news-source-strategies,RQ3,E3-reach-mitigation,credibility_reach5_0_wom1,1002,CREDIBILITY_CAMOUFLAGE,TRADITIONAL_MEDIA,FAKE_NEWS_SOURCE,1.0,-1.0,5.0,-1.0,0.33,1.0,5.0,1.0,COMPLETE
news-source-strategies,RQ3,E3-reach-mitigation,credibility_reach5_0_wom1,1003,CREDIBILITY_CAMOUFLAGE,TRADITIONAL_MEDIA,FAKE_NEWS_SOURCE,1.0,-1.0,5.0,-1.0,0.33,1.0,5.0,1.0,COMPLETE
news-source-strategies,RQ3,E3-reach-mitigation,credibility_reach5_0_wom1,1004,CREDIBILITY_CAMOUFLAGE,TRADITIONAL_MEDIA,FAKE_NEWS_SOURCE,1.0,-1.0,5.0,-1.0,0.33,1.0,5.0,1.0,COMPLETE
news-source-strategies,RQ3,E3-reach-mitigation,credibility_reach5_0_wom1,1005,CREDIBILITY_CAMOUFLAGE,TRADITIONAL_MEDIA,FAKE_NEWS_SOURCE,1.0,-1.0,5.0,-1.0,0.33,1.0,5.0,1.0,COMPLETE
news-source-strategies,RQ3,E3-reach-mitigation,credibility_reach5_0_wom1,1006,CREDIBILITY_CAMOUFLAGE,TRADITIONAL_MEDIA,FAKE_NEWS_SOURCE,1.0,-1.0,5.0,-1.0,0.33,1.0,5.0,1.0,COMPLETE
news-source-strategies,RQ3,E3-reach-mitigation,credibility_reach5_0_wom1,1007,CREDIBILITY_CAMOUFLAGE,TRADITIONAL_MEDIA,FAKE_NEWS_SOURCE,1.0,-1.0,5.0,-1.0,0.33,1.0,5.0,1.0,COMPLETE
news-source-strategies,RQ3,E3-reach-mitigation,credibility_reach5_0_wom1,1008,CREDIBILITY_CAMOUFLAGE,TRADITIONAL_MEDIA,FAKE_NEWS_SOURCE,1.0,-1.0,5.0,-1.0,0.33,1.0,5.0,1.0,COMPLETE
news-source-strategies,RQ3,E3-reach-mitigation,credibility_reach5_0_wom1,1009,CREDIBILITY_CAMOUFLAGE,TRADITIONAL_MEDIA,FAKE_NEWS_SOURCE,1.0,-1.0,5.0,-1.0,0.33,1.0,5.0,1.0,COMPLETE
news-source-strategies,RQ3,E3-reach-mitigation,credibility_reach5_0_wom1,1010,CREDIBILITY_CAMOUFLAGE,TRADITIONAL_MEDIA,FAKE_NEWS_SOURCE,1.0,-1.0,5.0,-1.0,0.33,1.0,5.0,1.0,COMPLETE
news-source-strategies,RQ3,E3-reach-mitigation,credibility_reach5_0_wom1,1011,CREDIBILITY_CAMOUFLAGE,TRADITIONAL_MEDIA,FAKE_NEWS_SOURCE,1.0,-1.0,5.0,-1.0,0.33,1.0,5.0,1.0,COMPLETE
news-source-strategies,RQ3,E3-reach-mitigation,credibility_reach5_0_wom1,1012,CREDIBILITY_CAMOUFLAGE,TRADITIONAL_MEDIA,FAKE_NEWS_SOURCE,1.0,-1.0,5.0,-1.0,0.33,1.0,5.0,1.0,COMPLETE
news-source-strategies,RQ3,E3-reach-mitigation,credibility_reach5_0_wom1,1013,CREDIBILITY_CAMOUFLAGE,TRADITIONAL_MEDIA,FAKE_NEWS_SOURCE,1.0,-1.0,5.0,-1.0,0.33,1.0,5.0,1.0,COMPLETE
news-source-strategies,RQ3,E3-reach-mitigation,credibility_reach5_0_wom1,1014,CREDIBILITY_CAMOUFLAGE,TRADITIONAL_MEDIA,FAKE_NEWS_SOURCE,1.0,-1.0,5.0,-1.0,0.33,1.0,5.0,1.0,COMPLETE
news-source-strategies,RQ3,E3-reach-mitigation,credibility_reach5_0_wom1,1015,CREDIBILITY_CAMOUFLAGE,TRADITIONAL_MEDIA,FAKE_NEWS_SOURCE,1.0,-1.0,5.0,-1.0,0.33,1.0,5.0,1.0,COMPLETE
news-source-strategies,RQ3,E3-reach-mitigation,credibility_reach5_0_wom1,1016,CREDIBILITY_CAMOUFLAGE,TRADITIONAL_MEDIA,FAKE_NEWS_SOURCE,1.0,-1.0,5.0,-1.0,0.33,1.0,5.0,1.0,COMPLETE
news-source-strategies,RQ3,E3-reach-mitigation,credibility_reach5_0_wom1,1017,CREDIBILITY_CAMOUFLAGE,TRADITIONAL_MEDIA,FAKE_NEWS_SOURCE,1.0,-1.0,5.0,-1.0,0.33,1.0,5.0,1.0,COMPLETE
news-source-strategies,RQ3,E3-reach-mitigation,credibility_reach5_0_wom1,1018,CREDIBILITY_CAMOUFLAGE,TRADITIONAL_MEDIA,FAKE_NEWS_SOURCE,1.0,-1.0,5.0,-1.0,0.33,1.0,5.0,1.0,COMPLETE
news-source-strategies,RQ3,E3-reach-mitigation,credibility_reach5_0_wom1,1019,CREDIBILITY_CAMOUFLAGE,TRADITIONAL_MEDIA,FAKE_NEWS_SOURCE,1.0,-1.0,5.0,-1.0,0.33,1.0,5.0,1.0,COMPLETE
news-source-strategies,RQ3,E3-reach-mitigation,credibility_reach5_0_wom1,1020,CREDIBILITY_CAMOUFLAGE,TRADITIONAL_MEDIA,FAKE_NEWS_SOURCE,1.0,-1.0,5.0,-1.0,0.33,1.0,5.0,1.0,COMPLETE
news-source-strategies,RQ3,E3-reach-mitigation,credibility_reach5_0_wom1,1021,CREDIBILITY_CAMOUFLAGE,TRADITIONAL_MEDIA,FAKE_NEWS_SOURCE,1.0,-1.0,5.0,-1.0,0.33,1.0,5.0,1.0,COMPLETE
news-source-strategies,RQ3,E3-reach-mitigation,credibility_reach5_0_wom1,1022,CREDIBILITY_CAMOUFLAGE,TRADITIONAL_MEDIA,FAKE_NEWS_SOURCE,1.0,-1.0,5.0,-1.0,0.33,1.0,5.0,1.0,COMPLETE
news-source-strategies,RQ3,E3-reach-mitigation,credibility_reach5_0_wom1,1023,CREDIBILITY_CAMOUFLAGE,TRADITIONAL_MEDIA,FAKE_NEWS_SOURCE,1.0,-1.0,5.0,-1.0,0.33,1.0,5.0,1.0,COMPLETE
news-source-strategies,RQ3,E3-reach-mitigation,credibility_reach5_0_wom1,1024,CREDIBILITY_CAMOUFLAGE,TRADITIONAL_MEDIA,FAKE_NEWS_SOURCE,1.0,-1.0,5.0,-1.0,0.33,1.0,5.0,1.0,COMPLETE
news-source-strategies,RQ3,E3-reach-mitigation,credibility_reach5_0_wom1,1025,CREDIBILITY_CAMOUFLAGE,TRADITIONAL_MEDIA,FAKE_NEWS_SOURCE,1.0,-1.0,5.0,-1.0,0.33,1.0,5.0,1.0,COMPLETE
news-source-strategies,RQ3,E3-reach-mitigation,credibility_reach5_0_wom1,1026,CREDIBILITY_CAMOUFLAGE,TRADITIONAL_MEDIA,FAKE_NEWS_SOURCE,1.0,-1.0,5.0,-1.0,0.33,1.0,5.0,1.0,COMPLETE
news-source-strategies,RQ3,E3-reach-mitigation,credibility_reach5_0_wom1,1027,CREDIBILITY_CAMOUFLAGE,TRADITIONAL_MEDIA,FAKE_NEWS_SOURCE,1.0,-1.0,5.0,-1.0,0.33,1.0,5.0,1.0,COMPLETE
news-source-strategies,RQ3,E3-reach-mitigation,credibility_reach5_0_wom1,1028,CREDIBILITY_CAMOUFLAGE,TRADITIONAL_MEDIA,FAKE_NEWS_SOURCE,1.0,-1.0,5.0,-1.0,0.33,1.0,5.0,1.0,COMPLETE
news-source-strategies,RQ3,E3-reach-mitigation,credibility_reach5_0_wom1,1029,CREDIBILITY_CAMOUFLAGE,TRADITIONAL_MEDIA,FAKE_NEWS_SOURCE,1.0,-1.0,5.0,-1.0,0.33,1.0,5.0,1.0,COMPLETE
news-source-strategies,RQ3,E3-reach-mitigation,credibility_reach5_0_wom1,1030,CREDIBILITY_CAMOUFLAGE,TRADITIONAL_MEDIA,FAKE_NEWS_SOURCE,1.0,-1.0,5.0,-1.0,0.33,1.0,5.0,1.0,COMPLETE
news-source-strategies,RQ3,E3-reach-mitigation,credibility_reach1_0_wom0,1001,CREDIBILITY_CAMOUFLAGE,TRADITIONAL_MEDIA,FAKE_NEWS_SOURCE,1.0,-1.0,1.0,-1.0,0.33,0.0,5.0,1.0,COMPLETE
news-source-strategies,RQ3,E3-reach-mitigation,credibility_reach1_0_wom0,1002,CREDIBILITY_CAMOUFLAGE,TRADITIONAL_MEDIA,FAKE_NEWS_SOURCE,1.0,-1.0,1.0,-1.0,0.33,0.0,5.0,1.0,COMPLETE
news-source-strategies,RQ3,E3-reach-mitigation,credibility_reach1_0_wom0,1003,CREDIBILITY_CAMOUFLAGE,TRADITIONAL_MEDIA,FAKE_NEWS_SOURCE,1.0,-1.0,1.0,-1.0,0.33,0.0,5.0,1.0,COMPLETE
news-source-strategies,RQ3,E3-reach-mitigation,credibility_reach1_0_wom0,1004,CREDIBILITY_CAMOUFLAGE,TRADITIONAL_MEDIA,FAKE_NEWS_SOURCE,1.0,-1.0,1.0,-1.0,0.33,0.0,5.0,1.0,COMPLETE
news-source-strategies,RQ3,E3-reach-mitigation,credibility_reach1_0_wom0,1005,CREDIBILITY_CAMOUFLAGE,TRADITIONAL_MEDIA,FAKE_NEWS_SOURCE,1.0,-1.0,1.0,-1.0,0.33,0.0,5.0,1.0,COMPLETE
news-source-strategies,RQ3,E3-reach-mitigation,credibility_reach1_0_wom0,1006,CREDIBILITY_CAMOUFLAGE,TRADITIONAL_MEDIA,FAKE_NEWS_SOURCE,1.0,-1.0,1.0,-1.0,0.33,0.0,5.0,1.0,COMPLETE
news-source-strategies,RQ3,E3-reach-mitigation,credibility_reach1_0_wom0,1007,CREDIBILITY_CAMOUFLAGE,TRADITIONAL_MEDIA,FAKE_NEWS_SOURCE,1.0,-1.0,1.0,-1.0,0.33,0.0,5.0,1.0,COMPLETE
news-source-strategies,RQ3,E3-reach-mitigation,credibility_reach1_0_wom0,1008,CREDIBILITY_CAMOUFLAGE,TRADITIONAL_MEDIA,FAKE_NEWS_SOURCE,1.0,-1.0,1.0,-1.0,0.33,0.0,5.0,1.0,COMPLETE
news-source-strategies,RQ3,E3-reach-mitigation,credibility_reach1_0_wom0,1009,CREDIBILITY_CAMOUFLAGE,TRADITIONAL_MEDIA,FAKE_NEWS_SOURCE,1.0,-1.0,1.0,-1.0,0.33,0.0,5.0,1.0,COMPLETE
news-source-strategies,RQ3,E3-reach-mitigation,credibility_reach1_0_wom0,1010,CREDIBILITY_CAMOUFLAGE,TRADITIONAL_MEDIA,FAKE_NEWS_SOURCE,1.0,-1.0,1.0,-1.0,0.33,0.0,5.0,1.0,COMPLETE
news-source-strategies,RQ3,E3-reach-mitigation,credibility_reach1_0_wom0,1011,CREDIBILITY_CAMOUFLAGE,TRADITIONAL_MEDIA,FAKE_NEWS_SOURCE,1.0,-1.0,1.0,-1.0,0.33,0.0,5.0,1.0,COMPLETE
news-source-strategies,RQ3,E3-reach-mitigation,credibility_reach1_0_wom0,1012,CREDIBILITY_CAMOUFLAGE,TRADITIONAL_MEDIA,FAKE_NEWS_SOURCE,1.0,-1.0,1.0,-1.0,0.33,0.0,5.0,1.0,COMPLETE
news-source-strategies,RQ3,E3-reach-mitigation,credibility_reach1_0_wom0,1013,CREDIBILITY_CAMOUFLAGE,TRADITIONAL_MEDIA,FAKE_NEWS_SOURCE,1.0,-1.0,1.0,-1.0,0.33,0.0,5.0,1.0,COMPLETE
news-source-strategies,RQ3,E3-reach-mitigation,credibility_reach1_0_wom0,1014,CREDIBILITY_CAMOUFLAGE,TRADITIONAL_MEDIA,FAKE_NEWS_SOURCE,1.0,-1.0,1.0,-1.0,0.33,0.0,5.0,1.0,COMPLETE
news-source-strategies,RQ3,E3-reach-mitigation,credibility_reach1_0_wom0,1015,CREDIBILITY_CAMOUFLAGE,TRADITIONAL_MEDIA,FAKE_NEWS_SOURCE,1.0,-1.0,1.0,-1.0,0.33,0.0,5.0,1.0,COMPLETE
news-source-strategies,RQ3,E3-reach-mitigation,credibility_reach1_0_wom0,1016,CREDIBILITY_CAMOUFLAGE,TRADITIONAL_MEDIA,FAKE_NEWS_SOURCE,1.0,-1.0,1.0,-1.0,0.33,0.0,5.0,1.0,COMPLETE
news-source-strategies,RQ3,E3-reach-mitigation,credibility_reach1_0_wom0,1017,CREDIBILITY_CAMOUFLAGE,TRADITIONAL_MEDIA,FAKE_NEWS_SOURCE,1.0,-1.0,1.0,-1.0,0.33,0.0,5.0,1.0,COMPLETE
news-source-strategies,RQ3,E3-reach-mitigation,credibility_reach1_0_wom0,1018,CREDIBILITY_CAMOUFLAGE,TRADITIONAL_MEDIA,FAKE_NEWS_SOURCE,1.0,-1.0,1.0,-1.0,0.33,0.0,5.0,1.0,COMPLETE
news-source-strategies,RQ3,E3-reach-mitigation,credibility_reach1_0_wom0,1019,CREDIBILITY_CAMOUFLAGE,TRADITIONAL_MEDIA,FAKE_NEWS_SOURCE,1.0,-1.0,1.0,-1.0,0.33,0.0,5.0,1.0,COMPLETE
news-source-strategies,RQ3,E3-reach-mitigation,credibility_reach1_0_wom0,1020,CREDIBILITY_CAMOUFLAGE,TRADITIONAL_MEDIA,FAKE_NEWS_SOURCE,1.0,-1.0,1.0,-1.0,0.33,0.0,5.0,1.0,COMPLETE
news-source-strategies,RQ3,E3-reach-mitigation,credibility_reach1_0_wom0,1021,CREDIBILITY_CAMOUFLAGE,TRADITIONAL_MEDIA,FAKE_NEWS_SOURCE,1.0,-1.0,1.0,-1.0,0.33,0.0,5.0,1.0,COMPLETE
news-source-strategies,RQ3,E3-reach-mitigation,credibility_reach1_0_wom0,1022,CREDIBILITY_CAMOUFLAGE,TRADITIONAL_MEDIA,FAKE_NEWS_SOURCE,1.0,-1.0,1.0,-1.0,0.33,0.0,5.0,1.0,COMPLETE
news-source-strategies,RQ3,E3-reach-mitigation,credibility_reach1_0_wom0,1023,CREDIBILITY_CAMOUFLAGE,TRADITIONAL_MEDIA,FAKE_NEWS_SOURCE,1.0,-1.0,1.0,-1.0,0.33,0.0,5.0,1.0,COMPLETE
news-source-strategies,RQ3,E3-reach-mitigation,credibility_reach1_0_wom0,1024,CREDIBILITY_CAMOUFLAGE,TRADITIONAL_MEDIA,FAKE_NEWS_SOURCE,1.0,-1.0,1.0,-1.0,0.33,0.0,5.0,1.0,COMPLETE
news-source-strategies,RQ3,E3-reach-mitigation,credibility_reach1_0_wom0,1025,CREDIBILITY_CAMOUFLAGE,TRADITIONAL_MEDIA,FAKE_NEWS_SOURCE,1.0,-1.0,1.0,-1.0,0.33,0.0,5.0,1.0,COMPLETE
news-source-strategies,RQ3,E3-reach-mitigation,credibility_reach1_0_wom0,1026,CREDIBILITY_CAMOUFLAGE,TRADITIONAL_MEDIA,FAKE_NEWS_SOURCE,1.0,-1.0,1.0,-1.0,0.33,0.0,5.0,1.0,COMPLETE
news-source-strategies,RQ3,E3-reach-mitigation,credibility_reach1_0_wom0,1027,CREDIBILITY_CAMOUFLAGE,TRADITIONAL_MEDIA,FAKE_NEWS_SOURCE,1.0,-1.0,1.0,-1.0,0.33,0.0,5.0,1.0,COMPLETE
news-source-strategies,RQ3,E3-reach-mitigation,credibility_reach1_0_wom0,1028,CREDIBILITY_CAMOUFLAGE,TRADITIONAL_MEDIA,FAKE_NEWS_SOURCE,1.0,-1.0,1.0,-1.0,0.33,0.0,5.0,1.0,COMPLETE
news-source-strategies,RQ3,E3-reach-mitigation,credibility_reach1_0_wom0,1029,CREDIBILITY_CAMOUFLAGE,TRADITIONAL_MEDIA,FAKE_NEWS_SOURCE,1.0,-1.0,1.0,-1.0,0.33,0.0,5.0,1.0,COMPLETE
news-source-strategies,RQ3,E3-reach-mitigation,credibility_reach1_0_wom0,1030,CREDIBILITY_CAMOUFLAGE,TRADITIONAL_MEDIA,FAKE_NEWS_SOURCE,1.0,-1.0,1.0,-1.0,0.33,0.0,5.0,1.0,COMPLETE
news-source-strategies,RQ3,E3-reach-mitigation,credibility_reach1_0_wom1,1001,CREDIBILITY_CAMOUFLAGE,TRADITIONAL_MEDIA,FAKE_NEWS_SOURCE,1.0,-1.0,1.0,-1.0,0.33,1.0,5.0,1.0,COMPLETE
news-source-strategies,RQ3,E3-reach-mitigation,credibility_reach1_0_wom1,1002,CREDIBILITY_CAMOUFLAGE,TRADITIONAL_MEDIA,FAKE_NEWS_SOURCE,1.0,-1.0,1.0,-1.0,0.33,1.0,5.0,1.0,COMPLETE
news-source-strategies,RQ3,E3-reach-mitigation,credibility_reach1_0_wom1,1003,CREDIBILITY_CAMOUFLAGE,TRADITIONAL_MEDIA,FAKE_NEWS_SOURCE,1.0,-1.0,1.0,-1.0,0.33,1.0,5.0,1.0,COMPLETE
news-source-strategies,RQ3,E3-reach-mitigation,credibility_reach1_0_wom1,1004,CREDIBILITY_CAMOUFLAGE,TRADITIONAL_MEDIA,FAKE_NEWS_SOURCE,1.0,-1.0,1.0,-1.0,0.33,1.0,5.0,1.0,COMPLETE
news-source-strategies,RQ3,E3-reach-mitigation,credibility_reach1_0_wom1,1005,CREDIBILITY_CAMOUFLAGE,TRADITIONAL_MEDIA,FAKE_NEWS_SOURCE,1.0,-1.0,1.0,-1.0,0.33,1.0,5.0,1.0,COMPLETE
news-source-strategies,RQ3,E3-reach-mitigation,credibility_reach1_0_wom1,1006,CREDIBILITY_CAMOUFLAGE,TRADITIONAL_MEDIA,FAKE_NEWS_SOURCE,1.0,-1.0,1.0,-1.0,0.33,1.0,5.0,1.0,COMPLETE
news-source-strategies,RQ3,E3-reach-mitigation,credibility_reach1_0_wom1,1007,CREDIBILITY_CAMOUFLAGE,TRADITIONAL_MEDIA,FAKE_NEWS_SOURCE,1.0,-1.0,1.0,-1.0,0.33,1.0,5.0,1.0,COMPLETE
news-source-strategies,RQ3,E3-reach-mitigation,credibility_reach1_0_wom1,1008,CREDIBILITY_CAMOUFLAGE,TRADITIONAL_MEDIA,FAKE_NEWS_SOURCE,1.0,-1.0,1.0,-1.0,0.33,1.0,5.0,1.0,COMPLETE
news-source-strategies,RQ3,E3-reach-mitigation,credibility_reach1_0_wom1,1009,CREDIBILITY_CAMOUFLAGE,TRADITIONAL_MEDIA,FAKE_NEWS_SOURCE,1.0,-1.0,1.0,-1.0,0.33,1.0,5.0,1.0,COMPLETE
news-source-strategies,RQ3,E3-reach-mitigation,credibility_reach1_0_wom1,1010,CREDIBILITY_CAMOUFLAGE,TRADITIONAL_MEDIA,FAKE_NEWS_SOURCE,1.0,-1.0,1.0,-1.0,0.33,1.0,5.0,1.0,COMPLETE
news-source-strategies,RQ3,E3-reach-mitigation,credibility_reach1_0_wom1,1011,CREDIBILITY_CAMOUFLAGE,TRADITIONAL_MEDIA,FAKE_NEWS_SOURCE,1.0,-1.0,1.0,-1.0,0.33,1.0,5.0,1.0,COMPLETE
news-source-strategies,RQ3,E3-reach-mitigation,credibility_reach1_0_wom1,1012,CREDIBILITY_CAMOUFLAGE,TRADITIONAL_MEDIA,FAKE_NEWS_SOURCE,1.0,-1.0,1.0,-1.0,0.33,1.0,5.0,1.0,COMPLETE
news-source-strategies,RQ3,E3-reach-mitigation,credibility_reach1_0_wom1,1013,CREDIBILITY_CAMOUFLAGE,TRADITIONAL_MEDIA,FAKE_NEWS_SOURCE,1.0,-1.0,1.0,-1.0,0.33,1.0,5.0,1.0,COMPLETE
news-source-strategies,RQ3,E3-reach-mitigation,credibility_reach1_0_wom1,1014,CREDIBILITY_CAMOUFLAGE,TRADITIONAL_MEDIA,FAKE_NEWS_SOURCE,1.0,-1.0,1.0,-1.0,0.33,1.0,5.0,1.0,COMPLETE
news-source-strategies,RQ3,E3-reach-mitigation,credibility_reach1_0_wom1,1015,CREDIBILITY_CAMOUFLAGE,TRADITIONAL_MEDIA,FAKE_NEWS_SOURCE,1.0,-1.0,1.0,-1.0,0.33,1.0,5.0,1.0,COMPLETE
news-source-strategies,RQ3,E3-reach-mitigation,credibility_reach1_0_wom1,1016,CREDIBILITY_CAMOUFLAGE,TRADITIONAL_MEDIA,FAKE_NEWS_SOURCE,1.0,-1.0,1.0,-1.0,0.33,1.0,5.0,1.0,COMPLETE
news-source-strategies,RQ3,E3-reach-mitigation,credibility_reach1_0_wom1,1017,CREDIBILITY_CAMOUFLAGE,TRADITIONAL_MEDIA,FAKE_NEWS_SOURCE,1.0,-1.0,1.0,-1.0,0.33,1.0,5.0,1.0,COMPLETE
news-source-strategies,RQ3,E3-reach-mitigation,credibility_reach1_0_wom1,1018,CREDIBILITY_CAMOUFLAGE,TRADITIONAL_MEDIA,FAKE_NEWS_SOURCE,1.0,-1.0,1.0,-1.0,0.33,1.0,5.0,1.0,COMPLETE
news-source-strategies,RQ3,E3-reach-mitigation,credibility_reach1_0_wom1,1019,CREDIBILITY_CAMOUFLAGE,TRADITIONAL_MEDIA,FAKE_NEWS_SOURCE,1.0,-1.0,1.0,-1.0,0.33,1.0,5.0,1.0,COMPLETE
news-source-strategies,RQ3,E3-reach-mitigation,credibility_reach1_0_wom1,1020,CREDIBILITY_CAMOUFLAGE,TRADITIONAL_MEDIA,FAKE_NEWS_SOURCE,1.0,-1.0,1.0,-1.0,0.33,1.0,5.0,1.0,COMPLETE
news-source-strategies,RQ3,E3-reach-mitigation,credibility_reach1_0_wom1,1021,CREDIBILITY_CAMOUFLAGE,TRADITIONAL_MEDIA,FAKE_NEWS_SOURCE,1.0,-1.0,1.0,-1.0,0.33,1.0,5.0,1.0,COMPLETE
news-source-strategies,RQ3,E3-reach-mitigation,credibility_reach1_0_wom1,1022,CREDIBILITY_CAMOUFLAGE,TRADITIONAL_MEDIA,FAKE_NEWS_SOURCE,1.0,-1.0,1.0,-1.0,0.33,1.0,5.0,1.0,COMPLETE
news-source-strategies,RQ3,E3-reach-mitigation,credibility_reach1_0_wom1,1023,CREDIBILITY_CAMOUFLAGE,TRADITIONAL_MEDIA,FAKE_NEWS_SOURCE,1.0,-1.0,1.0,-1.0,0.33,1.0,5.0,1.0,COMPLETE
news-source-strategies,RQ3,E3-reach-mitigation,credibility_reach1_0_wom1,1024,CREDIBILITY_CAMOUFLAGE,TRADITIONAL_MEDIA,FAKE_NEWS_SOURCE,1.0,-1.0,1.0,-1.0,0.33,1.0,5.0,1.0,COMPLETE
news-source-strategies,RQ3,E3-reach-mitigation,credibility_reach1_0_wom1,1025,CREDIBILITY_CAMOUFLAGE,TRADITIONAL_MEDIA,FAKE_NEWS_SOURCE,1.0,-1.0,1.0,-1.0,0.33,1.0,5.0,1.0,COMPLETE
news-source-strategies,RQ3,E3-reach-mitigation,credibility_reach1_0_wom1,1026,CREDIBILITY_CAMOUFLAGE,TRADITIONAL_MEDIA,FAKE_NEWS_SOURCE,1.0,-1.0,1.0,-1.0,0.33,1.0,5.0,1.0,COMPLETE
news-source-strategies,RQ3,E3-reach-mitigation,credibility_reach1_0_wom1,1027,CREDIBILITY_CAMOUFLAGE,TRADITIONAL_MEDIA,FAKE_NEWS_SOURCE,1.0,-1.0,1.0,-1.0,0.33,1.0,5.0,1.0,COMPLETE
news-source-strategies,RQ3,E3-reach-mitigation,credibility_reach1_0_wom1,1028,CREDIBILITY_CAMOUFLAGE,TRADITIONAL_MEDIA,FAKE_NEWS_SOURCE,1.0,-1.0,1.0,-1.0,0.33,1.0,5.0,1.0,COMPLETE
news-source-strategies,RQ3,E3-reach-mitigation,credibility_reach1_0_wom1,1029,CREDIBILITY_CAMOUFLAGE,TRADITIONAL_MEDIA,FAKE_NEWS_SOURCE,1.0,-1.0,1.0,-1.0,0.33,1.0,5.0,1.0,COMPLETE
news-source-strategies,RQ3,E3-reach-mitigation,credibility_reach1_0_wom1,1030,CREDIBILITY_CAMOUFLAGE,TRADITIONAL_MEDIA,FAKE_NEWS_SOURCE,1.0,-1.0,1.0,-1.0,0.33,1.0,5.0,1.0,COMPLETE
news-source-strategies,RQ3,E3-reach-mitigation,credibility_reach0_0_wom0,1001,CREDIBILITY_CAMOUFLAGE,TRADITIONAL_MEDIA,FAKE_NEWS_SOURCE,1.0,-1.0,0.0,-1.0,0.33,0.0,5.0,1.0,COMPLETE
news-source-strategies,RQ3,E3-reach-mitigation,credibility_reach0_0_wom0,1002,CREDIBILITY_CAMOUFLAGE,TRADITIONAL_MEDIA,FAKE_NEWS_SOURCE,1.0,-1.0,0.0,-1.0,0.33,0.0,5.0,1.0,COMPLETE
news-source-strategies,RQ3,E3-reach-mitigation,credibility_reach0_0_wom0,1003,CREDIBILITY_CAMOUFLAGE,TRADITIONAL_MEDIA,FAKE_NEWS_SOURCE,1.0,-1.0,0.0,-1.0,0.33,0.0,5.0,1.0,COMPLETE
news-source-strategies,RQ3,E3-reach-mitigation,credibility_reach0_0_wom0,1004,CREDIBILITY_CAMOUFLAGE,TRADITIONAL_MEDIA,FAKE_NEWS_SOURCE,1.0,-1.0,0.0,-1.0,0.33,0.0,5.0,1.0,COMPLETE
news-source-strategies,RQ3,E3-reach-mitigation,credibility_reach0_0_wom0,1005,CREDIBILITY_CAMOUFLAGE,TRADITIONAL_MEDIA,FAKE_NEWS_SOURCE,1.0,-1.0,0.0,-1.0,0.33,0.0,5.0,1.0,COMPLETE
news-source-strategies,RQ3,E3-reach-mitigation,credibility_reach0_0_wom0,1006,CREDIBILITY_CAMOUFLAGE,TRADITIONAL_MEDIA,FAKE_NEWS_SOURCE,1.0,-1.0,0.0,-1.0,0.33,0.0,5.0,1.0,COMPLETE
news-source-strategies,RQ3,E3-reach-mitigation,credibility_reach0_0_wom0,1007,CREDIBILITY_CAMOUFLAGE,TRADITIONAL_MEDIA,FAKE_NEWS_SOURCE,1.0,-1.0,0.0,-1.0,0.33,0.0,5.0,1.0,COMPLETE
news-source-strategies,RQ3,E3-reach-mitigation,credibility_reach0_0_wom0,1008,CREDIBILITY_CAMOUFLAGE,TRADITIONAL_MEDIA,FAKE_NEWS_SOURCE,1.0,-1.0,0.0,-1.0,0.33,0.0,5.0,1.0,COMPLETE
news-source-strategies,RQ3,E3-reach-mitigation,credibility_reach0_0_wom0,1009,CREDIBILITY_CAMOUFLAGE,TRADITIONAL_MEDIA,FAKE_NEWS_SOURCE,1.0,-1.0,0.0,-1.0,0.33,0.0,5.0,1.0,COMPLETE
news-source-strategies,RQ3,E3-reach-mitigation,credibility_reach0_0_wom0,1010,CREDIBILITY_CAMOUFLAGE,TRADITIONAL_MEDIA,FAKE_NEWS_SOURCE,1.0,-1.0,0.0,-1.0,0.33,0.0,5.0,1.0,COMPLETE
news-source-strategies,RQ3,E3-reach-mitigation,credibility_reach0_0_wom0,1011,CREDIBILITY_CAMOUFLAGE,TRADITIONAL_MEDIA,FAKE_NEWS_SOURCE,1.0,-1.0,0.0,-1.0,0.33,0.0,5.0,1.0,COMPLETE
news-source-strategies,RQ3,E3-reach-mitigation,credibility_reach0_0_wom0,1012,CREDIBILITY_CAMOUFLAGE,TRADITIONAL_MEDIA,FAKE_NEWS_SOURCE,1.0,-1.0,0.0,-1.0,0.33,0.0,5.0,1.0,COMPLETE
news-source-strategies,RQ3,E3-reach-mitigation,credibility_reach0_0_wom0,1013,CREDIBILITY_CAMOUFLAGE,TRADITIONAL_MEDIA,FAKE_NEWS_SOURCE,1.0,-1.0,0.0,-1.0,0.33,0.0,5.0,1.0,COMPLETE
news-source-strategies,RQ3,E3-reach-mitigation,credibility_reach0_0_wom0,1014,CREDIBILITY_CAMOUFLAGE,TRADITIONAL_MEDIA,FAKE_NEWS_SOURCE,1.0,-1.0,0.0,-1.0,0.33,0.0,5.0,1.0,COMPLETE
news-source-strategies,RQ3,E3-reach-mitigation,credibility_reach0_0_wom0,1015,CREDIBILITY_CAMOUFLAGE,TRADITIONAL_MEDIA,FAKE_NEWS_SOURCE,1.0,-1.0,0.0,-1.0,0.33,0.0,5.0,1.0,COMPLETE
news-source-strategies,RQ3,E3-reach-mitigation,credibility_reach0_0_wom0,1016,CREDIBILITY_CAMOUFLAGE,TRADITIONAL_MEDIA,FAKE_NEWS_SOURCE,1.0,-1.0,0.0,-1.0,0.33,0.0,5.0,1.0,COMPLETE
news-source-strategies,RQ3,E3-reach-mitigation,credibility_reach0_0_wom0,1017,CREDIBILITY_CAMOUFLAGE,TRADITIONAL_MEDIA,FAKE_NEWS_SOURCE,1.0,-1.0,0.0,-1.0,0.33,0.0,5.0,1.0,COMPLETE
news-source-strategies,RQ3,E3-reach-mitigation,credibility_reach0_0_wom0,1018,CREDIBILITY_CAMOUFLAGE,TRADITIONAL_MEDIA,FAKE_NEWS_SOURCE,1.0,-1.0,0.0,-1.0,0.33,0.0,5.0,1.0,COMPLETE
news-source-strategies,RQ3,E3-reach-mitigation,credibility_reach0_0_wom0,1019,CREDIBILITY_CAMOUFLAGE,TRADITIONAL_MEDIA,FAKE_NEWS_SOURCE,1.0,-1.0,0.0,-1.0,0.33,0.0,5.0,1.0,COMPLETE
news-source-strategies,RQ3,E3-reach-mitigation,credibility_reach0_0_wom0,1020,CREDIBILITY_CAMOUFLAGE,TRADITIONAL_MEDIA,FAKE_NEWS_SOURCE,1.0,-1.0,0.0,-1.0,0.33,0.0,5.0,1.0,COMPLETE
news-source-strategies,RQ3,E3-reach-mitigation,credibility_reach0_0_wom0,1021,CREDIBILITY_CAMOUFLAGE,TRADITIONAL_MEDIA,FAKE_NEWS_SOURCE,1.0,-1.0,0.0,-1.0,0.33,0.0,5.0,1.0,COMPLETE
news-source-strategies,RQ3,E3-reach-mitigation,credibility_reach0_0_wom0,1022,CREDIBILITY_CAMOUFLAGE,TRADITIONAL_MEDIA,FAKE_NEWS_SOURCE,1.0,-1.0,0.0,-1.0,0.33,0.0,5.0,1.0,COMPLETE
news-source-strategies,RQ3,E3-reach-mitigation,credibility_reach0_0_wom0,1023,CREDIBILITY_CAMOUFLAGE,TRADITIONAL_MEDIA,FAKE_NEWS_SOURCE,1.0,-1.0,0.0,-1.0,0.33,0.0,5.0,1.0,COMPLETE
news-source-strategies,RQ3,E3-reach-mitigation,credibility_reach0_0_wom0,1024,CREDIBILITY_CAMOUFLAGE,TRADITIONAL_MEDIA,FAKE_NEWS_SOURCE,1.0,-1.0,0.0,-1.0,0.33,0.0,5.0,1.0,COMPLETE
news-source-strategies,RQ3,E3-reach-mitigation,credibility_reach0_0_wom0,1025,CREDIBILITY_CAMOUFLAGE,TRADITIONAL_MEDIA,FAKE_NEWS_SOURCE,1.0,-1.0,0.0,-1.0,0.33,0.0,5.0,1.0,COMPLETE
news-source-strategies,RQ3,E3-reach-mitigation,credibility_reach0_0_wom0,1026,CREDIBILITY_CAMOUFLAGE,TRADITIONAL_MEDIA,FAKE_NEWS_SOURCE,1.0,-1.0,0.0,-1.0,0.33,0.0,5.0,1.0,COMPLETE
news-source-strategies,RQ3,E3-reach-mitigation,credibility_reach0_0_wom0,1027,CREDIBILITY_CAMOUFLAGE,TRADITIONAL_MEDIA,FAKE_NEWS_SOURCE,1.0,-1.0,0.0,-1.0,0.33,0.0,5.0,1.0,COMPLETE
news-source-strategies,RQ3,E3-reach-mitigation,credibility_reach0_0_wom0,1028,CREDIBILITY_CAMOUFLAGE,TRADITIONAL_MEDIA,FAKE_NEWS_SOURCE,1.0,-1.0,0.0,-1.0,0.33,0.0,5.0,1.0,COMPLETE
news-source-strategies,RQ3,E3-reach-mitigation,credibility_reach0_0_wom0,1029,CREDIBILITY_CAMOUFLAGE,TRADITIONAL_MEDIA,FAKE_NEWS_SOURCE,1.0,-1.0,0.0,-1.0,0.33,0.0,5.0,1.0,COMPLETE
news-source-strategies,RQ3,E3-reach-mitigation,credibility_reach0_0_wom0,1030,CREDIBILITY_CAMOUFLAGE,TRADITIONAL_MEDIA,FAKE_NEWS_SOURCE,1.0,-1.0,0.0,-1.0,0.33,0.0,5.0,1.0,COMPLETE
news-source-strategies,RQ3,E3-reach-mitigation,credibility_reach0_0_wom1,1001,CREDIBILITY_CAMOUFLAGE,TRADITIONAL_MEDIA,FAKE_NEWS_SOURCE,1.0,-1.0,0.0,-1.0,0.33,1.0,5.0,1.0,COMPLETE
news-source-strategies,RQ3,E3-reach-mitigation,credibility_reach0_0_wom1,1002,CREDIBILITY_CAMOUFLAGE,TRADITIONAL_MEDIA,FAKE_NEWS_SOURCE,1.0,-1.0,0.0,-1.0,0.33,1.0,5.0,1.0,COMPLETE
news-source-strategies,RQ3,E3-reach-mitigation,credibility_reach0_0_wom1,1003,CREDIBILITY_CAMOUFLAGE,TRADITIONAL_MEDIA,FAKE_NEWS_SOURCE,1.0,-1.0,0.0,-1.0,0.33,1.0,5.0,1.0,COMPLETE
news-source-strategies,RQ3,E3-reach-mitigation,credibility_reach0_0_wom1,1004,CREDIBILITY_CAMOUFLAGE,TRADITIONAL_MEDIA,FAKE_NEWS_SOURCE,1.0,-1.0,0.0,-1.0,0.33,1.0,5.0,1.0,COMPLETE
news-source-strategies,RQ3,E3-reach-mitigation,credibility_reach0_0_wom1,1005,CREDIBILITY_CAMOUFLAGE,TRADITIONAL_MEDIA,FAKE_NEWS_SOURCE,1.0,-1.0,0.0,-1.0,0.33,1.0,5.0,1.0,COMPLETE
news-source-strategies,RQ3,E3-reach-mitigation,credibility_reach0_0_wom1,1006,CREDIBILITY_CAMOUFLAGE,TRADITIONAL_MEDIA,FAKE_NEWS_SOURCE,1.0,-1.0,0.0,-1.0,0.33,1.0,5.0,1.0,COMPLETE
news-source-strategies,RQ3,E3-reach-mitigation,credibility_reach0_0_wom1,1007,CREDIBILITY_CAMOUFLAGE,TRADITIONAL_MEDIA,FAKE_NEWS_SOURCE,1.0,-1.0,0.0,-1.0,0.33,1.0,5.0,1.0,COMPLETE
news-source-strategies,RQ3,E3-reach-mitigation,credibility_reach0_0_wom1,1008,CREDIBILITY_CAMOUFLAGE,TRADITIONAL_MEDIA,FAKE_NEWS_SOURCE,1.0,-1.0,0.0,-1.0,0.33,1.0,5.0,1.0,COMPLETE
news-source-strategies,RQ3,E3-reach-mitigation,credibility_reach0_0_wom1,1009,CREDIBILITY_CAMOUFLAGE,TRADITIONAL_MEDIA,FAKE_NEWS_SOURCE,1.0,-1.0,0.0,-1.0,0.33,1.0,5.0,1.0,COMPLETE
news-source-strategies,RQ3,E3-reach-mitigation,credibility_reach0_0_wom1,1010,CREDIBILITY_CAMOUFLAGE,TRADITIONAL_MEDIA,FAKE_NEWS_SOURCE,1.0,-1.0,0.0,-1.0,0.33,1.0,5.0,1.0,COMPLETE
news-source-strategies,RQ3,E3-reach-mitigation,credibility_reach0_0_wom1,1011,CREDIBILITY_CAMOUFLAGE,TRADITIONAL_MEDIA,FAKE_NEWS_SOURCE,1.0,-1.0,0.0,-1.0,0.33,1.0,5.0,1.0,COMPLETE
news-source-strategies,RQ3,E3-reach-mitigation,credibility_reach0_0_wom1,1012,CREDIBILITY_CAMOUFLAGE,TRADITIONAL_MEDIA,FAKE_NEWS_SOURCE,1.0,-1.0,0.0,-1.0,0.33,1.0,5.0,1.0,COMPLETE
news-source-strategies,RQ3,E3-reach-mitigation,credibility_reach0_0_wom1,1013,CREDIBILITY_CAMOUFLAGE,TRADITIONAL_MEDIA,FAKE_NEWS_SOURCE,1.0,-1.0,0.0,-1.0,0.33,1.0,5.0,1.0,COMPLETE
news-source-strategies,RQ3,E3-reach-mitigation,credibility_reach0_0_wom1,1014,CREDIBILITY_CAMOUFLAGE,TRADITIONAL_MEDIA,FAKE_NEWS_SOURCE,1.0,-1.0,0.0,-1.0,0.33,1.0,5.0,1.0,COMPLETE
news-source-strategies,RQ3,E3-reach-mitigation,credibility_reach0_0_wom1,1015,CREDIBILITY_CAMOUFLAGE,TRADITIONAL_MEDIA,FAKE_NEWS_SOURCE,1.0,-1.0,0.0,-1.0,0.33,1.0,5.0,1.0,COMPLETE
news-source-strategies,RQ3,E3-reach-mitigation,credibility_reach0_0_wom1,1016,CREDIBILITY_CAMOUFLAGE,TRADITIONAL_MEDIA,FAKE_NEWS_SOURCE,1.0,-1.0,0.0,-1.0,0.33,1.0,5.0,1.0,COMPLETE
news-source-strategies,RQ3,E3-reach-mitigation,credibility_reach0_0_wom1,1017,CREDIBILITY_CAMOUFLAGE,TRADITIONAL_MEDIA,FAKE_NEWS_SOURCE,1.0,-1.0,0.0,-1.0,0.33,1.0,5.0,1.0,COMPLETE
news-source-strategies,RQ3,E3-reach-mitigation,credibility_reach0_0_wom1,1018,CREDIBILITY_CAMOUFLAGE,TRADITIONAL_MEDIA,FAKE_NEWS_SOURCE,1.0,-1.0,0.0,-1.0,0.33,1.0,5.0,1.0,COMPLETE
news-source-strategies,RQ3,E3-reach-mitigation,credibility_reach0_0_wom1,1019,CREDIBILITY_CAMOUFLAGE,TRADITIONAL_MEDIA,FAKE_NEWS_SOURCE,1.0,-1.0,0.0,-1.0,0.33,1.0,5.0,1.0,COMPLETE
news-source-strategies,RQ3,E3-reach-mitigation,credibility_reach0_0_wom1,1020,CREDIBILITY_CAMOUFLAGE,TRADITIONAL_MEDIA,FAKE_NEWS_SOURCE,1.0,-1.0,0.0,-1.0,0.33,1.0,5.0,1.0,COMPLETE
news-source-strategies,RQ3,E3-reach-mitigation,credibility_reach0_0_wom1,1021,CREDIBILITY_CAMOUFLAGE,TRADITIONAL_MEDIA,FAKE_NEWS_SOURCE,1.0,-1.0,0.0,-1.0,0.33,1.0,5.0,1.0,COMPLETE
news-source-strategies,RQ3,E3-reach-mitigation,credibility_reach0_0_wom1,1022,CREDIBILITY_CAMOUFLAGE,TRADITIONAL_MEDIA,FAKE_NEWS_SOURCE,1.0,-1.0,0.0,-1.0,0.33,1.0,5.0,1.0,COMPLETE
news-source-strategies,RQ3,E3-reach-mitigation,credibility_reach0_0_wom1,1023,CREDIBILITY_CAMOUFLAGE,TRADITIONAL_MEDIA,FAKE_NEWS_SOURCE,1.0,-1.0,0.0,-1.0,0.33,1.0,5.0,1.0,COMPLETE
news-source-strategies,RQ3,E3-reach-mitigation,credibility_reach0_0_wom1,1024,CREDIBILITY_CAMOUFLAGE,TRADITIONAL_MEDIA,FAKE_NEWS_SOURCE,1.0,-1.0,0.0,-1.0,0.33,1.0,5.0,1.0,COMPLETE
news-source-strategies,RQ3,E3-reach-mitigation,credibility_reach0_0_wom1,1025,CREDIBILITY_CAMOUFLAGE,TRADITIONAL_MEDIA,FAKE_NEWS_SOURCE,1.0,-1.0,0.0,-1.0,0.33,1.0,5.0,1.0,COMPLETE
news-source-strategies,RQ3,E3-reach-mitigation,credibility_reach0_0_wom1,1026,CREDIBILITY_CAMOUFLAGE,TRADITIONAL_MEDIA,FAKE_NEWS_SOURCE,1.0,-1.0,0.0,-1.0,0.33,1.0,5.0,1.0,COMPLETE
news-source-strategies,RQ3,E3-reach-mitigation,credibility_reach0_0_wom1,1027,CREDIBILITY_CAMOUFLAGE,TRADITIONAL_MEDIA,FAKE_NEWS_SOURCE,1.0,-1.0,0.0,-1.0,0.33,1.0,5.0,1.0,COMPLETE
news-source-strategies,RQ3,E3-reach-mitigation,credibility_reach0_0_wom1,1028,CREDIBILITY_CAMOUFLAGE,TRADITIONAL_MEDIA,FAKE_NEWS_SOURCE,1.0,-1.0,0.0,-1.0,0.33,1.0,5.0,1.0,COMPLETE
news-source-strategies,RQ3,E3-reach-mitigation,credibility_reach0_0_wom1,1029,CREDIBILITY_CAMOUFLAGE,TRADITIONAL_MEDIA,FAKE_NEWS_SOURCE,1.0,-1.0,0.0,-1.0,0.33,1.0,5.0,1.0,COMPLETE
news-source-strategies,RQ3,E3-reach-mitigation,credibility_reach0_0_wom1,1030,CREDIBILITY_CAMOUFLAGE,TRADITIONAL_MEDIA,FAKE_NEWS_SOURCE,1.0,-1.0,0.0,-1.0,0.33,1.0,5.0,1.0,COMPLETE
news-source-strategies,RQ3,E3-reach-mitigation,informational_reach14_7_wom0,1001,INFORMATIONAL_CAMOUFLAGE,TRADITIONAL_MEDIA,FAKE_NEWS_SOURCE,1.0,-1.0,14.7,-1.0,0.33,0.0,5.0,1.0,COMPLETE
news-source-strategies,RQ3,E3-reach-mitigation,informational_reach14_7_wom0,1002,INFORMATIONAL_CAMOUFLAGE,TRADITIONAL_MEDIA,FAKE_NEWS_SOURCE,1.0,-1.0,14.7,-1.0,0.33,0.0,5.0,1.0,COMPLETE
news-source-strategies,RQ3,E3-reach-mitigation,informational_reach14_7_wom0,1003,INFORMATIONAL_CAMOUFLAGE,TRADITIONAL_MEDIA,FAKE_NEWS_SOURCE,1.0,-1.0,14.7,-1.0,0.33,0.0,5.0,1.0,COMPLETE
news-source-strategies,RQ3,E3-reach-mitigation,informational_reach14_7_wom0,1004,INFORMATIONAL_CAMOUFLAGE,TRADITIONAL_MEDIA,FAKE_NEWS_SOURCE,1.0,-1.0,14.7,-1.0,0.33,0.0,5.0,1.0,COMPLETE
news-source-strategies,RQ3,E3-reach-mitigation,informational_reach14_7_wom0,1005,INFORMATIONAL_CAMOUFLAGE,TRADITIONAL_MEDIA,FAKE_NEWS_SOURCE,1.0,-1.0,14.7,-1.0,0.33,0.0,5.0,1.0,COMPLETE
news-source-strategies,RQ3,E3-reach-mitigation,informational_reach14_7_wom0,1006,INFORMATIONAL_CAMOUFLAGE,TRADITIONAL_MEDIA,FAKE_NEWS_SOURCE,1.0,-1.0,14.7,-1.0,0.33,0.0,5.0,1.0,COMPLETE
news-source-strategies,RQ3,E3-reach-mitigation,informational_reach14_7_wom0,1007,INFORMATIONAL_CAMOUFLAGE,TRADITIONAL_MEDIA,FAKE_NEWS_SOURCE,1.0,-1.0,14.7,-1.0,0.33,0.0,5.0,1.0,COMPLETE
news-source-strategies,RQ3,E3-reach-mitigation,informational_reach14_7_wom0,1008,INFORMATIONAL_CAMOUFLAGE,TRADITIONAL_MEDIA,FAKE_NEWS_SOURCE,1.0,-1.0,14.7,-1.0,0.33,0.0,5.0,1.0,COMPLETE
news-source-strategies,RQ3,E3-reach-mitigation,informational_reach14_7_wom0,1009,INFORMATIONAL_CAMOUFLAGE,TRADITIONAL_MEDIA,FAKE_NEWS_SOURCE,1.0,-1.0,14.7,-1.0,0.33,0.0,5.0,1.0,COMPLETE
news-source-strategies,RQ3,E3-reach-mitigation,informational_reach14_7_wom0,1010,INFORMATIONAL_CAMOUFLAGE,TRADITIONAL_MEDIA,FAKE_NEWS_SOURCE,1.0,-1.0,14.7,-1.0,0.33,0.0,5.0,1.0,COMPLETE
news-source-strategies,RQ3,E3-reach-mitigation,informational_reach14_7_wom0,1011,INFORMATIONAL_CAMOUFLAGE,TRADITIONAL_MEDIA,FAKE_NEWS_SOURCE,1.0,-1.0,14.7,-1.0,0.33,0.0,5.0,1.0,COMPLETE
news-source-strategies,RQ3,E3-reach-mitigation,informational_reach14_7_wom0,1012,INFORMATIONAL_CAMOUFLAGE,TRADITIONAL_MEDIA,FAKE_NEWS_SOURCE,1.0,-1.0,14.7,-1.0,0.33,0.0,5.0,1.0,COMPLETE
news-source-strategies,RQ3,E3-reach-mitigation,informational_reach14_7_wom0,1013,INFORMATIONAL_CAMOUFLAGE,TRADITIONAL_MEDIA,FAKE_NEWS_SOURCE,1.0,-1.0,14.7,-1.0,0.33,0.0,5.0,1.0,COMPLETE
news-source-strategies,RQ3,E3-reach-mitigation,informational_reach14_7_wom0,1014,INFORMATIONAL_CAMOUFLAGE,TRADITIONAL_MEDIA,FAKE_NEWS_SOURCE,1.0,-1.0,14.7,-1.0,0.33,0.0,5.0,1.0,COMPLETE
news-source-strategies,RQ3,E3-reach-mitigation,informational_reach14_7_wom0,1015,INFORMATIONAL_CAMOUFLAGE,TRADITIONAL_MEDIA,FAKE_NEWS_SOURCE,1.0,-1.0,14.7,-1.0,0.33,0.0,5.0,1.0,COMPLETE
news-source-strategies,RQ3,E3-reach-mitigation,informational_reach14_7_wom0,1016,INFORMATIONAL_CAMOUFLAGE,TRADITIONAL_MEDIA,FAKE_NEWS_SOURCE,1.0,-1.0,14.7,-1.0,0.33,0.0,5.0,1.0,COMPLETE
news-source-strategies,RQ3,E3-reach-mitigation,informational_reach14_7_wom0,1017,INFORMATIONAL_CAMOUFLAGE,TRADITIONAL_MEDIA,FAKE_NEWS_SOURCE,1.0,-1.0,14.7,-1.0,0.33,0.0,5.0,1.0,COMPLETE
news-source-strategies,RQ3,E3-reach-mitigation,informational_reach14_7_wom0,1018,INFORMATIONAL_CAMOUFLAGE,TRADITIONAL_MEDIA,FAKE_NEWS_SOURCE,1.0,-1.0,14.7,-1.0,0.33,0.0,5.0,1.0,COMPLETE
news-source-strategies,RQ3,E3-reach-mitigation,informational_reach14_7_wom0,1019,INFORMATIONAL_CAMOUFLAGE,TRADITIONAL_MEDIA,FAKE_NEWS_SOURCE,1.0,-1.0,14.7,-1.0,0.33,0.0,5.0,1.0,COMPLETE
news-source-strategies,RQ3,E3-reach-mitigation,informational_reach14_7_wom0,1020,INFORMATIONAL_CAMOUFLAGE,TRADITIONAL_MEDIA,FAKE_NEWS_SOURCE,1.0,-1.0,14.7,-1.0,0.33,0.0,5.0,1.0,COMPLETE
news-source-strategies,RQ3,E3-reach-mitigation,informational_reach14_7_wom0,1021,INFORMATIONAL_CAMOUFLAGE,TRADITIONAL_MEDIA,FAKE_NEWS_SOURCE,1.0,-1.0,14.7,-1.0,0.33,0.0,5.0,1.0,COMPLETE
news-source-strategies,RQ3,E3-reach-mitigation,informational_reach14_7_wom0,1022,INFORMATIONAL_CAMOUFLAGE,TRADITIONAL_MEDIA,FAKE_NEWS_SOURCE,1.0,-1.0,14.7,-1.0,0.33,0.0,5.0,1.0,COMPLETE
news-source-strategies,RQ3,E3-reach-mitigation,informational_reach14_7_wom0,1023,INFORMATIONAL_CAMOUFLAGE,TRADITIONAL_MEDIA,FAKE_NEWS_SOURCE,1.0,-1.0,14.7,-1.0,0.33,0.0,5.0,1.0,COMPLETE
news-source-strategies,RQ3,E3-reach-mitigation,informational_reach14_7_wom0,1024,INFORMATIONAL_CAMOUFLAGE,TRADITIONAL_MEDIA,FAKE_NEWS_SOURCE,1.0,-1.0,14.7,-1.0,0.33,0.0,5.0,1.0,COMPLETE
news-source-strategies,RQ3,E3-reach-mitigation,informational_reach14_7_wom0,1025,INFORMATIONAL_CAMOUFLAGE,TRADITIONAL_MEDIA,FAKE_NEWS_SOURCE,1.0,-1.0,14.7,-1.0,0.33,0.0,5.0,1.0,COMPLETE
news-source-strategies,RQ3,E3-reach-mitigation,informational_reach14_7_wom0,1026,INFORMATIONAL_CAMOUFLAGE,TRADITIONAL_MEDIA,FAKE_NEWS_SOURCE,1.0,-1.0,14.7,-1.0,0.33,0.0,5.0,1.0,COMPLETE
news-source-strategies,RQ3,E3-reach-mitigation,informational_reach14_7_wom0,1027,INFORMATIONAL_CAMOUFLAGE,TRADITIONAL_MEDIA,FAKE_NEWS_SOURCE,1.0,-1.0,14.7,-1.0,0.33,0.0,5.0,1.0,COMPLETE
news-source-strategies,RQ3,E3-reach-mitigation,informational_reach14_7_wom0,1028,INFORMATIONAL_CAMOUFLAGE,TRADITIONAL_MEDIA,FAKE_NEWS_SOURCE,1.0,-1.0,14.7,-1.0,0.33,0.0,5.0,1.0,COMPLETE
news-source-strategies,RQ3,E3-reach-mitigation,informational_reach14_7_wom0,1029,INFORMATIONAL_CAMOUFLAGE,TRADITIONAL_MEDIA,FAKE_NEWS_SOURCE,1.0,-1.0,14.7,-1.0,0.33,0.0,5.0,1.0,COMPLETE
news-source-strategies,RQ3,E3-reach-mitigation,informational_reach14_7_wom0,1030,INFORMATIONAL_CAMOUFLAGE,TRADITIONAL_MEDIA,FAKE_NEWS_SOURCE,1.0,-1.0,14.7,-1.0,0.33,0.0,5.0,1.0,COMPLETE
news-source-strategies,RQ3,E3-reach-mitigation,informational_reach14_7_wom1,1001,INFORMATIONAL_CAMOUFLAGE,TRADITIONAL_MEDIA,FAKE_NEWS_SOURCE,1.0,-1.0,14.7,-1.0,0.33,1.0,5.0,1.0,COMPLETE
news-source-strategies,RQ3,E3-reach-mitigation,informational_reach14_7_wom1,1002,INFORMATIONAL_CAMOUFLAGE,TRADITIONAL_MEDIA,FAKE_NEWS_SOURCE,1.0,-1.0,14.7,-1.0,0.33,1.0,5.0,1.0,COMPLETE
news-source-strategies,RQ3,E3-reach-mitigation,informational_reach14_7_wom1,1003,INFORMATIONAL_CAMOUFLAGE,TRADITIONAL_MEDIA,FAKE_NEWS_SOURCE,1.0,-1.0,14.7,-1.0,0.33,1.0,5.0,1.0,COMPLETE
news-source-strategies,RQ3,E3-reach-mitigation,informational_reach14_7_wom1,1004,INFORMATIONAL_CAMOUFLAGE,TRADITIONAL_MEDIA,FAKE_NEWS_SOURCE,1.0,-1.0,14.7,-1.0,0.33,1.0,5.0,1.0,COMPLETE
news-source-strategies,RQ3,E3-reach-mitigation,informational_reach14_7_wom1,1005,INFORMATIONAL_CAMOUFLAGE,TRADITIONAL_MEDIA,FAKE_NEWS_SOURCE,1.0,-1.0,14.7,-1.0,0.33,1.0,5.0,1.0,COMPLETE
news-source-strategies,RQ3,E3-reach-mitigation,informational_reach14_7_wom1,1006,INFORMATIONAL_CAMOUFLAGE,TRADITIONAL_MEDIA,FAKE_NEWS_SOURCE,1.0,-1.0,14.7,-1.0,0.33,1.0,5.0,1.0,COMPLETE
news-source-strategies,RQ3,E3-reach-mitigation,informational_reach14_7_wom1,1007,INFORMATIONAL_CAMOUFLAGE,TRADITIONAL_MEDIA,FAKE_NEWS_SOURCE,1.0,-1.0,14.7,-1.0,0.33,1.0,5.0,1.0,COMPLETE
news-source-strategies,RQ3,E3-reach-mitigation,informational_reach14_7_wom1,1008,INFORMATIONAL_CAMOUFLAGE,TRADITIONAL_MEDIA,FAKE_NEWS_SOURCE,1.0,-1.0,14.7,-1.0,0.33,1.0,5.0,1.0,COMPLETE
news-source-strategies,RQ3,E3-reach-mitigation,informational_reach14_7_wom1,1009,INFORMATIONAL_CAMOUFLAGE,TRADITIONAL_MEDIA,FAKE_NEWS_SOURCE,1.0,-1.0,14.7,-1.0,0.33,1.0,5.0,1.0,COMPLETE
news-source-strategies,RQ3,E3-reach-mitigation,informational_reach14_7_wom1,1010,INFORMATIONAL_CAMOUFLAGE,TRADITIONAL_MEDIA,FAKE_NEWS_SOURCE,1.0,-1.0,14.7,-1.0,0.33,1.0,5.0,1.0,COMPLETE
news-source-strategies,RQ3,E3-reach-mitigation,informational_reach14_7_wom1,1011,INFORMATIONAL_CAMOUFLAGE,TRADITIONAL_MEDIA,FAKE_NEWS_SOURCE,1.0,-1.0,14.7,-1.0,0.33,1.0,5.0,1.0,COMPLETE
news-source-strategies,RQ3,E3-reach-mitigation,informational_reach14_7_wom1,1012,INFORMATIONAL_CAMOUFLAGE,TRADITIONAL_MEDIA,FAKE_NEWS_SOURCE,1.0,-1.0,14.7,-1.0,0.33,1.0,5.0,1.0,COMPLETE
news-source-strategies,RQ3,E3-reach-mitigation,informational_reach14_7_wom1,1013,INFORMATIONAL_CAMOUFLAGE,TRADITIONAL_MEDIA,FAKE_NEWS_SOURCE,1.0,-1.0,14.7,-1.0,0.33,1.0,5.0,1.0,COMPLETE
news-source-strategies,RQ3,E3-reach-mitigation,informational_reach14_7_wom1,1014,INFORMATIONAL_CAMOUFLAGE,TRADITIONAL_MEDIA,FAKE_NEWS_SOURCE,1.0,-1.0,14.7,-1.0,0.33,1.0,5.0,1.0,COMPLETE
news-source-strategies,RQ3,E3-reach-mitigation,informational_reach14_7_wom1,1015,INFORMATIONAL_CAMOUFLAGE,TRADITIONAL_MEDIA,FAKE_NEWS_SOURCE,1.0,-1.0,14.7,-1.0,0.33,1.0,5.0,1.0,COMPLETE
news-source-strategies,RQ3,E3-reach-mitigation,informational_reach14_7_wom1,1016,INFORMATIONAL_CAMOUFLAGE,TRADITIONAL_MEDIA,FAKE_NEWS_SOURCE,1.0,-1.0,14.7,-1.0,0.33,1.0,5.0,1.0,COMPLETE
news-source-strategies,RQ3,E3-reach-mitigation,informational_reach14_7_wom1,1017,INFORMATIONAL_CAMOUFLAGE,TRADITIONAL_MEDIA,FAKE_NEWS_SOURCE,1.0,-1.0,14.7,-1.0,0.33,1.0,5.0,1.0,COMPLETE
news-source-strategies,RQ3,E3-reach-mitigation,informational_reach14_7_wom1,1018,INFORMATIONAL_CAMOUFLAGE,TRADITIONAL_MEDIA,FAKE_NEWS_SOURCE,1.0,-1.0,14.7,-1.0,0.33,1.0,5.0,1.0,COMPLETE
news-source-strategies,RQ3,E3-reach-mitigation,informational_reach14_7_wom1,1019,INFORMATIONAL_CAMOUFLAGE,TRADITIONAL_MEDIA,FAKE_NEWS_SOURCE,1.0,-1.0,14.7,-1.0,0.33,1.0,5.0,1.0,COMPLETE
news-source-strategies,RQ3,E3-reach-mitigation,informational_reach14_7_wom1,1020,INFORMATIONAL_CAMOUFLAGE,TRADITIONAL_MEDIA,FAKE_NEWS_SOURCE,1.0,-1.0,14.7,-1.0,0.33,1.0,5.0,1.0,COMPLETE
news-source-strategies,RQ3,E3-reach-mitigation,informational_reach14_7_wom1,1021,INFORMATIONAL_CAMOUFLAGE,TRADITIONAL_MEDIA,FAKE_NEWS_SOURCE,1.0,-1.0,14.7,-1.0,0.33,1.0,5.0,1.0,COMPLETE
news-source-strategies,RQ3,E3-reach-mitigation,informational_reach14_7_wom1,1022,INFORMATIONAL_CAMOUFLAGE,TRADITIONAL_MEDIA,FAKE_NEWS_SOURCE,1.0,-1.0,14.7,-1.0,0.33,1.0,5.0,1.0,COMPLETE
news-source-strategies,RQ3,E3-reach-mitigation,informational_reach14_7_wom1,1023,INFORMATIONAL_CAMOUFLAGE,TRADITIONAL_MEDIA,FAKE_NEWS_SOURCE,1.0,-1.0,14.7,-1.0,0.33,1.0,5.0,1.0,COMPLETE
news-source-strategies,RQ3,E3-reach-mitigation,informational_reach14_7_wom1,1024,INFORMATIONAL_CAMOUFLAGE,TRADITIONAL_MEDIA,FAKE_NEWS_SOURCE,1.0,-1.0,14.7,-1.0,0.33,1.0,5.0,1.0,COMPLETE
news-source-strategies,RQ3,E3-reach-mitigation,informational_reach14_7_wom1,1025,INFORMATIONAL_CAMOUFLAGE,TRADITIONAL_MEDIA,FAKE_NEWS_SOURCE,1.0,-1.0,14.7,-1.0,0.33,1.0,5.0,1.0,COMPLETE
news-source-strategies,RQ3,E3-reach-mitigation,informational_reach14_7_wom1,1026,INFORMATIONAL_CAMOUFLAGE,TRADITIONAL_MEDIA,FAKE_NEWS_SOURCE,1.0,-1.0,14.7,-1.0,0.33,1.0,5.0,1.0,COMPLETE
news-source-strategies,RQ3,E3-reach-mitigation,informational_reach14_7_wom1,1027,INFORMATIONAL_CAMOUFLAGE,TRADITIONAL_MEDIA,FAKE_NEWS_SOURCE,1.0,-1.0,14.7,-1.0,0.33,1.0,5.0,1.0,COMPLETE
news-source-strategies,RQ3,E3-reach-mitigation,informational_reach14_7_wom1,1028,INFORMATIONAL_CAMOUFLAGE,TRADITIONAL_MEDIA,FAKE_NEWS_SOURCE,1.0,-1.0,14.7,-1.0,0.33,1.0,5.0,1.0,COMPLETE
news-source-strategies,RQ3,E3-reach-mitigation,informational_reach14_7_wom1,1029,INFORMATIONAL_CAMOUFLAGE,TRADITIONAL_MEDIA,FAKE_NEWS_SOURCE,1.0,-1.0,14.7,-1.0,0.33,1.0,5.0,1.0,COMPLETE
news-source-strategies,RQ3,E3-reach-mitigation,informational_reach14_7_wom1,1030,INFORMATIONAL_CAMOUFLAGE,TRADITIONAL_MEDIA,FAKE_NEWS_SOURCE,1.0,-1.0,14.7,-1.0,0.33,1.0,5.0,1.0,COMPLETE
news-source-strategies,RQ3,E3-reach-mitigation,informational_reach10_0_wom0,1001,INFORMATIONAL_CAMOUFLAGE,TRADITIONAL_MEDIA,FAKE_NEWS_SOURCE,1.0,-1.0,10.0,-1.0,0.33,0.0,5.0,1.0,COMPLETE
news-source-strategies,RQ3,E3-reach-mitigation,informational_reach10_0_wom0,1002,INFORMATIONAL_CAMOUFLAGE,TRADITIONAL_MEDIA,FAKE_NEWS_SOURCE,1.0,-1.0,10.0,-1.0,0.33,0.0,5.0,1.0,COMPLETE
news-source-strategies,RQ3,E3-reach-mitigation,informational_reach10_0_wom0,1003,INFORMATIONAL_CAMOUFLAGE,TRADITIONAL_MEDIA,FAKE_NEWS_SOURCE,1.0,-1.0,10.0,-1.0,0.33,0.0,5.0,1.0,COMPLETE
news-source-strategies,RQ3,E3-reach-mitigation,informational_reach10_0_wom0,1004,INFORMATIONAL_CAMOUFLAGE,TRADITIONAL_MEDIA,FAKE_NEWS_SOURCE,1.0,-1.0,10.0,-1.0,0.33,0.0,5.0,1.0,COMPLETE
news-source-strategies,RQ3,E3-reach-mitigation,informational_reach10_0_wom0,1005,INFORMATIONAL_CAMOUFLAGE,TRADITIONAL_MEDIA,FAKE_NEWS_SOURCE,1.0,-1.0,10.0,-1.0,0.33,0.0,5.0,1.0,COMPLETE
news-source-strategies,RQ3,E3-reach-mitigation,informational_reach10_0_wom0,1006,INFORMATIONAL_CAMOUFLAGE,TRADITIONAL_MEDIA,FAKE_NEWS_SOURCE,1.0,-1.0,10.0,-1.0,0.33,0.0,5.0,1.0,COMPLETE
news-source-strategies,RQ3,E3-reach-mitigation,informational_reach10_0_wom0,1007,INFORMATIONAL_CAMOUFLAGE,TRADITIONAL_MEDIA,FAKE_NEWS_SOURCE,1.0,-1.0,10.0,-1.0,0.33,0.0,5.0,1.0,COMPLETE
news-source-strategies,RQ3,E3-reach-mitigation,informational_reach10_0_wom0,1008,INFORMATIONAL_CAMOUFLAGE,TRADITIONAL_MEDIA,FAKE_NEWS_SOURCE,1.0,-1.0,10.0,-1.0,0.33,0.0,5.0,1.0,COMPLETE
news-source-strategies,RQ3,E3-reach-mitigation,informational_reach10_0_wom0,1009,INFORMATIONAL_CAMOUFLAGE,TRADITIONAL_MEDIA,FAKE_NEWS_SOURCE,1.0,-1.0,10.0,-1.0,0.33,0.0,5.0,1.0,COMPLETE
news-source-strategies,RQ3,E3-reach-mitigation,informational_reach10_0_wom0,1010,INFORMATIONAL_CAMOUFLAGE,TRADITIONAL_MEDIA,FAKE_NEWS_SOURCE,1.0,-1.0,10.0,-1.0,0.33,0.0,5.0,1.0,COMPLETE
news-source-strategies,RQ3,E3-reach-mitigation,informational_reach10_0_wom0,1011,INFORMATIONAL_CAMOUFLAGE,TRADITIONAL_MEDIA,FAKE_NEWS_SOURCE,1.0,-1.0,10.0,-1.0,0.33,0.0,5.0,1.0,COMPLETE
news-source-strategies,RQ3,E3-reach-mitigation,informational_reach10_0_wom0,1012,INFORMATIONAL_CAMOUFLAGE,TRADITIONAL_MEDIA,FAKE_NEWS_SOURCE,1.0,-1.0,10.0,-1.0,0.33,0.0,5.0,1.0,COMPLETE
news-source-strategies,RQ3,E3-reach-mitigation,informational_reach10_0_wom0,1013,INFORMATIONAL_CAMOUFLAGE,TRADITIONAL_MEDIA,FAKE_NEWS_SOURCE,1.0,-1.0,10.0,-1.0,0.33,0.0,5.0,1.0,COMPLETE
news-source-strategies,RQ3,E3-reach-mitigation,informational_reach10_0_wom0,1014,INFORMATIONAL_CAMOUFLAGE,TRADITIONAL_MEDIA,FAKE_NEWS_SOURCE,1.0,-1.0,10.0,-1.0,0.33,0.0,5.0,1.0,COMPLETE
news-source-strategies,RQ3,E3-reach-mitigation,informational_reach10_0_wom0,1015,INFORMATIONAL_CAMOUFLAGE,TRADITIONAL_MEDIA,FAKE_NEWS_SOURCE,1.0,-1.0,10.0,-1.0,0.33,0.0,5.0,1.0,COMPLETE
news-source-strategies,RQ3,E3-reach-mitigation,informational_reach10_0_wom0,1016,INFORMATIONAL_CAMOUFLAGE,TRADITIONAL_MEDIA,FAKE_NEWS_SOURCE,1.0,-1.0,10.0,-1.0,0.33,0.0,5.0,1.0,COMPLETE
news-source-strategies,RQ3,E3-reach-mitigation,informational_reach10_0_wom0,1017,INFORMATIONAL_CAMOUFLAGE,TRADITIONAL_MEDIA,FAKE_NEWS_SOURCE,1.0,-1.0,10.0,-1.0,0.33,0.0,5.0,1.0,COMPLETE
news-source-strategies,RQ3,E3-reach-mitigation,informational_reach10_0_wom0,1018,INFORMATIONAL_CAMOUFLAGE,TRADITIONAL_MEDIA,FAKE_NEWS_SOURCE,1.0,-1.0,10.0,-1.0,0.33,0.0,5.0,1.0,COMPLETE
news-source-strategies,RQ3,E3-reach-mitigation,informational_reach10_0_wom0,1019,INFORMATIONAL_CAMOUFLAGE,TRADITIONAL_MEDIA,FAKE_NEWS_SOURCE,1.0,-1.0,10.0,-1.0,0.33,0.0,5.0,1.0,COMPLETE
news-source-strategies,RQ3,E3-reach-mitigation,informational_reach10_0_wom0,1020,INFORMATIONAL_CAMOUFLAGE,TRADITIONAL_MEDIA,FAKE_NEWS_SOURCE,1.0,-1.0,10.0,-1.0,0.33,0.0,5.0,1.0,COMPLETE
news-source-strategies,RQ3,E3-reach-mitigation,informational_reach10_0_wom0,1021,INFORMATIONAL_CAMOUFLAGE,TRADITIONAL_MEDIA,FAKE_NEWS_SOURCE,1.0,-1.0,10.0,-1.0,0.33,0.0,5.0,1.0,COMPLETE
news-source-strategies,RQ3,E3-reach-mitigation,informational_reach10_0_wom0,1022,INFORMATIONAL_CAMOUFLAGE,TRADITIONAL_MEDIA,FAKE_NEWS_SOURCE,1.0,-1.0,10.0,-1.0,0.33,0.0,5.0,1.0,COMPLETE
news-source-strategies,RQ3,E3-reach-mitigation,informational_reach10_0_wom0,1023,INFORMATIONAL_CAMOUFLAGE,TRADITIONAL_MEDIA,FAKE_NEWS_SOURCE,1.0,-1.0,10.0,-1.0,0.33,0.0,5.0,1.0,COMPLETE
news-source-strategies,RQ3,E3-reach-mitigation,informational_reach10_0_wom0,1024,INFORMATIONAL_CAMOUFLAGE,TRADITIONAL_MEDIA,FAKE_NEWS_SOURCE,1.0,-1.0,10.0,-1.0,0.33,0.0,5.0,1.0,COMPLETE
news-source-strategies,RQ3,E3-reach-mitigation,informational_reach10_0_wom0,1025,INFORMATIONAL_CAMOUFLAGE,TRADITIONAL_MEDIA,FAKE_NEWS_SOURCE,1.0,-1.0,10.0,-1.0,0.33,0.0,5.0,1.0,COMPLETE
news-source-strategies,RQ3,E3-reach-mitigation,informational_reach10_0_wom0,1026,INFORMATIONAL_CAMOUFLAGE,TRADITIONAL_MEDIA,FAKE_NEWS_SOURCE,1.0,-1.0,10.0,-1.0,0.33,0.0,5.0,1.0,COMPLETE
news-source-strategies,RQ3,E3-reach-mitigation,informational_reach10_0_wom0,1027,INFORMATIONAL_CAMOUFLAGE,TRADITIONAL_MEDIA,FAKE_NEWS_SOURCE,1.0,-1.0,10.0,-1.0,0.33,0.0,5.0,1.0,COMPLETE
news-source-strategies,RQ3,E3-reach-mitigation,informational_reach10_0_wom0,1028,INFORMATIONAL_CAMOUFLAGE,TRADITIONAL_MEDIA,FAKE_NEWS_SOURCE,1.0,-1.0,10.0,-1.0,0.33,0.0,5.0,1.0,COMPLETE
news-source-strategies,RQ3,E3-reach-mitigation,informational_reach10_0_wom0,1029,INFORMATIONAL_CAMOUFLAGE,TRADITIONAL_MEDIA,FAKE_NEWS_SOURCE,1.0,-1.0,10.0,-1.0,0.33,0.0,5.0,1.0,COMPLETE
news-source-strategies,RQ3,E3-reach-mitigation,informational_reach10_0_wom0,1030,INFORMATIONAL_CAMOUFLAGE,TRADITIONAL_MEDIA,FAKE_NEWS_SOURCE,1.0,-1.0,10.0,-1.0,0.33,0.0,5.0,1.0,COMPLETE
news-source-strategies,RQ3,E3-reach-mitigation,informational_reach10_0_wom1,1001,INFORMATIONAL_CAMOUFLAGE,TRADITIONAL_MEDIA,FAKE_NEWS_SOURCE,1.0,-1.0,10.0,-1.0,0.33,1.0,5.0,1.0,COMPLETE
news-source-strategies,RQ3,E3-reach-mitigation,informational_reach10_0_wom1,1002,INFORMATIONAL_CAMOUFLAGE,TRADITIONAL_MEDIA,FAKE_NEWS_SOURCE,1.0,-1.0,10.0,-1.0,0.33,1.0,5.0,1.0,COMPLETE
news-source-strategies,RQ3,E3-reach-mitigation,informational_reach10_0_wom1,1003,INFORMATIONAL_CAMOUFLAGE,TRADITIONAL_MEDIA,FAKE_NEWS_SOURCE,1.0,-1.0,10.0,-1.0,0.33,1.0,5.0,1.0,COMPLETE
news-source-strategies,RQ3,E3-reach-mitigation,informational_reach10_0_wom1,1004,INFORMATIONAL_CAMOUFLAGE,TRADITIONAL_MEDIA,FAKE_NEWS_SOURCE,1.0,-1.0,10.0,-1.0,0.33,1.0,5.0,1.0,COMPLETE
news-source-strategies,RQ3,E3-reach-mitigation,informational_reach10_0_wom1,1005,INFORMATIONAL_CAMOUFLAGE,TRADITIONAL_MEDIA,FAKE_NEWS_SOURCE,1.0,-1.0,10.0,-1.0,0.33,1.0,5.0,1.0,COMPLETE
news-source-strategies,RQ3,E3-reach-mitigation,informational_reach10_0_wom1,1006,INFORMATIONAL_CAMOUFLAGE,TRADITIONAL_MEDIA,FAKE_NEWS_SOURCE,1.0,-1.0,10.0,-1.0,0.33,1.0,5.0,1.0,COMPLETE
news-source-strategies,RQ3,E3-reach-mitigation,informational_reach10_0_wom1,1007,INFORMATIONAL_CAMOUFLAGE,TRADITIONAL_MEDIA,FAKE_NEWS_SOURCE,1.0,-1.0,10.0,-1.0,0.33,1.0,5.0,1.0,COMPLETE
news-source-strategies,RQ3,E3-reach-mitigation,informational_reach10_0_wom1,1008,INFORMATIONAL_CAMOUFLAGE,TRADITIONAL_MEDIA,FAKE_NEWS_SOURCE,1.0,-1.0,10.0,-1.0,0.33,1.0,5.0,1.0,COMPLETE
news-source-strategies,RQ3,E3-reach-mitigation,informational_reach10_0_wom1,1009,INFORMATIONAL_CAMOUFLAGE,TRADITIONAL_MEDIA,FAKE_NEWS_SOURCE,1.0,-1.0,10.0,-1.0,0.33,1.0,5.0,1.0,COMPLETE
news-source-strategies,RQ3,E3-reach-mitigation,informational_reach10_0_wom1,1010,INFORMATIONAL_CAMOUFLAGE,TRADITIONAL_MEDIA,FAKE_NEWS_SOURCE,1.0,-1.0,10.0,-1.0,0.33,1.0,5.0,1.0,COMPLETE
news-source-strategies,RQ3,E3-reach-mitigation,informational_reach10_0_wom1,1011,INFORMATIONAL_CAMOUFLAGE,TRADITIONAL_MEDIA,FAKE_NEWS_SOURCE,1.0,-1.0,10.0,-1.0,0.33,1.0,5.0,1.0,COMPLETE
news-source-strategies,RQ3,E3-reach-mitigation,informational_reach10_0_wom1,1012,INFORMATIONAL_CAMOUFLAGE,TRADITIONAL_MEDIA,FAKE_NEWS_SOURCE,1.0,-1.0,10.0,-1.0,0.33,1.0,5.0,1.0,COMPLETE
news-source-strategies,RQ3,E3-reach-mitigation,informational_reach10_0_wom1,1013,INFORMATIONAL_CAMOUFLAGE,TRADITIONAL_MEDIA,FAKE_NEWS_SOURCE,1.0,-1.0,10.0,-1.0,0.33,1.0,5.0,1.0,COMPLETE
news-source-strategies,RQ3,E3-reach-mitigation,informational_reach10_0_wom1,1014,INFORMATIONAL_CAMOUFLAGE,TRADITIONAL_MEDIA,FAKE_NEWS_SOURCE,1.0,-1.0,10.0,-1.0,0.33,1.0,5.0,1.0,COMPLETE
news-source-strategies,RQ3,E3-reach-mitigation,informational_reach10_0_wom1,1015,INFORMATIONAL_CAMOUFLAGE,TRADITIONAL_MEDIA,FAKE_NEWS_SOURCE,1.0,-1.0,10.0,-1.0,0.33,1.0,5.0,1.0,COMPLETE
news-source-strategies,RQ3,E3-reach-mitigation,informational_reach10_0_wom1,1016,INFORMATIONAL_CAMOUFLAGE,TRADITIONAL_MEDIA,FAKE_NEWS_SOURCE,1.0,-1.0,10.0,-1.0,0.33,1.0,5.0,1.0,COMPLETE
news-source-strategies,RQ3,E3-reach-mitigation,informational_reach10_0_wom1,1017,INFORMATIONAL_CAMOUFLAGE,TRADITIONAL_MEDIA,FAKE_NEWS_SOURCE,1.0,-1.0,10.0,-1.0,0.33,1.0,5.0,1.0,COMPLETE
news-source-strategies,RQ3,E3-reach-mitigation,informational_reach10_0_wom1,1018,INFORMATIONAL_CAMOUFLAGE,TRADITIONAL_MEDIA,FAKE_NEWS_SOURCE,1.0,-1.0,10.0,-1.0,0.33,1.0,5.0,1.0,COMPLETE
news-source-strategies,RQ3,E3-reach-mitigation,informational_reach10_0_wom1,1019,INFORMATIONAL_CAMOUFLAGE,TRADITIONAL_MEDIA,FAKE_NEWS_SOURCE,1.0,-1.0,10.0,-1.0,0.33,1.0,5.0,1.0,COMPLETE
news-source-strategies,RQ3,E3-reach-mitigation,informational_reach10_0_wom1,1020,INFORMATIONAL_CAMOUFLAGE,TRADITIONAL_MEDIA,FAKE_NEWS_SOURCE,1.0,-1.0,10.0,-1.0,0.33,1.0,5.0,1.0,COMPLETE
news-source-strategies,RQ3,E3-reach-mitigation,informational_reach10_0_wom1,1021,INFORMATIONAL_CAMOUFLAGE,TRADITIONAL_MEDIA,FAKE_NEWS_SOURCE,1.0,-1.0,10.0,-1.0,0.33,1.0,5.0,1.0,COMPLETE
news-source-strategies,RQ3,E3-reach-mitigation,informational_reach10_0_wom1,1022,INFORMATIONAL_CAMOUFLAGE,TRADITIONAL_MEDIA,FAKE_NEWS_SOURCE,1.0,-1.0,10.0,-1.0,0.33,1.0,5.0,1.0,COMPLETE
news-source-strategies,RQ3,E3-reach-mitigation,informational_reach10_0_wom1,1023,INFORMATIONAL_CAMOUFLAGE,TRADITIONAL_MEDIA,FAKE_NEWS_SOURCE,1.0,-1.0,10.0,-1.0,0.33,1.0,5.0,1.0,COMPLETE
news-source-strategies,RQ3,E3-reach-mitigation,informational_reach10_0_wom1,1024,INFORMATIONAL_CAMOUFLAGE,TRADITIONAL_MEDIA,FAKE_NEWS_SOURCE,1.0,-1.0,10.0,-1.0,0.33,1.0,5.0,1.0,COMPLETE
news-source-strategies,RQ3,E3-reach-mitigation,informational_reach10_0_wom1,1025,INFORMATIONAL_CAMOUFLAGE,TRADITIONAL_MEDIA,FAKE_NEWS_SOURCE,1.0,-1.0,10.0,-1.0,0.33,1.0,5.0,1.0,COMPLETE
news-source-strategies,RQ3,E3-reach-mitigation,informational_reach10_0_wom1,1026,INFORMATIONAL_CAMOUFLAGE,TRADITIONAL_MEDIA,FAKE_NEWS_SOURCE,1.0,-1.0,10.0,-1.0,0.33,1.0,5.0,1.0,COMPLETE
news-source-strategies,RQ3,E3-reach-mitigation,informational_reach10_0_wom1,1027,INFORMATIONAL_CAMOUFLAGE,TRADITIONAL_MEDIA,FAKE_NEWS_SOURCE,1.0,-1.0,10.0,-1.0,0.33,1.0,5.0,1.0,COMPLETE
news-source-strategies,RQ3,E3-reach-mitigation,informational_reach10_0_wom1,1028,INFORMATIONAL_CAMOUFLAGE,TRADITIONAL_MEDIA,FAKE_NEWS_SOURCE,1.0,-1.0,10.0,-1.0,0.33,1.0,5.0,1.0,COMPLETE
news-source-strategies,RQ3,E3-reach-mitigation,informational_reach10_0_wom1,1029,INFORMATIONAL_CAMOUFLAGE,TRADITIONAL_MEDIA,FAKE_NEWS_SOURCE,1.0,-1.0,10.0,-1.0,0.33,1.0,5.0,1.0,COMPLETE
news-source-strategies,RQ3,E3-reach-mitigation,informational_reach10_0_wom1,1030,INFORMATIONAL_CAMOUFLAGE,TRADITIONAL_MEDIA,FAKE_NEWS_SOURCE,1.0,-1.0,10.0,-1.0,0.33,1.0,5.0,1.0,COMPLETE
news-source-strategies,RQ3,E3-reach-mitigation,informational_reach5_0_wom0,1001,INFORMATIONAL_CAMOUFLAGE,TRADITIONAL_MEDIA,FAKE_NEWS_SOURCE,1.0,-1.0,5.0,-1.0,0.33,0.0,5.0,1.0,COMPLETE
news-source-strategies,RQ3,E3-reach-mitigation,informational_reach5_0_wom0,1002,INFORMATIONAL_CAMOUFLAGE,TRADITIONAL_MEDIA,FAKE_NEWS_SOURCE,1.0,-1.0,5.0,-1.0,0.33,0.0,5.0,1.0,COMPLETE
news-source-strategies,RQ3,E3-reach-mitigation,informational_reach5_0_wom0,1003,INFORMATIONAL_CAMOUFLAGE,TRADITIONAL_MEDIA,FAKE_NEWS_SOURCE,1.0,-1.0,5.0,-1.0,0.33,0.0,5.0,1.0,COMPLETE
news-source-strategies,RQ3,E3-reach-mitigation,informational_reach5_0_wom0,1004,INFORMATIONAL_CAMOUFLAGE,TRADITIONAL_MEDIA,FAKE_NEWS_SOURCE,1.0,-1.0,5.0,-1.0,0.33,0.0,5.0,1.0,COMPLETE
news-source-strategies,RQ3,E3-reach-mitigation,informational_reach5_0_wom0,1005,INFORMATIONAL_CAMOUFLAGE,TRADITIONAL_MEDIA,FAKE_NEWS_SOURCE,1.0,-1.0,5.0,-1.0,0.33,0.0,5.0,1.0,COMPLETE
news-source-strategies,RQ3,E3-reach-mitigation,informational_reach5_0_wom0,1006,INFORMATIONAL_CAMOUFLAGE,TRADITIONAL_MEDIA,FAKE_NEWS_SOURCE,1.0,-1.0,5.0,-1.0,0.33,0.0,5.0,1.0,COMPLETE
news-source-strategies,RQ3,E3-reach-mitigation,informational_reach5_0_wom0,1007,INFORMATIONAL_CAMOUFLAGE,TRADITIONAL_MEDIA,FAKE_NEWS_SOURCE,1.0,-1.0,5.0,-1.0,0.33,0.0,5.0,1.0,COMPLETE
news-source-strategies,RQ3,E3-reach-mitigation,informational_reach5_0_wom0,1008,INFORMATIONAL_CAMOUFLAGE,TRADITIONAL_MEDIA,FAKE_NEWS_SOURCE,1.0,-1.0,5.0,-1.0,0.33,0.0,5.0,1.0,COMPLETE
news-source-strategies,RQ3,E3-reach-mitigation,informational_reach5_0_wom0,1009,INFORMATIONAL_CAMOUFLAGE,TRADITIONAL_MEDIA,FAKE_NEWS_SOURCE,1.0,-1.0,5.0,-1.0,0.33,0.0,5.0,1.0,COMPLETE
news-source-strategies,RQ3,E3-reach-mitigation,informational_reach5_0_wom0,1010,INFORMATIONAL_CAMOUFLAGE,TRADITIONAL_MEDIA,FAKE_NEWS_SOURCE,1.0,-1.0,5.0,-1.0,0.33,0.0,5.0,1.0,COMPLETE
news-source-strategies,RQ3,E3-reach-mitigation,informational_reach5_0_wom0,1011,INFORMATIONAL_CAMOUFLAGE,TRADITIONAL_MEDIA,FAKE_NEWS_SOURCE,1.0,-1.0,5.0,-1.0,0.33,0.0,5.0,1.0,COMPLETE
news-source-strategies,RQ3,E3-reach-mitigation,informational_reach5_0_wom0,1012,INFORMATIONAL_CAMOUFLAGE,TRADITIONAL_MEDIA,FAKE_NEWS_SOURCE,1.0,-1.0,5.0,-1.0,0.33,0.0,5.0,1.0,COMPLETE
news-source-strategies,RQ3,E3-reach-mitigation,informational_reach5_0_wom0,1013,INFORMATIONAL_CAMOUFLAGE,TRADITIONAL_MEDIA,FAKE_NEWS_SOURCE,1.0,-1.0,5.0,-1.0,0.33,0.0,5.0,1.0,COMPLETE
news-source-strategies,RQ3,E3-reach-mitigation,informational_reach5_0_wom0,1014,INFORMATIONAL_CAMOUFLAGE,TRADITIONAL_MEDIA,FAKE_NEWS_SOURCE,1.0,-1.0,5.0,-1.0,0.33,0.0,5.0,1.0,COMPLETE
news-source-strategies,RQ3,E3-reach-mitigation,informational_reach5_0_wom0,1015,INFORMATIONAL_CAMOUFLAGE,TRADITIONAL_MEDIA,FAKE_NEWS_SOURCE,1.0,-1.0,5.0,-1.0,0.33,0.0,5.0,1.0,COMPLETE
news-source-strategies,RQ3,E3-reach-mitigation,informational_reach5_0_wom0,1016,INFORMATIONAL_CAMOUFLAGE,TRADITIONAL_MEDIA,FAKE_NEWS_SOURCE,1.0,-1.0,5.0,-1.0,0.33,0.0,5.0,1.0,COMPLETE
news-source-strategies,RQ3,E3-reach-mitigation,informational_reach5_0_wom0,1017,INFORMATIONAL_CAMOUFLAGE,TRADITIONAL_MEDIA,FAKE_NEWS_SOURCE,1.0,-1.0,5.0,-1.0,0.33,0.0,5.0,1.0,COMPLETE
news-source-strategies,RQ3,E3-reach-mitigation,informational_reach5_0_wom0,1018,INFORMATIONAL_CAMOUFLAGE,TRADITIONAL_MEDIA,FAKE_NEWS_SOURCE,1.0,-1.0,5.0,-1.0,0.33,0.0,5.0,1.0,COMPLETE
news-source-strategies,RQ3,E3-reach-mitigation,informational_reach5_0_wom0,1019,INFORMATIONAL_CAMOUFLAGE,TRADITIONAL_MEDIA,FAKE_NEWS_SOURCE,1.0,-1.0,5.0,-1.0,0.33,0.0,5.0,1.0,COMPLETE
news-source-strategies,RQ3,E3-reach-mitigation,informational_reach5_0_wom0,1020,INFORMATIONAL_CAMOUFLAGE,TRADITIONAL_MEDIA,FAKE_NEWS_SOURCE,1.0,-1.0,5.0,-1.0,0.33,0.0,5.0,1.0,COMPLETE
news-source-strategies,RQ3,E3-reach-mitigation,informational_reach5_0_wom0,1021,INFORMATIONAL_CAMOUFLAGE,TRADITIONAL_MEDIA,FAKE_NEWS_SOURCE,1.0,-1.0,5.0,-1.0,0.33,0.0,5.0,1.0,COMPLETE
news-source-strategies,RQ3,E3-reach-mitigation,informational_reach5_0_wom0,1022,INFORMATIONAL_CAMOUFLAGE,TRADITIONAL_MEDIA,FAKE_NEWS_SOURCE,1.0,-1.0,5.0,-1.0,0.33,0.0,5.0,1.0,COMPLETE
news-source-strategies,RQ3,E3-reach-mitigation,informational_reach5_0_wom0,1023,INFORMATIONAL_CAMOUFLAGE,TRADITIONAL_MEDIA,FAKE_NEWS_SOURCE,1.0,-1.0,5.0,-1.0,0.33,0.0,5.0,1.0,COMPLETE
news-source-strategies,RQ3,E3-reach-mitigation,informational_reach5_0_wom0,1024,INFORMATIONAL_CAMOUFLAGE,TRADITIONAL_MEDIA,FAKE_NEWS_SOURCE,1.0,-1.0,5.0,-1.0,0.33,0.0,5.0,1.0,COMPLETE
news-source-strategies,RQ3,E3-reach-mitigation,informational_reach5_0_wom0,1025,INFORMATIONAL_CAMOUFLAGE,TRADITIONAL_MEDIA,FAKE_NEWS_SOURCE,1.0,-1.0,5.0,-1.0,0.33,0.0,5.0,1.0,COMPLETE
news-source-strategies,RQ3,E3-reach-mitigation,informational_reach5_0_wom0,1026,INFORMATIONAL_CAMOUFLAGE,TRADITIONAL_MEDIA,FAKE_NEWS_SOURCE,1.0,-1.0,5.0,-1.0,0.33,0.0,5.0,1.0,COMPLETE
news-source-strategies,RQ3,E3-reach-mitigation,informational_reach5_0_wom0,1027,INFORMATIONAL_CAMOUFLAGE,TRADITIONAL_MEDIA,FAKE_NEWS_SOURCE,1.0,-1.0,5.0,-1.0,0.33,0.0,5.0,1.0,COMPLETE
news-source-strategies,RQ3,E3-reach-mitigation,informational_reach5_0_wom0,1028,INFORMATIONAL_CAMOUFLAGE,TRADITIONAL_MEDIA,FAKE_NEWS_SOURCE,1.0,-1.0,5.0,-1.0,0.33,0.0,5.0,1.0,COMPLETE
news-source-strategies,RQ3,E3-reach-mitigation,informational_reach5_0_wom0,1029,INFORMATIONAL_CAMOUFLAGE,TRADITIONAL_MEDIA,FAKE_NEWS_SOURCE,1.0,-1.0,5.0,-1.0,0.33,0.0,5.0,1.0,COMPLETE
news-source-strategies,RQ3,E3-reach-mitigation,informational_reach5_0_wom0,1030,INFORMATIONAL_CAMOUFLAGE,TRADITIONAL_MEDIA,FAKE_NEWS_SOURCE,1.0,-1.0,5.0,-1.0,0.33,0.0,5.0,1.0,COMPLETE
news-source-strategies,RQ3,E3-reach-mitigation,informational_reach5_0_wom1,1001,INFORMATIONAL_CAMOUFLAGE,TRADITIONAL_MEDIA,FAKE_NEWS_SOURCE,1.0,-1.0,5.0,-1.0,0.33,1.0,5.0,1.0,COMPLETE
news-source-strategies,RQ3,E3-reach-mitigation,informational_reach5_0_wom1,1002,INFORMATIONAL_CAMOUFLAGE,TRADITIONAL_MEDIA,FAKE_NEWS_SOURCE,1.0,-1.0,5.0,-1.0,0.33,1.0,5.0,1.0,COMPLETE
news-source-strategies,RQ3,E3-reach-mitigation,informational_reach5_0_wom1,1003,INFORMATIONAL_CAMOUFLAGE,TRADITIONAL_MEDIA,FAKE_NEWS_SOURCE,1.0,-1.0,5.0,-1.0,0.33,1.0,5.0,1.0,COMPLETE
news-source-strategies,RQ3,E3-reach-mitigation,informational_reach5_0_wom1,1004,INFORMATIONAL_CAMOUFLAGE,TRADITIONAL_MEDIA,FAKE_NEWS_SOURCE,1.0,-1.0,5.0,-1.0,0.33,1.0,5.0,1.0,COMPLETE
news-source-strategies,RQ3,E3-reach-mitigation,informational_reach5_0_wom1,1005,INFORMATIONAL_CAMOUFLAGE,TRADITIONAL_MEDIA,FAKE_NEWS_SOURCE,1.0,-1.0,5.0,-1.0,0.33,1.0,5.0,1.0,COMPLETE
news-source-strategies,RQ3,E3-reach-mitigation,informational_reach5_0_wom1,1006,INFORMATIONAL_CAMOUFLAGE,TRADITIONAL_MEDIA,FAKE_NEWS_SOURCE,1.0,-1.0,5.0,-1.0,0.33,1.0,5.0,1.0,COMPLETE
news-source-strategies,RQ3,E3-reach-mitigation,informational_reach5_0_wom1,1007,INFORMATIONAL_CAMOUFLAGE,TRADITIONAL_MEDIA,FAKE_NEWS_SOURCE,1.0,-1.0,5.0,-1.0,0.33,1.0,5.0,1.0,COMPLETE
news-source-strategies,RQ3,E3-reach-mitigation,informational_reach5_0_wom1,1008,INFORMATIONAL_CAMOUFLAGE,TRADITIONAL_MEDIA,FAKE_NEWS_SOURCE,1.0,-1.0,5.0,-1.0,0.33,1.0,5.0,1.0,COMPLETE
news-source-strategies,RQ3,E3-reach-mitigation,informational_reach5_0_wom1,1009,INFORMATIONAL_CAMOUFLAGE,TRADITIONAL_MEDIA,FAKE_NEWS_SOURCE,1.0,-1.0,5.0,-1.0,0.33,1.0,5.0,1.0,COMPLETE
news-source-strategies,RQ3,E3-reach-mitigation,informational_reach5_0_wom1,1010,INFORMATIONAL_CAMOUFLAGE,TRADITIONAL_MEDIA,FAKE_NEWS_SOURCE,1.0,-1.0,5.0,-1.0,0.33,1.0,5.0,1.0,COMPLETE
news-source-strategies,RQ3,E3-reach-mitigation,informational_reach5_0_wom1,1011,INFORMATIONAL_CAMOUFLAGE,TRADITIONAL_MEDIA,FAKE_NEWS_SOURCE,1.0,-1.0,5.0,-1.0,0.33,1.0,5.0,1.0,COMPLETE
news-source-strategies,RQ3,E3-reach-mitigation,informational_reach5_0_wom1,1012,INFORMATIONAL_CAMOUFLAGE,TRADITIONAL_MEDIA,FAKE_NEWS_SOURCE,1.0,-1.0,5.0,-1.0,0.33,1.0,5.0,1.0,COMPLETE
news-source-strategies,RQ3,E3-reach-mitigation,informational_reach5_0_wom1,1013,INFORMATIONAL_CAMOUFLAGE,TRADITIONAL_MEDIA,FAKE_NEWS_SOURCE,1.0,-1.0,5.0,-1.0,0.33,1.0,5.0,1.0,COMPLETE
news-source-strategies,RQ3,E3-reach-mitigation,informational_reach5_0_wom1,1014,INFORMATIONAL_CAMOUFLAGE,TRADITIONAL_MEDIA,FAKE_NEWS_SOURCE,1.0,-1.0,5.0,-1.0,0.33,1.0,5.0,1.0,COMPLETE
news-source-strategies,RQ3,E3-reach-mitigation,informational_reach5_0_wom1,1015,INFORMATIONAL_CAMOUFLAGE,TRADITIONAL_MEDIA,FAKE_NEWS_SOURCE,1.0,-1.0,5.0,-1.0,0.33,1.0,5.0,1.0,COMPLETE
news-source-strategies,RQ3,E3-reach-mitigation,informational_reach5_0_wom1,1016,INFORMATIONAL_CAMOUFLAGE,TRADITIONAL_MEDIA,FAKE_NEWS_SOURCE,1.0,-1.0,5.0,-1.0,0.33,1.0,5.0,1.0,COMPLETE
news-source-strategies,RQ3,E3-reach-mitigation,informational_reach5_0_wom1,1017,INFORMATIONAL_CAMOUFLAGE,TRADITIONAL_MEDIA,FAKE_NEWS_SOURCE,1.0,-1.0,5.0,-1.0,0.33,1.0,5.0,1.0,COMPLETE
news-source-strategies,RQ3,E3-reach-mitigation,informational_reach5_0_wom1,1018,INFORMATIONAL_CAMOUFLAGE,TRADITIONAL_MEDIA,FAKE_NEWS_SOURCE,1.0,-1.0,5.0,-1.0,0.33,1.0,5.0,1.0,COMPLETE
news-source-strategies,RQ3,E3-reach-mitigation,informational_reach5_0_wom1,1019,INFORMATIONAL_CAMOUFLAGE,TRADITIONAL_MEDIA,FAKE_NEWS_SOURCE,1.0,-1.0,5.0,-1.0,0.33,1.0,5.0,1.0,COMPLETE
news-source-strategies,RQ3,E3-reach-mitigation,informational_reach5_0_wom1,1020,INFORMATIONAL_CAMOUFLAGE,TRADITIONAL_MEDIA,FAKE_NEWS_SOURCE,1.0,-1.0,5.0,-1.0,0.33,1.0,5.0,1.0,COMPLETE
news-source-strategies,RQ3,E3-reach-mitigation,informational_reach5_0_wom1,1021,INFORMATIONAL_CAMOUFLAGE,TRADITIONAL_MEDIA,FAKE_NEWS_SOURCE,1.0,-1.0,5.0,-1.0,0.33,1.0,5.0,1.0,COMPLETE
news-source-strategies,RQ3,E3-reach-mitigation,informational_reach5_0_wom1,1022,INFORMATIONAL_CAMOUFLAGE,TRADITIONAL_MEDIA,FAKE_NEWS_SOURCE,1.0,-1.0,5.0,-1.0,0.33,1.0,5.0,1.0,COMPLETE
news-source-strategies,RQ3,E3-reach-mitigation,informational_reach5_0_wom1,1023,INFORMATIONAL_CAMOUFLAGE,TRADITIONAL_MEDIA,FAKE_NEWS_SOURCE,1.0,-1.0,5.0,-1.0,0.33,1.0,5.0,1.0,COMPLETE
news-source-strategies,RQ3,E3-reach-mitigation,informational_reach5_0_wom1,1024,INFORMATIONAL_CAMOUFLAGE,TRADITIONAL_MEDIA,FAKE_NEWS_SOURCE,1.0,-1.0,5.0,-1.0,0.33,1.0,5.0,1.0,COMPLETE
news-source-strategies,RQ3,E3-reach-mitigation,informational_reach5_0_wom1,1025,INFORMATIONAL_CAMOUFLAGE,TRADITIONAL_MEDIA,FAKE_NEWS_SOURCE,1.0,-1.0,5.0,-1.0,0.33,1.0,5.0,1.0,COMPLETE
news-source-strategies,RQ3,E3-reach-mitigation,informational_reach5_0_wom1,1026,INFORMATIONAL_CAMOUFLAGE,TRADITIONAL_MEDIA,FAKE_NEWS_SOURCE,1.0,-1.0,5.0,-1.0,0.33,1.0,5.0,1.0,COMPLETE
news-source-strategies,RQ3,E3-reach-mitigation,informational_reach5_0_wom1,1027,INFORMATIONAL_CAMOUFLAGE,TRADITIONAL_MEDIA,FAKE_NEWS_SOURCE,1.0,-1.0,5.0,-1.0,0.33,1.0,5.0,1.0,COMPLETE
news-source-strategies,RQ3,E3-reach-mitigation,informational_reach5_0_wom1,1028,INFORMATIONAL_CAMOUFLAGE,TRADITIONAL_MEDIA,FAKE_NEWS_SOURCE,1.0,-1.0,5.0,-1.0,0.33,1.0,5.0,1.0,COMPLETE
news-source-strategies,RQ3,E3-reach-mitigation,informational_reach5_0_wom1,1029,INFORMATIONAL_CAMOUFLAGE,TRADITIONAL_MEDIA,FAKE_NEWS_SOURCE,1.0,-1.0,5.0,-1.0,0.33,1.0,5.0,1.0,COMPLETE
news-source-strategies,RQ3,E3-reach-mitigation,informational_reach5_0_wom1,1030,INFORMATIONAL_CAMOUFLAGE,TRADITIONAL_MEDIA,FAKE_NEWS_SOURCE,1.0,-1.0,5.0,-1.0,0.33,1.0,5.0,1.0,COMPLETE
news-source-strategies,RQ3,E3-reach-mitigation,informational_reach1_0_wom0,1001,INFORMATIONAL_CAMOUFLAGE,TRADITIONAL_MEDIA,FAKE_NEWS_SOURCE,1.0,-1.0,1.0,-1.0,0.33,0.0,5.0,1.0,COMPLETE
news-source-strategies,RQ3,E3-reach-mitigation,informational_reach1_0_wom0,1002,INFORMATIONAL_CAMOUFLAGE,TRADITIONAL_MEDIA,FAKE_NEWS_SOURCE,1.0,-1.0,1.0,-1.0,0.33,0.0,5.0,1.0,COMPLETE
news-source-strategies,RQ3,E3-reach-mitigation,informational_reach1_0_wom0,1003,INFORMATIONAL_CAMOUFLAGE,TRADITIONAL_MEDIA,FAKE_NEWS_SOURCE,1.0,-1.0,1.0,-1.0,0.33,0.0,5.0,1.0,COMPLETE
news-source-strategies,RQ3,E3-reach-mitigation,informational_reach1_0_wom0,1004,INFORMATIONAL_CAMOUFLAGE,TRADITIONAL_MEDIA,FAKE_NEWS_SOURCE,1.0,-1.0,1.0,-1.0,0.33,0.0,5.0,1.0,COMPLETE
news-source-strategies,RQ3,E3-reach-mitigation,informational_reach1_0_wom0,1005,INFORMATIONAL_CAMOUFLAGE,TRADITIONAL_MEDIA,FAKE_NEWS_SOURCE,1.0,-1.0,1.0,-1.0,0.33,0.0,5.0,1.0,COMPLETE
news-source-strategies,RQ3,E3-reach-mitigation,informational_reach1_0_wom0,1006,INFORMATIONAL_CAMOUFLAGE,TRADITIONAL_MEDIA,FAKE_NEWS_SOURCE,1.0,-1.0,1.0,-1.0,0.33,0.0,5.0,1.0,COMPLETE
news-source-strategies,RQ3,E3-reach-mitigation,informational_reach1_0_wom0,1007,INFORMATIONAL_CAMOUFLAGE,TRADITIONAL_MEDIA,FAKE_NEWS_SOURCE,1.0,-1.0,1.0,-1.0,0.33,0.0,5.0,1.0,COMPLETE
news-source-strategies,RQ3,E3-reach-mitigation,informational_reach1_0_wom0,1008,INFORMATIONAL_CAMOUFLAGE,TRADITIONAL_MEDIA,FAKE_NEWS_SOURCE,1.0,-1.0,1.0,-1.0,0.33,0.0,5.0,1.0,COMPLETE
news-source-strategies,RQ3,E3-reach-mitigation,informational_reach1_0_wom0,1009,INFORMATIONAL_CAMOUFLAGE,TRADITIONAL_MEDIA,FAKE_NEWS_SOURCE,1.0,-1.0,1.0,-1.0,0.33,0.0,5.0,1.0,COMPLETE
news-source-strategies,RQ3,E3-reach-mitigation,informational_reach1_0_wom0,1010,INFORMATIONAL_CAMOUFLAGE,TRADITIONAL_MEDIA,FAKE_NEWS_SOURCE,1.0,-1.0,1.0,-1.0,0.33,0.0,5.0,1.0,COMPLETE
news-source-strategies,RQ3,E3-reach-mitigation,informational_reach1_0_wom0,1011,INFORMATIONAL_CAMOUFLAGE,TRADITIONAL_MEDIA,FAKE_NEWS_SOURCE,1.0,-1.0,1.0,-1.0,0.33,0.0,5.0,1.0,COMPLETE
news-source-strategies,RQ3,E3-reach-mitigation,informational_reach1_0_wom0,1012,INFORMATIONAL_CAMOUFLAGE,TRADITIONAL_MEDIA,FAKE_NEWS_SOURCE,1.0,-1.0,1.0,-1.0,0.33,0.0,5.0,1.0,COMPLETE
news-source-strategies,RQ3,E3-reach-mitigation,informational_reach1_0_wom0,1013,INFORMATIONAL_CAMOUFLAGE,TRADITIONAL_MEDIA,FAKE_NEWS_SOURCE,1.0,-1.0,1.0,-1.0,0.33,0.0,5.0,1.0,COMPLETE
news-source-strategies,RQ3,E3-reach-mitigation,informational_reach1_0_wom0,1014,INFORMATIONAL_CAMOUFLAGE,TRADITIONAL_MEDIA,FAKE_NEWS_SOURCE,1.0,-1.0,1.0,-1.0,0.33,0.0,5.0,1.0,COMPLETE
news-source-strategies,RQ3,E3-reach-mitigation,informational_reach1_0_wom0,1015,INFORMATIONAL_CAMOUFLAGE,TRADITIONAL_MEDIA,FAKE_NEWS_SOURCE,1.0,-1.0,1.0,-1.0,0.33,0.0,5.0,1.0,COMPLETE
news-source-strategies,RQ3,E3-reach-mitigation,informational_reach1_0_wom0,1016,INFORMATIONAL_CAMOUFLAGE,TRADITIONAL_MEDIA,FAKE_NEWS_SOURCE,1.0,-1.0,1.0,-1.0,0.33,0.0,5.0,1.0,COMPLETE
news-source-strategies,RQ3,E3-reach-mitigation,informational_reach1_0_wom0,1017,INFORMATIONAL_CAMOUFLAGE,TRADITIONAL_MEDIA,FAKE_NEWS_SOURCE,1.0,-1.0,1.0,-1.0,0.33,0.0,5.0,1.0,COMPLETE
news-source-strategies,RQ3,E3-reach-mitigation,informational_reach1_0_wom0,1018,INFORMATIONAL_CAMOUFLAGE,TRADITIONAL_MEDIA,FAKE_NEWS_SOURCE,1.0,-1.0,1.0,-1.0,0.33,0.0,5.0,1.0,COMPLETE
news-source-strategies,RQ3,E3-reach-mitigation,informational_reach1_0_wom0,1019,INFORMATIONAL_CAMOUFLAGE,TRADITIONAL_MEDIA,FAKE_NEWS_SOURCE,1.0,-1.0,1.0,-1.0,0.33,0.0,5.0,1.0,COMPLETE
news-source-strategies,RQ3,E3-reach-mitigation,informational_reach1_0_wom0,1020,INFORMATIONAL_CAMOUFLAGE,TRADITIONAL_MEDIA,FAKE_NEWS_SOURCE,1.0,-1.0,1.0,-1.0,0.33,0.0,5.0,1.0,COMPLETE
news-source-strategies,RQ3,E3-reach-mitigation,informational_reach1_0_wom0,1021,INFORMATIONAL_CAMOUFLAGE,TRADITIONAL_MEDIA,FAKE_NEWS_SOURCE,1.0,-1.0,1.0,-1.0,0.33,0.0,5.0,1.0,COMPLETE
news-source-strategies,RQ3,E3-reach-mitigation,informational_reach1_0_wom0,1022,INFORMATIONAL_CAMOUFLAGE,TRADITIONAL_MEDIA,FAKE_NEWS_SOURCE,1.0,-1.0,1.0,-1.0,0.33,0.0,5.0,1.0,COMPLETE
news-source-strategies,RQ3,E3-reach-mitigation,informational_reach1_0_wom0,1023,INFORMATIONAL_CAMOUFLAGE,TRADITIONAL_MEDIA,FAKE_NEWS_SOURCE,1.0,-1.0,1.0,-1.0,0.33,0.0,5.0,1.0,COMPLETE
news-source-strategies,RQ3,E3-reach-mitigation,informational_reach1_0_wom0,1024,INFORMATIONAL_CAMOUFLAGE,TRADITIONAL_MEDIA,FAKE_NEWS_SOURCE,1.0,-1.0,1.0,-1.0,0.33,0.0,5.0,1.0,COMPLETE
news-source-strategies,RQ3,E3-reach-mitigation,informational_reach1_0_wom0,1025,INFORMATIONAL_CAMOUFLAGE,TRADITIONAL_MEDIA,FAKE_NEWS_SOURCE,1.0,-1.0,1.0,-1.0,0.33,0.0,5.0,1.0,COMPLETE
news-source-strategies,RQ3,E3-reach-mitigation,informational_reach1_0_wom0,1026,INFORMATIONAL_CAMOUFLAGE,TRADITIONAL_MEDIA,FAKE_NEWS_SOURCE,1.0,-1.0,1.0,-1.0,0.33,0.0,5.0,1.0,COMPLETE
news-source-strategies,RQ3,E3-reach-mitigation,informational_reach1_0_wom0,1027,INFORMATIONAL_CAMOUFLAGE,TRADITIONAL_MEDIA,FAKE_NEWS_SOURCE,1.0,-1.0,1.0,-1.0,0.33,0.0,5.0,1.0,COMPLETE
news-source-strategies,RQ3,E3-reach-mitigation,informational_reach1_0_wom0,1028,INFORMATIONAL_CAMOUFLAGE,TRADITIONAL_MEDIA,FAKE_NEWS_SOURCE,1.0,-1.0,1.0,-1.0,0.33,0.0,5.0,1.0,COMPLETE
news-source-strategies,RQ3,E3-reach-mitigation,informational_reach1_0_wom0,1029,INFORMATIONAL_CAMOUFLAGE,TRADITIONAL_MEDIA,FAKE_NEWS_SOURCE,1.0,-1.0,1.0,-1.0,0.33,0.0,5.0,1.0,COMPLETE
news-source-strategies,RQ3,E3-reach-mitigation,informational_reach1_0_wom0,1030,INFORMATIONAL_CAMOUFLAGE,TRADITIONAL_MEDIA,FAKE_NEWS_SOURCE,1.0,-1.0,1.0,-1.0,0.33,0.0,5.0,1.0,COMPLETE
news-source-strategies,RQ3,E3-reach-mitigation,informational_reach1_0_wom1,1001,INFORMATIONAL_CAMOUFLAGE,TRADITIONAL_MEDIA,FAKE_NEWS_SOURCE,1.0,-1.0,1.0,-1.0,0.33,1.0,5.0,1.0,COMPLETE
news-source-strategies,RQ3,E3-reach-mitigation,informational_reach1_0_wom1,1002,INFORMATIONAL_CAMOUFLAGE,TRADITIONAL_MEDIA,FAKE_NEWS_SOURCE,1.0,-1.0,1.0,-1.0,0.33,1.0,5.0,1.0,COMPLETE
news-source-strategies,RQ3,E3-reach-mitigation,informational_reach1_0_wom1,1003,INFORMATIONAL_CAMOUFLAGE,TRADITIONAL_MEDIA,FAKE_NEWS_SOURCE,1.0,-1.0,1.0,-1.0,0.33,1.0,5.0,1.0,COMPLETE
news-source-strategies,RQ3,E3-reach-mitigation,informational_reach1_0_wom1,1004,INFORMATIONAL_CAMOUFLAGE,TRADITIONAL_MEDIA,FAKE_NEWS_SOURCE,1.0,-1.0,1.0,-1.0,0.33,1.0,5.0,1.0,COMPLETE
news-source-strategies,RQ3,E3-reach-mitigation,informational_reach1_0_wom1,1005,INFORMATIONAL_CAMOUFLAGE,TRADITIONAL_MEDIA,FAKE_NEWS_SOURCE,1.0,-1.0,1.0,-1.0,0.33,1.0,5.0,1.0,COMPLETE
news-source-strategies,RQ3,E3-reach-mitigation,informational_reach1_0_wom1,1006,INFORMATIONAL_CAMOUFLAGE,TRADITIONAL_MEDIA,FAKE_NEWS_SOURCE,1.0,-1.0,1.0,-1.0,0.33,1.0,5.0,1.0,COMPLETE
news-source-strategies,RQ3,E3-reach-mitigation,informational_reach1_0_wom1,1007,INFORMATIONAL_CAMOUFLAGE,TRADITIONAL_MEDIA,FAKE_NEWS_SOURCE,1.0,-1.0,1.0,-1.0,0.33,1.0,5.0,1.0,COMPLETE
news-source-strategies,RQ3,E3-reach-mitigation,informational_reach1_0_wom1,1008,INFORMATIONAL_CAMOUFLAGE,TRADITIONAL_MEDIA,FAKE_NEWS_SOURCE,1.0,-1.0,1.0,-1.0,0.33,1.0,5.0,1.0,COMPLETE
news-source-strategies,RQ3,E3-reach-mitigation,informational_reach1_0_wom1,1009,INFORMATIONAL_CAMOUFLAGE,TRADITIONAL_MEDIA,FAKE_NEWS_SOURCE,1.0,-1.0,1.0,-1.0,0.33,1.0,5.0,1.0,COMPLETE
news-source-strategies,RQ3,E3-reach-mitigation,informational_reach1_0_wom1,1010,INFORMATIONAL_CAMOUFLAGE,TRADITIONAL_MEDIA,FAKE_NEWS_SOURCE,1.0,-1.0,1.0,-1.0,0.33,1.0,5.0,1.0,COMPLETE
news-source-strategies,RQ3,E3-reach-mitigation,informational_reach1_0_wom1,1011,INFORMATIONAL_CAMOUFLAGE,TRADITIONAL_MEDIA,FAKE_NEWS_SOURCE,1.0,-1.0,1.0,-1.0,0.33,1.0,5.0,1.0,COMPLETE
news-source-strategies,RQ3,E3-reach-mitigation,informational_reach1_0_wom1,1012,INFORMATIONAL_CAMOUFLAGE,TRADITIONAL_MEDIA,FAKE_NEWS_SOURCE,1.0,-1.0,1.0,-1.0,0.33,1.0,5.0,1.0,COMPLETE
news-source-strategies,RQ3,E3-reach-mitigation,informational_reach1_0_wom1,1013,INFORMATIONAL_CAMOUFLAGE,TRADITIONAL_MEDIA,FAKE_NEWS_SOURCE,1.0,-1.0,1.0,-1.0,0.33,1.0,5.0,1.0,COMPLETE
news-source-strategies,RQ3,E3-reach-mitigation,informational_reach1_0_wom1,1014,INFORMATIONAL_CAMOUFLAGE,TRADITIONAL_MEDIA,FAKE_NEWS_SOURCE,1.0,-1.0,1.0,-1.0,0.33,1.0,5.0,1.0,COMPLETE
news-source-strategies,RQ3,E3-reach-mitigation,informational_reach1_0_wom1,1015,INFORMATIONAL_CAMOUFLAGE,TRADITIONAL_MEDIA,FAKE_NEWS_SOURCE,1.0,-1.0,1.0,-1.0,0.33,1.0,5.0,1.0,COMPLETE
news-source-strategies,RQ3,E3-reach-mitigation,informational_reach1_0_wom1,1016,INFORMATIONAL_CAMOUFLAGE,TRADITIONAL_MEDIA,FAKE_NEWS_SOURCE,1.0,-1.0,1.0,-1.0,0.33,1.0,5.0,1.0,COMPLETE
news-source-strategies,RQ3,E3-reach-mitigation,informational_reach1_0_wom1,1017,INFORMATIONAL_CAMOUFLAGE,TRADITIONAL_MEDIA,FAKE_NEWS_SOURCE,1.0,-1.0,1.0,-1.0,0.33,1.0,5.0,1.0,COMPLETE
news-source-strategies,RQ3,E3-reach-mitigation,informational_reach1_0_wom1,1018,INFORMATIONAL_CAMOUFLAGE,TRADITIONAL_MEDIA,FAKE_NEWS_SOURCE,1.0,-1.0,1.0,-1.0,0.33,1.0,5.0,1.0,COMPLETE
news-source-strategies,RQ3,E3-reach-mitigation,informational_reach1_0_wom1,1019,INFORMATIONAL_CAMOUFLAGE,TRADITIONAL_MEDIA,FAKE_NEWS_SOURCE,1.0,-1.0,1.0,-1.0,0.33,1.0,5.0,1.0,COMPLETE
news-source-strategies,RQ3,E3-reach-mitigation,informational_reach1_0_wom1,1020,INFORMATIONAL_CAMOUFLAGE,TRADITIONAL_MEDIA,FAKE_NEWS_SOURCE,1.0,-1.0,1.0,-1.0,0.33,1.0,5.0,1.0,COMPLETE
news-source-strategies,RQ3,E3-reach-mitigation,informational_reach1_0_wom1,1021,INFORMATIONAL_CAMOUFLAGE,TRADITIONAL_MEDIA,FAKE_NEWS_SOURCE,1.0,-1.0,1.0,-1.0,0.33,1.0,5.0,1.0,COMPLETE
news-source-strategies,RQ3,E3-reach-mitigation,informational_reach1_0_wom1,1022,INFORMATIONAL_CAMOUFLAGE,TRADITIONAL_MEDIA,FAKE_NEWS_SOURCE,1.0,-1.0,1.0,-1.0,0.33,1.0,5.0,1.0,COMPLETE
news-source-strategies,RQ3,E3-reach-mitigation,informational_reach1_0_wom1,1023,INFORMATIONAL_CAMOUFLAGE,TRADITIONAL_MEDIA,FAKE_NEWS_SOURCE,1.0,-1.0,1.0,-1.0,0.33,1.0,5.0,1.0,COMPLETE
news-source-strategies,RQ3,E3-reach-mitigation,informational_reach1_0_wom1,1024,INFORMATIONAL_CAMOUFLAGE,TRADITIONAL_MEDIA,FAKE_NEWS_SOURCE,1.0,-1.0,1.0,-1.0,0.33,1.0,5.0,1.0,COMPLETE
news-source-strategies,RQ3,E3-reach-mitigation,informational_reach1_0_wom1,1025,INFORMATIONAL_CAMOUFLAGE,TRADITIONAL_MEDIA,FAKE_NEWS_SOURCE,1.0,-1.0,1.0,-1.0,0.33,1.0,5.0,1.0,COMPLETE
news-source-strategies,RQ3,E3-reach-mitigation,informational_reach1_0_wom1,1026,INFORMATIONAL_CAMOUFLAGE,TRADITIONAL_MEDIA,FAKE_NEWS_SOURCE,1.0,-1.0,1.0,-1.0,0.33,1.0,5.0,1.0,COMPLETE
news-source-strategies,RQ3,E3-reach-mitigation,informational_reach1_0_wom1,1027,INFORMATIONAL_CAMOUFLAGE,TRADITIONAL_MEDIA,FAKE_NEWS_SOURCE,1.0,-1.0,1.0,-1.0,0.33,1.0,5.0,1.0,COMPLETE
news-source-strategies,RQ3,E3-reach-mitigation,informational_reach1_0_wom1,1028,INFORMATIONAL_CAMOUFLAGE,TRADITIONAL_MEDIA,FAKE_NEWS_SOURCE,1.0,-1.0,1.0,-1.0,0.33,1.0,5.0,1.0,COMPLETE
news-source-strategies,RQ3,E3-reach-mitigation,informational_reach1_0_wom1,1029,INFORMATIONAL_CAMOUFLAGE,TRADITIONAL_MEDIA,FAKE_NEWS_SOURCE,1.0,-1.0,1.0,-1.0,0.33,1.0,5.0,1.0,COMPLETE
news-source-strategies,RQ3,E3-reach-mitigation,informational_reach1_0_wom1,1030,INFORMATIONAL_CAMOUFLAGE,TRADITIONAL_MEDIA,FAKE_NEWS_SOURCE,1.0,-1.0,1.0,-1.0,0.33,1.0,5.0,1.0,COMPLETE
news-source-strategies,RQ3,E3-reach-mitigation,informational_reach0_0_wom0,1001,INFORMATIONAL_CAMOUFLAGE,TRADITIONAL_MEDIA,FAKE_NEWS_SOURCE,1.0,-1.0,0.0,-1.0,0.33,0.0,5.0,1.0,COMPLETE
news-source-strategies,RQ3,E3-reach-mitigation,informational_reach0_0_wom0,1002,INFORMATIONAL_CAMOUFLAGE,TRADITIONAL_MEDIA,FAKE_NEWS_SOURCE,1.0,-1.0,0.0,-1.0,0.33,0.0,5.0,1.0,COMPLETE
news-source-strategies,RQ3,E3-reach-mitigation,informational_reach0_0_wom0,1003,INFORMATIONAL_CAMOUFLAGE,TRADITIONAL_MEDIA,FAKE_NEWS_SOURCE,1.0,-1.0,0.0,-1.0,0.33,0.0,5.0,1.0,COMPLETE
news-source-strategies,RQ3,E3-reach-mitigation,informational_reach0_0_wom0,1004,INFORMATIONAL_CAMOUFLAGE,TRADITIONAL_MEDIA,FAKE_NEWS_SOURCE,1.0,-1.0,0.0,-1.0,0.33,0.0,5.0,1.0,COMPLETE
news-source-strategies,RQ3,E3-reach-mitigation,informational_reach0_0_wom0,1005,INFORMATIONAL_CAMOUFLAGE,TRADITIONAL_MEDIA,FAKE_NEWS_SOURCE,1.0,-1.0,0.0,-1.0,0.33,0.0,5.0,1.0,COMPLETE
news-source-strategies,RQ3,E3-reach-mitigation,informational_reach0_0_wom0,1006,INFORMATIONAL_CAMOUFLAGE,TRADITIONAL_MEDIA,FAKE_NEWS_SOURCE,1.0,-1.0,0.0,-1.0,0.33,0.0,5.0,1.0,COMPLETE
news-source-strategies,RQ3,E3-reach-mitigation,informational_reach0_0_wom0,1007,INFORMATIONAL_CAMOUFLAGE,TRADITIONAL_MEDIA,FAKE_NEWS_SOURCE,1.0,-1.0,0.0,-1.0,0.33,0.0,5.0,1.0,COMPLETE
news-source-strategies,RQ3,E3-reach-mitigation,informational_reach0_0_wom0,1008,INFORMATIONAL_CAMOUFLAGE,TRADITIONAL_MEDIA,FAKE_NEWS_SOURCE,1.0,-1.0,0.0,-1.0,0.33,0.0,5.0,1.0,COMPLETE
news-source-strategies,RQ3,E3-reach-mitigation,informational_reach0_0_wom0,1009,INFORMATIONAL_CAMOUFLAGE,TRADITIONAL_MEDIA,FAKE_NEWS_SOURCE,1.0,-1.0,0.0,-1.0,0.33,0.0,5.0,1.0,COMPLETE
news-source-strategies,RQ3,E3-reach-mitigation,informational_reach0_0_wom0,1010,INFORMATIONAL_CAMOUFLAGE,TRADITIONAL_MEDIA,FAKE_NEWS_SOURCE,1.0,-1.0,0.0,-1.0,0.33,0.0,5.0,1.0,COMPLETE
news-source-strategies,RQ3,E3-reach-mitigation,informational_reach0_0_wom0,1011,INFORMATIONAL_CAMOUFLAGE,TRADITIONAL_MEDIA,FAKE_NEWS_SOURCE,1.0,-1.0,0.0,-1.0,0.33,0.0,5.0,1.0,COMPLETE
news-source-strategies,RQ3,E3-reach-mitigation,informational_reach0_0_wom0,1012,INFORMATIONAL_CAMOUFLAGE,TRADITIONAL_MEDIA,FAKE_NEWS_SOURCE,1.0,-1.0,0.0,-1.0,0.33,0.0,5.0,1.0,COMPLETE
news-source-strategies,RQ3,E3-reach-mitigation,informational_reach0_0_wom0,1013,INFORMATIONAL_CAMOUFLAGE,TRADITIONAL_MEDIA,FAKE_NEWS_SOURCE,1.0,-1.0,0.0,-1.0,0.33,0.0,5.0,1.0,COMPLETE
news-source-strategies,RQ3,E3-reach-mitigation,informational_reach0_0_wom0,1014,INFORMATIONAL_CAMOUFLAGE,TRADITIONAL_MEDIA,FAKE_NEWS_SOURCE,1.0,-1.0,0.0,-1.0,0.33,0.0,5.0,1.0,COMPLETE
news-source-strategies,RQ3,E3-reach-mitigation,informational_reach0_0_wom0,1015,INFORMATIONAL_CAMOUFLAGE,TRADITIONAL_MEDIA,FAKE_NEWS_SOURCE,1.0,-1.0,0.0,-1.0,0.33,0.0,5.0,1.0,COMPLETE
news-source-strategies,RQ3,E3-reach-mitigation,informational_reach0_0_wom0,1016,INFORMATIONAL_CAMOUFLAGE,TRADITIONAL_MEDIA,FAKE_NEWS_SOURCE,1.0,-1.0,0.0,-1.0,0.33,0.0,5.0,1.0,COMPLETE
news-source-strategies,RQ3,E3-reach-mitigation,informational_reach0_0_wom0,1017,INFORMATIONAL_CAMOUFLAGE,TRADITIONAL_MEDIA,FAKE_NEWS_SOURCE,1.0,-1.0,0.0,-1.0,0.33,0.0,5.0,1.0,COMPLETE
news-source-strategies,RQ3,E3-reach-mitigation,informational_reach0_0_wom0,1018,INFORMATIONAL_CAMOUFLAGE,TRADITIONAL_MEDIA,FAKE_NEWS_SOURCE,1.0,-1.0,0.0,-1.0,0.33,0.0,5.0,1.0,COMPLETE
news-source-strategies,RQ3,E3-reach-mitigation,informational_reach0_0_wom0,1019,INFORMATIONAL_CAMOUFLAGE,TRADITIONAL_MEDIA,FAKE_NEWS_SOURCE,1.0,-1.0,0.0,-1.0,0.33,0.0,5.0,1.0,COMPLETE
news-source-strategies,RQ3,E3-reach-mitigation,informational_reach0_0_wom0,1020,INFORMATIONAL_CAMOUFLAGE,TRADITIONAL_MEDIA,FAKE_NEWS_SOURCE,1.0,-1.0,0.0,-1.0,0.33,0.0,5.0,1.0,COMPLETE
news-source-strategies,RQ3,E3-reach-mitigation,informational_reach0_0_wom0,1021,INFORMATIONAL_CAMOUFLAGE,TRADITIONAL_MEDIA,FAKE_NEWS_SOURCE,1.0,-1.0,0.0,-1.0,0.33,0.0,5.0,1.0,COMPLETE
news-source-strategies,RQ3,E3-reach-mitigation,informational_reach0_0_wom0,1022,INFORMATIONAL_CAMOUFLAGE,TRADITIONAL_MEDIA,FAKE_NEWS_SOURCE,1.0,-1.0,0.0,-1.0,0.33,0.0,5.0,1.0,COMPLETE
news-source-strategies,RQ3,E3-reach-mitigation,informational_reach0_0_wom0,1023,INFORMATIONAL_CAMOUFLAGE,TRADITIONAL_MEDIA,FAKE_NEWS_SOURCE,1.0,-1.0,0.0,-1.0,0.33,0.0,5.0,1.0,COMPLETE
news-source-strategies,RQ3,E3-reach-mitigation,informational_reach0_0_wom0,1024,INFORMATIONAL_CAMOUFLAGE,TRADITIONAL_MEDIA,FAKE_NEWS_SOURCE,1.0,-1.0,0.0,-1.0,0.33,0.0,5.0,1.0,COMPLETE
news-source-strategies,RQ3,E3-reach-mitigation,informational_reach0_0_wom0,1025,INFORMATIONAL_CAMOUFLAGE,TRADITIONAL_MEDIA,FAKE_NEWS_SOURCE,1.0,-1.0,0.0,-1.0,0.33,0.0,5.0,1.0,COMPLETE
news-source-strategies,RQ3,E3-reach-mitigation,informational_reach0_0_wom0,1026,INFORMATIONAL_CAMOUFLAGE,TRADITIONAL_MEDIA,FAKE_NEWS_SOURCE,1.0,-1.0,0.0,-1.0,0.33,0.0,5.0,1.0,COMPLETE
news-source-strategies,RQ3,E3-reach-mitigation,informational_reach0_0_wom0,1027,INFORMATIONAL_CAMOUFLAGE,TRADITIONAL_MEDIA,FAKE_NEWS_SOURCE,1.0,-1.0,0.0,-1.0,0.33,0.0,5.0,1.0,COMPLETE
news-source-strategies,RQ3,E3-reach-mitigation,informational_reach0_0_wom0,1028,INFORMATIONAL_CAMOUFLAGE,TRADITIONAL_MEDIA,FAKE_NEWS_SOURCE,1.0,-1.0,0.0,-1.0,0.33,0.0,5.0,1.0,COMPLETE
news-source-strategies,RQ3,E3-reach-mitigation,informational_reach0_0_wom0,1029,INFORMATIONAL_CAMOUFLAGE,TRADITIONAL_MEDIA,FAKE_NEWS_SOURCE,1.0,-1.0,0.0,-1.0,0.33,0.0,5.0,1.0,COMPLETE
news-source-strategies,RQ3,E3-reach-mitigation,informational_reach0_0_wom0,1030,INFORMATIONAL_CAMOUFLAGE,TRADITIONAL_MEDIA,FAKE_NEWS_SOURCE,1.0,-1.0,0.0,-1.0,0.33,0.0,5.0,1.0,COMPLETE
news-source-strategies,RQ3,E3-reach-mitigation,informational_reach0_0_wom1,1001,INFORMATIONAL_CAMOUFLAGE,TRADITIONAL_MEDIA,FAKE_NEWS_SOURCE,1.0,-1.0,0.0,-1.0,0.33,1.0,5.0,1.0,COMPLETE
news-source-strategies,RQ3,E3-reach-mitigation,informational_reach0_0_wom1,1002,INFORMATIONAL_CAMOUFLAGE,TRADITIONAL_MEDIA,FAKE_NEWS_SOURCE,1.0,-1.0,0.0,-1.0,0.33,1.0,5.0,1.0,COMPLETE
news-source-strategies,RQ3,E3-reach-mitigation,informational_reach0_0_wom1,1003,INFORMATIONAL_CAMOUFLAGE,TRADITIONAL_MEDIA,FAKE_NEWS_SOURCE,1.0,-1.0,0.0,-1.0,0.33,1.0,5.0,1.0,COMPLETE
news-source-strategies,RQ3,E3-reach-mitigation,informational_reach0_0_wom1,1004,INFORMATIONAL_CAMOUFLAGE,TRADITIONAL_MEDIA,FAKE_NEWS_SOURCE,1.0,-1.0,0.0,-1.0,0.33,1.0,5.0,1.0,COMPLETE
news-source-strategies,RQ3,E3-reach-mitigation,informational_reach0_0_wom1,1005,INFORMATIONAL_CAMOUFLAGE,TRADITIONAL_MEDIA,FAKE_NEWS_SOURCE,1.0,-1.0,0.0,-1.0,0.33,1.0,5.0,1.0,COMPLETE
news-source-strategies,RQ3,E3-reach-mitigation,informational_reach0_0_wom1,1006,INFORMATIONAL_CAMOUFLAGE,TRADITIONAL_MEDIA,FAKE_NEWS_SOURCE,1.0,-1.0,0.0,-1.0,0.33,1.0,5.0,1.0,COMPLETE
news-source-strategies,RQ3,E3-reach-mitigation,informational_reach0_0_wom1,1007,INFORMATIONAL_CAMOUFLAGE,TRADITIONAL_MEDIA,FAKE_NEWS_SOURCE,1.0,-1.0,0.0,-1.0,0.33,1.0,5.0,1.0,COMPLETE
news-source-strategies,RQ3,E3-reach-mitigation,informational_reach0_0_wom1,1008,INFORMATIONAL_CAMOUFLAGE,TRADITIONAL_MEDIA,FAKE_NEWS_SOURCE,1.0,-1.0,0.0,-1.0,0.33,1.0,5.0,1.0,COMPLETE
news-source-strategies,RQ3,E3-reach-mitigation,informational_reach0_0_wom1,1009,INFORMATIONAL_CAMOUFLAGE,TRADITIONAL_MEDIA,FAKE_NEWS_SOURCE,1.0,-1.0,0.0,-1.0,0.33,1.0,5.0,1.0,COMPLETE
news-source-strategies,RQ3,E3-reach-mitigation,informational_reach0_0_wom1,1010,INFORMATIONAL_CAMOUFLAGE,TRADITIONAL_MEDIA,FAKE_NEWS_SOURCE,1.0,-1.0,0.0,-1.0,0.33,1.0,5.0,1.0,COMPLETE
news-source-strategies,RQ3,E3-reach-mitigation,informational_reach0_0_wom1,1011,INFORMATIONAL_CAMOUFLAGE,TRADITIONAL_MEDIA,FAKE_NEWS_SOURCE,1.0,-1.0,0.0,-1.0,0.33,1.0,5.0,1.0,COMPLETE
news-source-strategies,RQ3,E3-reach-mitigation,informational_reach0_0_wom1,1012,INFORMATIONAL_CAMOUFLAGE,TRADITIONAL_MEDIA,FAKE_NEWS_SOURCE,1.0,-1.0,0.0,-1.0,0.33,1.0,5.0,1.0,COMPLETE
news-source-strategies,RQ3,E3-reach-mitigation,informational_reach0_0_wom1,1013,INFORMATIONAL_CAMOUFLAGE,TRADITIONAL_MEDIA,FAKE_NEWS_SOURCE,1.0,-1.0,0.0,-1.0,0.33,1.0,5.0,1.0,COMPLETE
news-source-strategies,RQ3,E3-reach-mitigation,informational_reach0_0_wom1,1014,INFORMATIONAL_CAMOUFLAGE,TRADITIONAL_MEDIA,FAKE_NEWS_SOURCE,1.0,-1.0,0.0,-1.0,0.33,1.0,5.0,1.0,COMPLETE
news-source-strategies,RQ3,E3-reach-mitigation,informational_reach0_0_wom1,1015,INFORMATIONAL_CAMOUFLAGE,TRADITIONAL_MEDIA,FAKE_NEWS_SOURCE,1.0,-1.0,0.0,-1.0,0.33,1.0,5.0,1.0,COMPLETE
news-source-strategies,RQ3,E3-reach-mitigation,informational_reach0_0_wom1,1016,INFORMATIONAL_CAMOUFLAGE,TRADITIONAL_MEDIA,FAKE_NEWS_SOURCE,1.0,-1.0,0.0,-1.0,0.33,1.0,5.0,1.0,COMPLETE
news-source-strategies,RQ3,E3-reach-mitigation,informational_reach0_0_wom1,1017,INFORMATIONAL_CAMOUFLAGE,TRADITIONAL_MEDIA,FAKE_NEWS_SOURCE,1.0,-1.0,0.0,-1.0,0.33,1.0,5.0,1.0,COMPLETE
news-source-strategies,RQ3,E3-reach-mitigation,informational_reach0_0_wom1,1018,INFORMATIONAL_CAMOUFLAGE,TRADITIONAL_MEDIA,FAKE_NEWS_SOURCE,1.0,-1.0,0.0,-1.0,0.33,1.0,5.0,1.0,COMPLETE
news-source-strategies,RQ3,E3-reach-mitigation,informational_reach0_0_wom1,1019,INFORMATIONAL_CAMOUFLAGE,TRADITIONAL_MEDIA,FAKE_NEWS_SOURCE,1.0,-1.0,0.0,-1.0,0.33,1.0,5.0,1.0,COMPLETE
news-source-strategies,RQ3,E3-reach-mitigation,informational_reach0_0_wom1,1020,INFORMATIONAL_CAMOUFLAGE,TRADITIONAL_MEDIA,FAKE_NEWS_SOURCE,1.0,-1.0,0.0,-1.0,0.33,1.0,5.0,1.0,COMPLETE
news-source-strategies,RQ3,E3-reach-mitigation,informational_reach0_0_wom1,1021,INFORMATIONAL_CAMOUFLAGE,TRADITIONAL_MEDIA,FAKE_NEWS_SOURCE,1.0,-1.0,0.0,-1.0,0.33,1.0,5.0,1.0,COMPLETE
news-source-strategies,RQ3,E3-reach-mitigation,informational_reach0_0_wom1,1022,INFORMATIONAL_CAMOUFLAGE,TRADITIONAL_MEDIA,FAKE_NEWS_SOURCE,1.0,-1.0,0.0,-1.0,0.33,1.0,5.0,1.0,COMPLETE
news-source-strategies,RQ3,E3-reach-mitigation,informational_reach0_0_wom1,1023,INFORMATIONAL_CAMOUFLAGE,TRADITIONAL_MEDIA,FAKE_NEWS_SOURCE,1.0,-1.0,0.0,-1.0,0.33,1.0,5.0,1.0,COMPLETE
news-source-strategies,RQ3,E3-reach-mitigation,informational_reach0_0_wom1,1024,INFORMATIONAL_CAMOUFLAGE,TRADITIONAL_MEDIA,FAKE_NEWS_SOURCE,1.0,-1.0,0.0,-1.0,0.33,1.0,5.0,1.0,COMPLETE
news-source-strategies,RQ3,E3-reach-mitigation,informational_reach0_0_wom1,1025,INFORMATIONAL_CAMOUFLAGE,TRADITIONAL_MEDIA,FAKE_NEWS_SOURCE,1.0,-1.0,0.0,-1.0,0.33,1.0,5.0,1.0,COMPLETE
news-source-strategies,RQ3,E3-reach-mitigation,informational_reach0_0_wom1,1026,INFORMATIONAL_CAMOUFLAGE,TRADITIONAL_MEDIA,FAKE_NEWS_SOURCE,1.0,-1.0,0.0,-1.0,0.33,1.0,5.0,1.0,COMPLETE
news-source-strategies,RQ3,E3-reach-mitigation,informational_reach0_0_wom1,1027,INFORMATIONAL_CAMOUFLAGE,TRADITIONAL_MEDIA,FAKE_NEWS_SOURCE,1.0,-1.0,0.0,-1.0,0.33,1.0,5.0,1.0,COMPLETE
news-source-strategies,RQ3,E3-reach-mitigation,informational_reach0_0_wom1,1028,INFORMATIONAL_CAMOUFLAGE,TRADITIONAL_MEDIA,FAKE_NEWS_SOURCE,1.0,-1.0,0.0,-1.0,0.33,1.0,5.0,1.0,COMPLETE
news-source-strategies,RQ3,E3-reach-mitigation,informational_reach0_0_wom1,1029,INFORMATIONAL_CAMOUFLAGE,TRADITIONAL_MEDIA,FAKE_NEWS_SOURCE,1.0,-1.0,0.0,-1.0,0.33,1.0,5.0,1.0,COMPLETE
news-source-strategies,RQ3,E3-reach-mitigation,informational_reach0_0_wom1,1030,INFORMATIONAL_CAMOUFLAGE,TRADITIONAL_MEDIA,FAKE_NEWS_SOURCE,1.0,-1.0,0.0,-1.0,0.33,1.0,5.0,1.0,COMPLETE
news-source-strategies,RQ4,E4-sensitivity-robustness,control_c3_window25,1001,NONE,,,,,,25.0,-1.0,1.0,3.0,1.0,COMPLETE
news-source-strategies,RQ4,E4-sensitivity-robustness,control_c3_window25,1002,NONE,,,,,,25.0,-1.0,1.0,3.0,1.0,COMPLETE
news-source-strategies,RQ4,E4-sensitivity-robustness,control_c3_window25,1003,NONE,,,,,,25.0,-1.0,1.0,3.0,1.0,COMPLETE
news-source-strategies,RQ4,E4-sensitivity-robustness,control_c3_window25,1004,NONE,,,,,,25.0,-1.0,1.0,3.0,1.0,COMPLETE
news-source-strategies,RQ4,E4-sensitivity-robustness,control_c3_window25,1005,NONE,,,,,,25.0,-1.0,1.0,3.0,1.0,COMPLETE
news-source-strategies,RQ4,E4-sensitivity-robustness,control_c3_window25,1006,NONE,,,,,,25.0,-1.0,1.0,3.0,1.0,COMPLETE
news-source-strategies,RQ4,E4-sensitivity-robustness,control_c3_window25,1007,NONE,,,,,,25.0,-1.0,1.0,3.0,1.0,COMPLETE
news-source-strategies,RQ4,E4-sensitivity-robustness,control_c3_window25,1008,NONE,,,,,,25.0,-1.0,1.0,3.0,1.0,COMPLETE
news-source-strategies,RQ4,E4-sensitivity-robustness,control_c3_window25,1009,NONE,,,,,,25.0,-1.0,1.0,3.0,1.0,COMPLETE
news-source-strategies,RQ4,E4-sensitivity-robustness,control_c3_window25,1010,NONE,,,,,,25.0,-1.0,1.0,3.0,1.0,COMPLETE
news-source-strategies,RQ4,E4-sensitivity-robustness,control_c3_window25,1011,NONE,,,,,,25.0,-1.0,1.0,3.0,1.0,COMPLETE
news-source-strategies,RQ4,E4-sensitivity-robustness,control_c3_window25,1012,NONE,,,,,,25.0,-1.0,1.0,3.0,1.0,COMPLETE
news-source-strategies,RQ4,E4-sensitivity-robustness,control_c3_window25,1013,NONE,,,,,,25.0,-1.0,1.0,3.0,1.0,COMPLETE
news-source-strategies,RQ4,E4-sensitivity-robustness,control_c3_window25,1014,NONE,,,,,,25.0,-1.0,1.0,3.0,1.0,COMPLETE
news-source-strategies,RQ4,E4-sensitivity-robustness,control_c3_window25,1015,NONE,,,,,,25.0,-1.0,1.0,3.0,1.0,COMPLETE
news-source-strategies,RQ4,E4-sensitivity-robustness,credibility_c3_window25,1001,CREDIBILITY_CAMOUFLAGE,TRADITIONAL_MEDIA,FAKE_NEWS_SOURCE,1.0,-1.0,,25.0,-1.0,1.0,3.0,1.0,COMPLETE
news-source-strategies,RQ4,E4-sensitivity-robustness,credibility_c3_window25,1002,CREDIBILITY_CAMOUFLAGE,TRADITIONAL_MEDIA,FAKE_NEWS_SOURCE,1.0,-1.0,,25.0,-1.0,1.0,3.0,1.0,COMPLETE
news-source-strategies,RQ4,E4-sensitivity-robustness,credibility_c3_window25,1003,CREDIBILITY_CAMOUFLAGE,TRADITIONAL_MEDIA,FAKE_NEWS_SOURCE,1.0,-1.0,,25.0,-1.0,1.0,3.0,1.0,COMPLETE
news-source-strategies,RQ4,E4-sensitivity-robustness,credibility_c3_window25,1004,CREDIBILITY_CAMOUFLAGE,TRADITIONAL_MEDIA,FAKE_NEWS_SOURCE,1.0,-1.0,,25.0,-1.0,1.0,3.0,1.0,COMPLETE
news-source-strategies,RQ4,E4-sensitivity-robustness,credibility_c3_window25,1005,CREDIBILITY_CAMOUFLAGE,TRADITIONAL_MEDIA,FAKE_NEWS_SOURCE,1.0,-1.0,,25.0,-1.0,1.0,3.0,1.0,COMPLETE
news-source-strategies,RQ4,E4-sensitivity-robustness,credibility_c3_window25,1006,CREDIBILITY_CAMOUFLAGE,TRADITIONAL_MEDIA,FAKE_NEWS_SOURCE,1.0,-1.0,,25.0,-1.0,1.0,3.0,1.0,COMPLETE
news-source-strategies,RQ4,E4-sensitivity-robustness,credibility_c3_window25,1007,CREDIBILITY_CAMOUFLAGE,TRADITIONAL_MEDIA,FAKE_NEWS_SOURCE,1.0,-1.0,,25.0,-1.0,1.0,3.0,1.0,COMPLETE
news-source-strategies,RQ4,E4-sensitivity-robustness,credibility_c3_window25,1008,CREDIBILITY_CAMOUFLAGE,TRADITIONAL_MEDIA,FAKE_NEWS_SOURCE,1.0,-1.0,,25.0,-1.0,1.0,3.0,1.0,COMPLETE
news-source-strategies,RQ4,E4-sensitivity-robustness,credibility_c3_window25,1009,CREDIBILITY_CAMOUFLAGE,TRADITIONAL_MEDIA,FAKE_NEWS_SOURCE,1.0,-1.0,,25.0,-1.0,1.0,3.0,1.0,COMPLETE
news-source-strategies,RQ4,E4-sensitivity-robustness,credibility_c3_window25,1010,CREDIBILITY_CAMOUFLAGE,TRADITIONAL_MEDIA,FAKE_NEWS_SOURCE,1.0,-1.0,,25.0,-1.0,1.0,3.0,1.0,COMPLETE
news-source-strategies,RQ4,E4-sensitivity-robustness,credibility_c3_window25,1011,CREDIBILITY_CAMOUFLAGE,TRADITIONAL_MEDIA,FAKE_NEWS_SOURCE,1.0,-1.0,,25.0,-1.0,1.0,3.0,1.0,COMPLETE
news-source-strategies,RQ4,E4-sensitivity-robustness,credibility_c3_window25,1012,CREDIBILITY_CAMOUFLAGE,TRADITIONAL_MEDIA,FAKE_NEWS_SOURCE,1.0,-1.0,,25.0,-1.0,1.0,3.0,1.0,COMPLETE
news-source-strategies,RQ4,E4-sensitivity-robustness,credibility_c3_window25,1013,CREDIBILITY_CAMOUFLAGE,TRADITIONAL_MEDIA,FAKE_NEWS_SOURCE,1.0,-1.0,,25.0,-1.0,1.0,3.0,1.0,COMPLETE
news-source-strategies,RQ4,E4-sensitivity-robustness,credibility_c3_window25,1014,CREDIBILITY_CAMOUFLAGE,TRADITIONAL_MEDIA,FAKE_NEWS_SOURCE,1.0,-1.0,,25.0,-1.0,1.0,3.0,1.0,COMPLETE
news-source-strategies,RQ4,E4-sensitivity-robustness,credibility_c3_window25,1015,CREDIBILITY_CAMOUFLAGE,TRADITIONAL_MEDIA,FAKE_NEWS_SOURCE,1.0,-1.0,,25.0,-1.0,1.0,3.0,1.0,COMPLETE
news-source-strategies,RQ4,E4-sensitivity-robustness,control_c3_half0_33,1001,NONE,,,,,,-1.0,0.33,1.0,3.0,1.0,COMPLETE
news-source-strategies,RQ4,E4-sensitivity-robustness,control_c3_half0_33,1002,NONE,,,,,,-1.0,0.33,1.0,3.0,1.0,COMPLETE
news-source-strategies,RQ4,E4-sensitivity-robustness,control_c3_half0_33,1003,NONE,,,,,,-1.0,0.33,1.0,3.0,1.0,COMPLETE
news-source-strategies,RQ4,E4-sensitivity-robustness,control_c3_half0_33,1004,NONE,,,,,,-1.0,0.33,1.0,3.0,1.0,COMPLETE
news-source-strategies,RQ4,E4-sensitivity-robustness,control_c3_half0_33,1005,NONE,,,,,,-1.0,0.33,1.0,3.0,1.0,COMPLETE
news-source-strategies,RQ4,E4-sensitivity-robustness,control_c3_half0_33,1006,NONE,,,,,,-1.0,0.33,1.0,3.0,1.0,COMPLETE
news-source-strategies,RQ4,E4-sensitivity-robustness,control_c3_half0_33,1007,NONE,,,,,,-1.0,0.33,1.0,3.0,1.0,COMPLETE
news-source-strategies,RQ4,E4-sensitivity-robustness,control_c3_half0_33,1008,NONE,,,,,,-1.0,0.33,1.0,3.0,1.0,COMPLETE
news-source-strategies,RQ4,E4-sensitivity-robustness,control_c3_half0_33,1009,NONE,,,,,,-1.0,0.33,1.0,3.0,1.0,COMPLETE
news-source-strategies,RQ4,E4-sensitivity-robustness,control_c3_half0_33,1010,NONE,,,,,,-1.0,0.33,1.0,3.0,1.0,COMPLETE
news-source-strategies,RQ4,E4-sensitivity-robustness,control_c3_half0_33,1011,NONE,,,,,,-1.0,0.33,1.0,3.0,1.0,COMPLETE
news-source-strategies,RQ4,E4-sensitivity-robustness,control_c3_half0_33,1012,NONE,,,,,,-1.0,0.33,1.0,3.0,1.0,COMPLETE
news-source-strategies,RQ4,E4-sensitivity-robustness,control_c3_half0_33,1013,NONE,,,,,,-1.0,0.33,1.0,3.0,1.0,COMPLETE
news-source-strategies,RQ4,E4-sensitivity-robustness,control_c3_half0_33,1014,NONE,,,,,,-1.0,0.33,1.0,3.0,1.0,COMPLETE
news-source-strategies,RQ4,E4-sensitivity-robustness,control_c3_half0_33,1015,NONE,,,,,,-1.0,0.33,1.0,3.0,1.0,COMPLETE
news-source-strategies,RQ4,E4-sensitivity-robustness,credibility_c3_half0_33,1001,CREDIBILITY_CAMOUFLAGE,TRADITIONAL_MEDIA,FAKE_NEWS_SOURCE,1.0,-1.0,,-1.0,0.33,1.0,3.0,1.0,COMPLETE
news-source-strategies,RQ4,E4-sensitivity-robustness,credibility_c3_half0_33,1002,CREDIBILITY_CAMOUFLAGE,TRADITIONAL_MEDIA,FAKE_NEWS_SOURCE,1.0,-1.0,,-1.0,0.33,1.0,3.0,1.0,COMPLETE
news-source-strategies,RQ4,E4-sensitivity-robustness,credibility_c3_half0_33,1003,CREDIBILITY_CAMOUFLAGE,TRADITIONAL_MEDIA,FAKE_NEWS_SOURCE,1.0,-1.0,,-1.0,0.33,1.0,3.0,1.0,COMPLETE
news-source-strategies,RQ4,E4-sensitivity-robustness,credibility_c3_half0_33,1004,CREDIBILITY_CAMOUFLAGE,TRADITIONAL_MEDIA,FAKE_NEWS_SOURCE,1.0,-1.0,,-1.0,0.33,1.0,3.0,1.0,COMPLETE
news-source-strategies,RQ4,E4-sensitivity-robustness,credibility_c3_half0_33,1005,CREDIBILITY_CAMOUFLAGE,TRADITIONAL_MEDIA,FAKE_NEWS_SOURCE,1.0,-1.0,,-1.0,0.33,1.0,3.0,1.0,COMPLETE
news-source-strategies,RQ4,E4-sensitivity-robustness,credibility_c3_half0_33,1006,CREDIBILITY_CAMOUFLAGE,TRADITIONAL_MEDIA,FAKE_NEWS_SOURCE,1.0,-1.0,,-1.0,0.33,1.0,3.0,1.0,COMPLETE
news-source-strategies,RQ4,E4-sensitivity-robustness,credibility_c3_half0_33,1007,CREDIBILITY_CAMOUFLAGE,TRADITIONAL_MEDIA,FAKE_NEWS_SOURCE,1.0,-1.0,,-1.0,0.33,1.0,3.0,1.0,COMPLETE
news-source-strategies,RQ4,E4-sensitivity-robustness,credibility_c3_half0_33,1008,CREDIBILITY_CAMOUFLAGE,TRADITIONAL_MEDIA,FAKE_NEWS_SOURCE,1.0,-1.0,,-1.0,0.33,1.0,3.0,1.0,COMPLETE
news-source-strategies,RQ4,E4-sensitivity-robustness,credibility_c3_half0_33,1009,CREDIBILITY_CAMOUFLAGE,TRADITIONAL_MEDIA,FAKE_NEWS_SOURCE,1.0,-1.0,,-1.0,0.33,1.0,3.0,1.0,COMPLETE
news-source-strategies,RQ4,E4-sensitivity-robustness,credibility_c3_half0_33,1010,CREDIBILITY_CAMOUFLAGE,TRADITIONAL_MEDIA,FAKE_NEWS_SOURCE,1.0,-1.0,,-1.0,0.33,1.0,3.0,1.0,COMPLETE
news-source-strategies,RQ4,E4-sensitivity-robustness,credibility_c3_half0_33,1011,CREDIBILITY_CAMOUFLAGE,TRADITIONAL_MEDIA,FAKE_NEWS_SOURCE,1.0,-1.0,,-1.0,0.33,1.0,3.0,1.0,COMPLETE
news-source-strategies,RQ4,E4-sensitivity-robustness,credibility_c3_half0_33,1012,CREDIBILITY_CAMOUFLAGE,TRADITIONAL_MEDIA,FAKE_NEWS_SOURCE,1.0,-1.0,,-1.0,0.33,1.0,3.0,1.0,COMPLETE
news-source-strategies,RQ4,E4-sensitivity-robustness,credibility_c3_half0_33,1013,CREDIBILITY_CAMOUFLAGE,TRADITIONAL_MEDIA,FAKE_NEWS_SOURCE,1.0,-1.0,,-1.0,0.33,1.0,3.0,1.0,COMPLETE
news-source-strategies,RQ4,E4-sensitivity-robustness,credibility_c3_half0_33,1014,CREDIBILITY_CAMOUFLAGE,TRADITIONAL_MEDIA,FAKE_NEWS_SOURCE,1.0,-1.0,,-1.0,0.33,1.0,3.0,1.0,COMPLETE
news-source-strategies,RQ4,E4-sensitivity-robustness,credibility_c3_half0_33,1015,CREDIBILITY_CAMOUFLAGE,TRADITIONAL_MEDIA,FAKE_NEWS_SOURCE,1.0,-1.0,,-1.0,0.33,1.0,3.0,1.0,COMPLETE
news-source-strategies,RQ4,E4-sensitivity-robustness,control_c3_half1,1001,NONE,,,,,,-1.0,1.0,1.0,3.0,1.0,COMPLETE
news-source-strategies,RQ4,E4-sensitivity-robustness,control_c3_half1,1002,NONE,,,,,,-1.0,1.0,1.0,3.0,1.0,COMPLETE
news-source-strategies,RQ4,E4-sensitivity-robustness,control_c3_half1,1003,NONE,,,,,,-1.0,1.0,1.0,3.0,1.0,COMPLETE
news-source-strategies,RQ4,E4-sensitivity-robustness,control_c3_half1,1004,NONE,,,,,,-1.0,1.0,1.0,3.0,1.0,COMPLETE
news-source-strategies,RQ4,E4-sensitivity-robustness,control_c3_half1,1005,NONE,,,,,,-1.0,1.0,1.0,3.0,1.0,COMPLETE
news-source-strategies,RQ4,E4-sensitivity-robustness,control_c3_half1,1006,NONE,,,,,,-1.0,1.0,1.0,3.0,1.0,COMPLETE
news-source-strategies,RQ4,E4-sensitivity-robustness,control_c3_half1,1007,NONE,,,,,,-1.0,1.0,1.0,3.0,1.0,COMPLETE
news-source-strategies,RQ4,E4-sensitivity-robustness,control_c3_half1,1008,NONE,,,,,,-1.0,1.0,1.0,3.0,1.0,COMPLETE
news-source-strategies,RQ4,E4-sensitivity-robustness,control_c3_half1,1009,NONE,,,,,,-1.0,1.0,1.0,3.0,1.0,COMPLETE
news-source-strategies,RQ4,E4-sensitivity-robustness,control_c3_half1,1010,NONE,,,,,,-1.0,1.0,1.0,3.0,1.0,COMPLETE
news-source-strategies,RQ4,E4-sensitivity-robustness,control_c3_half1,1011,NONE,,,,,,-1.0,1.0,1.0,3.0,1.0,COMPLETE
news-source-strategies,RQ4,E4-sensitivity-robustness,control_c3_half1,1012,NONE,,,,,,-1.0,1.0,1.0,3.0,1.0,COMPLETE
news-source-strategies,RQ4,E4-sensitivity-robustness,control_c3_half1,1013,NONE,,,,,,-1.0,1.0,1.0,3.0,1.0,COMPLETE
news-source-strategies,RQ4,E4-sensitivity-robustness,control_c3_half1,1014,NONE,,,,,,-1.0,1.0,1.0,3.0,1.0,COMPLETE
news-source-strategies,RQ4,E4-sensitivity-robustness,control_c3_half1,1015,NONE,,,,,,-1.0,1.0,1.0,3.0,1.0,COMPLETE
news-source-strategies,RQ4,E4-sensitivity-robustness,credibility_c3_half1,1001,CREDIBILITY_CAMOUFLAGE,TRADITIONAL_MEDIA,FAKE_NEWS_SOURCE,1.0,-1.0,,-1.0,1.0,1.0,3.0,1.0,COMPLETE
news-source-strategies,RQ4,E4-sensitivity-robustness,credibility_c3_half1,1002,CREDIBILITY_CAMOUFLAGE,TRADITIONAL_MEDIA,FAKE_NEWS_SOURCE,1.0,-1.0,,-1.0,1.0,1.0,3.0,1.0,COMPLETE
news-source-strategies,RQ4,E4-sensitivity-robustness,credibility_c3_half1,1003,CREDIBILITY_CAMOUFLAGE,TRADITIONAL_MEDIA,FAKE_NEWS_SOURCE,1.0,-1.0,,-1.0,1.0,1.0,3.0,1.0,COMPLETE
news-source-strategies,RQ4,E4-sensitivity-robustness,credibility_c3_half1,1004,CREDIBILITY_CAMOUFLAGE,TRADITIONAL_MEDIA,FAKE_NEWS_SOURCE,1.0,-1.0,,-1.0,1.0,1.0,3.0,1.0,COMPLETE
news-source-strategies,RQ4,E4-sensitivity-robustness,credibility_c3_half1,1005,CREDIBILITY_CAMOUFLAGE,TRADITIONAL_MEDIA,FAKE_NEWS_SOURCE,1.0,-1.0,,-1.0,1.0,1.0,3.0,1.0,COMPLETE
news-source-strategies,RQ4,E4-sensitivity-robustness,credibility_c3_half1,1006,CREDIBILITY_CAMOUFLAGE,TRADITIONAL_MEDIA,FAKE_NEWS_SOURCE,1.0,-1.0,,-1.0,1.0,1.0,3.0,1.0,COMPLETE
news-source-strategies,RQ4,E4-sensitivity-robustness,credibility_c3_half1,1007,CREDIBILITY_CAMOUFLAGE,TRADITIONAL_MEDIA,FAKE_NEWS_SOURCE,1.0,-1.0,,-1.0,1.0,1.0,3.0,1.0,COMPLETE
news-source-strategies,RQ4,E4-sensitivity-robustness,credibility_c3_half1,1008,CREDIBILITY_CAMOUFLAGE,TRADITIONAL_MEDIA,FAKE_NEWS_SOURCE,1.0,-1.0,,-1.0,1.0,1.0,3.0,1.0,COMPLETE
news-source-strategies,RQ4,E4-sensitivity-robustness,credibility_c3_half1,1009,CREDIBILITY_CAMOUFLAGE,TRADITIONAL_MEDIA,FAKE_NEWS_SOURCE,1.0,-1.0,,-1.0,1.0,1.0,3.0,1.0,COMPLETE
news-source-strategies,RQ4,E4-sensitivity-robustness,credibility_c3_half1,1010,CREDIBILITY_CAMOUFLAGE,TRADITIONAL_MEDIA,FAKE_NEWS_SOURCE,1.0,-1.0,,-1.0,1.0,1.0,3.0,1.0,COMPLETE
news-source-strategies,RQ4,E4-sensitivity-robustness,credibility_c3_half1,1011,CREDIBILITY_CAMOUFLAGE,TRADITIONAL_MEDIA,FAKE_NEWS_SOURCE,1.0,-1.0,,-1.0,1.0,1.0,3.0,1.0,COMPLETE
news-source-strategies,RQ4,E4-sensitivity-robustness,credibility_c3_half1,1012,CREDIBILITY_CAMOUFLAGE,TRADITIONAL_MEDIA,FAKE_NEWS_SOURCE,1.0,-1.0,,-1.0,1.0,1.0,3.0,1.0,COMPLETE
news-source-strategies,RQ4,E4-sensitivity-robustness,credibility_c3_half1,1013,CREDIBILITY_CAMOUFLAGE,TRADITIONAL_MEDIA,FAKE_NEWS_SOURCE,1.0,-1.0,,-1.0,1.0,1.0,3.0,1.0,COMPLETE
news-source-strategies,RQ4,E4-sensitivity-robustness,credibility_c3_half1,1014,CREDIBILITY_CAMOUFLAGE,TRADITIONAL_MEDIA,FAKE_NEWS_SOURCE,1.0,-1.0,,-1.0,1.0,1.0,3.0,1.0,COMPLETE
news-source-strategies,RQ4,E4-sensitivity-robustness,credibility_c3_half1,1015,CREDIBILITY_CAMOUFLAGE,TRADITIONAL_MEDIA,FAKE_NEWS_SOURCE,1.0,-1.0,,-1.0,1.0,1.0,3.0,1.0,COMPLETE
news-source-strategies,RQ4,E4-sensitivity-robustness,control_c3_half5,1001,NONE,,,,,,-1.0,5.0,1.0,3.0,1.0,COMPLETE
news-source-strategies,RQ4,E4-sensitivity-robustness,control_c3_half5,1002,NONE,,,,,,-1.0,5.0,1.0,3.0,1.0,COMPLETE
news-source-strategies,RQ4,E4-sensitivity-robustness,control_c3_half5,1003,NONE,,,,,,-1.0,5.0,1.0,3.0,1.0,COMPLETE
news-source-strategies,RQ4,E4-sensitivity-robustness,control_c3_half5,1004,NONE,,,,,,-1.0,5.0,1.0,3.0,1.0,COMPLETE
news-source-strategies,RQ4,E4-sensitivity-robustness,control_c3_half5,1005,NONE,,,,,,-1.0,5.0,1.0,3.0,1.0,COMPLETE
news-source-strategies,RQ4,E4-sensitivity-robustness,control_c3_half5,1006,NONE,,,,,,-1.0,5.0,1.0,3.0,1.0,COMPLETE
news-source-strategies,RQ4,E4-sensitivity-robustness,control_c3_half5,1007,NONE,,,,,,-1.0,5.0,1.0,3.0,1.0,COMPLETE
news-source-strategies,RQ4,E4-sensitivity-robustness,control_c3_half5,1008,NONE,,,,,,-1.0,5.0,1.0,3.0,1.0,COMPLETE
news-source-strategies,RQ4,E4-sensitivity-robustness,control_c3_half5,1009,NONE,,,,,,-1.0,5.0,1.0,3.0,1.0,COMPLETE
news-source-strategies,RQ4,E4-sensitivity-robustness,control_c3_half5,1010,NONE,,,,,,-1.0,5.0,1.0,3.0,1.0,COMPLETE
news-source-strategies,RQ4,E4-sensitivity-robustness,control_c3_half5,1011,NONE,,,,,,-1.0,5.0,1.0,3.0,1.0,COMPLETE
news-source-strategies,RQ4,E4-sensitivity-robustness,control_c3_half5,1012,NONE,,,,,,-1.0,5.0,1.0,3.0,1.0,COMPLETE
news-source-strategies,RQ4,E4-sensitivity-robustness,control_c3_half5,1013,NONE,,,,,,-1.0,5.0,1.0,3.0,1.0,COMPLETE
news-source-strategies,RQ4,E4-sensitivity-robustness,control_c3_half5,1014,NONE,,,,,,-1.0,5.0,1.0,3.0,1.0,COMPLETE
news-source-strategies,RQ4,E4-sensitivity-robustness,control_c3_half5,1015,NONE,,,,,,-1.0,5.0,1.0,3.0,1.0,COMPLETE
news-source-strategies,RQ4,E4-sensitivity-robustness,credibility_c3_half5,1001,CREDIBILITY_CAMOUFLAGE,TRADITIONAL_MEDIA,FAKE_NEWS_SOURCE,1.0,-1.0,,-1.0,5.0,1.0,3.0,1.0,COMPLETE
news-source-strategies,RQ4,E4-sensitivity-robustness,credibility_c3_half5,1002,CREDIBILITY_CAMOUFLAGE,TRADITIONAL_MEDIA,FAKE_NEWS_SOURCE,1.0,-1.0,,-1.0,5.0,1.0,3.0,1.0,COMPLETE
news-source-strategies,RQ4,E4-sensitivity-robustness,credibility_c3_half5,1003,CREDIBILITY_CAMOUFLAGE,TRADITIONAL_MEDIA,FAKE_NEWS_SOURCE,1.0,-1.0,,-1.0,5.0,1.0,3.0,1.0,COMPLETE
news-source-strategies,RQ4,E4-sensitivity-robustness,credibility_c3_half5,1004,CREDIBILITY_CAMOUFLAGE,TRADITIONAL_MEDIA,FAKE_NEWS_SOURCE,1.0,-1.0,,-1.0,5.0,1.0,3.0,1.0,COMPLETE
news-source-strategies,RQ4,E4-sensitivity-robustness,credibility_c3_half5,1005,CREDIBILITY_CAMOUFLAGE,TRADITIONAL_MEDIA,FAKE_NEWS_SOURCE,1.0,-1.0,,-1.0,5.0,1.0,3.0,1.0,COMPLETE
news-source-strategies,RQ4,E4-sensitivity-robustness,credibility_c3_half5,1006,CREDIBILITY_CAMOUFLAGE,TRADITIONAL_MEDIA,FAKE_NEWS_SOURCE,1.0,-1.0,,-1.0,5.0,1.0,3.0,1.0,COMPLETE
news-source-strategies,RQ4,E4-sensitivity-robustness,credibility_c3_half5,1007,CREDIBILITY_CAMOUFLAGE,TRADITIONAL_MEDIA,FAKE_NEWS_SOURCE,1.0,-1.0,,-1.0,5.0,1.0,3.0,1.0,COMPLETE
news-source-strategies,RQ4,E4-sensitivity-robustness,credibility_c3_half5,1008,CREDIBILITY_CAMOUFLAGE,TRADITIONAL_MEDIA,FAKE_NEWS_SOURCE,1.0,-1.0,,-1.0,5.0,1.0,3.0,1.0,COMPLETE
news-source-strategies,RQ4,E4-sensitivity-robustness,credibility_c3_half5,1009,CREDIBILITY_CAMOUFLAGE,TRADITIONAL_MEDIA,FAKE_NEWS_SOURCE,1.0,-1.0,,-1.0,5.0,1.0,3.0,1.0,COMPLETE
news-source-strategies,RQ4,E4-sensitivity-robustness,credibility_c3_half5,1010,CREDIBILITY_CAMOUFLAGE,TRADITIONAL_MEDIA,FAKE_NEWS_SOURCE,1.0,-1.0,,-1.0,5.0,1.0,3.0,1.0,COMPLETE
news-source-strategies,RQ4,E4-sensitivity-robustness,credibility_c3_half5,1011,CREDIBILITY_CAMOUFLAGE,TRADITIONAL_MEDIA,FAKE_NEWS_SOURCE,1.0,-1.0,,-1.0,5.0,1.0,3.0,1.0,COMPLETE
news-source-strategies,RQ4,E4-sensitivity-robustness,credibility_c3_half5,1012,CREDIBILITY_CAMOUFLAGE,TRADITIONAL_MEDIA,FAKE_NEWS_SOURCE,1.0,-1.0,,-1.0,5.0,1.0,3.0,1.0,COMPLETE
news-source-strategies,RQ4,E4-sensitivity-robustness,credibility_c3_half5,1013,CREDIBILITY_CAMOUFLAGE,TRADITIONAL_MEDIA,FAKE_NEWS_SOURCE,1.0,-1.0,,-1.0,5.0,1.0,3.0,1.0,COMPLETE
news-source-strategies,RQ4,E4-sensitivity-robustness,credibility_c3_half5,1014,CREDIBILITY_CAMOUFLAGE,TRADITIONAL_MEDIA,FAKE_NEWS_SOURCE,1.0,-1.0,,-1.0,5.0,1.0,3.0,1.0,COMPLETE
news-source-strategies,RQ4,E4-sensitivity-robustness,credibility_c3_half5,1015,CREDIBILITY_CAMOUFLAGE,TRADITIONAL_MEDIA,FAKE_NEWS_SOURCE,1.0,-1.0,,-1.0,5.0,1.0,3.0,1.0,COMPLETE
news-source-strategies,RQ4,E4-sensitivity-robustness,control_c5_window25,1001,NONE,,,,,,25.0,-1.0,1.0,5.0,1.0,COMPLETE
news-source-strategies,RQ4,E4-sensitivity-robustness,control_c5_window25,1002,NONE,,,,,,25.0,-1.0,1.0,5.0,1.0,COMPLETE
news-source-strategies,RQ4,E4-sensitivity-robustness,control_c5_window25,1003,NONE,,,,,,25.0,-1.0,1.0,5.0,1.0,COMPLETE
news-source-strategies,RQ4,E4-sensitivity-robustness,control_c5_window25,1004,NONE,,,,,,25.0,-1.0,1.0,5.0,1.0,COMPLETE
news-source-strategies,RQ4,E4-sensitivity-robustness,control_c5_window25,1005,NONE,,,,,,25.0,-1.0,1.0,5.0,1.0,COMPLETE
news-source-strategies,RQ4,E4-sensitivity-robustness,control_c5_window25,1006,NONE,,,,,,25.0,-1.0,1.0,5.0,1.0,COMPLETE
news-source-strategies,RQ4,E4-sensitivity-robustness,control_c5_window25,1007,NONE,,,,,,25.0,-1.0,1.0,5.0,1.0,COMPLETE
news-source-strategies,RQ4,E4-sensitivity-robustness,control_c5_window25,1008,NONE,,,,,,25.0,-1.0,1.0,5.0,1.0,COMPLETE
news-source-strategies,RQ4,E4-sensitivity-robustness,control_c5_window25,1009,NONE,,,,,,25.0,-1.0,1.0,5.0,1.0,COMPLETE
news-source-strategies,RQ4,E4-sensitivity-robustness,control_c5_window25,1010,NONE,,,,,,25.0,-1.0,1.0,5.0,1.0,COMPLETE
news-source-strategies,RQ4,E4-sensitivity-robustness,control_c5_window25,1011,NONE,,,,,,25.0,-1.0,1.0,5.0,1.0,COMPLETE
news-source-strategies,RQ4,E4-sensitivity-robustness,control_c5_window25,1012,NONE,,,,,,25.0,-1.0,1.0,5.0,1.0,COMPLETE
news-source-strategies,RQ4,E4-sensitivity-robustness,control_c5_window25,1013,NONE,,,,,,25.0,-1.0,1.0,5.0,1.0,COMPLETE
news-source-strategies,RQ4,E4-sensitivity-robustness,control_c5_window25,1014,NONE,,,,,,25.0,-1.0,1.0,5.0,1.0,COMPLETE
news-source-strategies,RQ4,E4-sensitivity-robustness,control_c5_window25,1015,NONE,,,,,,25.0,-1.0,1.0,5.0,1.0,COMPLETE
news-source-strategies,RQ4,E4-sensitivity-robustness,credibility_c5_window25,1001,CREDIBILITY_CAMOUFLAGE,TRADITIONAL_MEDIA,FAKE_NEWS_SOURCE,1.0,-1.0,,25.0,-1.0,1.0,5.0,1.0,COMPLETE
news-source-strategies,RQ4,E4-sensitivity-robustness,credibility_c5_window25,1002,CREDIBILITY_CAMOUFLAGE,TRADITIONAL_MEDIA,FAKE_NEWS_SOURCE,1.0,-1.0,,25.0,-1.0,1.0,5.0,1.0,COMPLETE
news-source-strategies,RQ4,E4-sensitivity-robustness,credibility_c5_window25,1003,CREDIBILITY_CAMOUFLAGE,TRADITIONAL_MEDIA,FAKE_NEWS_SOURCE,1.0,-1.0,,25.0,-1.0,1.0,5.0,1.0,COMPLETE
news-source-strategies,RQ4,E4-sensitivity-robustness,credibility_c5_window25,1004,CREDIBILITY_CAMOUFLAGE,TRADITIONAL_MEDIA,FAKE_NEWS_SOURCE,1.0,-1.0,,25.0,-1.0,1.0,5.0,1.0,COMPLETE
news-source-strategies,RQ4,E4-sensitivity-robustness,credibility_c5_window25,1005,CREDIBILITY_CAMOUFLAGE,TRADITIONAL_MEDIA,FAKE_NEWS_SOURCE,1.0,-1.0,,25.0,-1.0,1.0,5.0,1.0,COMPLETE
news-source-strategies,RQ4,E4-sensitivity-robustness,credibility_c5_window25,1006,CREDIBILITY_CAMOUFLAGE,TRADITIONAL_MEDIA,FAKE_NEWS_SOURCE,1.0,-1.0,,25.0,-1.0,1.0,5.0,1.0,COMPLETE
news-source-strategies,RQ4,E4-sensitivity-robustness,credibility_c5_window25,1007,CREDIBILITY_CAMOUFLAGE,TRADITIONAL_MEDIA,FAKE_NEWS_SOURCE,1.0,-1.0,,25.0,-1.0,1.0,5.0,1.0,COMPLETE
news-source-strategies,RQ4,E4-sensitivity-robustness,credibility_c5_window25,1008,CREDIBILITY_CAMOUFLAGE,TRADITIONAL_MEDIA,FAKE_NEWS_SOURCE,1.0,-1.0,,25.0,-1.0,1.0,5.0,1.0,COMPLETE
news-source-strategies,RQ4,E4-sensitivity-robustness,credibility_c5_window25,1009,CREDIBILITY_CAMOUFLAGE,TRADITIONAL_MEDIA,FAKE_NEWS_SOURCE,1.0,-1.0,,25.0,-1.0,1.0,5.0,1.0,COMPLETE
news-source-strategies,RQ4,E4-sensitivity-robustness,credibility_c5_window25,1010,CREDIBILITY_CAMOUFLAGE,TRADITIONAL_MEDIA,FAKE_NEWS_SOURCE,1.0,-1.0,,25.0,-1.0,1.0,5.0,1.0,COMPLETE
news-source-strategies,RQ4,E4-sensitivity-robustness,credibility_c5_window25,1011,CREDIBILITY_CAMOUFLAGE,TRADITIONAL_MEDIA,FAKE_NEWS_SOURCE,1.0,-1.0,,25.0,-1.0,1.0,5.0,1.0,COMPLETE
news-source-strategies,RQ4,E4-sensitivity-robustness,credibility_c5_window25,1012,CREDIBILITY_CAMOUFLAGE,TRADITIONAL_MEDIA,FAKE_NEWS_SOURCE,1.0,-1.0,,25.0,-1.0,1.0,5.0,1.0,COMPLETE
news-source-strategies,RQ4,E4-sensitivity-robustness,credibility_c5_window25,1013,CREDIBILITY_CAMOUFLAGE,TRADITIONAL_MEDIA,FAKE_NEWS_SOURCE,1.0,-1.0,,25.0,-1.0,1.0,5.0,1.0,COMPLETE
news-source-strategies,RQ4,E4-sensitivity-robustness,credibility_c5_window25,1014,CREDIBILITY_CAMOUFLAGE,TRADITIONAL_MEDIA,FAKE_NEWS_SOURCE,1.0,-1.0,,25.0,-1.0,1.0,5.0,1.0,COMPLETE
news-source-strategies,RQ4,E4-sensitivity-robustness,credibility_c5_window25,1015,CREDIBILITY_CAMOUFLAGE,TRADITIONAL_MEDIA,FAKE_NEWS_SOURCE,1.0,-1.0,,25.0,-1.0,1.0,5.0,1.0,COMPLETE
news-source-strategies,RQ4,E4-sensitivity-robustness,control_c5_half0_33,1001,NONE,,,,,,-1.0,0.33,1.0,5.0,1.0,COMPLETE
news-source-strategies,RQ4,E4-sensitivity-robustness,control_c5_half0_33,1002,NONE,,,,,,-1.0,0.33,1.0,5.0,1.0,COMPLETE
news-source-strategies,RQ4,E4-sensitivity-robustness,control_c5_half0_33,1003,NONE,,,,,,-1.0,0.33,1.0,5.0,1.0,COMPLETE
news-source-strategies,RQ4,E4-sensitivity-robustness,control_c5_half0_33,1004,NONE,,,,,,-1.0,0.33,1.0,5.0,1.0,COMPLETE
news-source-strategies,RQ4,E4-sensitivity-robustness,control_c5_half0_33,1005,NONE,,,,,,-1.0,0.33,1.0,5.0,1.0,COMPLETE
news-source-strategies,RQ4,E4-sensitivity-robustness,control_c5_half0_33,1006,NONE,,,,,,-1.0,0.33,1.0,5.0,1.0,COMPLETE
news-source-strategies,RQ4,E4-sensitivity-robustness,control_c5_half0_33,1007,NONE,,,,,,-1.0,0.33,1.0,5.0,1.0,COMPLETE
news-source-strategies,RQ4,E4-sensitivity-robustness,control_c5_half0_33,1008,NONE,,,,,,-1.0,0.33,1.0,5.0,1.0,COMPLETE
news-source-strategies,RQ4,E4-sensitivity-robustness,control_c5_half0_33,1009,NONE,,,,,,-1.0,0.33,1.0,5.0,1.0,COMPLETE
news-source-strategies,RQ4,E4-sensitivity-robustness,control_c5_half0_33,1010,NONE,,,,,,-1.0,0.33,1.0,5.0,1.0,COMPLETE
news-source-strategies,RQ4,E4-sensitivity-robustness,control_c5_half0_33,1011,NONE,,,,,,-1.0,0.33,1.0,5.0,1.0,COMPLETE
news-source-strategies,RQ4,E4-sensitivity-robustness,control_c5_half0_33,1012,NONE,,,,,,-1.0,0.33,1.0,5.0,1.0,COMPLETE
news-source-strategies,RQ4,E4-sensitivity-robustness,control_c5_half0_33,1013,NONE,,,,,,-1.0,0.33,1.0,5.0,1.0,COMPLETE
news-source-strategies,RQ4,E4-sensitivity-robustness,control_c5_half0_33,1014,NONE,,,,,,-1.0,0.33,1.0,5.0,1.0,COMPLETE
news-source-strategies,RQ4,E4-sensitivity-robustness,control_c5_half0_33,1015,NONE,,,,,,-1.0,0.33,1.0,5.0,1.0,COMPLETE
news-source-strategies,RQ4,E4-sensitivity-robustness,credibility_c5_half0_33,1001,CREDIBILITY_CAMOUFLAGE,TRADITIONAL_MEDIA,FAKE_NEWS_SOURCE,1.0,-1.0,,-1.0,0.33,1.0,5.0,1.0,COMPLETE
news-source-strategies,RQ4,E4-sensitivity-robustness,credibility_c5_half0_33,1002,CREDIBILITY_CAMOUFLAGE,TRADITIONAL_MEDIA,FAKE_NEWS_SOURCE,1.0,-1.0,,-1.0,0.33,1.0,5.0,1.0,COMPLETE
news-source-strategies,RQ4,E4-sensitivity-robustness,credibility_c5_half0_33,1003,CREDIBILITY_CAMOUFLAGE,TRADITIONAL_MEDIA,FAKE_NEWS_SOURCE,1.0,-1.0,,-1.0,0.33,1.0,5.0,1.0,COMPLETE
news-source-strategies,RQ4,E4-sensitivity-robustness,credibility_c5_half0_33,1004,CREDIBILITY_CAMOUFLAGE,TRADITIONAL_MEDIA,FAKE_NEWS_SOURCE,1.0,-1.0,,-1.0,0.33,1.0,5.0,1.0,COMPLETE
news-source-strategies,RQ4,E4-sensitivity-robustness,credibility_c5_half0_33,1005,CREDIBILITY_CAMOUFLAGE,TRADITIONAL_MEDIA,FAKE_NEWS_SOURCE,1.0,-1.0,,-1.0,0.33,1.0,5.0,1.0,COMPLETE
news-source-strategies,RQ4,E4-sensitivity-robustness,credibility_c5_half0_33,1006,CREDIBILITY_CAMOUFLAGE,TRADITIONAL_MEDIA,FAKE_NEWS_SOURCE,1.0,-1.0,,-1.0,0.33,1.0,5.0,1.0,COMPLETE
news-source-strategies,RQ4,E4-sensitivity-robustness,credibility_c5_half0_33,1007,CREDIBILITY_CAMOUFLAGE,TRADITIONAL_MEDIA,FAKE_NEWS_SOURCE,1.0,-1.0,,-1.0,0.33,1.0,5.0,1.0,COMPLETE
news-source-strategies,RQ4,E4-sensitivity-robustness,credibility_c5_half0_33,1008,CREDIBILITY_CAMOUFLAGE,TRADITIONAL_MEDIA,FAKE_NEWS_SOURCE,1.0,-1.0,,-1.0,0.33,1.0,5.0,1.0,COMPLETE
news-source-strategies,RQ4,E4-sensitivity-robustness,credibility_c5_half0_33,1009,CREDIBILITY_CAMOUFLAGE,TRADITIONAL_MEDIA,FAKE_NEWS_SOURCE,1.0,-1.0,,-1.0,0.33,1.0,5.0,1.0,COMPLETE
news-source-strategies,RQ4,E4-sensitivity-robustness,credibility_c5_half0_33,1010,CREDIBILITY_CAMOUFLAGE,TRADITIONAL_MEDIA,FAKE_NEWS_SOURCE,1.0,-1.0,,-1.0,0.33,1.0,5.0,1.0,COMPLETE
news-source-strategies,RQ4,E4-sensitivity-robustness,credibility_c5_half0_33,1011,CREDIBILITY_CAMOUFLAGE,TRADITIONAL_MEDIA,FAKE_NEWS_SOURCE,1.0,-1.0,,-1.0,0.33,1.0,5.0,1.0,COMPLETE
news-source-strategies,RQ4,E4-sensitivity-robustness,credibility_c5_half0_33,1012,CREDIBILITY_CAMOUFLAGE,TRADITIONAL_MEDIA,FAKE_NEWS_SOURCE,1.0,-1.0,,-1.0,0.33,1.0,5.0,1.0,COMPLETE
news-source-strategies,RQ4,E4-sensitivity-robustness,credibility_c5_half0_33,1013,CREDIBILITY_CAMOUFLAGE,TRADITIONAL_MEDIA,FAKE_NEWS_SOURCE,1.0,-1.0,,-1.0,0.33,1.0,5.0,1.0,COMPLETE
news-source-strategies,RQ4,E4-sensitivity-robustness,credibility_c5_half0_33,1014,CREDIBILITY_CAMOUFLAGE,TRADITIONAL_MEDIA,FAKE_NEWS_SOURCE,1.0,-1.0,,-1.0,0.33,1.0,5.0,1.0,COMPLETE
news-source-strategies,RQ4,E4-sensitivity-robustness,credibility_c5_half0_33,1015,CREDIBILITY_CAMOUFLAGE,TRADITIONAL_MEDIA,FAKE_NEWS_SOURCE,1.0,-1.0,,-1.0,0.33,1.0,5.0,1.0,COMPLETE
news-source-strategies,RQ4,E4-sensitivity-robustness,control_c5_half1,1001,NONE,,,,,,-1.0,1.0,1.0,5.0,1.0,COMPLETE
news-source-strategies,RQ4,E4-sensitivity-robustness,control_c5_half1,1002,NONE,,,,,,-1.0,1.0,1.0,5.0,1.0,COMPLETE
news-source-strategies,RQ4,E4-sensitivity-robustness,control_c5_half1,1003,NONE,,,,,,-1.0,1.0,1.0,5.0,1.0,COMPLETE
news-source-strategies,RQ4,E4-sensitivity-robustness,control_c5_half1,1004,NONE,,,,,,-1.0,1.0,1.0,5.0,1.0,COMPLETE
news-source-strategies,RQ4,E4-sensitivity-robustness,control_c5_half1,1005,NONE,,,,,,-1.0,1.0,1.0,5.0,1.0,COMPLETE
news-source-strategies,RQ4,E4-sensitivity-robustness,control_c5_half1,1006,NONE,,,,,,-1.0,1.0,1.0,5.0,1.0,COMPLETE
news-source-strategies,RQ4,E4-sensitivity-robustness,control_c5_half1,1007,NONE,,,,,,-1.0,1.0,1.0,5.0,1.0,COMPLETE
news-source-strategies,RQ4,E4-sensitivity-robustness,control_c5_half1,1008,NONE,,,,,,-1.0,1.0,1.0,5.0,1.0,COMPLETE
news-source-strategies,RQ4,E4-sensitivity-robustness,control_c5_half1,1009,NONE,,,,,,-1.0,1.0,1.0,5.0,1.0,COMPLETE
news-source-strategies,RQ4,E4-sensitivity-robustness,control_c5_half1,1010,NONE,,,,,,-1.0,1.0,1.0,5.0,1.0,COMPLETE
news-source-strategies,RQ4,E4-sensitivity-robustness,control_c5_half1,1011,NONE,,,,,,-1.0,1.0,1.0,5.0,1.0,COMPLETE
news-source-strategies,RQ4,E4-sensitivity-robustness,control_c5_half1,1012,NONE,,,,,,-1.0,1.0,1.0,5.0,1.0,COMPLETE
news-source-strategies,RQ4,E4-sensitivity-robustness,control_c5_half1,1013,NONE,,,,,,-1.0,1.0,1.0,5.0,1.0,COMPLETE
news-source-strategies,RQ4,E4-sensitivity-robustness,control_c5_half1,1014,NONE,,,,,,-1.0,1.0,1.0,5.0,1.0,COMPLETE
news-source-strategies,RQ4,E4-sensitivity-robustness,control_c5_half1,1015,NONE,,,,,,-1.0,1.0,1.0,5.0,1.0,COMPLETE
news-source-strategies,RQ4,E4-sensitivity-robustness,credibility_c5_half1,1001,CREDIBILITY_CAMOUFLAGE,TRADITIONAL_MEDIA,FAKE_NEWS_SOURCE,1.0,-1.0,,-1.0,1.0,1.0,5.0,1.0,COMPLETE
news-source-strategies,RQ4,E4-sensitivity-robustness,credibility_c5_half1,1002,CREDIBILITY_CAMOUFLAGE,TRADITIONAL_MEDIA,FAKE_NEWS_SOURCE,1.0,-1.0,,-1.0,1.0,1.0,5.0,1.0,COMPLETE
news-source-strategies,RQ4,E4-sensitivity-robustness,credibility_c5_half1,1003,CREDIBILITY_CAMOUFLAGE,TRADITIONAL_MEDIA,FAKE_NEWS_SOURCE,1.0,-1.0,,-1.0,1.0,1.0,5.0,1.0,COMPLETE
news-source-strategies,RQ4,E4-sensitivity-robustness,credibility_c5_half1,1004,CREDIBILITY_CAMOUFLAGE,TRADITIONAL_MEDIA,FAKE_NEWS_SOURCE,1.0,-1.0,,-1.0,1.0,1.0,5.0,1.0,COMPLETE
news-source-strategies,RQ4,E4-sensitivity-robustness,credibility_c5_half1,1005,CREDIBILITY_CAMOUFLAGE,TRADITIONAL_MEDIA,FAKE_NEWS_SOURCE,1.0,-1.0,,-1.0,1.0,1.0,5.0,1.0,COMPLETE
news-source-strategies,RQ4,E4-sensitivity-robustness,credibility_c5_half1,1006,CREDIBILITY_CAMOUFLAGE,TRADITIONAL_MEDIA,FAKE_NEWS_SOURCE,1.0,-1.0,,-1.0,1.0,1.0,5.0,1.0,COMPLETE
news-source-strategies,RQ4,E4-sensitivity-robustness,credibility_c5_half1,1007,CREDIBILITY_CAMOUFLAGE,TRADITIONAL_MEDIA,FAKE_NEWS_SOURCE,1.0,-1.0,,-1.0,1.0,1.0,5.0,1.0,COMPLETE
news-source-strategies,RQ4,E4-sensitivity-robustness,credibility_c5_half1,1008,CREDIBILITY_CAMOUFLAGE,TRADITIONAL_MEDIA,FAKE_NEWS_SOURCE,1.0,-1.0,,-1.0,1.0,1.0,5.0,1.0,COMPLETE
news-source-strategies,RQ4,E4-sensitivity-robustness,credibility_c5_half1,1009,CREDIBILITY_CAMOUFLAGE,TRADITIONAL_MEDIA,FAKE_NEWS_SOURCE,1.0,-1.0,,-1.0,1.0,1.0,5.0,1.0,COMPLETE
news-source-strategies,RQ4,E4-sensitivity-robustness,credibility_c5_half1,1010,CREDIBILITY_CAMOUFLAGE,TRADITIONAL_MEDIA,FAKE_NEWS_SOURCE,1.0,-1.0,,-1.0,1.0,1.0,5.0,1.0,COMPLETE
news-source-strategies,RQ4,E4-sensitivity-robustness,credibility_c5_half1,1011,CREDIBILITY_CAMOUFLAGE,TRADITIONAL_MEDIA,FAKE_NEWS_SOURCE,1.0,-1.0,,-1.0,1.0,1.0,5.0,1.0,COMPLETE
news-source-strategies,RQ4,E4-sensitivity-robustness,credibility_c5_half1,1012,CREDIBILITY_CAMOUFLAGE,TRADITIONAL_MEDIA,FAKE_NEWS_SOURCE,1.0,-1.0,,-1.0,1.0,1.0,5.0,1.0,COMPLETE
news-source-strategies,RQ4,E4-sensitivity-robustness,credibility_c5_half1,1013,CREDIBILITY_CAMOUFLAGE,TRADITIONAL_MEDIA,FAKE_NEWS_SOURCE,1.0,-1.0,,-1.0,1.0,1.0,5.0,1.0,COMPLETE
news-source-strategies,RQ4,E4-sensitivity-robustness,credibility_c5_half1,1014,CREDIBILITY_CAMOUFLAGE,TRADITIONAL_MEDIA,FAKE_NEWS_SOURCE,1.0,-1.0,,-1.0,1.0,1.0,5.0,1.0,COMPLETE
news-source-strategies,RQ4,E4-sensitivity-robustness,credibility_c5_half1,1015,CREDIBILITY_CAMOUFLAGE,TRADITIONAL_MEDIA,FAKE_NEWS_SOURCE,1.0,-1.0,,-1.0,1.0,1.0,5.0,1.0,COMPLETE
news-source-strategies,RQ4,E4-sensitivity-robustness,control_c5_half5,1001,NONE,,,,,,-1.0,5.0,1.0,5.0,1.0,COMPLETE
news-source-strategies,RQ4,E4-sensitivity-robustness,control_c5_half5,1002,NONE,,,,,,-1.0,5.0,1.0,5.0,1.0,COMPLETE
news-source-strategies,RQ4,E4-sensitivity-robustness,control_c5_half5,1003,NONE,,,,,,-1.0,5.0,1.0,5.0,1.0,COMPLETE
news-source-strategies,RQ4,E4-sensitivity-robustness,control_c5_half5,1004,NONE,,,,,,-1.0,5.0,1.0,5.0,1.0,COMPLETE
news-source-strategies,RQ4,E4-sensitivity-robustness,control_c5_half5,1005,NONE,,,,,,-1.0,5.0,1.0,5.0,1.0,COMPLETE
news-source-strategies,RQ4,E4-sensitivity-robustness,control_c5_half5,1006,NONE,,,,,,-1.0,5.0,1.0,5.0,1.0,COMPLETE
news-source-strategies,RQ4,E4-sensitivity-robustness,control_c5_half5,1007,NONE,,,,,,-1.0,5.0,1.0,5.0,1.0,COMPLETE
news-source-strategies,RQ4,E4-sensitivity-robustness,control_c5_half5,1008,NONE,,,,,,-1.0,5.0,1.0,5.0,1.0,COMPLETE
news-source-strategies,RQ4,E4-sensitivity-robustness,control_c5_half5,1009,NONE,,,,,,-1.0,5.0,1.0,5.0,1.0,COMPLETE
news-source-strategies,RQ4,E4-sensitivity-robustness,control_c5_half5,1010,NONE,,,,,,-1.0,5.0,1.0,5.0,1.0,COMPLETE
news-source-strategies,RQ4,E4-sensitivity-robustness,control_c5_half5,1011,NONE,,,,,,-1.0,5.0,1.0,5.0,1.0,COMPLETE
news-source-strategies,RQ4,E4-sensitivity-robustness,control_c5_half5,1012,NONE,,,,,,-1.0,5.0,1.0,5.0,1.0,COMPLETE
news-source-strategies,RQ4,E4-sensitivity-robustness,control_c5_half5,1013,NONE,,,,,,-1.0,5.0,1.0,5.0,1.0,COMPLETE
news-source-strategies,RQ4,E4-sensitivity-robustness,control_c5_half5,1014,NONE,,,,,,-1.0,5.0,1.0,5.0,1.0,COMPLETE
news-source-strategies,RQ4,E4-sensitivity-robustness,control_c5_half5,1015,NONE,,,,,,-1.0,5.0,1.0,5.0,1.0,COMPLETE
news-source-strategies,RQ4,E4-sensitivity-robustness,credibility_c5_half5,1001,CREDIBILITY_CAMOUFLAGE,TRADITIONAL_MEDIA,FAKE_NEWS_SOURCE,1.0,-1.0,,-1.0,5.0,1.0,5.0,1.0,COMPLETE
news-source-strategies,RQ4,E4-sensitivity-robustness,credibility_c5_half5,1002,CREDIBILITY_CAMOUFLAGE,TRADITIONAL_MEDIA,FAKE_NEWS_SOURCE,1.0,-1.0,,-1.0,5.0,1.0,5.0,1.0,COMPLETE
news-source-strategies,RQ4,E4-sensitivity-robustness,credibility_c5_half5,1003,CREDIBILITY_CAMOUFLAGE,TRADITIONAL_MEDIA,FAKE_NEWS_SOURCE,1.0,-1.0,,-1.0,5.0,1.0,5.0,1.0,COMPLETE
news-source-strategies,RQ4,E4-sensitivity-robustness,credibility_c5_half5,1004,CREDIBILITY_CAMOUFLAGE,TRADITIONAL_MEDIA,FAKE_NEWS_SOURCE,1.0,-1.0,,-1.0,5.0,1.0,5.0,1.0,COMPLETE
news-source-strategies,RQ4,E4-sensitivity-robustness,credibility_c5_half5,1005,CREDIBILITY_CAMOUFLAGE,TRADITIONAL_MEDIA,FAKE_NEWS_SOURCE,1.0,-1.0,,-1.0,5.0,1.0,5.0,1.0,COMPLETE
news-source-strategies,RQ4,E4-sensitivity-robustness,credibility_c5_half5,1006,CREDIBILITY_CAMOUFLAGE,TRADITIONAL_MEDIA,FAKE_NEWS_SOURCE,1.0,-1.0,,-1.0,5.0,1.0,5.0,1.0,COMPLETE
news-source-strategies,RQ4,E4-sensitivity-robustness,credibility_c5_half5,1007,CREDIBILITY_CAMOUFLAGE,TRADITIONAL_MEDIA,FAKE_NEWS_SOURCE,1.0,-1.0,,-1.0,5.0,1.0,5.0,1.0,COMPLETE
news-source-strategies,RQ4,E4-sensitivity-robustness,credibility_c5_half5,1008,CREDIBILITY_CAMOUFLAGE,TRADITIONAL_MEDIA,FAKE_NEWS_SOURCE,1.0,-1.0,,-1.0,5.0,1.0,5.0,1.0,COMPLETE
news-source-strategies,RQ4,E4-sensitivity-robustness,credibility_c5_half5,1009,CREDIBILITY_CAMOUFLAGE,TRADITIONAL_MEDIA,FAKE_NEWS_SOURCE,1.0,-1.0,,-1.0,5.0,1.0,5.0,1.0,COMPLETE
news-source-strategies,RQ4,E4-sensitivity-robustness,credibility_c5_half5,1010,CREDIBILITY_CAMOUFLAGE,TRADITIONAL_MEDIA,FAKE_NEWS_SOURCE,1.0,-1.0,,-1.0,5.0,1.0,5.0,1.0,COMPLETE
news-source-strategies,RQ4,E4-sensitivity-robustness,credibility_c5_half5,1011,CREDIBILITY_CAMOUFLAGE,TRADITIONAL_MEDIA,FAKE_NEWS_SOURCE,1.0,-1.0,,-1.0,5.0,1.0,5.0,1.0,COMPLETE
news-source-strategies,RQ4,E4-sensitivity-robustness,credibility_c5_half5,1012,CREDIBILITY_CAMOUFLAGE,TRADITIONAL_MEDIA,FAKE_NEWS_SOURCE,1.0,-1.0,,-1.0,5.0,1.0,5.0,1.0,COMPLETE
news-source-strategies,RQ4,E4-sensitivity-robustness,credibility_c5_half5,1013,CREDIBILITY_CAMOUFLAGE,TRADITIONAL_MEDIA,FAKE_NEWS_SOURCE,1.0,-1.0,,-1.0,5.0,1.0,5.0,1.0,COMPLETE
news-source-strategies,RQ4,E4-sensitivity-robustness,credibility_c5_half5,1014,CREDIBILITY_CAMOUFLAGE,TRADITIONAL_MEDIA,FAKE_NEWS_SOURCE,1.0,-1.0,,-1.0,5.0,1.0,5.0,1.0,COMPLETE
news-source-strategies,RQ4,E4-sensitivity-robustness,credibility_c5_half5,1015,CREDIBILITY_CAMOUFLAGE,TRADITIONAL_MEDIA,FAKE_NEWS_SOURCE,1.0,-1.0,,-1.0,5.0,1.0,5.0,1.0,COMPLETE
news-source-strategies,RQ4,E4-sensitivity-robustness,control_c10_window25,1001,NONE,,,,,,25.0,-1.0,1.0,10.0,1.0,COMPLETE
news-source-strategies,RQ4,E4-sensitivity-robustness,control_c10_window25,1002,NONE,,,,,,25.0,-1.0,1.0,10.0,1.0,COMPLETE
news-source-strategies,RQ4,E4-sensitivity-robustness,control_c10_window25,1003,NONE,,,,,,25.0,-1.0,1.0,10.0,1.0,COMPLETE
news-source-strategies,RQ4,E4-sensitivity-robustness,control_c10_window25,1004,NONE,,,,,,25.0,-1.0,1.0,10.0,1.0,COMPLETE
news-source-strategies,RQ4,E4-sensitivity-robustness,control_c10_window25,1005,NONE,,,,,,25.0,-1.0,1.0,10.0,1.0,COMPLETE
news-source-strategies,RQ4,E4-sensitivity-robustness,control_c10_window25,1006,NONE,,,,,,25.0,-1.0,1.0,10.0,1.0,COMPLETE
news-source-strategies,RQ4,E4-sensitivity-robustness,control_c10_window25,1007,NONE,,,,,,25.0,-1.0,1.0,10.0,1.0,COMPLETE
news-source-strategies,RQ4,E4-sensitivity-robustness,control_c10_window25,1008,NONE,,,,,,25.0,-1.0,1.0,10.0,1.0,COMPLETE
news-source-strategies,RQ4,E4-sensitivity-robustness,control_c10_window25,1009,NONE,,,,,,25.0,-1.0,1.0,10.0,1.0,COMPLETE
news-source-strategies,RQ4,E4-sensitivity-robustness,control_c10_window25,1010,NONE,,,,,,25.0,-1.0,1.0,10.0,1.0,COMPLETE
news-source-strategies,RQ4,E4-sensitivity-robustness,control_c10_window25,1011,NONE,,,,,,25.0,-1.0,1.0,10.0,1.0,COMPLETE
news-source-strategies,RQ4,E4-sensitivity-robustness,control_c10_window25,1012,NONE,,,,,,25.0,-1.0,1.0,10.0,1.0,COMPLETE
news-source-strategies,RQ4,E4-sensitivity-robustness,control_c10_window25,1013,NONE,,,,,,25.0,-1.0,1.0,10.0,1.0,COMPLETE
news-source-strategies,RQ4,E4-sensitivity-robustness,control_c10_window25,1014,NONE,,,,,,25.0,-1.0,1.0,10.0,1.0,COMPLETE
news-source-strategies,RQ4,E4-sensitivity-robustness,control_c10_window25,1015,NONE,,,,,,25.0,-1.0,1.0,10.0,1.0,COMPLETE
news-source-strategies,RQ4,E4-sensitivity-robustness,credibility_c10_window25,1001,CREDIBILITY_CAMOUFLAGE,TRADITIONAL_MEDIA,FAKE_NEWS_SOURCE,1.0,-1.0,,25.0,-1.0,1.0,10.0,1.0,COMPLETE
news-source-strategies,RQ4,E4-sensitivity-robustness,credibility_c10_window25,1002,CREDIBILITY_CAMOUFLAGE,TRADITIONAL_MEDIA,FAKE_NEWS_SOURCE,1.0,-1.0,,25.0,-1.0,1.0,10.0,1.0,COMPLETE
news-source-strategies,RQ4,E4-sensitivity-robustness,credibility_c10_window25,1003,CREDIBILITY_CAMOUFLAGE,TRADITIONAL_MEDIA,FAKE_NEWS_SOURCE,1.0,-1.0,,25.0,-1.0,1.0,10.0,1.0,COMPLETE
news-source-strategies,RQ4,E4-sensitivity-robustness,credibility_c10_window25,1004,CREDIBILITY_CAMOUFLAGE,TRADITIONAL_MEDIA,FAKE_NEWS_SOURCE,1.0,-1.0,,25.0,-1.0,1.0,10.0,1.0,COMPLETE
news-source-strategies,RQ4,E4-sensitivity-robustness,credibility_c10_window25,1005,CREDIBILITY_CAMOUFLAGE,TRADITIONAL_MEDIA,FAKE_NEWS_SOURCE,1.0,-1.0,,25.0,-1.0,1.0,10.0,1.0,COMPLETE
news-source-strategies,RQ4,E4-sensitivity-robustness,credibility_c10_window25,1006,CREDIBILITY_CAMOUFLAGE,TRADITIONAL_MEDIA,FAKE_NEWS_SOURCE,1.0,-1.0,,25.0,-1.0,1.0,10.0,1.0,COMPLETE
news-source-strategies,RQ4,E4-sensitivity-robustness,credibility_c10_window25,1007,CREDIBILITY_CAMOUFLAGE,TRADITIONAL_MEDIA,FAKE_NEWS_SOURCE,1.0,-1.0,,25.0,-1.0,1.0,10.0,1.0,COMPLETE
news-source-strategies,RQ4,E4-sensitivity-robustness,credibility_c10_window25,1008,CREDIBILITY_CAMOUFLAGE,TRADITIONAL_MEDIA,FAKE_NEWS_SOURCE,1.0,-1.0,,25.0,-1.0,1.0,10.0,1.0,COMPLETE
news-source-strategies,RQ4,E4-sensitivity-robustness,credibility_c10_window25,1009,CREDIBILITY_CAMOUFLAGE,TRADITIONAL_MEDIA,FAKE_NEWS_SOURCE,1.0,-1.0,,25.0,-1.0,1.0,10.0,1.0,COMPLETE
news-source-strategies,RQ4,E4-sensitivity-robustness,credibility_c10_window25,1010,CREDIBILITY_CAMOUFLAGE,TRADITIONAL_MEDIA,FAKE_NEWS_SOURCE,1.0,-1.0,,25.0,-1.0,1.0,10.0,1.0,COMPLETE
news-source-strategies,RQ4,E4-sensitivity-robustness,credibility_c10_window25,1011,CREDIBILITY_CAMOUFLAGE,TRADITIONAL_MEDIA,FAKE_NEWS_SOURCE,1.0,-1.0,,25.0,-1.0,1.0,10.0,1.0,COMPLETE
news-source-strategies,RQ4,E4-sensitivity-robustness,credibility_c10_window25,1012,CREDIBILITY_CAMOUFLAGE,TRADITIONAL_MEDIA,FAKE_NEWS_SOURCE,1.0,-1.0,,25.0,-1.0,1.0,10.0,1.0,COMPLETE
news-source-strategies,RQ4,E4-sensitivity-robustness,credibility_c10_window25,1013,CREDIBILITY_CAMOUFLAGE,TRADITIONAL_MEDIA,FAKE_NEWS_SOURCE,1.0,-1.0,,25.0,-1.0,1.0,10.0,1.0,COMPLETE
news-source-strategies,RQ4,E4-sensitivity-robustness,credibility_c10_window25,1014,CREDIBILITY_CAMOUFLAGE,TRADITIONAL_MEDIA,FAKE_NEWS_SOURCE,1.0,-1.0,,25.0,-1.0,1.0,10.0,1.0,COMPLETE
news-source-strategies,RQ4,E4-sensitivity-robustness,credibility_c10_window25,1015,CREDIBILITY_CAMOUFLAGE,TRADITIONAL_MEDIA,FAKE_NEWS_SOURCE,1.0,-1.0,,25.0,-1.0,1.0,10.0,1.0,COMPLETE
news-source-strategies,RQ4,E4-sensitivity-robustness,control_c10_half0_33,1001,NONE,,,,,,-1.0,0.33,1.0,10.0,1.0,COMPLETE
news-source-strategies,RQ4,E4-sensitivity-robustness,control_c10_half0_33,1002,NONE,,,,,,-1.0,0.33,1.0,10.0,1.0,COMPLETE
news-source-strategies,RQ4,E4-sensitivity-robustness,control_c10_half0_33,1003,NONE,,,,,,-1.0,0.33,1.0,10.0,1.0,COMPLETE
news-source-strategies,RQ4,E4-sensitivity-robustness,control_c10_half0_33,1004,NONE,,,,,,-1.0,0.33,1.0,10.0,1.0,COMPLETE
news-source-strategies,RQ4,E4-sensitivity-robustness,control_c10_half0_33,1005,NONE,,,,,,-1.0,0.33,1.0,10.0,1.0,COMPLETE
news-source-strategies,RQ4,E4-sensitivity-robustness,control_c10_half0_33,1006,NONE,,,,,,-1.0,0.33,1.0,10.0,1.0,COMPLETE
news-source-strategies,RQ4,E4-sensitivity-robustness,control_c10_half0_33,1007,NONE,,,,,,-1.0,0.33,1.0,10.0,1.0,COMPLETE
news-source-strategies,RQ4,E4-sensitivity-robustness,control_c10_half0_33,1008,NONE,,,,,,-1.0,0.33,1.0,10.0,1.0,COMPLETE
news-source-strategies,RQ4,E4-sensitivity-robustness,control_c10_half0_33,1009,NONE,,,,,,-1.0,0.33,1.0,10.0,1.0,COMPLETE
news-source-strategies,RQ4,E4-sensitivity-robustness,control_c10_half0_33,1010,NONE,,,,,,-1.0,0.33,1.0,10.0,1.0,COMPLETE
news-source-strategies,RQ4,E4-sensitivity-robustness,control_c10_half0_33,1011,NONE,,,,,,-1.0,0.33,1.0,10.0,1.0,COMPLETE
news-source-strategies,RQ4,E4-sensitivity-robustness,control_c10_half0_33,1012,NONE,,,,,,-1.0,0.33,1.0,10.0,1.0,COMPLETE
news-source-strategies,RQ4,E4-sensitivity-robustness,control_c10_half0_33,1013,NONE,,,,,,-1.0,0.33,1.0,10.0,1.0,COMPLETE
news-source-strategies,RQ4,E4-sensitivity-robustness,control_c10_half0_33,1014,NONE,,,,,,-1.0,0.33,1.0,10.0,1.0,COMPLETE
news-source-strategies,RQ4,E4-sensitivity-robustness,control_c10_half0_33,1015,NONE,,,,,,-1.0,0.33,1.0,10.0,1.0,COMPLETE
news-source-strategies,RQ4,E4-sensitivity-robustness,credibility_c10_half0_33,1001,CREDIBILITY_CAMOUFLAGE,TRADITIONAL_MEDIA,FAKE_NEWS_SOURCE,1.0,-1.0,,-1.0,0.33,1.0,10.0,1.0,COMPLETE
news-source-strategies,RQ4,E4-sensitivity-robustness,credibility_c10_half0_33,1002,CREDIBILITY_CAMOUFLAGE,TRADITIONAL_MEDIA,FAKE_NEWS_SOURCE,1.0,-1.0,,-1.0,0.33,1.0,10.0,1.0,COMPLETE
news-source-strategies,RQ4,E4-sensitivity-robustness,credibility_c10_half0_33,1003,CREDIBILITY_CAMOUFLAGE,TRADITIONAL_MEDIA,FAKE_NEWS_SOURCE,1.0,-1.0,,-1.0,0.33,1.0,10.0,1.0,COMPLETE
news-source-strategies,RQ4,E4-sensitivity-robustness,credibility_c10_half0_33,1004,CREDIBILITY_CAMOUFLAGE,TRADITIONAL_MEDIA,FAKE_NEWS_SOURCE,1.0,-1.0,,-1.0,0.33,1.0,10.0,1.0,COMPLETE
news-source-strategies,RQ4,E4-sensitivity-robustness,credibility_c10_half0_33,1005,CREDIBILITY_CAMOUFLAGE,TRADITIONAL_MEDIA,FAKE_NEWS_SOURCE,1.0,-1.0,,-1.0,0.33,1.0,10.0,1.0,COMPLETE
news-source-strategies,RQ4,E4-sensitivity-robustness,credibility_c10_half0_33,1006,CREDIBILITY_CAMOUFLAGE,TRADITIONAL_MEDIA,FAKE_NEWS_SOURCE,1.0,-1.0,,-1.0,0.33,1.0,10.0,1.0,COMPLETE
news-source-strategies,RQ4,E4-sensitivity-robustness,credibility_c10_half0_33,1007,CREDIBILITY_CAMOUFLAGE,TRADITIONAL_MEDIA,FAKE_NEWS_SOURCE,1.0,-1.0,,-1.0,0.33,1.0,10.0,1.0,COMPLETE
news-source-strategies,RQ4,E4-sensitivity-robustness,credibility_c10_half0_33,1008,CREDIBILITY_CAMOUFLAGE,TRADITIONAL_MEDIA,FAKE_NEWS_SOURCE,1.0,-1.0,,-1.0,0.33,1.0,10.0,1.0,COMPLETE
news-source-strategies,RQ4,E4-sensitivity-robustness,credibility_c10_half0_33,1009,CREDIBILITY_CAMOUFLAGE,TRADITIONAL_MEDIA,FAKE_NEWS_SOURCE,1.0,-1.0,,-1.0,0.33,1.0,10.0,1.0,COMPLETE
news-source-strategies,RQ4,E4-sensitivity-robustness,credibility_c10_half0_33,1010,CREDIBILITY_CAMOUFLAGE,TRADITIONAL_MEDIA,FAKE_NEWS_SOURCE,1.0,-1.0,,-1.0,0.33,1.0,10.0,1.0,COMPLETE
news-source-strategies,RQ4,E4-sensitivity-robustness,credibility_c10_half0_33,1011,CREDIBILITY_CAMOUFLAGE,TRADITIONAL_MEDIA,FAKE_NEWS_SOURCE,1.0,-1.0,,-1.0,0.33,1.0,10.0,1.0,COMPLETE
news-source-strategies,RQ4,E4-sensitivity-robustness,credibility_c10_half0_33,1012,CREDIBILITY_CAMOUFLAGE,TRADITIONAL_MEDIA,FAKE_NEWS_SOURCE,1.0,-1.0,,-1.0,0.33,1.0,10.0,1.0,COMPLETE
news-source-strategies,RQ4,E4-sensitivity-robustness,credibility_c10_half0_33,1013,CREDIBILITY_CAMOUFLAGE,TRADITIONAL_MEDIA,FAKE_NEWS_SOURCE,1.0,-1.0,,-1.0,0.33,1.0,10.0,1.0,COMPLETE
news-source-strategies,RQ4,E4-sensitivity-robustness,credibility_c10_half0_33,1014,CREDIBILITY_CAMOUFLAGE,TRADITIONAL_MEDIA,FAKE_NEWS_SOURCE,1.0,-1.0,,-1.0,0.33,1.0,10.0,1.0,COMPLETE
news-source-strategies,RQ4,E4-sensitivity-robustness,credibility_c10_half0_33,1015,CREDIBILITY_CAMOUFLAGE,TRADITIONAL_MEDIA,FAKE_NEWS_SOURCE,1.0,-1.0,,-1.0,0.33,1.0,10.0,1.0,COMPLETE
news-source-strategies,RQ4,E4-sensitivity-robustness,control_c10_half1,1001,NONE,,,,,,-1.0,1.0,1.0,10.0,1.0,COMPLETE
news-source-strategies,RQ4,E4-sensitivity-robustness,control_c10_half1,1002,NONE,,,,,,-1.0,1.0,1.0,10.0,1.0,COMPLETE
news-source-strategies,RQ4,E4-sensitivity-robustness,control_c10_half1,1003,NONE,,,,,,-1.0,1.0,1.0,10.0,1.0,COMPLETE
news-source-strategies,RQ4,E4-sensitivity-robustness,control_c10_half1,1004,NONE,,,,,,-1.0,1.0,1.0,10.0,1.0,COMPLETE
news-source-strategies,RQ4,E4-sensitivity-robustness,control_c10_half1,1005,NONE,,,,,,-1.0,1.0,1.0,10.0,1.0,COMPLETE
news-source-strategies,RQ4,E4-sensitivity-robustness,control_c10_half1,1006,NONE,,,,,,-1.0,1.0,1.0,10.0,1.0,COMPLETE
news-source-strategies,RQ4,E4-sensitivity-robustness,control_c10_half1,1007,NONE,,,,,,-1.0,1.0,1.0,10.0,1.0,COMPLETE
news-source-strategies,RQ4,E4-sensitivity-robustness,control_c10_half1,1008,NONE,,,,,,-1.0,1.0,1.0,10.0,1.0,COMPLETE
news-source-strategies,RQ4,E4-sensitivity-robustness,control_c10_half1,1009,NONE,,,,,,-1.0,1.0,1.0,10.0,1.0,COMPLETE
news-source-strategies,RQ4,E4-sensitivity-robustness,control_c10_half1,1010,NONE,,,,,,-1.0,1.0,1.0,10.0,1.0,COMPLETE
news-source-strategies,RQ4,E4-sensitivity-robustness,control_c10_half1,1011,NONE,,,,,,-1.0,1.0,1.0,10.0,1.0,COMPLETE
news-source-strategies,RQ4,E4-sensitivity-robustness,control_c10_half1,1012,NONE,,,,,,-1.0,1.0,1.0,10.0,1.0,COMPLETE
news-source-strategies,RQ4,E4-sensitivity-robustness,control_c10_half1,1013,NONE,,,,,,-1.0,1.0,1.0,10.0,1.0,COMPLETE
news-source-strategies,RQ4,E4-sensitivity-robustness,control_c10_half1,1014,NONE,,,,,,-1.0,1.0,1.0,10.0,1.0,COMPLETE
news-source-strategies,RQ4,E4-sensitivity-robustness,control_c10_half1,1015,NONE,,,,,,-1.0,1.0,1.0,10.0,1.0,COMPLETE
news-source-strategies,RQ4,E4-sensitivity-robustness,credibility_c10_half1,1001,CREDIBILITY_CAMOUFLAGE,TRADITIONAL_MEDIA,FAKE_NEWS_SOURCE,1.0,-1.0,,-1.0,1.0,1.0,10.0,1.0,COMPLETE
news-source-strategies,RQ4,E4-sensitivity-robustness,credibility_c10_half1,1002,CREDIBILITY_CAMOUFLAGE,TRADITIONAL_MEDIA,FAKE_NEWS_SOURCE,1.0,-1.0,,-1.0,1.0,1.0,10.0,1.0,COMPLETE
news-source-strategies,RQ4,E4-sensitivity-robustness,credibility_c10_half1,1003,CREDIBILITY_CAMOUFLAGE,TRADITIONAL_MEDIA,FAKE_NEWS_SOURCE,1.0,-1.0,,-1.0,1.0,1.0,10.0,1.0,COMPLETE
news-source-strategies,RQ4,E4-sensitivity-robustness,credibility_c10_half1,1004,CREDIBILITY_CAMOUFLAGE,TRADITIONAL_MEDIA,FAKE_NEWS_SOURCE,1.0,-1.0,,-1.0,1.0,1.0,10.0,1.0,COMPLETE
news-source-strategies,RQ4,E4-sensitivity-robustness,credibility_c10_half1,1005,CREDIBILITY_CAMOUFLAGE,TRADITIONAL_MEDIA,FAKE_NEWS_SOURCE,1.0,-1.0,,-1.0,1.0,1.0,10.0,1.0,COMPLETE
news-source-strategies,RQ4,E4-sensitivity-robustness,credibility_c10_half1,1006,CREDIBILITY_CAMOUFLAGE,TRADITIONAL_MEDIA,FAKE_NEWS_SOURCE,1.0,-1.0,,-1.0,1.0,1.0,10.0,1.0,COMPLETE
news-source-strategies,RQ4,E4-sensitivity-robustness,credibility_c10_half1,1007,CREDIBILITY_CAMOUFLAGE,TRADITIONAL_MEDIA,FAKE_NEWS_SOURCE,1.0,-1.0,,-1.0,1.0,1.0,10.0,1.0,COMPLETE
news-source-strategies,RQ4,E4-sensitivity-robustness,credibility_c10_half1,1008,CREDIBILITY_CAMOUFLAGE,TRADITIONAL_MEDIA,FAKE_NEWS_SOURCE,1.0,-1.0,,-1.0,1.0,1.0,10.0,1.0,COMPLETE
news-source-strategies,RQ4,E4-sensitivity-robustness,credibility_c10_half1,1009,CREDIBILITY_CAMOUFLAGE,TRADITIONAL_MEDIA,FAKE_NEWS_SOURCE,1.0,-1.0,,-1.0,1.0,1.0,10.0,1.0,COMPLETE
news-source-strategies,RQ4,E4-sensitivity-robustness,credibility_c10_half1,1010,CREDIBILITY_CAMOUFLAGE,TRADITIONAL_MEDIA,FAKE_NEWS_SOURCE,1.0,-1.0,,-1.0,1.0,1.0,10.0,1.0,COMPLETE
news-source-strategies,RQ4,E4-sensitivity-robustness,credibility_c10_half1,1011,CREDIBILITY_CAMOUFLAGE,TRADITIONAL_MEDIA,FAKE_NEWS_SOURCE,1.0,-1.0,,-1.0,1.0,1.0,10.0,1.0,COMPLETE
news-source-strategies,RQ4,E4-sensitivity-robustness,credibility_c10_half1,1012,CREDIBILITY_CAMOUFLAGE,TRADITIONAL_MEDIA,FAKE_NEWS_SOURCE,1.0,-1.0,,-1.0,1.0,1.0,10.0,1.0,COMPLETE
news-source-strategies,RQ4,E4-sensitivity-robustness,credibility_c10_half1,1013,CREDIBILITY_CAMOUFLAGE,TRADITIONAL_MEDIA,FAKE_NEWS_SOURCE,1.0,-1.0,,-1.0,1.0,1.0,10.0,1.0,COMPLETE
news-source-strategies,RQ4,E4-sensitivity-robustness,credibility_c10_half1,1014,CREDIBILITY_CAMOUFLAGE,TRADITIONAL_MEDIA,FAKE_NEWS_SOURCE,1.0,-1.0,,-1.0,1.0,1.0,10.0,1.0,COMPLETE
news-source-strategies,RQ4,E4-sensitivity-robustness,credibility_c10_half1,1015,CREDIBILITY_CAMOUFLAGE,TRADITIONAL_MEDIA,FAKE_NEWS_SOURCE,1.0,-1.0,,-1.0,1.0,1.0,10.0,1.0,COMPLETE
news-source-strategies,RQ4,E4-sensitivity-robustness,control_c10_half5,1001,NONE,,,,,,-1.0,5.0,1.0,10.0,1.0,COMPLETE
news-source-strategies,RQ4,E4-sensitivity-robustness,control_c10_half5,1002,NONE,,,,,,-1.0,5.0,1.0,10.0,1.0,COMPLETE
news-source-strategies,RQ4,E4-sensitivity-robustness,control_c10_half5,1003,NONE,,,,,,-1.0,5.0,1.0,10.0,1.0,COMPLETE
news-source-strategies,RQ4,E4-sensitivity-robustness,control_c10_half5,1004,NONE,,,,,,-1.0,5.0,1.0,10.0,1.0,COMPLETE
news-source-strategies,RQ4,E4-sensitivity-robustness,control_c10_half5,1005,NONE,,,,,,-1.0,5.0,1.0,10.0,1.0,COMPLETE
news-source-strategies,RQ4,E4-sensitivity-robustness,control_c10_half5,1006,NONE,,,,,,-1.0,5.0,1.0,10.0,1.0,COMPLETE
news-source-strategies,RQ4,E4-sensitivity-robustness,control_c10_half5,1007,NONE,,,,,,-1.0,5.0,1.0,10.0,1.0,COMPLETE
news-source-strategies,RQ4,E4-sensitivity-robustness,control_c10_half5,1008,NONE,,,,,,-1.0,5.0,1.0,10.0,1.0,COMPLETE
news-source-strategies,RQ4,E4-sensitivity-robustness,control_c10_half5,1009,NONE,,,,,,-1.0,5.0,1.0,10.0,1.0,COMPLETE
news-source-strategies,RQ4,E4-sensitivity-robustness,control_c10_half5,1010,NONE,,,,,,-1.0,5.0,1.0,10.0,1.0,COMPLETE
news-source-strategies,RQ4,E4-sensitivity-robustness,control_c10_half5,1011,NONE,,,,,,-1.0,5.0,1.0,10.0,1.0,COMPLETE
news-source-strategies,RQ4,E4-sensitivity-robustness,control_c10_half5,1012,NONE,,,,,,-1.0,5.0,1.0,10.0,1.0,COMPLETE
news-source-strategies,RQ4,E4-sensitivity-robustness,control_c10_half5,1013,NONE,,,,,,-1.0,5.0,1.0,10.0,1.0,COMPLETE
news-source-strategies,RQ4,E4-sensitivity-robustness,control_c10_half5,1014,NONE,,,,,,-1.0,5.0,1.0,10.0,1.0,COMPLETE
news-source-strategies,RQ4,E4-sensitivity-robustness,control_c10_half5,1015,NONE,,,,,,-1.0,5.0,1.0,10.0,1.0,COMPLETE
news-source-strategies,RQ4,E4-sensitivity-robustness,credibility_c10_half5,1001,CREDIBILITY_CAMOUFLAGE,TRADITIONAL_MEDIA,FAKE_NEWS_SOURCE,1.0,-1.0,,-1.0,5.0,1.0,10.0,1.0,COMPLETE
news-source-strategies,RQ4,E4-sensitivity-robustness,credibility_c10_half5,1002,CREDIBILITY_CAMOUFLAGE,TRADITIONAL_MEDIA,FAKE_NEWS_SOURCE,1.0,-1.0,,-1.0,5.0,1.0,10.0,1.0,COMPLETE
news-source-strategies,RQ4,E4-sensitivity-robustness,credibility_c10_half5,1003,CREDIBILITY_CAMOUFLAGE,TRADITIONAL_MEDIA,FAKE_NEWS_SOURCE,1.0,-1.0,,-1.0,5.0,1.0,10.0,1.0,COMPLETE
news-source-strategies,RQ4,E4-sensitivity-robustness,credibility_c10_half5,1004,CREDIBILITY_CAMOUFLAGE,TRADITIONAL_MEDIA,FAKE_NEWS_SOURCE,1.0,-1.0,,-1.0,5.0,1.0,10.0,1.0,COMPLETE
news-source-strategies,RQ4,E4-sensitivity-robustness,credibility_c10_half5,1005,CREDIBILITY_CAMOUFLAGE,TRADITIONAL_MEDIA,FAKE_NEWS_SOURCE,1.0,-1.0,,-1.0,5.0,1.0,10.0,1.0,COMPLETE
news-source-strategies,RQ4,E4-sensitivity-robustness,credibility_c10_half5,1006,CREDIBILITY_CAMOUFLAGE,TRADITIONAL_MEDIA,FAKE_NEWS_SOURCE,1.0,-1.0,,-1.0,5.0,1.0,10.0,1.0,COMPLETE
news-source-strategies,RQ4,E4-sensitivity-robustness,credibility_c10_half5,1007,CREDIBILITY_CAMOUFLAGE,TRADITIONAL_MEDIA,FAKE_NEWS_SOURCE,1.0,-1.0,,-1.0,5.0,1.0,10.0,1.0,COMPLETE
news-source-strategies,RQ4,E4-sensitivity-robustness,credibility_c10_half5,1008,CREDIBILITY_CAMOUFLAGE,TRADITIONAL_MEDIA,FAKE_NEWS_SOURCE,1.0,-1.0,,-1.0,5.0,1.0,10.0,1.0,COMPLETE
news-source-strategies,RQ4,E4-sensitivity-robustness,credibility_c10_half5,1009,CREDIBILITY_CAMOUFLAGE,TRADITIONAL_MEDIA,FAKE_NEWS_SOURCE,1.0,-1.0,,-1.0,5.0,1.0,10.0,1.0,COMPLETE
news-source-strategies,RQ4,E4-sensitivity-robustness,credibility_c10_half5,1010,CREDIBILITY_CAMOUFLAGE,TRADITIONAL_MEDIA,FAKE_NEWS_SOURCE,1.0,-1.0,,-1.0,5.0,1.0,10.0,1.0,COMPLETE
news-source-strategies,RQ4,E4-sensitivity-robustness,credibility_c10_half5,1011,CREDIBILITY_CAMOUFLAGE,TRADITIONAL_MEDIA,FAKE_NEWS_SOURCE,1.0,-1.0,,-1.0,5.0,1.0,10.0,1.0,COMPLETE
news-source-strategies,RQ4,E4-sensitivity-robustness,credibility_c10_half5,1012,CREDIBILITY_CAMOUFLAGE,TRADITIONAL_MEDIA,FAKE_NEWS_SOURCE,1.0,-1.0,,-1.0,5.0,1.0,10.0,1.0,COMPLETE
news-source-strategies,RQ4,E4-sensitivity-robustness,credibility_c10_half5,1013,CREDIBILITY_CAMOUFLAGE,TRADITIONAL_MEDIA,FAKE_NEWS_SOURCE,1.0,-1.0,,-1.0,5.0,1.0,10.0,1.0,COMPLETE
news-source-strategies,RQ4,E4-sensitivity-robustness,credibility_c10_half5,1014,CREDIBILITY_CAMOUFLAGE,TRADITIONAL_MEDIA,FAKE_NEWS_SOURCE,1.0,-1.0,,-1.0,5.0,1.0,10.0,1.0,COMPLETE
news-source-strategies,RQ4,E4-sensitivity-robustness,credibility_c10_half5,1015,CREDIBILITY_CAMOUFLAGE,TRADITIONAL_MEDIA,FAKE_NEWS_SOURCE,1.0,-1.0,,-1.0,5.0,1.0,10.0,1.0,COMPLETE
